-7.943999999999999673e-02,-1.537199999999999955e-01,8.165940000000000420e-01,7.197430000000000216e-01,-5.193099999999999800e-02,1.284199999999999925e-02,-6.921770000000000422e-01,7.229199999999999515e-02,1.299780000000000102e-01,7.291000000000000258e-02,1.270060000000000078e-01,-3.131400000000000156e-02,-3.787000000000000088e-02,9.028799999999999326e-02,-4.130600000000000244e-02,-1.912409999999999943e-01,1.460930000000000006e-01,1.035299999999999936e-02,6.263299999999999423e-02,3.832800000000000096e-02,9.064400000000000235e-02,-2.121699999999999975e-02,1.547439999999999927e-01,5.541500000000000314e-01,-1.028850000000000042e-01,1.147731999999999974e+00,-3.772750000000000270e-01,7.573900000000000077e-02,2.394340000000000079e-01,1.336950000000000083e-01,-7.661289999999999489e-01,2.975979999999999737e-01,1.078284999999999938e+00,2.656870000000000065e-01,1.373119999999999896e-01,-1.142689999999999956e-01
-7.953699999999999659e-02,-1.535410000000000108e-01,8.167499999999999760e-01,7.194469999999999477e-01,-5.118999999999999939e-02,1.445300000000000057e-02,-6.925080000000000124e-01,6.963199999999999945e-02,1.318650000000000100e-01,7.400900000000000534e-02,1.242059999999999970e-01,-2.933300000000000143e-02,-3.857499999999999818e-02,8.818399999999999850e-02,-3.864900000000000280e-02,-1.903930000000000067e-01,1.410260000000000125e-01,1.372899999999999988e-02,6.211499999999999660e-02,3.393399999999999889e-02,9.342300000000000604e-02,-2.565900000000000125e-02,1.524260000000000059e-01,5.532730000000000148e-01,-1.019530000000000020e-01,1.162849999999999939e+00,-3.806999999999999829e-01,6.321300000000000530e-02,2.328500000000000014e-01,1.197880000000000056e-01,-7.677129999999999788e-01,3.109089999999999909e-01,1.098357000000000028e+00,2.718860000000000166e-01,1.259139999999999981e-01,-1.102569999999999939e-01
-7.956799999999999984e-02,-1.534679999999999933e-01,8.167180000000000550e-01,7.193610000000000282e-01,-5.098400000000000154e-02,1.469600000000000073e-02,-6.926069999999999727e-01,6.827700000000000435e-02,1.312899999999999900e-01,7.231100000000000028e-02,1.244500000000000051e-01,-2.769399999999999987e-02,-3.752500000000000280e-02,8.737899999999999834e-02,-3.984999999999999654e-02,-1.918070000000000053e-01,1.403810000000000058e-01,1.567299999999999943e-02,6.166800000000000059e-02,3.146800000000000291e-02,9.311099999999999932e-02,-2.571100000000000121e-02,1.523130000000000039e-01,5.533230000000000093e-01,-1.009349999999999969e-01,1.167216999999999949e+00,-3.806519999999999904e-01,5.965399999999999869e-02,2.301130000000000120e-01,1.152590000000000003e-01,-7.675389999999999713e-01,3.166450000000000098e-01,1.103110999999999953e+00,2.731540000000000079e-01,1.225490000000000052e-01,-1.084009999999999974e-01
-7.950400000000000522e-02,-1.534979999999999956e-01,8.167200000000000015e-01,7.193410000000000082e-01,-5.086399999999999949e-02,1.478400000000000027e-02,-6.926350000000000007e-01,6.796399999999999664e-02,1.311219999999999886e-01,7.224300000000000166e-02,1.245070000000000066e-01,-2.765400000000000150e-02,-3.749299999999999855e-02,8.719799999999999773e-02,-3.998899999999999677e-02,-1.918150000000000133e-01,1.402780000000000138e-01,1.561399999999999941e-02,6.160199999999999704e-02,2.986899999999999972e-02,9.269900000000000362e-02,-2.539599999999999844e-02,1.525469999999999882e-01,5.533700000000000285e-01,-1.006520000000000054e-01,1.168209000000000053e+00,-3.801109999999999767e-01,5.869300000000000211e-02,2.288020000000000054e-01,1.142920000000000047e-01,-7.671470000000000233e-01,3.188920000000000088e-01,1.102894000000000041e+00,2.731660000000000199e-01,1.215480000000000033e-01,-1.074029999999999985e-01
-7.943500000000000560e-02,-1.535719999999999863e-01,8.167159999999999975e-01,7.192939999999999889e-01,-5.079100000000000281e-02,1.482699999999999990e-02,-6.926879999999999704e-01,6.789900000000000102e-02,1.309700000000000031e-01,7.227000000000000091e-02,1.245480000000000059e-01,-2.771399999999999905e-02,-3.747000000000000330e-02,8.716599999999999349e-02,-4.012399999999999994e-02,-1.917349999999999888e-01,1.402789999999999870e-01,1.542699999999999974e-02,6.155100000000000154e-02,2.898900000000000088e-02,9.229099999999999804e-02,-2.497399999999999967e-02,1.527590000000000059e-01,5.534339999999999815e-01,-1.009030000000000066e-01,1.168231999999999937e+00,-3.795180000000000220e-01,5.850299999999999945e-02,2.279539999999999900e-01,1.149609999999999937e-01,-7.667899999999999716e-01,3.196769999999999889e-01,1.100977000000000094e+00,2.728229999999999822e-01,1.214159999999999962e-01,-1.067860000000000059e-01
-7.926700000000000412e-02,-1.535870000000000013e-01,8.167510000000000048e-01,7.195340000000000069e-01,-5.087699999999999861e-02,1.487699999999999960e-02,-6.924320000000000475e-01,6.788800000000000390e-02,1.307790000000000064e-01,7.211599999999999955e-02,1.244760000000000033e-01,-2.824000000000000121e-02,-3.757599999999999829e-02,8.712699999999999612e-02,-4.021999999999999881e-02,-1.923499999999999932e-01,1.404620000000000035e-01,1.619500000000000106e-02,6.170300000000000090e-02,2.882600000000000093e-02,9.245899999999999952e-02,-2.496400000000000008e-02,1.529550000000000076e-01,5.543460000000000054e-01,-9.984099999999999919e-02,1.167240000000000055e+00,-3.790810000000000013e-01,5.834000000000000297e-02,2.281370000000000064e-01,1.158330000000000054e-01,-7.676749999999999963e-01,3.191129999999999800e-01,1.100319999999999965e+00,2.721520000000000050e-01,1.215500000000000053e-01,-1.066060000000000063e-01
-7.911700000000000677e-02,-1.535960000000000103e-01,8.167569999999999553e-01,7.196270000000000167e-01,-5.086999999999999855e-02,1.487400000000000007e-02,-6.923359999999999514e-01,6.779499999999999416e-02,1.303439999999999876e-01,7.199300000000000144e-02,1.244750000000000023e-01,-2.879200000000000162e-02,-3.765600000000000197e-02,8.717999999999999361e-02,-4.046500000000000097e-02,-1.924869999999999914e-01,1.404350000000000043e-01,1.630799999999999958e-02,6.173000000000000015e-02,2.868800000000000169e-02,9.239799999999999403e-02,-2.490099999999999952e-02,1.531720000000000026e-01,5.553439999999999488e-01,-9.888800000000000368e-02,1.166050999999999949e+00,-3.785979999999999901e-01,5.829100000000000253e-02,2.284100000000000019e-01,1.167880000000000029e-01,-7.685670000000000002e-01,3.184089999999999976e-01,1.099771000000000054e+00,2.714529999999999998e-01,1.216700000000000004e-01,-1.062199999999999950e-01
-7.896599999999999453e-02,-1.536059999999999925e-01,8.167619999999999880e-01,7.197160000000000224e-01,-5.086199999999999749e-02,1.486600000000000074e-02,-6.922439999999999705e-01,6.771199999999999442e-02,1.299019999999999897e-01,7.188300000000000245e-02,1.244709999999999983e-01,-2.934200000000000003e-02,-3.773100000000000065e-02,8.721800000000000386e-02,-4.072200000000000125e-02,-1.926090000000000024e-01,1.404410000000000103e-01,1.640099999999999891e-02,6.175699999999999940e-02,2.858799999999999883e-02,9.231699999999999628e-02,-2.484099999999999850e-02,1.533899999999999986e-01,5.563590000000000479e-01,-9.796199999999999353e-02,1.164822999999999942e+00,-3.781129999999999769e-01,5.827899999999999747e-02,2.287069999999999936e-01,1.177799999999999958e-01,-7.694450000000000456e-01,3.176599999999999979e-01,1.099223000000000061e+00,2.707379999999999787e-01,1.217779999999999974e-01,-1.058069999999999983e-01
-7.904999999999999527e-02,-1.537890000000000090e-01,8.167529999999999513e-01,7.195549999999999446e-01,-5.082600000000000312e-02,1.500399999999999998e-02,-6.924099999999999699e-01,6.791300000000000114e-02,1.308560000000000001e-01,7.221199999999999841e-02,1.245139999999999997e-01,-2.833199999999999955e-02,-3.795699999999999769e-02,8.718900000000000261e-02,-4.027100000000000124e-02,-1.919800000000000118e-01,1.403719999999999968e-01,1.583999999999999991e-02,6.148800000000000099e-02,2.840000000000000163e-02,9.246500000000000552e-02,-2.476300000000000029e-02,1.536629999999999940e-01,5.571739999999999471e-01,-9.698800000000000476e-02,1.164319000000000104e+00,-3.782229999999999759e-01,5.821199999999999986e-02,2.292599999999999916e-01,1.185459999999999986e-01,-7.697969999999999535e-01,3.167429999999999968e-01,1.100235000000000074e+00,2.712609999999999744e-01,1.218140000000000056e-01,-1.061369999999999952e-01
-7.908900000000000652e-02,-1.539739999999999998e-01,8.167640000000000455e-01,7.194610000000000172e-01,-5.077000000000000263e-02,1.510099999999999984e-02,-6.925099999999999589e-01,6.806099999999999650e-02,1.312550000000000106e-01,7.244899999999999951e-02,1.244539999999999952e-01,-2.883099999999999899e-02,-3.842099999999999682e-02,8.717099999999999849e-02,-3.982999999999999735e-02,-1.912750000000000006e-01,1.402650000000000008e-01,1.530100000000000036e-02,6.115700000000000303e-02,2.827599999999999905e-02,9.246899999999999564e-02,-2.469800000000000120e-02,1.538910000000000000e-01,5.580749999999999877e-01,-9.604300000000000337e-02,1.163944000000000090e+00,-3.784080000000000221e-01,5.807899999999999868e-02,2.298880000000000090e-01,1.191789999999999933e-01,-7.700630000000000530e-01,3.159290000000000154e-01,1.101512999999999964e+00,2.719730000000000203e-01,1.217260000000000009e-01,-1.065730000000000011e-01
-7.921599999999999475e-02,-1.541589999999999905e-01,8.167740000000000000e-01,7.193680000000000074e-01,-5.071699999999999819e-02,1.519299999999999991e-02,-6.926090000000000302e-01,6.819200000000000261e-02,1.316549999999999943e-01,7.267700000000000549e-02,1.244559999999999972e-01,-2.936300000000000021e-02,-3.888599999999999696e-02,8.717099999999999849e-02,-3.938699999999999840e-02,-1.905699999999999894e-01,1.401570000000000038e-01,1.475600000000000002e-02,6.082300000000000206e-02,2.814600000000000088e-02,9.246000000000000052e-02,-2.461699999999999999e-02,1.541119999999999990e-01,5.589950000000000196e-01,-9.509900000000000297e-02,1.163597999999999910e+00,-3.786080000000000001e-01,5.792699999999999932e-02,2.305129999999999957e-01,1.197639999999999955e-01,-7.703039999999999887e-01,3.151590000000000225e-01,1.102867000000000042e+00,2.727149999999999852e-01,1.215920000000000056e-01,-1.070129999999999970e-01
-7.946000000000000285e-02,-1.542479999999999962e-01,8.167440000000000255e-01,7.193349999999999467e-01,-5.073199999999999932e-02,1.526800000000000032e-02,-6.926400000000000334e-01,6.802700000000000413e-02,1.315749999999999975e-01,7.211900000000000255e-02,1.245900000000000063e-01,-2.765899999999999956e-02,-3.896399999999999864e-02,8.718499999999999861e-02,-3.972900000000000043e-02,-1.929770000000000096e-01,1.404219999999999913e-01,1.549999999999999989e-02,6.133000000000000257e-02,2.830399999999999930e-02,9.279500000000000248e-02,-2.460400000000000087e-02,1.536720000000000030e-01,5.575149999999999828e-01,-9.745600000000000096e-02,1.162452000000000041e+00,-3.778639999999999777e-01,5.796300000000000063e-02,2.298350000000000115e-01,1.190630000000000022e-01,-7.694950000000000401e-01,3.163940000000000086e-01,1.098872000000000071e+00,2.716379999999999906e-01,1.210090000000000054e-01,-1.073370000000000019e-01
-7.972300000000000220e-02,-1.543440000000000090e-01,8.167419999999999680e-01,7.192549999999999777e-01,-5.069099999999999995e-02,1.533999999999999947e-02,-6.927250000000000352e-01,6.796499999999999764e-02,1.318139999999999867e-01,7.195300000000000307e-02,1.245300000000000018e-01,-2.704600000000000060e-02,-4.010899999999999882e-02,8.712200000000000499e-02,-3.960199999999999831e-02,-1.937830000000000108e-01,1.404110000000000080e-01,1.486900000000000027e-02,6.111799999999999872e-02,2.816199999999999953e-02,9.318400000000000294e-02,-2.449399999999999841e-02,1.532169999999999921e-01,5.561580000000000412e-01,-9.965899999999999759e-02,1.161146999999999929e+00,-3.771430000000000060e-01,5.805400000000000144e-02,2.294910000000000005e-01,1.192349999999999938e-01,-7.687180000000000124e-01,3.174159999999999759e-01,1.094265999999999961e+00,2.704259999999999997e-01,1.209350000000000008e-01,-1.074470000000000008e-01
-7.990099999999999980e-02,-1.544480000000000020e-01,8.167379999999999640e-01,7.191600000000000215e-01,-5.066099999999999770e-02,1.541299999999999962e-02,-6.928229999999999666e-01,6.791700000000000514e-02,1.320870000000000100e-01,7.181800000000000683e-02,1.245170000000000027e-01,-2.648199999999999860e-02,-4.126799999999999913e-02,8.706400000000000250e-02,-3.944899999999999796e-02,-1.945540000000000047e-01,1.404299999999999993e-01,1.421399999999999920e-02,6.089699999999999974e-02,2.811699999999999963e-02,9.358800000000000452e-02,-2.439099999999999949e-02,1.527739999999999931e-01,5.548100000000000254e-01,-1.019059999999999966e-01,1.159799999999999942e+00,-3.764159999999999728e-01,5.816500000000000142e-02,2.291729999999999878e-01,1.196170000000000011e-01,-7.679610000000000047e-01,3.182909999999999906e-01,1.089396999999999949e+00,2.691779999999999728e-01,1.210119999999999946e-01,-1.075860000000000011e-01
-7.994199999999999917e-02,-1.545850000000000002e-01,8.167600000000000415e-01,7.193089999999999762e-01,-5.040700000000000042e-02,1.532500000000000008e-02,-6.926900000000000279e-01,6.806800000000000350e-02,1.322200000000000042e-01,7.243900000000000339e-02,1.243889999999999996e-01,-2.837100000000000039e-02,-3.887399999999999883e-02,8.694999999999999951e-02,-3.911300000000000193e-02,-1.921350000000000002e-01,1.402889999999999970e-01,1.475699999999999928e-02,6.085600000000000037e-02,2.844999999999999959e-02,9.315900000000000569e-02,-2.459000000000000075e-02,1.524139999999999939e-01,5.550389999999999491e-01,-1.017229999999999940e-01,1.162128000000000050e+00,-3.773090000000000055e-01,5.876699999999999979e-02,2.293469999999999953e-01,1.184380000000000016e-01,-7.670569999999999888e-01,3.192740000000000022e-01,1.089712000000000014e+00,2.692579999999999973e-01,1.215180000000000010e-01,-1.085440000000000016e-01
-8.000300000000000467e-02,-1.546919999999999962e-01,8.167710000000000248e-01,7.192030000000000367e-01,-5.034000000000000280e-02,1.537099999999999925e-02,-6.928039999999999754e-01,6.813099999999999712e-02,1.325379999999999892e-01,7.287699999999999734e-02,1.244549999999999962e-01,-2.878299999999999956e-02,-3.948200000000000320e-02,8.688700000000000589e-02,-3.884200000000000153e-02,-1.913120000000000098e-01,1.401290000000000036e-01,1.428600000000000009e-02,6.018199999999999938e-02,2.854599999999999846e-02,9.330900000000000305e-02,-2.467300000000000049e-02,1.519089999999999885e-01,5.554189999999999960e-01,-1.013099999999999973e-01,1.164998999999999896e+00,-3.783110000000000084e-01,5.910800000000000082e-02,2.292540000000000133e-01,1.168000000000000010e-01,-7.658460000000000267e-01,3.205720000000000236e-01,1.091188000000000047e+00,2.695890000000000231e-01,1.215640000000000054e-01,-1.092169999999999946e-01
-8.007300000000000528e-02,-1.547900000000000109e-01,8.167830000000000368e-01,7.191060000000000230e-01,-5.028099999999999931e-02,1.541799999999999941e-02,-6.929079999999999684e-01,6.819999999999999674e-02,1.328799999999999981e-01,7.328700000000000492e-02,1.244930000000000064e-01,-2.916200000000000042e-02,-4.010799999999999782e-02,8.680899999999999728e-02,-3.855200000000000293e-02,-1.905270000000000019e-01,1.400139999999999996e-01,1.379499999999999997e-02,5.949000000000000121e-02,2.852800000000000127e-02,9.346400000000000541e-02,-2.472999999999999851e-02,1.513710000000000055e-01,5.558250000000000135e-01,-1.008270000000000000e-01,1.168039999999999967e+00,-3.793239999999999945e-01,5.934600000000000292e-02,2.290590000000000126e-01,1.149109999999999993e-01,-7.646039999999999504e-01,3.220649999999999902e-01,1.092945999999999973e+00,2.699650000000000105e-01,1.214419999999999944e-01,-1.098250000000000060e-01
-7.997200000000000142e-02,-1.547429999999999917e-01,8.167410000000000503e-01,7.192520000000000024e-01,-5.035599999999999798e-02,1.546699999999999985e-02,-6.927489999999999482e-01,6.800900000000000001e-02,1.323249999999999982e-01,7.278300000000000047e-02,1.245600000000000041e-01,-2.849900000000000003e-02,-3.856199999999999906e-02,8.702400000000000413e-02,-3.940899999999999959e-02,-1.928850000000000009e-01,1.405309999999999893e-01,1.524599999999999914e-02,6.167099999999999665e-02,2.842499999999999888e-02,9.339899999999999591e-02,-2.447699999999999876e-02,1.506790000000000074e-01,5.542359999999999509e-01,-1.025739999999999985e-01,1.166835999999999984e+00,-3.789000000000000146e-01,5.870500000000000024e-02,2.285679999999999934e-01,1.139939999999999981e-01,-7.638430000000000497e-01,3.220700000000000229e-01,1.092740000000000045e+00,2.709719999999999906e-01,1.209490000000000010e-01,-1.108490000000000031e-01
-7.981199999999999406e-02,-1.548070000000000002e-01,8.167360000000000175e-01,7.193819999999999659e-01,-5.036399999999999905e-02,1.547399999999999991e-02,-6.926130000000000342e-01,6.797100000000000364e-02,1.321450000000000125e-01,7.274600000000000510e-02,1.245079999999999937e-01,-2.863500000000000073e-02,-3.847600000000000325e-02,8.722799999999999998e-02,-4.003199999999999814e-02,-1.938360000000000083e-01,1.407779999999999865e-01,1.541999999999999968e-02,6.214399999999999785e-02,2.824199999999999974e-02,9.331299999999999317e-02,-2.422600000000000101e-02,1.502910000000000079e-01,5.523630000000000484e-01,-1.044749999999999984e-01,1.164900999999999964e+00,-3.783569999999999989e-01,5.837900000000000034e-02,2.285089999999999899e-01,1.137949999999999934e-01,-7.633560000000000345e-01,3.214489999999999847e-01,1.092047999999999908e+00,2.719559999999999755e-01,1.205289999999999973e-01,-1.119809999999999972e-01
-7.973800000000000332e-02,-1.547949999999999882e-01,8.167309999999999848e-01,7.194960000000000244e-01,-5.038000000000000117e-02,1.548700000000000077e-02,-6.924940000000000540e-01,6.795099999999999751e-02,1.320020000000000082e-01,7.275099999999999623e-02,1.244890000000000024e-01,-2.881399999999999934e-02,-3.839999999999999664e-02,8.743299999999999683e-02,-4.062400000000000039e-02,-1.947419999999999984e-01,1.410430000000000017e-01,1.557700000000000057e-02,6.261400000000000299e-02,2.819400000000000031e-02,9.326800000000000368e-02,-2.399099999999999844e-02,1.499759999999999982e-01,5.504569999999999741e-01,-1.064439999999999970e-01,1.162744000000000000e+00,-3.777949999999999919e-01,5.818000000000000255e-02,2.285669999999999924e-01,1.138519999999999949e-01,-7.629040000000000266e-01,3.206289999999999973e-01,1.091142999999999974e+00,2.729079999999999839e-01,1.201720000000000010e-01,-1.131500000000000006e-01
-7.962199999999999833e-02,-1.548350000000000004e-01,8.167550000000000088e-01,7.195899999999999519e-01,-5.030400000000000149e-02,1.543500000000000080e-02,-6.924019999999999619e-01,6.791600000000000414e-02,1.315399999999999903e-01,7.268800000000000261e-02,1.245060000000000056e-01,-2.833000000000000101e-02,-3.840600000000000264e-02,8.715399999999999536e-02,-3.978199999999999792e-02,-1.926339999999999997e-01,1.404600000000000015e-01,1.529900000000000010e-02,6.160000000000000198e-02,2.854100000000000040e-02,9.304400000000000170e-02,-2.414900000000000033e-02,1.500940000000000052e-01,5.513660000000000228e-01,-1.055939999999999934e-01,1.161875999999999909e+00,-3.778480000000000172e-01,5.803300000000000125e-02,2.289049999999999974e-01,1.143330000000000041e-01,-7.634940000000000060e-01,3.196519999999999917e-01,1.092826000000000075e+00,2.737800000000000233e-01,1.202440000000000037e-01,-1.134759999999999935e-01
-7.953300000000000647e-02,-1.549399999999999944e-01,8.167659999999999920e-01,7.196120000000000294e-01,-5.027100000000000318e-02,1.550400000000000042e-02,-6.923810000000000242e-01,6.782399999999999540e-02,1.315050000000000108e-01,7.274999999999999523e-02,1.244780000000000053e-01,-2.828699999999999964e-02,-3.847300000000000025e-02,8.708499999999999575e-02,-3.981099999999999917e-02,-1.925030000000000074e-01,1.403220000000000023e-01,1.555199999999999985e-02,6.168599999999999778e-02,2.897200000000000122e-02,9.292100000000000359e-02,-2.444800000000000098e-02,1.502809999999999979e-01,5.522470000000000434e-01,-1.045689999999999953e-01,1.161378000000000021e+00,-3.779230000000000089e-01,5.782199999999999840e-02,2.291569999999999996e-01,1.144229999999999969e-01,-7.640069999999999917e-01,3.189850000000000185e-01,1.094945000000000057e+00,2.745259999999999923e-01,1.201880000000000032e-01,-1.133860000000000007e-01
-7.944400000000000073e-02,-1.549530000000000074e-01,8.167759999999999465e-01,7.196439999999999504e-01,-5.023199999999999887e-02,1.557000000000000051e-02,-6.923489999999999922e-01,6.769799999999999429e-02,1.314480000000000093e-01,7.277799999999999547e-02,1.244760000000000033e-01,-2.825000000000000080e-02,-3.853700000000000181e-02,8.699400000000000188e-02,-3.986200000000000160e-02,-1.924019999999999897e-01,1.402220000000000133e-01,1.578600000000000142e-02,6.177599999999999758e-02,2.930500000000000119e-02,9.278899999999999648e-02,-2.475099999999999870e-02,1.504919999999999869e-01,5.531179999999999986e-01,-1.034820000000000045e-01,1.160932999999999993e+00,-3.779939999999999967e-01,5.756800000000000112e-02,2.293759999999999966e-01,1.143600000000000033e-01,-7.645290000000000141e-01,3.184449999999999781e-01,1.097220000000000084e+00,2.752649999999999819e-01,1.200589999999999991e-01,-1.132159999999999972e-01
-7.970900000000000207e-02,-1.550320000000000031e-01,8.167539999999999800e-01,7.195869999999999767e-01,-5.012300000000000089e-02,1.563399999999999859e-02,-6.924150000000000027e-01,6.763099999999999667e-02,1.314589999999999925e-01,7.244799999999999851e-02,1.244819999999999954e-01,-2.841000000000000122e-02,-3.849600000000000244e-02,8.691100000000000214e-02,-3.962799999999999656e-02,-1.924659999999999982e-01,1.403189999999999993e-01,1.524200000000000034e-02,6.161400000000000210e-02,2.935199999999999962e-02,9.275300000000000211e-02,-2.460000000000000034e-02,1.513690000000000035e-01,5.541289999999999827e-01,-1.012239999999999945e-01,1.161728000000000094e+00,-3.783770000000000189e-01,5.783699999999999952e-02,2.300379999999999925e-01,1.148929999999999951e-01,-7.654389999999999805e-01,3.173909999999999787e-01,1.097987000000000046e+00,2.755690000000000084e-01,1.198540000000000022e-01,-1.132299999999999973e-01
-7.987400000000000055e-02,-1.551990000000000036e-01,8.167450000000000543e-01,7.195420000000000149e-01,-5.008800000000000058e-02,1.571399999999999880e-02,-6.924620000000000219e-01,6.765100000000000280e-02,1.315979999999999928e-01,7.205999999999999905e-02,1.244849999999999984e-01,-2.857799999999999924e-02,-3.846100000000000213e-02,8.680200000000000415e-02,-3.930399999999999866e-02,-1.926190000000000124e-01,1.403749999999999998e-01,1.503799999999999928e-02,6.153900000000000342e-02,2.960000000000000131e-02,9.261999999999999400e-02,-2.467899999999999955e-02,1.523130000000000039e-01,5.551239999999999508e-01,-9.879000000000000281e-02,1.162598000000000020e+00,-3.785729999999999928e-01,5.778300000000000103e-02,2.305770000000000042e-01,1.155999999999999944e-01,-7.663349999999999884e-01,3.161789999999999878e-01,1.098405000000000076e+00,2.758039999999999936e-01,1.198219999999999980e-01,-1.133229999999999932e-01
-8.004000000000000004e-02,-1.552820000000000034e-01,8.167370000000000463e-01,7.194949999999999957e-01,-5.004800000000000221e-02,1.580000000000000154e-02,-6.925120000000000164e-01,6.765699999999999492e-02,1.317440000000000000e-01,7.167199999999999960e-02,1.244870000000000004e-01,-2.874700000000000172e-02,-3.842999999999999888e-02,8.669799999999999729e-02,-3.897099999999999870e-02,-1.927719999999999989e-01,1.403880000000000128e-01,1.485099999999999962e-02,6.146299999999999680e-02,2.987899999999999931e-02,9.249000000000000277e-02,-2.478599999999999901e-02,1.532709999999999906e-01,5.561260000000000092e-01,-9.636500000000000621e-02,1.163485000000000102e+00,-3.787389999999999923e-01,5.768000000000000210e-02,2.310889999999999889e-01,1.163929999999999965e-01,-7.672309999999999963e-01,3.149089999999999945e-01,1.098734000000000099e+00,2.760230000000000183e-01,1.198430000000000051e-01,-1.134410000000000002e-01
-8.010599999999999665e-02,-1.554030000000000133e-01,8.167489999999999473e-01,7.194939999999999669e-01,-4.993199999999999722e-02,1.584299999999999944e-02,-6.925200000000000244e-01,6.748300000000000132e-02,1.322089999999999932e-01,7.198300000000000531e-02,1.244939999999999936e-01,-2.865099999999999938e-02,-3.847500000000000225e-02,8.669000000000000317e-02,-3.905399999999999844e-02,-1.927639999999999909e-01,1.403540000000000065e-01,1.475199999999999949e-02,6.144199999999999662e-02,2.964999999999999927e-02,9.268700000000000550e-02,-2.457099999999999909e-02,1.539280000000000093e-01,5.553839999999999888e-01,-9.537199999999999844e-02,1.162390000000000034e+00,-3.792820000000000080e-01,5.725500000000000034e-02,2.312520000000000131e-01,1.167289999999999994e-01,-7.662980000000000347e-01,3.147289999999999810e-01,1.098023999999999889e+00,2.755850000000000244e-01,1.196620000000000045e-01,-1.130049999999999943e-01
-8.009399999999999853e-02,-1.555020000000000013e-01,8.167410000000000503e-01,7.195449999999999902e-01,-4.988499999999999879e-02,1.592500000000000165e-02,-6.924690000000000012e-01,6.740300000000000458e-02,1.323189999999999922e-01,7.200199999999999656e-02,1.244780000000000053e-01,-2.882099999999999940e-02,-3.848100000000000132e-02,8.670700000000000629e-02,-3.895400000000000251e-02,-1.928600000000000037e-01,1.403300000000000103e-01,1.464900000000000056e-02,6.137800000000000200e-02,2.972100000000000089e-02,9.274899999999999811e-02,-2.437200000000000130e-02,1.546819999999999862e-01,5.544890000000000096e-01,-9.443500000000000505e-02,1.161013000000000073e+00,-3.799319999999999919e-01,5.691500000000000031e-02,2.318520000000000025e-01,1.170589999999999964e-01,-7.655769999999999520e-01,3.144719999999999738e-01,1.097534000000000010e+00,2.753419999999999757e-01,1.197060000000000068e-01,-1.128590000000000010e-01
-8.016700000000000215e-02,-1.556009999999999893e-01,8.167330000000000423e-01,7.195949999999999847e-01,-4.984199999999999742e-02,1.600400000000000086e-02,-6.924179999999999779e-01,6.733400000000000496e-02,1.324249999999999872e-01,7.202100000000000168e-02,1.244659999999999933e-01,-2.899900000000000047e-02,-3.848200000000000232e-02,8.673899999999999666e-02,-3.885799999999999671e-02,-1.929569999999999896e-01,1.403000000000000080e-01,1.454899999999999943e-02,6.131999999999999951e-02,2.980400000000000063e-02,9.282100000000000073e-02,-2.416300000000000045e-02,1.554790000000000061e-01,5.535609999999999697e-01,-9.352199999999999402e-02,1.159516999999999909e+00,-3.805979999999999919e-01,5.664299999999999891e-02,2.325510000000000077e-01,1.173909999999999954e-01,-7.648610000000000131e-01,3.142099999999999893e-01,1.097066000000000097e+00,2.751259999999999817e-01,1.197509999999999963e-01,-1.127279999999999949e-01
-8.001900000000000679e-02,-1.556460000000000066e-01,8.167520000000000335e-01,7.195949999999999847e-01,-4.977800000000000280e-02,1.597600000000000062e-02,-6.924230000000000107e-01,6.726999999999999647e-02,1.321189999999999864e-01,7.195899999999999519e-02,1.245229999999999948e-01,-2.868800000000000169e-02,-3.849000000000000338e-02,8.669200000000000517e-02,-3.910999999999999893e-02,-1.926039999999999974e-01,1.402210000000000123e-01,1.461999999999999932e-02,6.130000000000000032e-02,2.916399999999999895e-02,9.245299999999999352e-02,-2.449499999999999941e-02,1.560310000000000030e-01,5.523900000000000476e-01,-9.346000000000000141e-02,1.160161999999999916e+00,-3.811109999999999776e-01,5.681699999999999945e-02,2.331640000000000101e-01,1.177050000000000041e-01,-7.658030000000000115e-01,3.136669999999999736e-01,1.096864999999999979e+00,2.750170000000000115e-01,1.198909999999999976e-01,-1.127090000000000036e-01
-7.993799999999999517e-02,-1.555900000000000061e-01,8.167510000000000048e-01,7.195510000000000517e-01,-4.973899999999999849e-02,1.601800000000000099e-02,-6.924709999999999477e-01,6.718799999999999772e-02,1.319670000000000010e-01,7.221600000000000241e-02,1.244859999999999994e-01,-2.874300000000000119e-02,-3.847799999999999832e-02,8.655100000000000293e-02,-3.925900000000000223e-02,-1.923040000000000027e-01,1.401870000000000061e-01,1.468799999999999967e-02,6.128399999999999820e-02,2.873500000000000013e-02,9.233800000000000341e-02,-2.462800000000000059e-02,1.562999999999999945e-01,5.512789999999999635e-01,-9.350899999999999490e-02,1.161129000000000078e+00,-3.816410000000000080e-01,5.690900000000000125e-02,2.335299999999999876e-01,1.181380000000000069e-01,-7.668760000000000021e-01,3.131059999999999954e-01,1.096803999999999890e+00,2.749789999999999734e-01,1.199790000000000023e-01,-1.126970000000000055e-01
-7.976900000000000657e-02,-1.556190000000000073e-01,8.167499999999999760e-01,7.194989999999999997e-01,-4.970600000000000018e-02,1.605900000000000036e-02,-6.925259999999999749e-01,6.710499999999999798e-02,1.318300000000000027e-01,7.248799999999999688e-02,1.244709999999999983e-01,-2.881200000000000080e-02,-3.846700000000000119e-02,8.640499999999999570e-02,-3.939299999999999746e-02,-1.919839999999999880e-01,1.401580000000000048e-01,1.476200000000000082e-02,6.126700000000000201e-02,2.837200000000000139e-02,9.225099999999999967e-02,-2.474700000000000163e-02,1.564599999999999880e-01,5.501730000000000231e-01,-9.362900000000000389e-02,1.162220999999999949e+00,-3.821749999999999869e-01,5.694899999999999962e-02,2.338359999999999883e-01,1.186040000000000011e-01,-7.679629999999999512e-01,3.124899999999999900e-01,1.096754999999999924e+00,2.749539999999999762e-01,1.200419999999999959e-01,-1.126759999999999984e-01
-7.957500000000000684e-02,-1.556690000000000018e-01,8.167450000000000543e-01,7.194319999999999604e-01,-4.966299999999999881e-02,1.618400000000000047e-02,-6.925959999999999894e-01,6.697799999999999587e-02,1.317399999999999960e-01,7.290599999999999858e-02,1.244590000000000002e-01,-2.901799999999999866e-02,-3.853100000000000275e-02,8.612400000000000611e-02,-3.946100000000000302e-02,-1.917580000000000118e-01,1.401350000000000096e-01,1.495600000000000054e-02,6.135100000000000275e-02,2.800499999999999864e-02,9.239799999999999403e-02,-2.436500000000000124e-02,1.566529999999999867e-01,5.505149999999999766e-01,-9.469400000000000039e-02,1.164713000000000109e+00,-3.823699999999999877e-01,5.747499999999999831e-02,2.331880000000000064e-01,1.187779999999999947e-01,-7.684440000000000159e-01,3.125229999999999952e-01,1.098953000000000069e+00,2.755819999999999936e-01,1.203889999999999960e-01,-1.123699999999999977e-01
-7.948199999999999710e-02,-1.557119999999999893e-01,8.167410000000000503e-01,7.193319999999999714e-01,-4.962799999999999850e-02,1.629900000000000099e-02,-6.926999999999999824e-01,6.688700000000000201e-02,1.317180000000000017e-01,7.329800000000000204e-02,1.244569999999999982e-01,-2.921899999999999845e-02,-3.862000000000000155e-02,8.585800000000000376e-02,-3.951000000000000345e-02,-1.915179999999999938e-01,1.401139999999999886e-01,1.515599999999999933e-02,6.141100000000000031e-02,2.755499999999999963e-02,9.240600000000000203e-02,-2.414099999999999926e-02,1.565449999999999897e-01,5.510140000000000038e-01,-9.583999999999999464e-02,1.167601000000000111e+00,-3.826080000000000036e-01,5.790499999999999814e-02,2.323250000000000037e-01,1.186429999999999985e-01,-7.688519999999999799e-01,3.127139999999999920e-01,1.101580000000000004e+00,2.763280000000000181e-01,1.205729999999999996e-01,-1.119779999999999942e-01
-7.930600000000000149e-02,-1.557499999999999996e-01,8.167379999999999640e-01,7.192319999999999824e-01,-4.959299999999999820e-02,1.641199999999999951e-02,-6.928029999999999466e-01,6.679300000000000515e-02,1.316970000000000085e-01,7.368900000000000450e-02,1.244559999999999972e-01,-2.941300000000000164e-02,-3.871200000000000335e-02,8.558699999999999641e-02,-3.955499999999999988e-02,-1.912800000000000056e-01,1.400969999999999993e-01,1.536099999999999965e-02,6.146299999999999680e-02,2.708899999999999850e-02,9.239500000000000490e-02,-2.391000000000000070e-02,1.563670000000000060e-01,5.515480000000000382e-01,-9.699499999999999789e-02,1.170619000000000076e+00,-3.828579999999999761e-01,5.828099999999999947e-02,2.313969999999999916e-01,1.184010000000000062e-01,-7.692320000000000269e-01,3.129819999999999824e-01,1.104348000000000107e+00,2.770940000000000070e-01,1.206870000000000026e-01,-1.115560000000000024e-01
-7.957500000000000684e-02,-1.557389999999999886e-01,8.167309999999999848e-01,7.191560000000000175e-01,-4.960500000000000326e-02,1.636400000000000007e-02,-6.928830000000000267e-01,6.687700000000000589e-02,1.318910000000000082e-01,7.330599999999999616e-02,1.244979999999999976e-01,-2.937000000000000027e-02,-3.890099999999999808e-02,8.570800000000000640e-02,-3.931199999999999972e-02,-1.917339999999999878e-01,1.401600000000000068e-01,1.490900000000000038e-02,6.142999999999999849e-02,2.759800000000000100e-02,9.254300000000000026e-02,-2.436899999999999830e-02,1.566609999999999947e-01,5.523240000000000371e-01,-9.591199999999999726e-02,1.167694000000000010e+00,-3.825649999999999884e-01,5.742200000000000082e-02,2.315329999999999888e-01,1.186859999999999998e-01,-7.694440000000000168e-01,3.116720000000000046e-01,1.102683000000000080e+00,2.777379999999999849e-01,1.198789999999999994e-01,-1.122699999999999948e-01
-7.992100000000000593e-02,-1.558720000000000105e-01,8.167210000000000303e-01,7.191509999999999847e-01,-4.958499999999999713e-02,1.634499999999999842e-02,-6.928900000000000059e-01,6.694999999999999563e-02,1.320759999999999990e-01,7.293700000000000183e-02,1.245170000000000027e-01,-2.938699999999999993e-02,-3.908799999999999775e-02,8.581300000000000039e-02,-3.907399999999999762e-02,-1.921779999999999877e-01,1.402029999999999943e-01,1.439400000000000054e-02,6.142000000000000237e-02,2.781399999999999845e-02,9.259499999999999675e-02,-2.457099999999999909e-02,1.573970000000000091e-01,5.530829999999999913e-01,-9.484199999999999575e-02,1.163635999999999893e+00,-3.820500000000000007e-01,5.695700000000000068e-02,2.320830000000000115e-01,1.196009999999999990e-01,-7.696530000000000316e-01,3.099999999999999978e-01,1.100125000000000020e+00,2.782229999999999981e-01,1.194800000000000029e-01,-1.129580000000000028e-01
-8.026500000000000301e-02,-1.560159999999999880e-01,8.167100000000000470e-01,7.191490000000000382e-01,-4.956300000000000289e-02,1.632700000000000123e-02,-6.928940000000000099e-01,6.703699999999999937e-02,1.322550000000000114e-01,7.255699999999999650e-02,1.245249999999999968e-01,-2.941500000000000017e-02,-3.927400000000000335e-02,8.593199999999999450e-02,-3.884399999999999659e-02,-1.926360000000000017e-01,1.402450000000000085e-01,1.386300000000000032e-02,6.141900000000000137e-02,2.804099999999999995e-02,9.264200000000000212e-02,-2.477899999999999894e-02,1.582880000000000120e-01,5.538140000000000285e-01,-9.374200000000000588e-02,1.159256999999999982e+00,-3.814960000000000018e-01,5.667300000000000115e-02,2.327720000000000067e-01,1.207229999999999970e-01,-7.698779999999999513e-01,3.081860000000000155e-01,1.097277000000000058e+00,2.786540000000000128e-01,1.192379999999999968e-01,-1.136960000000000054e-01
-8.021200000000000552e-02,-1.561150000000000038e-01,8.167440000000000255e-01,7.190790000000000237e-01,-4.951900000000000052e-02,1.642100000000000157e-02,-6.929669999999999996e-01,6.691400000000000126e-02,1.328259999999999996e-01,7.231799999999999340e-02,1.244620000000000032e-01,-2.895500000000000157e-02,-3.924799999999999817e-02,8.553800000000000292e-02,-3.839499999999999857e-02,-1.922210000000000030e-01,1.401429999999999898e-01,1.467599999999999981e-02,6.107300000000000229e-02,2.777599999999999861e-02,9.258099999999999663e-02,-2.466399999999999842e-02,1.581039999999999945e-01,5.533970000000000278e-01,-9.387299999999999811e-02,1.158382000000000023e+00,-3.811019999999999963e-01,5.680500000000000133e-02,2.335409999999999986e-01,1.215989999999999988e-01,-7.697540000000000493e-01,3.080350000000000033e-01,1.096993000000000107e+00,2.784490000000000021e-01,1.194859999999999950e-01,-1.140229999999999994e-01
-8.019600000000000339e-02,-1.561720000000000053e-01,8.167529999999999513e-01,7.190269999999999717e-01,-4.949300000000000227e-02,1.651400000000000090e-02,-6.930199999999999694e-01,6.657399999999999429e-02,1.328910000000000091e-01,7.174500000000000322e-02,1.244070000000000037e-01,-2.864999999999999838e-02,-3.935500000000000109e-02,8.512899999999999634e-02,-3.814599999999999935e-02,-1.918670000000000098e-01,1.398939999999999906e-01,1.511799999999999949e-02,6.090899999999999787e-02,2.760500000000000106e-02,9.267499999999999349e-02,-2.477800000000000141e-02,1.576490000000000113e-01,5.530939999999999745e-01,-9.396799999999999597e-02,1.158155999999999963e+00,-3.809159999999999768e-01,5.674099999999999977e-02,2.339420000000000111e-01,1.219660000000000050e-01,-7.696060000000000123e-01,3.081999999999999740e-01,1.097231999999999985e+00,2.782609999999999806e-01,1.195660000000000056e-01,-1.142119999999999941e-01
-8.018100000000000227e-02,-1.563100000000000045e-01,8.167619999999999880e-01,7.189799999999999525e-01,-4.945999999999999702e-02,1.661199999999999830e-02,-6.930690000000000461e-01,6.619899999999999396e-02,1.329470000000000096e-01,7.115200000000000691e-02,1.243680000000000063e-01,-2.833700000000000108e-02,-3.945800000000000002e-02,8.468499999999999639e-02,-3.790700000000000319e-02,-1.915219999999999978e-01,1.396689999999999876e-01,1.555800000000000065e-02,6.074100000000000332e-02,2.737900000000000056e-02,9.276199999999999724e-02,-2.490600000000000105e-02,1.571190000000000087e-01,5.528100000000000236e-01,-9.406100000000000572e-02,1.158131000000000022e+00,-3.807570000000000121e-01,5.657199999999999729e-02,2.342390000000000028e-01,1.221769999999999939e-01,-7.694490000000000496e-01,3.084870000000000112e-01,1.097655999999999965e+00,2.780949999999999811e-01,1.195660000000000056e-01,-1.143509999999999943e-01
-8.013399999999999690e-02,-1.561889999999999945e-01,8.167499999999999760e-01,7.192479999999999984e-01,-4.935500000000000304e-02,1.652299999999999949e-02,-6.928010000000000002e-01,6.678099999999999314e-02,1.326839999999999964e-01,7.348999999999999977e-02,1.245490000000000069e-01,-2.943000000000000130e-02,-3.923499999999999904e-02,8.579900000000000027e-02,-3.887700000000000183e-02,-1.921239999999999892e-01,1.401779999999999970e-01,1.541499999999999988e-02,6.110600000000000059e-02,2.808799999999999839e-02,9.260599999999999388e-02,-2.526400000000000173e-02,1.578660000000000063e-01,5.529439999999999911e-01,-9.388399999999999523e-02,1.159729000000000010e+00,-3.809100000000000263e-01,5.698099999999999693e-02,2.339189999999999880e-01,1.213169999999999943e-01,-7.692259999999999653e-01,3.083650000000000002e-01,1.097879000000000049e+00,2.781310000000000171e-01,1.195599999999999996e-01,-1.143679999999999974e-01
-7.997700000000000642e-02,-1.561559999999999893e-01,8.167429999999999968e-01,7.193340000000000289e-01,-4.937699999999999728e-02,1.638500000000000026e-02,-6.927140000000000519e-01,6.701999999999999624e-02,1.323860000000000037e-01,7.438300000000000467e-02,1.246109999999999995e-01,-2.971000000000000030e-02,-3.928000000000000241e-02,8.621099999999999597e-02,-3.938799999999999940e-02,-1.917119999999999935e-01,1.403300000000000103e-01,1.593100000000000072e-02,6.100200000000000067e-02,2.823600000000000068e-02,9.248399999999999677e-02,-2.520800000000000124e-02,1.583799999999999930e-01,5.532869999999999733e-01,-9.359000000000000652e-02,1.161440000000000028e+00,-3.810939999999999883e-01,5.727999999999999758e-02,2.334739999999999871e-01,1.208869999999999945e-01,-7.691500000000000004e-01,3.084310000000000107e-01,1.098276999999999948e+00,2.780909999999999771e-01,1.194319999999999965e-01,-1.145919999999999994e-01
-7.982300000000000506e-02,-1.561210000000000098e-01,8.167379999999999640e-01,7.194199999999999484e-01,-4.938499999999999834e-02,1.627100000000000074e-02,-6.926259999999999639e-01,6.720199999999999785e-02,1.321060000000000012e-01,7.526599999999999957e-02,1.246509999999999979e-01,-2.996100000000000152e-02,-3.932900000000000285e-02,8.659699999999999342e-02,-3.986900000000000166e-02,-1.913140000000000118e-01,1.403969999999999940e-01,1.649899999999999978e-02,6.088600000000000262e-02,2.836100000000000079e-02,9.237700000000000078e-02,-2.520199999999999871e-02,1.588729999999999865e-01,5.536360000000000170e-01,-9.327399999999999580e-02,1.163222999999999896e+00,-3.812780000000000058e-01,5.754299999999999693e-02,2.329829999999999957e-01,1.204479999999999995e-01,-7.690669999999999451e-01,3.085260000000000224e-01,1.098665000000000003e+00,2.780540000000000234e-01,1.192860000000000031e-01,-1.148430000000000006e-01
-7.978699999999999681e-02,-1.563120000000000065e-01,8.167450000000000543e-01,7.193190000000000417e-01,-4.957700000000000301e-02,1.641899999999999957e-02,-6.927149999999999697e-01,6.750799999999999856e-02,1.324450000000000072e-01,7.388799999999999535e-02,1.245330000000000048e-01,-2.958600000000000119e-02,-3.923900000000000304e-02,8.656500000000000306e-02,-3.889000000000000096e-02,-1.920640000000000125e-01,1.401239999999999986e-01,1.429000000000000062e-02,6.144199999999999662e-02,2.861400000000000055e-02,9.289200000000000235e-02,-2.507699999999999860e-02,1.584099999999999953e-01,5.531409999999999938e-01,-9.409599999999999909e-02,1.163472999999999979e+00,-3.814739999999999798e-01,5.734600000000000114e-02,2.329759999999999887e-01,1.198270000000000030e-01,-7.673170000000000268e-01,3.107440000000000202e-01,1.100471999999999895e+00,2.781830000000000136e-01,1.195589999999999986e-01,-1.143259999999999971e-01
-7.979400000000000381e-02,-1.564609999999999890e-01,8.167419999999999680e-01,7.193829999999999947e-01,-4.959100000000000313e-02,1.642000000000000057e-02,-6.926470000000000127e-01,6.776200000000000279e-02,1.324579999999999924e-01,7.389400000000000135e-02,1.245409999999999989e-01,-2.973299999999999901e-02,-3.926299999999999929e-02,8.696399999999999963e-02,-3.881199999999999928e-02,-1.921599999999999975e-01,1.401149999999999896e-01,1.360399999999999977e-02,6.169399999999999884e-02,2.892000000000000126e-02,9.290900000000000547e-02,-2.509899999999999978e-02,1.581259999999999888e-01,5.526619999999999866e-01,-9.455800000000000316e-02,1.163580999999999976e+00,-3.817499999999999782e-01,5.724300000000000221e-02,2.331399999999999861e-01,1.188329999999999942e-01,-7.654079999999999773e-01,3.128119999999999790e-01,1.102489999999999970e+00,2.783990000000000076e-01,1.196890000000000037e-01,-1.139359999999999956e-01
-7.979899999999999494e-02,-1.566089999999999982e-01,8.167389999999999928e-01,7.194380000000000219e-01,-4.960599999999999732e-02,1.641000000000000097e-02,-6.925890000000000102e-01,6.804399999999999338e-02,1.324519999999999864e-01,7.392600000000000560e-02,1.245440000000000019e-01,-2.988100000000000131e-02,-3.928100000000000341e-02,8.739700000000000246e-02,-3.874500000000000166e-02,-1.922270000000000090e-01,1.400560000000000138e-01,1.294900000000000044e-02,6.194999999999999812e-02,2.921199999999999838e-02,9.287800000000000222e-02,-2.509499999999999925e-02,1.579039999999999888e-01,5.521970000000000489e-01,-9.495699999999999974e-02,1.163610999999999951e+00,-3.820169999999999955e-01,5.717300000000000160e-02,2.333389999999999909e-01,1.177450000000000024e-01,-7.634539999999999660e-01,3.149520000000000097e-01,1.104600000000000026e+00,2.786210000000000075e-01,1.197759999999999936e-01,-1.135400000000000020e-01
-8.004799999999999416e-02,-1.567850000000000077e-01,8.167309999999999848e-01,7.193239999999999634e-01,-4.956399999999999695e-02,1.634700000000000042e-02,-6.927109999999999657e-01,6.829699999999999660e-02,1.327480000000000049e-01,7.398200000000000609e-02,1.245460000000000039e-01,-2.991100000000000009e-02,-3.937500000000000028e-02,8.712899999999999812e-02,-3.878800000000000303e-02,-1.920419999999999905e-01,1.403169999999999973e-01,1.413799999999999953e-02,6.137299999999999700e-02,2.880900000000000127e-02,9.280700000000000061e-02,-2.488500000000000087e-02,1.575129999999999864e-01,5.535900000000000265e-01,-9.513000000000000622e-02,1.165402999999999967e+00,-3.821169999999999844e-01,5.764699999999999686e-02,2.329859999999999987e-01,1.163519999999999971e-01,-7.643250000000000322e-01,3.154799999999999827e-01,1.105512000000000050e+00,2.788889999999999980e-01,1.194489999999999996e-01,-1.139889999999999931e-01
-8.020299999999999652e-02,-1.569480000000000042e-01,8.167339999999999600e-01,7.192340000000000400e-01,-4.952199999999999658e-02,1.635999999999999954e-02,-6.928069999999999506e-01,6.854699999999999682e-02,1.331390000000000073e-01,7.405799999999999883e-02,1.245519999999999960e-01,-2.992600000000000121e-02,-3.947799999999999920e-02,8.717099999999999849e-02,-3.848599999999999938e-02,-1.918390000000000095e-01,1.403260000000000063e-01,1.393499999999999947e-02,6.141699999999999937e-02,2.853400000000000034e-02,9.289100000000000135e-02,-2.475300000000000070e-02,1.566240000000000132e-01,5.546539999999999804e-01,-9.570700000000000041e-02,1.167691000000000034e+00,-3.821720000000000117e-01,5.797399999999999776e-02,2.323270000000000057e-01,1.150579999999999936e-01,-7.650649999999999951e-01,3.159560000000000146e-01,1.106255999999999906e+00,2.791390000000000260e-01,1.191720000000000002e-01,-1.144440000000000041e-01
-8.044400000000000162e-02,-1.571099999999999997e-01,8.167349999999999888e-01,7.191450000000000342e-01,-4.949400000000000327e-02,1.636299999999999907e-02,-6.929020000000000179e-01,6.882699999999999929e-02,1.335320000000000118e-01,7.413200000000000345e-02,1.245720000000000022e-01,-2.995000000000000093e-02,-3.958199999999999913e-02,8.723400000000000598e-02,-3.818699999999999872e-02,-1.916390000000000038e-01,1.403659999999999908e-01,1.371099999999999923e-02,6.146499999999999880e-02,2.833199999999999955e-02,9.299599999999999533e-02,-2.458700000000000122e-02,1.555880000000000041e-01,5.557170000000000165e-01,-9.639399999999999358e-02,1.170136999999999983e+00,-3.822360000000000202e-01,5.823500000000000204e-02,2.316120000000000123e-01,1.138559999999999989e-01,-7.658169999999999700e-01,3.163250000000000228e-01,1.106945999999999986e+00,2.793820000000000192e-01,1.189179999999999959e-01,-1.149130000000000013e-01
-8.001700000000000479e-02,-1.569149999999999989e-01,8.166799999999999615e-01,7.187630000000000408e-01,-4.919899999999999968e-02,1.651800000000000143e-02,-6.933160000000000434e-01,6.789499999999999702e-02,1.320719999999999950e-01,7.063800000000000634e-02,1.244669999999999943e-01,-3.024299999999999905e-02,-3.987799999999999678e-02,8.548100000000000143e-02,-3.905499999999999944e-02,-1.911110000000000031e-01,1.413099999999999912e-01,1.348199999999999919e-02,6.233999999999999958e-02,2.794900000000000162e-02,9.155900000000000150e-02,-2.276099999999999998e-02,1.552340000000000109e-01,5.588269999999999627e-01,-9.490300000000000125e-02,1.167780000000000040e+00,-3.810560000000000058e-01,5.770800000000000235e-02,2.318520000000000025e-01,1.136820000000000053e-01,-7.669869999999999743e-01,3.149830000000000130e-01,1.103272000000000030e+00,2.804829999999999823e-01,1.176979999999999971e-01,-1.156650000000000039e-01
-7.958099999999999896e-02,-1.566500000000000115e-01,8.166259999999999630e-01,7.184760000000000035e-01,-4.880999999999999922e-02,1.671100000000000016e-02,-6.936360000000000303e-01,6.681900000000000339e-02,1.306130000000000069e-01,6.704499999999999349e-02,1.243780000000000024e-01,-3.052300000000000152e-02,-4.015300000000000119e-02,8.330999999999999517e-02,-4.010299999999999976e-02,-1.899839999999999862e-01,1.426860000000000073e-01,1.305300000000000037e-02,6.326299999999999979e-02,2.738799999999999915e-02,8.992300000000000293e-02,-2.100799999999999890e-02,1.553070000000000006e-01,5.620049999999999768e-01,-9.305599999999999983e-02,1.164484000000000075e+00,-3.796479999999999855e-01,5.747599999999999931e-02,2.325210000000000055e-01,1.144239999999999979e-01,-7.679399999999999560e-01,3.131439999999999779e-01,1.098837999999999981e+00,2.815559999999999730e-01,1.166470000000000007e-01,-1.168079999999999952e-01
-7.905900000000000427e-02,-1.563980000000000092e-01,8.165729999999999933e-01,7.181899999999999951e-01,-4.838499999999999746e-02,1.692499999999999907e-02,-6.939570000000000460e-01,6.566199999999999815e-02,1.291380000000000028e-01,6.346200000000000452e-02,1.242899999999999977e-01,-3.080499999999999905e-02,-4.043100000000000166e-02,8.100899999999999768e-02,-4.118499999999999939e-02,-1.888579999999999981e-01,1.441810000000000036e-01,1.255399999999999919e-02,6.419199999999999906e-02,2.688600000000000018e-02,8.824600000000000499e-02,-1.936999999999999833e-02,1.555410000000000126e-01,5.651899999999999702e-01,-9.118999999999999329e-02,1.160905000000000076e+00,-3.781880000000000241e-01,5.739299999999999957e-02,2.333010000000000084e-01,1.154310000000000058e-01,-7.688620000000000454e-01,3.111479999999999801e-01,1.094106000000000023e+00,2.825869999999999771e-01,1.157090000000000063e-01,-1.180599999999999983e-01
-7.870099999999999318e-02,-1.558410000000000073e-01,8.157870000000000399e-01,7.174089999999999634e-01,-4.693399999999999656e-02,1.786099999999999841e-02,-6.948400000000000132e-01,6.130599999999999938e-02,1.273110000000000075e-01,6.224500000000000172e-02,1.236730000000000051e-01,-3.442400000000000321e-02,-3.960199999999999831e-02,7.448699999999999766e-02,-4.255400000000000155e-02,-1.855610000000000037e-01,1.448419999999999985e-01,9.284999999999999851e-03,6.817800000000000249e-02,2.878299999999999956e-02,8.602999999999999536e-02,-1.358999999999999965e-02,1.560010000000000008e-01,5.783880000000000132e-01,-7.559200000000000641e-02,1.139812000000000047e+00,-3.788529999999999953e-01,5.354500000000000232e-02,2.380510000000000126e-01,1.171589999999999993e-01,-7.749359999999999582e-01,3.000099999999999989e-01,1.073503000000000096e+00,2.831699999999999773e-01,1.115909999999999958e-01,-1.214449999999999974e-01
-7.835599999999999510e-02,-1.552399999999999891e-01,8.150089999999999835e-01,7.165690000000000115e-01,-4.530599999999999905e-02,1.887499999999999942e-02,-6.957879999999999621e-01,5.652000000000000079e-02,1.255729999999999902e-01,6.169999999999999790e-02,1.234760000000000024e-01,-3.844700000000000201e-02,-3.847400000000000125e-02,6.739799999999999958e-02,-4.416699999999999793e-02,-1.822789999999999966e-01,1.460579999999999934e-01,5.603000000000000341e-03,7.170700000000000685e-02,3.084299999999999889e-02,8.340999999999999803e-02,-7.629999999999999630e-03,1.579119999999999968e-01,5.915369999999999795e-01,-5.884600000000000247e-02,1.115944999999999965e+00,-3.790140000000000176e-01,5.059299999999999908e-02,2.435879999999999990e-01,1.206300000000000011e-01,-7.807669999999999888e-01,2.872810000000000086e-01,1.049949999999999939e+00,2.830659999999999843e-01,1.084880000000000011e-01,-1.254649999999999932e-01
-7.810599999999999488e-02,-1.546730000000000049e-01,8.142399999999999638e-01,7.157270000000000021e-01,-4.360499999999999793e-02,1.991599999999999968e-02,-6.967330000000000467e-01,5.160800000000000110e-02,1.237879999999999953e-01,6.117299999999999821e-02,1.234159999999999979e-01,-4.254499999999999948e-02,-3.730699999999999988e-02,6.011699999999999683e-02,-4.589900000000000230e-02,-1.790110000000000035e-01,1.474560000000000037e-01,1.802999999999999915e-03,7.525999999999999357e-02,3.302900000000000280e-02,8.068599999999999384e-02,-1.846999999999999901e-03,1.604099999999999970e-01,6.045960000000000223e-01,-4.196899999999999936e-02,1.091245000000000021e+00,-3.789319999999999911e-01,4.808400000000000174e-02,2.494230000000000058e-01,1.248839999999999950e-01,-7.864729999999999777e-01,2.740219999999999878e-01,1.025473000000000079e+00,2.826609999999999956e-01,1.058710000000000068e-01,-1.297240000000000060e-01
-7.982699999999999518e-02,-1.530539999999999956e-01,8.119290000000000118e-01,7.148719999999999519e-01,-4.160500000000000309e-02,2.143600000000000019e-02,-6.976869999999999461e-01,4.362699999999999911e-02,1.255060000000000064e-01,6.040800000000000336e-02,1.227440000000000059e-01,-5.694699999999999762e-02,-3.607400000000000190e-02,4.567000000000000226e-02,-4.611900000000000027e-02,-1.810789999999999900e-01,1.553799999999999903e-01,-1.136700000000000037e-02,8.358300000000000451e-02,3.953000000000000264e-02,7.993500000000000605e-02,5.932999999999999906e-03,1.547379999999999867e-01,6.453729999999999745e-01,-9.865999999999999770e-03,1.067226000000000008e+00,-3.806829999999999936e-01,4.567199999999999732e-02,2.657869999999999955e-01,1.238120000000000054e-01,-8.020009999999999639e-01,2.578059999999999796e-01,9.973849999999999660e-01,2.776580000000000159e-01,1.025920000000000026e-01,-1.383399999999999908e-01
-8.172100000000000197e-02,-1.511720000000000008e-01,8.096119999999999983e-01,7.139550000000000063e-01,-3.948100000000000220e-02,2.294300000000000159e-02,-6.987010000000000165e-01,3.469900000000000068e-02,1.274109999999999965e-01,5.946699999999999903e-02,1.234910000000000035e-01,-7.179000000000000659e-02,-3.474499999999999811e-02,2.952899999999999969e-02,-4.676099999999999701e-02,-1.832350000000000090e-01,1.659569999999999934e-01,-2.578700000000000089e-02,9.162299999999999611e-02,4.584900000000000087e-02,7.801800000000000401e-02,1.447700000000000028e-02,1.479989999999999917e-01,6.876590000000000202e-01,2.290599999999999928e-02,1.045849000000000029e+00,-3.823829999999999729e-01,4.256100000000000161e-02,2.809159999999999990e-01,1.219070000000000015e-01,-8.162800000000000056e-01,2.414659999999999862e-01,9.698970000000000091e-01,2.719559999999999755e-01,9.912799999999999390e-02,-1.469010000000000038e-01
-8.393299999999999372e-02,-1.489719999999999933e-01,8.071789999999999798e-01,7.130079999999999751e-01,-3.774399999999999977e-02,2.344600000000000156e-02,-6.997470000000000079e-01,2.520100000000000118e-02,1.289099999999999968e-01,5.843099999999999683e-02,1.293759999999999910e-01,-8.908800000000000052e-02,-3.330500000000000127e-02,1.102500000000000008e-02,-4.898700000000000276e-02,-1.848760000000000125e-01,1.850259999999999960e-01,-4.449499999999999983e-02,9.958300000000000485e-02,5.255699999999999955e-02,7.383199999999999485e-02,2.767999999999999974e-02,1.377059999999999951e-01,7.316030000000000033e-01,5.620900000000000202e-02,1.026810000000000000e+00,-3.833509999999999973e-01,3.988599999999999784e-02,2.965550000000000130e-01,1.174189999999999956e-01,-8.282150000000000345e-01,2.239819999999999867e-01,9.427780000000000049e-01,2.651310000000000056e-01,9.693000000000000227e-02,-1.559929999999999928e-01
-8.786299999999999666e-02,-1.460940000000000016e-01,8.063090000000000535e-01,7.160600000000000298e-01,-3.688099999999999712e-02,2.609300000000000161e-02,-6.965759999999999730e-01,2.341000000000000199e-03,1.375840000000000118e-01,5.319600000000000023e-02,1.489090000000000136e-01,-9.705199999999999938e-02,-3.833199999999999802e-02,-2.444999999999999951e-02,-7.914200000000000401e-02,-1.855829999999999980e-01,2.364489999999999925e-01,-6.208600000000000230e-02,9.335499999999999354e-02,5.176599999999999951e-02,7.975400000000000544e-02,3.507699999999999707e-02,1.220159999999999995e-01,7.891529999999999934e-01,7.624000000000000221e-02,1.015076000000000089e+00,-3.782079999999999886e-01,4.071299999999999919e-02,3.025740000000000096e-01,1.179980000000000057e-01,-8.557970000000000299e-01,2.044159999999999866e-01,9.087129999999999930e-01,2.556939999999999769e-01,9.451800000000000479e-02,-1.620300000000000074e-01
-9.186800000000000521e-02,-1.431640000000000135e-01,8.053740000000000343e-01,7.192110000000000447e-01,-3.470600000000000074e-02,2.926499999999999935e-02,-6.933059999999999778e-01,-2.457600000000000062e-02,1.445099999999999996e-01,4.712199999999999722e-02,1.699710000000000110e-01,-1.050559999999999966e-01,-4.255500000000000255e-02,-6.589699999999999724e-02,-1.112820000000000059e-01,-1.847699999999999898e-01,2.946170000000000178e-01,-8.282699999999999785e-02,8.788300000000000278e-02,5.189699999999999869e-02,8.458599999999999453e-02,3.989299999999999791e-02,1.043369999999999992e-01,8.469959999999999711e-01,9.380900000000000349e-02,1.005949999999999900e+00,-3.732679999999999887e-01,4.103099999999999803e-02,3.077989999999999893e-01,1.210249999999999937e-01,-8.838380000000000125e-01,1.825019999999999976e-01,8.733999999999999542e-01,2.461679999999999979e-01,9.309699999999999920e-02,-1.675030000000000130e-01
-9.580800000000000427e-02,-1.400720000000000021e-01,8.044599999999999529e-01,7.224089999999999678e-01,-3.187899999999999762e-02,3.248700000000000199e-02,-6.899659999999999682e-01,-5.290199999999999764e-02,1.501220000000000054e-01,4.082899999999999724e-02,1.912889999999999868e-01,-1.130619999999999958e-01,-4.665400000000000102e-02,-1.096039999999999931e-01,-1.445440000000000058e-01,-1.821730000000000016e-01,3.553899999999999837e-01,-1.047010000000000024e-01,8.290000000000000147e-02,5.244100000000000150e-02,8.837499999999999523e-02,4.376100000000000129e-02,8.650700000000000056e-02,9.053790000000000449e-01,1.104699999999999988e-01,9.979479999999999462e-01,-3.684129999999999905e-01,4.077900000000000275e-02,3.123150000000000093e-01,1.257679999999999909e-01,-9.118279999999999719e-01,1.590689999999999882e-01,8.381809999999999539e-01,2.365309999999999913e-01,9.139200000000000101e-02,-1.725220000000000087e-01
-9.976999999999999758e-02,-1.378530000000000033e-01,8.035520000000000440e-01,7.279999999999999805e-01,-2.551700000000000149e-02,3.656899999999999734e-02,-6.841249999999999831e-01,-8.860999999999999432e-02,1.483230000000000104e-01,2.744399999999999964e-02,2.115249999999999908e-01,-1.107520000000000032e-01,-5.024499999999999800e-02,-1.297510000000000052e-01,-1.865100000000000091e-01,-1.730309999999999904e-01,3.560280000000000111e-01,-1.004759999999999959e-01,8.162600000000000411e-02,4.938900000000000234e-02,9.393999999999999573e-02,4.560600000000000070e-02,7.293499999999999983e-02,9.513819999999999499e-01,1.062619999999999953e-01,9.806240000000000512e-01,-3.585409999999999986e-01,3.779500000000000220e-02,3.157130000000000214e-01,1.294510000000000105e-01,-9.532370000000000010e-01,1.552920000000000134e-01,7.948650000000000437e-01,2.206269999999999898e-01,8.860400000000000220e-02,-1.741739999999999955e-01
-1.035449999999999982e-01,-1.357599999999999918e-01,8.028260000000000396e-01,7.334370000000000056e-01,-2.024499999999999911e-02,4.113499999999999795e-02,-6.782089999999999508e-01,-1.231880000000000058e-01,1.482970000000000121e-01,1.379499999999999997e-02,2.314670000000000061e-01,-1.089579999999999993e-01,-5.466800000000000131e-02,-1.454560000000000020e-01,-2.255310000000000092e-01,-1.646239999999999926e-01,3.489570000000000172e-01,-9.222800000000000442e-02,8.004000000000000004e-02,4.564800000000000108e-02,1.030019999999999963e-01,4.764899999999999691e-02,6.074199999999999738e-02,9.953100000000000280e-01,1.021309999999999996e-01,9.624089999999999590e-01,-3.485480000000000245e-01,3.503200000000000064e-02,3.202019999999999866e-01,1.332959999999999978e-01,-9.967000000000000304e-01,1.521349999999999925e-01,7.521860000000000213e-01,2.053740000000000010e-01,8.597299999999999387e-02,-1.750569999999999904e-01
-1.073289999999999939e-01,-1.337109999999999965e-01,8.022350000000000314e-01,7.387500000000000178e-01,-1.547499999999999917e-02,4.578700000000000131e-02,-6.722439999999999527e-01,-1.572749999999999981e-01,1.486399999999999944e-01,-1.129999999999999955e-04,2.516059999999999963e-01,-1.076450000000000046e-01,-5.975099999999999856e-02,-1.599329999999999918e-01,-2.634859999999999980e-01,-1.562659999999999882e-01,3.400790000000000202e-01,-8.307199999999999307e-02,7.830099999999999560e-02,4.159199999999999703e-02,1.132350000000000023e-01,5.023699999999999694e-02,4.911100000000000187e-02,1.038716999999999890e+00,9.817800000000000138e-02,9.438760000000000483e-01,-3.385250000000000203e-01,3.230600000000000138e-02,3.247990000000000044e-01,1.375740000000000018e-01,-1.040985000000000049e+00,1.487090000000000078e-01,7.099250000000000282e-01,1.905399999999999872e-01,8.322899999999999743e-02,-1.753439999999999999e-01
-1.117620000000000002e-01,-1.306650000000000034e-01,8.004259999999999708e-01,7.436779999999999502e-01,-1.101500000000000049e-02,4.957999999999999907e-02,-6.666060000000000318e-01,-1.948560000000000014e-01,1.509169999999999956e-01,-5.226999999999999875e-03,2.801750000000000074e-01,-1.050470000000000015e-01,-6.145099999999999868e-02,-1.678189999999999960e-01,-2.865230000000000277e-01,-1.574699999999999989e-01,3.323590000000000155e-01,-5.811199999999999699e-02,9.805099999999999927e-02,4.440100000000000297e-02,1.154410000000000019e-01,4.999499999999999778e-02,4.139799999999999730e-02,1.094471999999999889e+00,1.112240000000000034e-01,9.436280000000000223e-01,-3.378439999999999777e-01,3.078699999999999840e-02,3.281319999999999792e-01,1.427370000000000028e-01,-1.066556999999999977e+00,1.361400000000000110e-01,6.807509999999999950e-01,1.896970000000000045e-01,8.095399999999999818e-02,-1.779640000000000111e-01
-1.163929999999999965e-01,-1.276960000000000039e-01,7.989800000000000235e-01,7.484020000000000117e-01,-6.636000000000000405e-03,5.320500000000000229e-02,-6.610749999999999682e-01,-2.326149999999999884e-01,1.528039999999999954e-01,-9.461000000000000659e-03,3.092039999999999789e-01,-1.039059999999999984e-01,-6.578699999999999826e-02,-1.745780000000000109e-01,-3.086180000000000034e-01,-1.577600000000000113e-01,3.226010000000000266e-01,-3.230999999999999844e-02,1.169950000000000018e-01,4.741499999999999881e-02,1.162839999999999985e-01,5.004499999999999921e-02,3.435799999999999965e-02,1.152001999999999970e+00,1.246320000000000067e-01,9.445240000000000302e-01,-3.376759999999999762e-01,2.823900000000000021e-02,3.302599999999999980e-01,1.471079999999999888e-01,-1.090243000000000073e+00,1.245750000000000052e-01,6.524849999999999817e-01,1.889210000000000056e-01,7.796400000000000552e-02,-1.811379999999999935e-01
-1.212209999999999954e-01,-1.246799999999999992e-01,7.977250000000000174e-01,7.529959999999999987e-01,-2.252999999999999794e-03,5.668399999999999828e-02,-6.555760000000000476e-01,-2.707820000000000227e-01,1.538539999999999908e-01,-1.362499999999999996e-02,3.387109999999999843e-01,-1.051809999999999967e-01,-7.125599999999999989e-02,-1.810879999999999990e-01,-3.302510000000000168e-01,-1.570209999999999939e-01,3.123150000000000093e-01,-6.381000000000000387e-03,1.358060000000000100e-01,5.052999999999999853e-02,1.165270000000000056e-01,5.039600000000000329e-02,2.784800000000000123e-02,1.209580000000000100e+00,1.381149999999999878e-01,9.454179999999999806e-01,-3.375070000000000014e-01,2.559300000000000117e-02,3.329269999999999730e-01,1.510930000000000051e-01,-1.113153999999999977e+00,1.133709999999999996e-01,6.243180000000000396e-01,1.880789999999999962e-01,7.515099999999999558e-02,-1.846909999999999941e-01
-1.245180000000000037e-01,-1.217710000000000042e-01,7.947980000000000045e-01,7.529169999999999474e-01,3.500000000000000073e-03,5.825500000000000123e-02,-6.555229999999999668e-01,-2.864249999999999852e-01,1.891329999999999956e-01,-4.355000000000000364e-03,3.632389999999999786e-01,-1.266770000000000118e-01,-1.261569999999999914e-01,-2.025210000000000066e-01,-3.499079999999999968e-01,-1.374779999999999891e-01,3.375529999999999919e-01,-3.470700000000000174e-02,1.910709999999999908e-01,5.501500000000000140e-02,1.168639999999999957e-01,4.458499999999999963e-02,3.885899999999999771e-02,1.243500000000000050e+00,1.614079999999999959e-01,9.696700000000000319e-01,-3.401000000000000134e-01,2.464399999999999924e-02,3.351310000000000122e-01,1.545159999999999867e-01,-1.145361000000000073e+00,9.176700000000000135e-02,5.641749999999999821e-01,1.779370000000000118e-01,7.261099999999999499e-02,-1.898650000000000060e-01
-1.277580000000000104e-01,-1.190149999999999958e-01,7.917560000000000153e-01,7.527779999999999472e-01,9.445000000000000270e-03,5.972600000000000131e-02,-6.554910000000000458e-01,-3.034020000000000050e-01,2.242149999999999976e-01,4.645999999999999956e-03,3.899279999999999968e-01,-1.493559999999999888e-01,-1.807459999999999900e-01,-2.279079999999999995e-01,-3.709299999999999820e-01,-1.177580000000000016e-01,3.702900000000000080e-01,-6.739499999999999658e-02,2.462959999999999872e-01,5.874599999999999961e-02,1.177389999999999964e-01,3.916499999999999843e-02,5.564899999999999708e-02,1.275649000000000033e+00,1.903870000000000007e-01,9.932980000000000143e-01,-3.421009999999999884e-01,2.223500000000000129e-02,3.371279999999999832e-01,1.620300000000000074e-01,-1.178881999999999985e+00,6.661400000000000654e-02,4.993719999999999826e-01,1.668610000000000093e-01,7.322700000000000042e-02,-1.947419999999999984e-01
-1.441330000000000111e-01,-1.154099999999999987e-01,7.905499999999999750e-01,7.478949999999999765e-01,2.788000000000000114e-03,7.343399999999999928e-02,-6.597370000000000179e-01,-3.288610000000000144e-01,3.217419999999999725e-01,-2.699000000000000010e-03,4.144900000000000251e-01,-1.653699999999999892e-01,-2.617900000000000227e-01,-2.681839999999999780e-01,-3.267909999999999981e-01,-1.121790000000000009e-01,4.220389999999999975e-01,-1.110509999999999969e-01,2.617979999999999752e-01,7.903499999999999415e-02,1.380949999999999955e-01,4.124900000000000094e-02,6.275999999999999635e-02,1.314262999999999959e+00,2.230000000000000038e-01,1.015223999999999904e+00,-3.404329999999999856e-01,1.974800000000000166e-02,3.480860000000000065e-01,1.530940000000000079e-01,-1.193713000000000024e+00,4.463299999999999906e-02,4.394330000000000180e-01,1.542830000000000035e-01,7.384499999999999398e-02,-2.020190000000000041e-01
-1.457960000000000089e-01,-1.046229999999999938e-01,7.861390000000000322e-01,7.445760000000000156e-01,9.166999999999999801e-03,7.684599999999999764e-02,-6.630359999999999587e-01,-3.528149999999999897e-01,3.402220000000000244e-01,-4.177000000000000157e-03,4.306869999999999865e-01,-1.706370000000000109e-01,-2.617999999999999772e-01,-3.322080000000000033e-01,-3.257320000000000215e-01,-7.978000000000000369e-02,4.574949999999999850e-01,-1.242469999999999963e-01,2.617999999999999772e-01,8.990399999999999781e-02,1.381719999999999893e-01,4.408299999999999719e-02,7.729800000000000559e-02,1.324980999999999964e+00,2.547400000000000220e-01,1.037347999999999937e+00,-3.429340000000000166e-01,1.930499999999999924e-02,3.515789999999999749e-01,1.427410000000000068e-01,-1.208210000000000006e+00,2.379200000000000065e-02,3.574899999999999745e-01,1.427190000000000125e-01,7.525199999999999945e-02,-2.019809999999999939e-01
-1.485859999999999959e-01,-9.468899999999999539e-02,7.817779999999999729e-01,7.421370000000000466e-01,1.967100000000000098e-02,7.955900000000000472e-02,-6.652190000000000047e-01,-3.787809999999999788e-01,3.512440000000000007e-01,-4.185999999999999617e-03,4.420490000000000252e-01,-1.730829999999999869e-01,-2.617999999999999772e-01,-4.044380000000000197e-01,-3.304869999999999752e-01,-4.549500000000000072e-02,5.024440000000000017e-01,-1.435599999999999932e-01,2.617999999999999772e-01,9.556499999999999717e-02,1.292649999999999910e-01,4.377000000000000335e-02,1.024840000000000056e-01,1.334870000000000001e+00,2.968120000000000203e-01,1.057689000000000101e+00,-3.447009999999999796e-01,1.780999999999999944e-02,3.558160000000000212e-01,1.356980000000000131e-01,-1.221815000000000095e+00,8.059999999999999673e-04,2.672080000000000011e-01,1.302200000000000024e-01,8.248400000000000176e-02,-2.009559999999999957e-01
-1.517860000000000043e-01,-8.558300000000000629e-02,7.780000000000000249e-01,7.402640000000000331e-01,3.020099999999999868e-02,8.146299999999999375e-02,-6.666790000000000216e-01,-4.003999999999999782e-01,3.608870000000000133e-01,-3.869000000000000043e-03,4.485839999999999828e-01,-1.740400000000000003e-01,-2.617999999999999772e-01,-4.703039999999999998e-01,-3.344969999999999888e-01,-1.343800000000000029e-02,5.416469999999999896e-01,-1.620310000000000084e-01,2.617999999999999772e-01,9.851899999999999546e-02,1.177369999999999944e-01,4.289699999999999763e-02,1.362619999999999942e-01,1.344921999999999951e+00,3.445050000000000057e-01,1.075075000000000003e+00,-3.465260000000000007e-01,1.691799999999999901e-02,3.599399999999999822e-01,1.300379999999999869e-01,-1.233797999999999950e+00,-2.044199999999999837e-02,1.775539999999999896e-01,1.178690000000000015e-01,8.881999999999999618e-02,-1.990149999999999975e-01
-1.517910000000000093e-01,-8.096399999999999431e-02,7.731500000000000039e-01,7.415610000000000257e-01,3.678599999999999925e-02,8.148400000000000087e-02,-6.649009999999999643e-01,-4.205349999999999921e-01,3.545329999999999870e-01,-1.056299999999999947e-02,4.662220000000000253e-01,-1.843509999999999871e-01,-2.617999999999999772e-01,-4.973000000000000198e-01,-3.409329999999999861e-01,7.872999999999999790e-03,5.540150000000000352e-01,-1.653119999999999867e-01,2.617999999999999772e-01,9.166900000000000048e-02,1.069959999999999939e-01,4.173799999999999732e-02,1.562479999999999980e-01,1.338168000000000024e+00,3.758659999999999779e-01,1.098362000000000060e+00,-3.521880000000000011e-01,1.633300000000000030e-02,3.644740000000000202e-01,1.124190000000000050e-01,-1.226323000000000052e+00,-4.397500000000000020e-02,1.067270000000000024e-01,1.088709999999999956e-01,9.480500000000000038e-02,-2.050069999999999948e-01
-1.518349999999999977e-01,-7.667899999999999716e-02,7.686770000000000547e-01,7.429000000000000048e-01,4.218299999999999828e-02,8.087700000000000444e-02,-6.631580000000000252e-01,-4.372780000000000000e-01,3.491489999999999871e-01,-1.705699999999999925e-02,4.837270000000000181e-01,-1.953489999999999949e-01,-2.617999999999999772e-01,-5.192710000000000381e-01,-3.461290000000000200e-01,2.815300000000000094e-02,5.637069999999999581e-01,-1.681620000000000059e-01,2.617999999999999772e-01,8.544300000000000506e-02,9.746399999999999508e-02,4.235200000000000076e-02,1.708389999999999909e-01,1.331750999999999907e+00,4.015500000000000180e-01,1.123577999999999966e+00,-3.579609999999999737e-01,1.575599999999999917e-02,3.692079999999999806e-01,9.427099999999999369e-02,-1.218593000000000037e+00,-6.674499999999999877e-02,3.790700000000000319e-02,9.952999999999999348e-02,1.000380000000000019e-01,-2.104499999999999982e-01
-1.518919999999999992e-01,-7.273699999999999610e-02,7.643119999999999914e-01,7.442670000000000119e-01,4.715799999999999853e-02,8.007599999999999441e-02,-6.613860000000000294e-01,-4.524819999999999953e-01,3.441690000000000027e-01,-2.328699999999999867e-02,5.012539999999999774e-01,-2.069610000000000061e-01,-2.617999999999999772e-01,-5.389979999999999771e-01,-3.507020000000000137e-01,4.792400000000000132e-02,5.726189999999999891e-01,-1.714950000000000085e-01,2.617999999999999772e-01,7.958600000000000396e-02,8.829800000000000149e-02,4.305900000000000005e-02,1.832729999999999915e-01,1.325560999999999989e+00,4.245269999999999877e-01,1.149583999999999939e+00,-3.637279999999999958e-01,1.512400000000000029e-02,3.737690000000000179e-01,7.727599999999999747e-02,-1.210530000000000106e+00,-9.009699999999999653e-02,-3.057599999999999901e-02,8.989099999999999868e-02,1.051010000000000000e-01,-2.151389999999999969e-01
-1.534449999999999981e-01,-6.970999999999999419e-02,7.609280000000000488e-01,7.472480000000000233e-01,4.651999999999999885e-02,7.721300000000000385e-02,-6.584029999999999605e-01,-4.596290000000000098e-01,3.437319999999999820e-01,-2.600399999999999934e-02,5.135610000000000452e-01,-2.077370000000000050e-01,-2.617999999999999772e-01,-5.340260000000000007e-01,-3.553660000000000152e-01,4.512599999999999945e-02,5.733669999999999600e-01,-1.721949999999999870e-01,2.617999999999999772e-01,7.006300000000000028e-02,8.297300000000000508e-02,4.244599999999999762e-02,1.716290000000000038e-01,1.307873000000000063e+00,4.061219999999999830e-01,1.151912999999999965e+00,-3.608979999999999966e-01,1.600000000000000033e-02,3.645740000000000092e-01,5.150500000000000217e-02,-1.195635999999999921e+00,-6.981199999999999906e-02,-1.068909999999999999e-01,8.608499999999999486e-02,1.097209999999999991e-01,-2.005319999999999880e-01
-1.549830000000000096e-01,-6.645099999999999618e-02,7.576540000000000497e-01,7.502659999999999885e-01,4.510100000000000220e-02,7.372199999999999587e-02,-6.554630000000000178e-01,-4.645739999999999870e-01,3.436480000000000090e-01,-2.872200000000000100e-02,5.254450000000000509e-01,-2.082749999999999879e-01,-2.617999999999999772e-01,-5.263330000000000508e-01,-3.596619999999999817e-01,4.188999999999999668e-02,5.727849999999999886e-01,-1.721280000000000032e-01,2.617999999999999772e-01,6.158500000000000085e-02,7.929899999999999449e-02,4.297200000000000325e-02,1.523500000000000132e-01,1.289533999999999958e+00,3.795970000000000177e-01,1.156919000000000031e+00,-3.580539999999999834e-01,1.742900000000000005e-02,3.569309999999999983e-01,2.414200000000000026e-02,-1.181937000000000015e+00,-4.721600000000000102e-02,-1.793919999999999959e-01,8.271900000000000086e-02,1.139970000000000011e-01,-1.861760000000000081e-01
-1.564570000000000127e-01,-6.315900000000000680e-02,7.543870000000000298e-01,7.532670000000000199e-01,4.351000000000000006e-02,7.005300000000000415e-02,-6.525250000000000217e-01,-4.690969999999999862e-01,3.436529999999999863e-01,-3.139800000000000230e-02,5.374560000000000448e-01,-2.088240000000000096e-01,-2.617999999999999772e-01,-5.181459999999999955e-01,-3.638199999999999767e-01,3.861900000000000055e-02,5.720619999999999594e-01,-1.718830000000000080e-01,2.617999999999999772e-01,5.406500000000000195e-02,7.620100000000000484e-02,4.380400000000000266e-02,1.309109999999999996e-01,1.270602000000000009e+00,3.507339999999999902e-01,1.162889999999999979e+00,-3.551599999999999757e-01,1.863000000000000073e-02,3.495079999999999854e-01,-9.009999999999999997e-04,-1.168269999999999920e+00,-2.628399999999999834e-02,-2.508799999999999919e-01,7.970199999999999507e-02,1.178499999999999964e-01,-1.717899999999999983e-01
-1.579589999999999883e-01,-6.211799999999999961e-02,7.538470000000000448e-01,7.609460000000000113e-01,3.895900000000000057e-02,6.743200000000000582e-02,-6.441240000000000299e-01,-4.686330000000000218e-01,3.380299999999999971e-01,-4.273799999999999821e-02,5.318389999999999507e-01,-1.996910000000000074e-01,-2.617999999999999772e-01,-4.849410000000000109e-01,-3.688810000000000144e-01,1.737800000000000109e-02,5.548170000000000046e-01,-1.725760000000000072e-01,2.617999999999999772e-01,6.134499999999999675e-02,7.460999999999999577e-02,4.012099999999999694e-02,6.217400000000000010e-02,1.262934000000000001e+00,2.723229999999999817e-01,1.127043999999999935e+00,-3.343800000000000106e-01,2.037100000000000022e-02,3.298019999999999841e-01,-5.258000000000000174e-02,-1.175489000000000006e+00,5.744799999999999907e-02,-3.127340000000000120e-01,7.400400000000000034e-02,1.232619999999999966e-01,-1.291499999999999870e-01
-1.593960000000000099e-01,-6.077899999999999969e-02,7.534549999999999859e-01,7.685070000000000512e-01,3.347100000000000075e-02,6.411899999999999544e-02,-6.357399999999999718e-01,-4.661660000000000248e-01,3.334099999999999842e-01,-5.443200000000000122e-02,5.255859999999999976e-01,-1.898330000000000017e-01,-2.617999999999999772e-01,-4.489529999999999910e-01,-3.726169999999999760e-01,-4.139000000000000318e-03,5.363480000000000469e-01,-1.724030000000000007e-01,2.617999999999999772e-01,7.066600000000000659e-02,7.590099999999999625e-02,3.762499999999999872e-02,-1.631700000000000164e-02,1.250958999999999932e+00,1.829069999999999863e-01,1.095604999999999940e+00,-3.137539999999999774e-01,2.261200000000000015e-02,3.113079999999999736e-01,-1.093890000000000001e-01,-1.182290000000000063e+00,1.462090000000000056e-01,-3.670490000000000141e-01,6.943299999999999472e-02,1.265640000000000098e-01,-8.712999999999999912e-02
-1.608040000000000025e-01,-5.939099999999999935e-02,7.531179999999999541e-01,7.759150000000000214e-01,2.768199999999999827e-02,6.057499999999999690e-02,-6.273119999999999807e-01,-4.633099999999999996e-01,3.294830000000000259e-01,-6.640799999999999481e-02,5.191400000000000459e-01,-1.797030000000000016e-01,-2.617999999999999772e-01,-4.122580000000000133e-01,-3.753819999999999935e-01,-2.559000000000000163e-02,5.178329999999999878e-01,-1.721650000000000125e-01,2.617999999999999772e-01,8.146499999999999575e-02,7.828999999999999848e-02,3.538199999999999679e-02,-9.410000000000000309e-02,1.234364000000000017e+00,9.263000000000000400e-02,1.064769000000000077e+00,-2.932060000000000222e-01,2.419599999999999876e-02,2.920159999999999978e-01,-1.634210000000000107e-01,-1.185953000000000035e+00,2.332009999999999916e-01,-4.197930000000000272e-01,6.591600000000000237e-02,1.285389999999999866e-01,-4.562100000000000183e-02
-1.645629999999999871e-01,-5.892499999999999821e-02,7.555889999999999551e-01,7.859720000000000040e-01,1.711999999999999980e-02,5.935499999999999804e-02,-6.151689999999999658e-01,-4.535489999999999799e-01,3.344119999999999870e-01,-8.409200000000000008e-02,4.942500000000000226e-01,-1.532840000000000036e-01,-2.617999999999999772e-01,-3.619919999999999805e-01,-3.624609999999999776e-01,-6.261899999999999411e-02,4.915930000000000022e-01,-1.554049999999999876e-01,2.617999999999999772e-01,1.052629999999999955e-01,8.282000000000000473e-02,2.478100000000000094e-02,-2.349019999999999997e-01,1.209136999999999906e+00,-5.946599999999999803e-02,1.007513000000000103e+00,-2.644099999999999784e-01,2.307100000000000123e-02,2.787749999999999950e-01,-2.836710000000000065e-01,-1.159375999999999962e+00,3.525249999999999773e-01,-4.713769999999999905e-01,6.958799999999999708e-02,1.292190000000000005e-01,-1.640399999999999844e-02
-1.682369999999999977e-01,-5.837200000000000027e-02,7.581290000000000529e-01,7.956879999999999509e-01,6.091000000000000060e-03,5.792599999999999832e-02,-6.028999999999999915e-01,-4.440279999999999783e-01,3.406170000000000031e-01,-1.022460000000000035e-01,4.691089999999999982e-01,-1.265979999999999883e-01,-2.617999999999999772e-01,-3.116459999999999786e-01,-3.478720000000000145e-01,-9.856499999999999984e-02,4.648869999999999947e-01,-1.386390000000000122e-01,2.617999999999999772e-01,1.305369999999999864e-01,8.854399999999999771e-02,1.372100000000000056e-02,-3.660970000000000057e-01,1.169343000000000021e+00,-2.042539999999999911e-01,9.511319999999999775e-01,-2.358939999999999926e-01,2.081500000000000017e-02,2.631809999999999983e-01,-3.896100000000000119e-01,-1.119523999999999964e+00,4.600870000000000237e-01,-5.187349999999999461e-01,7.412399999999999545e-02,1.271629999999999983e-01,1.094700000000000013e-02
-1.716860000000000053e-01,-5.809899999999999787e-02,7.607070000000000221e-01,8.051260000000000083e-01,-5.348999999999999588e-03,5.629399999999999682e-02,-5.904009999999999536e-01,-4.347900000000000098e-01,3.479679999999999995e-01,-1.210090000000000054e-01,4.441749999999999865e-01,-1.002009999999999984e-01,-2.617999999999999772e-01,-2.611870000000000025e-01,-3.318459999999999743e-01,-1.334170000000000078e-01,4.383099999999999774e-01,-1.225979999999999986e-01,2.617999999999999772e-01,1.565340000000000065e-01,9.521100000000000396e-02,2.187999999999999841e-03,-4.760980000000000212e-01,1.114980000000000082e+00,-3.313729999999999731e-01,8.907249999999999890e-01,-2.074259999999999993e-01,1.760199999999999959e-02,2.447130000000000138e-01,-4.723609999999999753e-01,-1.066924999999999901e+00,5.484989999999999588e-01,-5.665930000000000133e-01,7.919099999999999751e-02,1.235590000000000022e-01,3.674600000000000088e-02
-1.730589999999999906e-01,-5.930499999999999661e-02,7.631400000000000405e-01,8.114259999999999806e-01,-1.406199999999999985e-02,5.689999999999999919e-02,-5.815090000000000536e-01,-4.159849999999999937e-01,3.586529999999999996e-01,-1.318670000000000120e-01,4.064150000000000262e-01,-8.319500000000000506e-02,-2.617999999999999772e-01,-2.108119999999999994e-01,-3.160740000000000216e-01,-1.720669999999999977e-01,3.886820000000000275e-01,-9.354600000000000415e-02,2.617999999999999772e-01,1.809479999999999977e-01,9.088200000000000445e-02,-1.635199999999999848e-02,-5.498819999999999819e-01,1.053647000000000000e+00,-4.202049999999999952e-01,8.151540000000000452e-01,-1.779320000000000068e-01,1.589499999999999941e-02,2.266980000000000106e-01,-5.241379999999999928e-01,-1.015789999999999971e+00,5.934909999999999908e-01,-5.875970000000000359e-01,8.793299999999999728e-02,1.186310000000000003e-01,4.218600000000000128e-02
-1.743909999999999905e-01,-6.046599999999999892e-02,7.657909999999999995e-01,8.176219999999999599e-01,-2.391899999999999929e-02,5.708200000000000079e-02,-5.724190000000000111e-01,-3.962769999999999904e-01,3.709370000000000167e-01,-1.431570000000000065e-01,3.690470000000000139e-01,-6.652299999999999880e-02,-2.617999999999999772e-01,-1.576120000000000021e-01,-2.968480000000000008e-01,-2.108530000000000126e-01,3.370070000000000010e-01,-6.422400000000000331e-02,2.617999999999999772e-01,2.057569999999999955e-01,8.773699999999999555e-02,-3.337199999999999889e-02,-6.018799999999999706e-01,9.798740000000000228e-01,-4.911550000000000082e-01,7.332680000000000309e-01,-1.486889999999999878e-01,1.417099999999999957e-02,2.058169999999999999e-01,-5.527400000000000091e-01,-9.528330000000000410e-01,6.204490000000000283e-01,-6.083819999999999784e-01,9.716099999999999737e-02,1.114499999999999935e-01,4.512399999999999745e-02
-1.756550000000000056e-01,-6.179400000000000170e-02,7.687829999999999941e-01,8.236919999999999797e-01,-3.438200000000000284e-02,5.728699999999999765e-02,-5.630870000000000042e-01,-3.770939999999999848e-01,3.845450000000000257e-01,-1.548029999999999962e-01,3.322860000000000258e-01,-5.029200000000000337e-02,-2.617999999999999772e-01,-1.033339999999999953e-01,-2.744139999999999913e-01,-2.492630000000000123e-01,2.837089999999999890e-01,-3.489099999999999840e-02,2.617999999999999772e-01,2.298900000000000110e-01,8.535500000000000032e-02,-5.010499999999999676e-02,-6.267850000000000366e-01,8.961780000000000301e-01,-5.394679999999999476e-01,6.422459999999999836e-01,-1.191200000000000037e-01,1.120699999999999995e-02,1.818839999999999901e-01,-5.552399999999999558e-01,-8.789109999999999978e-01,6.273490000000000455e-01,-6.320029999999999815e-01,1.062160000000000049e-01,1.023180000000000062e-01,4.645699999999999830e-02
-1.689670000000000061e-01,-6.976999999999999869e-02,7.720380000000000020e-01,8.328539999999999832e-01,-3.822699999999999709e-02,5.467099999999999738e-02,-5.494580000000000020e-01,-3.354320000000000079e-01,3.784850000000000159e-01,-1.602159999999999973e-01,2.768240000000000145e-01,-3.117100000000000079e-02,-2.617999999999999772e-01,-4.544800000000000229e-02,-2.786500000000000088e-01,-2.770219999999999905e-01,2.463410000000000044e-01,-1.544200000000000086e-02,2.617999999999999772e-01,2.444679999999999909e-01,6.800699999999999801e-02,-7.016500000000000514e-02,-6.082469999999999821e-01,7.951160000000000450e-01,-5.246750000000000025e-01,5.958240000000000203e-01,-1.098770000000000024e-01,1.295900000000000003e-02,1.651759999999999895e-01,-5.492989999999999817e-01,-8.014649999999999830e-01,6.043079999999999563e-01,-6.035199999999999454e-01,1.102930000000000021e-01,9.587600000000000289e-02,4.776999999999999996e-02
-1.626839999999999953e-01,-7.829099999999999948e-02,7.757169999999999899e-01,8.424869999999999859e-01,-4.089299999999999879e-02,5.061500000000000027e-02,-5.347730000000000539e-01,-2.917959999999999998e-01,3.692549999999999999e-01,-1.655649999999999900e-01,2.193090000000000039e-01,-1.126500000000000071e-02,-2.617999999999999772e-01,1.532000000000000028e-02,-2.845079999999999831e-01,-3.071329999999999893e-01,2.106480000000000019e-01,1.683000000000000034e-03,2.617999999999999772e-01,2.537969999999999948e-01,4.920900000000000274e-02,-8.832900000000000473e-02,-5.626240000000000130e-01,6.905529999999999724e-01,-4.867090000000000027e-01,5.420469999999999455e-01,-9.908699999999999453e-02,1.223600000000000035e-02,1.470430000000000070e-01,-5.262289999999999468e-01,-7.117320000000000313e-01,5.707470000000000043e-01,-5.751260000000000261e-01,1.141110000000000041e-01,8.644499999999999407e-02,4.794099999999999751e-02
-1.566480000000000095e-01,-8.764299999999999868e-02,7.796699999999999742e-01,8.523519999999999985e-01,-4.143000000000000155e-02,4.661400000000000265e-02,-5.192369999999999486e-01,-2.498289999999999955e-01,3.570769999999999778e-01,-1.710450000000000026e-01,1.599609999999999921e-01,9.362999999999999795e-03,-2.617999999999999772e-01,7.541699999999999793e-02,-2.915749999999999731e-01,-3.397270000000000012e-01,1.764890000000000070e-01,1.677299999999999972e-02,2.617999999999999772e-01,2.610750000000000015e-01,2.630299999999999999e-02,-1.091850000000000043e-01,-4.978830000000000200e-01,5.849069999999999547e-01,-4.341999999999999749e-01,4.808919999999999861e-01,-8.729499999999999760e-02,1.103499999999999967e-02,1.280779999999999974e-01,-4.828870000000000107e-01,-6.154070000000000373e-01,5.233259999999999579e-01,-5.521369999999999889e-01,1.171750000000000014e-01,7.718800000000000661e-02,4.777499999999999802e-02
-1.524199999999999999e-01,-9.567199999999999316e-02,7.833379999999999788e-01,8.628500000000000059e-01,-3.916000000000000036e-02,4.160300000000000109e-02,-5.022210000000000285e-01,-2.444230000000000014e-01,3.392080000000000095e-01,-1.590679999999999872e-01,1.601809999999999901e-01,3.749700000000000255e-02,-2.617999999999999772e-01,1.194090000000000013e-01,-3.015990000000000060e-01,-3.615590000000000193e-01,1.748280000000000112e-01,2.692800000000000055e-02,2.617999999999999772e-01,2.707749999999999879e-01,3.311999999999999840e-03,-1.193700000000000039e-01,-4.454170000000000074e-01,4.737629999999999897e-01,-3.787349999999999883e-01,4.073249999999999926e-01,-7.161299999999999610e-02,9.232000000000000622e-03,1.064060000000000006e-01,-4.333359999999999990e-01,-5.003929999999999767e-01,4.563969999999999971e-01,-4.044269999999999810e-01,9.551999999999999380e-02,7.171700000000000297e-02,4.357899999999999968e-02
-1.478959999999999997e-01,-1.040630000000000027e-01,7.867920000000000469e-01,8.729919999999999902e-01,-3.506399999999999795e-02,3.657699999999999840e-02,-4.850949999999999984e-01,-2.405460000000000098e-01,3.183010000000000006e-01,-1.461139999999999939e-01,1.632059999999999900e-01,6.346899999999999764e-02,-2.617999999999999772e-01,1.616930000000000034e-01,-3.141660000000000008e-01,-3.831590000000000273e-01,1.763710000000000000e-01,3.457600000000000257e-02,2.617999999999999772e-01,2.796879999999999922e-01,-2.426700000000000038e-02,-1.300870000000000082e-01,-3.941270000000000051e-01,3.671059999999999879e-01,-3.210910000000000153e-01,3.375159999999999827e-01,-5.695000000000000062e-02,7.383999999999999939e-03,8.469799999999999551e-02,-3.812380000000000213e-01,-3.812650000000000206e-01,3.851209999999999911e-01,-2.505169999999999897e-01,7.192900000000000682e-02,6.013700000000000295e-02,3.793900000000000050e-02
-1.429459999999999897e-01,-1.130199999999999955e-01,7.900460000000000260e-01,8.827030000000000154e-01,-2.947800000000000073e-02,3.122600000000000028e-02,-4.679650000000000198e-01,-2.363830000000000098e-01,2.948839999999999795e-01,-1.318159999999999887e-01,1.676769999999999927e-01,8.786399999999999766e-02,-2.617999999999999772e-01,2.045849999999999891e-01,-3.286220000000000252e-01,-4.049110000000000209e-01,1.784219999999999973e-01,4.112299999999999983e-02,2.617999999999999772e-01,2.888609999999999789e-01,-5.597300000000000192e-02,-1.403050000000000130e-01,-3.508539999999999992e-01,2.668229999999999769e-01,-2.663200000000000012e-01,2.743959999999999733e-01,-4.339699999999999808e-02,5.688999999999999613e-03,6.513499999999999845e-02,-3.337390000000000079e-01,-2.665210000000000079e-01,3.141419999999999768e-01,-9.862200000000000133e-02,4.828099999999999753e-02,4.983499999999999736e-02,2.989699999999999996e-02
-1.386239999999999972e-01,-1.141130000000000061e-01,7.914980000000000349e-01,8.903879999999999573e-01,-2.563299999999999954e-02,3.122600000000000028e-02,-4.534059999999999757e-01,-2.415039999999999965e-01,2.832729999999999970e-01,-1.259649999999999936e-01,1.667730000000000046e-01,9.342399999999999316e-02,-2.597209999999999797e-01,2.240870000000000084e-01,-3.347899999999999765e-01,-4.207989999999999786e-01,1.767380000000000062e-01,5.663499999999999784e-02,2.617999999999999772e-01,2.992529999999999912e-01,-7.784399999999999653e-02,-1.428909999999999902e-01,-2.903589999999999782e-01,1.891210000000000113e-01,-2.164699999999999958e-01,1.988890000000000102e-01,-3.171800000000000314e-02,4.858000000000000339e-03,4.653600000000000098e-02,-2.896739999999999871e-01,-1.943630000000000080e-01,2.545040000000000080e-01,-6.776300000000000379e-02,3.392900000000000083e-02,3.798300000000000287e-02,2.621199999999999919e-02
-1.340200000000000002e-01,-1.147959999999999953e-01,7.928859999999999797e-01,8.978180000000000049e-01,-2.126899999999999971e-02,3.169199999999999795e-02,-4.387099999999999889e-01,-2.490090000000000081e-01,2.700690000000000035e-01,-1.196279999999999982e-01,1.678310000000000080e-01,9.834700000000000386e-02,-2.565859999999999808e-01,2.421210000000000029e-01,-3.420980000000000132e-01,-4.366599999999999926e-01,1.752650000000000041e-01,7.268099999999999561e-02,2.617999999999999772e-01,3.106269999999999865e-01,-1.008550000000000002e-01,-1.451020000000000088e-01,-2.514710000000000001e-01,1.203479999999999966e-01,-1.793629999999999947e-01,1.339359999999999995e-01,-2.131699999999999914e-02,6.938999999999999856e-03,3.121600000000000069e-02,-2.669000000000000261e-01,-1.344950000000000034e-01,2.082420000000000104e-01,-3.922699999999999798e-02,2.110499999999999876e-02,3.054400000000000170e-02,2.355399999999999855e-02
-1.305199999999999971e-01,-1.156139999999999946e-01,7.944750000000000423e-01,9.047169999999999934e-01,-1.812799999999999828e-02,3.307500000000000023e-02,-4.243390000000000217e-01,-2.574480000000000102e-01,2.617979999999999752e-01,-1.142949999999999938e-01,1.682669999999999999e-01,1.041720000000000007e-01,-2.555749999999999966e-01,2.582430000000000003e-01,-3.443269999999999942e-01,-4.520390000000000241e-01,1.741939999999999877e-01,8.829499999999999849e-02,2.582599999999999896e-01,3.228570000000000051e-01,-1.228339999999999987e-01,-1.472690000000000110e-01,-2.357130000000000059e-01,6.061699999999999727e-02,-1.560539999999999983e-01,8.280600000000000460e-02,-1.252200000000000014e-02,1.001699999999999986e-02,1.865199999999999844e-02,-2.669730000000000159e-01,-8.438500000000000167e-02,1.749529999999999974e-01,-9.487000000000000641e-03,9.152000000000000413e-03,2.611899999999999986e-02,2.135400000000000145e-02
-1.291960000000000053e-01,-1.157370000000000065e-01,7.941740000000000466e-01,9.086480000000000112e-01,-1.612200000000000091e-02,3.459999999999999881e-02,-4.158140000000000169e-01,-2.635879999999999890e-01,2.559290000000000176e-01,-1.199080000000000007e-01,1.666340000000000043e-01,1.019179999999999947e-01,-2.585080000000000156e-01,2.652269999999999905e-01,-3.441170000000000062e-01,-4.593619999999999925e-01,1.726199999999999957e-01,9.325200000000000156e-02,2.603480000000000238e-01,3.292379999999999751e-01,-1.368759999999999977e-01,-1.467019999999999991e-01,-2.163430000000000075e-01,3.760000000000000148e-02,-1.330530000000000046e-01,9.143099999999999838e-02,-1.170599999999999939e-02,1.501000000000000077e-02,1.724200000000000038e-02,-2.648220000000000018e-01,-7.018499999999999739e-02,1.552080000000000126e-01,5.306400000000000006e-02,1.699999999999999987e-05,2.456500000000000003e-02,1.719299999999999995e-02
-1.280699999999999894e-01,-1.158209999999999934e-01,7.939049999999999718e-01,9.124090000000000256e-01,-1.441399999999999973e-02,3.648699999999999860e-02,-4.073950000000000071e-01,-2.701899999999999857e-01,2.512429999999999941e-01,-1.256649999999999989e-01,1.649930000000000008e-01,9.971800000000000108e-02,-2.617999999999999772e-01,2.712640000000000051e-01,-3.428709999999999813e-01,-4.663689999999999780e-01,1.714640000000000053e-01,9.811499999999999388e-02,2.617999999999999772e-01,3.352269999999999972e-01,-1.501480000000000037e-01,-1.480299999999999949e-01,-2.113970000000000016e-01,1.758799999999999947e-02,-1.187489999999999934e-01,1.144639999999999963e-01,-1.207300000000000040e-02,1.747900000000000148e-02,1.807100000000000026e-02,-2.779300000000000104e-01,-5.907500000000000251e-02,1.452569999999999972e-01,1.201259999999999967e-01,-8.963000000000000481e-03,2.374300000000000022e-02,1.208500000000000026e-02
-1.270390000000000130e-01,-1.144219999999999959e-01,7.939619999999999456e-01,9.159289999999999932e-01,-1.293399999999999932e-02,3.877699999999999897e-02,-3.992539999999999978e-01,-2.787330000000000085e-01,2.453440000000000065e-01,-1.302649999999999919e-01,1.633040000000000047e-01,9.927500000000000213e-02,-2.617999999999999772e-01,2.742820000000000258e-01,-3.417740000000000222e-01,-4.722669999999999924e-01,1.697259999999999880e-01,1.057160000000000044e-01,2.617999999999999772e-01,3.413240000000000163e-01,-1.616070000000000007e-01,-1.493470000000000075e-01,-2.162540000000000018e-01,-2.278000000000000077e-03,-1.082390000000000019e-01,1.467789999999999928e-01,-1.308100000000000061e-02,1.980700000000000169e-02,2.079399999999999998e-02,-3.013939999999999952e-01,-4.862799999999999762e-02,1.404360000000000053e-01,1.910519999999999996e-01,-1.813800000000000134e-02,2.391199999999999923e-02,5.866999999999999819e-03
-1.279710000000000014e-01,-1.149759999999999949e-01,7.931700000000000417e-01,9.182489999999999819e-01,-1.259099999999999976e-02,3.837499999999999939e-02,-3.939400000000000124e-01,-2.847950000000000204e-01,2.397289999999999976e-01,-1.374609999999999999e-01,1.637099999999999944e-01,1.076809999999999989e-01,-2.617999999999999772e-01,2.807009999999999783e-01,-3.361939999999999928e-01,-4.590339999999999976e-01,1.680480000000000029e-01,9.895299999999999929e-02,2.617999999999999772e-01,3.470710000000000184e-01,-1.657250000000000112e-01,-1.413909999999999889e-01,-2.145380000000000065e-01,-2.052000000000000005e-03,-1.122969999999999940e-01,1.369609999999999994e-01,-1.072599999999999942e-02,1.580499999999999960e-02,1.983199999999999893e-02,-2.947069999999999967e-01,-4.474500000000000005e-02,1.464010000000000034e-01,1.532930000000000126e-01,-1.653900000000000162e-02,1.593599999999999878e-02,1.049199999999999959e-02
-1.289549999999999863e-01,-1.157549999999999968e-01,7.923850000000000060e-01,9.205229999999999801e-01,-1.233899999999999927e-02,3.760499999999999954e-02,-3.886780000000000235e-01,-2.896210000000000173e-01,2.341669999999999863e-01,-1.443010000000000126e-01,1.638969999999999871e-01,1.158980000000000010e-01,-2.617999999999999772e-01,2.879639999999999977e-01,-3.308490000000000042e-01,-4.460509999999999753e-01,1.667540000000000133e-01,9.203300000000000369e-02,2.617999999999999772e-01,3.531110000000000082e-01,-1.708230000000000026e-01,-1.333640000000000103e-01,-2.068659999999999943e-01,-4.569000000000000145e-03,-1.136520000000000030e-01,1.227260000000000018e-01,-8.430999999999999259e-03,1.470800000000000059e-02,1.885300000000000170e-02,-2.813579999999999970e-01,-4.227199999999999708e-02,1.448429999999999995e-01,1.064679999999999932e-01,-1.447700000000000028e-02,1.516499999999999966e-02,1.537799999999999931e-02
-1.299629999999999952e-01,-1.165729999999999961e-01,7.915100000000000469e-01,9.227809999999999624e-01,-1.199599999999999972e-02,3.677500000000000213e-02,-3.833790000000000253e-01,-2.941770000000000218e-01,2.284049999999999969e-01,-1.510569999999999968e-01,1.640050000000000119e-01,1.239870000000000000e-01,-2.617999999999999772e-01,2.954780000000000184e-01,-3.257300000000000195e-01,-4.331849999999999867e-01,1.654529999999999890e-01,8.511900000000000022e-02,2.617999999999999772e-01,3.593790000000000040e-01,-1.765470000000000095e-01,-1.253299999999999970e-01,-1.912200000000000011e-01,-1.443900000000000045e-02,-1.085809999999999970e-01,1.071570000000000022e-01,-5.636000000000000384e-03,1.414600000000000059e-02,1.724799999999999944e-02,-2.590930000000000177e-01,-3.381100000000000078e-02,1.336209999999999898e-01,6.030400000000000343e-02,-1.303299999999999945e-02,1.581899999999999973e-02,1.952299999999999869e-02
-1.309690000000000021e-01,-1.174000000000000044e-01,7.908549999999999747e-01,9.234499999999999931e-01,-1.335700000000000082e-02,3.696900000000000186e-02,-3.817010000000000125e-01,-2.968120000000000203e-01,2.299299999999999955e-01,-1.586279999999999912e-01,1.639490000000000114e-01,1.266220000000000123e-01,-2.615350000000000175e-01,2.980599999999999916e-01,-3.183670000000000111e-01,-4.210550000000000126e-01,1.650830000000000075e-01,7.923900000000000388e-02,2.617999999999999772e-01,3.603210000000000024e-01,-1.759489999999999943e-01,-1.207099999999999979e-01,-1.596730000000000094e-01,3.288000000000000124e-03,-1.026180000000000009e-01,7.433199999999999530e-02,-3.010000000000000089e-03,1.118199999999999923e-02,1.349799999999999958e-02,-2.194820000000000104e-01,-4.862099999999999755e-02,1.230620000000000047e-01,3.401699999999999863e-02,-1.006800000000000056e-02,1.481799999999999957e-02,1.867699999999999916e-02
-1.317220000000000057e-01,-1.172750000000000042e-01,7.902759999999999785e-01,9.240460000000000340e-01,-1.453699999999999957e-02,3.739800000000000069e-02,-3.801689999999999792e-01,-3.008319999999999883e-01,2.296340000000000048e-01,-1.650649999999999895e-01,1.644140000000000046e-01,1.298469999999999902e-01,-2.586570000000000258e-01,2.990389999999999993e-01,-3.121019999999999905e-01,-4.082060000000000133e-01,1.641890000000000016e-01,7.521600000000000508e-02,2.617999999999999772e-01,3.605229999999999824e-01,-1.745039999999999925e-01,-1.164469999999999950e-01,-1.172669999999999962e-01,1.512499999999999956e-02,-8.805499999999999439e-02,3.558900000000000258e-02,-3.060000000000000111e-04,9.223000000000000295e-03,8.906999999999999987e-03,-1.703649999999999887e-01,-5.493599999999999872e-02,1.037629999999999941e-01,9.693999999999999492e-03,-7.917000000000000426e-03,1.186599999999999981e-02,1.654699999999999921e-02
-1.324380000000000002e-01,-1.172779999999999934e-01,7.896959999999999535e-01,9.246400000000000174e-01,-1.563000000000000153e-02,3.792800000000000338e-02,-3.786269999999999913e-01,-3.050700000000000078e-01,2.292200000000000071e-01,-1.714720000000000133e-01,1.648940000000000128e-01,1.330260000000000054e-01,-2.557719999999999994e-01,2.998250000000000082e-01,-3.059390000000000165e-01,-3.953869999999999885e-01,1.633600000000000052e-01,7.118299999999999628e-02,2.617999999999999772e-01,3.604189999999999894e-01,-1.731320000000000081e-01,-1.125130000000000019e-01,-6.719899999999999485e-02,2.035800000000000110e-02,-6.721799999999999997e-02,-6.308000000000000239e-03,3.046000000000000096e-03,7.552999999999999818e-03,3.295999999999999885e-03,-1.148430000000000006e-01,-5.451199999999999796e-02,7.811200000000000088e-02,-1.274999999999999918e-02,-6.834999999999999930e-03,8.316999999999999740e-03,1.424199999999999945e-02
-1.340320000000000122e-01,-1.168700000000000017e-01,7.891249999999999654e-01,9.248840000000000394e-01,-1.605900000000000036e-02,3.815299999999999941e-02,-3.779890000000000194e-01,-3.098440000000000083e-01,2.307259999999999867e-01,-1.659839999999999927e-01,1.660889999999999866e-01,1.361070000000000058e-01,-2.512590000000000101e-01,2.984260000000000246e-01,-3.006039999999999823e-01,-3.724580000000000113e-01,1.619230000000000114e-01,6.500699999999999534e-02,2.617999999999999772e-01,3.475590000000000068e-01,-1.691630000000000078e-01,-1.102619999999999989e-01,-2.495199999999999849e-02,1.723900000000000085e-02,-4.182400000000000007e-02,-2.390199999999999964e-02,2.377000000000000206e-03,6.727999999999999606e-03,-1.837000000000000091e-03,-6.163199999999999928e-02,-4.295800000000000313e-02,5.638800000000000062e-02,-2.546700000000000005e-02,-3.082999999999999803e-03,4.389999999999999805e-03,1.544599999999999966e-02
-1.355979999999999963e-01,-1.162699999999999984e-01,7.884600000000000497e-01,9.250709999999999766e-01,-1.628999999999999893e-02,3.862299999999999761e-02,-3.774739999999999762e-01,-3.151649999999999729e-01,2.319009999999999960e-01,-1.599700000000000011e-01,1.669059999999999988e-01,1.396390000000000131e-01,-2.466049999999999909e-01,2.959669999999999801e-01,-2.957069999999999976e-01,-3.490369999999999862e-01,1.608749999999999902e-01,5.899200000000000277e-02,2.617999999999999772e-01,3.343590000000000173e-01,-1.650129999999999930e-01,-1.081209999999999949e-01,1.365500000000000047e-02,1.072700000000000042e-02,-1.777700000000000113e-02,-3.890699999999999714e-02,1.644999999999999978e-03,4.627000000000000036e-03,-7.355000000000000426e-03,-1.608300000000000007e-02,-2.973500000000000101e-02,3.956099999999999894e-02,-3.499300000000000327e-02,1.649999999999999991e-04,1.420000000000000092e-04,1.789200000000000165e-02
-1.372079999999999966e-01,-1.155290000000000067e-01,7.878699999999999593e-01,9.252299999999999969e-01,-1.636699999999999960e-02,3.921100000000000280e-02,-3.770189999999999930e-01,-3.207470000000000043e-01,2.327289999999999914e-01,-1.535370000000000068e-01,1.674239999999999895e-01,1.435230000000000117e-01,-2.416600000000000137e-01,2.930880000000000152e-01,-2.911599999999999744e-01,-3.254610000000000003e-01,1.597550000000000081e-01,5.327500000000000291e-02,2.617999999999999772e-01,3.211129999999999818e-01,-1.609619999999999940e-01,-1.061840000000000006e-01,4.327500000000000097e-02,4.399000000000000132e-03,-1.169999999999999979e-04,-5.240000000000000213e-02,7.950000000000000252e-04,3.105999999999999820e-03,-1.271000000000000081e-02,1.495999999999999934e-02,-1.980700000000000169e-02,3.327499999999999902e-02,-4.222399999999999765e-02,2.858999999999999996e-03,-3.645999999999999935e-03,2.231199999999999850e-02
-1.390409999999999979e-01,-1.141510000000000025e-01,7.873280000000000278e-01,9.239030000000000298e-01,-1.854099999999999845e-02,4.111000000000000071e-02,-3.799600000000000199e-01,-3.266029999999999767e-01,2.425329999999999986e-01,-1.437110000000000054e-01,1.682079999999999964e-01,1.445279999999999898e-01,-2.378379999999999939e-01,2.836310000000000220e-01,-2.841839999999999922e-01,-3.080450000000000133e-01,1.602719999999999978e-01,5.094100000000000017e-02,2.617999999999999772e-01,3.120910000000000073e-01,-1.514459999999999973e-01,-1.032639999999999947e-01,3.925100000000000117e-02,5.152999999999999595e-03,1.068400000000000079e-02,-5.859500000000000125e-02,2.161999999999999859e-03,1.209000000000000005e-03,-1.242099999999999975e-02,3.994099999999999734e-02,-8.030999999999999944e-03,1.405499999999999979e-02,-2.978499999999999898e-02,3.233999999999999896e-03,-4.236000000000000182e-03,1.747999999999999901e-02
-1.408999999999999975e-01,-1.127500000000000030e-01,7.867750000000000021e-01,9.225299999999999612e-01,-2.066899999999999987e-02,4.316400000000000098e-02,-3.829469999999999819e-01,-3.327600000000000002e-01,2.524589999999999890e-01,-1.338100000000000123e-01,1.692800000000000138e-01,1.452499999999999902e-01,-2.340969999999999995e-01,2.740830000000000211e-01,-2.770969999999999822e-01,-2.904530000000000167e-01,1.605300000000000060e-01,4.863399999999999668e-02,2.617999999999999772e-01,3.021320000000000117e-01,-1.428560000000000108e-01,-1.013259999999999994e-01,1.456000000000000003e-02,1.269699999999999995e-02,4.641000000000000160e-03,-6.025500000000000300e-02,2.422000000000000108e-03,3.620000000000000171e-04,-1.097399999999999938e-02,3.950399999999999745e-02,-5.290999999999999696e-03,1.261199999999999995e-02,-1.161700000000000059e-02,1.685000000000000083e-03,-5.375999999999999703e-03,1.551699999999999954e-02
-1.426189999999999958e-01,-1.113809999999999939e-01,7.862170000000000547e-01,9.211390000000000411e-01,-2.271899999999999961e-02,4.529199999999999893e-02,-3.859219999999999873e-01,-3.390299999999999980e-01,2.622729999999999784e-01,-1.238889999999999991e-01,1.703830000000000067e-01,1.459060000000000079e-01,-2.302990000000000037e-01,2.645500000000000074e-01,-2.701049999999999840e-01,-2.729710000000000192e-01,1.607349999999999890e-01,4.629500000000000282e-02,2.617999999999999772e-01,2.918100000000000138e-01,-1.345850000000000102e-01,-9.979699999999999682e-02,-3.451900000000000107e-02,2.970000000000000070e-02,-2.004399999999999932e-02,-5.788999999999999702e-02,1.637000000000000000e-03,1.185000000000000072e-03,-8.085999999999999438e-03,7.893000000000000710e-03,-1.583100000000000132e-02,3.403300000000000075e-02,1.014400000000000024e-02,-8.299999999999999815e-05,-5.589000000000000218e-03,1.670900000000000163e-02
-1.458599999999999897e-01,-1.063010000000000066e-01,7.854989999999999473e-01,9.195659999999999945e-01,-2.720200000000000048e-02,4.790099999999999913e-02,-3.890549999999999842e-01,-3.446770000000000111e-01,2.763030000000000208e-01,-1.127200000000000008e-01,1.597699999999999954e-01,1.599820000000000131e-01,-2.269120000000000026e-01,2.533360000000000056e-01,-2.588199999999999945e-01,-2.593030000000000057e-01,1.535219999999999918e-01,5.255399999999999655e-02,2.617999999999999772e-01,2.836369999999999725e-01,-1.094969999999999971e-01,-9.936200000000000587e-02,-8.643099999999999394e-02,5.432499999999999829e-02,-4.804900000000000143e-02,-2.448200000000000029e-02,-5.880999999999999943e-03,4.895000000000000046e-03,1.090999999999999956e-03,-6.517199999999999382e-02,-4.197399999999999742e-02,7.769299999999999817e-02,1.396700000000000025e-02,6.125000000000000236e-03,-4.780999999999999660e-03,8.961000000000000215e-03
-1.483049999999999924e-01,-1.047960000000000003e-01,7.848389999999999533e-01,9.187250000000000139e-01,-2.855600000000000152e-02,4.926400000000000223e-02,-3.907709999999999795e-01,-3.509990000000000054e-01,2.838899999999999757e-01,-1.021790000000000059e-01,1.599659999999999971e-01,1.637329999999999897e-01,-2.239220000000000099e-01,2.459770000000000012e-01,-2.538420000000000121e-01,-2.502499999999999725e-01,1.530839999999999979e-01,4.908300000000000163e-02,2.617999999999999772e-01,2.732970000000000121e-01,-9.947400000000000686e-02,-9.640799999999999370e-02,-1.592260000000000064e-01,1.031839999999999979e-01,-1.015329999999999983e-01,-2.325999999999999943e-03,-8.966000000000000011e-03,6.517000000000000223e-03,1.280300000000000014e-02,-1.671330000000000038e-01,-9.779699999999999505e-02,1.377410000000000023e-01,9.580999999999999239e-03,1.174099999999999970e-02,-9.650000000000000374e-04,2.795999999999999874e-03
-1.506149999999999989e-01,-1.033150000000000041e-01,7.842569999999999819e-01,9.178969999999999629e-01,-2.972400000000000042e-02,5.062500000000000333e-02,-3.924529999999999963e-01,-3.574640000000000040e-01,2.911299999999999999e-01,-9.155900000000000150e-02,1.606150000000000078e-01,1.670639999999999903e-01,-2.209099999999999953e-01,2.383800000000000086e-01,-2.493219999999999881e-01,-2.413200000000000067e-01,1.534059999999999868e-01,4.500900000000000040e-02,2.617999999999999772e-01,2.624369999999999759e-01,-9.087699999999999945e-02,-9.360200000000000464e-02,-2.559560000000000168e-01,1.658280000000000032e-01,-1.735329999999999928e-01,2.204300000000000009e-02,-1.340000000000000045e-02,1.035499999999999962e-02,2.641200000000000145e-02,-2.974060000000000037e-01,-1.697750000000000092e-01,2.179590000000000138e-01,5.415999999999999807e-03,1.754999999999999963e-02,4.520999999999999845e-03,-1.605000000000000090e-03
-1.543599999999999972e-01,-1.022300000000000014e-01,7.835980000000000167e-01,9.155590000000000117e-01,-3.161499999999999727e-02,5.162900000000000128e-02,-3.976009999999999822e-01,-3.610180000000000056e-01,3.048939999999999984e-01,-7.898399999999999865e-02,1.617099999999999926e-01,1.707120000000000026e-01,-2.224470000000000058e-01,2.273350000000000093e-01,-2.429719999999999935e-01,-2.325720000000000010e-01,1.545989999999999864e-01,3.824000000000000316e-02,2.617999999999999772e-01,2.551959999999999784e-01,-7.924499999999999600e-02,-9.210100000000000231e-02,-3.358050000000000201e-01,2.695890000000000231e-01,-2.595259999999999789e-01,6.330299999999999816e-02,-2.062800000000000050e-02,1.585699999999999957e-02,3.777599999999999708e-02,-4.394629999999999925e-01,-2.660899999999999932e-01,2.999859999999999749e-01,-6.152000000000000350e-03,2.951799999999999910e-02,9.985000000000000819e-03,-1.277999999999999969e-02
-1.580050000000000066e-01,-1.011780000000000040e-01,7.830310000000000326e-01,9.132040000000000157e-01,-3.326599999999999696e-02,5.288299999999999945e-02,-4.026859999999999884e-01,-3.650379999999999736e-01,3.184690000000000021e-01,-6.619200000000000084e-02,1.628870000000000040e-01,1.736870000000000080e-01,-2.237780000000000047e-01,2.159570000000000101e-01,-2.369860000000000022e-01,-2.240590000000000082e-01,1.557910000000000128e-01,3.140799999999999842e-02,2.617999999999999772e-01,2.467330000000000079e-01,-6.834199999999999997e-02,-9.201600000000000057e-02,-4.263290000000000135e-01,3.851069999999999771e-01,-3.528890000000000082e-01,1.047960000000000003e-01,-2.828999999999999918e-02,2.171500000000000166e-02,5.030699999999999755e-02,-5.945930000000000382e-01,-3.712920000000000109e-01,3.914050000000000029e-01,-1.827399999999999858e-02,4.099799999999999972e-02,1.587699999999999875e-02,-2.411599999999999855e-02
-1.615929999999999866e-01,-1.002419999999999978e-01,7.824640000000000484e-01,9.108140000000000125e-01,-3.480099999999999860e-02,5.421600000000000030e-02,-4.077589999999999826e-01,-3.691710000000000269e-01,3.318710000000000271e-01,-5.333899999999999753e-02,1.640840000000000076e-01,1.766260000000000052e-01,-2.250439999999999940e-01,2.045260000000000133e-01,-2.312529999999999863e-01,-2.156399999999999983e-01,1.569909999999999917e-01,2.448799999999999935e-02,2.617999999999999772e-01,2.379610000000000058e-01,-5.768100000000000310e-02,-9.216199999999999393e-02,-5.214879999999999516e-01,5.082959999999999701e-01,-4.483489999999999975e-01,1.458820000000000117e-01,-3.630099999999999993e-02,2.768299999999999927e-02,6.357699999999999463e-02,-7.554549999999999876e-01,-4.821320000000000050e-01,4.870689999999999742e-01,-3.116400000000000073e-02,5.229500000000000121e-02,2.129899999999999849e-02,-3.623300000000000132e-02
-1.625870000000000093e-01,-9.854200000000000459e-02,7.817870000000000097e-01,9.092869999999999564e-01,-3.574499999999999900e-02,5.551099999999999784e-02,-4.108990000000000142e-01,-3.724390000000000200e-01,3.381390000000000229e-01,-4.719899999999999790e-02,1.639819999999999889e-01,1.752370000000000039e-01,-2.220870000000000066e-01,1.959770000000000123e-01,-2.291880000000000028e-01,-2.085539999999999894e-01,1.584589999999999888e-01,2.180299999999999946e-02,2.617999999999999772e-01,2.335039999999999893e-01,-4.825399999999999828e-02,-9.226900000000000379e-02,-6.018320000000000336e-01,6.259550000000000392e-01,-5.151780000000000248e-01,1.679130000000000067e-01,-4.931699999999999973e-02,3.069699999999999859e-02,8.702300000000000313e-02,-9.061080000000000245e-01,-5.985489999999999977e-01,5.740659999999999652e-01,-4.140699999999999936e-02,6.019900000000000251e-02,2.767100000000000115e-02,-4.999399999999999678e-02
-1.635389999999999899e-01,-9.693999999999999839e-02,7.810350000000000348e-01,9.077359999999999873e-01,-3.664200000000000096e-02,5.680600000000000233e-02,-4.140610000000000124e-01,-3.756039999999999934e-01,3.442470000000000252e-01,-4.138399999999999718e-02,1.638000000000000012e-01,1.738879999999999870e-01,-2.191809999999999869e-01,1.875910000000000077e-01,-2.272470000000000045e-01,-2.015290000000000137e-01,1.596069999999999989e-01,1.927600000000000147e-02,2.617999999999999772e-01,2.289869999999999961e-01,-3.839299999999999657e-02,-9.259199999999999375e-02,-6.688650000000000428e-01,7.432549999999999990e-01,-5.705470000000000264e-01,1.863710000000000089e-01,-6.125900000000000095e-02,3.334899999999999670e-02,1.102940000000000031e-01,-1.045044000000000084e+00,-7.121849999999999570e-01,6.530920000000000059e-01,-5.382499999999999785e-02,6.764199999999999380e-02,3.292799999999999894e-02,-6.531900000000000206e-02
-1.644660000000000011e-01,-9.535200000000000620e-02,7.803740000000000121e-01,9.061700000000000310e-01,-3.749000000000000249e-02,5.810300000000000187e-02,-4.172219999999999818e-01,-3.787380000000000191e-01,3.502500000000000058e-01,-3.549700000000000077e-02,1.636140000000000094e-01,1.724950000000000094e-01,-2.162439999999999918e-01,1.792449999999999877e-01,-2.254259999999999875e-01,-1.945189999999999975e-01,1.606829999999999925e-01,1.675199999999999953e-02,2.617999999999999772e-01,2.244539999999999869e-01,-2.859300000000000036e-02,-9.285400000000000598e-02,-7.176320000000000476e-01,8.565540000000000376e-01,-6.108069999999999888e-01,2.012239999999999862e-01,-7.239900000000000502e-02,3.491799999999999765e-02,1.328469999999999929e-01,-1.165321000000000051e+00,-8.201420000000000377e-01,7.186209999999999543e-01,-6.907699999999999951e-02,7.463699999999999501e-02,3.693199999999999955e-02,-8.244600000000000539e-02
-1.666459999999999886e-01,-9.516099999999999559e-02,7.798859999999999681e-01,9.045739999999999892e-01,-3.921199999999999686e-02,5.818399999999999961e-02,-4.205030000000000157e-01,-3.779259999999999842e-01,3.594860000000000277e-01,-3.331200000000000133e-02,1.631420000000000092e-01,1.737190000000000123e-01,-2.205630000000000090e-01,1.747819999999999929e-01,-2.196559999999999901e-01,-1.886510000000000131e-01,1.612729999999999997e-01,1.139000000000000082e-02,2.617999999999999772e-01,2.210860000000000047e-01,-2.023700000000000152e-02,-9.147099999999999675e-02,-7.645939999999999959e-01,9.343050000000000521e-01,-6.341369999999999507e-01,2.286279999999999979e-01,-8.205800000000000594e-02,3.849000000000000338e-02,1.548899999999999999e-01,-1.266993000000000036e+00,-8.949059999999999793e-01,7.792810000000000015e-01,-7.153099999999999736e-02,7.638000000000000345e-02,4.354399999999999937e-02,-8.758199999999999319e-02
-1.689460000000000128e-01,-9.486500000000000488e-02,7.793919999999999737e-01,9.029669999999999641e-01,-4.109299999999999758e-02,5.804600000000000037e-02,-4.237850000000000228e-01,-3.766320000000000223e-01,3.689459999999999962e-01,-3.031400000000000067e-02,1.626269999999999938e-01,1.747070000000000012e-01,-2.234460000000000057e-01,1.709459999999999869e-01,-2.138649999999999995e-01,-1.829010000000000080e-01,1.617039999999999866e-01,6.202000000000000048e-03,2.617999999999999772e-01,2.184949999999999948e-01,-1.122399999999999960e-02,-8.918800000000000339e-02,-7.924139999999999517e-01,1.002407000000000048e+00,-6.426650000000000418e-01,2.536129999999999773e-01,-9.092999999999999694e-02,3.993100000000000122e-02,1.755849999999999911e-01,-1.347064999999999957e+00,-9.599640000000000395e-01,8.252950000000000008e-01,-7.531400000000000594e-02,7.820399999999999574e-02,4.826699999999999741e-02,-9.432599999999999318e-02
-1.712440000000000073e-01,-9.454300000000000204e-02,7.788910000000000000e-01,9.013459999999999805e-01,-4.298899999999999944e-02,5.786700000000000177e-02,-4.270590000000000219e-01,-3.752059999999999840e-01,3.783690000000000109e-01,-2.728099999999999969e-02,1.620929999999999871e-01,1.757080000000000031e-01,-2.262990000000000002e-01,1.672700000000000020e-01,-2.080990000000000062e-01,-1.771550000000000069e-01,1.621289999999999953e-01,1.018000000000000025e-03,2.617999999999999772e-01,2.161160000000000025e-01,-2.128999999999999816e-03,-8.662499999999999367e-02,-7.997400000000000064e-01,1.061414999999999997e+00,-6.356519999999999948e-01,2.745119999999999783e-01,-9.893799999999999817e-02,3.995499999999999746e-02,1.949160000000000059e-01,-1.403785000000000061e+00,-1.015109000000000039e+00,8.549750000000000405e-01,-8.168599999999999473e-02,7.984199999999999631e-02,5.176000000000000045e-02,-1.026330000000000020e-01
-1.724719999999999864e-01,-9.506499999999999673e-02,7.783870000000000511e-01,9.010010000000000518e-01,-4.363700000000000218e-02,5.775700000000000278e-02,-4.277349999999999763e-01,-3.753569999999999962e-01,3.825290000000000079e-01,-2.514600000000000168e-02,1.622750000000000026e-01,1.749290000000000012e-01,-2.250530000000000030e-01,1.669899999999999995e-01,-2.051890000000000103e-01,-1.765760000000000107e-01,1.623630000000000073e-01,-3.778999999999999807e-03,2.617999999999999772e-01,2.133720000000000061e-01,1.551000000000000078e-03,-8.708899999999999975e-02,-8.052639999999999798e-01,1.091612000000000027e+00,-6.072159999999999780e-01,2.847540000000000071e-01,-1.105710000000000026e-01,4.014500000000000013e-02,2.206740000000000090e-01,-1.445667999999999953e+00,-1.057841000000000031e+00,8.786110000000000309e-01,-9.052899999999999836e-02,7.974900000000000044e-02,5.597300000000000192e-02,-1.050999999999999990e-01
-1.738280000000000103e-01,-9.556599999999999817e-02,7.779089999999999616e-01,9.006189999999999474e-01,-4.455800000000000038e-02,5.766799999999999704e-02,-4.284569999999999768e-01,-3.754120000000000235e-01,3.876169999999999893e-01,-2.213000000000000037e-02,1.624599999999999933e-01,1.747239999999999904e-01,-2.253110000000000113e-01,1.665929999999999911e-01,-2.015029999999999877e-01,-1.758109999999999951e-01,1.627079999999999915e-01,-8.243000000000000327e-03,2.617999999999999772e-01,2.113339999999999941e-01,6.122999999999999970e-03,-8.706700000000000550e-02,-7.968420000000000503e-01,1.113097999999999921e+00,-5.684059999999999668e-01,2.917629999999999946e-01,-1.212769999999999959e-01,3.922899999999999998e-02,2.454060000000000130e-01,-1.470251999999999892e+00,-1.092445000000000110e+00,8.905269999999999575e-01,-1.007369999999999932e-01,7.988000000000000655e-02,5.935900000000000204e-02,-1.087629999999999986e-01
-1.751880000000000104e-01,-9.603499999999999537e-02,7.775159999999999849e-01,9.002360000000000362e-01,-4.550599999999999784e-02,5.754900000000000293e-02,-4.291760000000000019e-01,-3.754509999999999792e-01,3.927019999999999955e-01,-1.913799999999999876e-02,1.626920000000000033e-01,1.745289999999999897e-01,-2.255409999999999915e-01,1.662510000000000099e-01,-1.978100000000000136e-01,-1.750269999999999881e-01,1.630530000000000035e-01,-1.268099999999999956e-02,2.617999999999999772e-01,2.094499999999999973e-01,1.085000000000000027e-02,-8.687599999999999489e-02,-7.765859999999999985e-01,1.127431000000000072e+00,-5.210439999999999516e-01,2.958939999999999904e-01,-1.311930000000000041e-01,3.731799999999999701e-02,2.691899999999999848e-01,-1.479419999999999957e+00,-1.119914000000000076e+00,8.917519999999999891e-01,-1.122699999999999948e-01,7.984600000000000031e-02,6.203199999999999686e-02,-1.132739999999999997e-01
-1.761540000000000050e-01,-9.685199999999999365e-02,7.770650000000000057e-01,9.001580000000000137e-01,-4.614800000000000152e-02,5.759500000000000036e-02,-4.292650000000000077e-01,-3.772070000000000145e-01,3.962309999999999999e-01,-2.026400000000000076e-02,1.654220000000000135e-01,1.729300000000000004e-01,-2.274849999999999928e-01,1.667269999999999863e-01,-1.948300000000000032e-01,-1.776820000000000066e-01,1.630389999999999895e-01,-1.710400000000000115e-02,2.617999999999999772e-01,2.103800000000000114e-01,1.603999999999999870e-02,-8.822699999999999987e-02,-7.671930000000000138e-01,1.137026000000000092e+00,-4.909240000000000270e-01,3.096079999999999943e-01,-1.391709999999999892e-01,3.542900000000000216e-02,2.850119999999999876e-01,-1.492955999999999950e+00,-1.131753999999999927e+00,8.985940000000000039e-01,-1.247899999999999981e-01,8.171299999999999397e-02,6.338399999999999590e-02,-1.128080000000000055e-01
-1.773369999999999946e-01,-9.753100000000000658e-02,7.766490000000000338e-01,9.000679999999999792e-01,-4.698599999999999999e-02,5.756900000000000212e-02,-4.293660000000000254e-01,-3.790499999999999980e-01,4.001149999999999984e-01,-2.131600000000000161e-02,1.683600000000000096e-01,1.717579999999999940e-01,-2.282150000000000012e-01,1.672589999999999910e-01,-1.914270000000000138e-01,-1.802229999999999943e-01,1.631900000000000017e-01,-2.124099999999999946e-02,2.617999999999999772e-01,2.127900000000000069e-01,2.136100000000000151e-02,-8.895100000000000229e-02,-7.565600000000000103e-01,1.141410000000000036e+00,-4.605830000000000202e-01,3.245129999999999959e-01,-1.476810000000000067e-01,3.228799999999999726e-02,3.001550000000000051e-01,-1.499123999999999901e+00,-1.140614999999999934e+00,9.007429999999999604e-01,-1.368640000000000134e-01,8.419500000000000595e-02,6.400300000000000433e-02,-1.130639999999999978e-01
-1.785349999999999993e-01,-9.827700000000000324e-02,7.762280000000000291e-01,8.999800000000000022e-01,-4.784900000000000264e-02,5.748999999999999944e-02,-4.294669999999999876e-01,-3.808119999999999838e-01,4.039889999999999870e-01,-2.238899999999999918e-02,1.713050000000000128e-01,1.706030000000000046e-01,-2.289329999999999976e-01,1.678769999999999984e-01,-1.880370000000000097e-01,-1.827380000000000115e-01,1.633759999999999935e-01,-2.539200000000000138e-02,2.617999999999999772e-01,2.157419999999999893e-01,2.654199999999999962e-02,-8.953600000000000447e-02,-7.430820000000000203e-01,1.142708999999999975e+00,-4.285379999999999745e-01,3.390079999999999760e-01,-1.561829999999999885e-01,2.856200000000000058e-02,3.148349999999999760e-01,-1.498920000000000030e+00,-1.147059000000000051e+00,8.985579999999999679e-01,-1.493639999999999968e-01,8.666899999999999604e-02,6.423900000000000443e-02,-1.136790000000000023e-01
-1.791540000000000077e-01,-9.923899999999999388e-02,7.759850000000000358e-01,9.003569999999999629e-01,-4.742699999999999694e-02,5.689999999999999919e-02,-4.288000000000000145e-01,-3.819560000000000177e-01,4.035819999999999963e-01,-2.415600000000000039e-02,1.743210000000000037e-01,1.718300000000000105e-01,-2.323020000000000085e-01,1.700000000000000122e-01,-1.881549999999999889e-01,-1.860950000000000104e-01,1.632450000000000012e-01,-2.933300000000000143e-02,2.617999999999999772e-01,2.204280000000000128e-01,2.691500000000000142e-02,-9.026700000000000002e-02,-7.325920000000000210e-01,1.154873999999999956e+00,-4.145220000000000016e-01,3.489249999999999852e-01,-1.594309999999999894e-01,2.707599999999999937e-02,3.210759999999999725e-01,-1.511190000000000033e+00,-1.149337999999999971e+00,9.114050000000000207e-01,-1.437620000000000009e-01,8.590499999999999525e-02,6.664299999999999391e-02,-1.105020000000000030e-01
-1.799959999999999893e-01,-1.001950000000000063e-01,7.757279999999999731e-01,9.006929999999999659e-01,-4.734300000000000314e-02,5.624500000000000333e-02,-4.281900000000000150e-01,-3.827840000000000131e-01,4.038689999999999780e-01,-2.636200000000000002e-02,1.771520000000000039e-01,1.722589999999999955e-01,-2.332809999999999884e-01,1.722440000000000082e-01,-1.874319999999999875e-01,-1.892109999999999903e-01,1.634009999999999907e-01,-3.327200000000000296e-02,2.617999999999999772e-01,2.257510000000000072e-01,2.820999999999999897e-02,-9.045000000000000262e-02,-7.220839999999999481e-01,1.165221000000000062e+00,-4.003269999999999884e-01,3.596420000000000172e-01,-1.630550000000000055e-01,2.545599999999999946e-02,3.270580000000000154e-01,-1.523787000000000003e+00,-1.150012000000000034e+00,9.250939999999999719e-01,-1.360099999999999920e-01,8.596600000000000075e-02,6.801699999999999413e-02,-1.077209999999999973e-01
-1.808510000000000117e-01,-1.012099999999999944e-01,7.754699999999999926e-01,9.010280000000000511e-01,-4.729900000000000077e-02,5.554900000000000115e-02,-4.275800000000000156e-01,-3.835540000000000060e-01,4.041859999999999897e-01,-2.861500000000000155e-02,1.800229999999999886e-01,1.726920000000000122e-01,-2.342519999999999880e-01,1.745710000000000039e-01,-1.866690000000000016e-01,-1.922979999999999967e-01,1.635510000000000019e-01,-3.718300000000000077e-02,2.617999999999999772e-01,2.312690000000000023e-01,2.975300000000000167e-02,-9.044699999999999962e-02,-7.105749999999999567e-01,1.174533999999999967e+00,-3.852349999999999941e-01,3.704330000000000123e-01,-1.667009999999999881e-01,2.364799999999999888e-02,3.329030000000000045e-01,-1.535501000000000005e+00,-1.149898000000000087e+00,9.384019999999999584e-01,-1.279510000000000092e-01,8.618000000000000660e-02,6.915000000000000313e-02,-1.051150000000000001e-01
-1.808230000000000115e-01,-1.021800000000000069e-01,7.754680000000000462e-01,9.022289999999999477e-01,-4.711699999999999916e-02,5.488799999999999929e-02,-4.251460000000000239e-01,-3.812490000000000046e-01,4.011319999999999886e-01,-3.432999999999999940e-02,1.760589999999999933e-01,1.743280000000000107e-01,-2.380829999999999891e-01,1.791349999999999887e-01,-1.867250000000000021e-01,-1.980760000000000021e-01,1.638149999999999884e-01,-3.804300000000000043e-02,2.617999999999999772e-01,2.392259999999999942e-01,3.185299999999999937e-02,-9.254800000000000526e-02,-6.904179999999999762e-01,1.189548000000000050e+00,-3.707500000000000240e-01,3.727570000000000050e-01,-1.680709999999999982e-01,2.181699999999999959e-02,3.352570000000000272e-01,-1.540232999999999963e+00,-1.152522999999999964e+00,9.457959999999999701e-01,-1.187789999999999957e-01,8.693700000000000039e-02,6.958100000000000396e-02,-1.052540000000000003e-01
-1.807640000000000080e-01,-1.032649999999999957e-01,7.755410000000000359e-01,9.034839999999999538e-01,-4.660000000000000253e-02,5.409400000000000319e-02,-4.226329999999999809e-01,-3.788170000000000148e-01,3.972189999999999888e-01,-3.899299999999999988e-02,1.719130000000000102e-01,1.770500000000000129e-01,-2.391659999999999897e-01,1.839220000000000022e-01,-1.876279999999999892e-01,-2.039680000000000104e-01,1.638060000000000072e-01,-3.875300000000000272e-02,2.617999999999999772e-01,2.467330000000000079e-01,3.282899999999999707e-02,-9.464200000000000390e-02,-6.682850000000000179e-01,1.204720999999999931e+00,-3.547589999999999910e-01,3.741840000000000166e-01,-1.693010000000000070e-01,2.029100000000000001e-02,3.376509999999999789e-01,-1.542866999999999988e+00,-1.154808000000000057e+00,9.513080000000000425e-01,-1.102270000000000055e-01,8.726899999999999935e-02,6.997200000000000641e-02,-1.053219999999999990e-01
-1.807870000000000033e-01,-1.043729999999999936e-01,7.755279999999999951e-01,9.047340000000000382e-01,-4.605499999999999872e-02,5.331000000000000322e-02,-4.201110000000000122e-01,-3.763429999999999831e-01,3.932849999999999957e-01,-4.362499999999999711e-02,1.676910000000000067e-01,1.797920000000000074e-01,-2.402449999999999863e-01,1.887250000000000039e-01,-1.885660000000000114e-01,-2.098780000000000090e-01,1.638030000000000042e-01,-3.950000000000000039e-02,2.617999999999999772e-01,2.541579999999999950e-01,3.359899999999999692e-02,-9.680700000000000416e-02,-6.450420000000000043e-01,1.219759999999999955e+00,-3.377809999999999979e-01,3.754290000000000127e-01,-1.705139999999999989e-01,1.881999999999999992e-02,3.400329999999999742e-01,-1.544709000000000110e+00,-1.156932000000000071e+00,9.561199999999999699e-01,-1.018730000000000052e-01,8.745699999999999308e-02,7.037999999999999812e-02,-1.053420000000000051e-01
-1.806619999999999893e-01,-1.052189999999999931e-01,7.755680000000000351e-01,9.061160000000000325e-01,-4.544000000000000122e-02,5.256799999999999667e-02,-4.172830000000000150e-01,-3.749330000000000163e-01,3.889349999999999752e-01,-4.714399999999999841e-02,1.644400000000000028e-01,1.822650000000000103e-01,-2.398039999999999894e-01,1.936829999999999941e-01,-1.897999999999999965e-01,-2.172000000000000042e-01,1.635300000000000087e-01,-4.052399999999999752e-02,2.617999999999999772e-01,2.607869999999999910e-01,3.407600000000000212e-02,-9.857899999999999996e-02,-6.337779999999999525e-01,1.232518999999999920e+00,-3.212479999999999780e-01,3.815680000000000183e-01,-1.732440000000000091e-01,1.808500000000000038e-02,3.457919999999999883e-01,-1.549210999999999894e+00,-1.158396999999999899e+00,9.597710000000000408e-01,-9.162900000000000211e-02,8.740499999999999658e-02,7.118099999999999428e-02,-1.057990000000000042e-01
-1.805420000000000080e-01,-1.060659999999999936e-01,7.755800000000000471e-01,9.074980000000000269e-01,-4.492899999999999672e-02,5.178800000000000070e-02,-4.144240000000000146e-01,-3.733480000000000132e-01,3.848179999999999934e-01,-5.052000000000000240e-02,1.611400000000000055e-01,1.842989999999999906e-01,-2.401540000000000064e-01,1.987609999999999932e-01,-1.907609999999999861e-01,-2.242210000000000036e-01,1.633640000000000092e-01,-4.160799999999999915e-02,2.617999999999999772e-01,2.680910000000000237e-01,3.452100000000000307e-02,-1.002220000000000055e-01,-6.250400000000000400e-01,1.244798999999999989e+00,-3.070399999999999796e-01,3.889340000000000019e-01,-1.762700000000000100e-01,1.705900000000000125e-02,3.515289999999999804e-01,-1.553603999999999985e+00,-1.160592999999999986e+00,9.634270000000000334e-01,-8.124099999999999377e-02,8.749999999999999445e-02,7.187399999999999345e-02,-1.062089999999999979e-01
-1.805130000000000068e-01,-1.069169999999999981e-01,7.755039999999999711e-01,9.088709999999999845e-01,-4.442100000000000215e-02,5.099000000000000060e-02,-4.115590000000000082e-01,-3.717170000000000196e-01,3.807050000000000156e-01,-5.390000000000000346e-02,1.578529999999999933e-01,1.863289999999999946e-01,-2.405029999999999946e-01,2.039110000000000089e-01,-1.917260000000000075e-01,-2.312440000000000051e-01,1.632029999999999870e-01,-4.270800000000000290e-02,2.617999999999999772e-01,2.757450000000000179e-01,3.482600000000000279e-02,-1.018499999999999961e-01,-6.172699999999999854e-01,1.256869000000000014e+00,-2.937779999999999836e-01,3.967789999999999928e-01,-1.794189999999999952e-01,1.593299999999999925e-02,3.572500000000000120e-01,-1.557676000000000061e+00,-1.163159999999999972e+00,9.668630000000000280e-01,-7.090299999999999381e-02,8.761599999999999944e-02,7.253199999999999925e-02,-1.066219999999999946e-01
-1.810519999999999907e-01,-1.078859999999999958e-01,7.755389999999999784e-01,9.106140000000000345e-01,-4.355099999999999943e-02,5.090700000000000086e-02,-4.077930000000000166e-01,-3.749379999999999935e-01,3.765379999999999838e-01,-5.636399999999999744e-02,1.573340000000000016e-01,1.902500000000000024e-01,-2.398089999999999944e-01,2.075259999999999883e-01,-1.917099999999999915e-01,-2.382640000000000036e-01,1.628229999999999955e-01,-4.461699999999999694e-02,2.617999999999999772e-01,2.906940000000000079e-01,3.363700000000000023e-02,-1.037430000000000019e-01,-6.038210000000000521e-01,1.271741999999999928e+00,-2.735960000000000059e-01,3.902970000000000050e-01,-1.816589999999999872e-01,1.277400000000000063e-02,3.654629999999999823e-01,-1.560361000000000109e+00,-1.163723999999999981e+00,9.678660000000000041e-01,-6.910399999999999876e-02,8.580799999999999539e-02,7.251599999999999713e-02,-1.088940000000000047e-01
-1.816309999999999869e-01,-1.088820000000000066e-01,7.754919999999999591e-01,9.123219999999999663e-01,-4.256700000000000067e-02,5.102199999999999791e-02,-4.040460000000000163e-01,-3.786490000000000133e-01,3.722409999999999886e-01,-5.922399999999999887e-02,1.569750000000000034e-01,1.945280000000000065e-01,-2.402449999999999863e-01,2.106780000000000042e-01,-1.916889999999999983e-01,-2.448690000000000033e-01,1.625030000000000086e-01,-4.654500000000000304e-02,2.617999999999999772e-01,3.052079999999999793e-01,3.224500000000000283e-02,-1.060600000000000015e-01,-5.867660000000000098e-01,1.286845000000000017e+00,-2.501680000000000015e-01,3.821829999999999949e-01,-1.834919999999999884e-01,1.017400000000000075e-02,3.738879999999999981e-01,-1.562464000000000075e+00,-1.164139000000000035e+00,9.682500000000000551e-01,-6.809199999999999975e-02,8.375799999999999912e-02,7.287799999999999834e-02,-1.111349999999999977e-01
-1.821119999999999961e-01,-1.097940000000000027e-01,7.754469999999999974e-01,9.140110000000000179e-01,-4.157000000000000278e-02,5.120299999999999851e-02,-4.002930000000000099e-01,-3.824790000000000134e-01,3.679609999999999825e-01,-6.208500000000000130e-02,1.566269999999999885e-01,1.988030000000000075e-01,-2.406929999999999903e-01,2.137340000000000073e-01,-1.916519999999999890e-01,-2.514859999999999873e-01,1.621930000000000038e-01,-4.847800000000000026e-02,2.617999999999999772e-01,3.194629999999999970e-01,3.087399999999999867e-02,-1.084939999999999932e-01,-5.676550000000000207e-01,1.301862000000000075e+00,-2.247999999999999998e-01,3.735939999999999817e-01,-1.851160000000000028e-01,7.703999999999999911e-03,3.823449999999999904e-01,-1.564534000000000091e+00,-1.164292000000000105e+00,9.685939999999999550e-01,-6.718000000000000360e-02,8.163900000000000323e-02,7.331999999999999629e-02,-1.133590000000000014e-01
-1.814219999999999999e-01,-1.095769999999999939e-01,7.753959999999999742e-01,9.168800000000000283e-01,-4.133900000000000075e-02,5.186000000000000332e-02,-3.936160000000000214e-01,-3.915420000000000011e-01,3.648390000000000244e-01,-3.693699999999999761e-02,1.597840000000000094e-01,2.002339999999999953e-01,-2.249099999999999988e-01,2.191130000000000022e-01,-1.913710000000000133e-01,-2.646089999999999831e-01,1.613539999999999974e-01,-4.679400000000000226e-02,2.617999999999999772e-01,3.305020000000000180e-01,3.384399999999999908e-02,-1.090139999999999998e-01,-5.586360000000000214e-01,1.311012000000000066e+00,-2.042579999999999951e-01,3.743489999999999873e-01,-1.872149999999999925e-01,6.870000000000000238e-03,3.890970000000000262e-01,-1.568972999999999951e+00,-1.150536000000000003e+00,9.641389999999999683e-01,-5.592799999999999855e-02,7.837099999999999622e-02,7.703799999999999537e-02,-1.142890000000000017e-01
-1.807140000000000135e-01,-1.093640000000000029e-01,7.752769999999999939e-01,9.196860000000000035e-01,-4.135400000000000187e-02,5.254400000000000043e-02,-3.869199999999999862e-01,-4.003769999999999829e-01,3.623970000000000247e-01,-1.206800000000000060e-02,1.628570000000000018e-01,2.016640000000000099e-01,-2.097739999999999883e-01,2.245580000000000076e-01,-1.903209999999999902e-01,-2.776159999999999739e-01,1.607470000000000010e-01,-4.462599999999999900e-02,2.617999999999999772e-01,3.418269999999999920e-01,3.682400000000000256e-02,-1.096609999999999946e-01,-5.520990000000000064e-01,1.320306999999999897e+00,-1.861260000000000137e-01,3.765299999999999758e-01,-1.894979999999999998e-01,5.638999999999999915e-03,3.957399999999999807e-01,-1.572974000000000094e+00,-1.136476000000000042e+00,9.591690000000000493e-01,-4.382500000000000284e-02,7.486800000000000399e-02,8.039999999999999925e-02,-1.151049999999999990e-01
-1.800940000000000041e-01,-1.092380000000000018e-01,7.751550000000000384e-01,9.224480000000000457e-01,-4.139799999999999730e-02,5.322899999999999854e-02,-3.801869999999999972e-01,-4.091170000000000084e-01,3.600530000000000119e-01,1.285200000000000058e-02,1.659140000000000059e-01,2.031179999999999930e-01,-1.945340000000000125e-01,2.300580000000000125e-01,-1.891930000000000001e-01,-2.906369999999999787e-01,1.601039999999999963e-01,-4.244099999999999956e-02,2.617999999999999772e-01,3.534579999999999944e-01,3.963499999999999662e-02,-1.104549999999999976e-01,-5.468220000000000303e-01,1.329487000000000085e+00,-1.692730000000000068e-01,3.792699999999999960e-01,-1.918980000000000130e-01,4.285999999999999879e-03,4.023809999999999887e-01,-1.576594999999999969e+00,-1.122783000000000087e+00,9.539220000000000477e-01,-3.171999999999999820e-02,7.131899999999999351e-02,8.364199999999999413e-02,-1.159319999999999934e-01
-1.771189999999999987e-01,-1.118740000000000012e-01,7.745959999999999512e-01,9.258920000000000483e-01,-3.833400000000000002e-02,5.476500000000000118e-02,-3.718279999999999919e-01,-4.245519999999999849e-01,3.612360000000000015e-01,3.743500000000000300e-02,1.846720000000000028e-01,1.921740000000000115e-01,-1.869300000000000128e-01,2.349479999999999902e-01,-1.938920000000000088e-01,-3.062409999999999854e-01,1.671630000000000060e-01,-4.792500000000000232e-02,2.617999999999999772e-01,3.637509999999999910e-01,2.922800000000000051e-02,-1.030869999999999981e-01,-5.416570000000000551e-01,1.332270999999999983e+00,-1.539780000000000038e-01,3.643009999999999859e-01,-1.882149999999999934e-01,2.930000000000000204e-04,4.143760000000000221e-01,-1.571819999999999995e+00,-1.115013000000000032e+00,9.340159999999999574e-01,-2.751500000000000126e-02,7.041899999999999549e-02,8.507099999999999385e-02,-1.207669999999999993e-01
-1.749280000000000002e-01,-1.116850000000000065e-01,7.739420000000000188e-01,9.281070000000000153e-01,-3.893400000000000333e-02,5.741099999999999676e-02,-3.657940000000000080e-01,-4.383960000000000079e-01,3.711260000000000114e-01,6.298299999999999732e-02,1.949529999999999874e-01,1.896490000000000120e-01,-1.791069999999999884e-01,2.365019999999999900e-01,-1.911430000000000073e-01,-3.157490000000000019e-01,1.685439999999999994e-01,-4.496100000000000096e-02,2.617999999999999772e-01,3.759319999999999884e-01,2.966900000000000093e-02,-1.016230000000000050e-01,-5.391099999999999781e-01,1.337182000000000093e+00,-1.421219999999999983e-01,3.529430000000000067e-01,-1.906049999999999967e-01,3.800000000000000209e-04,4.212620000000000253e-01,-1.568254999999999955e+00,-1.097178999999999904e+00,9.180500000000000327e-01,-1.881599999999999939e-02,6.968100000000000682e-02,8.755999999999999894e-02,-1.233350000000000002e-01
-1.728200000000000014e-01,-1.113439999999999985e-01,7.733179999999999499e-01,9.302070000000000061e-01,-3.979900000000000104e-02,6.033199999999999674e-02,-3.598489999999999744e-01,-4.522689999999999766e-01,3.817119999999999957e-01,8.846099999999999797e-02,2.042700000000000071e-01,1.879520000000000080e-01,-1.709640000000000049e-01,2.381479999999999986e-01,-1.875699999999999867e-01,-3.250879999999999881e-01,1.681229999999999947e-01,-4.072800000000000031e-02,2.617999999999999772e-01,3.884050000000000002e-01,3.125200000000000200e-02,-1.013089999999999963e-01,-5.376520000000000188e-01,1.341498999999999997e+00,-1.315659999999999885e-01,3.428889999999999993e-01,-1.937959999999999960e-01,4.290000000000000193e-04,4.276949999999999918e-01,-1.566337000000000090e+00,-1.078254000000000046e+00,9.042909999999999560e-01,-8.770000000000000018e-03,6.882699999999999929e-02,8.977699999999999569e-02,-1.258370000000000044e-01
-1.702380000000000004e-01,-1.111270000000000036e-01,7.730839999999999934e-01,9.313259999999999872e-01,-3.954799999999999982e-02,6.306100000000000594e-02,-3.564990000000000103e-01,-4.682430000000000203e-01,3.916370000000000129e-01,8.684400000000000452e-02,2.294029999999999958e-01,1.775549999999999906e-01,-1.789260000000000017e-01,2.380690000000000028e-01,-1.872449999999999948e-01,-3.336419999999999941e-01,1.670149999999999968e-01,-3.528499999999999692e-02,2.617999999999999772e-01,4.065570000000000017e-01,2.636200000000000002e-02,-9.970999999999999308e-02,-5.346910000000000274e-01,1.347706999999999988e+00,-1.221010000000000012e-01,3.385230000000000183e-01,-1.953870000000000051e-01,1.061000000000000094e-03,4.327909999999999813e-01,-1.566108999999999973e+00,-1.054656000000000038e+00,8.993139999999999468e-01,1.183599999999999930e-02,6.584099999999999675e-02,9.375999999999999612e-02,-1.206200000000000050e-01
-1.675580000000000125e-01,-1.109419999999999989e-01,7.728300000000000169e-01,9.323939999999999451e-01,-3.943499999999999783e-02,6.592099999999999349e-02,-3.531859999999999999e-01,-4.862620000000000275e-01,4.017700000000000160e-01,8.426400000000000556e-02,2.579069999999999974e-01,1.653600000000000070e-01,-1.867989999999999928e-01,2.378139999999999976e-01,-1.867250000000000021e-01,-3.417640000000000122e-01,1.657639999999999947e-01,-2.997000000000000011e-02,2.617999999999999772e-01,4.248439999999999994e-01,2.235099999999999934e-02,-9.858599999999999308e-02,-5.321759999999999824e-01,1.353288999999999964e+00,-1.130639999999999978e-01,3.351779999999999760e-01,-1.971340000000000037e-01,1.237000000000000035e-03,4.375870000000000037e-01,-1.568243999999999971e+00,-1.029876999999999931e+00,8.966739999999999711e-01,3.462099999999999900e-02,6.278799999999999659e-02,9.695700000000000152e-02,-1.150000000000000050e-01
-1.648610000000000075e-01,-1.106509999999999994e-01,7.725950000000000317e-01,9.334160000000000235e-01,-3.935299999999999909e-02,6.883100000000000329e-02,-3.499269999999999881e-01,-5.049420000000000019e-01,4.118640000000000079e-01,8.134099999999999664e-02,2.872439999999999993e-01,1.527600000000000069e-01,-1.946100000000000052e-01,2.373939999999999939e-01,-1.862330000000000096e-01,-3.497770000000000046e-01,1.645109999999999906e-01,-2.462299999999999905e-02,2.617999999999999772e-01,4.433259999999999978e-01,1.864800000000000138e-02,-9.752099999999999658e-02,-5.297650000000000414e-01,1.358452999999999911e+00,-1.040289999999999965e-01,3.322149999999999825e-01,-1.988969999999999905e-01,1.240000000000000000e-03,4.423579999999999735e-01,-1.571485000000000021e+00,-1.004801999999999973e+00,8.951529999999999765e-01,5.807699999999999668e-02,5.972700000000000231e-02,9.982800000000000007e-02,-1.094740000000000019e-01
-1.593829999999999969e-01,-1.097199999999999981e-01,7.724229999999999707e-01,9.344689999999999941e-01,-3.862100000000000255e-02,7.156099999999999961e-02,-3.466350000000000264e-01,-5.183950000000000502e-01,4.105039999999999800e-01,8.830399999999999361e-02,3.096550000000000136e-01,1.377579999999999916e-01,-1.846319999999999906e-01,2.396989999999999954e-01,-1.905040000000000067e-01,-3.588529999999999776e-01,1.630999999999999950e-01,-1.523500000000000028e-02,2.617999999999999772e-01,4.626750000000000029e-01,1.122000000000000081e-02,-9.607499999999999374e-02,-5.192189999999999861e-01,1.368257999999999974e+00,-9.487099999999999700e-02,3.403570000000000206e-01,-2.010750000000000037e-01,3.111000000000000050e-03,4.441370000000000040e-01,-1.580451000000000050e+00,-9.919599999999999529e-01,9.029409999999999936e-01,9.150400000000000200e-02,5.483400000000000080e-02,1.031330000000000024e-01,-1.024520000000000014e-01
-1.537910000000000110e-01,-1.086840000000000028e-01,7.723560000000000425e-01,9.355590000000000295e-01,-3.762599999999999972e-02,7.394900000000000084e-02,-3.432859999999999800e-01,-5.300770000000000204e-01,4.082140000000000213e-01,9.621300000000000685e-02,3.301089999999999858e-01,1.235900000000000054e-01,-1.744600000000000040e-01,2.424900000000000111e-01,-1.958080000000000098e-01,-3.680769999999999875e-01,1.617810000000000081e-01,-5.571999999999999696e-03,2.617999999999999772e-01,4.817719999999999780e-01,4.242000000000000111e-03,-9.329199999999999993e-02,-5.074370000000000269e-01,1.377237999999999962e+00,-8.408300000000000496e-02,3.491360000000000019e-01,-2.035589999999999899e-01,4.120000000000000398e-03,4.458840000000000026e-01,-1.591806999999999972e+00,-9.784239999999999604e-01,9.132200000000000317e-01,1.262490000000000001e-01,5.040700000000000042e-02,1.058629999999999988e-01,-9.601800000000000612e-02
-1.482769999999999921e-01,-1.075990000000000002e-01,7.724189999999999667e-01,9.366539999999999866e-01,-3.663199999999999790e-02,7.615900000000000447e-02,-3.399079999999999879e-01,-5.412069999999999936e-01,4.057950000000000168e-01,1.042040000000000050e-01,3.503269999999999995e-01,1.094109999999999944e-01,-1.641610000000000014e-01,2.456260000000000110e-01,-2.013790000000000024e-01,-3.774089999999999945e-01,1.605399999999999883e-01,4.047000000000000250e-03,2.617999999999999772e-01,5.007359999999999589e-01,-2.206000000000000062e-03,-8.980200000000000682e-02,-4.945740000000000136e-01,1.385785999999999962e+00,-7.162300000000000610e-02,3.582139999999999769e-01,-2.060190000000000077e-01,4.857000000000000206e-03,4.470910000000000162e-01,-1.603976000000000068e+00,-9.644530000000000047e-01,9.242019999999999680e-01,1.617939999999999934e-01,4.597199999999999898e-02,1.080809999999999965e-01,-8.961299999999999821e-02
-1.409569999999999990e-01,-1.049749999999999989e-01,7.717239999999999656e-01,9.374190000000000023e-01,-3.241700000000000137e-02,7.586500000000000188e-02,-3.382899999999999796e-01,-5.482960000000000056e-01,3.890089999999999937e-01,1.133480000000000043e-01,3.765910000000000091e-01,9.109299999999999342e-02,-1.533980000000000066e-01,2.512989999999999946e-01,-2.186710000000000043e-01,-3.697019999999999751e-01,1.581809999999999883e-01,4.599999999999999922e-03,2.617999999999999772e-01,5.148850000000000371e-01,-1.398399999999999990e-02,-8.395299999999999985e-02,-4.779129999999999767e-01,1.390679999999999916e+00,-5.968699999999999700e-02,3.750479999999999925e-01,-2.099650000000000127e-01,6.394999999999999643e-03,4.447760000000000047e-01,-1.610300999999999982e+00,-9.600290000000000212e-01,9.376900000000000235e-01,2.093039999999999901e-01,4.024599999999999705e-02,1.109809999999999963e-01,-8.095600000000000018e-02
-1.336499999999999910e-01,-1.024930000000000008e-01,7.710399999999999476e-01,9.380770000000000497e-01,-2.836100000000000079e-02,7.534299999999999331e-02,-3.369429999999999925e-01,-5.546400000000000219e-01,3.732010000000000050e-01,1.227639999999999981e-01,4.028430000000000066e-01,7.249800000000000688e-02,-1.430669999999999997e-01,2.570540000000000047e-01,-2.358560000000000101e-01,-3.614910000000000068e-01,1.573469999999999869e-01,4.019000000000000003e-03,2.617999999999999772e-01,5.296650000000000524e-01,-2.561000000000000082e-02,-7.726199999999999735e-02,-4.612479999999999913e-01,1.395677999999999974e+00,-4.764800000000000285e-02,3.921850000000000058e-01,-2.139139999999999930e-01,7.550000000000000287e-03,4.420789999999999997e-01,-1.615996999999999906e+00,-9.551739999999999675e-01,9.505190000000000028e-01,2.575740000000000252e-01,3.405400000000000094e-02,1.129050000000000054e-01,-7.236800000000000177e-02
-1.265209999999999946e-01,-1.000599999999999962e-01,7.703600000000000447e-01,9.386309999999999931e-01,-2.468499999999999861e-02,7.487199999999999411e-02,-3.357919999999999794e-01,-5.611509999999999554e-01,3.587469999999999826e-01,1.317830000000000112e-01,4.293190000000000062e-01,5.379799999999999860e-02,-1.331549999999999956e-01,2.628940000000000166e-01,-2.521189999999999820e-01,-3.530110000000000192e-01,1.568710000000000104e-01,3.008999999999999956e-03,2.617999999999999772e-01,5.449439999999999840e-01,-3.652600000000000291e-02,-7.039900000000000324e-02,-4.445660000000000167e-01,1.400611000000000050e+00,-3.551300000000000290e-02,4.094550000000000134e-01,-2.178309999999999969e-01,8.666999999999999357e-03,4.393059999999999743e-01,-1.621110999999999969e+00,-9.500619999999999621e-01,9.627909999999999524e-01,3.059410000000000185e-01,2.744200000000000111e-02,1.145619999999999972e-01,-6.397100000000000009e-02
-1.207389999999999991e-01,-1.022310000000000024e-01,7.728180000000000049e-01,9.386419999999999764e-01,-3.239800000000000318e-02,7.430299999999999405e-02,-3.352310000000000012e-01,-5.499990000000000157e-01,3.674499999999999988e-01,1.179609999999999964e-01,4.328080000000000260e-01,4.313899999999999679e-02,-1.343459999999999932e-01,2.572459999999999747e-01,-2.270050000000000123e-01,-2.886050000000000004e-01,1.638000000000000012e-01,7.790099999999999802e-02,2.617999999999999772e-01,5.471899999999999542e-01,-3.538899999999999685e-02,-6.702700000000000324e-02,-4.334049999999999847e-01,1.408001999999999976e+00,-2.773000000000000118e-02,4.293710000000000027e-01,-2.229949999999999988e-01,9.828999999999999196e-03,4.340169999999999861e-01,-1.619844000000000062e+00,-9.565240000000000409e-01,9.803680000000000172e-01,3.464300000000000157e-01,1.934100000000000055e-02,1.147790000000000060e-01,-5.356400000000000050e-02
-1.156469999999999998e-01,-1.058479999999999976e-01,7.754079999999999862e-01,9.383040000000000269e-01,-4.261199999999999710e-02,7.371300000000000074e-02,-3.351649999999999907e-01,-5.378199999999999648e-01,3.838050000000000073e-01,1.001360000000000028e-01,4.363239999999999896e-01,3.235699999999999688e-02,-1.393169999999999964e-01,2.559719999999999773e-01,-1.936209999999999876e-01,-2.275459999999999983e-01,1.662750000000000061e-01,1.561800000000000133e-01,2.617999999999999772e-01,5.516259999999999497e-01,-3.068999999999999853e-02,-6.456800000000000039e-02,-4.238489999999999758e-01,1.415613000000000010e+00,-2.176000000000000156e-02,4.494409999999999794e-01,-2.278729999999999922e-01,1.052600000000000063e-02,4.292579999999999729e-01,-1.616355999999999904e+00,-9.638390000000000013e-01,9.959510000000000307e-01,3.854009999999999936e-01,1.102200000000000055e-02,1.153290000000000010e-01,-4.340000000000000108e-02
-1.127660000000000051e-01,-1.080600000000000033e-01,7.786509999999999820e-01,9.361739999999999506e-01,-5.828499999999999653e-02,7.562399999999999678e-02,-3.383220000000000116e-01,-5.248279999999999612e-01,4.163330000000000086e-01,8.033099999999999963e-02,4.247529999999999917e-01,3.384899999999999715e-02,-1.471359999999999890e-01,2.529930000000000234e-01,-1.452539999999999942e-01,-1.639609999999999956e-01,1.548589999999999967e-01,2.500539999999999985e-01,2.617999999999999772e-01,5.603139999999999787e-01,-1.620800000000000018e-02,-6.299499999999999544e-02,-4.280070000000000263e-01,1.433572000000000068e+00,-1.682600000000000068e-02,4.779729999999999812e-01,-2.406840000000000090e-01,1.335300000000000029e-02,4.152420000000000000e-01,-1.626581000000000055e+00,-9.574449999999999905e-01,1.014539999999999997e+00,4.377039999999999820e-01,1.620000000000000075e-04,1.171900000000000025e-01,-3.492200000000000165e-02
-9.095000000000000306e-02,-9.767900000000000194e-02,7.839880000000000182e-01,9.397339999999999582e-01,-5.826800000000000035e-02,6.530500000000000194e-02,-3.305139999999999745e-01,-4.809300000000000241e-01,3.715680000000000094e-01,9.601500000000000312e-02,4.254430000000000156e-01,9.329999999999999752e-03,-1.138569999999999999e-01,1.779560000000000031e-01,-1.966769999999999907e-01,-1.499699999999999922e-01,2.679710000000000147e-01,2.187280000000000058e-01,2.617999999999999772e-01,5.446250000000000258e-01,4.300000000000000165e-05,-6.318799999999999417e-02,-4.020679999999999810e-01,1.415936000000000083e+00,-1.851200000000000068e-02,5.024509999999999810e-01,-2.478509999999999880e-01,1.263300000000000013e-02,4.101839999999999931e-01,-1.595652000000000070e+00,-9.809269999999999934e-01,1.044383000000000061e+00,4.545620000000000216e-01,-3.851999999999999955e-03,1.111660000000000009e-01,-2.348000000000000087e-02
-6.982700000000000018e-02,-8.744599999999999596e-02,7.890490000000000004e-01,9.434900000000000508e-01,-5.661399999999999766e-02,5.638300000000000256e-02,-3.216249999999999942e-01,-4.364100000000000201e-01,3.226720000000000144e-01,1.097989999999999938e-01,4.115880000000000094e-01,-5.748999999999999770e-03,-8.141299999999999926e-02,8.820799999999999474e-02,-2.505439999999999889e-01,-1.283449999999999869e-01,4.055449999999999888e-01,1.726260000000000017e-01,2.617999999999999772e-01,5.249759999999999982e-01,1.091100000000000056e-02,-6.420800000000000118e-02,-3.731700000000000017e-01,1.399902999999999897e+00,-1.650700000000000084e-02,5.247849999999999460e-01,-2.541269999999999918e-01,1.278800000000000076e-02,4.056890000000000218e-01,-1.564005000000000090e+00,-1.006523999999999974e+00,1.071720000000000006e+00,4.668350000000000000e-01,-7.398000000000000062e-03,1.081899999999999945e-01,-1.291199999999999987e-02
-5.002500000000000002e-02,-7.742799999999999683e-02,7.932909999999999684e-01,9.472880000000000189e-01,-5.516100000000000170e-02,4.802900000000000225e-02,-3.119210000000000038e-01,-3.947809999999999930e-01,2.742049999999999765e-01,1.176389999999999936e-01,3.941350000000000131e-01,-1.635500000000000148e-02,-5.021099999999999869e-02,-8.951000000000000623e-03,-3.019890000000000074e-01,-9.801400000000000390e-02,5.556090000000000195e-01,1.183789999999999981e-01,2.617999999999999772e-01,5.026730000000000365e-01,2.116000000000000172e-02,-6.461899999999999589e-02,-3.438530000000000197e-01,1.385076999999999892e+00,-1.238399999999999918e-02,5.464290000000000536e-01,-2.601359999999999784e-01,1.320799999999999925e-02,4.012890000000000068e-01,-1.534043999999999963e+00,-1.032788999999999957e+00,1.097860000000000058e+00,4.784909999999999997e-01,-1.132700000000000026e-02,1.054169999999999968e-01,-2.369000000000000012e-03
-3.909800000000000081e-02,-6.998999999999999666e-02,7.979359999999999786e-01,9.497269999999999879e-01,-6.196700000000000125e-02,4.127000000000000113e-02,-3.040979999999999794e-01,-3.588990000000000236e-01,2.556080000000000019e-01,1.084829999999999961e-01,3.684910000000000130e-01,-7.381000000000000408e-03,-3.357999999999999874e-02,-1.218579999999999941e-01,-3.566840000000000011e-01,-1.017669999999999964e-01,6.772780000000000467e-01,6.155299999999999661e-02,2.617999999999999772e-01,4.697580000000000089e-01,3.945200000000000096e-02,-6.051200000000000329e-02,-3.208790000000000253e-01,1.374206999999999956e+00,-8.944000000000000561e-03,5.702070000000000194e-01,-2.643449999999999966e-01,1.385800000000000053e-02,3.937809999999999921e-01,-1.499814999999999898e+00,-1.069306000000000090e+00,1.118675000000000086e+00,5.003020000000000245e-01,-1.342100000000000064e-02,1.008519999999999972e-01,4.623000000000000373e-03
-2.876000000000000084e-02,-6.260699999999999599e-02,8.018100000000000227e-01,9.523779999999999468e-01,-6.826799999999999535e-02,3.511100000000000332e-02,-2.950990000000000002e-01,-3.274590000000000001e-01,2.362970000000000070e-01,9.575599999999999390e-02,3.459320000000000173e-01,1.660000000000000017e-03,-1.716900000000000023e-02,-2.382289999999999963e-01,-4.138720000000000176e-01,-9.841999999999999360e-02,8.008929999999999660e-01,4.132000000000000256e-03,2.609319999999999973e-01,4.342650000000000121e-01,5.569000000000000339e-02,-5.581099999999999950e-02,-3.013210000000000055e-01,1.364039000000000001e+00,-7.464000000000000148e-03,5.946510000000000407e-01,-2.684549999999999992e-01,1.450000000000000074e-02,3.860810000000000075e-01,-1.466169999999999973e+00,-1.107099999999999973e+00,1.137842000000000020e+00,5.222440000000000415e-01,-1.584699999999999998e-02,9.573500000000000065e-02,1.162900000000000045e-02
-2.173399999999999985e-02,-5.743100000000000288e-02,8.060669999999999780e-01,9.541439999999999921e-01,-7.869299999999999906e-02,3.103600000000000109e-02,-2.871460000000000123e-01,-3.011090000000000155e-01,2.333560000000000079e-01,7.612299999999999622e-02,3.236990000000000145e-01,1.420300000000000035e-02,-7.884999999999999648e-03,-3.602549999999999919e-01,-4.574869999999999770e-01,-9.624299999999999522e-02,9.260509999999999575e-01,-5.318099999999999911e-02,2.474379999999999913e-01,4.005119999999999791e-01,7.501599999999999935e-02,-5.032400000000000068e-02,-2.874200000000000088e-01,1.358255999999999908e+00,-5.950000000000000427e-03,6.199329999999999563e-01,-2.723130000000000273e-01,1.511999999999999976e-02,3.784390000000000254e-01,-1.433851999999999904e+00,-1.143956999999999891e+00,1.150999000000000105e+00,5.455210000000000337e-01,-1.822700000000000015e-02,9.091799999999999882e-02,1.778300000000000020e-02
-1.540300000000000002e-02,-5.377099999999999935e-02,8.105970000000000120e-01,9.553279999999999550e-01,-9.328400000000000580e-02,2.829200000000000118e-02,-2.790079999999999782e-01,-2.719320000000000070e-01,2.447719999999999896e-01,5.276800000000000240e-02,2.945090000000000208e-01,2.670499999999999957e-02,-5.361999999999999579e-03,-4.587280000000000246e-01,-4.889450000000000185e-01,-8.854299999999999671e-02,1.003130999999999995e+00,-8.430300000000000293e-02,2.261080000000000034e-01,3.569669999999999788e-01,1.126989999999999936e-01,-4.811599999999999905e-02,-2.958529999999999771e-01,1.363369000000000053e+00,-9.169000000000000067e-03,6.377969999999999473e-01,-2.753229999999999844e-01,1.502299999999999990e-02,3.762539999999999774e-01,-1.428118999999999916e+00,-1.160274000000000028e+00,1.159939999999999971e+00,5.508640000000000203e-01,-1.612799999999999997e-02,8.834400000000000586e-02,1.438099999999999969e-02
-9.721999999999999739e-03,-5.034399999999999986e-02,8.149180000000000312e-01,9.561659999999999604e-01,-1.084289999999999976e-01,2.628600000000000034e-02,-2.707379999999999787e-01,-2.469520000000000048e-01,2.592979999999999730e-01,2.759800000000000100e-02,2.694449999999999901e-01,3.793900000000000050e-02,-2.984999999999999806e-03,-5.599840000000000373e-01,-5.185959999999999459e-01,-7.908400000000000152e-02,1.081169000000000047e+00,-1.158409999999999995e-01,2.028490000000000015e-01,3.137050000000000116e-01,1.501329999999999887e-01,-4.424399999999999861e-02,-3.106709999999999749e-01,1.369901000000000035e+00,-1.606700000000000142e-02,6.574529999999999541e-01,-2.781339999999999923e-01,1.463899999999999924e-02,3.740850000000000009e-01,-1.423313000000000050e+00,-1.178085999999999967e+00,1.167000000000000037e+00,5.556280000000000108e-01,-1.388799999999999930e-02,8.615200000000000635e-02,1.132900000000000053e-02
-4.067000000000000302e-03,-4.689499999999999919e-02,8.192040000000000433e-01,9.564580000000000304e-01,-1.244529999999999942e-01,2.487800000000000081e-02,-2.628309999999999813e-01,-2.237639999999999907e-01,2.773030000000000217e-01,2.275000000000000112e-03,2.462119999999999864e-01,4.828999999999999959e-02,-1.067999999999999939e-03,-6.615889999999999826e-01,-5.454489999999999617e-01,-6.847699999999999620e-02,1.156587999999999949e+00,-1.461959999999999926e-01,1.781600000000000128e-01,2.718110000000000248e-01,1.890249999999999986e-01,-4.031599999999999767e-02,-3.293329999999999869e-01,1.376357000000000053e+00,-2.629300000000000040e-02,6.780580000000000496e-01,-2.809710000000000263e-01,1.418299999999999943e-02,3.718290000000000206e-01,-1.418363999999999958e+00,-1.196827000000000085e+00,1.173588999999999993e+00,5.602049999999999530e-01,-1.176999999999999921e-02,8.398700000000000609e-02,8.338999999999999191e-03
1.098999999999999934e-03,-4.438000000000000278e-02,8.231049999999999756e-01,9.561560000000000059e-01,-1.421759999999999968e-01,2.591299999999999853e-02,-2.547150000000000247e-01,-2.017879999999999951e-01,3.037549999999999972e-01,-2.756499999999999923e-02,2.150130000000000097e-01,5.970199999999999813e-02,-4.340000000000000108e-03,-7.756999999999999451e-01,-5.552289999999999726e-01,-5.124299999999999689e-02,1.243214999999999959e+00,-1.782700000000000118e-01,1.718600000000000128e-01,2.326610000000000067e-01,2.296179999999999888e-01,-3.077699999999999880e-02,-3.481330000000000258e-01,1.369065999999999894e+00,-4.955799999999999789e-02,7.075609999999999955e-01,-2.843350000000000044e-01,1.611699999999999938e-02,3.640970000000000040e-01,-1.428088000000000024e+00,-1.204776000000000069e+00,1.185653000000000068e+00,5.952899999999999858e-01,-1.541400000000000062e-02,8.597599999999999687e-02,1.048100000000000073e-02
5.970999999999999745e-03,-4.164799999999999752e-02,8.270119999999999694e-01,9.549870000000000303e-01,-1.607149999999999967e-01,2.737799999999999956e-02,-2.478319999999999967e-01,-1.813150000000000039e-01,3.343700000000000006e-01,-5.549500000000000266e-02,1.854520000000000057e-01,7.027999999999999525e-02,-8.590999999999999678e-03,-8.904459999999999598e-01,-5.608370000000000299e-01,-3.483900000000000191e-02,1.327973999999999988e+00,-2.090750000000000108e-01,1.638650000000000106e-01,1.960689999999999933e-01,2.729469999999999952e-01,-2.089200000000000085e-02,-3.703029999999999933e-01,1.360073000000000087e+00,-7.550800000000000567e-02,7.392400000000000082e-01,-2.874180000000000068e-01,1.779999999999999985e-02,3.564149999999999818e-01,-1.442555999999999949e+00,-1.210766000000000009e+00,1.202223000000000042e+00,6.345509999999999762e-01,-1.871199999999999947e-02,8.631800000000000583e-02,1.290200000000000027e-02
1.065699999999999981e-02,-3.891599999999999920e-02,8.308429999999999982e-01,9.529320000000000013e-01,-1.799280000000000046e-01,2.901899999999999966e-02,-2.422900000000000054e-01,-1.613980000000000137e-01,3.686130000000000240e-01,-8.075200000000000433e-02,1.572369999999999879e-01,7.995399999999999729e-02,-1.317600000000000021e-02,-1.004855000000000054e+00,-5.625700000000000145e-01,-2.011500000000000093e-02,1.410865000000000036e+00,-2.388470000000000037e-01,1.542989999999999917e-01,1.621589999999999976e-01,3.180330000000000101e-01,-9.997999999999999943e-03,-3.942620000000000013e-01,1.350098000000000020e+00,-1.025559999999999944e-01,7.719700000000000450e-01,-2.902879999999999905e-01,1.940800000000000164e-02,3.486899999999999999e-01,-1.459208999999999978e+00,-1.216569999999999929e+00,1.220639999999999947e+00,6.748079999999999634e-01,-2.162499999999999839e-02,8.629499999999999671e-02,1.532999999999999988e-02
1.205700000000000001e-02,-3.770699999999999746e-02,8.338740000000000041e-01,9.506059999999999510e-01,-1.947119999999999962e-01,2.978599999999999998e-02,-2.398939999999999961e-01,-1.531959999999999988e-01,3.990630000000000011e-01,-1.011080000000000034e-01,1.481969999999999954e-01,9.088100000000000345e-02,-1.468900000000000067e-02,-1.101115999999999984e+00,-5.575029999999999708e-01,-1.967700000000000005e-02,1.464523000000000019e+00,-2.593320000000000070e-01,1.431830000000000047e-01,1.417069999999999996e-01,3.502620000000000178e-01,4.394000000000000336e-03,-4.304740000000000233e-01,1.347315000000000040e+00,-1.334660000000000013e-01,7.916819999999999968e-01,-2.916730000000000156e-01,1.916500000000000148e-02,3.461480000000000112e-01,-1.488582000000000072e+00,-1.202595999999999998e+00,1.234639999999999960e+00,6.915259999999999740e-01,-2.322600000000000012e-02,8.661499999999999755e-02,1.447599999999999928e-02
1.335700000000000082e-02,-3.631600000000000106e-02,8.367560000000000553e-01,9.477729999999999766e-01,-2.096179999999999988e-01,3.033100000000000032e-02,-2.384650000000000103e-01,-1.446159999999999946e-01,4.306579999999999853e-01,-1.193250000000000005e-01,1.400210000000000066e-01,1.011549999999999949e-01,-1.658000000000000099e-02,-1.196258000000000044e+00,-5.503339999999999899e-01,-2.142799999999999913e-02,1.516979000000000077e+00,-2.791159999999999752e-01,1.311920000000000031e-01,1.234439999999999982e-01,3.824190000000000089e-01,1.965499999999999886e-02,-4.694229999999999792e-01,1.343763999999999958e+00,-1.664130000000000054e-01,8.115329999999999488e-01,-2.932109999999999994e-01,1.973600000000000007e-02,3.440050000000000052e-01,-1.517096000000000000e+00,-1.189910000000000023e+00,1.247428999999999899e+00,7.067539999999999933e-01,-2.458600000000000022e-02,8.828500000000000236e-02,1.377699999999999932e-02
1.459500000000000033e-02,-3.504899999999999682e-02,8.395479999999999610e-01,9.446360000000000312e-01,-2.241579999999999961e-01,3.062600000000000044e-02,-2.376500000000000001e-01,-1.354630000000000001e-01,4.620619999999999727e-01,-1.355949999999999933e-01,1.321390000000000065e-01,1.110850000000000032e-01,-1.837000000000000091e-02,-1.290875999999999912e+00,-5.422670000000000545e-01,-2.447799999999999976e-02,1.569085999999999981e+00,-2.987190000000000123e-01,1.186379999999999935e-01,1.063090000000000007e-01,4.134070000000000245e-01,3.552199999999999802e-02,-5.102210000000000356e-01,1.339531000000000027e+00,-2.008709999999999940e-01,8.318259999999999543e-01,-2.947520000000000140e-01,2.043499999999999830e-02,3.418410000000000060e-01,-1.544724999999999904e+00,-1.177750999999999992e+00,1.259225999999999956e+00,7.216669999999999474e-01,-2.585300000000000098e-02,9.018199999999999827e-02,1.317100000000000042e-02
1.360800000000000030e-02,-3.677300000000000013e-02,8.416810000000000125e-01,9.435109999999999886e-01,-2.314809999999999923e-01,2.713899999999999993e-02,-2.355130000000000001e-01,-1.260640000000000094e-01,4.791670000000000096e-01,-1.470150000000000068e-01,1.328000000000000014e-01,1.207270000000000010e-01,-2.207100000000000034e-02,-1.353293000000000079e+00,-5.417710000000000026e-01,-2.668600000000000139e-02,1.590929999999999955e+00,-3.073299999999999921e-01,1.041429999999999995e-01,9.839599999999999735e-02,4.254459999999999908e-01,4.979200000000000292e-02,-5.524130000000000429e-01,1.329112000000000071e+00,-2.388029999999999875e-01,8.542769999999999531e-01,-2.951500000000000234e-01,2.131600000000000161e-02,3.394139999999999935e-01,-1.576951999999999909e+00,-1.153928000000000065e+00,1.271830000000000016e+00,7.369890000000000052e-01,-3.014000000000000012e-02,9.272199999999999886e-02,1.502900000000000069e-02
1.255299999999999992e-02,-3.840400000000000064e-02,8.437780000000000280e-01,9.423350000000000337e-01,-2.388460000000000027e-01,2.297300000000000036e-02,-2.333020000000000094e-01,-1.148460000000000036e-01,4.959799999999999764e-01,-1.577550000000000063e-01,1.330189999999999984e-01,1.306130000000000069e-01,-2.548999999999999877e-02,-1.413820999999999994e+00,-5.411369999999999791e-01,-2.906299999999999856e-02,1.611860999999999988e+00,-3.154629999999999934e-01,8.988899999999999668e-02,9.011299999999999866e-02,4.376999999999999780e-01,6.593200000000000449e-02,-5.945399999999999574e-01,1.317379999999999995e+00,-2.760989999999999833e-01,8.772440000000000238e-01,-2.955749999999999766e-01,2.239199999999999871e-02,3.371190000000000020e-01,-1.608543000000000056e+00,-1.129926999999999904e+00,1.283582999999999918e+00,7.526289999999999925e-01,-3.443299999999999833e-02,9.522600000000000509e-02,1.695999999999999938e-02
1.145099999999999937e-02,-4.003199999999999814e-02,8.459060000000000468e-01,9.411079999999999446e-01,-2.460749999999999882e-01,1.856800000000000117e-02,-2.311229999999999951e-01,-1.030120000000000063e-01,5.125049999999999883e-01,-1.679730000000000112e-01,1.332399999999999973e-01,1.404449999999999865e-01,-2.881399999999999934e-02,-1.473792999999999909e+00,-5.404259999999999620e-01,-3.160600000000000215e-02,1.632430999999999965e+00,-3.234290000000000220e-01,7.558499999999999941e-02,8.179500000000000659e-02,4.495549999999999824e-01,8.279699999999999560e-02,-6.359730000000000105e-01,1.304891999999999941e+00,-3.123210000000000153e-01,9.004990000000000494e-01,-2.959999999999999853e-01,2.348300000000000040e-02,3.347840000000000260e-01,-1.639018000000000086e+00,-1.105900000000000105e+00,1.293978999999999990e+00,7.682489999999999597e-01,-3.865299999999999986e-02,9.768899999999999806e-02,1.889800000000000160e-02
1.344000000000000056e-02,-4.167099999999999971e-02,8.469050000000000189e-01,9.406700000000000061e-01,-2.510850000000000026e-01,1.582199999999999926e-02,-2.276960000000000095e-01,-9.308600000000000207e-02,5.228469999999999507e-01,-1.751759999999999984e-01,1.341569999999999985e-01,1.396950000000000136e-01,-3.033800000000000038e-02,-1.533333000000000057e+00,-5.349770000000000358e-01,-4.087799999999999767e-02,1.663224999999999953e+00,-3.363030000000000186e-01,6.882099999999999329e-02,8.214799999999999880e-02,4.568929999999999936e-01,9.550200000000000355e-02,-6.712620000000000253e-01,1.296459999999999946e+00,-3.408909999999999996e-01,9.207210000000000116e-01,-2.981509999999999994e-01,2.400899999999999909e-02,3.353030000000000177e-01,-1.670136999999999983e+00,-1.090494000000000074e+00,1.300853000000000037e+00,7.760479999999999601e-01,-4.072100000000000025e-02,1.003990000000000021e-01,1.912499999999999964e-02
1.529299999999999930e-02,-4.231900000000000245e-02,8.482600000000000140e-01,9.394839999999999858e-01,-2.604899999999999993e-01,7.527999999999999969e-03,-2.223910000000000053e-01,-6.956700000000000383e-02,5.393790000000000529e-01,-1.836349999999999927e-01,1.356040000000000023e-01,1.373709999999999931e-01,-3.189000000000000168e-02,-1.569984000000000046e+00,-5.311299999999999910e-01,-5.845299999999999802e-02,1.691489000000000020e+00,-3.517049999999999899e-01,6.421300000000000618e-02,7.709399999999999586e-02,4.728890000000000038e-01,1.222590000000000066e-01,-7.049410000000000398e-01,1.285417000000000032e+00,-3.674399999999999888e-01,9.393939999999999513e-01,-2.999729999999999897e-01,2.497200000000000114e-02,3.363519999999999843e-01,-1.700628999999999946e+00,-1.077001000000000097e+00,1.307849000000000039e+00,7.826750000000000096e-01,-4.313199999999999673e-02,1.035139999999999949e-01,1.908899999999999833e-02
1.625199999999999909e-02,-4.135500000000000287e-02,8.497639999999999638e-01,9.370420000000000416e-01,-2.765090000000000048e-01,-1.137400000000000043e-02,-2.129939999999999889e-01,-1.956799999999999859e-02,5.649469999999999770e-01,-1.937780000000000058e-01,1.339539999999999897e-01,1.352140000000000009e-01,-3.382000000000000284e-02,-1.570000000000000062e+00,-5.307939999999999880e-01,-8.624300000000000022e-02,1.717875000000000041e+00,-3.712130000000000152e-01,6.246899999999999675e-02,5.697499999999999787e-02,5.009710000000000552e-01,1.813240000000000129e-01,-7.417529999999999957e-01,1.271803999999999935e+00,-3.919219999999999926e-01,9.588379999999999681e-01,-3.017770000000000175e-01,2.666900000000000173e-02,3.384940000000000171e-01,-1.735130000000000061e+00,-1.064956999999999931e+00,1.315638000000000085e+00,7.889049999999999674e-01,-4.646800000000000236e-02,1.063709999999999933e-01,1.835600000000000079e-02
1.850200000000000108e-02,-4.182999999999999913e-02,8.505669999999999620e-01,9.383340000000000014e-01,-2.759480000000000266e-01,-2.470100000000000073e-02,-2.068119999999999958e-01,1.109699999999999923e-02,5.533930000000000238e-01,-1.985270000000000090e-01,1.417410000000000059e-01,1.282810000000000061e-01,-2.989299999999999943e-02,-1.570000000000000062e+00,-5.241200000000000303e-01,-1.036949999999999955e-01,1.744982999999999951e+00,-3.865219999999999767e-01,7.596899999999999487e-02,5.100600000000000273e-02,4.845490000000000075e-01,2.126240000000000074e-01,-7.589829999999999632e-01,1.260045999999999999e+00,-4.057020000000000071e-01,9.696740000000000359e-01,-3.015039999999999942e-01,2.393299999999999941e-02,3.409329999999999861e-01,-1.736172999999999966e+00,-1.060901000000000094e+00,1.299654000000000087e+00,8.002230000000000176e-01,-4.923500000000000099e-02,1.090369999999999950e-01,1.904000000000000137e-02
1.855499999999999858e-02,-4.377400000000000041e-02,8.508679999999999577e-01,9.391300000000000203e-01,-2.762249999999999983e-01,-3.834699999999999914e-02,-2.006580000000000030e-01,4.475400000000000211e-02,5.480059999999999931e-01,-2.039980000000000127e-01,1.403399999999999925e-01,1.277780000000000027e-01,-3.038599999999999982e-02,-1.570000000000000062e+00,-5.185110000000000552e-01,-1.304539999999999866e-01,1.772037000000000084e+00,-4.000730000000000119e-01,8.114599999999999591e-02,4.131599999999999856e-02,4.749070000000000236e-01,2.442549999999999999e-01,-7.778439999999999799e-01,1.242636999999999992e+00,-4.207509999999999861e-01,9.867029999999999967e-01,-3.035680000000000045e-01,2.571899999999999881e-02,3.400320000000000009e-01,-1.743584000000000023e+00,-1.045932000000000084e+00,1.294151999999999969e+00,8.164860000000000451e-01,-5.544799999999999729e-02,1.132039999999999991e-01,2.061599999999999891e-02
1.834399999999999920e-02,-4.590400000000000036e-02,8.510969999999999924e-01,9.396860000000000213e-01,-2.765509999999999913e-01,-5.178100000000000064e-02,-1.944980000000000042e-01,7.805299999999999738e-02,5.434689999999999799e-01,-2.098770000000000080e-01,1.381469999999999920e-01,1.278590000000000004e-01,-3.129599999999999743e-02,-1.570000000000000062e+00,-5.136490000000000222e-01,-1.587010000000000087e-01,1.798708999999999891e+00,-4.134970000000000034e-01,8.537300000000000444e-02,3.188099999999999962e-02,4.666120000000000267e-01,2.756660000000000221e-01,-7.963510000000000311e-01,1.224391000000000007e+00,-4.344589999999999841e-01,1.005228999999999928e+00,-3.058060000000000223e-01,2.723300000000000026e-02,3.381160000000000276e-01,-1.754154999999999909e+00,-1.029552000000000023e+00,1.291774999999999896e+00,8.347759999999999625e-01,-6.113699999999999690e-02,1.169000000000000039e-01,2.258999999999999897e-02
2.126799999999999871e-02,-4.978500000000000286e-02,8.501530000000000475e-01,9.438060000000000338e-01,-2.649900000000000033e-01,-5.422300000000000036e-02,-1.899240000000000095e-01,8.419400000000000495e-02,5.150609999999999911e-01,-2.136220000000000063e-01,1.362329999999999930e-01,1.223629999999999995e-01,-2.824399999999999827e-02,-1.570000000000000062e+00,-4.983899999999999997e-01,-1.673630000000000118e-01,1.808524999999999938e+00,-4.133830000000000005e-01,7.932799999999999574e-02,3.499200000000000227e-02,4.385979999999999879e-01,2.713690000000000269e-01,-7.962160000000000348e-01,1.215799000000000074e+00,-4.363949999999999774e-01,1.024772999999999934e+00,-3.084140000000000215e-01,2.806399999999999867e-02,3.346950000000000203e-01,-1.758323000000000080e+00,-1.029411999999999994e+00,1.291935000000000056e+00,8.450569999999999471e-01,-6.380600000000000160e-02,1.177620000000000056e-01,2.534399999999999847e-02
2.438500000000000043e-02,-5.295899999999999913e-02,8.493199999999999639e-01,9.477029999999999621e-01,-2.534049999999999914e-01,-5.585099999999999787e-02,-1.858080000000000009e-01,8.836299999999999710e-02,4.863430000000000253e-01,-2.165610000000000035e-01,1.350830000000000086e-01,1.167620000000000047e-01,-2.424799999999999872e-02,-1.570000000000000062e+00,-4.823459999999999970e-01,-1.760919999999999985e-01,1.815793999999999908e+00,-4.120929999999999871e-01,7.447099999999999553e-02,3.913799999999999918e-02,4.111529999999999907e-01,2.639000000000000234e-01,-7.903890000000000082e-01,1.206981000000000082e+00,-4.350490000000000190e-01,1.041431999999999913e+00,-3.104350000000000165e-01,2.871800000000000047e-02,3.316439999999999944e-01,-1.759362000000000092e+00,-1.030335000000000001e+00,1.291047999999999973e+00,8.528989999999999627e-01,-6.643100000000000394e-02,1.190490000000000020e-01,2.780099999999999932e-02
2.764600000000000043e-02,-5.596399999999999986e-02,8.484329999999999927e-01,9.514200000000000434e-01,-2.418460000000000054e-01,-5.708499999999999686e-02,-1.817999999999999894e-01,9.183299999999999796e-02,4.577209999999999890e-01,-2.195610000000000062e-01,1.339990000000000070e-01,1.112019999999999953e-01,-2.008199999999999916e-02,-1.570000000000000062e+00,-4.660509999999999931e-01,-1.850590000000000013e-01,1.822367999999999988e+00,-4.104619999999999935e-01,6.980300000000000393e-02,4.303200000000000081e-02,3.841459999999999875e-01,2.557949999999999946e-01,-7.820570000000000022e-01,1.198220999999999981e+00,-4.318110000000000004e-01,1.056842999999999977e+00,-3.121430000000000038e-01,2.955899999999999847e-02,3.289099999999999802e-01,-1.759951999999999961e+00,-1.031066000000000038e+00,1.290133999999999892e+00,8.602429999999999799e-01,-6.921900000000000275e-02,1.205539999999999945e-01,3.015200000000000172e-02
3.208899999999999947e-02,-5.854299999999999782e-02,8.471560000000000201e-01,9.558370000000000477e-01,-2.277260000000000117e-01,-5.347899999999999876e-02,-1.779239999999999988e-01,8.311399999999999344e-02,4.237130000000000063e-01,-2.230789999999999995e-01,1.330220000000000014e-01,1.057730000000000059e-01,-1.473600000000000083e-02,-1.570000000000000062e+00,-4.435700000000000198e-01,-1.875249999999999972e-01,1.819347000000000047e+00,-4.050590000000000024e-01,6.414699999999999569e-02,5.148099999999999898e-02,3.507660000000000222e-01,2.406610000000000138e-01,-7.620770000000000044e-01,1.187729999999999952e+00,-4.226409999999999889e-01,1.069784999999999986e+00,-3.132960000000000189e-01,3.022599999999999940e-02,3.256379999999999830e-01,-1.745741999999999905e+00,-1.043436999999999948e+00,1.290605999999999920e+00,8.648479999999999501e-01,-7.004299999999999415e-02,1.211699999999999999e-01,3.262400000000000022e-02
3.660100000000000159e-02,-6.078800000000000175e-02,8.458099999999999508e-01,9.599609999999999532e-01,-2.137830000000000008e-01,-4.923500000000000099e-02,-1.742029999999999967e-01,7.330499999999999516e-02,3.899650000000000061e-01,-2.259780000000000122e-01,1.324539999999999884e-01,1.000179999999999958e-01,-9.053000000000000283e-03,-1.570000000000000062e+00,-4.207489999999999841e-01,-1.899929999999999952e-01,1.815239000000000047e+00,-3.991239999999999788e-01,5.903800000000000020e-02,5.960499999999999826e-02,3.176950000000000052e-01,2.241009999999999946e-01,-7.388930000000000220e-01,1.177165999999999935e+00,-4.118439999999999879e-01,1.080427999999999944e+00,-3.139040000000000163e-01,3.118699999999999944e-02,3.230859999999999843e-01,-1.728844999999999965e+00,-1.056362999999999941e+00,1.289528000000000008e+00,8.681740000000000013e-01,-7.116500000000000603e-02,1.217189999999999939e-01,3.454499999999999932e-02
4.117900000000000033e-02,-6.267699999999999660e-02,8.443659999999999499e-01,9.638139999999999485e-01,-2.000319999999999876e-01,-4.452099999999999808e-02,-1.704920000000000047e-01,6.279200000000000059e-02,3.566280000000000006e-01,-2.288060000000000094e-01,1.320079999999999865e-01,9.436500000000000443e-02,-3.335999999999999990e-03,-1.570000000000000062e+00,-3.977879999999999749e-01,-1.925739999999999952e-01,1.810621999999999954e+00,-3.928889999999999882e-01,5.415199999999999875e-02,6.689399999999999513e-02,2.850500000000000256e-01,2.073389999999999955e-01,-7.146649999999999947e-01,1.166533999999999960e+00,-4.003450000000000064e-01,1.090252999999999917e+00,-3.143310000000000271e-01,3.235600000000000281e-02,3.208059999999999801e-01,-1.711384999999999934e+00,-1.069101999999999997e+00,1.287987999999999911e+00,8.712360000000000104e-01,-7.246800000000000463e-02,1.223039999999999961e-01,3.635700000000000043e-02
4.623000000000000026e-02,-6.443400000000000516e-02,8.430140000000000411e-01,9.673850000000000504e-01,-1.873100000000000043e-01,-3.740299999999999875e-02,-1.663810000000000011e-01,4.649699999999999667e-02,3.260370000000000212e-01,-2.335689999999999988e-01,1.326559999999999961e-01,9.020699999999999552e-02,2.465999999999999876e-03,-1.570000000000000062e+00,-3.751090000000000257e-01,-1.794509999999999994e-01,1.797207999999999917e+00,-3.832800000000000096e-01,5.190999999999999781e-02,7.246600000000000263e-02,2.593840000000000034e-01,1.801480000000000026e-01,-6.862610000000000099e-01,1.159264999999999990e+00,-3.879460000000000131e-01,1.098678999999999961e+00,-3.139710000000000001e-01,3.389000000000000346e-02,3.179139999999999744e-01,-1.685511999999999899e+00,-1.083280000000000021e+00,1.283377999999999908e+00,8.699139999999999651e-01,-7.367500000000000437e-02,1.229459999999999997e-01,3.968300000000000299e-02
5.109099999999999753e-02,-6.577700000000000213e-02,8.416810000000000125e-01,9.704909999999999926e-01,-1.760079999999999978e-01,-3.163900000000000046e-02,-1.617639999999999911e-01,3.387600000000000333e-02,2.977779999999999871e-01,-2.385130000000000028e-01,1.329220000000000124e-01,8.608200000000000573e-02,8.118000000000000216e-03,-1.563965999999999967e+00,-3.527420000000000000e-01,-1.681940000000000102e-01,1.782658999999999994e+00,-3.739370000000000194e-01,5.027199999999999724e-02,7.586600000000000288e-02,2.363270000000000093e-01,1.567860000000000087e-01,-6.576159999999999783e-01,1.151437000000000044e+00,-3.754739999999999744e-01,1.106918999999999986e+00,-3.135870000000000046e-01,3.546200000000000047e-02,3.151979999999999782e-01,-1.658230000000000093e+00,-1.097217000000000109e+00,1.277563999999999922e+00,8.679329999999999545e-01,-7.524300000000000432e-02,1.238019999999999954e-01,4.268000000000000266e-02
5.283700000000000202e-02,-6.532000000000000306e-02,8.409149999999999681e-01,9.724300000000000166e-01,-1.708079999999999876e-01,-2.827599999999999905e-02,-1.562199999999999978e-01,2.753200000000000092e-02,2.827200000000000268e-01,-2.470650000000000068e-01,1.246580000000000049e-01,9.036700000000000288e-02,1.100399999999999989e-02,-1.538289999999999935e+00,-3.320730000000000071e-01,-1.733000000000000096e-01,1.751887999999999890e+00,-3.564229999999999898e-01,4.601399999999999935e-02,7.308699999999999919e-02,2.336219999999999963e-01,1.370919999999999916e-01,-6.295250000000000012e-01,1.133227999999999902e+00,-3.638779999999999792e-01,1.122341000000000033e+00,-3.146999999999999797e-01,4.025299999999999712e-02,3.095240000000000213e-01,-1.640204999999999913e+00,-1.100710000000000077e+00,1.288488000000000078e+00,8.698430000000000328e-01,-7.766900000000000193e-02,1.264440000000000008e-01,4.749300000000000049e-02
5.931000000000000161e-02,-6.811799999999999800e-02,8.398139999999999494e-01,9.750860000000000083e-01,-1.606920000000000015e-01,-3.021199999999999927e-02,-1.499089999999999867e-01,3.362300000000000011e-02,2.555569999999999786e-01,-2.528580000000000272e-01,1.317190000000000027e-01,7.856899999999999995e-02,1.442799999999999985e-02,-1.493775000000000075e+00,-3.003990000000000271e-01,-1.652240000000000097e-01,1.742172999999999972e+00,-3.581010000000000026e-01,5.978200000000000180e-02,7.604800000000000448e-02,2.038270000000000082e-01,1.428570000000000118e-01,-5.918409999999999505e-01,1.122128999999999932e+00,-3.461540000000000172e-01,1.121552000000000104e+00,-3.125839999999999730e-01,3.770199999999999940e-02,3.071679999999999966e-01,-1.596155999999999908e+00,-1.136646999999999963e+00,1.275246000000000102e+00,8.577050000000000507e-01,-7.752100000000000657e-02,1.224599999999999994e-01,5.314100000000000074e-02
6.110800000000000259e-02,-6.891700000000000603e-02,8.391889999999999628e-01,9.768240000000000256e-01,-1.557260000000000033e-01,-2.875899999999999984e-02,-1.440019999999999911e-01,3.282000000000000195e-02,2.424050000000000094e-01,-2.627780000000000116e-01,1.233250000000000041e-01,8.310800000000000132e-02,1.366599999999999933e-02,-1.443225999999999898e+00,-2.694270000000000276e-01,-1.752690000000000081e-01,1.705715000000000092e+00,-3.404639999999999889e-01,6.756900000000000406e-02,7.347499999999999865e-02,1.962069999999999925e-01,1.350780000000000036e-01,-5.515700000000000047e-01,1.097266999999999992e+00,-3.304039999999999755e-01,1.128748000000000085e+00,-3.123750000000000138e-01,4.189699999999999674e-02,2.993250000000000077e-01,-1.558767999999999931e+00,-1.158190999999999971e+00,1.282111999999999918e+00,8.463960000000000372e-01,-8.075799999999999645e-02,1.214620000000000005e-01,6.215999999999999998e-02
6.526300000000000157e-02,-7.053199999999999747e-02,8.383540000000000436e-01,9.786979999999999569e-01,-1.490480000000000138e-01,-2.894199999999999898e-02,-1.381969999999999865e-01,3.633100000000000218e-02,2.242689999999999961e-01,-2.701799999999999757e-01,1.222359999999999974e-01,7.953399999999999359e-02,1.485599999999999941e-02,-1.394571999999999923e+00,-2.369229999999999947e-01,-1.761909999999999865e-01,1.681176999999999921e+00,-3.321279999999999788e-01,7.817200000000000537e-02,7.340399999999999703e-02,1.804709999999999925e-01,1.346380000000000077e-01,-5.116190000000000460e-01,1.077312000000000047e+00,-3.127079999999999860e-01,1.130646999999999958e+00,-3.109020000000000117e-01,4.294400000000000300e-02,2.950369999999999937e-01,-1.517911000000000010e+00,-1.186161999999999939e+00,1.278696000000000055e+00,8.340030000000000499e-01,-8.194300000000000195e-02,1.195729999999999987e-01,6.959899999999999420e-02
6.806199999999999750e-02,-7.230899999999999828e-02,8.375369999999999759e-01,9.805599999999999872e-01,-1.437970000000000081e-01,-2.895899999999999863e-02,-1.303320000000000034e-01,3.622299999999999826e-02,2.101810000000000067e-01,-2.790869999999999740e-01,1.219790000000000041e-01,7.606799999999999673e-02,1.588600000000000081e-02,-1.314160999999999913e+00,-2.031360000000000110e-01,-1.758699999999999986e-01,1.588915000000000077e+00,-3.130040000000000044e-01,8.482699999999999962e-02,7.278099999999999847e-02,1.667009999999999881e-01,1.368939999999999879e-01,-4.636970000000000258e-01,1.060508999999999924e+00,-2.960960000000000258e-01,1.117599999999999927e+00,-3.047099999999999809e-01,4.422800000000000342e-02,2.879789999999999850e-01,-1.442779999999999951e+00,-1.220291000000000015e+00,1.259900000000000020e+00,8.100549999999999695e-01,-7.775899999999999479e-02,1.163369999999999960e-01,8.281499999999999972e-02
7.092099999999999793e-02,-7.391899999999999860e-02,8.367360000000000353e-01,9.821550000000000002e-01,-1.393790000000000029e-01,-2.906299999999999856e-02,-1.228800000000000031e-01,3.725200000000000039e-02,1.980939999999999923e-01,-2.871650000000000036e-01,1.212759999999999949e-01,7.245100000000000151e-02,1.685199999999999892e-02,-1.231950000000000101e+00,-1.682450000000000057e-01,-1.752470000000000139e-01,1.494952000000000059e+00,-2.936909999999999799e-01,9.052499999999999436e-02,7.257299999999999862e-02,1.534109999999999918e-01,1.391940000000000122e-01,-4.155019999999999825e-01,1.044044999999999890e+00,-2.801730000000000054e-01,1.102742000000000111e+00,-2.983169999999999988e-01,4.648999999999999660e-02,2.815090000000000092e-01,-1.357833000000000068e+00,-1.253193999999999919e+00,1.230869999999999909e+00,7.844029999999999614e-01,-7.471099999999999963e-02,1.134519999999999973e-01,9.501300000000000023e-02
7.387499999999999623e-02,-7.537299999999999556e-02,8.360579999999999679e-01,9.836040000000000338e-01,-1.353600000000000081e-01,-2.910599999999999993e-02,-1.155629999999999991e-01,3.866399999999999698e-02,1.867769999999999986e-01,-2.949769999999999892e-01,1.205529999999999935e-01,6.862799999999999456e-02,1.797999999999999945e-02,-1.148937000000000097e+00,-1.329259999999999886e-01,-1.729199999999999904e-01,1.399840999999999891e+00,-2.743200000000000083e-01,9.548500000000000043e-02,7.225399999999999878e-02,1.407039999999999957e-01,1.412859999999999949e-01,-3.678310000000000191e-01,1.026942999999999939e+00,-2.652189999999999825e-01,1.087601000000000040e+00,-2.919340000000000268e-01,4.894400000000000139e-02,2.751819999999999822e-01,-1.266150000000000109e+00,-1.283849000000000018e+00,1.195033999999999930e+00,7.585579999999999545e-01,-7.183699999999999808e-02,1.106160000000000060e-01,1.067860000000000059e-01
7.804099999999999926e-02,-7.694199999999999651e-02,8.347520000000000495e-01,9.854089999999999794e-01,-1.316140000000000088e-01,-3.033999999999999891e-02,-1.035660000000000053e-01,4.166299999999999865e-02,1.767120000000000080e-01,-2.880190000000000250e-01,1.202830000000000010e-01,5.977500000000000174e-02,2.549500000000000030e-02,-1.056499000000000077e+00,-8.337799999999999379e-02,-1.457189999999999874e-01,1.283590000000000009e+00,-2.227200000000000013e-01,1.515120000000000078e-01,7.380399999999999461e-02,1.254850000000000132e-01,1.445039999999999936e-01,-2.869570000000000176e-01,1.015741000000000005e+00,-2.466520000000000101e-01,1.029511999999999983e+00,-2.752060000000000062e-01,5.385899999999999715e-02,2.669090000000000074e-01,-1.120278000000000107e+00,-1.321986000000000105e+00,1.116114000000000051e+00,6.949180000000000357e-01,-7.443299999999999916e-02,1.107400000000000051e-01,1.238100000000000034e-01
8.236000000000000265e-02,-7.777499999999999691e-02,8.333970000000000544e-01,9.870060000000000500e-01,-1.283390000000000086e-01,-2.993499999999999980e-02,-9.193700000000000483e-02,4.098299999999999860e-02,1.670629999999999893e-01,-2.807810000000000028e-01,1.202359999999999957e-01,5.178100000000000064e-02,3.377000000000000141e-02,-9.645979999999999555e-01,-3.457699999999999663e-02,-1.134440000000000032e-01,1.163788999999999962e+00,-1.703580000000000094e-01,2.064380000000000104e-01,7.382400000000000073e-02,1.171220000000000039e-01,1.443089999999999928e-01,-2.070799999999999863e-01,9.966559999999999864e-01,-2.284299999999999942e-01,9.752830000000000110e-01,-2.593559999999999754e-01,5.764600000000000279e-02,2.577909999999999924e-01,-9.830649999999999666e-01,-1.353747999999999951e+00,1.047755999999999910e+00,6.349289999999999656e-01,-7.257500000000000062e-02,1.112250000000000044e-01,1.423240000000000061e-01
8.677200000000000191e-02,-7.831200000000000661e-02,8.321560000000000068e-01,9.883729999999999460e-01,-1.256599999999999939e-01,-2.944000000000000089e-02,-8.038199999999999512e-02,4.031400000000000261e-02,1.583829999999999960e-01,-2.735279999999999934e-01,1.206649999999999945e-01,4.337099999999999983e-02,4.227700000000000208e-02,-8.697259999999999991e-01,1.296800000000000036e-02,-7.650800000000000656e-02,1.041654999999999998e+00,-1.187460000000000043e-01,2.591149999999999842e-01,7.217700000000000504e-02,1.111670000000000019e-01,1.440529999999999866e-01,-1.274619999999999920e-01,9.744199999999999529e-01,-2.106860000000000122e-01,9.214200000000000168e-01,-2.435209999999999875e-01,6.116499999999999715e-02,2.482159999999999922e-01,-8.429959999999999676e-01,-1.379148999999999958e+00,9.767700000000000271e-01,5.761760000000000215e-01,-6.922999999999999987e-02,1.119870000000000032e-01,1.608600000000000030e-01
8.857600000000000195e-02,-1.047809999999999991e-01,8.310159999999999769e-01,9.884330000000000060e-01,-1.330540000000000056e-01,-3.242199999999999943e-02,-6.516199999999999770e-02,4.363600000000000118e-02,2.115750000000000131e-01,-2.813280000000000225e-01,1.307850000000000124e-01,8.148999999999999994e-03,1.026900000000000035e-02,-7.515319999999999778e-01,1.098350000000000021e-01,-8.427400000000000169e-02,9.043839999999999657e-01,-9.014800000000000590e-02,2.617999999999999772e-01,9.006300000000000416e-02,9.371899999999999675e-02,1.414700000000000124e-01,-4.055500000000000077e-02,9.967479999999999674e-01,-1.724519999999999942e-01,8.912050000000000249e-01,-2.402819999999999956e-01,6.274100000000000510e-02,2.428339999999999943e-01,-6.321959999999999802e-01,-1.289298000000000055e+00,8.304150000000000142e-01,5.737590000000000190e-01,-6.119000000000000133e-02,1.184400000000000036e-01,1.529520000000000046e-01
9.498299999999999799e-02,-1.332550000000000123e-01,8.282699999999999507e-01,9.887040000000000273e-01,-1.380560000000000120e-01,-3.613899999999999751e-02,-4.581699999999999662e-02,4.932899999999999785e-02,2.602800000000000114e-01,-2.948540000000000050e-01,1.429979999999999862e-01,-3.192899999999999905e-02,-2.200399999999999925e-02,-6.336490000000000178e-01,2.034860000000000002e-01,-7.612399999999999722e-02,7.768850000000000477e-01,-6.728800000000000059e-02,2.617999999999999772e-01,9.762500000000000344e-02,7.419499999999999706e-02,1.358020000000000060e-01,4.564599999999999907e-02,1.012091000000000074e+00,-1.344859999999999944e-01,8.709010000000000362e-01,-2.375390000000000001e-01,6.095899999999999930e-02,2.368439999999999990e-01,-4.813419999999999921e-01,-1.187011999999999956e+00,7.511149999999999771e-01,5.751349999999999518e-01,-4.911700000000000094e-02,1.242430000000000062e-01,1.459439999999999904e-01
1.066779999999999951e-01,-1.616009999999999946e-01,8.238929999999999865e-01,9.891919999999999602e-01,-1.393540000000000056e-01,-3.973999999999999755e-02,-2.234900000000000081e-02,5.719500000000000278e-02,2.994820000000000260e-01,-3.122559999999999780e-01,1.531700000000000006e-01,-7.391100000000000447e-02,-5.136999999999999900e-02,-5.148770000000000291e-01,2.888200000000000212e-01,-5.064899999999999958e-02,6.596319999999999961e-01,-5.090999999999999692e-02,2.617999999999999772e-01,1.009069999999999967e-01,4.826400000000000134e-02,1.278160000000000129e-01,1.281400000000000039e-01,1.024259000000000031e+00,-1.002050000000000024e-01,8.524220000000000130e-01,-2.361340000000000106e-01,5.933399999999999785e-02,2.294039999999999968e-01,-3.460820000000000007e-01,-1.080179000000000000e+00,6.934069999999999956e-01,5.737929999999999975e-01,-4.005600000000000133e-02,1.285600000000000076e-01,1.381239999999999968e-01
1.197769999999999946e-01,-1.602919999999999900e-01,8.211330000000000018e-01,9.894279999999999742e-01,-1.364180000000000115e-01,-4.769500000000000128e-02,1.215699999999999940e-02,4.813699999999999923e-02,2.759280000000000066e-01,-3.302189999999999848e-01,2.075140000000000040e-01,-1.080440000000000011e-01,-4.436400000000000066e-02,-4.243609999999999882e-01,3.025769999999999849e-01,1.475500000000000075e-02,5.805529999999999857e-01,-5.494500000000000078e-02,2.617999999999999772e-01,1.055299999999999988e-01,5.029100000000000237e-02,1.348280000000000034e-01,1.432720000000000105e-01,9.610309999999999686e-01,-1.296789999999999887e-01,8.291159999999999641e-01,-2.302819999999999867e-01,6.168699999999999878e-02,2.324809999999999932e-01,-2.543259999999999965e-01,-9.696559999999999624e-01,6.728389999999999649e-01,5.862009999999999721e-01,-4.719799999999999690e-02,1.285999999999999921e-01,1.198990000000000056e-01
1.312649999999999928e-01,-1.578809999999999936e-01,8.180030000000000356e-01,9.890679999999999472e-01,-1.288060000000000038e-01,-5.340400000000000008e-02,4.796299999999999869e-02,3.070799999999999919e-02,2.389380000000000115e-01,-3.500110000000000166e-01,2.667289999999999939e-01,-1.410450000000000037e-01,-3.554500000000000021e-02,-3.415369999999999795e-01,3.016139999999999932e-01,8.213199999999999668e-02,5.077019999999999866e-01,-5.947999999999999815e-02,2.617999999999999772e-01,1.035330000000000000e-01,4.798199999999999688e-02,1.397309999999999941e-01,1.493480000000000085e-01,8.918899999999999606e-01,-1.641859999999999986e-01,8.179990000000000316e-01,-2.271529999999999938e-01,6.187499999999999944e-02,2.337370000000000003e-01,-1.909389999999999976e-01,-8.616190000000000238e-01,6.800249999999999906e-01,6.090119999999999978e-01,-4.656099999999999822e-02,1.294410000000000005e-01,1.037369999999999959e-01
1.415200000000000069e-01,-1.544220000000000037e-01,8.142869999999999830e-01,9.877179999999999849e-01,-1.180790000000000034e-01,-5.800000000000000294e-02,8.429899999999999893e-02,9.110999999999999308e-03,1.920580000000000065e-01,-3.690160000000000107e-01,3.325029999999999930e-01,-1.752769999999999884e-01,-2.527300000000000033e-02,-2.624969999999999803e-01,2.897560000000000136e-01,1.496689999999999965e-01,4.390979999999999883e-01,-6.495099999999999485e-02,2.617999999999999772e-01,9.762800000000000644e-02,4.104200000000000209e-02,1.453750000000000042e-01,1.577780000000000016e-01,8.198239999999999972e-01,-1.936839999999999951e-01,8.066849999999999854e-01,-2.235810000000000020e-01,6.079999999999999988e-02,2.338610000000000133e-01,-1.374759999999999871e-01,-7.546640000000000015e-01,6.975700000000000234e-01,6.355089999999999906e-01,-4.348699999999999788e-02,1.298640000000000072e-01,8.808699999999999863e-02
1.414459999999999884e-01,-1.442700000000000093e-01,8.105599999999999472e-01,9.869339999999999780e-01,-1.067960000000000020e-01,-5.814300000000000024e-02,1.057109999999999994e-01,-1.767600000000000074e-02,1.377589999999999926e-01,-3.689399999999999902e-01,3.795850000000000057e-01,-1.863589999999999969e-01,-5.814999999999999857e-03,-2.283489999999999964e-01,2.355720000000000036e-01,1.773029999999999884e-01,3.988760000000000083e-01,-6.720600000000000185e-02,2.617999999999999772e-01,1.053970000000000046e-01,4.274900000000000228e-02,1.555390000000000106e-01,1.469560000000000033e-01,7.551139999999999519e-01,-2.237820000000000087e-01,7.916100000000000358e-01,-2.171829999999999872e-01,6.041599999999999748e-02,2.308070000000000122e-01,-1.450130000000000030e-01,-6.801920000000000188e-01,7.230670000000000153e-01,6.418009999999999549e-01,-3.805000000000000049e-02,1.268670000000000075e-01,5.997299999999999853e-02
1.399219999999999908e-01,-1.347109999999999974e-01,8.059640000000000137e-01,9.856979999999999631e-01,-9.404999999999999472e-02,-5.691600000000000131e-02,1.277320000000000122e-01,-4.934399999999999897e-02,7.867399999999999394e-02,-3.670769999999999866e-01,4.315260000000000207e-01,-1.983360000000000123e-01,1.357099999999999973e-02,-2.030500000000000083e-01,1.773550000000000126e-01,2.005020000000000135e-01,3.687799999999999967e-01,-7.398699999999999721e-02,2.617999999999999772e-01,1.104819999999999969e-01,4.636500000000000343e-02,1.675790000000000057e-01,1.305759999999999976e-01,6.803169999999999495e-01,-2.518900000000000028e-01,7.778909999999999991e-01,-2.082519999999999927e-01,6.020500000000000157e-02,2.289259999999999906e-01,-1.554969999999999963e-01,-6.135789999999999855e-01,7.481820000000000137e-01,6.492289999999999450e-01,-2.847999999999999837e-02,1.230160000000000003e-01,3.396199999999999913e-02
1.375020000000000131e-01,-1.257240000000000024e-01,8.007440000000000113e-01,9.838590000000000391e-01,-8.068300000000000471e-02,-5.463099999999999901e-02,1.500869999999999982e-01,-8.272599999999999398e-02,1.776200000000000001e-02,-3.624140000000000139e-01,4.842250000000000165e-01,-2.101200000000000012e-01,3.282399999999999901e-02,-1.819359999999999866e-01,1.167500000000000066e-01,2.204820000000000113e-01,3.426000000000000156e-01,-8.283500000000000585e-02,2.617999999999999772e-01,1.143789999999999946e-01,4.947399999999999715e-02,1.791659999999999919e-01,1.148819999999999980e-01,6.017909999999999648e-01,-2.757700000000000151e-01,7.608070000000000110e-01,-1.978830000000000033e-01,5.942000000000000060e-02,2.257530000000000092e-01,-1.629249999999999865e-01,-5.497680000000000344e-01,7.708340000000000192e-01,6.554419999999999691e-01,-1.799800000000000011e-02,1.185869999999999980e-01,9.325999999999999221e-03
1.371670000000000111e-01,-1.233790000000000026e-01,7.978960000000000496e-01,9.823460000000000525e-01,-7.421500000000000319e-02,-5.195400000000000018e-02,1.636739999999999862e-01,-9.832699999999999774e-02,-5.630999999999999721e-03,-3.551230000000000220e-01,4.993449999999999833e-01,-2.179510000000000058e-01,4.022499999999999687e-02,-1.821659999999999946e-01,8.915099999999999414e-02,2.200040000000000051e-01,3.390429999999999833e-01,-8.771900000000000530e-02,2.617999999999999772e-01,1.318340000000000067e-01,5.668299999999999728e-02,1.847530000000000006e-01,9.920900000000000551e-02,5.387729999999999464e-01,-2.853829999999999978e-01,7.483039999999999692e-01,-1.960069999999999868e-01,5.738800000000000151e-02,2.221809999999999896e-01,-1.859860000000000124e-01,-4.874479999999999924e-01,7.603739999999999943e-01,6.475499999999999590e-01,1.245699999999999932e-02,1.115809999999999996e-01,-1.704200000000000159e-02
1.366670000000000107e-01,-1.211860000000000021e-01,7.949869999999999992e-01,9.806510000000000504e-01,-6.770199999999999829e-02,-4.880999999999999922e-02,1.770839999999999914e-01,-1.141370000000000023e-01,-2.908900000000000027e-02,-3.469740000000000046e-01,5.136969999999999592e-01,-2.254909999999999970e-01,4.770699999999999941e-02,-1.831389999999999962e-01,6.130900000000000238e-02,2.198460000000000136e-01,3.364610000000000101e-01,-9.300400000000000333e-02,2.617999999999999772e-01,1.506419999999999981e-01,6.330399999999999916e-02,1.896799999999999875e-01,8.432900000000000118e-02,4.744399999999999729e-01,-2.918259999999999743e-01,7.315439999999999721e-01,-1.933789999999999953e-01,5.434400000000000341e-02,2.160380000000000078e-01,-2.054130000000000122e-01,-4.253149999999999986e-01,7.470029999999999726e-01,6.386290000000000022e-01,4.241999999999999937e-02,1.038879999999999942e-01,-4.307199999999999918e-02
1.359829999999999928e-01,-1.191040000000000015e-01,7.919990000000000085e-01,9.787209999999999521e-01,-6.119600000000000040e-02,-4.534699999999999842e-02,1.905370000000000119e-01,-1.300959999999999894e-01,-5.275200000000000028e-02,-3.384210000000000274e-01,5.277570000000000316e-01,-2.329940000000000067e-01,5.531400000000000206e-02,-1.843799999999999883e-01,3.309800000000000242e-02,2.195759999999999934e-01,3.346830000000000083e-01,-9.876600000000000656e-02,2.617999999999999772e-01,1.693669999999999898e-01,6.983599999999999530e-02,1.943680000000000130e-01,7.102100000000000080e-02,4.078970000000000096e-01,-2.953049999999999842e-01,7.106780000000000319e-01,-1.899349999999999927e-01,5.128200000000000119e-02,2.091810000000000058e-01,-2.223940000000000083e-01,-3.634830000000000005e-01,7.322959999999999470e-01,6.288780000000000481e-01,7.190299999999999470e-02,9.577600000000000002e-02,-6.889800000000000091e-02
1.353090000000000126e-01,-1.181659999999999933e-01,7.907330000000000192e-01,9.766089999999999494e-01,-5.637400000000000050e-02,-4.072599999999999831e-02,2.034650000000000070e-01,-1.420289999999999886e-01,-6.237600000000000089e-02,-3.135809999999999986e-01,5.210439999999999516e-01,-2.320899999999999908e-01,6.302199999999999469e-02,-1.733179999999999998e-01,4.995999999999999573e-03,2.018530000000000046e-01,3.034950000000000148e-01,-9.352900000000000102e-02,2.617999999999999772e-01,1.840660000000000074e-01,7.252300000000000413e-02,1.935469999999999968e-01,6.052600000000000341e-02,3.650180000000000091e-01,-3.023390000000000244e-01,6.732089999999999463e-01,-1.807149999999999868e-01,4.873000000000000248e-02,1.988330000000000097e-01,-2.501840000000000175e-01,-3.768859999999999988e-01,7.126949999999999674e-01,5.969879999999999631e-01,7.539999999999999480e-02,9.251199999999999701e-02,-8.568699999999999928e-02
1.344529999999999892e-01,-1.172610000000000041e-01,7.894529999999999603e-01,9.742720000000000269e-01,-5.202799999999999786e-02,-3.649299999999999766e-02,2.162300000000000055e-01,-1.523289999999999922e-01,-7.087999999999999856e-02,-2.885010000000000074e-01,5.136770000000000502e-01,-2.311390000000000111e-01,7.057299999999999685e-02,-1.601779999999999871e-01,-2.244099999999999914e-02,1.833789999999999865e-01,2.709409999999999874e-01,-8.760800000000000531e-02,2.617999999999999772e-01,1.998010000000000064e-01,7.716599999999999848e-02,1.934750000000000081e-01,5.051100000000000034e-02,3.210200000000000276e-01,-3.102449999999999930e-01,6.361019999999999452e-01,-1.715420000000000000e-01,4.669999999999999846e-02,1.887240000000000029e-01,-2.760219999999999896e-01,-3.925120000000000275e-01,6.919800000000000395e-01,5.621869999999999923e-01,7.832400000000000473e-02,9.071400000000000297e-02,-1.016849999999999976e-01
1.335189999999999988e-01,-1.165670000000000039e-01,7.882789999999999520e-01,9.717270000000000074e-01,-4.806099999999999955e-02,-3.230999999999999844e-02,2.288959999999999884e-01,-1.619170000000000054e-01,-7.870699999999999918e-02,-2.634099999999999775e-01,5.060339999999999838e-01,-2.305230000000000057e-01,7.815300000000000025e-02,-1.465899999999999981e-01,-4.932199999999999779e-02,1.641019999999999979e-01,2.389930000000000110e-01,-8.195800000000000307e-02,2.617999999999999772e-01,2.157739999999999936e-01,8.241300000000000014e-02,1.934160000000000046e-01,4.177999999999999770e-02,2.779949999999999921e-01,-3.200669999999999904e-01,6.026369999999999783e-01,-1.633300000000000030e-01,4.496700000000000003e-02,1.796550000000000091e-01,-3.009859999999999758e-01,-4.083109999999999795e-01,6.711810000000000276e-01,5.269740000000000535e-01,8.088700000000000057e-02,8.908499999999999752e-02,-1.175969999999999932e-01
1.326600000000000001e-01,-1.153959999999999986e-01,7.883099999999999552e-01,9.699489999999999501e-01,-4.471200000000000174e-02,-2.856399999999999911e-02,2.374519999999999964e-01,-1.756669999999999898e-01,-7.790199999999999902e-02,-2.386709999999999943e-01,5.099879999999999969e-01,-2.330689999999999984e-01,7.999299999999999466e-02,-1.338949999999999863e-01,-6.961900000000000033e-02,1.458029999999999882e-01,2.097090000000000065e-01,-6.930500000000000549e-02,2.617999999999999772e-01,2.180259999999999976e-01,8.192499999999999782e-02,1.946940000000000059e-01,4.046299999999999897e-02,2.545689999999999897e-01,-3.210640000000000160e-01,5.794430000000000414e-01,-1.564290000000000125e-01,4.364400000000000224e-02,1.701759999999999939e-01,-3.174910000000000232e-01,-4.268600000000000172e-01,6.370320000000000427e-01,4.806799999999999962e-01,8.754000000000000670e-02,8.942600000000000549e-02,-1.298239999999999950e-01
1.319079999999999975e-01,-1.143570000000000003e-01,7.884719999999999507e-01,9.680739999999999901e-01,-4.162899999999999934e-02,-2.460100000000000134e-02,2.459560000000000080e-01,-1.896770000000000123e-01,-7.645000000000000406e-02,-2.140630000000000033e-01,5.145110000000000516e-01,-2.358810000000000073e-01,8.147899999999999587e-02,-1.214869999999999978e-01,-8.929199999999999637e-02,1.268920000000000048e-01,1.809280000000000055e-01,-5.684100000000000263e-02,2.617999999999999772e-01,2.201490000000000113e-01,8.106900000000000217e-02,1.952329999999999899e-01,4.067400000000000182e-02,2.356199999999999961e-01,-3.272260000000000169e-01,5.654010000000000424e-01,-1.519280000000000075e-01,4.282299999999999995e-02,1.629039999999999933e-01,-3.329770000000000230e-01,-4.445430000000000215e-01,6.030590000000000117e-01,4.335249999999999937e-01,9.373399999999999788e-02,9.046200000000000074e-02,-1.421000000000000041e-01
1.312109999999999943e-01,-1.135469999999999952e-01,7.886720000000000397e-01,9.660980000000000123e-01,-3.877599999999999797e-02,-2.059400000000000119e-02,2.544170000000000043e-01,-2.033369999999999900e-01,-7.433599999999999930e-02,-1.895679999999999865e-01,5.189970000000000416e-01,-2.390569999999999917e-01,8.283699999999999397e-02,-1.091140000000000027e-01,-1.083670000000000050e-01,1.073599999999999971e-01,1.527739999999999931e-01,-4.463999999999999913e-02,2.617999999999999772e-01,2.222480000000000011e-01,8.027800000000000213e-02,1.955449999999999966e-01,4.208100000000000035e-02,2.213539999999999952e-01,-3.399079999999999879e-01,5.622989999999999933e-01,-1.503929999999999989e-01,4.283200000000000202e-02,1.587169999999999970e-01,-3.479110000000000258e-01,-4.616080000000000183e-01,5.692570000000000130e-01,3.862840000000000162e-01,9.965400000000000647e-02,9.153500000000000525e-02,-1.545080000000000064e-01
1.309520000000000128e-01,-1.127340000000000009e-01,7.896830000000000238e-01,9.643789999999999862e-01,-3.714200000000000140e-02,-1.684300000000000033e-02,2.613630000000000120e-01,-2.218900000000000039e-01,-7.411199999999999732e-02,-1.841299999999999881e-01,5.350430000000000463e-01,-2.435700000000000087e-01,8.159500000000000086e-02,-1.102589999999999959e-01,-1.199240000000000028e-01,9.335699999999999554e-02,1.510710000000000108e-01,-3.577400000000000024e-02,2.617999999999999772e-01,2.214049999999999907e-01,7.997200000000000142e-02,1.941519999999999913e-01,2.502599999999999963e-02,2.449230000000000018e-01,-3.281020000000000048e-01,5.343269999999999964e-01,-1.508359999999999979e-01,4.360300000000000287e-02,1.641739999999999866e-01,-3.688690000000000024e-01,-4.900800000000000156e-01,5.461570000000000036e-01,3.554470000000000129e-01,1.003460000000000046e-01,9.580099999999999727e-02,-1.615550000000000042e-01
1.306559999999999944e-01,-1.120540000000000008e-01,7.906689999999999552e-01,9.625590000000000535e-01,-3.556600000000000039e-02,-1.267000000000000071e-02,2.684300000000000019e-01,-2.416310000000000124e-01,-7.420899999999999719e-02,-1.789179999999999937e-01,5.516210000000000280e-01,-2.479520000000000057e-01,8.068000000000000171e-02,-1.130030000000000062e-01,-1.317099999999999937e-01,7.926500000000000212e-02,1.511309999999999876e-01,-2.774099999999999830e-02,2.617999999999999772e-01,2.189210000000000045e-01,7.867599999999999594e-02,1.922480000000000022e-01,1.014999999999999930e-02,2.735549999999999926e-01,-3.212510000000000088e-01,5.153459999999999708e-01,-1.537830000000000030e-01,4.619600000000000095e-02,1.726050000000000084e-01,-3.913499999999999757e-01,-5.173670000000000213e-01,5.249019999999999797e-01,3.262920000000000265e-01,1.011350000000000027e-01,9.938900000000000512e-02,-1.684430000000000094e-01
1.303350000000000064e-01,-1.114450000000000024e-01,7.915619999999999878e-01,9.606529999999999792e-01,-3.404100000000000181e-02,-8.408999999999999808e-03,2.755290000000000239e-01,-2.615160000000000262e-01,-7.434100000000000430e-02,-1.736790000000000000e-01,5.682979999999999698e-01,-2.523969999999999825e-01,7.986999999999999655e-02,-1.158060000000000062e-01,-1.436449999999999949e-01,6.510399999999999521e-02,1.513510000000000133e-01,-1.978500000000000050e-02,2.617999999999999772e-01,2.160950000000000093e-01,7.726199999999999735e-02,1.901269999999999905e-01,-3.599000000000000202e-03,3.058690000000000020e-01,-3.196590000000000265e-01,5.047070000000000167e-01,-1.589329999999999909e-01,4.959399999999999920e-02,1.834159999999999957e-01,-4.138470000000000204e-01,-5.445410000000000528e-01,5.043400000000000105e-01,2.974390000000000089e-01,1.019779999999999992e-01,1.028710000000000041e-01,-1.753250000000000086e-01
1.306700000000000084e-01,-1.113259999999999944e-01,7.921700000000000408e-01,9.584279999999999466e-01,-3.389400000000000052e-02,-6.342000000000000415e-03,2.832450000000000245e-01,-2.709730000000000194e-01,-7.356600000000000639e-02,-1.753309999999999869e-01,5.742289999999999894e-01,-2.531050000000000244e-01,7.786300000000000165e-02,-1.136019999999999947e-01,-1.494479999999999975e-01,5.396800000000000208e-02,1.512350000000000083e-01,-1.721299999999999913e-02,2.617999999999999772e-01,2.113400000000000001e-01,7.575999999999999401e-02,1.849439999999999973e-01,-2.683699999999999974e-02,3.331839999999999802e-01,-3.285819999999999852e-01,5.228779999999999539e-01,-1.689720000000000111e-01,5.310900000000000343e-02,1.949799999999999867e-01,-4.360870000000000024e-01,-5.698729999999999629e-01,4.838919999999999888e-01,2.770469999999999877e-01,1.080089999999999939e-01,1.034029999999999949e-01,-1.771610000000000129e-01
1.309400000000000008e-01,-1.112609999999999988e-01,7.927999999999999492e-01,9.561269999999999492e-01,-3.360099999999999892e-02,-4.610000000000000382e-03,2.909829999999999917e-01,-2.794710000000000250e-01,-7.298000000000000320e-02,-1.770889999999999964e-01,5.797689999999999788e-01,-2.534910000000000219e-01,7.597900000000000487e-02,-1.103620000000000018e-01,-1.554449999999999998e-01,4.284700000000000314e-02,1.508059999999999956e-01,-1.470300000000000079e-02,2.617979999999999752e-01,2.067589999999999983e-01,7.440700000000000092e-02,1.806010000000000115e-01,-5.104600000000000110e-02,3.613939999999999930e-01,-3.399610000000000132e-01,5.453350000000000142e-01,-1.800120000000000053e-01,5.585600000000000287e-02,2.069709999999999883e-01,-4.586189999999999989e-01,-5.953110000000000346e-01,4.637370000000000103e-01,2.573710000000000164e-01,1.142149999999999971e-01,1.034189999999999970e-01,-1.790049999999999975e-01
1.311710000000000098e-01,-1.112059999999999993e-01,7.934290000000000509e-01,9.537609999999999699e-01,-3.333599999999999758e-02,-2.980000000000000010e-03,2.986980000000000190e-01,-2.878049999999999775e-01,-7.234500000000000652e-02,-1.788589999999999902e-01,5.854399999999999604e-01,-2.539730000000000043e-01,7.409499999999999420e-02,-1.067649999999999988e-01,-1.613850000000000007e-01,3.168200000000000183e-02,1.502439999999999887e-01,-1.214999999999999934e-02,2.617920000000000247e-01,2.022079999999999989e-01,7.322499999999999842e-02,1.763879999999999892e-01,-7.545000000000000318e-02,3.895159999999999734e-01,-3.516460000000000141e-01,5.677299999999999569e-01,-1.910489999999999966e-01,5.848099999999999826e-02,2.188340000000000007e-01,-4.812580000000000191e-01,-6.207570000000000032e-01,4.441019999999999968e-01,2.378869999999999874e-01,1.204979999999999940e-01,1.033960000000000018e-01,-1.809439999999999937e-01
1.312570000000000126e-01,-1.107120000000000049e-01,7.938520000000000021e-01,9.520380000000000509e-01,-3.389000000000000346e-02,-8.589999999999999546e-04,3.040959999999999774e-01,-2.953080000000000149e-01,-7.137200000000000488e-02,-1.794880000000000086e-01,5.848050000000000193e-01,-2.522309999999999830e-01,7.196099999999999719e-02,-1.065490000000000048e-01,-1.651610000000000023e-01,2.422900000000000054e-02,1.498579999999999912e-01,-1.027499999999999941e-02,2.617880000000000207e-01,1.978459999999999941e-01,7.080400000000000582e-02,1.748049999999999882e-01,-8.251300000000000301e-02,4.275260000000000171e-01,-3.531389999999999807e-01,5.932309999999999528e-01,-2.015329999999999899e-01,5.963100000000000345e-02,2.304920000000000024e-01,-5.114729999999999555e-01,-6.569660000000000499e-01,4.290649999999999742e-01,2.097509999999999930e-01,1.273259999999999947e-01,1.053339999999999971e-01,-1.780370000000000008e-01
1.312699999999999978e-01,-1.102370000000000017e-01,7.941930000000000378e-01,9.502810000000000423e-01,-3.446099999999999858e-02,1.288999999999999998e-03,3.094779999999999753e-01,-3.027940000000000076e-01,-7.037000000000000199e-02,-1.801760000000000028e-01,5.840910000000000268e-01,-2.504819999999999824e-01,7.033399999999999375e-02,-1.063489999999999991e-01,-1.688910000000000133e-01,1.689500000000000030e-02,1.494600000000000095e-01,-8.571999999999999759e-03,2.617539999999999867e-01,1.929500000000000104e-01,6.811699999999999700e-02,1.730679999999999996e-01,-8.899100000000000066e-02,4.640790000000000193e-01,-3.514740000000000086e-01,6.142060000000000297e-01,-2.107950000000000101e-01,6.036600000000000299e-02,2.408190000000000053e-01,-5.424529999999999630e-01,-6.927079999999999904e-01,4.157879999999999909e-01,1.817259999999999986e-01,1.343270000000000020e-01,1.075129999999999975e-01,-1.753689999999999971e-01
1.315620000000000123e-01,-1.099590000000000012e-01,7.946509999999999962e-01,9.485040000000000138e-01,-3.521400000000000224e-02,3.357999999999999874e-03,3.147840000000000082e-01,-3.102829999999999755e-01,-6.861299999999999344e-02,-1.811339999999999895e-01,5.835190000000000099e-01,-2.489089999999999914e-01,6.825699999999999823e-02,-1.061259999999999981e-01,-1.717970000000000053e-01,9.429999999999999147e-03,1.490549999999999931e-01,-6.820999999999999806e-03,2.611749999999999905e-01,1.881700000000000039e-01,6.535199999999999343e-02,1.713409999999999933e-01,-9.563599999999999879e-02,4.990970000000000129e-01,-3.467180000000000262e-01,6.301889999999999992e-01,-2.187530000000000030e-01,6.073699999999999932e-02,2.496349999999999958e-01,-5.740370000000000195e-01,-7.278820000000000290e-01,4.036520000000000108e-01,1.539220000000000033e-01,1.413880000000000137e-01,1.096950000000000008e-01,-1.729910000000000059e-01
1.324420000000000042e-01,-1.105880000000000057e-01,7.950310000000000432e-01,9.471199999999999619e-01,-3.612499999999999739e-02,4.728000000000000431e-03,3.188059999999999783e-01,-3.137909999999999866e-01,-6.591600000000000237e-02,-1.826649999999999940e-01,5.791479999999999961e-01,-2.444199999999999984e-01,6.600399999999999323e-02,-1.059230000000000033e-01,-1.710609999999999908e-01,3.089000000000000166e-03,1.492199999999999915e-01,-5.703999999999999869e-03,2.591919999999999780e-01,1.953060000000000074e-01,6.151899999999999730e-02,1.687919999999999976e-01,-1.013919999999999960e-01,5.400470000000000548e-01,-3.267709999999999781e-01,6.410770000000000080e-01,-2.275850000000000095e-01,5.925500000000000211e-02,2.621970000000000134e-01,-6.079269999999999952e-01,-7.813780000000000170e-01,4.070309999999999762e-01,1.717680000000000040e-01,1.437849999999999961e-01,1.101580000000000059e-01,-1.688810000000000033e-01
1.333390000000000131e-01,-1.113409999999999955e-01,7.954210000000000447e-01,9.457219999999999516e-01,-3.702600000000000335e-02,5.956999999999999622e-03,3.228070000000000106e-01,-3.171749999999999847e-01,-6.305499999999999994e-02,-1.843299999999999939e-01,5.751370000000000093e-01,-2.402779999999999916e-01,6.405900000000000483e-02,-1.056040000000000034e-01,-1.704090000000000049e-01,-3.154999999999999818e-03,1.493780000000000108e-01,-4.962000000000000265e-03,2.575459999999999972e-01,2.018890000000000129e-01,5.807899999999999868e-02,1.666719999999999868e-01,-1.068179999999999963e-01,5.788879999999999582e-01,-3.031789999999999763e-01,6.478369999999999962e-01,-2.351219999999999977e-01,5.696899999999999881e-02,2.728889999999999927e-01,-6.449599999999999778e-01,-8.345209999999999573e-01,4.135159999999999947e-01,1.926460000000000117e-01,1.463599999999999901e-01,1.083960000000000062e-01,-1.641450000000000131e-01
1.342270000000000130e-01,-1.120140000000000025e-01,7.958969999999999656e-01,9.443030000000000035e-01,-3.794199999999999656e-02,7.157000000000000167e-03,3.268050000000000122e-01,-3.205339999999999856e-01,-6.016300000000000120e-02,-1.860469999999999902e-01,5.711680000000000090e-01,-2.361600000000000088e-01,6.210899999999999754e-02,-1.052619999999999945e-01,-1.697440000000000060e-01,-9.409000000000000696e-03,1.495539999999999925e-01,-4.223000000000000191e-03,2.558889999999999776e-01,2.084000000000000019e-01,5.472699999999999787e-02,1.646960000000000091e-01,-1.119200000000000056e-01,6.160409999999999497e-01,-2.769809999999999772e-01,6.507929999999999549e-01,-2.415730000000000099e-01,5.433199999999999835e-02,2.824389999999999956e-01,-6.836849999999999872e-01,-8.873710000000000209e-01,4.222350000000000270e-01,2.138390000000000013e-01,1.487999999999999878e-01,1.064120000000000066e-01,-1.592639999999999889e-01
1.351070000000000049e-01,-1.128230000000000066e-01,7.962069999999999981e-01,9.425329999999999542e-01,-3.964899999999999675e-02,8.892000000000000598e-03,3.316330000000000111e-01,-3.188460000000000183e-01,-5.714899999999999841e-02,-1.911819999999999908e-01,5.541789999999999772e-01,-2.227969999999999950e-01,5.886500000000000066e-02,-1.061209999999999931e-01,-1.677919999999999967e-01,-1.561799999999999994e-02,1.499550000000000050e-01,-3.565000000000000027e-03,2.515479999999999938e-01,2.099370000000000125e-01,5.207699999999999829e-02,1.605800000000000005e-01,-1.238039999999999974e-01,6.443320000000000158e-01,-2.572280000000000122e-01,6.347930000000000517e-01,-2.498609999999999998e-01,5.077999999999999875e-02,2.922399999999999998e-01,-7.182009999999999783e-01,-9.251829999999999776e-01,4.270599999999999952e-01,2.240860000000000074e-01,1.545850000000000002e-01,1.039400000000000046e-01,-1.562119999999999898e-01
1.359329999999999983e-01,-1.135059999999999958e-01,7.966280000000000028e-01,9.407189999999999719e-01,-4.123000000000000276e-02,1.067199999999999920e-02,3.365020000000000233e-01,-3.169009999999999883e-01,-5.428399999999999892e-02,-1.961990000000000123e-01,5.366589999999999971e-01,-2.092819999999999958e-01,5.573399999999999882e-02,-1.068510000000000015e-01,-1.662430000000000019e-01,-2.188299999999999967e-02,1.503210000000000102e-01,-3.040999999999999866e-03,2.472979999999999901e-01,2.118490000000000095e-01,4.880299999999999916e-02,1.563660000000000050e-01,-1.356590000000000018e-01,6.718969999999999665e-01,-2.368689999999999962e-01,6.158409999999999718e-01,-2.574359999999999982e-01,4.755100000000000299e-02,3.019129999999999869e-01,-7.525629999999999820e-01,-9.627510000000000234e-01,4.323699999999999766e-01,2.333449999999999969e-01,1.600340000000000096e-01,1.018970000000000015e-01,-1.531859999999999888e-01
1.368389999999999884e-01,-1.142579999999999985e-01,7.970429999999999460e-01,9.388729999999999576e-01,-4.282400000000000095e-02,1.243099999999999934e-02,3.413619999999999988e-01,-3.149669999999999970e-01,-5.136899999999999800e-02,-2.012369999999999992e-01,5.192020000000000524e-01,-1.958239999999999981e-01,5.262300000000000311e-02,-1.075340000000000046e-01,-1.647250000000000103e-01,-2.815099999999999894e-02,1.506889999999999896e-01,-2.556999999999999811e-03,2.430569999999999953e-01,2.139790000000000025e-01,4.544100000000000222e-02,1.520960000000000090e-01,-1.476510000000000045e-01,6.987480000000000357e-01,-2.160640000000000061e-01,5.952629999999999866e-01,-2.644239999999999924e-01,4.421599999999999836e-02,3.113179999999999836e-01,-7.879000000000000448e-01,-1.000057999999999891e+00,4.390609999999999791e-01,2.423949999999999994e-01,1.653399999999999870e-01,9.991400000000000281e-02,-1.500950000000000062e-01
1.374630000000000019e-01,-1.141810000000000047e-01,7.973200000000000287e-01,9.380230000000000512e-01,-4.445400000000000046e-02,1.400099999999999956e-02,3.434249999999999803e-01,-3.084640000000000160e-01,-4.697500000000000286e-02,-2.013669999999999904e-01,4.959310000000000107e-01,-1.831510000000000082e-01,5.313799999999999774e-02,-1.097719999999999946e-01,-1.632750000000000035e-01,-3.512200000000000044e-02,1.511679999999999968e-01,-1.029999999999999964e-04,2.413829999999999865e-01,2.161790000000000100e-01,4.366500000000000242e-02,1.471089999999999898e-01,-1.615389999999999882e-01,7.336089999999999556e-01,-1.986890000000000045e-01,5.760030000000000427e-01,-2.691399999999999904e-01,4.186299999999999744e-02,3.181649999999999756e-01,-8.206259999999999666e-01,-1.040831999999999979e+00,4.542590000000000239e-01,2.401330000000000131e-01,1.726600000000000079e-01,9.646399999999999419e-02,-1.460220000000000129e-01
1.380979999999999985e-01,-1.140930000000000000e-01,7.976779999999999982e-01,9.371680000000000010e-01,-4.604599999999999665e-02,1.554299999999999952e-02,3.454780000000000073e-01,-3.016759999999999997e-01,-4.243100000000000344e-02,-2.013659999999999894e-01,4.725989999999999913e-01,-1.704509999999999914e-01,5.364000000000000018e-02,-1.119119999999999976e-01,-1.619539999999999869e-01,-4.247399999999999787e-02,1.516089999999999938e-01,2.501999999999999884e-03,2.392569999999999975e-01,2.188519999999999910e-01,4.167599999999999777e-02,1.421689999999999898e-01,-1.760660000000000003e-01,7.683370000000000477e-01,-1.819649999999999879e-01,5.565369999999999484e-01,-2.736640000000000184e-01,3.924400000000000110e-02,3.246959999999999846e-01,-8.544779999999999598e-01,-1.081339000000000050e+00,4.710309999999999775e-01,2.370669999999999999e-01,1.799719999999999931e-01,9.334800000000000042e-02,-1.421340000000000103e-01
1.388189999999999980e-01,-1.140899999999999970e-01,7.980270000000000419e-01,9.363029999999999964e-01,-4.765699999999999797e-02,1.705200000000000118e-02,3.475260000000000016e-01,-2.949470000000000147e-01,-3.782400000000000345e-02,-2.013099999999999890e-01,4.494929999999999759e-01,-1.578779999999999906e-01,5.413300000000000056e-02,-1.139889999999999931e-01,-1.605910000000000115e-01,-4.985099999999999948e-02,1.520640000000000047e-01,5.080999999999999579e-03,2.371290000000000064e-01,2.217709999999999959e-01,3.958199999999999913e-02,1.372089999999999976e-01,-1.909649999999999959e-01,8.029800000000000271e-01,-1.658000000000000029e-01,5.367830000000000101e-01,-2.780059999999999754e-01,3.654500000000000109e-02,3.311870000000000092e-01,-8.902710000000000345e-01,-1.121305999999999914e+00,4.900019999999999931e-01,2.337210000000000121e-01,1.871659999999999990e-01,9.023599999999999677e-02,-1.382859999999999923e-01
1.397909999999999986e-01,-1.142289999999999972e-01,7.986299999999999510e-01,9.339410000000000212e-01,-4.968199999999999700e-02,1.824699999999999933e-02,3.534880000000000244e-01,-2.900360000000000160e-01,-3.294199999999999906e-02,-1.998689999999999911e-01,4.283560000000000145e-01,-1.464860000000000051e-01,5.504300000000000165e-02,-1.123399999999999954e-01,-1.588219999999999910e-01,-6.010499999999999871e-02,1.523619999999999974e-01,7.071000000000000028e-03,2.335389999999999966e-01,2.208029999999999993e-01,3.690999999999999837e-02,1.309659999999999991e-01,-2.095450000000000090e-01,8.394580000000000375e-01,-1.622869999999999868e-01,5.178270000000000373e-01,-2.793050000000000255e-01,3.578300000000000231e-02,3.327640000000000042e-01,-9.113029999999999742e-01,-1.149909000000000070e+00,5.105009999999999826e-01,2.334980000000000111e-01,1.915650000000000130e-01,8.983299999999999619e-02,-1.311990000000000101e-01
1.410049999999999915e-01,-1.144590000000000052e-01,7.991319999999999535e-01,9.315179999999999572e-01,-5.173900000000000027e-02,1.948799999999999838e-02,3.594680000000000097e-01,-2.852459999999999996e-01,-2.802500000000000130e-02,-1.984319999999999973e-01,4.074450000000000016e-01,-1.352160000000000029e-01,5.587400000000000005e-02,-1.106840000000000046e-01,-1.570310000000000039e-01,-7.063800000000000634e-02,1.525720000000000132e-01,9.204999999999999641e-03,2.297250000000000125e-01,2.206549999999999900e-01,3.357199999999999768e-02,1.243200000000000000e-01,-2.296259999999999968e-01,8.765309999999999491e-01,-1.609800000000000120e-01,4.991619999999999946e-01,-2.807660000000000156e-01,3.497299999999999714e-02,3.342879999999999741e-01,-9.304719999999999658e-01,-1.178493999999999930e+00,5.293790000000000440e-01,2.322289999999999910e-01,1.953550000000000009e-01,8.949300000000000310e-02,-1.240279999999999994e-01
1.421350000000000113e-01,-1.145999999999999935e-01,7.997189999999999577e-01,9.290530000000000177e-01,-5.381699999999999678e-02,2.072500000000000037e-02,3.654240000000000266e-01,-2.805719999999999881e-01,-2.308999999999999941e-02,-1.969289999999999929e-01,3.867280000000000162e-01,-1.240699999999999997e-01,5.667200000000000015e-02,-1.090190000000000048e-01,-1.552179999999999949e-01,-8.117399999999999616e-02,1.527669999999999861e-01,1.130100000000000028e-02,2.258880000000000055e-01,2.209109999999999963e-01,2.998599999999999877e-02,1.175989999999999952e-01,-2.508210000000000162e-01,9.137619999999999632e-01,-1.611910000000000009e-01,4.805679999999999952e-01,-2.822930000000000161e-01,3.412500000000000255e-02,3.358180000000000054e-01,-9.496069999999999789e-01,-1.207098000000000004e+00,5.482599999999999696e-01,2.304239999999999899e-01,1.989509999999999890e-01,8.917400000000000326e-02,-1.168389999999999984e-01
1.433180000000000009e-01,-1.147790000000000060e-01,8.001840000000000064e-01,9.260610000000000230e-01,-5.547400000000000247e-02,2.116399999999999879e-02,3.726749999999999785e-01,-2.778740000000000099e-01,-2.164599999999999858e-02,-2.017539999999999889e-01,3.741659999999999986e-01,-1.160179999999999961e-01,5.858100000000000113e-02,-1.043179999999999941e-01,-1.539820000000000078e-01,-9.333800000000000430e-02,1.527360000000000106e-01,1.208500000000000026e-02,2.241190000000000127e-01,2.207770000000000010e-01,3.044600000000000084e-02,1.106069999999999970e-01,-2.638530000000000042e-01,9.444420000000000037e-01,-1.752769999999999884e-01,4.432170000000000276e-01,-2.828030000000000266e-01,3.357399999999999968e-02,3.299699999999999855e-01,-9.749849999999999905e-01,-1.236825000000000063e+00,5.652679999999999927e-01,2.236400000000000055e-01,2.066350000000000131e-01,8.654100000000000681e-02,-1.114740000000000036e-01
1.444920000000000093e-01,-1.148320000000000035e-01,8.006440000000000223e-01,9.230099999999999971e-01,-5.725500000000000034e-02,2.153700000000000059e-02,3.798830000000000262e-01,-2.753789999999999849e-01,-1.998799999999999882e-02,-2.065790000000000126e-01,3.621489999999999987e-01,-1.082629999999999981e-01,6.051399999999999835e-02,-9.945900000000000574e-02,-1.525519999999999932e-01,-1.056990000000000013e-01,1.525559999999999972e-01,1.314500000000000043e-02,2.222969999999999946e-01,2.206950000000000023e-01,3.131799999999999862e-02,1.035390000000000060e-01,-2.763939999999999730e-01,9.750450000000000506e-01,-1.897540000000000060e-01,4.042470000000000230e-01,-2.832430000000000225e-01,3.389099999999999752e-02,3.247160000000000046e-01,-1.002072999999999992e+00,-1.266496999999999984e+00,5.843140000000000001e-01,2.164520000000000055e-01,2.144600000000000117e-01,8.385800000000000198e-02,-1.062479999999999952e-01
1.457430000000000114e-01,-1.148969999999999991e-01,8.011040000000000383e-01,9.199019999999999975e-01,-5.905500000000000332e-02,2.187700000000000061e-02,3.870580000000000132e-01,-2.729860000000000064e-01,-1.829199999999999923e-02,-2.113619999999999943e-01,3.502959999999999963e-01,-1.005940000000000029e-01,6.244299999999999851e-02,-9.451900000000000579e-02,-1.510710000000000108e-01,-1.180439999999999962e-01,1.523220000000000129e-01,1.420199999999999935e-02,2.204470000000000041e-01,2.205749999999999933e-01,3.210400000000000059e-02,9.648099999999999732e-02,-2.892930000000000224e-01,1.005946000000000007e+00,-2.050079999999999958e-01,3.649830000000000019e-01,-2.838220000000000187e-01,3.427499999999999991e-02,3.196129999999999804e-01,-1.031241000000000074e+00,-1.295611000000000068e+00,6.055490000000000039e-01,2.090859999999999941e-01,2.221990000000000076e-01,8.115500000000000491e-02,-1.011200000000000015e-01
1.465289999999999926e-01,-1.152080000000000048e-01,8.011580000000000368e-01,9.166790000000000216e-01,-5.986600000000000255e-02,2.179100000000000134e-02,3.945139999999999758e-01,-2.735060000000000269e-01,-1.849800000000000055e-02,-2.129260000000000042e-01,3.459369999999999945e-01,-9.663900000000000268e-02,6.199699999999999656e-02,-8.846999999999999309e-02,-1.504659999999999886e-01,-1.224490000000000023e-01,1.513919999999999988e-01,1.141200000000000027e-02,2.209730000000000028e-01,2.081610000000000127e-01,3.004700000000000079e-02,9.125099999999999878e-02,-3.258780000000000010e-01,1.017049000000000092e+00,-2.119570000000000065e-01,3.345799999999999885e-01,-2.829459999999999753e-01,3.429299999999999710e-02,3.200430000000000219e-01,-1.049350999999999923e+00,-1.303301999999999961e+00,6.157580000000000275e-01,1.976469999999999894e-01,2.280999999999999972e-01,7.942499999999999560e-02,-9.794700000000000628e-02
1.473279999999999867e-01,-1.155840000000000062e-01,8.011099999999999888e-01,9.133869999999999489e-01,-6.067399999999999877e-02,2.164699999999999958e-02,4.019630000000000147e-01,-2.739770000000000261e-01,-1.859999999999999848e-02,-2.145040000000000002e-01,3.417299999999999782e-01,-9.267599999999999449e-02,6.149799999999999711e-02,-8.240200000000000302e-02,-1.497900000000000065e-01,-1.271289999999999920e-01,1.507320000000000049e-01,8.413000000000000339e-03,2.214369999999999949e-01,1.967119999999999980e-01,2.743500000000000105e-02,8.614900000000000335e-02,-3.656039999999999845e-01,1.028184999999999905e+00,-2.218960000000000099e-01,3.055289999999999950e-01,-2.819209999999999772e-01,3.398600000000000232e-02,3.202610000000000179e-01,-1.063785999999999898e+00,-1.311317999999999984e+00,6.222969999999999891e-01,1.849280000000000090e-01,2.331920000000000104e-01,7.799000000000000377e-02,-9.487199999999999800e-02
1.481329999999999869e-01,-1.159889999999999949e-01,8.010669999999999735e-01,9.100380000000000136e-01,-6.147699999999999693e-02,2.150499999999999981e-02,4.093760000000000177e-01,-2.744420000000000193e-01,-1.866800000000000057e-02,-2.160749999999999893e-01,3.374840000000000062e-01,-8.870000000000000107e-02,6.098200000000000148e-02,-7.636400000000000132e-02,-1.490859999999999963e-01,-1.317919999999999925e-01,1.500970000000000082e-01,5.399000000000000153e-03,2.218769999999999909e-01,1.859059999999999879e-01,2.449399999999999841e-02,8.098500000000000143e-02,-4.071199999999999819e-01,1.039077999999999946e+00,-2.339060000000000028e-01,2.768630000000000257e-01,-2.808669999999999778e-01,3.357600000000000168e-02,3.204549999999999899e-01,-1.076171999999999906e+00,-1.319379999999999997e+00,6.269550000000000400e-01,1.714829999999999965e-01,2.379989999999999883e-01,7.656300000000000605e-02,-9.186600000000000321e-02
1.467239999999999933e-01,-1.159179999999999933e-01,8.008739999999999748e-01,9.068089999999999762e-01,-6.145699999999999774e-02,1.960999999999999896e-02,4.165769999999999751e-01,-2.755610000000000004e-01,-2.295099999999999918e-02,-2.188080000000000025e-01,3.406779999999999808e-01,-8.575800000000000090e-02,6.284900000000000209e-02,-7.088899999999999368e-02,-1.489999999999999936e-01,-1.208859999999999935e-01,1.488260000000000138e-01,1.620100000000000012e-02,2.267049999999999899e-01,1.707789999999999864e-01,2.563199999999999854e-02,8.283500000000000585e-02,-4.238140000000000240e-01,1.054116999999999971e+00,-2.489939999999999931e-01,2.572999999999999732e-01,-2.741850000000000120e-01,3.466500000000000137e-02,3.155649999999999844e-01,-1.064623000000000097e+00,-1.328362999999999960e+00,6.241539999999999866e-01,1.677819999999999867e-01,2.418059999999999932e-01,7.701900000000000412e-02,-8.394500000000000572e-02
1.455609999999999959e-01,-1.157969999999999972e-01,8.006959999999999633e-01,9.035360000000000058e-01,-6.151800000000000324e-02,1.779400000000000079e-02,4.237009999999999943e-01,-2.766149999999999998e-01,-2.699899999999999869e-02,-2.217439999999999967e-01,3.437930000000000152e-01,-8.232100000000000528e-02,6.461400000000000476e-02,-6.506800000000000084e-02,-1.487300000000000011e-01,-1.102920000000000011e-01,1.470150000000000068e-01,2.686200000000000046e-02,2.311650000000000094e-01,1.556649999999999978e-01,2.561400000000000135e-02,8.404100000000000459e-02,-4.392179999999999973e-01,1.070462999999999942e+00,-2.637059999999999960e-01,2.363049999999999873e-01,-2.672450000000000103e-01,3.578400000000000331e-02,3.104370000000000185e-01,-1.046259000000000050e+00,-1.335630000000000095e+00,6.148900000000000476e-01,1.619460000000000066e-01,2.444359999999999866e-01,7.723900000000000210e-02,-7.585699999999999388e-02
1.444550000000000001e-01,-1.156060000000000004e-01,8.004419999999999868e-01,9.002099999999999547e-01,-6.162600000000000022e-02,1.604300000000000170e-02,4.307750000000000190e-01,-2.777189999999999936e-01,-3.089599999999999985e-02,-2.246700000000000086e-01,3.467810000000000059e-01,-7.886999999999999567e-02,6.630700000000000482e-02,-5.927700000000000330e-02,-1.483559999999999879e-01,-9.974199999999999733e-02,1.452160000000000117e-01,3.741099999999999981e-02,2.355970000000000009e-01,1.408010000000000095e-01,2.503500000000000170e-02,8.491600000000000537e-02,-4.551470000000000238e-01,1.087345000000000006e+00,-2.791669999999999985e-01,2.149590000000000112e-01,-2.603199999999999958e-01,3.699199999999999711e-02,3.052179999999999893e-01,-1.023593999999999893e+00,-1.340716000000000019e+00,6.015300000000000091e-01,1.546359999999999957e-01,2.464129999999999932e-01,7.741199999999999470e-02,-6.781099999999999628e-02
1.420420000000000016e-01,-1.135560000000000042e-01,8.036229999999999762e-01,8.957749999999999879e-01,-7.119499999999999440e-02,7.759000000000000272e-03,4.387010000000000076e-01,-2.680400000000000005e-01,-1.140000000000000041e-02,-2.363300000000000123e-01,3.372089999999999810e-01,-7.286700000000000121e-02,6.595399999999999874e-02,-1.195699999999999957e-01,-1.241700000000000026e-01,-6.660099999999999354e-02,2.708539999999999837e-01,3.205199999999999716e-02,2.402420000000000111e-01,1.159629999999999966e-01,4.925800000000000317e-02,9.161400000000000099e-02,-4.952889999999999793e-01,1.084030000000000049e+00,-3.042050000000000032e-01,2.050530000000000130e-01,-2.517059999999999853e-01,4.019899999999999862e-02,3.007969999999999811e-01,-1.000426999999999955e+00,-1.329240999999999895e+00,5.900180000000000424e-01,1.425539999999999863e-01,2.399830000000000019e-01,7.761899999999999356e-02,-6.232000000000000040e-02
1.393189999999999984e-01,-1.118100000000000066e-01,8.066879999999999606e-01,8.912139999999999507e-01,-8.184099999999999708e-02,1.999999999999999909e-06,4.461390000000000078e-01,-2.623539999999999761e-01,1.003700000000000078e-02,-2.481180000000000052e-01,3.289869999999999739e-01,-6.647699999999999443e-02,6.526800000000000657e-02,-1.923070000000000057e-01,-9.662300000000000055e-02,-3.452899999999999719e-02,4.172730000000000050e-01,1.628699999999999939e-02,2.471359999999999946e-01,9.377399999999999625e-02,7.537000000000000643e-02,9.729999999999999760e-02,-5.417480000000000073e-01,1.077987999999999946e+00,-3.334520000000000262e-01,1.984680000000000055e-01,-2.427070000000000061e-01,4.304600000000000093e-02,2.963649999999999896e-01,-9.755989999999999940e-01,-1.314716999999999913e+00,5.767189999999999817e-01,1.291630000000000000e-01,2.327859999999999929e-01,7.794800000000000340e-02,-5.706300000000000261e-02
1.364809999999999912e-01,-1.105140000000000011e-01,8.094590000000000396e-01,8.866030000000000300e-01,-9.228799999999999504e-02,-7.380000000000000275e-03,4.531709999999999905e-01,-2.590689999999999937e-01,3.135500000000000093e-02,-2.592149999999999732e-01,3.224650000000000016e-01,-6.059799999999999909e-02,6.405299999999999883e-02,-2.711489999999999734e-01,-6.690799999999999526e-02,-4.206999999999999802e-03,5.752749999999999808e-01,-5.529000000000000060e-03,2.564130000000000020e-01,7.291000000000000258e-02,1.003460000000000046e-01,1.033410000000000023e-01,-5.908309999999999951e-01,1.071242000000000028e+00,-3.640780000000000127e-01,1.932049999999999879e-01,-2.338439999999999963e-01,4.565000000000000308e-02,2.917899999999999938e-01,-9.481070000000000331e-01,-1.292993000000000059e+00,5.604719999999999702e-01,1.138880000000000031e-01,2.249480000000000091e-01,7.796000000000000152e-02,-5.195500000000000118e-02
1.339609999999999967e-01,-1.112130000000000063e-01,8.117309999999999803e-01,8.833140000000000436e-01,-1.016019999999999979e-01,-1.381699999999999942e-02,4.574309999999999765e-01,-2.595600000000000129e-01,5.258999999999999786e-02,-2.680640000000000245e-01,3.187289999999999845e-01,-5.499099999999999822e-02,6.131199999999999845e-02,-3.599470000000000169e-01,-5.436300000000000160e-02,-9.499999999999999981e-04,7.180940000000000101e-01,-2.637199999999999961e-02,2.569699999999999762e-01,5.505899999999999683e-02,1.229679999999999940e-01,1.170179999999999970e-01,-6.049080000000000013e-01,1.055145999999999917e+00,-3.760820000000000274e-01,1.942389999999999950e-01,-2.288709999999999911e-01,4.525099999999999956e-02,2.876529999999999920e-01,-8.896830000000000016e-01,-1.262351000000000001e+00,5.263750000000000373e-01,1.168799999999999978e-01,2.165269999999999972e-01,7.498499999999999610e-02,-4.736900000000000138e-02
1.316039999999999988e-01,-1.120879999999999932e-01,8.137320000000000109e-01,8.800329999999999542e-01,-1.104099999999999943e-01,-1.954099999999999934e-02,4.614869999999999806e-01,-2.614480000000000137e-01,7.264299999999999924e-02,-2.763590000000000213e-01,3.154449999999999754e-01,-4.955099999999999782e-02,5.838600000000000040e-02,-4.496499999999999941e-01,-4.301300000000000262e-02,1.745000000000000023e-03,8.615369999999999973e-01,-4.794299999999999951e-02,2.576740000000000141e-01,3.633000000000000118e-02,1.425220000000000098e-01,1.302079999999999904e-01,-6.148240000000000371e-01,1.041387999999999980e+00,-3.847670000000000257e-01,1.921200000000000130e-01,-2.234220000000000095e-01,4.506899999999999795e-02,2.833120000000000083e-01,-8.222850000000000437e-01,-1.215464000000000100e+00,4.837369999999999726e-01,1.139679999999999999e-01,2.055039999999999922e-01,7.061599999999999822e-02,-4.300600000000000256e-02
1.296019999999999950e-01,-1.132679999999999937e-01,8.154320000000000457e-01,8.767599999999999838e-01,-1.185729999999999978e-01,-2.469899999999999873e-02,4.654260000000000064e-01,-2.647229999999999861e-01,9.123799999999999966e-02,-2.841279999999999917e-01,3.131340000000000234e-01,-4.440100000000000297e-02,5.518599999999999894e-02,-5.400490000000000013e-01,-3.292300000000000088e-02,4.211000000000000333e-03,1.005752999999999897e+00,-7.018399999999999639e-02,2.585509999999999753e-01,1.749900000000000067e-02,1.593169999999999864e-01,1.434680000000000122e-01,-6.247949999999999893e-01,1.028918999999999917e+00,-3.932760000000000145e-01,1.893269999999999953e-01,-2.180360000000000076e-01,4.509500000000000314e-02,2.787930000000000130e-01,-7.484349999999999614e-01,-1.149947000000000052e+00,4.344390000000000196e-01,1.049589999999999967e-01,1.924470000000000069e-01,6.544899999999999329e-02,-3.925499999999999823e-02
1.275139999999999885e-01,-1.154209999999999958e-01,8.168649999999999523e-01,8.732769999999999699e-01,-1.262330000000000119e-01,-2.779300000000000173e-02,4.697660000000000169e-01,-2.707379999999999787e-01,1.088790000000000036e-01,-2.859059999999999935e-01,3.046360000000000179e-01,-3.660999999999999671e-02,5.034999999999999892e-02,-6.459030000000000049e-01,-4.292599999999999888e-02,-1.216300000000000020e-02,1.141607999999999956e+00,-1.076160000000000033e-01,2.449919999999999876e-01,-1.026000000000000002e-03,1.736509999999999998e-01,1.584629999999999928e-01,-6.352849999999999886e-01,1.011500000000000066e+00,-4.002359999999999807e-01,2.046989999999999921e-01,-2.127509999999999957e-01,4.679300000000000126e-02,2.726810000000000067e-01,-6.605969999999999898e-01,-1.066751999999999923e+00,3.862630000000000230e-01,1.058150000000000063e-01,1.746560000000000057e-01,6.008499999999999952e-02,-3.217699999999999727e-02
1.255610000000000059e-01,-1.178919999999999968e-01,8.180349999999999566e-01,8.696660000000000501e-01,-1.332349999999999923e-01,-2.986099999999999866e-02,4.743809999999999971e-01,-2.792450000000000210e-01,1.236180000000000057e-01,-2.878919999999999813e-01,2.973990000000000244e-01,-2.858000000000000124e-02,4.571599999999999969e-02,-7.528589999999999449e-01,-5.730600000000000277e-02,-2.592600000000000113e-02,1.277678000000000091e+00,-1.452869999999999995e-01,2.307210000000000094e-01,-1.981099999999999875e-02,1.853249999999999897e-01,1.723320000000000130e-01,-6.478040000000000465e-01,9.939219999999999722e-01,-4.090039999999999787e-01,2.212999999999999967e-01,-2.075629999999999975e-01,4.808099999999999874e-02,2.668429999999999969e-01,-5.679809999999999581e-01,-9.621539999999999537e-01,3.321310000000000096e-01,9.967099999999999571e-02,1.548990000000000089e-01,5.328999999999999709e-02,-2.598200000000000162e-02
1.249859999999999999e-01,-1.200750000000000012e-01,8.181460000000000399e-01,8.657049999999999468e-01,-1.356950000000000101e-01,-3.160999999999999921e-02,4.807739999999999791e-01,-2.899450000000000083e-01,1.268009999999999970e-01,-2.894920000000000271e-01,3.077849999999999753e-01,-3.151799999999999741e-02,4.233399999999999663e-02,-8.577219999999999844e-01,-8.082599999999999507e-02,-3.156300000000000078e-02,1.425890000000000102e+00,-1.936070000000000013e-01,2.159129999999999938e-01,-4.220399999999999846e-02,1.884790000000000076e-01,1.982289999999999885e-01,-6.595320000000000071e-01,9.791469999999999896e-01,-4.101679999999999771e-01,2.313959999999999906e-01,-2.000730000000000008e-01,4.820900000000000185e-02,2.634560000000000235e-01,-4.785229999999999762e-01,-8.392420000000000435e-01,2.694730000000000181e-01,8.757700000000000207e-02,1.316730000000000123e-01,4.541400000000000298e-02,-2.333599999999999910e-02
1.234269999999999951e-01,-1.226509999999999961e-01,8.191140000000000088e-01,8.614359999999999795e-01,-1.431389999999999885e-01,-3.250700000000000117e-02,4.861920000000000130e-01,-2.994399999999999840e-01,1.402720000000000078e-01,-2.940829999999999833e-01,2.955610000000000182e-01,-2.117799999999999891e-02,4.055500000000000077e-02,-9.606459999999999999e-01,-9.614599999999999536e-02,-3.560300000000000270e-02,1.531142999999999921e+00,-2.308689999999999909e-01,2.088240000000000096e-01,-6.543000000000000205e-02,1.996380000000000099e-01,2.143170000000000075e-01,-6.797689999999999566e-01,9.691450000000000342e-01,-4.314620000000000122e-01,2.475590000000000013e-01,-1.965500000000000025e-01,4.999100000000000071e-02,2.556599999999999984e-01,-3.810549999999999771e-01,-7.014329999999999732e-01,2.213170000000000137e-01,8.140899999999999526e-02,1.064120000000000066e-01,3.886200000000000071e-02,-1.326800000000000028e-02
1.216320000000000040e-01,-1.252689999999999915e-01,8.201939999999999786e-01,8.573079999999999590e-01,-1.513190000000000091e-01,-3.358699999999999880e-02,4.909140000000000170e-01,-3.091490000000000071e-01,1.559079999999999910e-01,-2.984439999999999871e-01,2.819130000000000247e-01,-9.834000000000000727e-03,3.859699999999999936e-02,-1.063045999999999935e+00,-1.099519999999999942e-01,-3.899299999999999988e-02,1.632724000000000064e+00,-2.657499999999999862e-01,2.011229999999999962e-01,-8.657600000000000018e-02,2.124489999999999990e-01,2.291310000000000013e-01,-7.025559999999999583e-01,9.574200000000000488e-01,-4.554670000000000107e-01,2.661859999999999782e-01,-1.937389999999999946e-01,5.130099999999999938e-02,2.480700000000000127e-01,-2.876210000000000155e-01,-5.556210000000000315e-01,1.726030000000000064e-01,7.161099999999999410e-02,8.088800000000000157e-02,3.078099999999999933e-02,-4.433999999999999574e-03
1.198410000000000031e-01,-1.280600000000000072e-01,8.212350000000000483e-01,8.532060000000000199e-01,-1.596370000000000011e-01,-3.483200000000000185e-02,4.953210000000000113e-01,-3.192829999999999835e-01,1.721370000000000122e-01,-3.028179999999999761e-01,2.687769999999999881e-01,1.366000000000000027e-03,3.657900000000000040e-02,-1.164941999999999922e+00,-1.233179999999999971e-01,-4.126599999999999713e-02,1.732547000000000059e+00,-2.995269999999999877e-01,1.929079999999999961e-01,-1.071580000000000032e-01,2.255749999999999977e-01,2.440799999999999914e-01,-7.258790000000000520e-01,9.449170000000000069e-01,-4.797290000000000165e-01,2.855360000000000120e-01,-1.909460000000000046e-01,5.239300000000000207e-02,2.405289999999999928e-01,-2.018739999999999979e-01,-4.112140000000000239e-01,1.247739999999999960e-01,5.904700000000000226e-02,5.623500000000000026e-02,2.213800000000000143e-02,2.981000000000000143e-03
1.193649999999999989e-01,-1.310900000000000121e-01,8.222439999999999749e-01,8.493270000000000541e-01,-1.685180000000000011e-01,-3.517800000000000094e-02,4.990069999999999784e-01,-3.299469999999999903e-01,1.897429999999999950e-01,-3.105709999999999860e-01,2.521479999999999833e-01,1.350600000000000064e-02,3.232399999999999857e-02,-1.236251999999999907e+00,-1.327389999999999959e-01,-4.104100000000000109e-02,1.798359999999999959e+00,-3.226390000000000091e-01,1.886470000000000091e-01,-1.221919999999999951e-01,2.338300000000000101e-01,2.563300000000000023e-01,-7.446909999999999918e-01,9.259579999999999478e-01,-4.972820000000000018e-01,2.998160000000000269e-01,-1.902159999999999962e-01,5.230400000000000327e-02,2.349910000000000054e-01,-1.254429999999999990e-01,-2.673740000000000006e-01,7.894800000000000428e-02,3.996000000000000246e-02,3.656500000000000028e-02,1.412300000000000014e-02,2.916000000000000189e-03
1.186620000000000036e-01,-1.341060000000000030e-01,8.234169999999999545e-01,8.456390000000000295e-01,-1.774560000000000026e-01,-3.667999999999999733e-02,5.020550000000000290e-01,-3.379059999999999842e-01,2.095889999999999975e-01,-3.174989999999999757e-01,2.342470000000000108e-01,2.597100000000000103e-02,2.822799999999999962e-02,-1.304648000000000030e+00,-1.402619999999999978e-01,-4.126300000000000107e-02,1.861838000000000104e+00,-3.447259999999999769e-01,1.842399999999999871e-01,-1.364779999999999882e-01,2.432890000000000053e-01,2.706939999999999902e-01,-7.616629999999999789e-01,9.068479999999999874e-01,-5.132250000000000423e-01,3.127539999999999765e-01,-1.892079999999999873e-01,5.259099999999999886e-02,2.297269999999999868e-01,-6.462800000000000489e-02,-1.456759999999999999e-01,4.073999999999999844e-02,2.290800000000000128e-02,2.000599999999999948e-02,7.680000000000000195e-03,1.224999999999999960e-03
1.180199999999999999e-01,-1.371350000000000069e-01,8.246830000000000549e-01,8.419799999999999507e-01,-1.863350000000000006e-01,-3.851500000000000062e-02,5.048409999999999842e-01,-3.454409999999999981e-01,2.301070000000000060e-01,-3.243039999999999812e-01,2.165090000000000070e-01,3.829699999999999771e-02,2.410199999999999843e-02,-1.372336000000000000e+00,-1.472330000000000028e-01,-4.140100000000000030e-02,1.924528999999999934e+00,-3.663500000000000090e-01,1.795120000000000049e-01,-1.505879999999999996e-01,2.529190000000000049e-01,2.858510000000000217e-01,-7.779369999999999896e-01,8.875450000000000284e-01,-5.282289999999999486e-01,3.253880000000000106e-01,-1.880779999999999952e-01,5.300099999999999950e-02,2.244909999999999961e-01,-2.179100000000000134e-02,-5.360600000000000087e-02,1.236800000000000052e-02,1.217400000000000079e-02,7.000000000000000146e-03,2.511999999999999910e-03,-1.144999999999999967e-03
1.176930000000000059e-01,-1.391890000000000072e-01,8.259750000000000147e-01,8.377219999999999667e-01,-1.967170000000000030e-01,-4.124900000000000094e-02,5.077629999999999644e-01,-3.521560000000000246e-01,2.537150000000000238e-01,-3.322379999999999778e-01,1.972689999999999999e-01,5.094200000000000117e-02,2.130999999999999908e-02,-1.410535000000000094e+00,-1.487749999999999906e-01,-3.923000000000000098e-02,1.967413000000000078e+00,-3.794290000000000163e-01,1.778480000000000061e-01,-1.610229999999999995e-01,2.688579999999999859e-01,2.971269999999999745e-01,-7.875670000000000170e-01,8.668660000000000254e-01,-5.406100000000000350e-01,3.331640000000000157e-01,-1.871909999999999963e-01,5.417899999999999799e-02,2.180140000000000133e-01,8.087000000000000438e-03,1.517800000000000052e-02,-5.917999999999999650e-03,-3.010000000000000089e-03,-1.157999999999999958e-03,-1.095999999999999969e-03,-4.600000000000000004e-05
1.172050000000000036e-01,-1.411540000000000017e-01,8.272699999999999498e-01,8.335329999999999684e-01,-2.069699999999999873e-01,-4.481299999999999867e-02,5.102719999999999478e-01,-3.568169999999999953e-01,2.785250000000000226e-01,-3.400929999999999787e-01,1.772209999999999896e-01,6.265199999999999936e-02,1.758699999999999847e-02,-1.446774999999999922e+00,-1.492380000000000095e-01,-3.769299999999999734e-02,2.009370999999999796e+00,-3.923189999999999733e-01,1.762739999999999863e-01,-1.709890000000000021e-01,2.855920000000000125e-01,3.099560000000000093e-01,-7.959789999999999921e-01,8.458200000000000163e-01,-5.519370000000000109e-01,3.398349999999999982e-01,-1.860970000000000124e-01,5.577700000000000019e-02,2.116999999999999993e-01,2.361100000000000004e-02,5.067699999999999982e-02,-1.409700000000000016e-02,-9.027999999999999567e-03,-6.577999999999999646e-03,-2.528999999999999998e-03,8.850000000000000444e-04
1.167789999999999939e-01,-1.432100000000000040e-01,8.285550000000000415e-01,8.293260000000000076e-01,-2.170650000000000079e-01,-4.859100000000000225e-02,5.125819999999999821e-01,-3.611949999999999883e-01,3.035399999999999765e-01,-3.477759999999999740e-01,1.572610000000000119e-01,7.429600000000000093e-02,1.392499999999999988e-02,-1.482577000000000034e+00,-1.493869999999999920e-01,-3.638099999999999667e-02,2.050983000000000001e+00,-4.050630000000000064e-01,1.745250000000000135e-01,-1.809139999999999915e-01,3.022679999999999811e-01,3.233659999999999868e-01,-8.040669999999999762e-01,8.245919999999999916e-01,-5.627659999999999885e-01,3.462689999999999935e-01,-1.848950000000000038e-01,5.746799999999999825e-02,2.054090000000000082e-01,2.789600000000000066e-02,5.804499999999999937e-02,-1.293000000000000052e-02,-4.343999999999999771e-03,-1.033099999999999991e-02,-2.727999999999999956e-03,1.799999999999999951e-03
1.166200000000000014e-01,-1.440980000000000039e-01,8.305890000000000217e-01,8.274080000000000323e-01,-2.259809999999999874e-01,-5.167900000000000271e-02,5.115250000000000075e-01,-3.711249999999999827e-01,3.251200000000000201e-01,-3.538919999999999844e-01,1.562840000000000062e-01,8.520500000000000296e-02,9.601000000000000159e-03,-1.502113999999999949e+00,-1.446679999999999910e-01,-3.417400000000000299e-02,2.081021999999999927e+00,-4.140260000000000051e-01,1.729370000000000074e-01,-1.837610000000000077e-01,3.159719999999999751e-01,3.308329999999999882e-01,-8.106050000000000200e-01,8.011880000000000113e-01,-5.705599999999999561e-01,3.497120000000000228e-01,-1.834860000000000102e-01,5.910800000000000082e-02,1.992949999999999999e-01,1.830100000000000129e-02,5.183800000000000213e-02,-1.182899999999999924e-02,-1.025599999999999949e-02,-6.766000000000000313e-03,-2.795999999999999874e-03,3.869999999999999742e-04
1.164260000000000017e-01,-1.450710000000000055e-01,8.326519999999999477e-01,8.256250000000000533e-01,-2.347960000000000047e-01,-5.489700000000000135e-02,5.100989999999999691e-01,-3.811240000000000183e-01,3.468720000000000137e-01,-3.595970000000000000e-01,1.561670000000000003e-01,9.541099999999999581e-02,4.895000000000000046e-03,-1.521673999999999971e+00,-1.390730000000000022e-01,-3.214700000000000196e-02,2.110844999999999860e+00,-4.226710000000000189e-01,1.714120000000000088e-01,-1.858660000000000034e-01,3.296250000000000013e-01,3.384570000000000078e-01,-8.168630000000000058e-01,7.778810000000000446e-01,-5.780659999999999688e-01,3.527129999999999987e-01,-1.820420000000000094e-01,6.089300000000000268e-02,1.932659999999999934e-01,8.881000000000000005e-03,3.387699999999999739e-02,-7.042999999999999781e-03,-9.067999999999999672e-03,-3.631000000000000113e-03,-1.431999999999999896e-03,-1.224000000000000045e-03
1.162460000000000021e-01,-1.460819999999999896e-01,8.345780000000000420e-01,8.238469999999999960e-01,-2.434969999999999912e-01,-5.813200000000000311e-02,5.085319999999999840e-01,-3.910799999999999832e-01,3.685849999999999960e-01,-3.652960000000000096e-01,1.559989999999999988e-01,1.056079999999999935e-01,1.840000000000000001e-04,-1.541355999999999948e+00,-1.332740000000000036e-01,-3.031299999999999967e-02,2.140684999999999949e+00,-4.312679999999999847e-01,1.697470000000000090e-01,-1.877880000000000105e-01,3.431460000000000066e-01,3.461020000000000207e-01,-8.229739999999999833e-01,7.545399999999999885e-01,-5.853319999999999634e-01,3.556250000000000244e-01,-1.805710000000000093e-01,6.269800000000000373e-02,1.872360000000000135e-01,3.749999999999999861e-03,1.290000000000000001e-02,-8.880000000000000089e-04,-1.894000000000000067e-03,-2.344000000000000163e-03,3.100000000000000135e-05,-2.915000000000000056e-03
1.175900000000000001e-01,-1.465700000000000058e-01,8.362100000000000088e-01,8.231150000000000411e-01,-2.476599999999999913e-01,-5.821599999999999692e-02,5.076990000000000114e-01,-3.981180000000000274e-01,3.794199999999999795e-01,-3.649189999999999934e-01,1.559270000000000100e-01,1.149349999999999955e-01,-3.092999999999999829e-03,-1.531822999999999935e+00,-1.326610000000000011e-01,-2.423399999999999860e-02,2.148141999999999996e+00,-4.362739999999999951e-01,1.669440000000000091e-01,-1.857320000000000082e-01,3.480289999999999773e-01,3.480509999999999993e-01,-8.191640000000000033e-01,7.366110000000000158e-01,-5.887170000000000458e-01,3.675459999999999838e-01,-1.796919999999999906e-01,6.442299999999999416e-02,1.821299999999999863e-01,-6.300000000000000044e-03,-1.128999999999999969e-02,1.026000000000000002e-03,-7.439999999999999782e-04,2.099999999999999870e-03,4.290000000000000193e-04,-1.428000000000000016e-03
1.188820000000000016e-01,-1.471210000000000018e-01,8.378809999999999869e-01,8.223160000000000469e-01,-2.513500000000000179e-01,-5.883399999999999741e-02,5.071080000000000032e-01,-4.031540000000000123e-01,3.898659999999999903e-01,-3.642150000000000110e-01,1.551049999999999929e-01,1.245030000000000026e-01,-6.074999999999999671e-03,-1.520651999999999893e+00,-1.318509999999999960e-01,-1.724300000000000138e-02,2.155533999999999839e+00,-4.412719999999999976e-01,1.647119999999999973e-01,-1.855310000000000015e-01,3.523229999999999973e-01,3.520300000000000096e-01,-8.144270000000000120e-01,7.193549999999999667e-01,-5.908900000000000263e-01,3.795290000000000052e-01,-1.787209999999999910e-01,6.562199999999999978e-02,1.769670000000000132e-01,-9.131000000000000227e-03,-2.830299999999999830e-02,2.438000000000000063e-03,2.168999999999999921e-03,4.550000000000000225e-03,8.809999999999999472e-04,1.649999999999999991e-04
1.200679999999999942e-01,-1.476030000000000120e-01,8.394740000000000535e-01,8.214749999999999552e-01,-2.549219999999999819e-01,-5.961999999999999938e-02,5.065960000000000463e-01,-4.076839999999999908e-01,4.002700000000000147e-01,-3.635740000000000083e-01,1.540610000000000035e-01,1.341789999999999927e-01,-8.996999999999999789e-03,-1.509041999999999994e+00,-1.310989999999999933e-01,-1.004599999999999937e-02,2.162889999999999979e+00,-4.463280000000000025e-01,1.625369999999999870e-01,-1.861250000000000127e-01,3.564539999999999931e-01,3.567759999999999820e-01,-8.093909999999999716e-01,7.024399999999999533e-01,-5.925529999999999964e-01,3.914099999999999802e-01,-1.776739999999999986e-01,6.675200000000000577e-02,1.717670000000000030e-01,-4.301000000000000136e-03,-3.632599999999999718e-02,2.275999999999999811e-03,5.893999999999999934e-03,4.820999999999999765e-03,8.400000000000000348e-04,1.766999999999999908e-03
1.203850000000000059e-01,-1.468589999999999895e-01,8.401399999999999979e-01,8.223920000000000119e-01,-2.587380000000000235e-01,-5.955400000000000277e-02,5.031689999999999774e-01,-4.111349999999999727e-01,4.108470000000000177e-01,-3.610820000000000141e-01,1.529649999999999899e-01,1.359400000000000053e-01,-9.417999999999999289e-03,-1.486920999999999937e+00,-1.266799999999999871e-01,-3.399999999999999973e-05,2.162955999999999879e+00,-4.452360000000000206e-01,1.575499999999999956e-01,-1.810090000000000032e-01,3.577230000000000132e-01,3.557480000000000087e-01,-7.932150000000000034e-01,6.866940000000000266e-01,-5.899339999999999584e-01,4.007660000000000111e-01,-1.773939999999999961e-01,6.749299999999999744e-02,1.685240000000000071e-01,-7.211000000000000396e-03,-2.699000000000000010e-02,3.474999999999999790e-03,4.488999999999999935e-03,3.660000000000000059e-03,1.028000000000000051e-03,1.000999999999999937e-03
1.206480000000000052e-01,-1.460049999999999959e-01,8.408970000000000056e-01,8.232760000000000078e-01,-2.625290000000000123e-01,-5.957699999999999801e-02,4.997460000000000235e-01,-4.143950000000000133e-01,4.214919999999999778e-01,-3.585499999999999798e-01,1.520459999999999867e-01,1.373910000000000131e-01,-9.938999999999999918e-03,-1.464892000000000083e+00,-1.220809999999999951e-01,1.011899999999999952e-02,2.162923000000000151e+00,-4.439270000000000160e-01,1.524679999999999924e-01,-1.768770000000000064e-01,3.583410000000000206e-01,3.550269999999999815e-01,-7.757169999999999899e-01,6.721939999999999582e-01,-5.866329999999999600e-01,4.091890000000000249e-01,-1.769799999999999984e-01,6.841500000000000359e-02,1.654380000000000017e-01,-7.960000000000000062e-03,-1.112900000000000000e-02,6.695000000000000430e-03,3.717999999999999951e-03,1.613000000000000067e-03,1.139999999999999954e-03,6.329999999999999906e-04
1.210200000000000026e-01,-1.452279999999999960e-01,8.415620000000000323e-01,8.241060000000000052e-01,-2.663039999999999852e-01,-5.961899999999999838e-02,4.963640000000000274e-01,-4.176070000000000060e-01,4.321090000000000209e-01,-3.561429999999999874e-01,1.510620000000000018e-01,1.388580000000000092e-01,-1.046799999999999987e-02,-1.442893999999999899e+00,-1.177229999999999943e-01,2.049799999999999886e-02,2.162819999999999965e+00,-4.425839999999999774e-01,1.472779999999999923e-01,-1.733649999999999913e-01,3.587940000000000018e-01,3.545889999999999875e-01,-7.579519999999999591e-01,6.580179999999999918e-01,-5.831460000000000532e-01,4.173490000000000255e-01,-1.765359999999999985e-01,6.939499999999999835e-02,1.623610000000000053e-01,-7.353000000000000161e-03,8.054000000000000395e-03,1.155199999999999977e-02,3.004999999999999859e-03,-7.470000000000000511e-04,1.146000000000000100e-03,1.234999999999999987e-03
1.213400000000000034e-01,-1.433830000000000104e-01,8.414080000000000448e-01,8.246949999999999559e-01,-2.694949999999999846e-01,-5.940200000000000341e-02,4.936809999999999810e-01,-4.197989999999999777e-01,4.406820000000000181e-01,-3.493669999999999831e-01,1.505080000000000029e-01,1.341600000000000015e-01,-9.324000000000000690e-03,-1.401947000000000054e+00,-1.243839999999999946e-01,3.817000000000000254e-02,2.133201999999999821e+00,-4.371880000000000210e-01,1.413689999999999947e-01,-1.666360000000000063e-01,3.590999999999999748e-01,3.492669999999999941e-01,-7.172809999999999464e-01,6.554159999999999986e-01,-5.671399999999999775e-01,4.103820000000000245e-01,-1.778780000000000083e-01,6.787999999999999590e-02,1.631150000000000100e-01,-1.168999999999999900e-03,1.025900000000000076e-02,1.907000000000000058e-03,1.938999999999999968e-03,-1.786000000000000044e-03,-1.930000000000000021e-04,-8.620000000000000275e-04
1.216349999999999931e-01,-1.413750000000000007e-01,8.412640000000000118e-01,8.251260000000000261e-01,-2.725279999999999925e-01,-5.933800000000000185e-02,4.912980000000000125e-01,-4.211170000000000191e-01,4.488139999999999907e-01,-3.428530000000000189e-01,1.495640000000000025e-01,1.294309999999999905e-01,-7.955000000000000265e-03,-1.359957000000000082e+00,-1.320369999999999877e-01,5.549599999999999672e-02,2.103095999999999854e+00,-4.319839999999999791e-01,1.355369999999999908e-01,-1.612599999999999867e-01,3.602489999999999859e-01,3.444659999999999944e-01,-6.738089999999999913e-01,6.518669999999999742e-01,-5.493130000000000512e-01,4.005920000000000036e-01,-1.787390000000000090e-01,6.714399999999999535e-02,1.642190000000000039e-01,4.995999999999999573e-03,9.336000000000000548e-03,-5.085000000000000110e-03,-4.889999999999999599e-04,-2.340000000000000066e-03,-1.095000000000000053e-03,-1.077999999999999965e-03
1.220070000000000043e-01,-1.393520000000000036e-01,8.411920000000000508e-01,8.254350000000000298e-01,-2.754409999999999914e-01,-5.922000000000000181e-02,4.891650000000000165e-01,-4.223040000000000127e-01,4.565060000000000229e-01,-3.366810000000000080e-01,1.484449999999999936e-01,1.247550000000000048e-01,-6.628000000000000211e-03,-1.317905000000000104e+00,-1.408969999999999945e-01,7.218499999999999917e-02,2.072824000000000222e+00,-4.267889999999999739e-01,1.292629999999999890e-01,-1.565930000000000100e-01,3.612460000000000115e-01,3.398439999999999794e-01,-6.298869999999999747e-01,6.475090000000000012e-01,-5.311940000000000550e-01,3.902639999999999998e-01,-1.794149999999999912e-01,6.660900000000000154e-02,1.653570000000000040e-01,9.712999999999999412e-03,5.436999999999999993e-03,-8.337000000000000660e-03,-2.942999999999999870e-03,-2.184000000000000177e-03,-1.422000000000000087e-03,6.390000000000000280e-04
1.235740000000000033e-01,-1.347500000000000087e-01,8.405690000000000106e-01,8.258609999999999562e-01,-2.730940000000000034e-01,-5.659100000000000241e-02,4.900720000000000076e-01,-4.161960000000000104e-01,4.489529999999999910e-01,-3.258719999999999950e-01,1.495080000000000020e-01,1.128279999999999977e-01,-2.550999999999999882e-03,-1.215349999999999930e+00,-1.724209999999999909e-01,7.916600000000000026e-02,1.952153000000000027e+00,-4.035380000000000078e-01,1.264599999999999891e-01,-1.564200000000000035e-01,3.559780000000000166e-01,3.294619999999999771e-01,-5.676830000000000487e-01,6.517439999999999900e-01,-5.241479999999999473e-01,3.691440000000000277e-01,-1.779010000000000036e-01,6.687600000000000489e-02,1.628100000000000103e-01,4.511000000000000253e-03,5.259999999999999919e-03,-5.105000000000000163e-03,-3.596999999999999937e-03,-5.450000000000000200e-04,-3.890000000000000228e-04,-5.940000000000000184e-04
1.251150000000000040e-01,-1.306799999999999906e-01,8.399010000000000087e-01,8.266259999999999719e-01,-2.698880000000000168e-01,-5.403399999999999870e-02,4.908460000000000045e-01,-4.083899999999999753e-01,4.407229999999999759e-01,-3.136320000000000219e-01,1.494929999999999870e-01,1.016940000000000066e-01,1.333999999999999899e-03,-1.111825000000000063e+00,-2.046530000000000016e-01,8.219799999999999329e-02,1.830608000000000013e+00,-3.792590000000000128e-01,1.228510000000000019e-01,-1.555930000000000091e-01,3.484889999999999932e-01,3.200089999999999879e-01,-5.065880000000000383e-01,6.556089999999999973e-01,-5.173839999999999550e-01,3.490670000000000162e-01,-1.767370000000000052e-01,6.701600000000000612e-02,1.602709999999999968e-01,-1.147000000000000016e-03,1.941999999999999933e-03,1.631000000000000071e-03,-3.399999999999999811e-03,1.925000000000000062e-03,5.990000000000000316e-04,-2.700000000000000035e-04
1.269319999999999893e-01,-1.270419999999999883e-01,8.391340000000000465e-01,8.278170000000000250e-01,-2.660730000000000040e-01,-5.113999999999999796e-02,4.912320000000000020e-01,-4.007720000000000171e-01,4.317869999999999764e-01,-3.002059999999999729e-01,1.500450000000000117e-01,9.049200000000000299e-02,4.884000000000000320e-03,-1.008475999999999928e+00,-2.370929999999999982e-01,8.133799999999999364e-02,1.708673000000000108e+00,-3.543589999999999796e-01,1.183509999999999979e-01,-1.535870000000000013e-01,3.388820000000000165e-01,3.103909999999999725e-01,-4.458420000000000161e-01,6.595870000000000344e-01,-5.100719999999999699e-01,3.294799999999999951e-01,-1.756149999999999933e-01,6.670299999999999840e-02,1.570479999999999932e-01,-5.969000000000000347e-03,-4.516000000000000049e-03,1.126199999999999944e-02,-2.801999999999999803e-03,5.177000000000000178e-03,1.598999999999999944e-03,1.667000000000000079e-03
1.307329999999999881e-01,-1.221340000000000064e-01,8.386679999999999691e-01,8.301819999999999755e-01,-2.626859999999999751e-01,-5.136299999999999893e-02,4.890360000000000262e-01,-3.778210000000000179e-01,4.339859999999999829e-01,-2.837790000000000035e-01,1.395520000000000094e-01,7.997700000000000642e-02,6.121999999999999838e-03,-8.815720000000000223e-01,-2.545910000000000117e-01,6.198700000000000043e-02,1.438558999999999921e+00,-3.036190000000000278e-01,1.184849999999999931e-01,-1.412090000000000012e-01,3.317649999999999766e-01,2.837899999999999867e-01,-3.489680000000000004e-01,6.484729999999999661e-01,-4.970589999999999731e-01,3.214799999999999880e-01,-1.706479999999999941e-01,6.776200000000000279e-02,1.568740000000000134e-01,1.428899999999999962e-02,-1.392099999999999935e-02,2.434800000000000159e-02,2.177000000000000116e-03,4.956000000000000336e-03,2.445999999999999824e-03,-2.069999999999999792e-03
1.352710000000000024e-01,-1.180189999999999989e-01,8.377919999999999812e-01,8.330670000000000019e-01,-2.565660000000000163e-01,-4.979900000000000299e-02,4.875369999999999981e-01,-3.601409999999999889e-01,4.278310000000000168e-01,-2.673010000000000108e-01,1.401139999999999886e-01,6.422600000000000531e-02,7.669999999999999735e-03,-7.537430000000000518e-01,-2.746060000000000167e-01,4.484099999999999892e-02,1.173823000000000061e+00,-2.596870000000000012e-01,1.200760000000000022e-01,-1.287300000000000111e-01,3.136050000000000226e-01,2.665719999999999756e-01,-2.609310000000000240e-01,6.437349999999999461e-01,-4.818850000000000078e-01,3.105200000000000182e-01,-1.666590000000000016e-01,6.829300000000000648e-02,1.563080000000000025e-01,2.319200000000000081e-02,-2.093400000000000122e-02,3.638999999999999874e-02,8.944000000000000561e-03,8.149999999999999259e-03,5.572999999999999829e-03,-6.419999999999999925e-04
1.403840000000000088e-01,-1.149779999999999969e-01,8.366850000000000120e-01,8.369060000000000388e-01,-2.507300000000000084e-01,-4.626500000000000057e-02,4.843370000000000175e-01,-3.477640000000000176e-01,4.221010000000000040e-01,-2.489129999999999954e-01,1.420250000000000123e-01,4.871099999999999736e-02,7.854999999999999136e-03,-6.307450000000000001e-01,-2.913200000000000234e-01,2.587700000000000070e-02,9.115060000000000384e-01,-2.177129999999999899e-01,1.212020000000000042e-01,-1.107920000000000016e-01,2.927989999999999760e-01,2.443710000000000049e-01,-1.755120000000000013e-01,6.387709999999999777e-01,-4.684019999999999850e-01,3.015169999999999795e-01,-1.634549999999999892e-01,6.797799999999999676e-02,1.547520000000000007e-01,3.572600000000000081e-02,-2.812100000000000016e-02,4.870499999999999829e-02,1.413099999999999946e-02,1.162000000000000012e-02,8.566999999999999962e-03,1.196000000000000014e-03
1.456050000000000122e-01,-1.118900000000000033e-01,8.355190000000000117e-01,8.418459999999999832e-01,-2.430869999999999975e-01,-4.504299999999999971e-02,4.797660000000000258e-01,-3.317749999999999866e-01,4.159149999999999792e-01,-2.287480000000000069e-01,1.536869999999999903e-01,2.856600000000000111e-02,7.355000000000000426e-03,-5.066260000000000208e-01,-2.973359999999999892e-01,7.067999999999999630e-03,7.086249999999999494e-01,-1.779030000000000056e-01,1.319869999999999932e-01,-8.861700000000000133e-02,2.708269999999999844e-01,2.258070000000000077e-01,-9.285499999999999310e-02,6.437359999999999749e-01,-4.551910000000000123e-01,2.524569999999999870e-01,-1.606849999999999945e-01,6.833000000000000185e-02,1.497509999999999952e-01,4.737500000000000044e-02,-4.184199999999999725e-02,5.884299999999999947e-02,2.442100000000000173e-02,1.652100000000000096e-02,1.244199999999999993e-02,5.694000000000000276e-03
1.515839999999999965e-01,-1.097500000000000003e-01,8.339739999999999931e-01,8.472269999999999524e-01,-2.349310000000000009e-01,-4.316699999999999704e-02,4.745010000000000061e-01,-3.179310000000000191e-01,4.096529999999999894e-01,-2.078079999999999927e-01,1.675510000000000055e-01,7.551999999999999685e-03,5.603999999999999607e-03,-3.864969999999999795e-01,-3.023359999999999936e-01,-1.064099999999999942e-02,5.118110000000000159e-01,-1.415599999999999914e-01,1.418629999999999891e-01,-6.477499999999999925e-02,2.452469999999999928e-01,2.069469999999999921e-01,-1.011800000000000026e-02,6.494499999999999718e-01,-4.411519999999999886e-01,2.015550000000000119e-01,-1.586930000000000007e-01,7.012500000000000677e-02,1.447950000000000070e-01,6.026800000000000213e-02,-5.304799999999999793e-02,6.910900000000000376e-02,3.271500000000000102e-02,2.144599999999999979e-02,1.627999999999999933e-02,1.024300000000000037e-02
1.578579999999999983e-01,-1.082850000000000062e-01,8.322899999999999743e-01,8.528909999999999547e-01,-2.264410000000000034e-01,-4.122100000000000070e-02,4.686179999999999790e-01,-3.054140000000000188e-01,4.038669999999999760e-01,-1.864830000000000099e-01,1.834000000000000075e-01,-1.411199999999999954e-02,2.929000000000000180e-03,-2.711330000000000129e-01,-3.060649999999999760e-01,-2.708899999999999850e-02,3.244349999999999734e-01,-1.104129999999999973e-01,1.509159999999999946e-01,-3.984100000000000141e-02,2.174750000000000016e-01,1.892050000000000121e-01,7.177400000000000446e-02,6.546560000000000157e-01,-4.262949999999999795e-01,1.505849999999999966e-01,-1.572300000000000086e-01,7.205799999999999705e-02,1.397430000000000061e-01,7.335500000000000353e-02,-6.118599999999999733e-02,7.903100000000000402e-02,3.892099999999999727e-02,2.646199999999999941e-02,2.013699999999999865e-02,1.446500000000000043e-02
1.625000000000000056e-01,-1.064999999999999974e-01,8.308950000000000502e-01,8.566120000000000401e-01,-2.199299999999999866e-01,-4.137600000000000305e-02,4.649030000000000107e-01,-2.988009999999999833e-01,3.985330000000000261e-01,-1.748780000000000057e-01,2.086079999999999879e-01,-3.473500000000000199e-02,3.999999999999999819e-06,-2.098710000000000020e-01,-3.038640000000000230e-01,-1.700499999999999928e-02,2.543110000000000093e-01,-9.756299999999999695e-02,1.615080000000000127e-01,-2.475000000000000117e-02,2.016769999999999952e-01,1.787199999999999900e-01,1.267129999999999923e-01,6.326340000000000297e-01,-4.013459999999999805e-01,1.181989999999999985e-01,-1.581130000000000035e-01,7.510699999999999321e-02,1.408250000000000057e-01,8.381900000000000461e-02,-6.650399999999999368e-02,8.816799999999999637e-02,5.304899999999999893e-02,3.164499999999999952e-02,2.283200000000000160e-02,1.681200000000000055e-02
1.672740000000000060e-01,-1.051109999999999961e-01,8.293359999999999621e-01,8.604279999999999706e-01,-2.133539999999999881e-01,-4.034800000000000192e-02,4.609940000000000149e-01,-2.959169999999999856e-01,3.918099999999999916e-01,-1.635149999999999937e-01,2.356330000000000091e-01,-5.554200000000000109e-02,-2.606999999999999942e-03,-1.549210000000000031e-01,-3.039100000000000135e-01,-5.311999999999999882e-03,1.916619999999999990e-01,-8.828099999999999836e-02,1.717980000000000063e-01,-9.461999999999999925e-03,1.843690000000000051e-01,1.664289999999999936e-01,1.787779999999999925e-01,6.088010000000000366e-01,-3.781490000000000129e-01,8.788300000000000278e-02,-1.590489999999999959e-01,7.714899999999999536e-02,1.415800000000000114e-01,9.408400000000000096e-02,-6.799800000000000288e-02,9.586600000000000676e-02,6.515500000000000458e-02,3.676900000000000307e-02,2.505800000000000041e-02,1.860200000000000048e-02
1.718639999999999890e-01,-1.038229999999999986e-01,8.276329999999999520e-01,8.642990000000000395e-01,-2.066469999999999974e-01,-3.915600000000000330e-02,4.568940000000000223e-01,-2.940450000000000008e-01,3.847639999999999949e-01,-1.519210000000000005e-01,2.637729999999999797e-01,-7.665500000000000091e-02,-4.856000000000000073e-03,-1.017789999999999945e-01,-3.051570000000000116e-01,7.106999999999999602e-03,1.318020000000000025e-01,-8.043500000000000649e-02,1.817570000000000019e-01,5.878999999999999677e-03,1.663350000000000106e-01,1.542379999999999862e-01,2.291070000000000051e-01,5.835599999999999676e-01,-3.563839999999999786e-01,5.780300000000000021e-02,-1.600820000000000021e-01,7.911799999999999389e-02,1.423439999999999983e-01,1.040900000000000020e-01,-6.529699999999999394e-02,1.020749999999999991e-01,7.497900000000000398e-02,4.176099999999999951e-02,2.702699999999999894e-02,1.972399999999999848e-02
1.743109999999999937e-01,-1.013450000000000045e-01,8.267259999999999609e-01,8.677059999999999773e-01,-2.033300000000000107e-01,-3.767700000000000216e-02,4.520219999999999794e-01,-2.888999999999999901e-01,3.825549999999999784e-01,-1.365359999999999907e-01,2.751759999999999762e-01,-8.873200000000000531e-02,-4.622000000000000240e-03,-9.963400000000000034e-02,-3.081389999999999962e-01,7.630999999999999762e-03,1.247079999999999994e-01,-8.523000000000000020e-02,1.863100000000000034e-01,1.068099999999999952e-02,1.580189999999999928e-01,1.470220000000000138e-01,2.616910000000000069e-01,5.676639999999999464e-01,-3.659859999999999780e-01,4.478300000000000336e-02,-1.609559999999999880e-01,8.256199999999999650e-02,1.347659999999999969e-01,1.090870000000000034e-01,-7.595000000000000362e-02,1.112889999999999990e-01,8.125599999999999490e-02,4.220000000000000140e-02,2.910099999999999840e-02,2.077100000000000127e-02
1.767150000000000110e-01,-9.920099999999999751e-02,8.256940000000000390e-01,8.711419999999999719e-01,-2.001330000000000053e-01,-3.653900000000000203e-02,4.469049999999999967e-01,-2.859869999999999912e-01,3.808340000000000058e-01,-1.220910000000000051e-01,2.911480000000000179e-01,-1.028560000000000030e-01,-4.131000000000000123e-03,-1.000999999999999945e-01,-3.104839999999999822e-01,9.428999999999999881e-03,1.222179999999999933e-01,-9.202699999999999769e-02,1.907820000000000071e-01,1.625300000000000009e-02,1.513809999999999878e-01,1.414739999999999887e-01,2.905360000000000165e-01,5.497940000000000049e-01,-3.769819999999999838e-01,3.427000000000000185e-02,-1.617059999999999886e-01,8.606500000000000261e-02,1.269170000000000020e-01,1.117940000000000045e-01,-8.315100000000000269e-02,1.175469999999999987e-01,8.733899999999999997e-02,4.371300000000000185e-02,3.064400000000000110e-02,2.230000000000000038e-02
1.790819999999999912e-01,-9.710399999999999587e-02,8.246489999999999654e-01,8.745439999999999880e-01,-1.969819999999999904e-01,-3.543899999999999828e-02,4.417179999999999995e-01,-2.835230000000000250e-01,3.793619999999999770e-01,-1.078299999999999953e-01,3.078230000000000133e-01,-1.172880000000000034e-01,-3.567999999999999991e-03,-1.009440000000000059e-01,-3.127139999999999920e-01,1.134399999999999992e-02,1.201399999999999968e-01,-9.901300000000000379e-02,1.951630000000000031e-01,2.201099999999999932e-02,1.448889999999999900e-01,1.359619999999999995e-01,3.186240000000000183e-01,5.318249999999999922e-01,-3.887260000000000160e-01,2.434300000000000005e-02,-1.624869999999999925e-01,8.940099999999999436e-02,1.190039999999999987e-01,1.144779999999999964e-01,-8.630699999999999483e-02,1.221570000000000017e-01,9.193199999999999983e-02,4.514699999999999963e-02,3.186699999999999949e-02,2.340199999999999919e-02
1.813180000000000069e-01,-9.715200000000000224e-02,8.237689999999999735e-01,8.782039999999999846e-01,-1.944329999999999947e-01,-3.428799999999999903e-02,4.356340000000000212e-01,-2.818330000000000002e-01,3.809440000000000048e-01,-9.456699999999999828e-02,3.189370000000000260e-01,-1.258630000000000027e-01,-2.786999999999999981e-03,-1.138350000000000056e-01,-3.200999999999999956e-01,5.303000000000000422e-03,1.214930000000000038e-01,-9.066000000000000447e-02,1.870040000000000036e-01,2.622700000000000031e-02,1.402289999999999925e-01,1.352990000000000026e-01,3.266809999999999992e-01,5.135809999999999542e-01,-4.004280000000000062e-01,1.720100000000000101e-02,-1.632369999999999932e-01,9.163599999999999524e-02,1.162630000000000052e-01,1.154440000000000049e-01,-9.245899999999999952e-02,1.257250000000000034e-01,1.049930000000000030e-01,4.497000000000000303e-02,3.267300000000000065e-02,2.341899999999999885e-02
1.833619999999999972e-01,-9.741600000000000259e-02,8.228870000000000351e-01,8.818070000000000075e-01,-1.918850000000000000e-01,-3.308799999999999936e-02,4.295359999999999734e-01,-2.804900000000000171e-01,3.825080000000000147e-01,-8.146100000000000563e-02,3.299590000000000023e-01,-1.341410000000000102e-01,-1.966999999999999998e-03,-1.272389999999999910e-01,-3.276399999999999868e-01,-6.740000000000000114e-04,1.232339999999999963e-01,-8.226500000000000479e-02,1.788359999999999950e-01,3.074299999999999949e-02,1.358280000000000043e-01,1.350089999999999901e-01,3.330949999999999744e-01,4.949060000000000126e-01,-4.128160000000000163e-01,1.155800000000000056e-02,-1.642059999999999909e-01,9.352100000000000690e-02,1.136739999999999973e-01,1.158610000000000056e-01,-9.527399999999999758e-02,1.277189999999999992e-01,1.179469999999999963e-01,4.473300000000000193e-02,3.279800000000000076e-02,2.337699999999999848e-02
1.854649999999999910e-01,-9.771499999999999631e-02,8.220870000000000122e-01,8.853590000000000071e-01,-1.892919999999999880e-01,-3.188499999999999668e-02,4.234269999999999978e-01,-2.791529999999999845e-01,3.840120000000000200e-01,-6.839399999999999646e-02,3.409929999999999906e-01,-1.423820000000000086e-01,-1.087000000000000076e-03,-1.406810000000000005e-01,-3.353740000000000054e-01,-6.610000000000000424e-03,1.250749999999999917e-01,-7.390700000000000047e-02,1.706840000000000024e-01,3.531700000000000117e-02,1.313560000000000005e-01,1.347700000000000009e-01,3.393840000000000190e-01,4.762620000000000187e-01,-4.253879999999999884e-01,6.212999999999999773e-03,-1.652059999999999917e-01,9.527199999999999558e-02,1.110779999999999962e-01,1.164739999999999942e-01,-9.532899999999999707e-02,1.288950000000000096e-01,1.302790000000000059e-01,4.445299999999999946e-02,3.275600000000000039e-02,2.309900000000000148e-02
1.847799999999999998e-01,-9.927900000000000613e-02,8.210969999999999658e-01,8.884950000000000347e-01,-1.874220000000000053e-01,-3.161100000000000021e-02,4.176730000000000165e-01,-2.830779999999999963e-01,3.852229999999999821e-01,-5.747800000000000131e-02,3.553709999999999924e-01,-1.499139999999999917e-01,-5.000000000000000240e-05,-1.499290000000000067e-01,-3.412930000000000130e-01,-8.887000000000000802e-03,1.311499999999999888e-01,-6.408899999999999320e-02,1.628519999999999968e-01,3.126600000000000212e-02,1.354059999999999986e-01,1.440230000000000121e-01,3.163480000000000181e-01,4.754650000000000265e-01,-4.571990000000000220e-01,1.607400000000000148e-02,-1.655379999999999907e-01,9.576900000000000690e-02,1.079849999999999977e-01,1.056949999999999973e-01,-1.038300000000000056e-01,1.284510000000000096e-01,1.322579999999999867e-01,4.444000000000000034e-02,3.041699999999999959e-02,2.274299999999999933e-02
1.842489999999999961e-01,-1.006399999999999934e-01,8.202909999999999924e-01,8.915330000000000199e-01,-1.851079999999999948e-01,-3.076999999999999874e-02,4.122589999999999866e-01,-2.845489999999999964e-01,3.849949999999999761e-01,-4.574600000000000194e-02,3.643330000000000179e-01,-1.547360000000000124e-01,1.214000000000000018e-03,-1.573680000000000079e-01,-3.488589999999999747e-01,-1.238900000000000071e-02,1.340899999999999870e-01,-5.319299999999999723e-02,1.552040000000000086e-01,2.633800000000000030e-02,1.366120000000000112e-01,1.511879999999999891e-01,2.967690000000000050e-01,4.767219999999999791e-01,-4.884890000000000065e-01,2.352599999999999830e-02,-1.660230000000000039e-01,9.611400000000000499e-02,1.050139999999999962e-01,9.809299999999999964e-02,-1.093329999999999996e-01,1.292200000000000015e-01,1.310860000000000081e-01,4.338999999999999801e-02,2.939999999999999905e-02,2.045100000000000043e-02
1.837080000000000102e-01,-1.020019999999999954e-01,8.194010000000000460e-01,8.945349999999999691e-01,-1.827010000000000023e-01,-2.991100000000000009e-02,4.068579999999999974e-01,-2.858069999999999777e-01,3.845750000000000002e-01,-3.392699999999999882e-02,3.729990000000000250e-01,-1.594109999999999971e-01,2.557999999999999944e-03,-1.647069999999999923e-01,-3.567239999999999855e-01,-1.593100000000000072e-02,1.370210000000000039e-01,-4.232999999999999957e-02,1.476139999999999952e-01,2.128299999999999984e-02,1.375129999999999963e-01,1.583120000000000083e-01,2.774349999999999872e-01,4.776159999999999850e-01,-5.197460000000000413e-01,3.076699999999999921e-02,-1.665409999999999946e-01,9.654400000000000481e-02,1.020609999999999989e-01,9.066200000000000647e-02,-1.132940000000000058e-01,1.300330000000000097e-01,1.297540000000000082e-01,4.237300000000000094e-02,2.851000000000000062e-02,1.789100000000000065e-02
1.835130000000000094e-01,-1.033850000000000047e-01,8.192300000000000137e-01,8.956300000000000372e-01,-1.813220000000000109e-01,-2.894000000000000045e-02,4.051310000000000189e-01,-2.870880000000000098e-01,3.830629999999999868e-01,-3.045399999999999843e-02,3.736959999999999726e-01,-1.585459999999999925e-01,3.171999999999999906e-03,-1.719980000000000120e-01,-3.627330000000000276e-01,-1.269299999999999942e-02,1.364869999999999972e-01,-3.870300000000000129e-02,1.429489999999999927e-01,7.929000000000000284e-03,1.439630000000000076e-01,1.641589999999999994e-01,2.462300000000000044e-01,4.963359999999999994e-01,-5.397899999999999920e-01,3.609699999999999714e-02,-1.692740000000000078e-01,9.414400000000000546e-02,9.622799999999999410e-02,8.701299999999999313e-02,-1.146149999999999947e-01,1.277909999999999879e-01,1.302049999999999874e-01,4.208800000000000041e-02,2.716299999999999965e-02,1.516200000000000013e-02
1.833230000000000137e-01,-1.048690000000000039e-01,8.190739999999999688e-01,8.967089999999999783e-01,-1.799080000000000124e-01,-2.800899999999999918e-02,4.034360000000000168e-01,-2.881050000000000000e-01,3.815060000000000118e-01,-2.696199999999999986e-02,3.740470000000000184e-01,-1.574510000000000076e-01,3.755000000000000091e-03,-1.791459999999999997e-01,-3.687989999999999879e-01,-9.504999999999999560e-03,1.358659999999999868e-01,-3.519900000000000112e-02,1.382950000000000013e-01,-5.654000000000000171e-03,1.501889999999999892e-01,1.701749999999999929e-01,2.145880000000000010e-01,5.146070000000000366e-01,-5.604909999999999615e-01,4.085300000000000042e-02,-1.721759999999999957e-01,9.222700000000000342e-02,9.080199999999999383e-02,8.307000000000000495e-02,-1.150010000000000060e-01,1.258160000000000112e-01,1.306740000000000124e-01,4.180799999999999794e-02,2.640199999999999839e-02,1.222499999999999976e-02
1.835600000000000009e-01,-1.058889999999999970e-01,8.189939999999999998e-01,8.977939999999999809e-01,-1.783029999999999893e-01,-2.618200000000000041e-02,4.018550000000000177e-01,-2.878370000000000095e-01,3.786749999999999838e-01,-2.239500000000000171e-02,3.698589999999999933e-01,-1.543329999999999980e-01,4.478000000000000209e-03,-1.857270000000000032e-01,-3.761599999999999944e-01,-7.128999999999999920e-03,1.323969999999999869e-01,-3.070499999999999965e-02,1.337639999999999940e-01,-2.061299999999999938e-02,1.537509999999999988e-01,1.724219999999999919e-01,1.879879999999999884e-01,5.346469999999999834e-01,-5.803479999999999750e-01,4.217300000000000215e-02,-1.740949999999999998e-01,9.063200000000000423e-02,8.558499999999999441e-02,8.176300000000000234e-02,-1.139249999999999985e-01,1.266259999999999886e-01,1.298330000000000040e-01,4.037799999999999723e-02,2.620700000000000113e-02,7.538999999999999695e-03
1.831859999999999877e-01,-1.076659999999999978e-01,8.186670000000000336e-01,8.981599999999999584e-01,-1.776530000000000054e-01,-2.626200000000000062e-02,4.013200000000000101e-01,-2.926150000000000140e-01,3.791129999999999778e-01,-2.183999999999999830e-02,3.766419999999999768e-01,-1.545890000000000042e-01,4.454999999999999759e-03,-1.935230000000000006e-01,-3.827479999999999771e-01,-3.111000000000000050e-03,1.336600000000000010e-01,-2.526199999999999973e-02,1.300219999999999987e-01,-3.257700000000000179e-02,1.631370000000000042e-01,1.796860000000000124e-01,1.473609999999999920e-01,5.660230000000000539e-01,-5.800950000000000273e-01,5.312900000000000261e-02,-1.811049999999999882e-01,8.848999999999999921e-02,7.838499999999999635e-02,7.652100000000000568e-02,-1.179639999999999994e-01,1.213039999999999952e-01,1.349680000000000046e-01,3.974300000000000055e-02,2.525000000000000161e-02,9.428000000000000616e-03
1.831250000000000100e-01,-1.091059999999999947e-01,8.185000000000000053e-01,8.985279999999999934e-01,-1.769270000000000009e-01,-2.556399999999999992e-02,4.008619999999999961e-01,-2.963330000000000131e-01,3.785479999999999956e-01,-2.080900000000000111e-02,3.794100000000000250e-01,-1.531389999999999973e-01,4.401999999999999663e-03,-2.007299999999999918e-01,-3.901580000000000048e-01,8.299999999999999815e-05,1.321340000000000015e-01,-1.885200000000000070e-02,1.263890000000000013e-01,-4.581199999999999856e-02,1.702539999999999887e-01,1.835299999999999987e-01,1.113119999999999943e-01,5.993610000000000326e-01,-5.793329999999999869e-01,6.140299999999999925e-02,-1.871939999999999993e-01,8.623799999999999522e-02,7.102400000000000380e-02,7.344399999999999540e-02,-1.209370000000000028e-01,1.187349999999999933e-01,1.393949999999999911e-01,3.793699999999999850e-02,2.466300000000000089e-02,9.768999999999999906e-03
1.830690000000000095e-01,-1.104460000000000025e-01,8.183460000000000178e-01,8.988909999999999956e-01,-1.761919999999999875e-01,-2.484199999999999950e-02,4.004179999999999962e-01,-2.999939999999999829e-01,3.778940000000000077e-01,-1.975400000000000073e-02,3.819770000000000110e-01,-1.515880000000000005e-01,4.388999999999999672e-03,-2.079529999999999990e-01,-3.976120000000000210e-01,3.237999999999999993e-03,1.305209999999999981e-01,-1.242300000000000001e-02,1.227639999999999981e-01,-5.925199999999999911e-02,1.772650000000000059e-01,1.872489999999999988e-01,7.504800000000000360e-02,6.325290000000000079e-01,-5.794439999999999591e-01,6.947599999999999609e-02,-1.932570000000000121e-01,8.409400000000000208e-02,6.362299999999999900e-02,7.012500000000000677e-02,-1.239930000000000060e-01,1.166750000000000009e-01,1.445160000000000056e-01,3.615000000000000158e-02,2.412500000000000061e-02,9.832999999999999727e-03
1.840289999999999981e-01,-1.129649999999999960e-01,8.181420000000000359e-01,8.994799999999999462e-01,-1.740720000000000045e-01,-2.353600000000000136e-02,4.001009999999999844e-01,-3.014080000000000092e-01,3.759489999999999776e-01,-1.748100000000000001e-02,3.804290000000000171e-01,-1.479300000000000059e-01,3.879000000000000069e-03,-2.092360000000000053e-01,-4.030670000000000086e-01,8.895000000000000129e-03,1.265459999999999918e-01,-9.766000000000000375e-03,1.220920000000000061e-01,-6.962200000000000333e-02,1.842239999999999989e-01,1.897040000000000115e-01,7.862099999999999644e-02,6.687899999999999956e-01,-5.736310000000000020e-01,6.731600000000000084e-02,-2.007690000000000030e-01,8.267099999999999449e-02,5.232599999999999751e-02,7.296099999999999808e-02,-1.221030000000000032e-01,1.129580000000000028e-01,1.385349999999999915e-01,3.488900000000000334e-02,2.284900000000000125e-02,7.435999999999999902e-03
1.847660000000000136e-01,-1.156419999999999948e-01,8.177950000000000497e-01,9.000529999999999919e-01,-1.721360000000000112e-01,-2.296899999999999983e-02,3.996819999999999817e-01,-3.038779999999999815e-01,3.750290000000000012e-01,-1.617599999999999941e-02,3.828039999999999776e-01,-1.462110000000000076e-01,3.275999999999999832e-03,-2.109860000000000069e-01,-4.074539999999999829e-01,1.528799999999999951e-02,1.250459999999999905e-01,-8.033000000000000210e-03,1.213449999999999945e-01,-8.036699999999999400e-02,1.930219999999999991e-01,1.951739999999999864e-01,8.055600000000000260e-02,7.033989999999999965e-01,-5.666870000000000518e-01,6.550499999999999379e-02,-2.087819999999999954e-01,8.200999999999999956e-02,4.083200000000000024e-02,7.301000000000000545e-02,-1.220569999999999988e-01,1.087960000000000038e-01,1.335780000000000023e-01,3.481200000000000266e-02,2.241500000000000090e-02,6.329000000000000424e-03
1.854870000000000130e-01,-1.183489999999999959e-01,8.174409999999999732e-01,9.006140000000000256e-01,-1.702670000000000017e-01,-2.252900000000000041e-02,3.992450000000000165e-01,-3.064490000000000269e-01,3.743719999999999826e-01,-1.503200000000000022e-02,3.855959999999999943e-01,-1.446959999999999913e-01,2.626999999999999995e-03,-2.126820000000000099e-01,-4.115599999999999814e-01,2.167900000000000035e-02,1.236840000000000023e-01,-6.348000000000000344e-03,1.205360000000000043e-01,-9.121200000000000141e-02,2.021570000000000034e-01,2.010409999999999975e-01,8.262999999999999512e-02,7.376350000000000406e-01,-5.591099999999999959e-01,6.382799999999999585e-02,-2.168170000000000097e-01,8.142000000000000626e-02,2.931500000000000078e-02,7.265000000000000624e-02,-1.226300000000000029e-01,1.048459999999999948e-01,1.294540000000000135e-01,3.482699999999999685e-02,2.203099999999999850e-02,5.209000000000000088e-03
1.867169999999999941e-01,-1.211119999999999974e-01,8.168560000000000265e-01,9.010310000000000263e-01,-1.678159999999999930e-01,-2.180500000000000146e-02,3.993809999999999860e-01,-3.082039999999999780e-01,3.729049999999999865e-01,-1.275599999999999998e-02,3.874110000000000054e-01,-1.437479999999999869e-01,7.560000000000000530e-04,-2.117680000000000118e-01,-4.099200000000000066e-01,2.413200000000000067e-02,1.236359999999999959e-01,-4.904999999999999638e-03,1.189120000000000038e-01,-1.020709999999999951e-01,2.040579999999999894e-01,2.033230000000000037e-01,6.252800000000000025e-02,7.567199999999999482e-01,-5.608560000000000212e-01,6.266499999999999848e-02,-2.184989999999999988e-01,8.097200000000000231e-02,2.304399999999999851e-02,7.332800000000000429e-02,-1.227990000000000054e-01,1.062440000000000051e-01,1.248070000000000013e-01,3.509299999999999919e-02,2.203400000000000150e-02,8.344999999999999987e-03
1.878060000000000007e-01,-1.238250000000000045e-01,8.163580000000000281e-01,9.014370000000000438e-01,-1.652939999999999965e-01,-2.121899999999999828e-02,3.995469999999999855e-01,-3.097570000000000046e-01,3.713609999999999967e-01,-1.046099999999999981e-02,3.892269999999999897e-01,-1.426709999999999923e-01,-1.131000000000000061e-03,-2.105819999999999914e-01,-4.083410000000000095e-01,2.652600000000000097e-02,1.235789999999999944e-01,-3.441000000000000048e-03,1.173229999999999967e-01,-1.117950000000000055e-01,2.063260000000000094e-01,2.058860000000000134e-01,3.953700000000000270e-02,7.748519999999999852e-01,-5.651059999999999972e-01,6.336100000000000065e-02,-2.200779999999999959e-01,8.025699999999999501e-02,1.706799999999999984e-02,7.465600000000000014e-02,-1.232550000000000034e-01,1.064780000000000032e-01,1.206860000000000016e-01,3.536600000000000160e-02,2.210399999999999865e-02,1.157900000000000075e-02
1.888849999999999973e-01,-1.266359999999999986e-01,8.158590000000000009e-01,9.018399999999999750e-01,-1.627599999999999880e-01,-2.067199999999999940e-02,3.997080000000000077e-01,-3.112480000000000246e-01,3.698380000000000001e-01,-8.155000000000000790e-03,3.910580000000000167e-01,-1.415939999999999976e-01,-3.016000000000000018e-03,-2.093329999999999913e-01,-4.067399999999999904e-01,2.893899999999999945e-02,1.234940000000000065e-01,-1.946000000000000030e-03,1.157320000000000015e-01,-1.211399999999999977e-01,2.086850000000000094e-01,2.084759999999999946e-01,1.556199999999999944e-02,7.927149999999999475e-01,-5.703700000000000436e-01,6.448700000000000265e-02,-2.217139999999999944e-01,7.939999999999999836e-02,1.108600000000000037e-02,7.635100000000000220e-02,-1.242130000000000040e-01,1.065249999999999947e-01,1.170749999999999985e-01,3.561299999999999882e-02,2.221400000000000111e-02,1.484700000000000082e-02
1.908569999999999989e-01,-1.307119999999999949e-01,8.152840000000000087e-01,9.020150000000000112e-01,-1.588100000000000067e-01,-1.912099999999999911e-02,4.009769999999999723e-01,-3.122099999999999875e-01,3.654810000000000003e-01,-5.921000000000000048e-03,3.884000000000000230e-01,-1.370929999999999926e-01,-5.060000000000000261e-03,-2.048540000000000083e-01,-4.051899999999999946e-01,2.889999999999999861e-02,1.240509999999999946e-01,1.191399999999999924e-02,1.165140000000000065e-01,-1.276039999999999952e-01,2.096290000000000098e-01,2.096010000000000095e-01,8.159999999999999936e-04,7.937830000000000163e-01,-5.723340000000000094e-01,7.307500000000000107e-02,-2.173960000000000059e-01,8.020599999999999952e-02,8.484999999999999487e-03,7.646600000000000619e-02,-1.209790000000000032e-01,1.027870000000000034e-01,1.144430000000000031e-01,3.598099999999999909e-02,2.222899999999999876e-02,1.344399999999999935e-02
1.927149999999999974e-01,-1.346690000000000109e-01,8.147109999999999630e-01,9.021860000000000435e-01,-1.547550000000000037e-01,-1.758900000000000047e-02,4.022459999999999924e-01,-3.128810000000000202e-01,3.607639999999999736e-01,-3.818999999999999912e-03,3.855669999999999931e-01,-1.324559999999999904e-01,-7.034000000000000322e-03,-2.000599999999999878e-01,-4.039019999999999833e-01,2.865499999999999992e-02,1.240919999999999940e-01,2.576300000000000118e-02,1.176650000000000057e-01,-1.343590000000000062e-01,2.107159999999999866e-01,2.108970000000000011e-01,-1.422999999999999959e-02,7.936459999999999626e-01,-5.742479999999999807e-01,8.292599999999999971e-02,-2.121119999999999950e-01,8.043899999999999662e-02,5.699000000000000073e-03,7.669900000000000329e-02,-1.187079999999999941e-01,9.934400000000000175e-02,1.124610000000000054e-01,3.645000000000000323e-02,2.231899999999999856e-02,1.193999999999999923e-02
1.945630000000000137e-01,-1.387089999999999990e-01,8.141300000000000203e-01,9.023360000000000269e-01,-1.506840000000000124e-01,-1.607600000000000001e-02,4.035159999999999858e-01,-3.134810000000000096e-01,3.560119999999999951e-01,-1.709999999999999932e-03,3.826879999999999726e-01,-1.277939999999999909e-01,-8.987999999999999462e-03,-1.951680000000000081e-01,-4.026259999999999839e-01,2.839900000000000063e-02,1.240809999999999969e-01,3.961900000000000144e-02,1.188639999999999974e-01,-1.411660000000000137e-01,2.118089999999999973e-01,2.122680000000000122e-01,-2.932500000000000037e-02,7.933430000000000204e-01,-5.761370000000000102e-01,9.299799999999999733e-02,-2.067289999999999961e-01,8.050799999999999623e-02,2.887999999999999942e-03,7.726900000000000435e-02,-1.170400000000000051e-01,9.618799999999999573e-02,1.109509999999999941e-01,3.700400000000000217e-02,2.247100000000000139e-02,1.057600000000000033e-02
1.965200000000000002e-01,-1.428699999999999970e-01,8.134489999999999776e-01,9.027319999999999789e-01,-1.462279999999999969e-01,-1.453699999999999957e-02,4.043280000000000207e-01,-3.134460000000000024e-01,3.510650000000000159e-01,1.023999999999999954e-03,3.796939999999999760e-01,-1.227130000000000026e-01,-1.276599999999999957e-02,-1.916049999999999975e-01,-3.965980000000000061e-01,2.742500000000000146e-02,1.239009999999999972e-01,4.680600000000000038e-02,1.219719999999999971e-01,-1.443879999999999886e-01,2.114040000000000086e-01,2.132870000000000044e-01,-3.334999999999999770e-02,7.927640000000000242e-01,-5.743070000000000119e-01,1.045940000000000064e-01,-2.054910000000000070e-01,8.007400000000000628e-02,4.910000000000000085e-04,7.906599999999999739e-02,-1.157180000000000014e-01,9.540200000000000069e-02,1.119700000000000001e-01,3.653700000000000003e-02,2.246300000000000033e-02,1.037599999999999981e-02
1.984309999999999963e-01,-1.470200000000000118e-01,8.128450000000000397e-01,9.031160000000000299e-01,-1.418139999999999956e-01,-1.294400000000000064e-02,4.050969999999999849e-01,-3.135600000000000054e-01,3.462359999999999882e-01,3.729000000000000110e-03,3.767780000000000018e-01,-1.177710000000000007e-01,-1.657199999999999993e-02,-1.883529999999999927e-01,-3.904460000000000153e-01,2.675400000000000000e-02,1.239040000000000002e-01,5.346000000000000058e-02,1.248449999999999976e-01,-1.481270000000000087e-01,2.108909999999999951e-01,2.140789999999999915e-01,-3.620000000000000301e-02,7.924240000000000173e-01,-5.715770000000000017e-01,1.157679999999999959e-01,-2.042309999999999959e-01,7.948700000000000210e-02,-1.928999999999999942e-03,8.112800000000000566e-02,-1.150899999999999979e-01,9.569099999999999828e-02,1.137559999999999960e-01,3.613399999999999945e-02,2.248500000000000151e-02,1.033599999999999970e-02
2.004299999999999971e-01,-1.511619999999999908e-01,8.121479999999999810e-01,9.034769999999999746e-01,-1.374120000000000064e-01,-1.133100000000000079e-02,4.058559999999999945e-01,-3.137380000000000169e-01,3.414019999999999833e-01,6.407000000000000368e-03,3.738509999999999889e-01,-1.128170000000000006e-01,-2.037399999999999975e-02,-1.851700000000000013e-01,-3.842659999999999965e-01,2.610900000000000026e-02,1.239340000000000025e-01,6.008100000000000246e-02,1.277310000000000112e-01,-1.520450000000000135e-01,2.103450000000000042e-01,2.148279999999999912e-01,-3.872199999999999948e-02,7.921610000000000040e-01,-5.685660000000000158e-01,1.267820000000000058e-01,-2.029360000000000053e-01,7.891399999999999804e-02,-4.347000000000000169e-03,8.372100000000000375e-02,-1.150700000000000056e-01,9.669200000000000017e-02,1.163050000000000056e-01,3.588999999999999829e-02,2.261300000000000116e-02,1.051400000000000078e-02
2.024279999999999968e-01,-1.563219999999999887e-01,8.114360000000000461e-01,9.049019999999999841e-01,-1.331829999999999958e-01,-9.426999999999999616e-03,4.041350000000000220e-01,-3.130620000000000069e-01,3.405880000000000019e-01,1.577500000000000083e-02,3.688009999999999899e-01,-1.060419999999999974e-01,-2.572999999999999940e-02,-1.796590000000000131e-01,-3.728190000000000115e-01,1.785799999999999887e-02,1.258849999999999969e-01,6.428000000000000380e-02,1.359269999999999923e-01,-1.502880000000000049e-01,2.052480000000000138e-01,2.140589999999999993e-01,-3.900300000000000294e-02,7.808939999999999770e-01,-5.656600000000000517e-01,1.379549999999999943e-01,-1.991729999999999889e-01,7.946999999999999897e-02,-5.586999999999999952e-03,8.493000000000000549e-02,-1.141749999999999987e-01,1.010339999999999988e-01,1.193530000000000008e-01,3.619599999999999901e-02,2.208900000000000099e-02,1.035200000000000009e-02
2.043770000000000031e-01,-1.614849999999999897e-01,8.108009999999999939e-01,9.063200000000000145e-01,-1.290199999999999958e-01,-7.706000000000000176e-03,4.023419999999999774e-01,-3.124009999999999843e-01,3.400969999999999827e-01,2.497399999999999967e-02,3.642900000000000027e-01,-9.960199999999999609e-02,-3.111399999999999930e-02,-1.741330000000000100e-01,-3.609959999999999836e-01,9.886000000000000690e-03,1.279859999999999887e-01,6.809900000000000675e-02,1.439630000000000076e-01,-1.483399999999999996e-01,2.007110000000000005e-01,2.138200000000000101e-01,-4.003099999999999714e-02,7.687789999999999901e-01,-5.631420000000000314e-01,1.495410000000000073e-01,-1.949390000000000012e-01,8.041900000000000437e-02,-6.448999999999999871e-03,8.658799999999999830e-02,-1.143659999999999954e-01,1.058950000000000030e-01,1.234989999999999977e-01,3.697500000000000092e-02,2.232400000000000009e-02,1.040699999999999958e-02
2.063919999999999921e-01,-1.666259999999999963e-01,8.100859999999999728e-01,9.077070000000000416e-01,-1.248959999999999931e-01,-6.026000000000000106e-03,4.005409999999999804e-01,-3.117320000000000091e-01,3.396799999999999820e-01,3.407600000000000212e-02,3.598500000000000032e-01,-9.321200000000000319e-02,-3.649000000000000160e-02,-1.685679999999999956e-01,-3.490019999999999789e-01,1.951000000000000043e-03,1.299470000000000069e-01,7.196199999999999819e-02,1.519709999999999950e-01,-1.463569999999999871e-01,1.963719999999999910e-01,2.136689999999999978e-01,-4.120200000000000251e-02,7.565399999999999903e-01,-5.607210000000000250e-01,1.612069999999999892e-01,-1.906879999999999964e-01,8.138600000000000001e-02,-7.241000000000000041e-03,8.931699999999999362e-02,-1.156530000000000058e-01,1.117849999999999955e-01,1.291630000000000000e-01,3.808899999999999786e-02,2.284200000000000119e-02,1.071399999999999957e-02
2.079749999999999932e-01,-1.735130000000000006e-01,8.091979999999999729e-01,9.106560000000000210e-01,-1.197389999999999982e-01,-4.480999999999999740e-03,3.954079999999999817e-01,-3.105319999999999747e-01,3.415070000000000050e-01,4.775800000000000184e-02,3.577580000000000204e-01,-8.564199999999999591e-02,-4.157600000000000184e-02,-1.658429999999999904e-01,-3.325940000000000007e-01,-6.642999999999999600e-03,1.458949999999999969e-01,6.492799999999999960e-02,1.641819999999999946e-01,-1.418230000000000046e-01,1.948989999999999889e-01,2.190999999999999892e-01,-4.278200000000000058e-02,7.422220000000000484e-01,-5.576689999999999703e-01,1.755760000000000098e-01,-1.888660000000000061e-01,8.005600000000000216e-02,-8.521000000000000796e-03,8.473200000000000176e-02,-1.231769999999999948e-01,1.137470000000000009e-01,1.386660000000000115e-01,4.117900000000000033e-02,2.324199999999999877e-02,1.044699999999999969e-02
2.100229999999999875e-01,-1.802120000000000111e-01,8.084200000000000275e-01,9.135119999999999907e-01,-1.144600000000000062e-01,-1.843000000000000020e-03,3.903730000000000255e-01,-3.081720000000000015e-01,3.419220000000000037e-01,6.244500000000000051e-02,3.503260000000000263e-01,-7.558499999999999941e-02,-4.666499999999999815e-02,-1.633499999999999952e-01,-3.173059999999999770e-01,-1.604500000000000023e-02,1.593499999999999917e-01,5.871599999999999736e-02,1.763869999999999882e-01,-1.377220000000000111e-01,1.910360000000000114e-01,2.200759999999999939e-01,-3.899899999999999894e-02,7.315110000000000223e-01,-5.540650000000000297e-01,1.851970000000000005e-01,-1.878680000000000072e-01,7.975000000000000144e-02,-8.982000000000000400e-03,8.513700000000000434e-02,-1.313539999999999985e-01,1.194240000000000024e-01,1.485039999999999971e-01,4.332899999999999946e-02,2.406700000000000159e-02,8.462000000000000771e-03
2.119910000000000128e-01,-1.868319999999999981e-01,8.076759999999999495e-01,9.162860000000000449e-01,-1.091830000000000023e-01,8.540000000000000499e-04,3.853550000000000031e-01,-3.056769999999999765e-01,3.421339999999999937e-01,7.710100000000000287e-02,3.424949999999999939e-01,-6.540400000000000380e-02,-5.172800000000000314e-02,-1.609490000000000087e-01,-3.020240000000000147e-01,-2.559300000000000117e-02,1.726419999999999899e-01,5.250099999999999906e-02,1.886279999999999901e-01,-1.338699999999999890e-01,1.870999999999999885e-01,2.207830000000000070e-01,-3.469799999999999968e-02,7.209379999999999677e-01,-5.503360000000000474e-01,1.943310000000000037e-01,-1.868759999999999866e-01,7.968200000000000283e-02,-9.298000000000000709e-03,8.724600000000000410e-02,-1.419519999999999949e-01,1.275610000000000077e-01,1.610630000000000117e-01,4.621700000000000114e-02,2.540699999999999903e-02,6.517000000000000223e-03
2.149119999999999919e-01,-1.937550000000000106e-01,8.067940000000000111e-01,9.206729999999999636e-01,-1.034869999999999957e-01,2.667999999999999799e-03,3.763560000000000239e-01,-2.973080000000000167e-01,3.479459999999999775e-01,1.001260000000000067e-01,3.361950000000000216e-01,-5.756900000000000212e-02,-5.915399999999999825e-02,-1.682980000000000032e-01,-2.907440000000000024e-01,-4.966299999999999881e-02,1.969670000000000032e-01,4.248400000000000093e-02,2.023330000000000128e-01,-1.237879999999999953e-01,1.797650000000000081e-01,2.208489999999999898e-01,-1.656900000000000039e-02,7.065730000000000066e-01,-5.422019999999999618e-01,1.980520000000000058e-01,-1.868990000000000096e-01,8.003599999999999604e-02,-8.850999999999999493e-03,9.168099999999999861e-02,-1.550420000000000131e-01,1.375589999999999868e-01,1.694269999999999943e-01,4.911000000000000087e-02,2.753099999999999992e-02,5.368000000000000375e-03
2.178160000000000096e-01,-2.005989999999999995e-01,8.058459999999999512e-01,9.249070000000000347e-01,-9.771900000000000031e-02,4.584999999999999666e-03,3.673919999999999964e-01,-2.890550000000000064e-01,3.531989999999999852e-01,1.232059999999999961e-01,3.299869999999999748e-01,-4.948000000000000315e-02,-6.651300000000000268e-02,-1.762720000000000120e-01,-2.798399999999999777e-01,-7.391399999999999360e-02,2.221279999999999921e-01,3.205299999999999816e-02,2.160060000000000036e-01,-1.142129999999999951e-01,1.722609999999999975e-01,2.207119999999999915e-01,1.969999999999999963e-03,6.919939999999999980e-01,-5.339620000000000477e-01,2.013099999999999890e-01,-1.867580000000000073e-01,8.060399999999999510e-02,-8.281000000000000166e-03,9.790600000000000691e-02,-1.718389999999999918e-01,1.505799999999999916e-01,1.810380000000000045e-01,5.316599999999999798e-02,3.043200000000000072e-02,4.199999999999999740e-03
2.207870000000000110e-01,-2.072920000000000040e-01,8.049239999999999728e-01,9.289849999999999497e-01,-9.190900000000000458e-02,6.488999999999999976e-03,3.584649999999999781e-01,-2.806259999999999866e-01,3.580439999999999734e-01,1.462110000000000076e-01,3.236649999999999805e-01,-4.135400000000000187e-02,-7.383199999999999485e-02,-1.844339999999999868e-01,-2.691890000000000116e-01,-9.853000000000000647e-02,2.476119999999999988e-01,2.146599999999999897e-02,2.295619999999999883e-01,-1.049260000000000054e-01,1.647349999999999925e-01,2.205789999999999973e-01,2.039399999999999893e-02,6.771610000000000129e-01,-5.260139999999999816e-01,2.045309999999999906e-01,-1.865630000000000066e-01,8.118899999999999728e-02,-7.676999999999999796e-03,1.060730000000000006e-01,-1.925409999999999899e-01,1.665020000000000111e-01,1.961299999999999988e-01,5.849100000000000132e-02,3.396400000000000113e-02,2.850999999999999802e-03
2.241489999999999871e-01,-2.139079999999999870e-01,8.038849999999999607e-01,9.340089999999999781e-01,-8.513700000000000434e-02,7.719000000000000167e-03,3.468700000000000117e-01,-2.647470000000000101e-01,3.632150000000000101e-01,1.732219999999999871e-01,3.160290000000000044e-01,-3.471599999999999686e-02,-8.026899999999999313e-02,-1.877439999999999942e-01,-2.699429999999999885e-01,-1.223690000000000055e-01,2.649270000000000236e-01,4.854999999999999941e-03,2.362239999999999895e-01,-1.021190000000000014e-01,1.543700000000000072e-01,2.162650000000000128e-01,2.870500000000000135e-02,6.570150000000000157e-01,-5.177939999999999765e-01,2.236289999999999945e-01,-1.814860000000000084e-01,8.224299999999999666e-02,-2.717999999999999930e-03,1.153959999999999986e-01,-2.200779999999999959e-01,1.685309999999999864e-01,1.936630000000000018e-01,6.977400000000000269e-02,3.665399999999999908e-02,-4.682000000000000398e-03
2.274960000000000038e-01,-2.205060000000000076e-01,8.028600000000000181e-01,9.388290000000000246e-01,-7.808199999999999863e-02,8.706000000000000197e-03,3.353019999999999889e-01,-2.480120000000000102e-01,3.674430000000000196e-01,2.005639999999999923e-01,3.078799999999999870e-01,-2.780399999999999885e-02,-8.650499999999999856e-02,-1.905560000000000032e-01,-2.714019999999999766e-01,-1.462789999999999924e-01,2.824579999999999869e-01,-1.180999999999999932e-02,2.428460000000000063e-01,-9.906099999999999628e-02,1.438730000000000009e-01,2.123990000000000045e-01,3.562599999999999795e-02,6.363459999999999672e-01,-5.106789999999999941e-01,2.438700000000000034e-01,-1.763740000000000030e-01,8.276500000000000523e-02,2.203000000000000097e-03,1.273279999999999967e-01,-2.514620000000000188e-01,1.720230000000000092e-01,1.930080000000000129e-01,8.218200000000000505e-02,4.046299999999999897e-02,-1.290400000000000054e-02
2.310059999999999891e-01,-2.270300000000000096e-01,8.017440000000000122e-01,9.434529999999999861e-01,-7.135500000000000176e-02,9.535999999999999338e-03,3.235939999999999928e-01,-2.316330000000000056e-01,3.723420000000000063e-01,2.275689999999999935e-01,3.000820000000000154e-01,-2.089500000000000038e-02,-9.310000000000000220e-02,-1.933539999999999981e-01,-2.719779999999999975e-01,-1.706070000000000086e-01,2.998299999999999854e-01,-2.833600000000000008e-02,2.489220000000000044e-01,-9.575200000000000378e-02,1.340560000000000085e-01,2.084729999999999916e-01,4.216199999999999809e-02,6.158799999999999830e-01,-5.039470000000000338e-01,2.641720000000000179e-01,-1.714459999999999873e-01,8.319400000000000406e-02,7.161999999999999963e-03,1.407859999999999945e-01,-2.858289999999999997e-01,1.771179999999999977e-01,1.944039999999999935e-01,9.547799999999999343e-02,4.481000000000000261e-02,-2.187599999999999961e-02
2.354799999999999949e-01,-2.332869999999999944e-01,8.003519999999999524e-01,9.478189999999999671e-01,-6.444800000000000528e-02,8.838999999999999635e-03,3.121019999999999905e-01,-2.098409999999999997e-01,3.780720000000000192e-01,2.548139999999999850e-01,2.945519999999999805e-01,-1.705999999999999878e-02,-9.642399999999999582e-02,-1.968260000000000010e-01,-2.667599999999999971e-01,-1.724289999999999989e-01,3.084669999999999912e-01,-4.166799999999999671e-02,2.494439999999999991e-01,-9.520499999999999796e-02,1.278340000000000032e-01,2.027579999999999938e-01,5.739500000000000157e-02,5.863089999999999691e-01,-4.900300000000000211e-01,2.786080000000000223e-01,-1.680780000000000052e-01,8.301400000000000445e-02,1.454500000000000064e-02,1.474100000000000132e-01,-3.167860000000000120e-01,1.585159999999999902e-01,1.631130000000000080e-01,1.211509999999999948e-01,4.499800000000000327e-02,-5.059400000000000008e-02
2.401379999999999904e-01,-2.395960000000000034e-01,7.989709999999999868e-01,9.519980000000000109e-01,-5.757600000000000218e-02,7.893000000000000710e-03,3.005360000000000253e-01,-1.877250000000000030e-01,3.836470000000000158e-01,2.820559999999999734e-01,2.889070000000000249e-01,-1.318199999999999927e-02,-9.973500000000000421e-02,-2.000240000000000073e-01,-2.613840000000000052e-01,-1.743999999999999995e-01,3.167170000000000263e-01,-5.477800000000000030e-02,2.497850000000000070e-01,-9.477299999999999613e-02,1.219179999999999986e-01,1.971269999999999967e-01,7.236299999999999677e-02,5.564609999999999834e-01,-4.766440000000000121e-01,2.926389999999999825e-01,-1.647309999999999885e-01,8.309500000000000219e-02,2.207900000000000140e-02,1.554099999999999926e-01,-3.483600000000000030e-01,1.397789999999999866e-01,1.303159999999999874e-01,1.459479999999999944e-01,4.578499999999999931e-02,-8.113299999999999679e-02
2.448609999999999953e-01,-2.459079999999999877e-01,7.975849999999999884e-01,9.559790000000000232e-01,-5.066099999999999770e-02,6.782999999999999967e-03,2.889490000000000114e-01,-1.655200000000000005e-01,3.888320000000000110e-01,3.093219999999999859e-01,2.831500000000000128e-01,-9.131999999999999493e-03,-1.030100000000000043e-01,-2.034519999999999940e-01,-2.561510000000000176e-01,-1.764179999999999915e-01,3.252729999999999788e-01,-6.798899999999999388e-02,2.499470000000000025e-01,-9.467799999999999827e-02,1.158779999999999949e-01,1.914859999999999896e-01,8.691699999999999426e-02,5.264839999999999520e-01,-4.637939999999999841e-01,3.061459999999999737e-01,-1.615590000000000082e-01,8.387100000000000111e-02,2.998899999999999830e-02,1.631029999999999980e-01,-3.787679999999999936e-01,1.204879999999999979e-01,9.561100000000000154e-02,1.691940000000000111e-01,4.702100000000000030e-02,-1.130840000000000040e-01
2.482959999999999889e-01,-2.511720000000000064e-01,7.963419999999999943e-01,9.602819999999999689e-01,-4.489599999999999841e-02,4.164000000000000166e-03,2.753650000000000264e-01,-1.389090000000000047e-01,3.928360000000000185e-01,3.288010000000000099e-01,2.785940000000000083e-01,-6.111000000000000112e-03,-9.755600000000000382e-02,-2.067579999999999973e-01,-2.466039999999999899e-01,-1.583299999999999985e-01,3.309730000000000172e-01,-6.737600000000000533e-02,2.436389999999999945e-01,-9.877600000000000269e-02,1.160100000000000020e-01,1.880320000000000047e-01,9.738800000000000234e-02,4.991019999999999901e-01,-4.561580000000000079e-01,3.198659999999999837e-01,-1.584820000000000118e-01,8.361899999999999888e-02,3.752500000000000280e-02,1.492340000000000055e-01,-3.998929999999999985e-01,1.293400000000000105e-01,4.238800000000000207e-02,1.796649999999999914e-01,4.969099999999999906e-02,-1.409630000000000050e-01
2.518310000000000271e-01,-2.564469999999999805e-01,7.951300000000000034e-01,9.643540000000000445e-01,-3.921600000000000086e-02,1.150999999999999896e-03,2.616930000000000089e-01,-1.121219999999999994e-01,3.971549999999999803e-01,3.481259999999999910e-01,2.741810000000000080e-01,-3.128000000000000138e-03,-9.207200000000000106e-02,-2.095170000000000088e-01,-2.367289999999999950e-01,-1.403919999999999890e-01,3.360460000000000114e-01,-6.627199999999999758e-02,2.371800000000000019e-01,-1.040200000000000014e-01,1.158900000000000069e-01,1.854480000000000017e-01,1.081420000000000020e-01,4.718339999999999756e-01,-4.472990000000000022e-01,3.333729999999999749e-01,-1.555219999999999936e-01,8.331700000000000217e-02,4.497400000000000009e-02,1.325739999999999974e-01,-4.175289999999999835e-01,1.370589999999999864e-01,-1.396999999999999978e-02,1.874589999999999868e-01,5.284699999999999814e-02,-1.695750000000000035e-01
2.555769999999999986e-01,-2.618730000000000224e-01,7.939349999999999463e-01,9.681910000000000238e-01,-3.364299999999999929e-02,-2.079999999999999818e-03,2.479300000000000115e-01,-8.554799999999999904e-02,4.017270000000000008e-01,3.673130000000000006e-01,2.700270000000000170e-01,-2.889999999999999774e-04,-8.650900000000000256e-02,-2.122380000000000100e-01,-2.266499999999999904e-01,-1.225569999999999993e-01,3.408599999999999963e-01,-6.488199999999999523e-02,2.306159999999999877e-01,-1.094620000000000037e-01,1.158280000000000004e-01,1.830360000000000043e-01,1.186559999999999976e-01,4.445379999999999887e-01,-4.384159999999999724e-01,3.468319999999999736e-01,-1.526939999999999964e-01,8.302800000000000458e-02,5.239100000000000007e-02,1.137880000000000003e-01,-4.307699999999999863e-01,1.421219999999999983e-01,-7.387499999999999623e-02,1.923259999999999970e-01,5.570399999999999657e-02,-1.981930000000000081e-01
2.612160000000000037e-01,-2.657689999999999775e-01,7.943369999999999598e-01,9.747369999999999646e-01,-2.781600000000000045e-02,-3.435999999999999818e-03,2.215920000000000112e-01,-7.522600000000000120e-02,4.044059999999999877e-01,3.728500000000000147e-01,3.008669999999999956e-01,9.027000000000000302e-03,-5.693100000000000244e-02,-2.207159999999999955e-01,-2.108700000000000019e-01,-9.084399999999999420e-02,3.381210000000000049e-01,-5.666299999999999809e-02,2.221930000000000016e-01,-1.137859999999999983e-01,1.086519999999999986e-01,1.835870000000000002e-01,1.122569999999999957e-01,4.241920000000000135e-01,-4.507499999999999840e-01,3.537620000000000209e-01,-1.533069999999999988e-01,8.140799999999999426e-02,5.722700000000000009e-02,8.609200000000000186e-02,-4.317300000000000026e-01,1.780960000000000043e-01,-9.083399999999999808e-02,1.971759999999999902e-01,6.235000000000000264e-02,-2.146359999999999935e-01
2.670170000000000043e-01,-2.700659999999999727e-01,7.948370000000000157e-01,9.805760000000000032e-01,-2.214999999999999955e-02,-4.713000000000000175e-03,1.948249999999999982e-01,-6.748400000000000232e-02,4.090650000000000119e-01,3.779140000000000277e-01,3.354599999999999804e-01,1.614700000000000163e-02,-2.671300000000000063e-02,-2.300949999999999940e-01,-1.945099999999999885e-01,-5.898500000000000271e-02,3.351080000000000170e-01,-4.772499999999999659e-02,2.132189999999999919e-01,-1.179840000000000055e-01,1.004970000000000030e-01,1.837409999999999877e-01,1.057349999999999957e-01,4.048979999999999801e-01,-4.621089999999999920e-01,3.608419999999999961e-01,-1.546639999999999959e-01,7.994199999999999917e-02,6.219100000000000322e-02,5.394899999999999696e-02,-4.261619999999999853e-01,2.113269999999999871e-01,-1.074350000000000027e-01,2.006139999999999868e-01,6.649199999999999555e-02,-2.305099999999999927e-01
2.732580000000000009e-01,-2.746759999999999757e-01,7.954609999999999737e-01,9.856599999999999806e-01,-1.630399999999999905e-02,-6.241000000000000020e-03,1.678360000000000130e-01,-6.019399999999999751e-02,4.144709999999999783e-01,3.827940000000000231e-01,3.716630000000000211e-01,2.168700000000000142e-02,4.264999999999999694e-03,-2.390130000000000032e-01,-1.784469999999999945e-01,-2.701900000000000135e-02,3.317430000000000101e-01,-3.846700000000000119e-02,2.040690000000000004e-01,-1.220750000000000030e-01,9.149599999999999400e-02,1.837340000000000084e-01,9.963199999999999834e-02,3.859049999999999980e-01,-4.730800000000000005e-01,3.678969999999999740e-01,-1.561240000000000128e-01,7.843200000000000172e-02,6.706399999999999861e-02,2.037100000000000022e-02,-4.149869999999999948e-01,2.409749999999999948e-01,-1.268130000000000090e-01,2.023659999999999903e-01,6.960900000000000420e-02,-2.460779999999999912e-01
2.807040000000000091e-01,-2.778340000000000254e-01,7.966029999999999500e-01,9.895209999999999839e-01,-1.352800000000000009e-02,-6.355000000000000406e-03,1.436129999999999907e-01,-6.281299999999999384e-02,4.011419999999999986e-01,3.540730000000000266e-01,4.029699999999999949e-01,1.360899999999999957e-02,2.963400000000000062e-02,-2.385740000000000083e-01,-1.600959999999999883e-01,-5.008000000000000299e-03,3.198900000000000077e-01,-3.339700000000000307e-02,1.966839999999999977e-01,-1.330469999999999986e-01,8.583599999999999564e-02,1.818730000000000069e-01,8.130500000000000227e-02,3.605300000000000171e-01,-5.010750000000000481e-01,3.747590000000000088e-01,-1.574740000000000029e-01,7.718700000000000561e-02,6.980699999999999406e-02,1.262100000000000027e-02,-4.076210000000000111e-01,2.781580000000000163e-01,-1.380770000000000053e-01,2.031979999999999897e-01,7.526900000000000257e-02,-2.430070000000000008e-01
2.883530000000000260e-01,-2.809860000000000135e-01,7.976440000000000197e-01,9.927700000000000413e-01,-1.083100000000000035e-02,-6.439000000000000279e-03,1.193700000000000039e-01,-6.655999999999999417e-02,3.873980000000000201e-01,3.246970000000000134e-01,4.359899999999999887e-01,4.862000000000000002e-03,5.450300000000000283e-02,-2.379789999999999961e-01,-1.419569999999999999e-01,1.689099999999999976e-02,3.076599999999999890e-01,-2.800499999999999864e-02,1.892689999999999928e-01,-1.434549999999999992e-01,8.081699999999999995e-02,1.792229999999999934e-01,6.350500000000000589e-02,3.340910000000000268e-01,-5.296560000000000157e-01,3.823540000000000272e-01,-1.590610000000000079e-01,7.565600000000000103e-02,7.270400000000000473e-02,4.726000000000000166e-03,-3.976439999999999975e-01,3.119870000000000143e-01,-1.520769999999999900e-01,2.030589999999999895e-01,8.016399999999999915e-02,-2.391270000000000062e-01
2.961710000000000176e-01,-2.841589999999999949e-01,7.987689999999999513e-01,9.954190000000000538e-01,-7.985000000000000778e-03,-6.604999999999999760e-03,9.504799999999999360e-02,-7.054900000000000060e-02,3.725680000000000103e-01,2.952210000000000112e-01,4.697339999999999849e-01,-4.081000000000000426e-03,7.889400000000000579e-02,-2.373069999999999902e-01,-1.244019999999999987e-01,3.907900000000000262e-02,2.955699999999999994e-01,-2.254799999999999860e-02,1.819439999999999946e-01,-1.537429999999999908e-01,7.554800000000000404e-02,1.762980000000000103e-01,4.667999999999999927e-02,3.070499999999999896e-01,-5.580119999999999525e-01,3.896609999999999796e-01,-1.607439999999999980e-01,7.455100000000000615e-02,7.582600000000000451e-02,-3.968000000000000173e-03,-3.852209999999999801e-01,3.438999999999999835e-01,-1.686380000000000101e-01,2.021969999999999879e-01,8.536199999999999344e-02,-2.352940000000000031e-01
3.030089999999999728e-01,-2.874300000000000188e-01,7.996619999999999839e-01,9.985180000000000167e-01,-5.480999999999999761e-03,-5.582000000000000156e-03,5.384800000000000003e-02,-7.363799999999999513e-02,3.440030000000000032e-01,2.473889999999999978e-01,4.758430000000000160e-01,-2.510599999999999984e-02,6.912699999999999401e-02,-2.432709999999999873e-01,-1.048820000000000030e-01,2.784599999999999922e-02,2.785449999999999871e-01,-1.065499999999999954e-02,1.710699999999999998e-01,-1.417390000000000039e-01,6.944599999999999385e-02,1.712740000000000096e-01,3.575199999999999906e-02,3.037909999999999777e-01,-5.689400000000000013e-01,3.878119999999999901e-01,-1.601760000000000128e-01,7.305399999999999394e-02,7.696200000000000263e-02,-5.393000000000000224e-03,-3.874949999999999783e-01,3.703489999999999838e-01,-1.478399999999999992e-01,2.012490000000000112e-01,9.200500000000000345e-02,-2.251039999999999985e-01
3.097520000000000273e-01,-2.909309999999999952e-01,8.004010000000000291e-01,9.999059999999999615e-01,-2.890999999999999907e-03,-4.701000000000000317e-03,1.253499999999999927e-02,-7.643199999999999994e-02,3.151800000000000157e-01,2.003000000000000058e-01,4.830139999999999989e-01,-4.687700000000000200e-02,5.974800000000000250e-02,-2.494959999999999956e-01,-8.516700000000000659e-02,1.657700000000000146e-02,2.619029999999999969e-01,1.208000000000000089e-03,1.600469999999999948e-01,-1.295800000000000007e-01,6.273199999999999610e-02,1.663209999999999966e-01,2.480900000000000119e-02,3.013390000000000235e-01,-5.798299999999999566e-01,3.853409999999999891e-01,-1.600459999999999938e-01,7.198200000000000431e-02,7.780399999999999816e-02,-9.409000000000000696e-03,-3.871459999999999901e-01,3.956629999999999869e-01,-1.246749999999999942e-01,2.000129999999999963e-01,9.628899999999999959e-02,-2.138529999999999875e-01
3.165450000000000208e-01,-2.946630000000000082e-01,8.012190000000000145e-01,9.995810000000000528e-01,-7.600000000000000418e-05,-4.029999999999999728e-03,-2.865399999999999892e-02,-7.822300000000000086e-02,2.854760000000000075e-01,1.539459999999999995e-01,4.900700000000000056e-01,-6.889499999999999791e-02,5.087099999999999955e-02,-2.554239999999999844e-01,-6.584500000000000075e-02,5.009999999999999697e-03,2.452370000000000105e-01,1.300800000000000047e-02,1.490690000000000071e-01,-1.177900000000000058e-01,5.552300000000000291e-02,1.613829999999999987e-01,1.399899999999999929e-02,2.989049999999999763e-01,-5.906449999999999756e-01,3.827769999999999784e-01,-1.599790000000000101e-01,7.098000000000000143e-02,7.861999999999999544e-02,-1.417099999999999957e-02,-3.853099999999999858e-01,4.204490000000000172e-01,-1.017340000000000050e-01,1.982430000000000025e-01,1.000530000000000030e-01,-2.024450000000000138e-01
3.224819999999999909e-01,-2.974519999999999942e-01,8.011810000000000320e-01,9.980369999999999520e-01,-1.198999999999999979e-03,-7.159999999999999481e-04,-6.261300000000000199e-02,-7.853400000000000658e-02,2.688059999999999894e-01,1.227580000000000060e-01,4.862969999999999793e-01,-9.378499999999999337e-02,2.943600000000000036e-02,-2.615600000000000147e-01,-4.920200000000000268e-02,7.507999999999999917e-03,2.358270000000000088e-01,9.459000000000000394e-03,1.460859999999999936e-01,-1.048280000000000045e-01,4.974100000000000049e-02,1.546299999999999897e-01,-2.601699999999999846e-02,3.235990000000000255e-01,-5.543690000000000007e-01,4.008840000000000181e-01,-1.715329999999999910e-01,6.781900000000000428e-02,9.507400000000000573e-02,-6.570999999999999584e-03,-3.976219999999999755e-01,4.227980000000000071e-01,-6.493200000000000360e-02,2.001799999999999968e-01,1.022630000000000067e-01,-2.033969999999999945e-01
3.283380000000000187e-01,-3.003000000000000114e-01,8.011700000000000488e-01,9.953419999999999490e-01,-1.881000000000000076e-03,2.384999999999999967e-03,-9.636000000000000121e-02,-7.775899999999999479e-02,2.515439999999999898e-01,9.235200000000000353e-02,4.819590000000000263e-01,-1.185090000000000032e-01,8.734999999999999709e-03,-2.674960000000000115e-01,-3.336900000000000283e-02,1.002600000000000019e-02,2.268060000000000076e-01,5.830000000000000113e-03,1.430200000000000082e-01,-9.212499999999999856e-02,4.305199999999999999e-02,1.484669999999999879e-01,-6.745299999999999907e-02,3.489070000000000227e-01,-5.187640000000000029e-01,4.213779999999999748e-01,-1.837650000000000117e-01,6.319400000000000017e-02,1.106049999999999950e-01,1.779999999999999898e-04,-4.092930000000000179e-01,4.250820000000000154e-01,-2.787800000000000000e-02,2.021509999999999974e-01,1.039540000000000047e-01,-2.043359999999999899e-01
3.339940000000000131e-01,-3.032790000000000208e-01,8.011690000000000200e-01,9.915059999999999985e-01,-2.318999999999999881e-03,5.386000000000000162e-03,-1.299260000000000137e-01,-7.630800000000000083e-02,2.341830000000000023e-01,6.253599999999999437e-02,4.775789999999999758e-01,-1.434560000000000002e-01,-1.140000000000000041e-02,-2.731879999999999864e-01,-1.788599999999999912e-02,1.249300000000000063e-02,2.176990000000000036e-01,2.318999999999999881e-03,1.398050000000000126e-01,-7.948099999999999610e-02,3.597500000000000003e-02,1.424570000000000003e-01,-1.091540000000000010e-01,3.749419999999999975e-01,-4.841449999999999920e-01,4.424409999999999732e-01,-1.961579999999999990e-01,5.824900000000000216e-02,1.257530000000000037e-01,6.697999999999999961e-03,-4.205820000000000114e-01,4.273230000000000084e-01,9.117000000000000104e-03,2.039330000000000032e-01,1.056010000000000004e-01,-2.052350000000000008e-01
3.367539999999999978e-01,-3.060669999999999780e-01,8.000129999999999741e-01,9.873819999999999819e-01,-5.396999999999999888e-03,7.886000000000000648e-03,-1.580660000000000120e-01,-6.806600000000000150e-02,2.326580000000000037e-01,7.343800000000000328e-02,4.634489999999999998e-01,-1.683179999999999954e-01,-2.923699999999999910e-02,-2.907370000000000232e-01,-1.099100000000000077e-02,1.043499999999999983e-02,2.363049999999999873e-01,-1.095400000000000020e-02,1.387249999999999872e-01,-7.834800000000000098e-02,3.215200000000000002e-02,1.369410000000000072e-01,-1.575449999999999906e-01,4.400450000000000195e-01,-4.548269999999999813e-01,4.948350000000000248e-01,-2.049100000000000088e-01,5.581599999999999756e-02,1.261349999999999971e-01,2.066000000000000128e-02,-4.416869999999999963e-01,4.199840000000000240e-01,3.451699999999999907e-02,2.116429999999999978e-01,1.043479999999999963e-01,-2.008639999999999870e-01
3.392720000000000180e-01,-3.087590000000000057e-01,7.989629999999999788e-01,9.824869999999999992e-01,-7.729999999999999892e-03,1.046700000000000061e-02,-1.858789999999999887e-01,-5.968799999999999800e-02,2.296759999999999913e-01,8.478199999999999625e-02,4.482740000000000058e-01,-1.924720000000000042e-01,-4.680800000000000238e-02,-3.098710000000000075e-01,-5.377999999999999968e-03,8.475999999999999160e-03,2.576979999999999826e-01,-2.562599999999999947e-02,1.379140000000000088e-01,-7.708800000000000374e-02,2.653499999999999956e-02,1.310939999999999883e-01,-2.063570000000000126e-01,5.064199999999999813e-01,-4.280360000000000276e-01,5.494620000000000060e-01,-2.135469999999999868e-01,5.199000000000000149e-02,1.247980000000000061e-01,3.576000000000000012e-02,-4.620619999999999727e-01,4.115389999999999882e-01,5.870199999999999724e-02,2.191039999999999932e-01,1.036689999999999973e-01,-1.962409999999999988e-01
3.417459999999999942e-01,-3.112329999999999819e-01,7.978169999999999984e-01,9.768149999999999888e-01,-9.714999999999999677e-03,1.313600000000000011e-02,-2.134600000000000108e-01,-5.157300000000000079e-02,2.262419999999999987e-01,9.640400000000000358e-02,4.332190000000000207e-01,-2.166780000000000095e-01,-6.430700000000000305e-02,-3.296399999999999886e-01,-1.200000000000000030e-04,6.441999999999999810e-03,2.799180000000000001e-01,-4.066399999999999876e-02,1.372520000000000129e-01,-7.594700000000000062e-02,2.021900000000000086e-02,1.251649999999999985e-01,-2.550220000000000264e-01,5.736470000000000180e-01,-4.034670000000000201e-01,6.045930000000000470e-01,-2.217389999999999917e-01,4.806200000000000055e-02,1.228879999999999972e-01,5.111899999999999777e-02,-4.819669999999999788e-01,4.025099999999999789e-01,8.267499999999999849e-02,2.263640000000000096e-01,1.031770000000000048e-01,-1.914399999999999991e-01
3.446469999999999811e-01,-3.124580000000000135e-01,7.951960000000000139e-01,9.712859999999999827e-01,-1.217500000000000006e-02,1.473900000000000036e-02,-2.371459999999999957e-01,-2.765300000000000050e-02,2.443319999999999936e-01,1.017320000000000030e-01,4.208740000000000259e-01,-2.302700000000000025e-01,-8.394000000000000072e-02,-3.518479999999999941e-01,8.279999999999999166e-03,2.147299999999999903e-02,3.197249999999999814e-01,-4.832000000000000184e-02,1.303870000000000029e-01,-8.588700000000000501e-02,9.757000000000000048e-03,1.177320000000000033e-01,-2.894689999999999763e-01,6.373050000000000104e-01,-3.830169999999999964e-01,6.622590000000000421e-01,-2.224279999999999868e-01,4.542500000000000010e-02,1.233469999999999983e-01,7.369599999999999762e-02,-5.322219999999999729e-01,3.765649999999999831e-01,8.260299999999999587e-02,2.331270000000000009e-01,1.013180000000000053e-01,-1.779890000000000083e-01
3.478209999999999913e-01,-3.133859999999999979e-01,7.926950000000000385e-01,9.652239999999999709e-01,-1.442000000000000053e-02,1.636599999999999860e-02,-2.605120000000000213e-01,-3.360000000000000139e-03,2.618400000000000172e-01,1.075559999999999988e-01,4.083490000000000175e-01,-2.439810000000000034e-01,-1.035999999999999976e-01,-3.738040000000000251e-01,1.653500000000000109e-02,3.637399999999999661e-02,3.600709999999999744e-01,-5.657800000000000329e-02,1.243120000000000058e-01,-9.637500000000000233e-02,-2.429999999999999977e-04,1.100970000000000004e-01,-3.217740000000000045e-01,7.003489999999999993e-01,-3.633190000000000031e-01,7.185679999999999845e-01,-2.218199999999999894e-01,4.324200000000000266e-02,1.244249999999999939e-01,9.986100000000000532e-02,-5.827090000000000325e-01,3.479599999999999915e-01,8.030900000000000538e-02,2.400509999999999866e-01,1.003799999999999970e-01,-1.644589999999999941e-01
3.522040000000000171e-01,-3.137039999999999829e-01,7.896980000000000111e-01,9.581910000000000149e-01,-1.755299999999999916e-02,1.641400000000000151e-02,-2.851179999999999826e-01,1.901399999999999965e-02,2.810540000000000260e-01,1.155690000000000051e-01,4.151679999999999815e-01,-2.708369999999999944e-01,-1.226860000000000034e-01,-3.981580000000000119e-01,2.709299999999999903e-02,5.416599999999999887e-02,4.170749999999999735e-01,-7.568800000000000527e-02,1.200470000000000009e-01,-1.058759999999999979e-01,-1.162700000000000018e-02,1.110389999999999988e-01,-3.522660000000000236e-01,7.666849999999999499e-01,-3.400349999999999762e-01,7.701149999999999940e-01,-2.199500000000000066e-01,4.174400000000000333e-02,1.278950000000000087e-01,1.204039999999999971e-01,-6.278660000000000352e-01,3.193849999999999745e-01,8.152500000000000024e-02,2.445599999999999996e-01,9.975599999999999745e-02,-1.534820000000000073e-01
3.540300000000000114e-01,-3.155390000000000139e-01,7.868559999999999999e-01,9.542420000000000346e-01,-1.921399999999999844e-02,1.947799999999999879e-02,-2.977819999999999911e-01,3.966999999999999693e-02,2.881839999999999957e-01,1.194820000000000049e-01,3.917149999999999799e-01,-2.818160000000000109e-01,-1.341600000000000015e-01,-4.164709999999999801e-01,3.042399999999999965e-02,7.197800000000000031e-02,4.385560000000000014e-01,-7.514800000000000646e-02,1.254329999999999889e-01,-1.392029999999999934e-01,-2.342599999999999891e-02,9.231100000000000416e-02,-3.816689999999999805e-01,8.165989999999999638e-01,-3.427169999999999939e-01,8.217700000000000005e-01,-2.170360000000000067e-01,4.121600000000000263e-02,1.242810000000000026e-01,1.449870000000000048e-01,-7.040089999999999959e-01,2.626220000000000221e-01,7.372099999999999487e-02,2.529330000000000189e-01,9.710499999999999687e-02,-1.454469999999999930e-01
3.586650000000000116e-01,-3.166939999999999755e-01,7.829390000000000516e-01,9.491819999999999702e-01,-2.271300000000000055e-02,1.934599999999999861e-02,-3.133090000000000042e-01,5.798600000000000282e-02,2.984820000000000251e-01,1.276579999999999937e-01,4.048740000000000117e-01,-3.187980000000000258e-01,-1.440329999999999944e-01,-4.382730000000000237e-01,3.779699999999999727e-02,9.610100000000000586e-02,4.915539999999999909e-01,-9.585599999999999676e-02,1.338630000000000098e-01,-1.692869999999999930e-01,-3.830700000000000077e-02,8.825800000000000312e-02,-4.081420000000000048e-01,8.716789999999999816e-01,-3.391429999999999723e-01,8.646949999999999914e-01,-2.123410000000000020e-01,4.166099999999999665e-02,1.260830000000000006e-01,1.609379999999999977e-01,-7.693520000000000358e-01,2.080019999999999925e-01,7.208900000000000030e-02,2.548759999999999915e-01,9.607200000000000462e-02,-1.436129999999999907e-01
3.603259999999999796e-01,-3.180439999999999934e-01,7.803459999999999841e-01,9.448640000000000372e-01,-2.455900000000000097e-02,2.319600000000000134e-02,-3.257160000000000055e-01,7.703400000000000525e-02,3.071059999999999901e-01,1.318090000000000095e-01,3.820330000000000115e-01,-3.297160000000000091e-01,-1.557890000000000108e-01,-4.553019999999999845e-01,4.175100000000000339e-02,1.133099999999999941e-01,5.096540000000000514e-01,-9.360200000000000464e-02,1.399029999999999996e-01,-2.035760000000000070e-01,-4.720900000000000096e-02,7.031400000000000150e-02,-4.387719999999999954e-01,9.196029999999999482e-01,-3.435219999999999940e-01,9.145780000000000021e-01,-2.080510000000000137e-01,4.252700000000000230e-02,1.242629999999999985e-01,1.945459999999999967e-01,-8.440910000000000357e-01,1.407140000000000057e-01,6.560599999999999765e-02,2.656740000000000212e-01,9.298199999999999521e-02,-1.347909999999999942e-01
3.611500000000000266e-01,-3.200209999999999999e-01,7.773660000000000014e-01,9.430770000000000541e-01,-2.696199999999999986e-02,2.551099999999999896e-02,-3.304969999999999852e-01,8.382799999999999974e-02,3.173429999999999862e-01,1.358419999999999905e-01,3.778529999999999944e-01,-3.402000000000000024e-01,-1.688060000000000116e-01,-4.635699999999999821e-01,5.666600000000000109e-02,1.390230000000000077e-01,5.221569999999999823e-01,-1.014789999999999998e-01,1.585910000000000097e-01,-2.399950000000000139e-01,-5.923500000000000293e-02,5.513099999999999945e-02,-4.639780000000000015e-01,9.623599999999999932e-01,-3.708540000000000170e-01,9.346809999999999841e-01,-1.986380000000000090e-01,4.258900000000000186e-02,1.178189999999999932e-01,1.921410000000000062e-01,-9.037830000000000030e-01,8.520500000000000296e-02,6.786499999999999477e-02,2.790830000000000255e-01,9.144599999999999951e-02,-1.160609999999999975e-01
3.619129999999999847e-01,-3.218170000000000197e-01,7.744370000000000420e-01,9.412220000000000031e-01,-2.957999999999999866e-02,2.776400000000000048e-02,-3.353419999999999734e-01,9.058199999999999585e-02,3.282930000000000015e-01,1.400329999999999908e-01,3.743759999999999866e-01,-3.508879999999999777e-01,-1.819369999999999876e-01,-4.706529999999999880e-01,7.202500000000000568e-02,1.645109999999999906e-01,5.337420000000000497e-01,-1.089949999999999947e-01,1.772690000000000099e-01,-2.783149999999999791e-01,-7.155899999999999761e-02,4.068900000000000294e-02,-4.880979999999999763e-01,1.006742000000000026e+00,-3.970799999999999885e-01,9.528419999999999668e-01,-1.891239999999999866e-01,4.374700000000000116e-02,1.114809999999999968e-01,1.875799999999999967e-01,-9.624779999999999447e-01,3.145099999999999979e-02,7.415099999999999469e-02,2.922509999999999830e-01,8.844299999999999384e-02,-9.664999999999999980e-02
3.626340000000000119e-01,-3.234750000000000125e-01,7.715309999999999668e-01,9.393139999999999823e-01,-3.221199999999999758e-02,3.005000000000000032e-02,-3.402189999999999936e-01,9.725999999999999923e-02,3.394929999999999892e-01,1.444739999999999913e-01,3.712710000000000177e-01,-3.617670000000000052e-01,-1.950679999999999914e-01,-4.771710000000000118e-01,8.743099999999999483e-02,1.898940000000000072e-01,5.453470000000000262e-01,-1.166760000000000019e-01,1.960139999999999938e-01,-3.175749999999999962e-01,-8.391300000000000148e-02,2.636900000000000008e-02,-5.124659999999999771e-01,1.051433999999999980e+00,-4.237369999999999748e-01,9.704120000000000523e-01,-1.793369999999999964e-01,4.490899999999999753e-02,1.052840000000000026e-01,1.839760000000000006e-01,-1.020555000000000101e+00,-2.273100000000000120e-02,8.158899999999999486e-02,3.052340000000000053e-01,8.521299999999999708e-02,-7.723900000000000210e-02
3.625760000000000094e-01,-3.242209999999999814e-01,7.693250000000000366e-01,9.396409999999999485e-01,-3.391600000000000170e-02,3.240400000000000225e-02,-3.389320000000000110e-01,9.022099999999999564e-02,3.492390000000000216e-01,1.510509999999999908e-01,3.779379999999999962e-01,-3.686159999999999992e-01,-1.977649999999999963e-01,-4.801309999999999745e-01,9.942199999999999649e-02,2.041350000000000109e-01,5.477349999999999719e-01,-1.246130000000000015e-01,2.108269999999999866e-01,-3.520929999999999893e-01,-9.922400000000000664e-02,1.546400000000000031e-02,-5.289120000000000488e-01,1.081960999999999951e+00,-4.492570000000000174e-01,9.879320000000000324e-01,-1.701040000000000052e-01,4.668800000000000033e-02,9.923999999999999488e-02,1.745659999999999989e-01,-1.076051000000000091e+00,-6.659900000000000542e-02,5.845999999999999808e-02,3.109580000000000122e-01,7.631100000000000383e-02,-7.598799999999999999e-02
3.625619999999999954e-01,-3.249560000000000226e-01,7.670350000000000223e-01,9.399450000000000305e-01,-3.567900000000000238e-02,3.501800000000000052e-02,-3.376449999999999729e-01,8.247300000000000464e-02,3.593649999999999900e-01,1.574200000000000044e-01,3.849890000000000256e-01,-3.756539999999999879e-01,-2.004279999999999951e-01,-4.832270000000000176e-01,1.116439999999999932e-01,2.180819999999999981e-01,5.497069999999999457e-01,-1.323139999999999872e-01,2.255910000000000137e-01,-3.876709999999999878e-01,-1.138679999999999970e-01,4.202000000000000006e-03,-5.441930000000000378e-01,1.112606999999999902e+00,-4.737060000000000159e-01,1.004615000000000036e+00,-1.604879999999999918e-01,4.841199999999999670e-02,9.348499999999999865e-02,1.670439999999999980e-01,-1.131450999999999985e+00,-1.105919999999999959e-01,3.377700000000000147e-02,3.161459999999999826e-01,6.863299999999999956e-02,-7.652699999999999780e-02
3.625659999999999994e-01,-3.256299999999999750e-01,7.648099999999999898e-01,9.402070000000000149e-01,-3.758500000000000035e-02,3.776999999999999802e-02,-3.364099999999999868e-01,7.446899999999999353e-02,3.700439999999999841e-01,1.637560000000000127e-01,3.923159999999999981e-01,-3.829060000000000241e-01,-2.031610000000000082e-01,-4.863859999999999850e-01,1.243289999999999951e-01,2.317180000000000073e-01,5.516980000000000217e-01,-1.399670000000000081e-01,2.401969999999999938e-01,-4.236869999999999803e-01,-1.281029999999999947e-01,-7.158000000000000300e-03,-5.594930000000000181e-01,1.143416999999999906e+00,-4.983449999999999824e-01,1.020877999999999952e+00,-1.506979999999999986e-01,5.005300000000000027e-02,8.780499999999999416e-02,1.614859999999999907e-01,-1.186501000000000028e+00,-1.554790000000000061e-01,9.093999999999999653e-03,3.208969999999999878e-01,6.103499999999999898e-02,-7.750600000000000545e-02
3.628430000000000266e-01,-3.264839999999999964e-01,7.631350000000000078e-01,9.400220000000000242e-01,-3.978600000000000192e-02,3.997900000000000065e-02,-3.364199999999999968e-01,6.955300000000000371e-02,3.782559999999999811e-01,1.621900000000000008e-01,3.990699999999999803e-01,-3.901120000000000143e-01,-2.125100000000000044e-01,-4.908379999999999965e-01,1.260989999999999889e-01,2.434399999999999897e-01,5.593150000000000066e-01,-1.482159999999999866e-01,2.511610000000000231e-01,-4.357579999999999787e-01,-1.363139999999999907e-01,-1.782900000000000110e-02,-5.608170000000000099e-01,1.148133000000000070e+00,-5.088610000000000078e-01,1.020540000000000003e+00,-1.454149999999999887e-01,4.897599999999999870e-02,8.556700000000000417e-02,1.560560000000000003e-01,-1.214447000000000054e+00,-1.900830000000000020e-01,7.792000000000000315e-03,3.270440000000000014e-01,5.530800000000000299e-02,-7.944099999999999773e-02
3.650760000000000116e-01,-3.287030000000000229e-01,7.602050000000000196e-01,9.392420000000000213e-01,-4.388399999999999940e-02,4.082000000000000212e-02,-3.379840000000000066e-01,6.599599999999999911e-02,3.923510000000000053e-01,1.622929999999999928e-01,4.244080000000000075e-01,-4.125110000000000166e-01,-2.238199999999999912e-01,-4.987909999999999844e-01,1.351439999999999864e-01,2.545080000000000120e-01,5.904369999999999896e-01,-1.724839999999999984e-01,2.603909999999999836e-01,-4.452670000000000239e-01,-1.482009999999999994e-01,-2.671700000000000116e-02,-5.537379999999999525e-01,1.160605000000000109e+00,-5.162849999999999939e-01,1.014240999999999948e+00,-1.394209999999999894e-01,4.608199999999999796e-02,8.415300000000000558e-02,1.509070000000000134e-01,-1.229586999999999986e+00,-2.167749999999999955e-01,2.987000000000000072e-03,3.207240000000000091e-01,4.943000000000000171e-02,-8.766699999999999493e-02
3.637929999999999775e-01,-3.330919999999999992e-01,7.580400000000000471e-01,9.389950000000000241e-01,-4.823000000000000204e-02,4.365900000000000336e-02,-3.377209999999999934e-01,6.348499999999999976e-02,4.121580000000000243e-01,1.593759999999999899e-01,4.286559999999999815e-01,-4.182719999999999771e-01,-2.406669999999999920e-01,-5.050480000000000524e-01,1.476240000000000052e-01,2.579230000000000134e-01,6.045840000000000103e-01,-1.835910000000000042e-01,2.617999999999999772e-01,-4.596970000000000223e-01,-1.562139999999999918e-01,-3.939399999999999846e-02,-5.474489999999999634e-01,1.171335000000000015e+00,-5.240519999999999623e-01,1.010016000000000025e+00,-1.335629999999999873e-01,4.543699999999999822e-02,8.181900000000000284e-02,1.459799999999999986e-01,-1.254032999999999953e+00,-2.465940000000000076e-01,2.420000000000000005e-04,3.252309999999999923e-01,4.385700000000000015e-02,-9.040499999999999925e-02
3.634990000000000165e-01,-3.343360000000000221e-01,7.562179999999999458e-01,9.393099999999999783e-01,-4.926099999999999923e-02,4.590899999999999842e-02,-3.363959999999999728e-01,5.046599999999999697e-02,4.226090000000000124e-01,1.629899999999999960e-01,4.459620000000000251e-01,-4.256949999999999901e-01,-2.470809999999999951e-01,-5.149139999999999828e-01,1.450609999999999955e-01,2.505709999999999882e-01,6.172849999999999726e-01,-1.883960000000000079e-01,2.617999999999999772e-01,-4.587229999999999919e-01,-1.703739999999999977e-01,-4.666800000000000115e-02,-5.415180000000000549e-01,1.180053999999999936e+00,-5.291430000000000300e-01,9.905129999999999768e-01,-1.315860000000000085e-01,4.295500000000000013e-02,7.857899999999999607e-02,1.447170000000000123e-01,-1.283929000000000098e+00,-2.661379999999999857e-01,4.988000000000000246e-03,3.274239999999999928e-01,3.986300000000000260e-02,-8.679599999999999815e-02
3.632480000000000153e-01,-3.354989999999999917e-01,7.543450000000000433e-01,9.396160000000000068e-01,-5.011199999999999682e-02,4.834499999999999909e-02,-3.350730000000000097e-01,3.652099999999999791e-02,4.328859999999999930e-01,1.663370000000000126e-01,4.639369999999999883e-01,-4.333710000000000062e-01,-2.534730000000000039e-01,-5.255830000000000224e-01,1.423329999999999873e-01,2.432970000000000133e-01,6.304800000000000404e-01,-1.933819999999999983e-01,2.617999999999999772e-01,-4.580540000000000167e-01,-1.845940000000000081e-01,-5.451899999999999802e-02,-5.344950000000000534e-01,1.189413000000000054e+00,-5.334729999999999750e-01,9.695899999999999519e-01,-1.299039999999999917e-01,4.131300000000000250e-02,7.552499999999999492e-02,1.435980000000000034e-01,-1.313903000000000043e+00,-2.858029999999999737e-01,1.028100000000000021e-02,3.296089999999999853e-01,3.583299999999999680e-02,-8.287200000000000122e-02
3.629930000000000101e-01,-3.367490000000000205e-01,7.524539999999999562e-01,9.399089999999999945e-01,-5.093099999999999711e-02,5.085900000000000143e-02,-3.337530000000000219e-01,2.225399999999999948e-02,4.431809999999999916e-01,1.695760000000000045e-01,4.821409999999999862e-01,-4.411669999999999758e-01,-2.598719999999999919e-01,-5.365060000000000384e-01,1.395589999999999886e-01,2.360490000000000088e-01,6.438160000000000549e-01,-1.984110000000000040e-01,2.617999999999999772e-01,-4.577309999999999990e-01,-1.987309999999999910e-01,-6.260699999999999599e-02,-5.268530000000000157e-01,1.199074999999999891e+00,-5.372280000000000388e-01,9.483390000000000430e-01,-1.282709999999999961e-01,3.985699999999999660e-02,7.245600000000000651e-02,1.428669999999999940e-01,-1.343952999999999953e+00,-3.056579999999999853e-01,1.574800000000000158e-02,3.317860000000000253e-01,3.176500000000000157e-02,-7.891399999999999804e-02
3.628290000000000126e-01,-3.368979999999999753e-01,7.506119999999999459e-01,9.405620000000000092e-01,-4.898899999999999783e-02,5.315399999999999986e-02,-3.318400000000000238e-01,2.923999999999999950e-03,4.430000000000000049e-01,1.647440000000000015e-01,5.025209999999999955e-01,-4.490700000000000247e-01,-2.617999999999999772e-01,-5.516419999999999657e-01,1.374279999999999946e-01,2.292780000000000096e-01,6.613940000000000374e-01,-2.028969999999999940e-01,2.617999999999999772e-01,-4.504580000000000251e-01,-2.112570000000000003e-01,-6.830600000000000560e-02,-5.218850000000000433e-01,1.198469999999999924e+00,-5.490450000000000053e-01,9.390190000000000481e-01,-1.222629999999999967e-01,3.973299999999999749e-02,6.886200000000000654e-02,1.352379999999999971e-01,-1.353900000000000103e+00,-3.039629999999999832e-01,2.690999999999999816e-03,3.346529999999999783e-01,2.690599999999999936e-02,-6.950299999999999534e-02
3.624870000000000037e-01,-3.368459999999999788e-01,7.490040000000000031e-01,9.414679999999999715e-01,-4.602400000000000241e-02,5.539899999999999686e-02,-3.293179999999999996e-01,-1.753899999999999904e-02,4.392670000000000186e-01,1.593779999999999919e-01,5.218150000000000288e-01,-4.558409999999999962e-01,-2.617999999999999772e-01,-5.673240000000000505e-01,1.326509999999999911e-01,2.231339999999999990e-01,6.788680000000000270e-01,-2.071300000000000086e-01,2.617999999999999772e-01,-4.456399999999999806e-01,-2.264889999999999959e-01,-7.549999999999999767e-02,-5.189230000000000231e-01,1.198587999999999987e+00,-5.628419999999999535e-01,9.319929999999999604e-01,-1.161530000000000062e-01,3.885999999999999871e-02,6.514100000000000446e-02,1.241690000000000016e-01,-1.361930000000000085e+00,-2.980590000000000184e-01,-1.161300000000000006e-02,3.361649999999999916e-01,2.393100000000000088e-02,-6.162800000000000222e-02
3.621179999999999954e-01,-3.367009999999999725e-01,7.474429999999999685e-01,9.423920000000000075e-01,-4.286100000000000326e-02,5.765300000000000286e-02,-3.267039999999999944e-01,-3.818699999999999872e-02,4.350109999999999810e-01,1.542379999999999862e-01,5.409880000000000244e-01,-4.624380000000000157e-01,-2.617999999999999772e-01,-5.832889999999999464e-01,1.275169999999999915e-01,2.172590000000000077e-01,6.964780000000000415e-01,-2.112719999999999876e-01,2.617999999999999772e-01,-4.416649999999999743e-01,-2.426760000000000028e-01,-8.308000000000000107e-02,-5.165440000000000031e-01,1.199365999999999932e+00,-5.773009999999999531e-01,9.256339999999999568e-01,-1.101619999999999960e-01,3.772699999999999665e-02,6.122500000000000164e-02,1.111140000000000044e-01,-1.369285000000000085e+00,-2.898560000000000025e-01,-2.580899999999999861e-02,3.373599999999999932e-01,2.129299999999999943e-02,-5.409800000000000025e-02
3.613009999999999833e-01,-3.361339999999999884e-01,7.457099999999999840e-01,9.436369999999999481e-01,-4.148899999999999810e-02,5.967100000000000182e-02,-3.229040000000000243e-01,-6.185399999999999926e-02,4.354850000000000110e-01,1.443830000000000113e-01,5.647269999999999790e-01,-4.685670000000000113e-01,-2.617999999999999772e-01,-5.976129999999999498e-01,1.227639999999999981e-01,2.082040000000000002e-01,7.120689999999999520e-01,-2.144639999999999880e-01,2.617999999999999772e-01,-4.248109999999999942e-01,-2.607389999999999985e-01,-7.976600000000000357e-02,-5.105629999999999891e-01,1.201845999999999970e+00,-5.862829999999999986e-01,8.953499999999999792e-01,-1.105619999999999936e-01,3.386600000000000027e-02,5.511100000000000027e-02,1.064139999999999947e-01,-1.372138000000000080e+00,-2.654889999999999750e-01,-4.906300000000000244e-02,3.355819999999999914e-01,2.102199999999999902e-02,-3.332700000000000246e-02
3.603930000000000189e-01,-3.355560000000000209e-01,7.439829999999999499e-01,9.448349999999999804e-01,-4.042599999999999666e-02,6.151700000000000224e-02,-3.191680000000000073e-01,-8.522200000000000608e-02,4.364080000000000181e-01,1.347460000000000047e-01,5.893439999999999790e-01,-4.752500000000000058e-01,-2.617999999999999772e-01,-6.110790000000000388e-01,1.183789999999999981e-01,1.992269999999999874e-01,7.271159999999999846e-01,-2.171579999999999899e-01,2.617999999999999772e-01,-4.084160000000000013e-01,-2.787729999999999930e-01,-7.528200000000000169e-02,-5.011759999999999549e-01,1.205994999999999928e+00,-5.921079999999999677e-01,8.617909999999999737e-01,-1.114600000000000035e-01,3.144299999999999873e-02,4.911900000000000294e-02,1.014499999999999985e-01,-1.374524999999999997e+00,-2.409509999999999985e-01,-7.407299999999999995e-02,3.331430000000000224e-01,2.205199999999999869e-02,-1.281900000000000053e-02
3.595800000000000107e-01,-3.349059999999999815e-01,7.421849999999999836e-01,9.460150000000000503e-01,-3.941299999999999665e-02,6.331499999999999628e-02,-3.154259999999999842e-01,-1.084799999999999931e-01,4.372119999999999895e-01,1.252919999999999867e-01,6.142450000000000410e-01,-4.821799999999999975e-01,-2.617999999999999772e-01,-6.243039999999999701e-01,1.138990000000000002e-01,1.904420000000000002e-01,7.420330000000000537e-01,-2.197699999999999931e-01,2.617999999999999772e-01,-3.923920000000000186e-01,-2.967380000000000018e-01,-7.038200000000000012e-02,-4.901940000000000186e-01,1.210353999999999930e+00,-5.960830000000000295e-01,8.272530000000000161e-01,-1.122729999999999978e-01,2.940999999999999864e-02,4.315900000000000292e-02,9.598199999999999787e-02,-1.377274000000000109e+00,-2.159220000000000028e-01,-9.942900000000000349e-02,3.307339999999999725e-01,2.334400000000000017e-02,7.582000000000000198e-03
3.582739999999999814e-01,-3.357109999999999816e-01,7.416019999999999834e-01,9.482340000000000213e-01,-3.679799999999999738e-02,6.819899999999999574e-02,-3.079729999999999968e-01,-1.341499999999999915e-01,4.294129999999999892e-01,1.011050000000000004e-01,6.184709999999999930e-01,-4.837219999999999853e-01,-2.617999999999999772e-01,-6.391860000000000319e-01,1.069879999999999998e-01,1.798079999999999956e-01,7.504319999999999879e-01,-2.226170000000000093e-01,2.617999999999999772e-01,-3.668850000000000167e-01,-3.142220000000000013e-01,-5.880200000000000010e-02,-4.703600000000000003e-01,1.202428999999999970e+00,-5.888109999999999733e-01,7.752499999999999947e-01,-1.202099999999999974e-01,2.535899999999999960e-02,4.119600000000000345e-02,8.806500000000000439e-02,-1.375247000000000108e+00,-1.807320000000000038e-01,-1.289730000000000043e-01,3.249549999999999939e-01,2.518600000000000005e-02,2.684500000000000081e-02
3.571039999999999770e-01,-3.366250000000000075e-01,7.409759999999999680e-01,9.503559999999999786e-01,-3.421400000000000136e-02,7.313300000000000356e-02,-3.005059999999999953e-01,-1.588420000000000110e-01,4.212029999999999941e-01,7.765700000000000380e-02,6.220879999999999743e-01,-4.853239999999999776e-01,-2.617999999999999772e-01,-6.536239999999999828e-01,9.982699999999999907e-02,1.694019999999999970e-01,7.584889999999999688e-01,-2.256849999999999967e-01,2.617999999999999772e-01,-3.429380000000000206e-01,-3.309900000000000064e-01,-4.730700000000000183e-02,-4.446269999999999945e-01,1.193899000000000044e+00,-5.760830000000000117e-01,7.205430000000000446e-01,-1.276059999999999972e-01,2.230100000000000138e-02,4.116199999999999720e-02,7.666399999999999604e-02,-1.374136999999999942e+00,-1.428069999999999895e-01,-1.593890000000000029e-01,3.187969999999999970e-01,2.844000000000000000e-02,4.646499999999999936e-02
3.562009999999999899e-01,-3.376850000000000129e-01,7.404089999999999838e-01,9.523430000000000506e-01,-3.173700000000000132e-02,7.809000000000000663e-02,-2.931509999999999949e-01,-1.828930000000000000e-01,4.128809999999999980e-01,5.489100000000000229e-02,6.260980000000000434e-01,-4.874939999999999829e-01,-2.617999999999999772e-01,-6.679150000000000365e-01,9.276299999999999824e-02,1.592959999999999932e-01,7.666819999999999746e-01,-2.289789999999999881e-01,2.617999999999999772e-01,-3.196640000000000037e-01,-3.472990000000000244e-01,-3.561500000000000082e-02,-4.164419999999999789e-01,1.184441000000000077e+00,-5.596790000000000376e-01,6.651230000000000198e-01,-1.341189999999999882e-01,1.930499999999999924e-02,4.080700000000000299e-02,6.245599999999999763e-02,-1.373831000000000024e+00,-1.020739999999999981e-01,-1.895159999999999900e-01,3.127610000000000112e-01,3.157900000000000290e-02,6.577299999999999813e-02
3.535679999999999934e-01,-3.403869999999999951e-01,7.399419999999999886e-01,9.553270000000000373e-01,-3.072799999999999837e-02,8.451999999999999791e-02,-2.815349999999999797e-01,-2.146309999999999885e-01,4.103660000000000085e-01,2.705099999999999866e-02,6.269310000000000160e-01,-4.844899999999999762e-01,-2.617999999999999772e-01,-6.806830000000000380e-01,9.580900000000000527e-02,1.595640000000000114e-01,7.725349999999999717e-01,-2.345309999999999895e-01,2.617999999999999772e-01,-2.894709999999999783e-01,-3.636869999999999825e-01,-1.221700000000000043e-02,-3.724310000000000120e-01,1.169378000000000029e+00,-5.394679999999999476e-01,5.894620000000000415e-01,-1.435160000000000047e-01,1.431400000000000033e-02,3.974599999999999661e-02,4.450500000000000289e-02,-1.361593999999999971e+00,-5.031900000000000261e-02,-2.542059999999999875e-01,3.079749999999999988e-01,3.069699999999999859e-02,8.426400000000000556e-02
3.516589999999999994e-01,-3.432319999999999816e-01,7.393889999999999629e-01,9.580729999999999524e-01,-3.016699999999999937e-02,9.087000000000000632e-02,-2.700520000000000143e-01,-2.448760000000000103e-01,4.079920000000000213e-01,-3.100000000000000135e-05,6.289740000000000331e-01,-4.835949999999999971e-01,-2.617999999999999772e-01,-6.924120000000000275e-01,9.935900000000000287e-02,1.598640000000000061e-01,7.789559999999999818e-01,-2.413220000000000087e-01,2.617999999999999772e-01,-2.604509999999999881e-01,-3.787249999999999783e-01,1.158900000000000034e-02,-3.220850000000000102e-01,1.153073000000000015e+00,-5.118740000000000512e-01,5.102670000000000261e-01,-1.516290000000000138e-01,1.055900000000000068e-02,3.962399999999999950e-02,2.401800000000000115e-02,-1.349757000000000096e+00,3.824999999999999841e-03,-3.213949999999999863e-01,3.023810000000000109e-01,3.240500000000000325e-02,1.019800000000000012e-01
3.504269999999999885e-01,-3.461739999999999817e-01,7.386859999999999538e-01,9.606230000000000047e-01,-2.985200000000000006e-02,9.713800000000000212e-02,-2.586060000000000025e-01,-2.737280000000000268e-01,4.054619999999999891e-01,-2.644799999999999929e-02,6.316739999999999577e-01,-4.842569999999999930e-01,-2.617999999999999772e-01,-7.034759999999999902e-01,1.031640000000000057e-01,1.601670000000000038e-01,7.862069999999999892e-01,-2.492600000000000093e-01,2.617999999999999772e-01,-2.318359999999999865e-01,-3.926990000000000203e-01,3.572000000000000175e-02,-2.697769999999999890e-01,1.133239000000000107e+00,-4.795519999999999783e-01,4.306079999999999908e-01,-1.578070000000000028e-01,6.962999999999999572e-03,3.903600000000000125e-02,1.405999999999999915e-03,-1.339029999999999943e+00,5.989300000000000179e-02,-3.884619999999999740e-01,2.968999999999999972e-01,3.441099999999999715e-02,1.194690000000000057e-01
3.506079999999999752e-01,-3.491199999999999859e-01,7.373669999999999947e-01,9.627160000000000162e-01,-2.900600000000000053e-02,1.075580000000000008e-01,-2.465110000000000079e-01,-3.130109999999999837e-01,4.013189999999999813e-01,-5.578199999999999825e-02,6.375889999999999613e-01,-4.882790000000000186e-01,-2.617999999999999772e-01,-7.148360000000000269e-01,9.709199999999999775e-02,1.717440000000000078e-01,7.913390000000000146e-01,-2.674960000000000115e-01,2.617999999999999772e-01,-1.891319999999999946e-01,-3.904719999999999858e-01,7.616799999999999959e-02,-2.199629999999999919e-01,1.072635999999999923e+00,-4.664200000000000013e-01,3.251539999999999986e-01,-1.567880000000000107e-01,7.074000000000000427e-03,4.119099999999999845e-02,-6.388000000000000622e-02,-1.283466999999999913e+00,1.590979999999999894e-01,-4.420979999999999910e-01,2.810590000000000033e-01,4.258699999999999986e-02,1.106789999999999996e-01
3.508830000000000005e-01,-3.522290000000000143e-01,7.370210000000000372e-01,9.648360000000000269e-01,-2.797499999999999987e-02,1.173840000000000022e-01,-2.335170000000000023e-01,-3.450679999999999858e-01,3.950119999999999743e-01,-8.368399999999999450e-02,6.312079999999999913e-01,-4.858089999999999908e-01,-2.617999999999999772e-01,-7.206430000000000335e-01,8.848100000000000409e-02,1.835209999999999897e-01,7.883099999999999552e-01,-2.820360000000000089e-01,2.617999999999999772e-01,-1.453139999999999987e-01,-3.891839999999999744e-01,1.168010000000000020e-01,-1.891309999999999936e-01,1.003365999999999980e+00,-4.670619999999999772e-01,2.370150000000000035e-01,-1.529429999999999956e-01,9.520000000000000467e-04,4.005000000000000226e-02,-1.155909999999999993e-01,-1.224685999999999941e+00,2.439580000000000082e-01,-4.881119999999999903e-01,2.681799999999999740e-01,4.364200000000000024e-02,1.055070000000000036e-01
3.518209999999999948e-01,-3.552350000000000230e-01,7.362940000000000040e-01,9.665219999999999922e-01,-2.809700000000000045e-02,1.268680000000000085e-01,-2.212459999999999982e-01,-3.773389999999999800e-01,3.903789999999999760e-01,-1.114119999999999971e-01,6.317030000000000145e-01,-4.886079999999999868e-01,-2.617999999999999772e-01,-7.262549999999999839e-01,8.252199999999999813e-02,1.954309999999999936e-01,7.879749999999999810e-01,-2.984169999999999878e-01,2.617999999999999772e-01,-1.014420000000000044e-01,-3.861910000000000065e-01,1.582280000000000075e-01,-1.589579999999999882e-01,9.322789999999999688e-01,-4.645900000000000030e-01,1.476379999999999915e-01,-1.479030000000000067e-01,-2.562000000000000041e-03,3.915400000000000130e-02,-1.692529999999999868e-01,-1.160247000000000028e+00,3.286290000000000044e-01,-5.290789999999999660e-01,2.529689999999999994e-01,4.749899999999999956e-02,9.899700000000000166e-02
3.481710000000000083e-01,-3.547250000000000125e-01,7.364460000000000450e-01,9.687999999999999945e-01,-2.404399999999999940e-02,1.335580000000000100e-01,-2.073909999999999920e-01,-4.072740000000000249e-01,3.728940000000000032e-01,-1.367379999999999984e-01,6.172189999999999621e-01,-4.687160000000000215e-01,-2.617999999999999772e-01,-7.349569999999999714e-01,5.685599999999999682e-02,1.930000000000000049e-01,7.782879999999999798e-01,-2.993589999999999862e-01,2.617999999999999772e-01,-4.713900000000000035e-02,-3.786829999999999918e-01,2.101860000000000117e-01,-1.009369999999999989e-01,8.459020000000000428e-01,-4.262650000000000050e-01,9.863099999999999645e-02,-1.370719999999999994e-01,3.690999999999999837e-03,5.634299999999999725e-02,-2.978149999999999964e-01,-1.086241000000000012e+00,4.742049999999999876e-01,-4.495799999999999796e-01,2.458569999999999922e-01,5.854800000000000282e-02,1.005569999999999936e-01
3.445630000000000082e-01,-3.536949999999999816e-01,7.348350000000000160e-01,9.695510000000000517e-01,-2.225500000000000048e-02,1.413860000000000117e-01,-1.987109999999999987e-01,-4.494409999999999794e-01,3.620689999999999742e-01,-1.602369999999999906e-01,6.341919999999999780e-01,-4.680730000000000168e-01,-2.617999999999999772e-01,-7.542720000000000535e-01,4.415100000000000274e-02,1.953239999999999976e-01,7.827140000000000208e-01,-3.055700000000000083e-01,2.617999999999999772e-01,1.747599999999999848e-02,-3.647469999999999879e-01,2.689639999999999809e-01,-6.147799999999999793e-02,7.578439999999999621e-01,-3.864170000000000105e-01,6.005800000000000027e-02,-1.285830000000000028e-01,-1.079999999999999960e-04,6.532000000000000306e-02,-4.139939999999999731e-01,-1.003311999999999982e+00,5.923850000000000504e-01,-3.613319999999999865e-01,2.423450000000000049e-01,6.064900000000000152e-02,1.039550000000000057e-01
3.408419999999999783e-01,-3.529979999999999785e-01,7.333359999999999879e-01,9.701619999999999688e-01,-2.051299999999999998e-02,1.493539999999999868e-01,-1.898910000000000042e-01,-4.908060000000000200e-01,3.503640000000000088e-01,-1.832479999999999942e-01,6.499049999999999550e-01,-4.667540000000000022e-01,-2.617999999999999772e-01,-7.734419999999999629e-01,3.119299999999999851e-02,1.978040000000000076e-01,7.857619999999999605e-01,-3.110820000000000252e-01,2.617999999999999772e-01,8.701200000000000601e-02,-3.493399999999999839e-01,3.297959999999999781e-01,-3.414099999999999774e-02,6.690989999999999993e-01,-3.566360000000000086e-01,2.520500000000000171e-02,-1.197929999999999967e-01,-5.523000000000000131e-03,7.359899999999999776e-02,-5.009609999999999896e-01,-9.157650000000000512e-01,6.795569999999999666e-01,-2.792390000000000150e-01,2.370329999999999937e-01,6.419500000000000206e-02,1.074340000000000017e-01
3.338849999999999874e-01,-3.508359999999999812e-01,7.306439999999999602e-01,9.711149999999999505e-01,-1.559999999999999928e-02,1.560829999999999995e-01,-1.798089999999999966e-01,-5.371190000000000131e-01,3.329440000000000177e-01,-1.972510000000000097e-01,6.648929999999999563e-01,-4.632930000000000104e-01,-2.617999999999999772e-01,-8.080249999999999932e-01,1.387200000000000065e-02,1.882129999999999914e-01,8.024809999999999999e-01,-3.120530000000000248e-01,2.617999999999999772e-01,1.636670000000000069e-01,-3.121249999999999858e-01,3.752579999999999805e-01,-6.692000000000000032e-03,5.846609999999999863e-01,-3.220680000000000209e-01,1.194300000000000049e-02,-1.121930000000000011e-01,-5.689999999999999745e-03,8.136599999999999389e-02,-5.933859999999999690e-01,-8.798080000000000345e-01,7.273589999999999778e-01,5.189300000000000163e-02,1.917949999999999933e-01,7.767699999999999605e-02,1.176660000000000067e-01
3.263800000000000034e-01,-3.490289999999999782e-01,7.280609999999999582e-01,9.718660000000000077e-01,-1.075300000000000041e-02,1.630749999999999977e-01,-1.696130000000000138e-01,-5.825780000000000403e-01,3.148710000000000120e-01,-2.105529999999999902e-01,6.781359999999999610e-01,-4.584509999999999974e-01,-2.617999999999999772e-01,-8.421039999999999637e-01,-4.082999999999999824e-03,1.792130000000000112e-01,8.174609999999999932e-01,-3.118199999999999861e-01,2.617999999999999772e-01,2.418180000000000052e-01,-2.728119999999999989e-01,4.201590000000000047e-01,1.326699999999999928e-02,5.031369999999999454e-01,-2.979209999999999914e-01,1.281000000000000021e-03,-1.061760000000000065e-01,-7.471000000000000210e-03,9.011800000000000366e-02,-6.791850000000000387e-01,-8.447390000000000176e-01,7.753769999999999829e-01,3.805020000000000069e-01,1.388749999999999984e-01,8.442800000000000304e-02,1.146309999999999968e-01
3.186599999999999988e-01,-3.474909999999999943e-01,7.254190000000000360e-01,9.723840000000000261e-01,-6.095999999999999856e-03,1.704430000000000112e-01,-1.593130000000000102e-01,-6.280930000000000124e-01,2.963560000000000083e-01,-2.233549999999999980e-01,6.914569999999999883e-01,-4.535870000000000180e-01,-2.617999999999999772e-01,-8.762469999999999981e-01,-2.239199999999999871e-02,1.706999999999999906e-01,8.319250000000000256e-01,-3.114060000000000161e-01,2.617999999999999772e-01,3.189049999999999940e-01,-2.314529999999999921e-01,4.633050000000000224e-01,3.153999999999999859e-02,4.270840000000000192e-01,-2.814749999999999752e-01,-1.038900000000000066e-02,-1.021930000000000061e-01,-9.528999999999999276e-03,1.007860000000000006e-01,-7.601409999999999556e-01,-8.093430000000000346e-01,8.266480000000000494e-01,7.045059999999999656e-01,8.584100000000000064e-02,8.995200000000000418e-02,9.550100000000000255e-02
3.157429999999999959e-01,-3.462430000000000230e-01,7.231649999999999467e-01,9.729839999999999600e-01,-1.495999999999999934e-03,1.776050000000000129e-01,-1.475029999999999952e-01,-6.637579999999999592e-01,2.756270000000000109e-01,-2.357289999999999941e-01,6.976400000000000379e-01,-4.480399999999999938e-01,-2.617999999999999772e-01,-9.057030000000000358e-01,-4.251499999999999724e-02,1.638169999999999904e-01,8.509849999999999914e-01,-3.128520000000000190e-01,2.617999999999999772e-01,3.977789999999999937e-01,-1.854699999999999960e-01,4.908319999999999905e-01,7.493800000000000461e-02,3.872959999999999736e-01,-2.451579999999999870e-01,-5.269700000000000079e-02,-1.027099999999999957e-01,-7.641000000000000222e-03,1.018769999999999953e-01,-7.952630000000000532e-01,-7.937710000000000043e-01,8.435740000000000460e-01,8.098689999999999500e-01,6.417000000000000481e-02,9.743499999999999384e-02,8.006800000000000028e-02
3.126789999999999847e-01,-3.451940000000000008e-01,7.204840000000000133e-01,9.731729999999999547e-01,2.935999999999999808e-03,1.858509999999999884e-01,-1.355899999999999883e-01,-7.020309999999999606e-01,2.544069999999999943e-01,-2.481970000000000010e-01,7.060380000000000544e-01,-4.434409999999999741e-01,-2.617999999999999772e-01,-9.378859999999999975e-01,-6.283099999999999796e-02,1.573390000000000066e-01,8.715410000000000101e-01,-3.151050000000000240e-01,2.617999999999999772e-01,4.767609999999999904e-01,-1.391620000000000079e-01,5.135750000000000037e-01,1.196519999999999945e-01,3.562290000000000179e-01,-2.186190000000000078e-01,-1.001039999999999985e-01,-1.063120000000000037e-01,-3.969000000000000306e-03,1.058830000000000049e-01,-8.255660000000000220e-01,-7.807490000000000263e-01,8.583640000000000159e-01,9.108500000000000485e-01,4.319900000000000129e-02,1.071649999999999964e-01,6.284399999999999709e-02
3.100760000000000183e-01,-3.441810000000000147e-01,7.180039999999999756e-01,9.725409999999999888e-01,6.440999999999999677e-03,1.971370000000000067e-01,-1.235269999999999979e-01,-7.445469999999999589e-01,2.344130000000000102e-01,-2.612709999999999755e-01,7.122490000000000210e-01,-4.378549999999999942e-01,-2.617999999999999772e-01,-9.728200000000000180e-01,-8.279000000000000248e-02,1.494610000000000105e-01,8.874290000000000234e-01,-3.157019999999999826e-01,2.617999999999999772e-01,5.555729999999999835e-01,-9.387800000000000311e-02,5.199610000000000065e-01,1.674869999999999970e-01,3.331919999999999882e-01,-2.044910000000000061e-01,-1.442239999999999911e-01,-1.134369999999999962e-01,-2.135000000000000179e-03,1.121329999999999966e-01,-8.462410000000000210e-01,-7.664290000000000269e-01,8.733109999999999484e-01,1.008418000000000037e+00,2.261200000000000015e-02,1.200500000000000039e-01,4.303799999999999987e-02
3.094589999999999841e-01,-3.430920000000000081e-01,7.159969999999999946e-01,9.734140000000000015e-01,8.411000000000000074e-03,2.018000000000000071e-01,-1.080340000000000050e-01,-7.720270000000000188e-01,2.111659999999999926e-01,-2.770250000000000212e-01,7.194110000000000227e-01,-4.325939999999999785e-01,-2.617999999999999772e-01,-9.861100000000000421e-01,-1.005700000000000066e-01,1.520130000000000092e-01,9.053719999999999546e-01,-3.256140000000000145e-01,2.617999999999999772e-01,5.967470000000000274e-01,-4.763799999999999979e-02,5.199549999999999450e-01,2.038300000000000112e-01,3.327559999999999962e-01,-1.898970000000000102e-01,-1.843869999999999953e-01,-1.219770000000000021e-01,8.329999999999999731e-04,1.210460000000000008e-01,-8.527620000000000200e-01,-7.652179999999999538e-01,8.803189999999999626e-01,1.062623000000000095e+00,1.456299999999999956e-02,1.227649999999999991e-01,2.703300000000000147e-02
3.085470000000000157e-01,-3.421029999999999904e-01,7.139820000000000055e-01,9.742020000000000124e-01,1.009400000000000054e-02,2.057450000000000112e-01,-9.218500000000000305e-02,-7.972420000000000062e-01,1.871819999999999873e-01,-2.936559999999999726e-01,7.262060000000000182e-01,-4.271269999999999789e-01,-2.617999999999999772e-01,-9.978540000000000187e-01,-1.189749999999999974e-01,1.543150000000000077e-01,9.235349999999999948e-01,-3.361210000000000031e-01,2.617999999999999772e-01,6.383699999999999930e-01,-1.979999999999999881e-04,5.199549999999999450e-01,2.409010000000000040e-01,3.385679999999999801e-01,-1.814949999999999897e-01,-2.256769999999999887e-01,-1.329790000000000139e-01,3.163000000000000013e-03,1.318519999999999970e-01,-8.569930000000000048e-01,-7.661860000000000337e-01,8.863579999999999792e-01,1.112735999999999947e+00,7.095999999999999877e-03,1.277880000000000127e-01,1.063899999999999915e-02
3.073629999999999973e-01,-3.411489999999999800e-01,7.120069999999999455e-01,9.747999999999999998e-01,1.175299999999999956e-02,2.093820000000000126e-01,-7.607099999999999973e-02,-8.213580000000000325e-01,1.622159999999999991e-01,-3.101419999999999733e-01,7.328649999999999887e-01,-4.212810000000000166e-01,-2.617999999999999772e-01,-1.009349000000000052e+00,-1.380859999999999865e-01,1.569450000000000012e-01,9.419349999999999667e-01,-3.468789999999999929e-01,2.617999999999999772e-01,6.802089999999999526e-01,4.762199999999999767e-02,5.199529999999999985e-01,2.782540000000000013e-01,3.481659999999999755e-01,-1.773649999999999949e-01,-2.685730000000000062e-01,-1.454809999999999992e-01,5.289000000000000298e-03,1.442469999999999863e-01,-8.608879999999999866e-01,-7.681759999999999700e-01,8.920940000000000536e-01,1.161999999999999922e+00,-1.500000000000000038e-05,1.332579999999999876e-01,-5.984999999999999869e-03
3.055700000000000083e-01,-3.394019999999999815e-01,7.100070000000000547e-01,9.752049999999999885e-01,1.362999999999999975e-02,2.114159999999999928e-01,-6.397200000000000109e-02,-8.444040000000000434e-01,1.413820000000000077e-01,-3.176229999999999887e-01,7.462250000000000272e-01,-4.119499999999999829e-01,-2.617999999999999772e-01,-1.019111000000000100e+00,-1.578569999999999973e-01,1.577890000000000126e-01,9.562819999999999654e-01,-3.532649999999999957e-01,2.617999999999999772e-01,6.837539999999999729e-01,8.560299999999999854e-02,5.199399999999999578e-01,2.974229999999999929e-01,3.679780000000000273e-01,-1.857729999999999937e-01,-3.037440000000000140e-01,-1.570280000000000009e-01,7.990000000000000574e-03,1.547280000000000044e-01,-8.573849999999999527e-01,-7.823630000000000306e-01,8.755990000000000162e-01,1.164053999999999922e+00,9.672000000000000042e-03,1.244689999999999963e-01,-1.466199999999999969e-02
3.036389999999999922e-01,-3.375989999999999824e-01,7.080499999999999572e-01,9.754629999999999690e-01,1.562400000000000073e-02,2.135039999999999993e-01,-5.142499999999999849e-02,-8.671999999999999709e-01,1.195210000000000022e-01,-3.245640000000000192e-01,7.586690000000000378e-01,-4.018769999999999842e-01,-2.617999999999999772e-01,-1.028944000000000081e+00,-1.786860000000000115e-01,1.588269999999999960e-01,9.705690000000000150e-01,-3.599649999999999794e-01,2.617999999999999772e-01,6.879650000000000487e-01,1.240600000000000036e-01,5.199300000000000033e-01,3.150249999999999995e-01,3.878639999999999866e-01,-1.960189999999999988e-01,-3.381979999999999986e-01,-1.686489999999999934e-01,1.030299999999999966e-02,1.657180000000000042e-01,-8.510320000000000107e-01,-7.994940000000000380e-01,8.566770000000000218e-01,1.161489999999999911e+00,1.937799999999999939e-02,1.181740000000000013e-01,-2.297899999999999943e-02
3.016869999999999830e-01,-3.358510000000000106e-01,7.060450000000000337e-01,9.755570000000000075e-01,1.768300000000000080e-02,2.156210000000000071e-01,-3.852499999999999675e-02,-8.898859999999999548e-01,9.660499999999999643e-02,-3.314619999999999789e-01,7.710230000000000139e-01,-3.917059999999999986e-01,-2.617999999999999772e-01,-1.039026000000000005e+00,-2.003129999999999911e-01,1.601339999999999986e-01,9.853429999999999689e-01,-3.672989999999999866e-01,2.617999999999999772e-01,6.920309999999999517e-01,1.625600000000000100e-01,5.197389999999999510e-01,3.321500000000000008e-01,4.054119999999999946e-01,-2.051439999999999930e-01,-3.721220000000000083e-01,-1.796790000000000054e-01,1.241699999999999922e-02,1.756630000000000136e-01,-8.433509999999999618e-01,-8.171230000000000437e-01,8.369510000000000005e-01,1.158447999999999922e+00,2.898500000000000035e-02,1.117650000000000032e-01,-3.116000000000000020e-02
2.997549999999999937e-01,-3.354489999999999972e-01,7.050079999999999680e-01,9.757369999999999655e-01,1.633899999999999936e-02,2.167389999999999872e-01,-2.635099999999999942e-02,-9.077640000000000153e-01,8.653700000000000281e-02,-3.331760000000000277e-01,7.755429999999999824e-01,-3.798679999999999835e-01,-2.617999999999999772e-01,-1.039867000000000097e+00,-2.137000000000000011e-01,1.546760000000000079e-01,9.923440000000000039e-01,-3.736869999999999914e-01,2.617999999999999772e-01,6.840239999999999654e-01,1.854969999999999952e-01,5.113379999999999592e-01,3.399349999999999872e-01,4.343009999999999926e-01,-1.836289999999999867e-01,-4.080300000000000038e-01,-1.920080000000000120e-01,1.078499999999999945e-02,1.871929999999999983e-01,-8.231490000000000196e-01,-8.327029999999999710e-01,8.017170000000000130e-01,1.153788999999999954e+00,5.211899999999999866e-02,1.013580000000000036e-01,-3.428199999999999997e-02
2.979609999999999759e-01,-3.351899999999999880e-01,7.039260000000000517e-01,9.757350000000000190e-01,1.507000000000000006e-02,2.179860000000000131e-01,-1.403000000000000080e-02,-9.255419999999999758e-01,7.619099999999999484e-02,-3.350219999999999865e-01,7.796959999999999447e-01,-3.680680000000000063e-01,-2.617999999999999772e-01,-1.040952000000000099e+00,-2.274480000000000113e-01,1.492330000000000045e-01,9.999609999999999888e-01,-3.807510000000000061e-01,2.617999999999999772e-01,6.765240000000000142e-01,2.066699999999999926e-01,5.025450000000000195e-01,3.473149999999999848e-01,4.605929999999999747e-01,-1.585920000000000107e-01,-4.437189999999999745e-01,-2.035119999999999985e-01,9.159000000000000474e-03,1.977929999999999966e-01,-8.010000000000000453e-01,-8.464920000000000222e-01,7.641590000000000327e-01,1.148376999999999981e+00,7.495599999999999485e-02,9.131000000000000227e-02,-3.775099999999999983e-02
2.960860000000000158e-01,-3.350520000000000165e-01,7.027419999999999778e-01,9.755639999999999867e-01,1.383900000000000061e-02,2.192709999999999937e-01,-1.580999999999999940e-03,-9.431869999999999976e-01,6.549000000000000654e-02,-3.368459999999999788e-01,7.836769999999999570e-01,-3.563060000000000116e-01,-2.617999999999999772e-01,-1.042000999999999955e+00,-2.415430000000000077e-01,1.438149999999999984e-01,1.007891000000000092e+00,-3.882390000000000008e-01,2.617999999999999772e-01,6.691730000000000178e-01,2.275600000000000123e-01,4.935499999999999887e-01,3.535030000000000117e-01,4.825980000000000270e-01,-1.308870000000000033e-01,-4.784979999999999789e-01,-2.135509999999999908e-01,7.583000000000000330e-03,2.072259999999999935e-01,-7.778899999999999704e-01,-8.596430000000000460e-01,7.257109999999999950e-01,1.142921000000000076e+00,9.761999999999999844e-02,8.123199999999999865e-02,-4.129000000000000031e-02
2.955539999999999834e-01,-3.349059999999999815e-01,7.024230000000000196e-01,9.752220000000000333e-01,1.224699999999999921e-02,2.208279999999999965e-01,5.143000000000000002e-03,-9.558440000000000270e-01,6.174400000000000027e-02,-3.365349999999999731e-01,7.878230000000000510e-01,-3.459320000000000173e-01,-2.617999999999999772e-01,-1.040910000000000002e+00,-2.462270000000000014e-01,1.417650000000000021e-01,1.008291999999999966e+00,-3.922080000000000011e-01,2.617999999999999772e-01,6.534330000000000416e-01,2.270729999999999971e-01,4.935010000000000230e-01,3.423910000000000009e-01,4.961180000000000034e-01,-1.406139999999999890e-01,-5.015990000000000171e-01,-2.131190000000000029e-01,7.753000000000000343e-03,2.146170000000000022e-01,-7.670949999999999713e-01,-8.620820000000000149e-01,6.977060000000000484e-01,1.135984000000000105e+00,1.136780000000000013e-01,7.166999999999999760e-02,-4.721199999999999702e-02
2.947279999999999900e-01,-3.349679999999999880e-01,7.019229999999999636e-01,9.748839999999999728e-01,1.050099999999999992e-02,2.221480000000000121e-01,1.187500000000000014e-02,-9.683770000000000433e-01,5.824700000000000016e-02,-3.370299999999999963e-01,7.921949999999999825e-01,-3.354570000000000052e-01,-2.617999999999999772e-01,-1.039909999999999890e+00,-2.506840000000000179e-01,1.393439999999999956e-01,1.009530000000000038e+00,-3.965960000000000041e-01,2.617999999999999772e-01,6.375809999999999533e-01,2.275149999999999950e-01,4.942920000000000091e-01,3.287999999999999812e-01,5.051099999999999479e-01,-1.487150000000000138e-01,-5.229629999999999557e-01,-2.107829999999999981e-01,8.021000000000000352e-03,2.213569999999999982e-01,-7.579449999999999799e-01,-8.645680000000000032e-01,6.704959999999999809e-01,1.130155000000000021e+00,1.297889999999999877e-01,6.194000000000000200e-02,-5.296800000000000119e-02
2.939990000000000103e-01,-3.350440000000000085e-01,7.015050000000000452e-01,9.745169999999999666e-01,8.744999999999999302e-03,2.233670000000000100e-01,1.864199999999999885e-02,-9.807010000000000449e-01,5.462899999999999701e-02,-3.375650000000000039e-01,7.965870000000000450e-01,-3.250060000000000171e-01,-2.617999999999999772e-01,-1.038704000000000072e+00,-2.552039999999999864e-01,1.368759999999999977e-01,1.010933000000000082e+00,-4.011489999999999778e-01,2.617999999999999772e-01,6.215300000000000269e-01,2.280909999999999882e-01,4.952710000000000168e-01,3.141930000000000001e-01,5.107949999999999990e-01,-1.550759999999999916e-01,-5.433449999999999669e-01,-2.073800000000000088e-01,8.352000000000000049e-03,2.271519999999999928e-01,-7.490040000000000031e-01,-8.668810000000000127e-01,6.434800000000000519e-01,1.124554999999999971e+00,1.458629999999999927e-01,5.206800000000000317e-02,-5.864799999999999874e-02
2.924669999999999770e-01,-3.361830000000000096e-01,7.019509999999999916e-01,9.742629999999999901e-01,8.724000000000000851e-03,2.240369999999999862e-01,2.329200000000000020e-02,-9.839599999999999458e-01,5.447699999999999765e-02,-3.318189999999999751e-01,7.855670000000000153e-01,-3.139410000000000256e-01,-2.617999999999999772e-01,-1.039004000000000039e+00,-2.594210000000000127e-01,1.335030000000000105e-01,1.010410999999999948e+00,-4.004159999999999942e-01,2.617999999999999772e-01,6.107629999999999448e-01,2.267220000000000069e-01,4.953509999999999858e-01,3.061459999999999737e-01,5.192670000000000341e-01,-1.607609999999999872e-01,-5.530450000000000088e-01,-2.022249999999999881e-01,9.523000000000000215e-03,2.281610000000000027e-01,-7.427219999999999933e-01,-8.672119999999999829e-01,6.261400000000000299e-01,1.121402999999999928e+00,1.558279999999999943e-01,4.601600000000000135e-02,-6.604799999999999560e-02
2.906880000000000019e-01,-3.376959999999999962e-01,7.021340000000000359e-01,9.739900000000000224e-01,8.524000000000000327e-03,2.246519999999999906e-01,2.832600000000000048e-02,-9.883849999999999580e-01,5.465400000000000119e-02,-3.273539999999999783e-01,7.760259999999999936e-01,-3.022429999999999839e-01,-2.617999999999999772e-01,-1.040299000000000085e+00,-2.636640000000000095e-01,1.297240000000000060e-01,1.011724000000000068e+00,-4.011330000000000173e-01,2.617999999999999772e-01,5.991999999999999549e-01,2.253419999999999868e-01,4.954370000000000163e-01,2.974519999999999942e-01,5.265159999999999840e-01,-1.651469999999999883e-01,-5.622219999999999995e-01,-1.966829999999999967e-01,1.040100000000000052e-02,2.289100000000000024e-01,-7.375939999999999719e-01,-8.667770000000000197e-01,6.093629999999999880e-01,1.118654999999999955e+00,1.657949999999999979e-01,4.032600000000000073e-02,-7.355200000000000626e-02
2.888040000000000052e-01,-3.392959999999999865e-01,7.023030000000000106e-01,9.736810000000000187e-01,8.328999999999999598e-03,2.253040000000000043e-01,3.337699999999999695e-02,-9.929069999999999840e-01,5.478199999999999736e-02,-3.228929999999999856e-01,7.665699999999999736e-01,-2.905869999999999842e-01,-2.617999999999999772e-01,-1.041722999999999955e+00,-2.679540000000000255e-01,1.259750000000000036e-01,1.013188999999999895e+00,-4.019050000000000122e-01,2.617999999999999772e-01,5.874679999999999902e-01,2.238249999999999962e-01,4.954500000000000015e-01,2.884289999999999909e-01,5.325560000000000294e-01,-1.687760000000000093e-01,-5.710939999999999905e-01,-1.908110000000000084e-01,1.131300000000000014e-02,2.292959999999999998e-01,-7.326719999999999899e-01,-8.661950000000000482e-01,5.928029999999999688e-01,1.116038000000000086e+00,1.757370000000000043e-01,3.459700000000000275e-02,-8.101200000000000068e-02
2.867069999999999896e-01,-3.408320000000000238e-01,7.017860000000000209e-01,9.736040000000000250e-01,8.788999999999999937e-03,2.248360000000000081e-01,3.830399999999999777e-02,-9.971590000000000176e-01,5.317600000000000104e-02,-3.181450000000000111e-01,7.615009999999999835e-01,-2.813439999999999830e-01,-2.617999999999999772e-01,-1.044353000000000087e+00,-2.724520000000000275e-01,1.258849999999999969e-01,1.020076999999999900e+00,-4.045739999999999892e-01,2.617999999999999772e-01,5.804319999999999480e-01,2.234960000000000002e-01,4.959310000000000107e-01,2.917919999999999958e-01,5.408770000000000522e-01,-1.652200000000000057e-01,-5.791460000000000496e-01,-1.892479999999999996e-01,1.172800000000000058e-02,2.283660000000000134e-01,-7.260290000000000354e-01,-8.683450000000000335e-01,5.872870000000000035e-01,1.122443999999999997e+00,1.788289999999999880e-01,3.457999999999999963e-02,-8.186000000000000221e-02
2.846850000000000214e-01,-3.422870000000000079e-01,7.011509999999999687e-01,9.735009999999999497e-01,9.270000000000000462e-03,2.243940000000000101e-01,4.309400000000000036e-02,-1.000793999999999961e+00,5.132699999999999763e-02,-3.137159999999999949e-01,7.561520000000000463e-01,-2.739570000000000061e-01,-2.617999999999999772e-01,-1.046953000000000022e+00,-2.769280000000000075e-01,1.260590000000000044e-01,1.026955999999999980e+00,-4.074249999999999816e-01,2.617999999999999772e-01,5.728180000000000494e-01,2.228569999999999995e-01,4.960769999999999902e-01,2.964200000000000168e-01,5.484390000000000098e-01,-1.605939999999999868e-01,-5.875510000000000455e-01,-1.877169999999999950e-01,1.206800000000000060e-02,2.271459999999999868e-01,-7.203190000000000426e-01,-8.697939999999999561e-01,5.831840000000000357e-01,1.129567999999999905e+00,1.819199999999999984e-01,3.439600000000000296e-02,-8.237700000000000577e-02
2.859360000000000235e-01,-3.444400000000000239e-01,6.993770000000000264e-01,9.734620000000000495e-01,1.043499999999999983e-02,2.223880000000000023e-01,5.297700000000000325e-02,-1.005937000000000081e+00,3.908400000000000069e-02,-3.150780000000000247e-01,7.682670000000000332e-01,-2.797560000000000047e-01,-2.617999999999999772e-01,-1.046178999999999970e+00,-2.906320000000000014e-01,1.233690000000000064e-01,1.052936000000000094e+00,-4.291579999999999839e-01,2.617999999999999772e-01,5.596729999999999761e-01,2.180169999999999886e-01,4.950390000000000068e-01,3.027320000000000011e-01,5.669490000000000363e-01,-1.548180000000000112e-01,-5.978029999999999733e-01,-1.888799999999999923e-01,1.336700000000000041e-02,2.278810000000000002e-01,-7.133760000000000101e-01,-8.706690000000000262e-01,5.744289999999999674e-01,1.137572000000000028e+00,1.888430000000000109e-01,3.556600000000000039e-02,-7.290099999999999358e-02
2.817560000000000064e-01,-3.444360000000000199e-01,7.000830000000000108e-01,9.735570000000000057e-01,1.044299999999999916e-02,2.231069999999999998e-01,4.796899999999999775e-02,-1.004774000000000056e+00,5.063499999999999945e-02,-3.052329999999999766e-01,7.509240000000000359e-01,-2.653309999999999835e-01,-2.617999999999999772e-01,-1.051001999999999992e+00,-2.798189999999999844e-01,1.296579999999999955e-01,1.037458999999999909e+00,-4.127799999999999803e-01,2.617999999999999772e-01,5.595250000000000501e-01,2.217300000000000104e-01,4.975890000000000035e-01,3.036369999999999902e-01,5.570519999999999916e-01,-1.559409999999999963e-01,-5.962990000000000235e-01,-1.843440000000000079e-01,1.447500000000000002e-02,2.253390000000000115e-01,-7.113899999999999668e-01,-8.715300000000000269e-01,5.742960000000000287e-01,1.140684999999999949e+00,1.870960000000000123e-01,3.345900000000000263e-02,-8.477999999999999425e-02
2.805210000000000203e-01,-3.450429999999999886e-01,6.998959999999999626e-01,9.737999999999999989e-01,1.070199999999999971e-02,2.221519999999999884e-01,4.741200000000000275e-02,-1.004412000000000083e+00,5.349899999999999795e-02,-3.011440000000000228e-01,7.500139999999999585e-01,-2.637240000000000140e-01,-2.617999999999999772e-01,-1.051433999999999980e+00,-2.766970000000000263e-01,1.327399999999999969e-01,1.038539000000000101e+00,-4.135170000000000234e-01,2.617999999999999772e-01,5.554649999999999865e-01,2.234440000000000037e-01,4.992449999999999943e-01,3.041449999999999987e-01,5.566940000000000222e-01,-1.578730000000000133e-01,-5.952089999999999881e-01,-1.817870000000000041e-01,1.614300000000000110e-02,2.247899999999999898e-01,-7.086869999999999559e-01,-8.734800000000000342e-01,5.701009999999999689e-01,1.144349999999999978e+00,1.894129999999999980e-01,3.333599999999999758e-02,-8.745699999999999308e-02
2.794200000000000017e-01,-3.457790000000000030e-01,6.996149999999999869e-01,9.740569999999999506e-01,1.107999999999999957e-02,2.210779999999999967e-01,4.706599999999999673e-02,-1.004083000000000059e+00,5.583599999999999675e-02,-2.971530000000000005e-01,7.497519999999999740e-01,-2.624909999999999743e-01,-2.617999999999999772e-01,-1.051908000000000065e+00,-2.740199999999999858e-01,1.358749999999999958e-01,1.040607000000000060e+00,-4.149649999999999728e-01,2.617999999999999772e-01,5.511340000000000128e-01,2.248729999999999896e-01,5.010569999999999746e-01,3.047719999999999874e-01,5.569319999999999826e-01,-1.597459999999999991e-01,-5.943140000000000089e-01,-1.794959999999999889e-01,1.787300000000000000e-02,2.244869999999999921e-01,-7.055099999999999705e-01,-8.752550000000000052e-01,5.653200000000000447e-01,1.147877999999999954e+00,1.916750000000000120e-01,3.317400000000000210e-02,-8.984300000000000619e-02
2.782020000000000048e-01,-3.469800000000000106e-01,6.990629999999999900e-01,9.740830000000000322e-01,1.115900000000000052e-02,2.202590000000000103e-01,5.023600000000000287e-02,-1.005306000000000033e+00,5.655899999999999817e-02,-2.932620000000000227e-01,7.457819999999999450e-01,-2.591809999999999947e-01,-2.617999999999999772e-01,-1.052831999999999990e+00,-2.764220000000000010e-01,1.359539999999999915e-01,1.046480000000000077e+00,-4.169720000000000093e-01,2.617999999999999772e-01,5.469300000000000272e-01,2.272949999999999970e-01,4.991099999999999981e-01,3.030630000000000268e-01,5.537619999999999765e-01,-1.657770000000000077e-01,-5.980950000000000433e-01,-1.778599999999999903e-01,2.035899999999999863e-02,2.221889999999999976e-01,-7.006189999999999918e-01,-8.740670000000000384e-01,5.612209999999999699e-01,1.155664000000000025e+00,1.934500000000000108e-01,3.428099999999999897e-02,-8.982300000000000006e-02
2.770810000000000217e-01,-3.481400000000000050e-01,6.985550000000000370e-01,9.740750000000000242e-01,1.137400000000000043e-02,2.195229999999999959e-01,5.345899999999999958e-02,-1.006323000000000079e+00,5.676500000000000296e-02,-2.890840000000000076e-01,7.415450000000000097e-01,-2.559859999999999913e-01,-2.617999999999999772e-01,-1.053617999999999943e+00,-2.786589999999999900e-01,1.366989999999999872e-01,1.052337000000000078e+00,-4.193870000000000098e-01,2.617999999999999772e-01,5.425060000000000437e-01,2.296219999999999928e-01,4.969169999999999976e-01,3.015840000000000187e-01,5.504160000000000164e-01,-1.719539999999999957e-01,-6.020429999999999948e-01,-1.761000000000000065e-01,2.306300000000000017e-02,2.200120000000000131e-01,-6.954620000000000246e-01,-8.729019999999999557e-01,5.572200000000000486e-01,1.163597999999999910e+00,1.951920000000000044e-01,3.521699999999999831e-02,-8.972900000000000320e-02
2.758950000000000014e-01,-3.492230000000000056e-01,6.980439999999999978e-01,9.740539999999999754e-01,1.161200000000000079e-02,2.187900000000000122e-01,5.669899999999999940e-02,-1.007268000000000052e+00,5.692300000000000137e-02,-2.848720000000000141e-01,7.373049999999999882e-01,-2.528250000000000219e-01,-2.617999999999999772e-01,-1.054364000000000079e+00,-2.809349999999999903e-01,1.374589999999999979e-01,1.058227999999999946e+00,-4.218600000000000128e-01,2.617999999999999772e-01,5.380500000000000282e-01,2.319120000000000070e-01,4.947489999999999943e-01,3.001550000000000051e-01,5.470709999999999740e-01,-1.780980000000000063e-01,-6.060170000000000279e-01,-1.743240000000000067e-01,2.579599999999999949e-02,2.178380000000000039e-01,-6.902970000000000494e-01,-8.716909999999999936e-01,5.532219999999999915e-01,1.171545000000000059e+00,1.969289999999999929e-01,3.614099999999999951e-02,-8.962900000000000034e-02
2.746750000000000025e-01,-3.500739999999999963e-01,6.984080000000000288e-01,9.740779999999999994e-01,1.176600000000000042e-02,2.183090000000000031e-01,5.808699999999999974e-02,-1.005622000000000016e+00,5.810599999999999793e-02,-2.814860000000000140e-01,7.292429999999999746e-01,-2.470410000000000106e-01,-2.617999999999999772e-01,-1.053128999999999982e+00,-2.801020000000000176e-01,1.384859999999999980e-01,1.056340999999999974e+00,-4.216380000000000128e-01,2.617999999999999772e-01,5.388929999999999554e-01,2.316120000000000123e-01,4.915649999999999742e-01,2.999479999999999924e-01,5.450070000000000192e-01,-1.872890000000000110e-01,-6.091779999999999973e-01,-1.728059999999999874e-01,2.744800000000000018e-02,2.135309999999999986e-01,-6.869389999999999663e-01,-8.739519999999999511e-01,5.555170000000000385e-01,1.172009999999999996e+00,1.944639999999999980e-01,3.771499999999999853e-02,-8.813899999999999513e-02
2.732200000000000184e-01,-3.510329999999999839e-01,6.985320000000000418e-01,9.740969999999999906e-01,1.188400000000000047e-02,2.177479999999999971e-01,5.982300000000000118e-02,-1.004863999999999979e+00,5.908000000000000057e-02,-2.786199999999999788e-01,7.222469999999999724e-01,-2.412960000000000105e-01,-2.617999999999999772e-01,-1.052426000000000084e+00,-2.797439999999999927e-01,1.396799999999999986e-01,1.056092999999999948e+00,-4.222960000000000047e-01,2.617999999999999772e-01,5.392329999999999623e-01,2.316130000000000133e-01,4.882210000000000161e-01,2.997730000000000117e-01,5.431259999999999977e-01,-1.965919999999999890e-01,-6.123830000000000107e-01,-1.713000000000000078e-01,2.901799999999999866e-02,2.091689999999999938e-01,-6.833970000000000322e-01,-8.763549999999999951e-01,5.576579999999999870e-01,1.172252000000000072e+00,1.920040000000000080e-01,3.955100000000000282e-02,-8.659300000000000330e-02
2.718599999999999905e-01,-3.519909999999999983e-01,6.986470000000000180e-01,9.741060000000000274e-01,1.201100000000000084e-02,2.172159999999999924e-01,6.156999999999999973e-02,-1.004172000000000065e+00,6.000799999999999884e-02,-2.757319999999999771e-01,7.153019999999999934e-01,-2.355800000000000116e-01,-2.617999999999999772e-01,-1.051798999999999928e+00,-2.794159999999999977e-01,1.408840000000000092e-01,1.055906000000000011e+00,-4.229930000000000079e-01,2.617999999999999772e-01,5.395550000000000068e-01,2.315679999999999961e-01,4.848089999999999899e-01,2.996190000000000242e-01,5.412519999999999554e-01,-2.058939999999999937e-01,-6.155850000000000488e-01,-1.697960000000000025e-01,3.058200000000000154e-02,2.048030000000000128e-01,-6.797879999999999479e-01,-8.787549999999999528e-01,5.597609999999999530e-01,1.172452999999999967e+00,1.895350000000000090e-01,4.140900000000000136e-02,-8.504699999999999760e-02
2.710150000000000059e-01,-3.524619999999999975e-01,6.987569999999999615e-01,9.738280000000000269e-01,1.184499999999999963e-02,2.179790000000000061e-01,6.328200000000000491e-02,-1.005784000000000011e+00,6.061699999999999727e-02,-2.735079999999999734e-01,7.090250000000000163e-01,-2.308949999999999891e-01,-2.617999999999999772e-01,-1.053093999999999975e+00,-2.798340000000000272e-01,1.411939999999999862e-01,1.054964000000000013e+00,-4.229959999999999831e-01,2.617999999999999772e-01,5.380340000000000122e-01,2.345470000000000055e-01,4.818330000000000113e-01,2.980079999999999951e-01,5.357140000000000235e-01,-2.198529999999999929e-01,-6.111109999999999598e-01,-1.686690000000000134e-01,3.212799999999999684e-02,2.007940000000000003e-01,-6.803289999999999615e-01,-8.814079999999999693e-01,5.621770000000000378e-01,1.174668000000000045e+00,1.874740000000000018e-01,4.355699999999999850e-02,-8.315899999999999681e-02
2.701370000000000160e-01,-3.530130000000000212e-01,6.987959999999999727e-01,9.735420000000000185e-01,1.163999999999999931e-02,2.187719999999999942e-01,6.495299999999999685e-02,-1.007522999999999946e+00,6.132800000000000057e-02,-2.713530000000000109e-01,7.027510000000000145e-01,-2.262579999999999869e-01,-2.617999999999999772e-01,-1.054519999999999902e+00,-2.804690000000000238e-01,1.411550000000000027e-01,1.054022999999999932e+00,-4.228009999999999824e-01,2.617999999999999772e-01,5.364910000000000512e-01,2.378129999999999966e-01,4.788350000000000106e-01,2.960740000000000038e-01,5.297260000000000302e-01,-2.340009999999999868e-01,-6.060769999999999769e-01,-1.674879999999999980e-01,3.334600000000000064e-02,1.967190000000000050e-01,-6.813940000000000552e-01,-8.843069999999999542e-01,5.650760000000000227e-01,1.177199000000000106e+00,1.855050000000000032e-01,4.562900000000000289e-02,-8.113399999999999779e-02
2.691749999999999976e-01,-3.534729999999999817e-01,6.989250000000000185e-01,9.732549999999999812e-01,1.142600000000000039e-02,2.195570000000000022e-01,6.662400000000000266e-02,-1.009247000000000005e+00,6.204699999999999799e-02,-2.691740000000000244e-01,6.964930000000000287e-01,-2.216190000000000104e-01,-2.617999999999999772e-01,-1.055916000000000077e+00,-2.811069999999999958e-01,1.411320000000000074e-01,1.053074999999999983e+00,-4.226130000000000164e-01,2.617999999999999772e-01,5.349239999999999551e-01,2.411329999999999862e-01,4.758769999999999945e-01,2.941710000000000158e-01,5.236340000000000439e-01,-2.481220000000000092e-01,-6.009769999999999834e-01,-1.662899999999999934e-01,3.451300000000000201e-02,1.926360000000000017e-01,-6.825480000000000436e-01,-8.872170000000000334e-01,5.680579999999999519e-01,1.179796000000000067e+00,1.835529999999999939e-01,4.767899999999999916e-02,-7.908900000000000652e-02
2.676810000000000023e-01,-3.535389999999999922e-01,6.990880000000000427e-01,9.731840000000000490e-01,1.070600000000000024e-02,2.201039999999999941e-01,6.597899999999999598e-02,-1.012202000000000046e+00,6.520700000000000107e-02,-2.674540000000000251e-01,6.940530000000000310e-01,-2.157870000000000066e-01,-2.617999999999999772e-01,-1.057838999999999974e+00,-2.794940000000000202e-01,1.401300000000000046e-01,1.049058999999999964e+00,-4.190429999999999988e-01,2.617999999999999772e-01,5.348600000000000021e-01,2.409119999999999873e-01,4.731389999999999763e-01,2.883419999999999872e-01,5.249920000000000142e-01,-2.568030000000000035e-01,-6.010910000000000419e-01,-1.652119999999999977e-01,3.488100000000000228e-02,1.892449999999999966e-01,-6.884550000000000392e-01,-8.857969999999999455e-01,5.720020000000000104e-01,1.176444999999999963e+00,1.798819999999999864e-01,4.867599999999999705e-02,-7.900899999999999590e-02
2.662149999999999794e-01,-3.534970000000000057e-01,6.992739999999999512e-01,9.730990000000000473e-01,1.001999999999999939e-02,2.207389999999999908e-01,6.520600000000000007e-02,-1.015215999999999896e+00,6.848899999999999433e-02,-2.655109999999999970e-01,6.916759999999999575e-01,-2.102060000000000040e-01,-2.617999999999999772e-01,-1.059903999999999957e+00,-2.777780000000000249e-01,1.393510000000000026e-01,1.044861999999999957e+00,-4.154419999999999780e-01,2.617999999999999772e-01,5.348819999999999686e-01,2.402259999999999951e-01,4.703430000000000111e-01,2.827210000000000001e-01,5.266410000000000258e-01,-2.653869999999999840e-01,-6.018750000000000488e-01,-1.642790000000000084e-01,3.578300000000000231e-02,1.864010000000000111e-01,-6.944690000000000030e-01,-8.838829999999999742e-01,5.759859999999999980e-01,1.172752999999999934e+00,1.761659999999999893e-01,5.021799999999999875e-02,-7.927900000000000225e-02
2.648469999999999991e-01,-3.534570000000000212e-01,6.994650000000000034e-01,9.730130000000000168e-01,9.329999999999999752e-03,2.213799999999999935e-01,6.441299999999999804e-02,-1.018223000000000100e+00,7.180599999999999483e-02,-2.635469999999999757e-01,6.893479999999999608e-01,-2.046659999999999868e-01,-2.617999999999999772e-01,-1.061984000000000039e+00,-2.760349999999999748e-01,1.386259999999999992e-01,1.040688000000000057e+00,-4.118709999999999871e-01,2.617999999999999772e-01,5.349300000000000166e-01,2.394799999999999984e-01,4.675340000000000051e-01,2.771569999999999867e-01,5.283050000000000246e-01,-2.739409999999999901e-01,-6.027420000000000000e-01,-1.633570000000000022e-01,3.674399999999999888e-02,1.835809999999999942e-01,-7.004599999999999715e-01,-8.819139999999999757e-01,5.799440000000000150e-01,1.169040000000000079e+00,1.724529999999999952e-01,5.179600000000000176e-02,-7.956299999999999484e-02
2.639380000000000059e-01,-3.526400000000000090e-01,7.005580000000000140e-01,9.730459999999999665e-01,7.879999999999999852e-03,2.216619999999999979e-01,6.312800000000000356e-02,-1.017006000000000077e+00,7.658900000000000430e-02,-2.598400000000000154e-01,6.830150000000000388e-01,-2.018810000000000049e-01,-2.617999999999999772e-01,-1.058103999999999933e+00,-2.714699999999999891e-01,1.384390000000000065e-01,1.029598999999999931e+00,-4.071629999999999971e-01,2.617999999999999772e-01,5.359709999999999752e-01,2.381759999999999988e-01,4.642319999999999780e-01,2.672189999999999843e-01,5.291970000000000285e-01,-2.833890000000000020e-01,-6.020240000000000036e-01,-1.601140000000000063e-01,3.749600000000000155e-02,1.812410000000000132e-01,-7.051749999999999963e-01,-8.784039999999999626e-01,5.807820000000000205e-01,1.167532000000000014e+00,1.710959999999999981e-01,5.291300000000000170e-02,-8.111100000000000254e-02
2.629009999999999958e-01,-3.523450000000000193e-01,7.013800000000000034e-01,9.731030000000000513e-01,6.375999999999999723e-03,2.216950000000000032e-01,6.229400000000000215e-02,-1.016896999999999940e+00,8.134299999999999864e-02,-2.573679999999999857e-01,6.783529999999999838e-01,-1.967659999999999965e-01,-2.617999999999999772e-01,-1.054488000000000092e+00,-2.670779999999999821e-01,1.378479999999999983e-01,1.020407999999999982e+00,-4.032769999999999966e-01,2.617999999999999772e-01,5.368659999999999544e-01,2.368270000000000097e-01,4.615690000000000071e-01,2.564350000000000240e-01,5.308490000000000153e-01,-2.928430000000000200e-01,-6.011090000000000044e-01,-1.569929999999999937e-01,3.814300000000000329e-02,1.789650000000000130e-01,-7.100229999999999597e-01,-8.745629999999999793e-01,5.807799999999999629e-01,1.166171000000000069e+00,1.697639999999999982e-01,5.402499999999999664e-02,-8.272500000000000686e-02
2.618719999999999937e-01,-3.520539999999999781e-01,7.022030000000000216e-01,9.731570000000000498e-01,4.883000000000000188e-03,2.217250000000000054e-01,6.147500000000000187e-02,-1.016785999999999968e+00,8.605599999999999361e-02,-2.548679999999999835e-01,6.737450000000000383e-01,-1.916950000000000043e-01,-2.617999999999999772e-01,-1.050901000000000085e+00,-2.627329999999999943e-01,1.373449999999999949e-01,1.011303999999999981e+00,-3.994639999999999858e-01,2.617999999999999772e-01,5.377499999999999503e-01,2.354489999999999916e-01,4.589090000000000114e-01,2.456129999999999980e-01,5.324600000000000444e-01,-3.023339999999999916e-01,-6.001779999999999893e-01,-1.538940000000000030e-01,3.877300000000000191e-02,1.766939999999999900e-01,-7.148020000000000485e-01,-8.707260000000000000e-01,5.806860000000000355e-01,1.164798999999999918e+00,1.684140000000000081e-01,5.512700000000000239e-02,-8.433699999999999530e-02
2.611290000000000000e-01,-3.518499999999999961e-01,7.028790000000000315e-01,9.735439999999999650e-01,2.765999999999999796e-03,2.208100000000000063e-01,5.872100000000000236e-02,-1.015049000000000090e+00,9.316000000000000669e-02,-2.583170000000000188e-01,6.734740000000000171e-01,-1.911589999999999956e-01,-2.617999999999999772e-01,-1.046068999999999916e+00,-2.562030000000000141e-01,1.344809999999999894e-01,1.002248000000000028e+00,-3.950110000000000010e-01,2.617999999999999772e-01,5.375180000000000513e-01,2.349580000000000002e-01,4.548789999999999778e-01,2.401629999999999876e-01,5.467039999999999678e-01,-3.080849999999999977e-01,-6.019539999999999891e-01,-1.545390000000000097e-01,3.924699999999999717e-02,1.716260000000000008e-01,-7.227729999999999988e-01,-8.673049999999999926e-01,5.829649999999999554e-01,1.159345000000000070e+00,1.633189999999999920e-01,5.701599999999999724e-02,-8.343299999999999328e-02
2.605180000000000273e-01,-3.508740000000000192e-01,7.042070000000000274e-01,9.739219999999999544e-01,8.639999999999999677e-04,2.200249999999999984e-01,5.535899999999999849e-02,-1.011886999999999981e+00,1.003389999999999976e-01,-2.574150000000000049e-01,6.713479999999999448e-01,-1.894049999999999900e-01,-2.617999999999999772e-01,-1.039479000000000042e+00,-2.496800000000000130e-01,1.327750000000000041e-01,9.888559999999999572e-01,-3.882090000000000263e-01,2.617999999999999772e-01,5.374970000000000026e-01,2.346499999999999975e-01,4.508909999999999862e-01,2.352440000000000087e-01,5.596649999999999681e-01,-3.140649999999999831e-01,-6.038639999999999564e-01,-1.551210000000000089e-01,3.981200000000000017e-02,1.665349999999999886e-01,-7.305730000000000279e-01,-8.645760000000000112e-01,5.859720000000000484e-01,1.153637000000000024e+00,1.580650000000000110e-01,5.881200000000000316e-02,-8.248999999999999388e-02
2.598849999999999771e-01,-3.498890000000000056e-01,7.054789999999999672e-01,9.743000000000000549e-01,-1.062999999999999926e-03,2.191750000000000087e-01,5.196699999999999930e-02,-1.008518000000000026e+00,1.076000000000000012e-01,-2.564980000000000038e-01,6.691780000000000506e-01,-1.876500000000000112e-01,-2.617999999999999772e-01,-1.032699000000000034e+00,-2.430879999999999985e-01,1.312069999999999903e-01,9.753739999999999633e-01,-3.813730000000000175e-01,2.617999999999999772e-01,5.374670000000000281e-01,2.345069999999999932e-01,4.470430000000000237e-01,2.302720000000000045e-01,5.725550000000000361e-01,-3.201309999999999989e-01,-6.057709999999999484e-01,-1.556780000000000108e-01,4.038400000000000323e-02,1.614349999999999952e-01,-7.384129999999999860e-01,-8.619499999999999940e-01,5.890400000000000080e-01,1.147939000000000043e+00,1.528400000000000036e-01,6.060999999999999721e-02,-8.150799999999999712e-02
2.595180000000000264e-01,-3.479050000000000198e-01,7.071499999999999453e-01,9.749790000000000401e-01,-5.009999999999999697e-03,2.167779999999999985e-01,4.896500000000000158e-02,-1.004987999999999992e+00,1.138559999999999989e-01,-2.637349999999999972e-01,6.731470000000000509e-01,-1.859530000000000072e-01,-2.617999999999999772e-01,-1.016634999999999955e+00,-2.321749999999999925e-01,1.306660000000000044e-01,9.550110000000000543e-01,-3.744149999999999978e-01,2.617999999999999772e-01,5.335400000000000142e-01,2.354890000000000039e-01,4.416140000000000065e-01,2.143319999999999947e-01,5.951640000000000263e-01,-3.210290000000000088e-01,-6.061400000000000121e-01,-1.573579999999999979e-01,3.952699999999999964e-02,1.568130000000000079e-01,-7.432830000000000270e-01,-8.562009999999999899e-01,5.913129999999999775e-01,1.146322000000000063e+00,1.473190000000000055e-01,6.231099999999999833e-02,-8.081599999999999895e-02
2.591260000000000230e-01,-3.458570000000000255e-01,7.088590000000000169e-01,9.756749999999999590e-01,-8.978999999999999135e-03,2.141740000000000033e-01,4.591200000000000142e-02,-1.000696000000000030e+00,1.207400000000000001e-01,-2.689799999999999969e-01,6.765240000000000142e-01,-1.847439999999999916e-01,-2.617999999999999772e-01,-9.998719999999999830e-01,-2.211559999999999915e-01,1.306420000000000081e-01,9.341390000000000526e-01,-3.672210000000000196e-01,2.617999999999999772e-01,5.296239999999999837e-01,2.369709999999999872e-01,4.365689999999999849e-01,1.980089999999999906e-01,6.177559999999999718e-01,-3.228249999999999731e-01,-6.066139999999999866e-01,-1.591839999999999922e-01,3.897599999999999676e-02,1.526969999999999994e-01,-7.477740000000000498e-01,-8.505359999999999587e-01,5.934770000000000323e-01,1.144241000000000064e+00,1.417130000000000056e-01,6.443999999999999728e-02,-8.047300000000000286e-02
2.587139999999999995e-01,-3.438709999999999822e-01,7.106940000000000479e-01,9.763469999999999649e-01,-1.297300000000000016e-02,2.115170000000000106e-01,4.287599999999999745e-02,-9.962779999999999969e-01,1.275529999999999997e-01,-2.743380000000000263e-01,6.800300000000000233e-01,-1.836599999999999899e-01,-2.617999999999999772e-01,-9.830560000000000409e-01,-2.100680000000000047e-01,1.310419999999999918e-01,9.134379999999999722e-01,-3.600689999999999724e-01,2.617999999999999772e-01,5.256189999999999474e-01,2.386439999999999950e-01,4.315669999999999784e-01,1.815869999999999984e-01,6.403999999999999693e-01,-3.253489999999999993e-01,-6.075209999999999777e-01,-1.609849999999999892e-01,3.896899999999999670e-02,1.490039999999999976e-01,-7.519569999999999865e-01,-8.448219999999999619e-01,5.956399999999999473e-01,1.141548000000000007e+00,1.361539999999999973e-01,6.724900000000000322e-02,-8.049299999999999511e-02
2.610410000000000230e-01,-3.352049999999999752e-01,7.161669999999999980e-01,9.779700000000000060e-01,-1.518199999999999932e-02,2.056820000000000037e-01,3.222400000000000264e-02,-9.700419999999999598e-01,1.380850000000000133e-01,-2.762569999999999748e-01,6.707710000000000061e-01,-1.835660000000000069e-01,-2.617999999999999772e-01,-9.415710000000000468e-01,-1.986120000000000108e-01,1.388369999999999882e-01,8.551670000000000105e-01,-3.387859999999999761e-01,2.617999999999999772e-01,5.152470000000000105e-01,2.374229999999999952e-01,4.257050000000000001e-01,1.528650000000000009e-01,6.487159999999999593e-01,-3.372510000000000230e-01,-5.985089999999999577e-01,-1.590399999999999869e-01,3.860399999999999943e-02,1.469570000000000043e-01,-7.463950000000000307e-01,-8.368640000000000523e-01,5.974559999999999871e-01,1.137393000000000098e+00,1.333759999999999946e-01,6.736599999999999533e-02,-8.232399999999999440e-02
2.639020000000000254e-01,-3.266830000000000012e-01,7.215719999999999912e-01,9.796629999999999505e-01,-1.723200000000000079e-02,1.986330000000000040e-01,2.256299999999999972e-02,-9.409610000000000474e-01,1.466059999999999863e-01,-2.785469999999999891e-01,6.624729999999999785e-01,-1.847840000000000038e-01,-2.617999999999999772e-01,-8.962350000000000039e-01,-1.897500000000000020e-01,1.467289999999999983e-01,7.978830000000000089e-01,-3.195310000000000095e-01,2.617999999999999772e-01,5.030769999999999964e-01,2.378689999999999971e-01,4.213790000000000036e-01,1.237209999999999976e-01,6.564520000000000355e-01,-3.508939999999999837e-01,-5.889029999999999543e-01,-1.568599999999999994e-01,3.786599999999999688e-02,1.448750000000000038e-01,-7.391969999999999930e-01,-8.296559999999999491e-01,5.986719999999999819e-01,1.132881999999999945e+00,1.307520000000000071e-01,6.741900000000000670e-02,-8.393299999999999372e-02
2.672479999999999856e-01,-3.183000000000000274e-01,7.266169999999999574e-01,9.812790000000000123e-01,-1.904799999999999896e-02,1.911480000000000123e-01,1.385899999999999979e-02,-9.111219999999999875e-01,1.529830000000000079e-01,-2.812549999999999772e-01,6.559319999999999595e-01,-1.874810000000000088e-01,-2.617999999999999772e-01,-8.495780000000000554e-01,-1.833309999999999940e-01,1.549099999999999921e-01,7.430369999999999475e-01,-3.027369999999999783e-01,2.617999999999999772e-01,4.888950000000000240e-01,2.382489999999999886e-01,4.170789999999999775e-01,9.559700000000000142e-02,6.641380000000000061e-01,-3.652759999999999896e-01,-5.796850000000000058e-01,-1.546589999999999909e-01,3.709400000000000197e-02,1.427970000000000073e-01,-7.307240000000000402e-01,-8.223249999999999726e-01,5.997759999999999758e-01,1.128231999999999902e+00,1.282270000000000076e-01,6.748999999999999444e-02,-8.523799999999999433e-02
2.692459999999999853e-01,-3.096430000000000016e-01,7.302459999999999507e-01,9.831720000000000459e-01,-2.288499999999999909e-02,1.812300000000000022e-01,2.171000000000000187e-03,-8.797939999999999650e-01,1.619549999999999879e-01,-2.912690000000000001e-01,6.611299999999999955e-01,-2.005109999999999948e-01,-2.617999999999999772e-01,-8.039539999999999464e-01,-1.724580000000000002e-01,1.653090000000000115e-01,6.889870000000000161e-01,-2.751689999999999969e-01,2.617999999999999772e-01,4.656660000000000244e-01,2.347170000000000090e-01,4.136239999999999917e-01,5.444000000000000228e-02,6.806280000000000108e-01,-3.851459999999999884e-01,-5.383270000000000000e-01,-1.510019999999999973e-01,3.815999999999999948e-02,1.424199999999999910e-01,-7.241959999999999509e-01,-8.065790000000000459e-01,5.982539999999999525e-01,1.121822000000000097e+00,1.287659999999999916e-01,6.657799999999999829e-02,-9.106499999999999317e-02
2.711500000000000021e-01,-3.012310000000000265e-01,7.337630000000000541e-01,9.848160000000000247e-01,-2.697400000000000145e-02,1.712299999999999933e-01,-9.469999999999999252e-03,-8.480649999999999578e-01,1.706880000000000064e-01,-3.012230000000000185e-01,6.669349999999999445e-01,-2.140640000000000043e-01,-2.617999999999999772e-01,-7.583119999999999861e-01,-1.620810000000000028e-01,1.765539999999999887e-01,6.362419999999999742e-01,-2.480269999999999975e-01,2.617999999999999772e-01,4.425250000000000017e-01,2.313439999999999941e-01,4.102480000000000016e-01,1.157500000000000022e-02,6.959159999999999791e-01,-4.072009999999999796e-01,-4.948290000000000188e-01,-1.476709999999999967e-01,3.753599999999999992e-02,1.419320000000000026e-01,-7.167689999999999895e-01,-7.909880000000000244e-01,5.963509999999999645e-01,1.115499000000000018e+00,1.292830000000000090e-01,6.562099999999999878e-02,-9.710199999999999387e-02
2.730480000000000129e-01,-2.928520000000000012e-01,7.370830000000000437e-01,9.861760000000000526e-01,-3.132100000000000162e-02,1.613469999999999904e-01,-2.103899999999999867e-02,-8.162859999999999561e-01,1.791169999999999984e-01,-3.111240000000000117e-01,6.731340000000000101e-01,-2.279599999999999960e-01,-2.617999999999999772e-01,-7.129269999999999774e-01,-1.522499999999999964e-01,1.885880000000000056e-01,5.844869999999999788e-01,-2.212899999999999867e-01,2.617999999999999772e-01,4.191150000000000153e-01,2.279859999999999942e-01,4.065869999999999762e-01,-3.135399999999999993e-02,7.097599999999999465e-01,-4.306470000000000020e-01,-4.514639999999999764e-01,-1.442779999999999896e-01,3.659799999999999859e-02,1.414779999999999927e-01,-7.083899999999999642e-01,-7.756410000000000249e-01,5.943610000000000282e-01,1.108908999999999923e+00,1.297480000000000022e-01,6.460299999999999376e-02,-1.030370000000000036e-01
2.711560000000000081e-01,-2.890889999999999849e-01,7.389040000000000052e-01,9.865869999999999918e-01,-4.078899999999999887e-02,1.538180000000000103e-01,-3.636999999999999955e-02,-8.037879999999999470e-01,2.156879999999999908e-01,-3.005189999999999806e-01,6.838980000000000059e-01,-2.329060000000000019e-01,-2.617999999999999772e-01,-6.833050000000000512e-01,-1.276420000000000055e-01,1.828909999999999980e-01,5.324389999999999956e-01,-1.765380000000000005e-01,2.617999999999999772e-01,3.909619999999999762e-01,2.212570000000000092e-01,3.982870000000000021e-01,-8.283500000000000585e-02,7.344370000000000065e-01,-4.636279999999999846e-01,-3.951939999999999897e-01,-1.460039999999999949e-01,3.634600000000000330e-02,1.334110000000000018e-01,-7.157559999999999478e-01,-7.484819999999999807e-01,5.917700000000000182e-01,1.075091999999999937e+00,1.314649999999999985e-01,6.166599999999999859e-02,-1.035299999999999970e-01
2.694869999999999766e-01,-2.851310000000000233e-01,7.408169999999999478e-01,9.863020000000000120e-01,-5.075099999999999750e-02,1.477380000000000082e-01,-5.297199999999999825e-02,-7.932909999999999684e-01,2.540040000000000076e-01,-2.889889999999999959e-01,6.970389999999999642e-01,-2.389519999999999977e-01,-2.617999999999999772e-01,-6.552569999999999784e-01,-1.012089999999999934e-01,1.794409999999999894e-01,4.781039999999999734e-01,-1.305949999999999889e-01,2.617999999999999772e-01,3.652159999999999851e-01,2.136699999999999988e-01,3.868380000000000152e-01,-1.338679999999999870e-01,7.572320000000000162e-01,-4.984750000000000014e-01,-3.386069999999999913e-01,-1.479949999999999877e-01,3.525600000000000261e-02,1.246199999999999947e-01,-7.205310000000000326e-01,-7.206810000000000160e-01,5.886900000000000466e-01,1.039797000000000082e+00,1.333419999999999883e-01,5.982400000000000218e-02,-1.039820000000000050e-01
2.678289999999999837e-01,-2.812060000000000115e-01,7.428010000000000446e-01,9.854039999999999466e-01,-6.142199999999999743e-02,1.420909999999999951e-01,-7.081999999999999407e-02,-7.825999999999999623e-01,2.948939999999999895e-01,-2.769099999999999895e-01,7.127350000000000074e-01,-2.467550000000000021e-01,-2.617999999999999772e-01,-6.266420000000000323e-01,-7.250700000000000200e-02,1.782140000000000113e-01,4.220889999999999920e-01,-8.398100000000000009e-02,2.617999999999999772e-01,3.414800000000000058e-01,2.067249999999999921e-01,3.740290000000000004e-01,-1.833410000000000040e-01,7.774990000000000512e-01,-5.347600000000000131e-01,-2.831839999999999913e-01,-1.494779999999999998e-01,3.406200000000000200e-02,1.154590000000000061e-01,-7.221940000000000026e-01,-6.921880000000000255e-01,5.849029999999999507e-01,1.003341000000000038e+00,1.352079999999999949e-01,5.790300000000000308e-02,-1.044530000000000042e-01
2.590379999999999905e-01,-2.682370000000000032e-01,7.425749999999999851e-01,9.835040000000000449e-01,-6.851100000000000245e-02,1.402359999999999995e-01,-9.143400000000000138e-02,-8.015299999999999647e-01,3.286339999999999817e-01,-2.457900000000000085e-01,7.420440000000000369e-01,-2.414389999999999870e-01,-2.570680000000000187e-01,-6.268120000000000358e-01,-6.811300000000000687e-02,1.522640000000000104e-01,4.222670000000000035e-01,-7.396800000000000597e-02,2.617999999999999772e-01,3.247269999999999879e-01,2.020399999999999974e-01,3.642790000000000195e-01,-2.464679999999999926e-01,7.880030000000000090e-01,-5.577520000000000255e-01,-1.431939999999999880e-01,-1.614170000000000049e-01,3.607199999999999990e-02,1.130940000000000001e-01,-7.557340000000000169e-01,-6.830110000000000348e-01,5.946649999999999991e-01,9.719109999999999694e-01,1.269689999999999985e-01,5.745499999999999913e-02,-1.067509999999999987e-01
2.556339999999999724e-01,-2.491770000000000096e-01,7.449599999999999556e-01,9.823060000000000125e-01,-6.635199999999999432e-02,1.402780000000000138e-01,-1.048580000000000068e-01,-8.088459999999999539e-01,3.258480000000000265e-01,-1.898690000000000100e-01,7.610590000000000410e-01,-2.348750000000000004e-01,-2.179159999999999986e-01,-6.169470000000000232e-01,-9.639399999999999358e-02,1.270070000000000088e-01,4.115030000000000077e-01,-6.715899999999999648e-02,2.617999999999999772e-01,2.893640000000000101e-01,1.924180000000000057e-01,3.512959999999999972e-01,-3.092340000000000089e-01,7.789150000000000240e-01,-5.833679999999999977e-01,4.918999999999999762e-03,-1.716189999999999938e-01,3.283500000000000307e-02,1.082280000000000048e-01,-7.832050000000000400e-01,-6.819779999999999731e-01,6.094680000000000097e-01,9.398140000000000382e-01,1.197199999999999931e-01,5.558600000000000346e-02,-1.072049999999999947e-01
2.529049999999999909e-01,-2.301340000000000052e-01,7.474359999999999893e-01,9.812349999999999683e-01,-6.367299999999999349e-02,1.393870000000000109e-01,-1.170270000000000060e-01,-8.108710000000000084e-01,3.216439999999999855e-01,-1.321539999999999937e-01,7.762489999999999668e-01,-2.281650000000000067e-01,-1.772670000000000079e-01,-6.047890000000000210e-01,-1.269220000000000070e-01,1.002910000000000051e-01,4.027089999999999836e-01,-6.161500000000000310e-02,2.617999999999999772e-01,2.508429999999999827e-01,1.834909999999999874e-01,3.398660000000000014e-01,-3.697849999999999748e-01,7.644800000000000484e-01,-6.051370000000000360e-01,1.522910000000000097e-01,-1.800750000000000128e-01,2.894400000000000098e-02,1.017829999999999985e-01,-8.073010000000000463e-01,-6.791960000000000219e-01,6.225969999999999560e-01,9.048810000000000464e-01,1.133770000000000056e-01,5.328499999999999903e-02,-1.068370000000000014e-01
2.497910000000000130e-01,-2.129300000000000082e-01,7.495979999999999865e-01,9.789600000000000524e-01,-5.947000000000000203e-02,1.394140000000000101e-01,-1.366140000000000132e-01,-8.059889999999999555e-01,3.252300000000000191e-01,-7.685200000000000364e-02,7.780629999999999491e-01,-2.218900000000000039e-01,-1.471570000000000100e-01,-5.914110000000000200e-01,-1.482159999999999866e-01,7.260099999999999887e-02,4.231249999999999734e-01,-7.114399999999999891e-02,2.617999999999999772e-01,2.237210000000000032e-01,1.673669999999999880e-01,3.235219999999999763e-01,-4.246349999999999847e-01,7.471410000000000551e-01,-6.145009999999999639e-01,2.434280000000000055e-01,-1.834979999999999944e-01,2.443999999999999992e-02,9.445900000000000130e-02,-8.373159999999999492e-01,-6.669770000000000421e-01,6.340209999999999457e-01,8.617340000000000000e-01,1.017880000000000035e-01,5.352300000000000113e-02,-1.000230000000000008e-01
2.473740000000000105e-01,-1.957339999999999913e-01,7.517949999999999910e-01,9.763540000000000552e-01,-5.525700000000000056e-02,1.393590000000000106e-01,-1.557530000000000026e-01,-7.991190000000000238e-01,3.282340000000000257e-01,-2.091099999999999903e-02,7.792280000000000317e-01,-2.169119999999999937e-01,-1.159799999999999998e-01,-5.790089999999999959e-01,-1.698939999999999895e-01,4.508600000000000108e-02,4.470640000000000169e-01,-8.237400000000000277e-02,2.617999999999999772e-01,1.951539999999999941e-01,1.518539999999999890e-01,3.069680000000000186e-01,-4.702609999999999846e-01,7.258980000000000432e-01,-6.147409999999999819e-01,3.265989999999999727e-01,-1.852479999999999960e-01,2.200600000000000125e-02,8.738400000000000334e-02,-8.602250000000000174e-01,-6.506349999999999634e-01,6.405999999999999472e-01,8.135250000000000536e-01,9.098599999999999743e-02,5.324999999999999872e-02,-9.194499999999999895e-02
2.458529999999999882e-01,-1.784630000000000105e-01,7.540080000000000116e-01,9.734410000000000007e-01,-5.124299999999999689e-02,1.391100000000000114e-01,-1.744549999999999990e-01,-7.897079999999999655e-01,3.308389999999999942e-01,3.532699999999999729e-02,7.792869999999999520e-01,-2.132370000000000099e-01,-8.441999999999999504e-02,-5.662369999999999903e-01,-1.916279999999999928e-01,1.746299999999999936e-02,4.726170000000000093e-01,-9.436600000000000543e-02,2.617999999999999772e-01,1.658040000000000069e-01,1.374759999999999871e-01,2.902049999999999907e-01,-5.062050000000000161e-01,6.999840000000000506e-01,-6.054340000000000277e-01,4.025699999999999834e-01,-1.855449999999999877e-01,2.001700000000000007e-02,8.047200000000000186e-02,-8.729170000000000540e-01,-6.292670000000000208e-01,6.403759999999999453e-01,7.588169999999999638e-01,8.103699999999999792e-02,5.231199999999999739e-02,-8.357499999999999651e-02
2.457449999999999912e-01,-1.589369999999999949e-01,7.550599999999999534e-01,9.711790000000000145e-01,-4.233399999999999663e-02,1.372029999999999916e-01,-1.902459999999999984e-01,-7.754940000000000166e-01,3.130370000000000097e-01,9.010799999999999366e-02,7.724379999999999580e-01,-2.123649999999999982e-01,-5.131700000000000150e-02,-5.405419999999999670e-01,-2.370669999999999999e-01,6.462999999999999995e-03,5.001910000000000522e-01,-9.888700000000000268e-02,2.617999999999999772e-01,1.335089999999999888e-01,1.262020000000000086e-01,2.738369999999999971e-01,-5.391430000000000389e-01,6.219839999999999813e-01,-6.075469999999999482e-01,4.173930000000000140e-01,-1.708069999999999866e-01,1.882299999999999945e-02,6.918499999999999650e-02,-8.701910000000000478e-01,-6.020649999999999613e-01,6.387960000000000305e-01,7.130800000000000471e-01,6.875599999999999767e-02,5.190899999999999681e-02,-7.432199999999999918e-02
2.466579999999999884e-01,-1.401920000000000111e-01,7.559280000000000443e-01,9.688879999999999715e-01,-3.298299999999999843e-02,1.341700000000000115e-01,-2.053449999999999998e-01,-7.570869999999999544e-01,2.927069999999999950e-01,1.450299999999999923e-01,7.631059999999999510e-01,-2.125660000000000049e-01,-1.885699999999999876e-02,-5.129890000000000283e-01,-2.844220000000000081e-01,-4.150000000000000043e-03,5.301139999999999741e-01,-1.053240000000000010e-01,2.617999999999999772e-01,1.008300000000000030e-01,1.143499999999999933e-01,2.587059999999999915e-01,-5.575539999999999941e-01,5.386750000000000149e-01,-5.930360000000000076e-01,4.223410000000000220e-01,-1.546180000000000054e-01,1.861700000000000160e-02,5.918400000000000050e-02,-8.531640000000000335e-01,-5.694449999999999790e-01,6.269160000000000288e-01,6.593860000000000277e-01,5.761399999999999855e-02,4.958499999999999713e-02,-6.412900000000000544e-02
2.460970000000000102e-01,-1.254740000000000022e-01,7.574999999999999512e-01,9.657149999999999901e-01,-2.709800000000000056e-02,1.314460000000000073e-01,-2.222230000000000039e-01,-7.379099999999999548e-01,2.851790000000000158e-01,1.918489999999999918e-01,7.493410000000000348e-01,-2.095700000000000063e-01,4.869000000000000064e-03,-4.856570000000000054e-01,-3.162619999999999876e-01,-2.010299999999999934e-02,5.619579999999999576e-01,-1.127610000000000001e-01,2.508790000000000187e-01,7.424100000000000144e-02,1.021939999999999932e-01,2.449639999999999873e-01,-5.642859999999999543e-01,4.592749999999999888e-01,-5.647999999999999687e-01,4.171759999999999913e-01,-1.378409999999999913e-01,1.730100000000000041e-02,4.874699999999999867e-02,-8.218440000000000190e-01,-5.254069999999999574e-01,5.989600000000000479e-01,5.986019999999999675e-01,4.729699999999999876e-02,4.618900000000000089e-02,-5.468599999999999850e-02
2.429230000000000000e-01,-1.172549999999999981e-01,7.596270000000000522e-01,9.600410000000000332e-01,-2.637099999999999861e-02,1.324599999999999944e-01,-2.451139999999999985e-01,-7.269160000000000066e-01,3.019140000000000157e-01,2.190690000000000137e-01,7.317399999999999460e-01,-2.031739999999999935e-01,1.031600000000000052e-02,-4.556390000000000162e-01,-3.167510000000000048e-01,-4.176799999999999957e-02,5.868679999999999453e-01,-1.125739999999999935e-01,2.345639999999999947e-01,7.244799999999999851e-02,9.332300000000000317e-02,2.304410000000000069e-01,-5.567809999999999704e-01,4.005489999999999884e-01,-5.217859999999999721e-01,4.088579999999999992e-01,-1.177979999999999999e-01,1.693499999999999867e-02,4.140200000000000130e-02,-7.727789999999999937e-01,-4.659200000000000008e-01,5.545949999999999491e-01,5.393320000000000336e-01,3.594599999999999879e-02,4.452400000000000108e-02,-4.834399999999999809e-02
2.397910000000000041e-01,-1.091160000000000047e-01,7.618449999999999944e-01,9.535179999999999767e-01,-2.674400000000000041e-02,1.341900000000000037e-01,-2.684810000000000252e-01,-7.175420000000000131e-01,3.214500000000000135e-01,2.444220000000000004e-01,7.161180000000000323e-01,-1.984269999999999923e-01,1.487499999999999933e-02,-4.258609999999999896e-01,-3.139680000000000248e-01,-6.364000000000000212e-02,6.107310000000000239e-01,-1.119649999999999951e-01,2.172449999999999937e-01,7.236499999999999877e-02,8.689099999999999602e-02,2.151559999999999861e-01,-5.385609999999999564e-01,3.400839999999999974e-01,-4.679630000000000178e-01,3.929119999999999835e-01,-9.784500000000000142e-02,1.582899999999999932e-02,3.532099999999999823e-02,-7.115369999999999751e-01,-4.028700000000000059e-01,5.011010000000000186e-01,4.741929999999999756e-01,2.510599999999999984e-02,4.187099999999999850e-02,-4.220999999999999752e-02
2.365669999999999995e-01,-1.009359999999999979e-01,7.640209999999999502e-01,9.463559999999999750e-01,-2.733599999999999919e-02,1.362839999999999885e-01,-2.917009999999999881e-01,-7.085099999999999731e-01,3.413490000000000135e-01,2.695170000000000066e-01,7.009379999999999500e-01,-1.940119999999999900e-01,1.924500000000000169e-02,-3.961910000000000154e-01,-3.105840000000000267e-01,-8.531900000000000595e-02,6.345929999999999627e-01,-1.116660000000000014e-01,1.995180000000000009e-01,7.227100000000000191e-02,8.140300000000000313e-02,1.997809999999999864e-01,-5.130959999999999965e-01,2.795799999999999952e-01,-4.052069999999999839e-01,3.722139999999999893e-01,-7.810300000000000575e-02,1.371700000000000003e-02,3.022299999999999986e-02,-6.425920000000000520e-01,-3.384900000000000131e-01,4.413159999999999861e-01,4.058809999999999918e-01,1.493799999999999989e-02,3.773699999999999971e-02,-3.557799999999999851e-02
2.321739999999999915e-01,-9.400500000000000522e-02,7.659160000000000412e-01,9.394580000000000153e-01,-2.638800000000000173e-02,1.367520000000000124e-01,-3.130830000000000002e-01,-6.985980000000000523e-01,3.604160000000000141e-01,2.977380000000000027e-01,6.851570000000000160e-01,-1.828930000000000000e-01,2.157399999999999943e-02,-3.597679999999999767e-01,-3.159509999999999819e-01,-1.057939999999999992e-01,6.246709999999999763e-01,-1.008249999999999980e-01,1.825950000000000073e-01,7.650300000000000156e-02,7.543999999999999317e-02,1.885950000000000126e-01,-4.427880000000000149e-01,2.276590000000000003e-01,-3.435929999999999818e-01,3.249730000000000119e-01,-6.063600000000000240e-02,1.177300000000000048e-02,2.495100000000000096e-02,-5.500610000000000221e-01,-2.789369999999999905e-01,3.802369999999999917e-01,3.400830000000000242e-01,5.525000000000000397e-03,3.449200000000000182e-02,-2.803399999999999989e-02
2.277420000000000000e-01,-8.707299999999999762e-02,7.679310000000000302e-01,9.320610000000000284e-01,-2.550699999999999842e-02,1.374319999999999986e-01,-3.342510000000000203e-01,-6.882169999999999677e-01,3.790250000000000008e-01,3.260270000000000112e-01,6.686020000000000296e-01,-1.717110000000000025e-01,2.414300000000000126e-02,-3.228110000000000146e-01,-3.208260000000000001e-01,-1.268309999999999993e-01,6.139620000000000077e-01,-8.995200000000000418e-02,1.654839999999999922e-01,8.005700000000000316e-02,6.972299999999999331e-02,1.765859999999999930e-01,-3.731189999999999785e-01,1.798800000000000121e-01,-2.820199999999999929e-01,2.779769999999999741e-01,-4.404700000000000282e-02,1.041399999999999965e-02,2.125799999999999912e-02,-4.598149999999999737e-01,-2.215959999999999874e-01,3.210549999999999793e-01,2.767950000000000133e-01,-3.769999999999999914e-03,3.096000000000000141e-02,-2.120000000000000009e-02
2.233430000000000137e-01,-8.007100000000000328e-02,7.699019999999999753e-01,9.241730000000000222e-01,-2.471699999999999939e-02,1.382839999999999903e-01,-3.552060000000000217e-01,-6.778549999999999853e-01,3.974420000000000175e-01,3.544120000000000048e-01,6.520550000000000512e-01,-1.604839999999999878e-01,2.661900000000000030e-02,-2.859039999999999915e-01,-3.251910000000000078e-01,-1.481879999999999864e-01,6.034690000000000332e-01,-7.939499999999999336e-02,1.482940000000000091e-01,8.335599999999999954e-02,6.440800000000000691e-02,1.645500000000000018e-01,-3.101749999999999785e-01,1.367760000000000087e-01,-2.244460000000000066e-01,2.361939999999999873e-01,-2.869400000000000076e-02,9.171000000000000332e-03,1.903699999999999837e-02,-3.781939999999999746e-01,-1.691179999999999906e-01,2.676790000000000003e-01,2.186539999999999873e-01,-1.281299999999999974e-02,2.823000000000000162e-02,-1.532999999999999988e-02
2.186140000000000028e-01,-7.406400000000000483e-02,7.713719999999999466e-01,9.168089999999999851e-01,-2.344200000000000103e-02,1.381259999999999988e-01,-3.739419999999999966e-01,-6.667469999999999786e-01,4.141730000000000134e-01,3.810910000000000131e-01,6.359420000000000073e-01,-1.489550000000000041e-01,2.799899999999999958e-02,-2.577459999999999751e-01,-3.300199999999999800e-01,-1.633610000000000062e-01,5.734430000000000360e-01,-6.606700000000000073e-02,1.408520000000000050e-01,8.876199999999999368e-02,5.734299999999999814e-02,1.569409999999999972e-01,-2.474760000000000015e-01,8.925700000000000300e-02,-1.847999999999999921e-01,1.924980000000000024e-01,-1.431900000000000013e-02,9.400999999999999635e-03,1.184900000000000016e-02,-2.997130000000000072e-01,-1.206890000000000046e-01,2.102439999999999864e-01,1.677669999999999995e-01,-1.249600000000000016e-02,2.395399999999999960e-02,-1.140399999999999921e-02
2.138230000000000131e-01,-6.798600000000000476e-02,7.729019999999999779e-01,9.090709999999999624e-01,-2.204899999999999916e-02,1.381610000000000060e-01,-3.924480000000000190e-01,-6.554910000000000458e-01,4.303819999999999868e-01,4.085170000000000190e-01,6.191290000000000404e-01,-1.370039999999999869e-01,2.906800000000000009e-02,-2.298530000000000018e-01,-3.346759999999999735e-01,-1.790690000000000059e-01,5.434550000000000214e-01,-5.290700000000000264e-02,1.332909999999999928e-01,9.407200000000000284e-02,4.994200000000000028e-02,1.485700000000000076e-01,-1.970840000000000092e-01,4.735400000000000026e-02,-1.551819999999999866e-01,1.589119999999999977e-01,-1.190000000000000085e-03,9.965999999999999165e-03,5.828999999999999980e-03,-2.370289999999999897e-01,-7.982300000000000506e-02,1.634230000000000127e-01,1.264629999999999921e-01,-1.241399999999999969e-02,2.036299999999999916e-02,-8.607000000000000067e-03
2.089399999999999868e-01,-6.196100000000000219e-02,7.745379999999999487e-01,9.009620000000000406e-01,-2.068100000000000147e-02,1.382839999999999903e-01,-4.107529999999999792e-01,-6.442499999999999893e-01,4.462470000000000048e-01,4.360829999999999984e-01,6.022429999999999728e-01,-1.249129999999999963e-01,3.005000000000000032e-02,-2.021940000000000126e-01,-3.389469999999999983e-01,-1.951660000000000061e-01,5.139270000000000227e-01,-4.007000000000000145e-02,1.258630000000000027e-01,9.921000000000000651e-02,4.262400000000000216e-02,1.401719999999999910e-01,-1.602339999999999876e-01,1.081000000000000016e-02,-1.361779999999999935e-01,1.362490000000000090e-01,1.089099999999999964e-02,1.071100000000000003e-02,6.840000000000000377e-04,-1.919349999999999945e-01,-4.676999999999999907e-02,1.281029999999999947e-01,9.493200000000000249e-02,-1.251500000000000008e-02,1.784900000000000028e-02,-6.675999999999999643e-03
2.015939999999999954e-01,-5.697499999999999787e-02,7.750519999999999632e-01,8.936709999999999932e-01,-1.824599999999999833e-02,1.365190000000000015e-01,-4.270619999999999972e-01,-6.342910000000000492e-01,4.612149999999999861e-01,4.596810000000000063e-01,5.886219999999999786e-01,-1.089490000000000042e-01,2.858700000000000130e-02,-1.869280000000000108e-01,-3.481469999999999843e-01,-2.232760000000000022e-01,4.754800000000000137e-01,-2.899499999999999994e-02,1.387629999999999975e-01,1.057560000000000028e-01,3.472900000000000292e-02,1.327139999999999986e-01,-1.298219999999999930e-01,-1.474400000000000016e-02,-1.215419999999999973e-01,1.102650000000000019e-01,1.498299999999999979e-02,1.177800000000000027e-02,-5.794999999999999804e-03,-1.598880000000000023e-01,-2.815700000000000147e-02,1.063500000000000001e-01,7.442000000000000004e-02,-1.424699999999999925e-02,1.661500000000000130e-02,-3.602999999999999866e-03
1.942490000000000050e-01,-5.190399999999999875e-02,7.756610000000000449e-01,8.860919999999999908e-01,-1.578799999999999995e-02,1.348749999999999949e-01,-4.431700000000000084e-01,-6.243739999999999846e-01,4.758330000000000060e-01,4.837679999999999758e-01,5.746259999999999701e-01,-9.277399999999999536e-02,2.700500000000000123e-02,-1.721169999999999922e-01,-3.568129999999999913e-01,-2.517119999999999913e-01,4.377829999999999777e-01,-1.829599999999999976e-02,1.519359999999999877e-01,1.118119999999999947e-01,2.682700000000000015e-02,1.248620000000000008e-01,-1.093800000000000050e-01,-3.662800000000000084e-02,-1.156999999999999973e-01,9.195000000000000395e-02,1.829599999999999976e-02,1.357399999999999926e-02,-1.199500000000000045e-02,-1.416030000000000066e-01,-1.491800000000000070e-02,9.346899999999999653e-02,6.130700000000000038e-02,-1.607300000000000048e-02,1.618800000000000100e-02,-1.273999999999999959e-03
1.871690000000000020e-01,-4.748900000000000343e-02,7.752419999999999867e-01,8.783539999999999681e-01,-1.378099999999999985e-02,1.330490000000000006e-01,-4.589150000000000174e-01,-6.211729999999999752e-01,4.945470000000000144e-01,5.032189999999999719e-01,5.776090000000000391e-01,-8.605100000000000249e-02,2.444199999999999845e-02,-1.613630000000000064e-01,-3.666170000000000262e-01,-2.785179999999999878e-01,4.139760000000000106e-01,-1.641700000000000104e-02,1.667480000000000073e-01,1.189469999999999972e-01,1.669100000000000097e-02,1.221549999999999997e-01,-9.621300000000000685e-02,-4.514399999999999663e-02,-1.198130000000000028e-01,6.716500000000000248e-02,2.134799999999999892e-02,1.368499999999999925e-02,-1.912300000000000111e-02,-1.355169999999999986e-01,-1.913499999999999923e-02,8.095600000000000018e-02,4.266500000000000153e-02,-1.570200000000000068e-02,1.423699999999999966e-02,4.964999999999999795e-03
1.795489999999999864e-01,-4.260300000000000198e-02,7.754389999999999894e-01,8.688559999999999617e-01,-1.181100000000000032e-02,1.298860000000000015e-01,-4.775760000000000005e-01,-6.092999999999999527e-01,5.116129999999999844e-01,5.153010000000000090e-01,5.711540000000000505e-01,-7.127000000000000002e-02,1.617000000000000035e-02,-1.528380000000000016e-01,-3.664769999999999972e-01,-3.152789999999999759e-01,4.000509999999999899e-01,-2.440799999999999914e-02,1.769149999999999889e-01,1.267520000000000036e-01,9.320999999999999425e-03,1.134830000000000005e-01,-8.902500000000000691e-02,-3.426799999999999985e-02,-1.088449999999999973e-01,5.288799999999999751e-02,2.091399999999999856e-02,1.314599999999999970e-02,-1.833500000000000060e-02,-1.218619999999999981e-01,-1.918900000000000119e-02,7.640800000000000369e-02,3.490499999999999853e-02,-1.674199999999999994e-02,1.406800000000000064e-02,6.695999999999999695e-03
1.719330000000000025e-01,-3.794600000000000056e-02,7.757500000000000506e-01,8.590430000000000010e-01,-1.006899999999999983e-02,1.267689999999999928e-01,-4.958560000000000190e-01,-5.971020000000000216e-01,5.287889999999999535e-01,5.279920000000000169e-01,5.641049999999999676e-01,-5.622800000000000020e-02,7.774999999999999793e-03,-1.440520000000000134e-01,-3.658259999999999845e-01,-3.526360000000000050e-01,3.866490000000000204e-01,-3.265900000000000053e-02,1.872199999999999975e-01,1.328120000000000134e-01,2.531999999999999963e-03,1.046300000000000008e-01,-8.107300000000000617e-02,-2.357400000000000120e-02,-9.790300000000000391e-02,3.866800000000000098e-02,2.047600000000000114e-02,1.231699999999999982e-02,-1.802000000000000129e-02,-1.095340000000000064e-01,-1.707699999999999843e-02,7.209899999999999642e-02,2.897900000000000129e-02,-1.766699999999999868e-02,1.345799999999999948e-02,7.538000000000000429e-03
1.643840000000000023e-01,-3.329300000000000315e-02,7.760000000000000231e-01,8.488539999999999974e-01,-8.534999999999999185e-03,1.237110000000000015e-01,-5.138770000000000282e-01,-5.848879999999999635e-01,5.459410000000000096e-01,5.405560000000000365e-01,5.569129999999999914e-01,-4.101500000000000284e-02,-6.279999999999999775e-04,-1.349859999999999949e-01,-3.646300000000000097e-01,-3.902880000000000238e-01,3.731450000000000045e-01,-4.070800000000000113e-02,1.977730000000000044e-01,1.383270000000000055e-01,-3.946999999999999988e-03,9.573199999999999765e-02,-7.034700000000000675e-02,-1.566899999999999890e-02,-8.549900000000000555e-02,2.336099999999999982e-02,2.022799999999999945e-02,1.129400000000000022e-02,-1.829499999999999876e-02,-9.504899999999999460e-02,-1.236699999999999952e-02,6.482200000000000462e-02,2.290700000000000028e-02,-1.822299999999999962e-02,1.234799999999999960e-02,7.990000000000000574e-03
1.571639999999999981e-01,-3.020499999999999921e-02,7.763299999999999645e-01,8.434019999999999850e-01,-8.515999999999999265e-03,1.173980000000000024e-01,-5.242310000000000025e-01,-5.646539999999999893e-01,5.492580000000000240e-01,5.382400000000000517e-01,5.399190000000000378e-01,-2.549999999999999836e-02,-1.392999999999999967e-02,-1.426179999999999948e-01,-3.685849999999999960e-01,-3.895750000000000046e-01,3.707250000000000267e-01,-4.816200000000000342e-02,2.123299999999999910e-01,1.364849999999999952e-01,-4.000000000000000083e-03,8.896199999999999941e-02,-5.559499999999999859e-02,-1.685000000000000039e-02,-6.188899999999999957e-02,2.275900000000000145e-02,1.655799999999999980e-02,1.037800000000000007e-02,-1.328599999999999920e-02,-6.986599999999999755e-02,-2.677000000000000126e-03,5.160499999999999809e-02,2.434899999999999912e-02,-1.557099999999999977e-02,1.103099999999999914e-02,4.327000000000000117e-03
1.499550000000000050e-01,-2.722600000000000020e-02,7.763750000000000373e-01,8.378250000000000419e-01,-8.189999999999999364e-03,1.105600000000000055e-01,-5.345640000000000391e-01,-5.436320000000000041e-01,5.520530000000000159e-01,5.382970000000000255e-01,5.247460000000000457e-01,-1.294900000000000044e-02,-2.528499999999999845e-02,-1.529669999999999919e-01,-3.758299999999999974e-01,-3.873329999999999829e-01,3.754770000000000052e-01,-5.949299999999999727e-02,2.273020000000000040e-01,1.345179999999999987e-01,-5.860999999999999890e-03,8.360900000000000276e-02,-3.714400000000000340e-02,-2.124300000000000146e-02,-3.533800000000000135e-02,1.953900000000000081e-02,1.393600000000000047e-02,8.283000000000000432e-03,-9.579000000000000709e-03,-4.023199999999999693e-02,9.218999999999999764e-03,3.197799999999999948e-02,2.279399999999999829e-02,-1.283699999999999945e-02,8.930999999999999703e-03,1.784999999999999911e-03
1.427170000000000105e-01,-2.431200000000000028e-02,7.763510000000000133e-01,8.321089999999999876e-01,-7.708999999999999707e-03,1.035179999999999989e-01,-5.448110000000000452e-01,-5.225130000000000052e-01,5.540129999999999777e-01,5.389429999999999499e-01,5.098289999999999766e-01,-6.070000000000000092e-04,-3.632200000000000012e-02,-1.646670000000000078e-01,-3.847499999999999809e-01,-3.844569999999999932e-01,3.828570000000000029e-01,-7.204599999999999893e-02,2.425740000000000118e-01,1.324259999999999882e-01,-8.635000000000000314e-03,7.868899999999999506e-02,-1.611699999999999938e-02,-3.107899999999999899e-02,-6.452000000000000270e-03,1.607700000000000101e-02,1.216899999999999926e-02,6.054000000000000353e-03,-6.989000000000000420e-03,-6.924999999999999732e-03,2.534600000000000047e-02,7.277999999999999747e-03,2.065300000000000122e-02,-1.024500000000000063e-02,6.764000000000000047e-03,-4.640000000000000027e-04
1.348310000000000064e-01,-2.186199999999999949e-02,7.761390000000000233e-01,8.256170000000000453e-01,-8.434000000000000524e-03,9.666299999999999892e-02,-5.558250000000000135e-01,-4.973409999999999775e-01,5.623390000000000333e-01,5.436800000000000521e-01,4.952019999999999755e-01,1.149700000000000027e-02,-4.929800000000000154e-02,-1.832959999999999867e-01,-3.811700000000000088e-01,-3.593830000000000080e-01,4.070030000000000037e-01,-9.416800000000000170e-02,2.554640000000000244e-01,1.278130000000000099e-01,-1.115799999999999952e-02,7.651199999999999668e-02,1.023100000000000051e-02,-2.973699999999999954e-02,1.925800000000000081e-02,-1.288000000000000082e-03,1.029900000000000086e-02,2.418000000000000010e-03,-4.827999999999999826e-03,2.797600000000000087e-02,3.176299999999999957e-02,-1.791699999999999890e-02,1.668999999999999911e-03,-8.005999999999999228e-03,3.314000000000000105e-03,2.599999999999999881e-03
1.249159999999999993e-01,-1.921700000000000144e-02,7.763470000000000093e-01,8.181270000000000486e-01,-1.169800000000000006e-02,9.220000000000000417e-02,-5.674780000000000380e-01,-4.737640000000000184e-01,5.789570000000000549e-01,5.461409999999999876e-01,4.727959999999999940e-01,3.078099999999999933e-02,-6.422999999999999543e-02,-2.027430000000000065e-01,-3.650439999999999796e-01,-3.375600000000000267e-01,4.262650000000000050e-01,-1.136569999999999941e-01,2.617990000000000039e-01,1.255310000000000037e-01,-7.412000000000000186e-03,7.218600000000000017e-02,3.375700000000000228e-02,-3.586000000000000298e-02,4.426100000000000173e-02,-1.163499999999999951e-02,9.292999999999999178e-03,-6.710000000000000469e-04,-2.609000000000000208e-03,6.070099999999999801e-02,4.563799999999999801e-02,-4.216799999999999715e-02,-1.077799999999999939e-02,-6.002999999999999656e-03,6.290000000000000018e-04,3.406000000000000173e-03
1.129050000000000054e-01,-1.639699999999999838e-02,7.765330000000000288e-01,8.095040000000000013e-01,-1.700799999999999881e-02,8.943600000000000161e-02,-5.800130000000000008e-01,-4.522680000000000033e-01,6.041590000000000016e-01,5.462280000000000468e-01,4.479790000000000161e-01,5.501099999999999740e-02,-8.154500000000000637e-02,-2.244490000000000096e-01,-3.386700000000000266e-01,-3.174589999999999912e-01,4.455729999999999968e-01,-1.330840000000000078e-01,2.617999999999999772e-01,1.260489999999999944e-01,-1.013000000000000012e-03,6.812999999999999612e-02,4.983300000000000229e-02,-4.561899999999999983e-02,6.456399999999999639e-02,-1.439400000000000054e-02,1.024699999999999916e-02,-3.471999999999999826e-03,-1.755999999999999965e-03,8.645799999999999319e-02,6.365999999999999437e-02,-6.566900000000000515e-02,-1.747399999999999995e-02,-5.200999999999999894e-03,-1.394000000000000057e-03,3.684000000000000209e-03
1.051310000000000022e-01,-1.398699999999999943e-02,7.761609999999999898e-01,8.019659999999999567e-01,-1.832599999999999854e-02,8.372200000000000475e-02,-5.911889999999999645e-01,-4.206050000000000066e-01,6.134720000000000173e-01,5.596370000000000511e-01,4.254229999999999956e-01,6.903499999999999914e-02,-9.602199999999999624e-02,-2.339360000000000051e-01,-3.271689999999999876e-01,-3.035300000000000220e-01,4.499889999999999723e-01,-1.345439999999999969e-01,2.617999999999999772e-01,1.220819999999999961e-01,1.860000000000000108e-03,5.983100000000000224e-02,6.147999999999999993e-02,-4.167900000000000077e-02,7.928399999999999337e-02,-2.039900000000000047e-02,9.017999999999999974e-03,-5.777000000000000017e-03,-2.900000000000000017e-04,1.028150000000000036e-01,6.380800000000000360e-02,-7.615500000000000047e-02,-3.798499999999999793e-02,-2.860000000000000129e-03,-8.330000000000000598e-03,5.368999999999999641e-03
9.726100000000000023e-02,-1.158299999999999955e-02,7.759709999999999663e-01,7.943559999999999510e-01,-1.969500000000000070e-02,7.734299999999999509e-02,-6.021870000000000278e-01,-3.863240000000000007e-01,6.205720000000000125e-01,5.742119999999999447e-01,4.002560000000000007e-01,8.449600000000000166e-02,-1.093340000000000006e-01,-2.415349999999999997e-01,-3.164379999999999971e-01,-2.897739999999999760e-01,4.524449999999999861e-01,-1.349879999999999969e-01,2.617999999999999772e-01,1.177659999999999957e-01,3.628999999999999847e-03,5.310100000000000237e-02,6.066599999999999770e-02,-3.803700000000000137e-02,8.451999999999999791e-02,-1.876699999999999896e-02,9.450999999999999332e-03,-5.610000000000000403e-03,-1.299999999999999920e-05,1.058530000000000026e-01,6.140600000000000225e-02,-7.799799999999999789e-02,-5.559100000000000152e-02,-1.711000000000000064e-03,-1.215100000000000034e-02,8.115999999999999950e-03
8.930599999999999650e-02,-9.289999999999999647e-03,7.757060000000000066e-01,7.866039999999999699e-01,-2.120999999999999969e-02,7.073400000000000520e-02,-6.130259999999999598e-01,-3.513870000000000049e-01,6.268270000000000231e-01,5.891889999999999628e-01,3.746039999999999925e-01,1.002220000000000055e-01,-1.226570000000000021e-01,-2.487000000000000044e-01,-3.060669999999999780e-01,-2.760460000000000136e-01,4.547030000000000238e-01,-1.353209999999999968e-01,2.617999999999999772e-01,1.134060000000000068e-01,4.988000000000000246e-03,4.708899999999999891e-02,4.430699999999999916e-02,-3.407899999999999818e-02,7.802800000000000014e-02,-6.609000000000000291e-03,1.192799999999999937e-02,-3.559000000000000098e-03,-6.319999999999999663e-04,9.190700000000000258e-02,5.585400000000000087e-02,-6.811699999999999700e-02,-6.708100000000000174e-02,-2.786999999999999981e-03,-1.342800000000000070e-02,1.172300000000000078e-02
8.480300000000000338e-02,-9.140999999999999820e-03,7.757140000000000146e-01,7.801090000000000524e-01,-2.309599999999999848e-02,6.507300000000000584e-02,-6.218219999999999859e-01,-3.046730000000000271e-01,6.134479999999999933e-01,5.738280000000000047e-01,3.248139999999999916e-01,1.069589999999999985e-01,-1.189159999999999939e-01,-2.390740000000000087e-01,-2.917680000000000273e-01,-2.581330000000000013e-01,4.360749999999999904e-01,-1.249480000000000035e-01,2.617999999999999772e-01,1.069060000000000010e-01,9.790999999999999356e-03,4.220499999999999946e-02,3.569800000000000056e-02,4.571000000000000410e-03,6.244100000000000344e-02,-3.117500000000000132e-02,3.903999999999999918e-03,-3.758000000000000056e-03,3.799999999999999992e-03,7.307600000000000207e-02,2.527099999999999833e-02,-5.076599999999999863e-02,-7.595599999999999574e-02,1.203000000000000076e-03,-9.546000000000000665e-03,1.250599999999999976e-02
8.040400000000000325e-02,-9.254000000000000073e-03,7.759369999999999878e-01,7.734330000000000371e-01,-2.583900000000000086e-02,5.969900000000000206e-02,-6.305309999999999526e-01,-2.574089999999999989e-01,6.019060000000000521e-01,5.575550000000000228e-01,2.751080000000000192e-01,1.133040000000000019e-01,-1.150840000000000057e-01,-2.255510000000000015e-01,-2.755130000000000079e-01,-2.414429999999999910e-01,4.117370000000000196e-01,-1.119909999999999933e-01,2.617999999999999772e-01,9.978299999999999670e-02,1.719499999999999848e-02,3.605599999999999777e-02,1.249100000000000037e-02,4.669399999999999940e-02,3.492599999999999871e-02,-4.589000000000000024e-02,-2.258000000000000024e-03,-1.319000000000000077e-03,9.331000000000000752e-03,3.507099999999999801e-02,-8.552999999999999839e-03,-1.536999999999999998e-02,-7.393600000000000172e-02,1.861000000000000024e-03,-5.034000000000000280e-03,1.203000000000000076e-02
7.618700000000000472e-02,-9.324999999999999956e-03,7.761160000000000281e-01,7.664849999999999719e-01,-2.858199999999999977e-02,5.525100000000000150e-02,-6.392430000000000057e-01,-2.140589999999999993e-01,5.926799999999999846e-01,5.396389999999999798e-01,2.291739999999999888e-01,1.179499999999999993e-01,-1.104929999999999940e-01,-2.135809999999999931e-01,-2.585729999999999973e-01,-2.247280000000000111e-01,3.867519999999999847e-01,-9.819700000000000650e-02,2.617999999999999772e-01,9.419399999999999995e-02,2.742899999999999852e-02,2.749700000000000061e-02,-2.830799999999999983e-02,8.739500000000000046e-02,-4.468999999999999882e-03,-4.317100000000000104e-02,-5.292999999999999962e-03,-5.580000000000000107e-04,1.617499999999999841e-02,-2.373899999999999968e-02,-4.842300000000000076e-02,4.002200000000000202e-02,-5.956999999999999795e-02,-9.820000000000000170e-04,-5.850000000000000165e-04,1.069200000000000012e-02
7.223000000000000254e-02,-1.118399999999999950e-02,7.787990000000000190e-01,7.572250000000000369e-01,-2.889800000000000008e-02,4.519299999999999706e-02,-6.509479999999999711e-01,-1.832560000000000022e-01,5.559870000000000090e-01,4.813830000000000053e-01,2.356759999999999966e-01,8.196599999999999719e-02,-1.080050000000000038e-01,-1.895580000000000043e-01,-2.518569999999999975e-01,-2.041810000000000014e-01,3.501980000000000093e-01,-8.149900000000000200e-02,2.617999999999999772e-01,9.530099999999999683e-02,2.388600000000000098e-02,2.805799999999999961e-02,-4.998400000000000065e-02,1.391419999999999879e-01,-7.238600000000000589e-02,-7.151299999999999324e-02,-9.990999999999999881e-03,7.054000000000000374e-03,1.142999999999999919e-02,-8.097999999999999643e-02,-1.135020000000000057e-01,1.075819999999999971e-01,-4.646900000000000336e-02,-1.126999999999999964e-03,1.024599999999999990e-02,1.093599999999999954e-02
6.866899999999999393e-02,-1.176899999999999995e-02,7.811350000000000238e-01,7.474610000000000420e-01,-3.062700000000000145e-02,3.685599999999999987e-02,-6.625750000000000250e-01,-1.531129999999999991e-01,5.215579999999999661e-01,4.231249999999999734e-01,2.368419999999999970e-01,5.068399999999999989e-02,-1.032779999999999948e-01,-1.640729999999999966e-01,-2.414320000000000077e-01,-1.855489999999999917e-01,3.044499999999999984e-01,-5.714500000000000135e-02,2.617999999999999772e-01,9.802600000000000202e-02,3.482199999999999879e-02,1.582799999999999832e-02,-7.553200000000000192e-02,1.740230000000000110e-01,-1.456719999999999959e-01,-8.128499999999999615e-02,-1.359100000000000065e-02,1.948000000000000079e-02,1.126699999999999924e-02,-1.471750000000000003e-01,-1.782249999999999945e-01,2.047589999999999966e-01,-1.820700000000000096e-02,-5.923000000000000313e-03,2.343399999999999997e-02,7.494999999999999926e-03
6.477800000000000225e-02,-1.328099999999999940e-02,7.834440000000000293e-01,7.377559999999999674e-01,-3.048199999999999868e-02,2.845599999999999866e-02,-6.737790000000000168e-01,-1.282280000000000086e-01,4.850749999999999784e-01,3.633410000000000251e-01,2.466889999999999916e-01,1.453400000000000004e-02,-9.797000000000000153e-02,-1.440720000000000056e-01,-2.359980000000000133e-01,-1.655379999999999907e-01,2.678159999999999985e-01,-3.923399999999999804e-02,2.617999999999999772e-01,1.012590000000000018e-01,3.547299999999999759e-02,9.388000000000000511e-03,-1.143070000000000058e-01,2.298570000000000058e-01,-2.291430000000000133e-01,-9.448099999999999554e-02,-1.556399999999999971e-02,2.430799999999999975e-02,1.031400000000000025e-02,-2.306549999999999989e-01,-2.613400000000000167e-01,3.030789999999999873e-01,7.065000000000000099e-03,-9.660000000000000184e-03,3.379299999999999665e-02,6.477000000000000118e-03
6.092299999999999799e-02,-1.552100000000000007e-02,7.860909999999999842e-01,7.291600000000000303e-01,-3.106899999999999940e-02,2.069899999999999865e-02,-6.833240000000000425e-01,-1.178120000000000001e-01,4.436120000000000063e-01,3.112329999999999819e-01,2.909760000000000124e-01,-3.419599999999999723e-02,-1.101319999999999938e-01,-1.250249999999999972e-01,-2.320570000000000133e-01,-1.540259999999999962e-01,2.424669999999999881e-01,-2.494999999999999996e-02,2.601450000000000151e-01,1.064100000000000046e-01,3.344300000000000050e-02,7.450000000000000025e-03,-1.046979999999999994e-01,3.313070000000000181e-01,-2.911460000000000159e-01,-1.151319999999999982e-01,-2.605400000000000077e-02,3.665600000000000108e-02,1.785399999999999834e-02,-3.019990000000000174e-01,-3.766430000000000056e-01,3.982539999999999969e-01,3.214100000000000290e-02,-1.229399999999999937e-02,4.509099999999999914e-02,7.694000000000000318e-03
5.469600000000000156e-02,-1.683700000000000127e-02,7.888420000000000432e-01,7.197630000000000416e-01,-3.223700000000000176e-02,1.503600000000000075e-02,-6.933080000000000354e-01,-1.087879999999999958e-01,4.075139999999999874e-01,2.601410000000000111e-01,3.296839999999999771e-01,-7.691399999999999626e-02,-1.257530000000000037e-01,-1.114369999999999944e-01,-2.202540000000000053e-01,-1.434499999999999942e-01,2.188740000000000130e-01,-1.018299999999999934e-02,2.522099999999999898e-01,1.135940000000000005e-01,3.422399999999999748e-02,4.270000000000000358e-03,-9.292799999999999672e-02,4.295030000000000237e-01,-3.458740000000000148e-01,-1.269010000000000138e-01,-3.457699999999999663e-02,4.198899999999999855e-02,2.752699999999999939e-02,-3.767780000000000018e-01,-4.918680000000000274e-01,4.966430000000000011e-01,6.417000000000000481e-02,-1.432899999999999972e-02,5.416900000000000187e-02,6.434999999999999748e-03
4.812000000000000305e-02,-1.838300000000000003e-02,7.915259999999999518e-01,7.101150000000000517e-01,-3.364400000000000029e-02,9.896000000000000282e-03,-7.032119999999999482e-01,-1.011930000000000052e-01,3.722799999999999998e-01,2.097420000000000118e-01,3.726559999999999873e-01,-1.227010000000000045e-01,-1.427269999999999928e-01,-9.782899999999999929e-02,-2.073820000000000108e-01,-1.330679999999999918e-01,1.951849999999999974e-01,4.251999999999999703e-03,2.437819999999999987e-01,1.199169999999999958e-01,3.423799999999999760e-02,1.286999999999999950e-03,-6.586100000000000287e-02,5.334759999999999502e-01,-3.865339999999999887e-01,-1.528690000000000049e-01,-4.409899999999999931e-02,4.917300000000000143e-02,3.854899999999999993e-02,-4.426570000000000227e-01,-6.109470000000000178e-01,5.869839999999999502e-01,8.809899999999999676e-02,-1.575999999999999970e-02,6.338699999999999890e-02,5.880999999999999943e-03
4.458800000000000263e-02,-2.088599999999999832e-02,7.932169999999999499e-01,7.029790000000000205e-01,-3.652899999999999897e-02,7.915000000000000160e-03,-7.102279999999999704e-01,-8.630599999999999383e-02,3.478820000000000245e-01,1.752640000000000031e-01,3.893820000000000059e-01,-1.564200000000000035e-01,-1.435909999999999964e-01,-8.965299999999999658e-02,-1.976549999999999974e-01,-1.172310000000000019e-01,1.896210000000000118e-01,-1.698000000000000074e-03,2.392900000000000027e-01,1.228930000000000022e-01,4.116199999999999720e-02,-3.487000000000000082e-03,-4.712199999999999722e-02,6.067580000000000195e-01,-3.986830000000000096e-01,-1.073500000000000010e-01,-4.296200000000000019e-02,6.191300000000000275e-02,5.206800000000000317e-02,-4.852079999999999727e-01,-7.165289999999999715e-01,6.434309999999999752e-01,1.367319999999999924e-01,-1.765800000000000008e-02,7.585400000000000476e-02,-5.834999999999999909e-03
4.095800000000000135e-02,-2.317599999999999869e-02,7.949349999999999472e-01,6.958130000000000148e-01,-3.920599999999999780e-02,5.692000000000000011e-03,-7.171300000000000452e-01,-7.064199999999999646e-02,3.223249999999999726e-01,1.410639999999999949e-01,4.047729999999999939e-01,-1.892280000000000073e-01,-1.442479999999999873e-01,-8.238800000000000290e-02,-1.889149999999999996e-01,-1.008399999999999991e-01,1.857090000000000130e-01,-8.189999999999999364e-03,2.347579999999999945e-01,1.270600000000000063e-01,4.728099999999999664e-02,-7.799999999999999642e-03,-1.691199999999999995e-02,6.695680000000000520e-01,-3.991689999999999960e-01,-6.219999999999999835e-02,-4.222599999999999965e-02,6.932199999999999473e-02,6.598700000000000399e-02,-5.097570000000000157e-01,-8.170669999999999877e-01,6.842799999999999994e-01,1.831089999999999940e-01,-1.862099999999999866e-02,8.501400000000000623e-02,-1.835399999999999879e-02
3.714699999999999946e-02,-2.541300000000000156e-02,7.966459999999999653e-01,6.885329999999999506e-01,-4.188599999999999962e-02,3.614000000000000025e-03,-7.239849999999999897e-01,-5.506300000000000083e-02,2.969089999999999785e-01,1.067940000000000000e-01,4.206039999999999779e-01,-2.221720000000000084e-01,-1.450339999999999963e-01,-7.530499999999999694e-02,-1.800470000000000126e-01,-8.433799999999999630e-02,1.818450000000000066e-01,-1.456099999999999929e-02,2.300760000000000027e-01,1.313890000000000058e-01,5.335000000000000159e-02,-1.182000000000000065e-02,2.874499999999999972e-02,7.229259999999999575e-01,-3.844139999999999779e-01,-2.360999999999999904e-02,-4.259700000000000292e-02,7.471700000000000563e-02,8.035599999999999687e-02,-5.135750000000000037e-01,-9.104069999999999663e-01,7.064249999999999696e-01,2.243340000000000056e-01,-1.785700000000000134e-02,9.202499999999999569e-02,-3.128500000000000031e-02
3.588899999999999729e-02,-2.834000000000000061e-02,7.973109999999999919e-01,6.874949999999999672e-01,-4.170399999999999802e-02,2.508999999999999946e-03,-7.249870000000000481e-01,-4.503000000000000058e-02,2.893589999999999773e-01,1.141960000000000058e-01,4.182080000000000242e-01,-2.344330000000000025e-01,-1.394849999999999979e-01,-6.699600000000000000e-02,-1.803049999999999931e-01,-7.563300000000000578e-02,1.774239999999999984e-01,-2.098699999999999871e-02,2.290200000000000014e-01,1.237980000000000053e-01,5.558699999999999752e-02,-1.574700000000000058e-02,1.203329999999999955e-01,7.276430000000000398e-01,-2.977580000000000227e-01,2.775599999999999942e-02,-5.609200000000000297e-02,7.652699999999999780e-02,1.219920000000000032e-01,-4.604759999999999964e-01,-1.009198000000000039e+00,6.629559999999999897e-01,2.620939999999999936e-01,-1.149099999999999948e-02,9.786999999999999866e-02,-5.844200000000000089e-02
3.448799999999999782e-02,-3.138200000000000017e-02,7.980760000000000076e-01,6.864989999999999704e-01,-4.124200000000000088e-02,1.307000000000000002e-03,-7.259590000000000209e-01,-3.484000000000000291e-02,2.809829999999999828e-01,1.215770000000000045e-01,4.149289999999999923e-01,-2.463760000000000117e-01,-1.338920000000000110e-01,-5.913199999999999706e-02,-1.812759999999999927e-01,-6.656900000000000317e-02,1.733369999999999911e-01,-2.760800000000000060e-02,2.281299999999999994e-01,1.148730000000000029e-01,5.654300000000000298e-02,-1.986900000000000124e-02,2.188279999999999947e-01,7.149240000000000039e-01,-2.026650000000000118e-01,7.276000000000000523e-02,-7.047699999999999798e-02,7.540600000000000080e-02,1.632089999999999930e-01,-3.779210000000000069e-01,-1.092084999999999972e+00,5.915700000000000403e-01,2.954990000000000117e-01,-3.468000000000000162e-03,1.014779999999999988e-01,-8.588300000000000101e-02
3.315200000000000091e-02,-3.433400000000000341e-02,7.987229999999999608e-01,6.854749999999999455e-01,-4.081499999999999712e-02,5.000000000000000409e-06,-7.269510000000000138e-01,-2.464500000000000024e-02,2.725310000000000232e-01,1.288140000000000118e-01,4.119070000000000231e-01,-2.584310000000000218e-01,-1.284500000000000086e-01,-5.143500000000000155e-02,-1.823819999999999886e-01,-5.738000000000000045e-02,1.697279999999999900e-01,-3.436899999999999678e-02,2.271910000000000041e-01,1.056909999999999933e-01,5.659299999999999747e-02,-2.383199999999999902e-02,3.192670000000000230e-01,6.857760000000000522e-01,-1.036730000000000013e-01,1.128740000000000021e-01,-8.656300000000000106e-02,7.220000000000000029e-02,2.038880000000000137e-01,-2.670250000000000123e-01,-1.157421999999999951e+00,4.930149999999999810e-01,3.260609999999999897e-01,6.374999999999999591e-03,1.028970000000000024e-01,-1.135170000000000068e-01
3.062099999999999891e-02,-3.630200000000000093e-02,7.988589999999999858e-01,6.843970000000000331e-01,-4.073899999999999744e-02,7.929999999999999766e-04,-7.279700000000000060e-01,-7.419000000000000247e-03,2.719179999999999930e-01,1.314529999999999865e-01,3.834759999999999835e-01,-2.485759999999999914e-01,-1.299659999999999982e-01,-4.955199999999999882e-02,-1.771780000000000022e-01,-6.172699999999999715e-02,1.678890000000000104e-01,-3.063300000000000051e-02,2.276789999999999925e-01,9.070499999999999396e-02,5.977500000000000174e-02,-2.652799999999999950e-02,3.752670000000000172e-01,6.250599999999999490e-01,9.572000000000000647e-03,2.106879999999999864e-01,-1.354009999999999936e-01,6.620199999999999696e-02,2.730589999999999962e-01,-1.390339999999999909e-01,-1.144354000000000093e+00,3.583120000000000194e-01,4.024170000000000247e-01,3.770199999999999940e-02,1.059380000000000044e-01,-1.545980000000000132e-01
2.796399999999999927e-02,-3.790700000000000319e-02,7.988640000000000185e-01,6.833380000000000010e-01,-4.117799999999999933e-02,1.059999999999999961e-03,-7.289390000000000036e-01,1.022299999999999945e-02,2.716129999999999933e-01,1.336910000000000043e-01,3.560530000000000084e-01,-2.388029999999999875e-01,-1.317720000000000002e-01,-4.739299999999999763e-02,-1.715309999999999890e-01,-6.549499999999999766e-02,1.673850000000000060e-01,-2.742400000000000046e-02,2.277349999999999930e-01,7.962600000000000233e-02,6.246600000000000069e-02,-2.890399999999999914e-02,4.233080000000000176e-01,5.626560000000000450e-01,1.196959999999999968e-01,3.102480000000000238e-01,-1.884959999999999969e-01,5.611200000000000215e-02,3.380210000000000159e-01,-1.030000000000000013e-02,-1.116819000000000006e+00,2.235779999999999990e-01,4.768109999999999848e-01,7.111699999999999966e-02,1.058319999999999955e-01,-1.945969999999999922e-01
2.506200000000000094e-02,-3.918800000000000061e-02,7.989079999999999515e-01,6.822669999999999568e-01,-4.195800000000000224e-02,1.056999999999999997e-03,-7.298970000000000180e-01,2.767800000000000121e-02,2.717080000000000051e-01,1.355850000000000111e-01,3.300879999999999925e-01,-2.294329999999999981e-01,-1.338350000000000095e-01,-4.526100000000000262e-02,-1.655560000000000087e-01,-6.918000000000000538e-02,1.679470000000000129e-01,-2.447200000000000070e-02,2.274639999999999995e-01,7.030000000000000138e-02,6.600200000000000511e-02,-3.157900000000000290e-02,4.680380000000000096e-01,4.992150000000000198e-01,2.300939999999999930e-01,4.108689999999999842e-01,-2.443039999999999934e-01,4.371799999999999992e-02,3.970779999999999865e-01,1.130390000000000006e-01,-1.078834000000000071e+00,9.504899999999999460e-02,5.496269999999999767e-01,1.070090000000000069e-01,1.035309999999999980e-01,-2.322730000000000072e-01
2.261600000000000069e-02,-3.967899999999999899e-02,7.985719999999999485e-01,6.854040000000000132e-01,-4.263499999999999929e-02,1.902000000000000045e-03,-7.269109999999999738e-01,4.610299999999999815e-02,2.730929999999999747e-01,1.267220000000000013e-01,2.869459999999999789e-01,-2.053879999999999872e-01,-1.357460000000000055e-01,-4.181800000000000100e-02,-1.607830000000000092e-01,-7.489899999999999336e-02,1.690959999999999963e-01,-2.498699999999999879e-02,2.286179999999999879e-01,7.059100000000000097e-02,6.842900000000000371e-02,-3.508599999999999913e-02,4.673950000000000049e-01,4.668309999999999960e-01,2.513719999999999843e-01,4.758399999999999852e-01,-2.748789999999999845e-01,3.729899999999999882e-02,4.141429999999999834e-01,1.969200000000000117e-01,-1.025835999999999970e+00,9.376000000000000653e-03,6.081360000000000099e-01,1.423550000000000093e-01,1.007559999999999983e-01,-2.560299999999999798e-01
2.009000000000000022e-02,-4.005899999999999739e-02,7.982550000000000479e-01,6.885019999999999474e-01,-4.337400000000000283e-02,2.392000000000000029e-03,-7.239330000000000487e-01,6.440400000000000291e-02,2.741819999999999813e-01,1.180500000000000022e-01,2.448349999999999971e-01,-1.816020000000000134e-01,-1.375010000000000121e-01,-3.817500000000000060e-02,-1.563509999999999900e-01,-8.015200000000000102e-02,1.703240000000000032e-01,-2.507300000000000154e-02,2.297589999999999910e-01,6.935399999999999898e-02,7.142600000000000338e-02,-3.831500000000000183e-02,4.701629999999999976e-01,4.327440000000000175e-01,2.767209999999999948e-01,5.401650000000000063e-01,-3.055930000000000035e-01,3.223199999999999676e-02,4.298460000000000059e-01,2.703329999999999900e-01,-9.705249999999999710e-01,-6.632000000000000395e-02,6.688530000000000308e-01,1.796570000000000111e-01,9.714299999999999324e-02,-2.775810000000000222e-01
1.760300000000000059e-02,-4.029100000000000042e-02,7.979579999999999451e-01,6.915660000000000140e-01,-4.416400000000000187e-02,2.690999999999999816e-03,-7.209569999999999590e-01,8.225799999999999779e-02,2.752760000000000207e-01,1.093419999999999948e-01,2.043089999999999906e-01,-1.586289999999999922e-01,-1.392140000000000044e-01,-3.431599999999999928e-02,-1.520660000000000067e-01,-8.525800000000000045e-02,1.716169999999999918e-01,-2.518199999999999952e-02,2.308580000000000076e-01,6.711699999999999611e-02,7.473299999999999388e-02,-4.152000000000000135e-02,4.756569999999999965e-01,3.982149999999999856e-01,3.048870000000000191e-01,6.046329999999999760e-01,-3.366609999999999880e-01,2.725199999999999845e-02,4.437800000000000078e-01,3.377620000000000067e-01,-9.139209999999999834e-01,-1.357700000000000018e-01,7.303159999999999652e-01,2.181950000000000001e-01,9.271600000000000674e-02,-2.970209999999999795e-01
1.406499999999999938e-02,-3.988900000000000085e-02,7.985700000000000021e-01,6.942669999999999675e-01,-4.433800000000000241e-02,2.481000000000000132e-03,-7.183460000000000401e-01,9.002400000000000679e-02,2.781629999999999936e-01,1.003280000000000005e-01,1.826069999999999915e-01,-1.299819999999999864e-01,-1.417589999999999961e-01,-3.178199999999999775e-02,-1.482769999999999921e-01,-9.209599999999999731e-02,1.724660000000000082e-01,-2.280199999999999935e-02,2.281849999999999989e-01,6.508200000000000096e-02,7.811099999999999988e-02,-4.445400000000000046e-02,4.725509999999999988e-01,3.769830000000000125e-01,3.038279999999999870e-01,6.169080000000000119e-01,-3.488780000000000214e-01,1.757299999999999834e-02,4.629139999999999922e-01,3.629269999999999996e-01,-8.540429999999999966e-01,-1.744189999999999907e-01,7.306329999999999769e-01,2.526530000000000165e-01,8.357100000000000639e-02,-3.217189999999999772e-01
1.056999999999999953e-02,-3.950399999999999745e-02,7.991859999999999520e-01,6.969929999999999737e-01,-4.439499999999999696e-02,2.461000000000000080e-03,-7.156979999999999453e-01,9.639000000000000346e-02,2.813459999999999850e-01,9.093800000000000494e-02,1.625500000000000000e-01,-1.020139999999999936e-01,-1.443069999999999908e-01,-2.973100000000000048e-02,-1.444290000000000018e-01,-9.954699999999999660e-02,1.731910000000000116e-01,-2.019299999999999914e-02,2.255310000000000092e-01,6.029899999999999843e-02,8.144200000000000050e-02,-4.757399999999999823e-02,4.735509999999999997e-01,3.531580000000000275e-01,3.067679999999999851e-01,6.245859999999999745e-01,-3.599780000000000202e-01,1.016700000000000069e-02,4.834040000000000004e-01,3.850740000000000274e-01,-7.934780000000000166e-01,-2.096409999999999940e-01,7.299379999999999757e-01,2.868470000000000186e-01,7.582999999999999463e-02,-3.473680000000000101e-01
7.054000000000000374e-03,-3.901000000000000301e-02,7.998189999999999467e-01,6.997079999999999966e-01,-4.442399999999999821e-02,2.419000000000000143e-03,-7.130419999999999536e-01,1.024319999999999953e-01,2.844869999999999899e-01,8.140699999999999326e-02,1.431159999999999932e-01,-7.435300000000000242e-02,-1.467839999999999978e-01,-2.769299999999999887e-02,-1.406409999999999882e-01,-1.069920000000000038e-01,1.738879999999999870e-01,-1.757399999999999934e-02,2.228430000000000133e-01,5.450399999999999689e-02,8.481600000000000250e-02,-5.085900000000000143e-02,4.762430000000000274e-01,3.284139999999999837e-01,3.111869999999999914e-01,6.313050000000000050e-01,-3.708210000000000117e-01,3.127000000000000005e-03,5.039780000000000371e-01,4.065500000000000225e-01,-7.327420000000000044e-01,-2.436550000000000105e-01,7.295129999999999670e-01,3.209629999999999983e-01,6.732499999999999596e-02,-3.728069999999999995e-01
4.538000000000000367e-03,-3.844199999999999701e-02,8.005980000000000318e-01,7.018539999999999779e-01,-4.452300000000000008e-02,1.696999999999999941e-03,-7.109259999999999469e-01,1.020589999999999969e-01,2.858430000000000137e-01,7.175700000000000134e-02,1.394299999999999984e-01,-5.560199999999999865e-02,-1.477789999999999937e-01,-2.473099999999999951e-02,-1.378080000000000138e-01,-1.056549999999999989e-01,1.730649999999999966e-01,-1.439900000000000034e-02,2.206809999999999883e-01,5.316799999999999998e-02,8.716000000000000136e-02,-4.865400000000000280e-02,4.677259999999999751e-01,3.306839999999999780e-01,2.885759999999999992e-01,6.527880000000000349e-01,-3.731149999999999745e-01,8.130000000000000291e-04,5.041529999999999623e-01,4.132770000000000055e-01,-7.183779999999999610e-01,-2.184560000000000113e-01,7.256430000000000380e-01,3.187090000000000201e-01,6.695900000000000463e-02,-3.696260000000000101e-01
1.935000000000000088e-03,-3.776899999999999702e-02,8.012899999999999467e-01,7.039419999999999566e-01,-4.467000000000000137e-02,1.031999999999999931e-03,-7.088499999999999801e-01,1.004830000000000029e-01,2.874639999999999973e-01,6.180599999999999983e-02,1.376900000000000068e-01,-3.757599999999999829e-02,-1.487680000000000113e-01,-2.205500000000000169e-02,-1.348300000000000054e-01,-1.045070000000000027e-01,1.721030000000000060e-01,-1.059099999999999972e-02,2.182959999999999900e-01,4.871199999999999836e-02,8.999699999999999367e-02,-4.639100000000000168e-02,4.586779999999999746e-01,3.328610000000000180e-01,2.691390000000000171e-01,6.789260000000000295e-01,-3.763179999999999858e-01,-3.422999999999999828e-03,5.012980000000000214e-01,4.135170000000000234e-01,-7.072150000000000380e-01,-1.885699999999999876e-01,7.278679999999999595e-01,3.159959999999999991e-01,6.620600000000000096e-02,-3.638930000000000220e-01
-5.969999999999999829e-04,-3.701399999999999829e-02,8.020739999999999537e-01,7.060480000000000089e-01,-4.483700000000000185e-02,3.429999999999999889e-04,-7.067430000000000101e-01,9.867700000000000082e-02,2.891000000000000236e-01,5.167299999999999671e-02,1.362800000000000122e-01,-1.960900000000000143e-02,-1.497459999999999902e-01,-1.942500000000000129e-02,-1.318550000000000000e-01,-1.034280000000000060e-01,1.711689999999999878e-01,-6.725000000000000075e-03,2.158370000000000011e-01,4.300400000000000056e-02,9.283299999999999885e-02,-4.384899999999999909e-02,4.495560000000000112e-01,3.349059999999999815e-01,2.511510000000000131e-01,7.063939999999999664e-01,-3.796579999999999955e-01,-8.482999999999999222e-03,4.970970000000000111e-01,4.117560000000000109e-01,-6.968389999999999862e-01,-1.571740000000000081e-01,7.323490000000000277e-01,3.134890000000000176e-01,6.453599999999999615e-02,-3.574620000000000020e-01
-3.050000000000000194e-03,-3.554399999999999921e-02,8.023230000000000084e-01,7.062889999999999446e-01,-4.617999999999999883e-02,-5.320000000000000293e-04,-7.064160000000000439e-01,9.970999999999999308e-02,2.929840000000000222e-01,4.929100000000000148e-02,1.356340000000000046e-01,-1.019199999999999967e-02,-1.458929999999999949e-01,-1.776499999999999954e-02,-1.277250000000000052e-01,-1.049490000000000006e-01,1.712619999999999976e-01,-4.454999999999999759e-03,2.122429999999999872e-01,4.159100000000000297e-02,9.607899999999999774e-02,-4.109399999999999858e-02,4.345709999999999851e-01,3.524129999999999763e-01,2.260429999999999939e-01,7.354699999999999571e-01,-3.776399999999999757e-01,-9.128999999999999962e-03,4.805619999999999892e-01,3.949460000000000193e-01,-7.064580000000000304e-01,-1.271730000000000083e-01,7.443800000000000416e-01,3.074660000000000171e-01,6.493699999999999473e-02,-3.484490000000000087e-01
-5.400000000000000286e-03,-3.389699999999999658e-02,8.024660000000000126e-01,7.063749999999999751e-01,-4.779499999999999721e-02,-1.551000000000000078e-03,-7.062209999999999877e-01,1.011159999999999975e-01,2.971900000000000097e-01,4.746700000000000225e-02,1.354670000000000041e-01,-1.258999999999999920e-03,-1.420909999999999951e-01,-1.595399999999999943e-02,-1.231880000000000058e-01,-1.060040000000000010e-01,1.715889999999999915e-01,-2.106999999999999932e-03,2.086870000000000114e-01,4.049400000000000222e-02,9.976799999999999558e-02,-3.735800000000000232e-02,4.174419999999999797e-01,3.699359999999999871e-01,2.008600000000000108e-01,7.665279999999999871e-01,-3.756950000000000012e-01,-1.001600000000000060e-02,4.625270000000000215e-01,3.753500000000000170e-01,-7.166019999999999612e-01,-9.646499999999999519e-02,7.596819999999999684e-01,3.017179999999999862e-01,6.432899999999999729e-02,-3.380420000000000091e-01
-7.753000000000000343e-03,-3.218499999999999833e-02,8.026969999999999938e-01,7.064479999999999649e-01,-4.950399999999999939e-02,-2.661000000000000171e-03,-7.060269999999999602e-01,1.026979999999999976e-01,3.014299999999999757e-01,4.568099999999999938e-02,1.354039999999999966e-01,7.674000000000000266e-03,-1.383179999999999965e-01,-1.396599999999999925e-02,-1.186220000000000052e-01,-1.070310000000000011e-01,1.719229999999999925e-01,2.910000000000000260e-04,2.051080000000000125e-01,3.927900000000000141e-02,1.034790000000000015e-01,-3.325299999999999784e-02,3.993519999999999848e-01,3.870469999999999744e-01,1.755110000000000003e-01,7.980880000000000196e-01,-3.736490000000000089e-01,-1.116200000000000005e-02,4.442329999999999890e-01,3.545300000000000118e-01,-7.264140000000000041e-01,-6.507499999999999396e-02,7.758690000000000309e-01,2.960729999999999751e-01,6.323499999999999954e-02,-3.273699999999999943e-01
-9.842000000000000054e-03,-3.069099999999999953e-02,8.026689999999999658e-01,7.056170000000000497e-01,-5.084299999999999931e-02,-4.551999999999999623e-03,-7.067529999999999646e-01,1.066219999999999946e-01,3.045769999999999866e-01,5.130500000000000338e-02,1.354420000000000068e-01,1.395899999999999919e-02,-1.400009999999999866e-01,-1.148599999999999968e-02,-1.160909999999999997e-01,-1.069409999999999944e-01,1.719990000000000130e-01,-7.349999999999999763e-04,2.032640000000000002e-01,3.806500000000000161e-02,1.054009999999999947e-01,-2.833099999999999855e-02,3.844080000000000275e-01,4.011700000000000266e-01,1.627589999999999870e-01,8.190680000000000183e-01,-3.734930000000000194e-01,-1.302000000000000032e-02,4.314089999999999869e-01,3.410949999999999815e-01,-7.439639999999999587e-01,-4.286500000000000032e-02,7.865839999999999499e-01,2.858330000000000037e-01,6.374399999999999511e-02,-3.113299999999999956e-01
-1.186899999999999934e-02,-2.936700000000000074e-02,8.026400000000000201e-01,7.047229999999999883e-01,-5.222099999999999659e-02,-6.516000000000000091e-03,-7.075280000000000458e-01,1.110089999999999966e-01,3.073210000000000108e-01,5.702700000000000130e-02,1.352559999999999873e-01,2.008199999999999916e-02,-1.416989999999999916e-01,-8.838000000000000370e-03,-1.137029999999999985e-01,-1.065379999999999938e-01,1.722690000000000055e-01,-2.010000000000000068e-03,2.017760000000000109e-01,3.692299999999999749e-02,1.076330000000000064e-01,-2.327699999999999908e-02,3.704080000000000150e-01,4.141739999999999866e-01,1.497999999999999887e-01,8.378349999999999964e-01,-3.727960000000000163e-01,-1.388499999999999977e-02,4.194620000000000015e-01,3.286720000000000197e-01,-7.616309999999999469e-01,-2.148900000000000116e-02,7.958830000000000071e-01,2.749739999999999962e-01,6.468500000000000638e-02,-2.946070000000000078e-01
-1.388400000000000051e-02,-2.805600000000000108e-02,8.026100000000000456e-01,7.038259999999999517e-01,-5.360399999999999887e-02,-8.496000000000000080e-03,-7.082960000000000367e-01,1.154939999999999994e-01,3.100359999999999783e-01,6.277099999999999347e-02,1.350210000000000021e-01,2.620600000000000013e-02,-1.433639999999999914e-01,-6.143000000000000023e-03,-1.113320000000000004e-01,-1.061259999999999981e-01,1.725460000000000049e-01,-3.318999999999999902e-03,2.003109999999999891e-01,3.583800000000000180e-02,1.099249999999999949e-01,-1.826499999999999999e-02,3.564789999999999903e-01,4.267989999999999839e-01,1.366040000000000032e-01,8.560060000000000446e-01,-3.719100000000000183e-01,-1.442200000000000079e-02,4.077910000000000146e-01,3.164759999999999796e-01,-7.791209999999999525e-01,-2.120000000000000031e-04,8.047360000000000069e-01,2.639540000000000219e-01,6.564200000000000590e-02,-2.778749999999999831e-01
-1.447599999999999928e-02,-2.708500000000000144e-02,8.027520000000000211e-01,7.030220000000000358e-01,-5.436099999999999960e-02,-9.187999999999999987e-03,-7.090279999999999916e-01,1.190969999999999945e-01,3.108460000000000112e-01,6.192000000000000282e-02,1.316920000000000035e-01,3.049100000000000074e-02,-1.442330000000000001e-01,-4.270999999999999623e-03,-1.097049999999999970e-01,-1.056760000000000060e-01,1.693250000000000033e-01,-1.248999999999999893e-03,1.986519999999999953e-01,3.494900000000000090e-02,1.129970000000000002e-01,-1.847199999999999884e-02,3.533780000000000254e-01,4.349129999999999940e-01,1.269319999999999893e-01,8.604119999999999546e-01,-3.672460000000000169e-01,-1.386199999999999932e-02,3.985699999999999799e-01,3.139319999999999888e-01,-7.896370000000000333e-01,1.451599999999999939e-02,8.013240000000000363e-01,2.546559999999999935e-01,6.676600000000000590e-02,-2.687269999999999937e-01
-1.506900000000000080e-02,-2.604700000000000071e-02,8.027349999999999763e-01,7.020410000000000261e-01,-5.566499999999999920e-02,-1.073999999999999955e-02,-7.098759999999999515e-01,1.237660000000000010e-01,3.111860000000000182e-01,6.105700000000000016e-02,1.309559999999999891e-01,3.297499999999999737e-02,-1.449950000000000128e-01,-1.515999999999999986e-03,-1.086079999999999962e-01,-1.043649999999999994e-01,1.685709999999999986e-01,-6.599999999999999964e-04,1.973550000000000026e-01,3.471799999999999886e-02,1.149089999999999973e-01,-1.674600000000000047e-02,3.482259999999999800e-01,4.447530000000000094e-01,1.170220000000000010e-01,8.671119999999999939e-01,-3.624800000000000244e-01,-1.231699999999999982e-02,3.887450000000000072e-01,3.098389999999999755e-01,-7.990289999999999893e-01,3.007599999999999857e-02,7.993700000000000250e-01,2.447320000000000051e-01,6.896399999999999753e-02,-2.602430000000000021e-01
-1.567699999999999996e-02,-2.502599999999999963e-02,8.027020000000000266e-01,7.010480000000000045e-01,-5.712899999999999923e-02,-1.251700000000000035e-02,-7.107120000000000104e-01,1.288459999999999883e-01,3.114560000000000106e-01,6.017299999999999732e-02,1.304599999999999926e-01,3.535399999999999654e-02,-1.457569999999999977e-01,1.453999999999999997e-03,-1.076249999999999984e-01,-1.029800000000000021e-01,1.684529999999999916e-01,-3.860000000000000041e-04,1.960500000000000020e-01,3.449599999999999889e-02,1.165390000000000037e-01,-1.418299999999999943e-02,3.422769999999999979e-01,4.547019999999999951e-01,1.069500000000000034e-01,8.742760000000000531e-01,-3.577719999999999789e-01,-1.081599999999999923e-02,3.791490000000000138e-01,3.050740000000000118e-01,-8.080209999999999892e-01,4.590500000000000136e-02,7.975170000000000314e-01,2.347760000000000125e-01,7.142300000000000038e-02,-2.520890000000000075e-01
-1.586999999999999869e-02,-2.442100000000000173e-02,8.028330000000000188e-01,7.017200000000000104e-01,-5.811899999999999705e-02,-1.435799999999999924e-02,-7.099330000000000362e-01,1.320659999999999890e-01,3.094239999999999768e-01,5.460899999999999782e-02,1.300649999999999862e-01,3.766400000000000303e-02,-1.466659999999999908e-01,5.791000000000000140e-03,-1.088829999999999937e-01,-1.027200000000000057e-01,1.684599999999999986e-01,-5.100000000000000366e-04,1.950959999999999916e-01,3.326899999999999996e-02,1.158109999999999973e-01,-1.200400000000000078e-02,3.355230000000000157e-01,4.520000000000000129e-01,1.002279999999999976e-01,8.823140000000000427e-01,-3.583040000000000114e-01,-1.003800000000000005e-02,3.724020000000000108e-01,3.098910000000000275e-01,-8.104209999999999470e-01,5.254299999999999943e-02,8.047769999999999646e-01,2.329269999999999952e-01,7.368099999999999650e-02,-2.472109999999999863e-01
-1.590600000000000000e-02,-2.386100000000000027e-02,8.028750000000000053e-01,7.024380000000000068e-01,-5.902000000000000302e-02,-1.618100000000000094e-02,-7.091089999999999893e-01,1.350609999999999866e-01,3.071479999999999766e-01,4.890900000000000108e-02,1.296619999999999995e-01,3.971500000000000030e-02,-1.473720000000000030e-01,1.008000000000000042e-02,-1.104689999999999978e-01,-1.026949999999999946e-01,1.685230000000000061e-01,-7.420000000000000380e-04,1.942329999999999890e-01,3.265799999999999953e-02,1.152210000000000040e-01,-1.011500000000000073e-02,3.287979999999999792e-01,4.488639999999999852e-01,9.238599999999999590e-02,8.893459999999999699e-01,-3.588899999999999868e-01,-8.930000000000000437e-03,3.666579999999999839e-01,3.164080000000000226e-01,-8.129370000000000207e-01,5.769400000000000223e-02,8.117060000000000386e-01,2.315740000000000021e-01,7.513499999999999346e-02,-2.424979999999999913e-01
-1.593100000000000072e-02,-2.340800000000000172e-02,8.030040000000000511e-01,7.031509999999999705e-01,-5.988199999999999773e-02,-1.798299999999999899e-02,-7.082859999999999712e-01,1.380000000000000115e-01,3.048440000000000039e-01,4.322199999999999653e-02,1.292740000000000000e-01,4.173600000000000226e-02,-1.480599999999999972e-01,1.428800000000000035e-02,-1.121010000000000062e-01,-1.026590000000000003e-01,1.685999999999999999e-01,-9.950000000000000077e-04,1.933960000000000123e-01,3.240799999999999931e-02,1.146869999999999973e-01,-8.406000000000000277e-03,3.220549999999999802e-01,4.456530000000000213e-01,8.413700000000000345e-02,8.961170000000000524e-01,-3.594570000000000265e-01,-7.629000000000000364e-03,3.611750000000000238e-01,3.236399999999999832e-01,-8.154080000000000217e-01,6.219299999999999828e-02,8.183770000000000211e-01,2.301809999999999967e-01,7.646699999999999331e-02,-2.377769999999999884e-01
-1.593599999999999878e-02,-2.317999999999999922e-02,8.033259999999999845e-01,7.034340000000000037e-01,-6.035000000000000087e-02,-1.896000000000000116e-02,-7.079400000000000137e-01,1.400129999999999986e-01,3.033939999999999970e-01,3.952699999999999964e-02,1.289889999999999926e-01,4.441799999999999915e-02,-1.476540000000000075e-01,1.660899999999999876e-02,-1.134880000000000055e-01,-1.056139999999999995e-01,1.686650000000000094e-01,4.609999999999999840e-04,1.934720000000000051e-01,3.623300000000000132e-02,1.147180000000000005e-01,-7.689999999999999787e-03,3.209380000000000011e-01,4.481689999999999841e-01,8.465699999999999614e-02,9.000569999999999959e-01,-3.603680000000000216e-01,-6.960000000000000041e-03,3.588520000000000043e-01,3.293659999999999921e-01,-8.178929999999999811e-01,7.317200000000000093e-02,8.271119999999999584e-01,2.264110000000000011e-01,7.932699999999999474e-02,-2.281910000000000049e-01
-1.598000000000000115e-02,-2.298100000000000143e-02,8.035729999999999817e-01,7.036839999999999762e-01,-6.063999999999999946e-02,-1.974000000000000060e-02,-7.076449999999999685e-01,1.414489999999999914e-01,3.020329999999999959e-01,3.585599999999999898e-02,1.287069999999999881e-01,4.680000000000000132e-02,-1.473659999999999970e-01,1.832200000000000148e-02,-1.146309999999999968e-01,-1.080399999999999971e-01,1.687220000000000109e-01,2.079000000000000119e-03,1.935189999999999966e-01,3.910000000000000281e-02,1.143239999999999951e-01,-7.695999999999999716e-03,3.212329999999999908e-01,4.507709999999999773e-01,8.650199999999999556e-02,9.033440000000000358e-01,-3.611570000000000058e-01,-6.245999999999999816e-03,3.564260000000000206e-01,3.334770000000000234e-01,-8.203169999999999629e-01,8.601399999999999324e-02,8.368050000000000210e-01,2.224379999999999968e-01,8.203499999999999681e-02,-2.180590000000000028e-01
-1.603200000000000111e-02,-2.287099999999999897e-02,8.039100000000000135e-01,7.039389999999999814e-01,-6.086300000000000043e-02,-2.045800000000000049e-02,-7.073519999999999808e-01,1.426570000000000060e-01,3.006770000000000276e-01,3.216000000000000109e-02,1.284790000000000099e-01,4.918100000000000249e-02,-1.470909999999999995e-01,1.981399999999999828e-02,-1.157719999999999999e-01,-1.104730000000000018e-01,1.688219999999999998e-01,3.699000000000000031e-03,1.935520000000000018e-01,4.148099999999999704e-02,1.138190000000000035e-01,-7.907000000000000833e-03,3.220640000000000169e-01,4.532789999999999875e-01,8.892300000000000204e-02,9.063470000000000137e-01,-3.618700000000000250e-01,-5.470000000000000036e-03,3.539829999999999921e-01,3.368530000000000135e-01,-8.227780000000000094e-01,9.965100000000000346e-02,8.469539999999999846e-01,2.184250000000000080e-01,8.459500000000000353e-02,-2.078959999999999975e-01
-1.597499999999999962e-02,-2.285299999999999832e-02,8.041979999999999684e-01,7.047060000000000546e-01,-6.089100000000000068e-02,-2.099900000000000030e-02,-7.065700000000000314e-01,1.429519999999999957e-01,2.991050000000000098e-01,2.904899999999999843e-02,1.279720000000000024e-01,5.133499999999999869e-02,-1.467130000000000101e-01,2.158099999999999949e-02,-1.170759999999999995e-01,-1.111850000000000060e-01,1.686300000000000021e-01,5.130000000000000011e-03,1.935429999999999928e-01,4.264600000000000335e-02,1.125899999999999956e-01,-7.382999999999999806e-03,3.251120000000000121e-01,4.537740000000000107e-01,9.186199999999999921e-02,9.101439999999999531e-01,-3.604490000000000194e-01,-3.911999999999999679e-03,3.514379999999999726e-01,3.440380000000000105e-01,-8.266200000000000214e-01,1.077329999999999954e-01,8.533230000000000537e-01,2.111069999999999891e-01,8.766100000000000281e-02,-1.987299999999999900e-01
-1.581099999999999867e-02,-2.287700000000000150e-02,8.043970000000000287e-01,7.054829999999999712e-01,-6.088400000000000062e-02,-2.152899999999999953e-02,-7.057780000000000165e-01,1.432229999999999892e-01,2.974820000000000242e-01,2.616100000000000023e-02,1.274649999999999950e-01,5.353900000000000325e-02,-1.462019999999999986e-01,2.335500000000000076e-02,-1.184609999999999969e-01,-1.120160000000000045e-01,1.683330000000000104e-01,6.363999999999999865e-03,1.935520000000000018e-01,4.424700000000000161e-02,1.115469999999999934e-01,-7.050999999999999976e-03,3.281890000000000085e-01,4.540449999999999764e-01,9.447700000000000542e-02,9.136009999999999964e-01,-3.586960000000000148e-01,-2.199000000000000000e-03,3.489249999999999852e-01,3.527830000000000132e-01,-8.304300000000000015e-01,1.144079999999999958e-01,8.583469999999999711e-01,2.031590000000000062e-01,9.112900000000000167e-02,-1.896299999999999930e-01
-1.564199999999999965e-02,-2.291599999999999887e-02,8.046849999999999836e-01,7.062549999999999661e-01,-6.086199999999999943e-02,-2.204499999999999862e-02,-7.049919999999999520e-01,1.434809999999999974e-01,2.958560000000000079e-01,2.329099999999999920e-02,1.269609999999999905e-01,5.572499999999999676e-02,-1.456830000000000069e-01,2.510799999999999838e-02,-1.198550000000000032e-01,-1.128399999999999959e-01,1.680190000000000017e-01,7.591999999999999790e-03,1.935709999999999931e-01,4.611599999999999727e-02,1.105639999999999956e-01,-6.818000000000000276e-03,3.311839999999999784e-01,4.542999999999999816e-01,9.682000000000000328e-02,9.169869999999999965e-01,-3.568999999999999950e-01,-4.290000000000000193e-04,3.464610000000000190e-01,3.622150000000000092e-01,-8.341269999999999518e-01,1.204729999999999968e-01,8.628829999999999556e-01,1.950139999999999929e-01,9.473600000000000076e-02,-1.805769999999999875e-01
-1.493899999999999915e-02,-2.269200000000000036e-02,8.049169999999999936e-01,7.067980000000000373e-01,-6.077899999999999969e-02,-2.225399999999999948e-02,-7.044479999999999631e-01,1.428750000000000020e-01,2.939249999999999918e-01,2.129599999999999896e-02,1.267979999999999940e-01,5.626400000000000151e-02,-1.456479999999999997e-01,2.564299999999999913e-02,-1.215450000000000003e-01,-1.131540000000000046e-01,1.677369999999999972e-01,8.675000000000000419e-03,1.937409999999999966e-01,4.708299999999999985e-02,1.103149999999999964e-01,-5.571999999999999696e-03,3.365940000000000043e-01,4.556239999999999735e-01,1.038519999999999999e-01,9.169420000000000348e-01,-3.569100000000000050e-01,-5.700000000000000314e-05,3.465030000000000054e-01,3.658410000000000273e-01,-8.338100000000000511e-01,1.159659999999999996e-01,8.729959999999999942e-01,1.962389999999999968e-01,9.739699999999999747e-02,-1.796290000000000109e-01
-1.417700000000000037e-02,-2.242999999999999855e-02,8.050450000000000106e-01,7.073129999999999695e-01,-6.066599999999999770e-02,-2.250100000000000017e-02,-7.039330000000000309e-01,1.421600000000000086e-01,2.919510000000000161e-01,1.939799999999999858e-02,1.268130000000000090e-01,5.680899999999999839e-02,-1.455690000000000039e-01,2.608100000000000002e-02,-1.233680000000000054e-01,-1.136630000000000001e-01,1.675850000000000117e-01,1.015300000000000057e-02,1.940639999999999865e-01,4.819899999999999879e-02,1.098240000000000050e-01,-4.096999999999999947e-03,3.419740000000000002e-01,4.569270000000000276e-01,1.109279999999999988e-01,9.164020000000000499e-01,-3.569300000000000250e-01,4.260000000000000006e-04,3.468129999999999824e-01,3.688670000000000004e-01,-8.331739999999999702e-01,1.119119999999999976e-01,8.836690000000000378e-01,1.980760000000000021e-01,9.962500000000000522e-02,-1.793430000000000024e-01
-1.350299999999999938e-02,-2.216100000000000014e-02,8.052599999999999758e-01,7.078259999999999552e-01,-6.054899999999999866e-02,-2.275399999999999992e-02,-7.034200000000000452e-01,1.414370000000000072e-01,2.899599999999999955e-01,1.750099999999999920e-02,1.268459999999999865e-01,5.735400000000000220e-02,-1.454920000000000102e-01,2.650299999999999878e-02,-1.252070000000000127e-01,-1.141630000000000006e-01,1.674539999999999917e-01,1.162799999999999945e-02,1.943870000000000042e-01,4.925500000000000017e-02,1.092830000000000051e-01,-2.586999999999999890e-03,3.474130000000000273e-01,4.581939999999999902e-01,1.180889999999999995e-01,9.157669999999999977e-01,-3.569479999999999875e-01,9.779999999999999197e-04,3.471839999999999926e-01,3.716800000000000104e-01,-8.325179999999999803e-01,1.080779999999999935e-01,8.945380000000000553e-01,2.000170000000000003e-01,1.017430000000000001e-01,-1.791129999999999944e-01
-1.316699999999999988e-02,-2.191999999999999851e-02,8.054059999999999553e-01,7.081290000000000084e-01,-6.046499999999999792e-02,-2.286499999999999991e-02,-7.031180000000000208e-01,1.407599999999999962e-01,2.891009999999999969e-01,1.713599999999999846e-02,1.269010000000000138e-01,5.791700000000000320e-02,-1.455239999999999867e-01,2.683100000000000068e-02,-1.259170000000000011e-01,-1.142029999999999990e-01,1.673010000000000053e-01,1.245800000000000032e-02,1.944230000000000125e-01,5.166899999999999965e-02,1.084900000000000031e-01,-2.059000000000000066e-03,3.491799999999999904e-01,4.586009999999999809e-01,1.232899999999999968e-01,9.168969999999999620e-01,-3.579300000000000259e-01,1.547999999999999897e-03,3.484599999999999920e-01,3.742800000000000016e-01,-8.352389999999999537e-01,1.155479999999999979e-01,8.970690000000000053e-01,1.928040000000000032e-01,1.036989999999999995e-01,-1.726560000000000039e-01
-1.283699999999999945e-02,-2.176600000000000062e-02,8.055520000000000458e-01,7.084099999999999842e-01,-6.038799999999999724e-02,-2.291199999999999834e-02,-7.028389999999999915e-01,1.400039999999999896e-01,2.882899999999999907e-01,1.664200000000000054e-02,1.270020000000000038e-01,5.844200000000000089e-02,-1.456929999999999892e-01,2.703399999999999900e-02,-1.264699999999999991e-01,-1.143340000000000051e-01,1.671539999999999970e-01,1.314399999999999943e-02,1.943890000000000062e-01,5.357599999999999862e-02,1.078100000000000031e-01,-1.552999999999999910e-03,3.508640000000000092e-01,4.587709999999999844e-01,1.287109999999999921e-01,9.183299999999999796e-01,-3.590409999999999990e-01,2.033999999999999784e-03,3.498339999999999783e-01,3.763909999999999756e-01,-8.382009999999999739e-01,1.234969999999999957e-01,8.993440000000000323e-01,1.850160000000000138e-01,1.061629999999999935e-01,-1.657760000000000067e-01
-1.251000000000000029e-02,-2.152000000000000093e-02,8.056980000000000253e-01,7.086959999999999926e-01,-6.031000000000000250e-02,-2.295600000000000071e-02,-7.025569999999999871e-01,1.392180000000000084e-01,2.874900000000000233e-01,1.612299999999999844e-02,1.271299999999999930e-01,5.896400000000000252e-02,-1.458699999999999997e-01,2.722199999999999967e-02,-1.270129999999999870e-01,-1.144789999999999974e-01,1.670190000000000008e-01,1.383099999999999954e-02,1.943519999999999970e-01,5.534499999999999836e-02,1.071420000000000011e-01,-1.034999999999999896e-03,3.526020000000000265e-01,4.588880000000000181e-01,1.342559999999999865e-01,9.198020000000000085e-01,-3.601570000000000049e-01,2.484000000000000097e-03,3.511949999999999794e-01,3.783380000000000076e-01,-8.412009999999999765e-01,1.315900000000000125e-01,9.016199999999999770e-01,1.771610000000000129e-01,1.086860000000000048e-01,-1.588579999999999992e-01
-1.212500000000000036e-02,-2.133099999999999927e-02,8.058020000000000183e-01,7.090450000000000363e-01,-6.019700000000000051e-02,-2.281400000000000095e-02,-7.022190000000000376e-01,1.381620000000000070e-01,2.872140000000000248e-01,1.740299999999999833e-02,1.272079999999999878e-01,6.004999999999999921e-02,-1.442579999999999973e-01,2.663199999999999942e-02,-1.279460000000000042e-01,-1.135420000000000040e-01,1.668530000000000013e-01,1.600499999999999839e-02,1.941140000000000088e-01,5.694500000000000256e-02,1.062250000000000000e-01,-1.779999999999999898e-04,3.582580000000000209e-01,4.624099999999999877e-01,1.377460000000000073e-01,9.207950000000000301e-01,-3.583709999999999951e-01,3.158000000000000217e-03,3.513100000000000112e-01,3.763020000000000254e-01,-8.391560000000000130e-01,1.336489999999999900e-01,9.103999999999999870e-01,1.782710000000000128e-01,1.101069999999999965e-01,-1.575469999999999926e-01
-1.178300000000000007e-02,-2.110899999999999929e-02,8.059370000000000145e-01,7.091939999999999911e-01,-6.004600000000000215e-02,-2.269499999999999990e-02,-7.020849999999999591e-01,1.372349999999999959e-01,2.867649999999999921e-01,1.802199999999999983e-02,1.272580000000000100e-01,6.045199999999999879e-02,-1.437579999999999969e-01,2.625999999999999862e-02,-1.284929999999999961e-01,-1.138119999999999965e-01,1.667230000000000101e-01,1.694100000000000120e-02,1.938360000000000083e-01,5.918099999999999750e-02,1.049709999999999949e-01,5.980000000000000072e-04,3.637870000000000270e-01,4.663359999999999728e-01,1.411469999999999947e-01,9.218439999999999968e-01,-3.564809999999999923e-01,3.879000000000000069e-03,3.512870000000000159e-01,3.739759999999999751e-01,-8.365879999999999983e-01,1.360899999999999888e-01,9.200789999999999802e-01,1.800519999999999898e-01,1.108920000000000045e-01,-1.568140000000000089e-01
-1.145200000000000037e-02,-2.088599999999999832e-02,8.059819999999999762e-01,7.093460000000000321e-01,-5.990999999999999798e-02,-2.257699999999999985e-02,-7.019469999999999876e-01,1.363109999999999877e-01,2.863589999999999747e-01,1.862000000000000113e-02,1.273390000000000077e-01,6.083700000000000219e-02,-1.432829999999999937e-01,2.588400000000000076e-02,-1.290070000000000106e-01,-1.141009999999999941e-01,1.666539999999999966e-01,1.783900000000000069e-02,1.935409999999999908e-01,6.143099999999999949e-02,1.036770000000000053e-01,1.389999999999999960e-03,3.693150000000000044e-01,4.703260000000000218e-01,1.445660000000000001e-01,9.229300000000000281e-01,-3.546019999999999728e-01,4.603000000000000320e-03,3.512359999999999927e-01,3.715660000000000074e-01,-8.339199999999999946e-01,1.386259999999999992e-01,9.299650000000000416e-01,1.819050000000000111e-01,1.115109999999999990e-01,-1.561359999999999970e-01
-1.120999999999999948e-02,-2.102400000000000102e-02,8.061110000000000220e-01,7.095479999999999565e-01,-5.986699999999999661e-02,-2.214500000000000149e-02,-7.017600000000000504e-01,1.354029999999999956e-01,2.865559999999999774e-01,2.013500000000000012e-02,1.272709999999999952e-01,6.107200000000000129e-02,-1.429209999999999925e-01,2.517799999999999899e-02,-1.291200000000000125e-01,-1.149469999999999936e-01,1.666169999999999873e-01,1.939700000000000105e-02,1.931460000000000121e-01,6.251900000000000512e-02,1.021539999999999948e-01,2.794000000000000043e-03,3.712779999999999969e-01,4.715099999999999847e-01,1.436219999999999997e-01,9.198889999999999567e-01,-3.520260000000000056e-01,4.865000000000000401e-03,3.502080000000000193e-01,3.705419999999999825e-01,-8.323249999999999815e-01,1.466290000000000093e-01,9.296569999999999556e-01,1.781030000000000113e-01,1.120059999999999945e-01,-1.530940000000000079e-01
-1.104600000000000026e-02,-2.107600000000000098e-02,8.062479999999999647e-01,7.097900000000000320e-01,-5.982400000000000218e-02,-2.177300000000000069e-02,-7.015310000000000157e-01,1.346340000000000037e-01,2.868580000000000019e-01,2.087699999999999972e-02,1.272220000000000018e-01,6.134200000000000069e-02,-1.426929999999999865e-01,2.504199999999999829e-02,-1.291740000000000110e-01,-1.159960000000000019e-01,1.664519999999999889e-01,2.011900000000000147e-02,1.929049999999999931e-01,6.348099999999999576e-02,1.007760000000000045e-01,4.206999999999999802e-03,3.735129999999999839e-01,4.723609999999999753e-01,1.427190000000000125e-01,9.161850000000000271e-01,-3.493600000000000039e-01,5.486999999999999690e-03,3.495449999999999946e-01,3.701590000000000158e-01,-8.308630000000000182e-01,1.540860000000000007e-01,9.281749999999999723e-01,1.738860000000000128e-01,1.134320000000000050e-01,-1.500150000000000095e-01
-1.088000000000000078e-02,-2.113599999999999854e-02,8.062979999999999592e-01,7.100389999999999757e-01,-5.980300000000000199e-02,-2.141500000000000001e-02,-7.012909999999999977e-01,1.339249999999999885e-01,2.871670000000000056e-01,2.160000000000000114e-02,1.271760000000000113e-01,6.159499999999999698e-02,-1.424610000000000043e-01,2.499499999999999986e-02,-1.292220000000000035e-01,-1.170729999999999965e-01,1.662659999999999971e-01,2.082399999999999876e-02,1.926740000000000119e-01,6.445499999999999841e-02,9.944699999999999374e-02,5.662000000000000366e-03,3.758110000000000062e-01,4.731609999999999983e-01,1.417769999999999864e-01,9.123059999999999503e-01,-3.466719999999999802e-01,6.218999999999999702e-03,3.489630000000000232e-01,3.700390000000000068e-01,-8.294350000000000334e-01,1.613320000000000032e-01,9.263510000000000355e-01,1.695979999999999988e-01,1.150840000000000057e-01,-1.469469999999999943e-01
-1.078199999999999992e-02,-2.119800000000000156e-02,8.064940000000000442e-01,7.102749999999999897e-01,-5.950300000000000034e-02,-2.110100000000000170e-02,-7.010870000000000157e-01,1.326680000000000081e-01,2.870670000000000166e-01,2.161300000000000027e-02,1.270070000000000088e-01,6.192700000000000288e-02,-1.426669999999999883e-01,2.426999999999999991e-02,-1.288839999999999986e-01,-1.171380000000000060e-01,1.660099999999999909e-01,2.241599999999999843e-02,1.919710000000000027e-01,6.401500000000000246e-02,9.835099999999999398e-02,7.929999999999999549e-03,3.814150000000000040e-01,4.736099999999999755e-01,1.206440000000000012e-01,9.065549999999999997e-01,-3.314050000000000051e-01,1.022499999999999971e-02,3.378599999999999937e-01,3.684419999999999917e-01,-8.305139999999999745e-01,1.734559999999999991e-01,9.203050000000000397e-01,1.623819999999999986e-01,1.167239999999999944e-01,-1.418159999999999976e-01
-1.066199999999999960e-02,-2.118300000000000044e-02,8.067069999999999519e-01,7.104740000000000499e-01,-5.921200000000000074e-02,-2.067400000000000140e-02,-7.009229999999999627e-01,1.315189999999999970e-01,2.870719999999999938e-01,2.184099999999999930e-02,1.268779999999999908e-01,6.221899999999999653e-02,-1.428730000000000000e-01,2.349700000000000052e-02,-1.288819999999999966e-01,-1.177109999999999962e-01,1.658040000000000069e-01,2.354200000000000043e-02,1.914720000000000033e-01,6.405399999999999983e-02,9.770199999999999718e-02,9.683000000000000634e-03,3.871550000000000269e-01,4.740860000000000074e-01,9.908999999999999753e-02,9.005840000000000511e-01,-3.156100000000000017e-01,1.461999999999999932e-02,3.264050000000000007e-01,3.679160000000000208e-01,-8.318219999999999503e-01,1.847570000000000046e-01,9.140399999999999636e-01,1.550809999999999966e-01,1.184920000000000001e-01,-1.365079999999999905e-01
-1.054199999999999929e-02,-2.126199999999999965e-02,8.068330000000000224e-01,7.106700000000000239e-01,-5.890800000000000203e-02,-2.023199999999999998e-02,-7.007630000000000248e-01,1.303330000000000044e-01,2.870789999999999731e-01,2.207500000000000087e-02,1.267629999999999868e-01,6.249799999999999800e-02,-1.430819999999999870e-01,2.266900000000000165e-02,-1.288759999999999906e-01,-1.182760000000000061e-01,1.656269999999999964e-01,2.465200000000000030e-02,1.909720000000000029e-01,6.429300000000000292e-02,9.711500000000000687e-02,1.130699999999999934e-02,3.929349999999999787e-01,4.746810000000000196e-01,7.732899999999999496e-02,8.946549999999999780e-01,-2.997790000000000177e-01,1.891999999999999932e-02,3.148580000000000267e-01,3.677900000000000058e-01,-8.331849999999999534e-01,1.957389999999999963e-01,9.076100000000000279e-01,1.477439999999999864e-01,1.202700000000000019e-01,-1.311470000000000136e-01
