-7.991299999999999792e-02,2.577600000000000030e-02,8.244989999999999819e-01,7.410339999999999705e-01,-3.643500000000000211e-02,2.303600000000000092e-02,-6.700829999999999842e-01,2.201300000000000132e-02,1.368689999999999907e-01,4.786399999999999683e-02,1.290860000000000063e-01,3.125900000000000206e-02,-4.803500000000000131e-02,5.946499999999999703e-02,-1.926999999999999894e-03,-2.006560000000000010e-01,1.376030000000000031e-01,2.882499999999999993e-02,1.286699999999999997e-02,1.785399999999999834e-02,1.132380000000000053e-01,1.312499999999999951e-02,-2.043999999999999810e-03,4.546499999999999847e-02,-2.117130000000000123e-01,3.581659999999999844e-01,-7.358699999999999963e-02,5.255399999999999655e-02,2.643900000000000070e-02,-2.200699999999999878e-02,-8.726100000000000523e-02,2.389950000000000130e-01,3.543939999999999868e-01,4.722599999999999715e-02,6.129799999999999832e-02,-8.871999999999999678e-03
-7.997100000000000042e-02,2.568399999999999850e-02,8.245550000000000379e-01,7.410989999999999522e-01,-3.577099999999999724e-02,2.379200000000000065e-02,-6.700199999999999489e-01,2.072299999999999837e-02,1.368900000000000117e-01,4.714900000000000341e-02,1.270950000000000135e-01,3.297400000000000331e-02,-4.837999999999999939e-02,5.871900000000000036e-02,-1.912000000000000071e-03,-2.014309999999999989e-01,1.346249999999999947e-01,2.996899999999999911e-02,1.263200000000000087e-02,1.777300000000000060e-02,1.137100000000000055e-01,9.717999999999999208e-03,-1.007999999999999998e-03,4.425799999999999873e-02,-2.104379999999999862e-01,3.599820000000000242e-01,-7.363799999999999513e-02,5.095399999999999929e-02,2.724400000000000086e-02,-2.280199999999999935e-02,-8.743800000000000183e-02,2.408240000000000103e-01,3.564959999999999796e-01,4.814000000000000223e-02,5.976900000000000268e-02,-1.023899999999999984e-02
-8.004400000000000404e-02,2.563899999999999860e-02,8.245590000000000419e-01,7.411940000000000195e-01,-3.573899999999999993e-02,2.383000000000000049e-02,-6.699150000000000382e-01,2.060800000000000132e-02,1.368840000000000057e-01,4.686699999999999894e-02,1.270989999999999898e-01,3.306699999999999917e-02,-4.864600000000000174e-02,5.873199999999999948e-02,-1.770000000000000089e-03,-2.017299999999999927e-01,1.344200000000000117e-01,2.984799999999999953e-02,1.253300000000000074e-02,1.771899999999999864e-02,1.140059999999999962e-01,9.142000000000000820e-03,-6.109999999999999980e-04,4.444399999999999740e-02,-2.100450000000000095e-01,3.599870000000000014e-01,-7.365599999999999925e-02,5.070500000000000007e-02,2.733999999999999972e-02,-2.321099999999999899e-02,-8.771500000000000130e-02,2.407380000000000075e-01,3.568600000000000105e-01,4.836800000000000127e-02,5.950099999999999834e-02,-1.044400000000000016e-02
-8.003599999999999604e-02,2.560600000000000029e-02,8.245590000000000419e-01,7.412910000000000332e-01,-3.579500000000000043e-02,2.375599999999999934e-02,-6.698079999999999590e-01,2.077999999999999986e-02,1.368620000000000114e-01,4.659100000000000047e-02,1.271509999999999863e-01,3.310400000000000148e-02,-4.891800000000000315e-02,5.894800000000000040e-02,-1.663999999999999898e-03,-2.020190000000000041e-01,1.344390000000000029e-01,2.957999999999999866e-02,1.243499999999999987e-02,1.776300000000000101e-02,1.142449999999999993e-01,8.975999999999999604e-03,-3.499999999999999964e-04,4.474000000000000199e-02,-2.097739999999999883e-01,3.597469999999999835e-01,-7.369900000000000062e-02,5.067599999999999882e-02,2.743299999999999905e-02,-2.362500000000000017e-02,-8.805100000000000426e-02,2.404239999999999988e-01,3.569559999999999955e-01,4.846600000000000213e-02,5.944800000000000084e-02,-1.060799999999999937e-02
-8.028000000000000413e-02,2.532399999999999929e-02,8.245559999999999556e-01,7.413659999999999695e-01,-3.568000000000000338e-02,2.381600000000000036e-02,-6.697279999999999900e-01,2.072900000000000090e-02,1.371090000000000086e-01,4.698900000000000299e-02,1.271390000000000020e-01,3.304599999999999899e-02,-4.850399999999999850e-02,5.946400000000000297e-02,-1.673999999999999924e-03,-2.016070000000000084e-01,1.343600000000000072e-01,2.958399999999999919e-02,1.255099999999999966e-02,1.791699999999999890e-02,1.142399999999999943e-01,9.306999999999999301e-03,-4.670000000000000214e-04,4.455300000000000232e-02,-2.094779999999999975e-01,3.600970000000000004e-01,-7.391000000000000347e-02,5.060499999999999721e-02,2.749700000000000061e-02,-2.362900000000000070e-02,-8.815499999999999725e-02,2.403299999999999881e-01,3.570510000000000073e-01,4.854800000000000088e-02,5.942100000000000160e-02,-1.042599999999999950e-02
-8.043500000000000649e-02,2.499699999999999839e-02,8.245559999999999556e-01,7.414910000000000112e-01,-3.566300000000000026e-02,2.381899999999999989e-02,-6.695910000000000473e-01,2.091700000000000156e-02,1.372929999999999984e-01,4.694399999999999962e-02,1.271599999999999953e-01,3.298299999999999843e-02,-4.864799999999999680e-02,5.995000000000000329e-02,-1.386999999999999995e-03,-2.016870000000000052e-01,1.343169999999999920e-01,2.921400000000000038e-02,1.243499999999999987e-02,1.813199999999999881e-02,1.140869999999999940e-01,9.367999999999999591e-03,-4.979999999999999618e-04,4.445299999999999946e-02,-2.089910000000000101e-01,3.604780000000000206e-01,-7.412599999999999745e-02,5.052500000000000047e-02,2.755000000000000157e-02,-2.360999999999999904e-02,-8.800900000000000389e-02,2.399050000000000071e-01,3.571630000000000082e-01,4.868999999999999717e-02,5.940000000000000141e-02,-1.035200000000000009e-02
-8.059299999999999797e-02,2.475600000000000023e-02,8.245559999999999556e-01,7.416179999999999994e-01,-3.564500000000000307e-02,2.382099999999999843e-02,-6.694510000000000183e-01,2.110799999999999829e-02,1.374819999999999931e-01,4.689200000000000312e-02,1.271770000000000123e-01,3.292500000000000288e-02,-4.879599999999999910e-02,6.043500000000000261e-02,-1.098999999999999934e-03,-2.017780000000000129e-01,1.342899999999999927e-01,2.883099999999999899e-02,1.231400000000000029e-02,1.834600000000000120e-02,1.139219999999999955e-01,9.426000000000000351e-03,-5.320000000000000293e-04,4.435299999999999659e-02,-2.085079999999999989e-01,3.608629999999999893e-01,-7.433900000000000230e-02,5.043500000000000066e-02,2.759700000000000000e-02,-2.358599999999999933e-02,-8.784599999999999353e-02,2.394739999999999924e-01,3.572980000000000045e-01,4.882899999999999741e-02,5.937100000000000016e-02,-1.029399999999999933e-02
-8.033500000000000363e-02,2.470599999999999880e-02,8.245569999999999844e-01,7.416650000000000187e-01,-3.569200000000000150e-02,2.374799999999999828e-02,-6.693989999999999663e-01,2.149099999999999969e-02,1.374700000000000089e-01,4.674199999999999883e-02,1.271899999999999975e-01,3.274699999999999833e-02,-4.863100000000000062e-02,6.053299999999999653e-02,-1.361000000000000014e-03,-2.018810000000000049e-01,1.343499999999999972e-01,2.925399999999999875e-02,1.252099999999999914e-02,1.834500000000000020e-02,1.141149999999999942e-01,9.355000000000000468e-03,-5.349999999999999938e-04,4.453100000000000114e-02,-2.091870000000000118e-01,3.608609999999999873e-01,-7.416599999999999582e-02,5.053900000000000059e-02,2.733700000000000019e-02,-2.316999999999999962e-02,-8.734599999999999309e-02,2.398170000000000024e-01,3.572069999999999967e-01,4.874599999999999766e-02,5.941599999999999659e-02,-1.020000000000000073e-02
-8.008899999999999353e-02,2.472999999999999851e-02,8.245599999999999596e-01,7.416939999999999644e-01,-3.574800000000000200e-02,2.369100000000000025e-02,-6.693660000000000165e-01,2.165500000000000064e-02,1.372430000000000039e-01,4.665899999999999909e-02,1.271819999999999895e-01,3.258199999999999985e-02,-4.846099999999999713e-02,6.066599999999999770e-02,-1.557999999999999923e-03,-2.020210000000000061e-01,1.343850000000000044e-01,2.939599999999999852e-02,1.264000000000000019e-02,1.836199999999999985e-02,1.143030000000000018e-01,9.209000000000000172e-03,-2.320000000000000014e-04,4.460100000000000176e-02,-2.095059999999999978e-01,3.608259999999999801e-01,-7.401099999999999346e-02,5.064699999999999758e-02,2.708400000000000044e-02,-2.309699999999999948e-02,-8.709400000000000475e-02,2.399139999999999884e-01,3.571050000000000058e-01,4.873399999999999954e-02,5.948500000000000315e-02,-1.014999999999999930e-02
-7.984199999999999631e-02,2.466600000000000042e-02,8.245630000000000459e-01,7.417230000000000212e-01,-3.579999999999999849e-02,2.363600000000000076e-02,-6.693329999999999558e-01,2.180199999999999846e-02,1.370119999999999949e-01,4.657599999999999935e-02,1.271780000000000133e-01,3.241600000000000037e-02,-4.828899999999999859e-02,6.078700000000000075e-02,-1.760000000000000063e-03,-2.021620000000000084e-01,1.344289999999999929e-01,2.953400000000000122e-02,1.276300000000000004e-02,1.836600000000000038e-02,1.144939999999999986e-01,9.057000000000000814e-03,9.200000000000000007e-05,4.466099999999999931e-02,-2.098019999999999885e-01,3.607790000000000163e-01,-7.384799999999999698e-02,5.075899999999999856e-02,2.683999999999999928e-02,-2.304099999999999898e-02,-8.684699999999999365e-02,2.400210000000000121e-01,3.570229999999999793e-01,4.873199999999999754e-02,5.954199999999999771e-02,-1.009700000000000007e-02
-7.985200000000000631e-02,2.447300000000000170e-02,8.245599999999999596e-01,7.417099999999999804e-01,-3.575099999999999806e-02,2.379600000000000118e-02,-6.693449999999999678e-01,2.201499999999999985e-02,1.367879999999999929e-01,4.696000000000000174e-02,1.271490000000000120e-01,3.226600000000000301e-02,-4.839799999999999658e-02,6.105800000000000116e-02,-2.075000000000000022e-03,-2.019380000000000064e-01,1.344079999999999997e-01,2.943899999999999989e-02,1.273700000000000006e-02,1.802199999999999983e-02,1.147409999999999958e-01,9.150999999999999412e-03,1.310000000000000129e-04,4.470199999999999868e-02,-2.096679999999999933e-01,3.606150000000000189e-01,-7.385600000000000498e-02,5.075500000000000150e-02,2.692999999999999908e-02,-2.312200000000000019e-02,-8.700800000000000201e-02,2.399139999999999884e-01,3.569510000000000183e-01,4.864799999999999680e-02,5.954700000000000271e-02,-1.020300000000000026e-02
-7.982599999999999418e-02,2.428400000000000003e-02,8.245599999999999596e-01,7.416979999999999684e-01,-3.568999999999999950e-02,2.387799999999999992e-02,-6.693580000000000085e-01,2.205400000000000069e-02,1.369059999999999999e-01,4.734599999999999920e-02,1.271349999999999980e-01,3.210600000000000259e-02,-4.848700000000000232e-02,6.108500000000000041e-02,-1.974000000000000060e-03,-2.017100000000000004e-01,1.343590000000000062e-01,2.937499999999999833e-02,1.272500000000000020e-02,1.766500000000000015e-02,1.148789999999999950e-01,9.138999999999999554e-03,1.640000000000000019e-04,4.497799999999999715e-02,-2.097249999999999948e-01,3.604459999999999886e-01,-7.384499999999999398e-02,5.077199999999999769e-02,2.701999999999999888e-02,-2.324400000000000077e-02,-8.732600000000000084e-02,2.397729999999999861e-01,3.568649999999999878e-01,4.856300000000000200e-02,5.954799999999999677e-02,-1.030000000000000013e-02
-7.980099999999999694e-02,2.409400000000000083e-02,8.245599999999999596e-01,7.416840000000000099e-01,-3.562300000000000189e-02,2.396900000000000072e-02,-6.693740000000000245e-01,2.206100000000000075e-02,1.370300000000000129e-01,4.773100000000000259e-02,1.271329999999999960e-01,3.194600000000000217e-02,-4.858500000000000318e-02,6.108500000000000041e-02,-1.869000000000000002e-03,-2.014789999999999914e-01,1.343090000000000117e-01,2.931500000000000078e-02,1.270800000000000055e-02,1.732799999999999965e-02,1.150199999999999972e-01,9.095000000000000653e-03,2.180000000000000134e-04,4.525400000000000256e-02,-2.098079999999999945e-01,3.602870000000000239e-01,-7.383199999999999485e-02,5.078499999999999681e-02,2.709999999999999909e-02,-2.336099999999999982e-02,-8.764800000000000368e-02,2.396179999999999977e-01,3.567859999999999920e-01,4.848299999999999832e-02,5.953900000000000164e-02,-1.040100000000000052e-02
-7.982300000000000506e-02,2.384899999999999867e-02,8.245569999999999844e-01,7.417989999999999862e-01,-3.558599999999999958e-02,2.401000000000000009e-02,-6.692470000000000363e-01,2.226799999999999960e-02,1.368989999999999929e-01,4.733199999999999907e-02,1.271460000000000090e-01,3.191599999999999993e-02,-4.865300000000000180e-02,6.136699999999999794e-02,-1.971999999999999795e-03,-2.019140000000000101e-01,1.343419999999999892e-01,2.915099999999999983e-02,1.275399999999999971e-02,1.790299999999999878e-02,1.150560000000000055e-01,8.999999999999999320e-03,1.710000000000000094e-04,4.517399999999999888e-02,-2.095470000000000110e-01,3.603689999999999949e-01,-7.383499999999999786e-02,5.079600000000000087e-02,2.718800000000000036e-02,-2.339300000000000060e-02,-8.765199999999999381e-02,2.396349999999999869e-01,3.567660000000000275e-01,4.852100000000000163e-02,5.961700000000000332e-02,-1.027499999999999941e-02
-7.983899999999999331e-02,2.369599999999999831e-02,8.245569999999999844e-01,7.419210000000000527e-01,-3.558000000000000052e-02,2.397300000000000125e-02,-6.691129999999999578e-01,2.248899999999999857e-02,1.367520000000000124e-01,4.693699999999999956e-02,1.271440000000000070e-01,3.188599999999999768e-02,-4.870700000000000029e-02,6.165699999999999653e-02,-2.095000000000000074e-03,-2.023459999999999981e-01,1.343769999999999964e-01,2.897900000000000129e-02,1.281299999999999974e-02,1.815200000000000147e-02,1.150879999999999959e-01,8.942000000000000295e-03,6.499999999999999431e-05,4.534799999999999942e-02,-2.094989999999999908e-01,3.604959999999999831e-01,-7.381500000000000561e-02,5.080900000000000000e-02,2.724499999999999839e-02,-2.343100000000000044e-02,-8.772900000000000142e-02,2.394969999999999877e-01,3.567609999999999948e-01,4.860199999999999937e-02,5.969800000000000106e-02,-1.013999999999999971e-02
-7.976800000000000557e-02,2.354300000000000143e-02,8.245569999999999844e-01,7.420449999999999546e-01,-3.557799999999999851e-02,2.393199999999999841e-02,-6.689779999999999616e-01,2.272300000000000014e-02,1.366030000000000022e-01,4.653700000000000198e-02,1.271359999999999990e-01,3.185899999999999843e-02,-4.876199999999999979e-02,6.196299999999999725e-02,-2.217999999999999920e-03,-2.027819999999999900e-01,1.344100000000000017e-01,2.880800000000000027e-02,1.287199999999999976e-02,1.839500000000000163e-02,1.151129999999999931e-01,8.899999999999999925e-03,-2.599999999999999840e-05,4.550799999999999984e-02,-2.095029999999999948e-01,3.606449999999999934e-01,-7.377100000000000324e-02,5.082199999999999912e-02,2.727900000000000116e-02,-2.347899999999999987e-02,-8.780100000000000404e-02,2.393699999999999994e-01,3.567529999999999868e-01,4.867099999999999899e-02,5.978200000000000180e-02,-1.000099999999999947e-02
-7.994900000000000617e-02,2.319200000000000081e-02,8.245569999999999844e-01,7.420930000000000026e-01,-3.543000000000000316e-02,2.400599999999999956e-02,-6.689289999999999958e-01,2.285200000000000078e-02,1.366759999999999919e-01,4.620200000000000001e-02,1.271420000000000050e-01,3.183099999999999818e-02,-4.884499999999999953e-02,6.254099999999999937e-02,-2.148999999999999869e-03,-2.033649999999999902e-01,1.343580000000000052e-01,2.835999999999999979e-02,1.294799999999999944e-02,1.870700000000000141e-02,1.149720000000000047e-01,8.642999999999999641e-03,-3.199999999999999855e-05,4.498900000000000121e-02,-2.102519999999999945e-01,3.606650000000000134e-01,-7.353600000000000414e-02,5.091799999999999798e-02,2.704200000000000007e-02,-2.338000000000000148e-02,-8.744499999999999496e-02,2.399340000000000084e-01,3.566409999999999858e-01,4.835199999999999915e-02,5.976000000000000062e-02,-1.012300000000000005e-02
-8.012700000000000378e-02,2.283200000000000160e-02,8.245569999999999844e-01,7.421640000000000459e-01,-3.528300000000000186e-02,2.408400000000000124e-02,-6.688549999999999773e-01,2.297499999999999890e-02,1.367460000000000064e-01,4.582599999999999868e-02,1.271470000000000100e-01,3.179599999999999788e-02,-4.892599999999999727e-02,6.288599999999999746e-02,-2.004999999999999838e-03,-2.038800000000000057e-01,1.342969999999999997e-01,2.791599999999999984e-02,1.301399999999999953e-02,1.899500000000000147e-02,1.148419999999999996e-01,8.352000000000000049e-03,3.199999999999999855e-05,4.444900000000000240e-02,-2.111040000000000139e-01,3.606790000000000274e-01,-7.327000000000000179e-02,5.106499999999999928e-02,2.681700000000000056e-02,-2.322099999999999859e-02,-8.707199999999999662e-02,2.404930000000000123e-01,3.565189999999999748e-01,4.815699999999999842e-02,5.999899999999999678e-02,-9.801000000000000684e-03
-8.021699999999999664e-02,2.238400000000000112e-02,8.245580000000000132e-01,7.422349999999999781e-01,-3.513199999999999656e-02,2.416799999999999851e-02,-6.687819999999999876e-01,2.308100000000000082e-02,1.368199999999999972e-01,4.545199999999999935e-02,1.271579999999999933e-01,3.176099999999999757e-02,-4.900700000000000195e-02,6.321100000000000330e-02,-1.858999999999999975e-03,-2.043929999999999914e-01,1.342409999999999992e-01,2.747300000000000089e-02,1.307999999999999961e-02,1.928399999999999906e-02,1.147119999999999945e-01,8.044000000000000802e-03,1.459999999999999981e-04,4.384799999999999809e-02,-2.120740000000000125e-01,3.607079999999999731e-01,-7.295500000000000596e-02,5.124200000000000282e-02,2.656599999999999934e-02,-2.306499999999999870e-02,-8.669699999999999629e-02,2.411119999999999930e-01,3.563769999999999993e-01,4.791200000000000320e-02,6.027799999999999825e-02,-9.436999999999999209e-03
-8.005600000000000216e-02,2.230299999999999991e-02,8.245770000000000044e-01,7.425340000000000273e-01,-3.512200000000000044e-02,2.418899999999999870e-02,-6.684499999999999886e-01,2.304600000000000051e-02,1.366350000000000064e-01,4.531999999999999917e-02,1.271789999999999865e-01,3.185000000000000331e-02,-4.888200000000000184e-02,6.328999999999999904e-02,-2.367999999999999879e-03,-2.045109999999999983e-01,1.343119999999999870e-01,2.808700000000000085e-02,1.345499999999999995e-02,1.991499999999999868e-02,1.147119999999999945e-01,7.786000000000000386e-03,3.440000000000000132e-04,4.368699999999999667e-02,-2.117930000000000090e-01,3.610559999999999881e-01,-7.304599999999999982e-02,5.130799999999999944e-02,2.642900000000000110e-02,-2.299400000000000055e-02,-8.630200000000000371e-02,2.415549999999999919e-01,3.564289999999999958e-01,4.755600000000000105e-02,6.024000000000000188e-02,-9.494000000000000702e-03
-7.981699999999999906e-02,2.222800000000000123e-02,8.245949999999999669e-01,7.428080000000000238e-01,-3.512200000000000044e-02,2.420500000000000082e-02,-6.681449999999999889e-01,2.298199999999999896e-02,1.362980000000000025e-01,4.469100000000000156e-02,1.272069999999999868e-01,3.195400000000000323e-02,-4.881400000000000322e-02,6.360399999999999388e-02,-2.785000000000000149e-03,-2.051920000000000133e-01,1.343090000000000117e-01,2.835599999999999926e-02,1.384400000000000040e-02,2.053500000000000117e-02,1.147549999999999959e-01,7.672000000000000000e-03,4.960000000000000216e-04,4.345700000000000257e-02,-2.117870000000000030e-01,3.615169999999999773e-01,-7.305100000000000482e-02,5.136500000000000093e-02,2.621000000000000066e-02,-2.299299999999999955e-02,-8.588600000000000401e-02,2.420609999999999984e-01,3.566130000000000133e-01,4.717699999999999672e-02,6.034099999999999880e-02,-9.450000000000000067e-03
-7.957899999999999696e-02,2.215400000000000008e-02,8.246130000000000404e-01,7.430839999999999668e-01,-3.512900000000000050e-02,2.421299999999999841e-02,-6.678359999999999852e-01,2.293299999999999852e-02,1.359579999999999955e-01,4.405099999999999988e-02,1.272349999999999870e-01,3.205800000000000316e-02,-4.874699999999999867e-02,6.393899999999999584e-02,-3.204999999999999950e-03,-2.058830000000000104e-01,1.343070000000000097e-01,2.862299999999999914e-02,1.423400000000000012e-02,2.114399999999999960e-02,1.147969999999999963e-01,7.584999999999999729e-03,6.880000000000000265e-04,4.309400000000000036e-02,-2.119679999999999898e-01,3.620220000000000105e-01,-7.297800000000000120e-02,5.145199999999999774e-02,2.593900000000000025e-02,-2.300599999999999867e-02,-8.544200000000000406e-02,2.427020000000000011e-01,3.568470000000000253e-01,4.669500000000000040e-02,6.048800000000000010e-02,-9.343999999999999875e-03
-7.962700000000000333e-02,2.174600000000000144e-02,8.245670000000000499e-01,7.437049999999999494e-01,-3.489199999999999940e-02,2.434599999999999959e-02,-6.671529999999999960e-01,2.248500000000000151e-02,1.354200000000000126e-01,4.317200000000000204e-02,1.271509999999999863e-01,3.157000000000000084e-02,-4.905799999999999744e-02,6.401400000000000146e-02,-3.422000000000000128e-03,-2.066020000000000079e-01,1.349579999999999946e-01,2.755300000000000110e-02,1.359999999999999924e-02,2.184600000000000083e-02,1.156940000000000052e-01,7.903999999999999568e-03,5.000000000000000104e-04,4.320399999999999935e-02,-2.112779999999999936e-01,3.619910000000000072e-01,-7.327300000000000479e-02,5.132400000000000156e-02,2.653600000000000056e-02,-2.316199999999999856e-02,-8.585500000000000076e-02,2.421629999999999894e-01,3.575010000000000132e-01,4.691100000000000131e-02,6.046100000000000085e-02,-9.055000000000000548e-03
-7.966800000000000270e-02,2.143499999999999919e-02,8.245700000000000252e-01,7.443480000000000096e-01,-3.464799999999999824e-02,2.444400000000000045e-02,-6.664440000000000364e-01,2.201600000000000085e-02,1.350880000000000136e-01,4.216600000000000209e-02,1.271799999999999875e-01,3.165199999999999958e-02,-4.961299999999999738e-02,6.404300000000000270e-02,-3.824999999999999841e-03,-2.078059999999999907e-01,1.357269999999999865e-01,2.704000000000000153e-02,1.354999999999999954e-02,2.279499999999999929e-02,1.165869999999999962e-01,8.188000000000000833e-03,3.179999999999999776e-04,4.308599999999999930e-02,-2.108170000000000044e-01,3.619720000000000160e-01,-7.339600000000000291e-02,5.113800000000000290e-02,2.677699999999999872e-02,-2.342299999999999938e-02,-8.628600000000000159e-02,2.419240000000000002e-01,3.581449999999999911e-01,4.663500000000000284e-02,6.047700000000000298e-02,-8.854000000000000759e-03
-7.970800000000000107e-02,2.112500000000000142e-02,8.245719999999999716e-01,7.449930000000000163e-01,-3.440100000000000102e-02,2.454599999999999838e-02,-6.657330000000000192e-01,2.153800000000000159e-02,1.347540000000000127e-01,4.116199999999999720e-02,1.271990000000000065e-01,3.173999999999999738e-02,-5.016600000000000226e-02,6.406599999999999795e-02,-4.232999999999999784e-03,-2.090049999999999963e-01,1.364910000000000012e-01,2.653300000000000103e-02,1.350200000000000011e-02,2.374700000000000075e-02,1.174790000000000001e-01,8.460999999999999771e-03,1.399999999999999877e-04,4.274300000000000321e-02,-2.106139999999999957e-01,3.619979999999999865e-01,-7.339199999999999890e-02,5.099399999999999766e-02,2.693200000000000108e-02,-2.368800000000000072e-02,-8.670600000000000529e-02,2.419179999999999942e-01,3.590329999999999910e-01,4.619499999999999995e-02,6.058000000000000190e-02,-8.555000000000000104e-03
-8.022400000000000364e-02,2.083799999999999888e-02,8.245829999999999549e-01,7.467500000000000249e-01,-3.392900000000000083e-02,2.448799999999999935e-02,-6.637870000000000159e-01,1.971900000000000042e-02,1.335939999999999905e-01,3.795199999999999962e-02,1.271720000000000073e-01,3.308099999999999929e-02,-5.083000000000000018e-02,6.403399999999999370e-02,-5.361000000000000314e-03,-2.137479999999999936e-01,1.383830000000000060e-01,2.391199999999999923e-02,1.406400000000000011e-02,2.592900000000000066e-02,1.176279999999999964e-01,8.895999999999999394e-03,-4.189999999999999931e-04,4.290499999999999869e-02,-2.105480000000000129e-01,3.609990000000000143e-01,-7.322199999999999542e-02,5.088600000000000068e-02,2.686799999999999952e-02,-2.350500000000000159e-02,-8.649300000000000044e-02,2.430269999999999930e-01,3.598450000000000260e-01,4.549000000000000266e-02,6.088600000000000262e-02,-8.139999999999999666e-03
-8.065799999999999359e-02,2.045999999999999902e-02,8.245930000000000204e-01,7.485619999999999497e-01,-3.336499999999999883e-02,2.440000000000000155e-02,-6.617750000000000021e-01,1.794300000000000062e-02,1.323189999999999922e-01,3.365200000000000136e-02,1.271650000000000003e-01,3.462599999999999706e-02,-5.191300000000000081e-02,6.385299999999999310e-02,-6.623999999999999680e-03,-2.181079999999999963e-01,1.405420000000000003e-01,2.191699999999999898e-02,1.434099999999999958e-02,2.796600000000000127e-02,1.174660000000000010e-01,9.468999999999999986e-03,-9.460000000000000093e-04,4.262099999999999916e-02,-2.109699999999999909e-01,3.600220000000000087e-01,-7.295100000000000195e-02,5.085900000000000143e-02,2.674899999999999847e-02,-2.373300000000000062e-02,-8.630400000000000571e-02,2.443420000000000036e-01,3.612029999999999963e-01,4.460900000000000282e-02,6.126899999999999707e-02,-7.636000000000000426e-03
-8.117800000000000016e-02,2.016899999999999943e-02,8.246040000000000036e-01,7.503720000000000390e-01,-3.279800000000000076e-02,2.431600000000000081e-02,-6.597530000000000339e-01,1.616700000000000081e-02,1.310409999999999908e-01,2.934300000000000103e-02,1.271549999999999903e-01,3.617800000000000182e-02,-5.299600000000000144e-02,6.367499999999999549e-02,-7.896999999999999506e-03,-2.224750000000000061e-01,1.427100000000000035e-01,1.991700000000000068e-02,1.461800000000000078e-02,2.999500000000000083e-02,1.172929999999999945e-01,1.004999999999999991e-02,-1.616999999999999948e-03,4.203500000000000292e-02,-2.117449999999999888e-01,3.591019999999999768e-01,-7.256100000000000050e-02,5.091999999999999998e-02,2.657999999999999946e-02,-2.401700000000000015e-02,-8.620400000000000285e-02,2.462310000000000054e-01,3.635990000000000055e-01,4.361500000000000099e-02,6.182499999999999801e-02,-7.006000000000000075e-03
-8.200599999999999556e-02,2.001400000000000054e-02,8.244470000000000409e-01,7.537960000000000216e-01,-3.182800000000000212e-02,2.401999999999999968e-02,-6.558969999999999523e-01,1.261900000000000001e-02,1.283549999999999969e-01,2.128000000000000030e-02,1.268199999999999883e-01,3.801000000000000212e-02,-5.339800000000000102e-02,6.376700000000000423e-02,-9.560000000000000789e-03,-2.255510000000000015e-01,1.445359999999999978e-01,1.695699999999999985e-02,1.526300000000000053e-02,3.253000000000000336e-02,1.165619999999999989e-01,1.116900000000000011e-02,-3.742999999999999799e-03,4.355500000000000344e-02,-2.089340000000000086e-01,3.590530000000000110e-01,-7.409399999999999320e-02,5.069200000000000095e-02,2.749499999999999861e-02,-2.400899999999999909e-02,-8.791200000000000403e-02,2.427310000000000023e-01,3.686099999999999932e-01,4.813400000000000317e-02,6.123499999999999777e-02,-8.881000000000000005e-03
-8.293100000000000471e-02,1.995900000000000105e-02,8.242890000000000494e-01,7.572100000000000497e-01,-3.086799999999999961e-02,2.370099999999999985e-02,-6.520110000000000072e-01,9.041999999999999690e-03,1.254889999999999894e-01,1.252699999999999994e-02,1.265950000000000131e-01,4.019500000000000156e-02,-5.405999999999999694e-02,6.395599999999999896e-02,-1.140299999999999994e-02,-2.290780000000000038e-01,1.465210000000000123e-01,1.352500000000000056e-02,1.608899999999999914e-02,3.519599999999999812e-02,1.157730000000000009e-01,1.251799999999999961e-02,-6.666000000000000050e-03,4.470400000000000068e-02,-2.066459999999999964e-01,3.595320000000000182e-01,-7.559599999999999653e-02,5.043700000000000266e-02,2.823700000000000168e-02,-2.398000000000000131e-02,-8.963699999999999446e-02,2.403180000000000038e-01,3.758659999999999779e-01,5.291599999999999776e-02,6.076399999999999857e-02,-1.076399999999999926e-02
-8.376300000000000412e-02,1.981600000000000028e-02,8.241319999999999757e-01,7.606089999999999796e-01,-2.989999999999999949e-02,2.338700000000000154e-02,-6.481000000000000094e-01,5.468999999999999903e-03,1.226079999999999948e-01,3.778000000000000108e-03,1.263869999999999993e-01,4.238700000000000107e-02,-5.472199999999999981e-02,6.415800000000000669e-02,-1.327899999999999914e-02,-2.326159999999999894e-01,1.485319999999999974e-01,1.008200000000000068e-02,1.692400000000000154e-02,3.786500000000000282e-02,1.149440000000000045e-01,1.389400000000000010e-02,-1.016099999999999989e-02,4.542199999999999710e-02,-2.048959999999999948e-01,3.604789999999999939e-01,-7.705900000000000249e-02,5.023699999999999694e-02,2.892799999999999885e-02,-2.409400000000000083e-02,-9.184299999999999409e-02,2.395359999999999989e-01,3.861350000000000060e-01,5.790499999999999814e-02,6.069499999999999895e-02,-1.260099999999999935e-02
-8.525299999999999545e-02,1.992599999999999927e-02,8.235989999999999700e-01,7.639190000000000147e-01,-2.879699999999999968e-02,2.280599999999999988e-02,-6.442660000000000053e-01,1.822999999999999968e-03,1.196979999999999988e-01,-5.949000000000000295e-03,1.259129999999999971e-01,4.262200000000000016e-02,-5.577800000000000119e-02,6.451600000000000390e-02,-1.454000000000000084e-02,-2.348010000000000097e-01,1.495110000000000050e-01,3.706000000000000093e-03,1.657700000000000146e-02,4.141199999999999742e-02,1.132910000000000028e-01,1.631799999999999917e-02,-1.307000000000000002e-02,4.650699999999999973e-02,-2.055039999999999922e-01,3.629370000000000096e-01,-7.742400000000000670e-02,4.995200000000000334e-02,2.930599999999999872e-02,-2.339000000000000107e-02,-9.282200000000000173e-02,2.498450000000000115e-01,3.972589999999999733e-01,5.696299999999999975e-02,6.233400000000000052e-02,-1.167999999999999941e-02
-8.665699999999999792e-02,1.991599999999999968e-02,8.230739999999999723e-01,7.672080000000000011e-01,-2.770399999999999946e-02,2.223599999999999882e-02,-6.404140000000000388e-01,-1.817999999999999955e-03,1.167949999999999960e-01,-1.586999999999999869e-02,1.255610000000000059e-01,4.286899999999999739e-02,-5.692400000000000237e-02,6.494700000000000473e-02,-1.587200000000000069e-02,-2.372190000000000132e-01,1.505529999999999924e-01,-2.801999999999999803e-03,1.642100000000000157e-02,4.470199999999999868e-02,1.115860000000000046e-01,1.878200000000000008e-02,-1.660999999999999976e-02,4.723399999999999821e-02,-2.065690000000000026e-01,3.662619999999999765e-01,-7.785799999999999665e-02,4.977700000000000180e-02,2.966799999999999993e-02,-2.287900000000000003e-02,-9.477499999999999813e-02,2.633469999999999978e-01,4.130770000000000275e-01,5.643100000000000199e-02,6.505400000000000071e-02,-1.073299999999999949e-02
-8.814199999999999813e-02,1.998600000000000029e-02,8.225550000000000361e-01,7.704809999999999715e-01,-2.658900000000000152e-02,2.167200000000000029e-02,-6.365389999999999660e-01,-5.488999999999999956e-03,1.138640000000000069e-01,-2.579100000000000142e-02,1.252880000000000105e-01,4.309600000000000236e-02,-5.806399999999999756e-02,6.538299999999999668e-02,-1.723500000000000032e-02,-2.396369999999999889e-01,1.515869999999999995e-01,-9.310000000000000567e-03,1.629799999999999999e-02,4.794899999999999857e-02,1.098350000000000021e-01,2.125099999999999906e-02,-2.111899999999999888e-02,4.750999999999999668e-02,-2.085130000000000039e-01,3.709850000000000092e-01,-7.856100000000000583e-02,4.975099999999999661e-02,3.013499999999999859e-02,-2.272000000000000061e-02,-9.806099999999999539e-02,2.805520000000000236e-01,4.349239999999999773e-01,5.678699999999999720e-02,6.872699999999999643e-02,-9.981000000000000288e-03
-8.998799999999999855e-02,2.028800000000000048e-02,8.209880000000000511e-01,7.745290000000000230e-01,-2.530200000000000157e-02,2.098099999999999965e-02,-6.316840000000000233e-01,-1.027600000000000041e-02,1.103959999999999941e-01,-3.735600000000000032e-02,1.247370000000000007e-01,3.726700000000000151e-02,-5.876800000000000079e-02,6.637300000000000144e-02,-1.859600000000000142e-02,-2.415829999999999922e-01,1.514099999999999890e-01,-2.370999999999999844e-02,1.993100000000000080e-02,5.398800000000000127e-02,1.073059999999999986e-01,2.273599999999999927e-02,-2.284299999999999872e-02,4.601899999999999741e-02,-2.051699999999999913e-01,3.760680000000000134e-01,-8.272899999999999698e-02,4.856900000000000106e-02,3.177699999999999969e-02,-2.651900000000000091e-02,-1.049419999999999936e-01,2.912139999999999729e-01,4.559799999999999964e-01,6.610800000000000010e-02,7.047799999999999898e-02,-1.434400000000000085e-02
-9.183099999999999596e-02,2.049199999999999980e-02,8.194270000000000165e-01,7.785509999999999931e-01,-2.399899999999999950e-02,2.024300000000000058e-02,-6.267960000000000198e-01,-1.516600000000000066e-02,1.068530000000000035e-01,-4.869099999999999817e-02,1.246619999999999950e-01,3.128399999999999931e-02,-5.939099999999999935e-02,6.729599999999999471e-02,-2.008800000000000169e-02,-2.435090000000000032e-01,1.516220000000000068e-01,-3.833299999999999902e-02,2.365799999999999847e-02,6.034199999999999980e-02,1.046809999999999963e-01,2.446800000000000017e-02,-2.577099999999999877e-02,4.440299999999999803e-02,-2.035470000000000057e-01,3.836019999999999985e-01,-8.766200000000000381e-02,4.773999999999999772e-02,3.377100000000000241e-02,-3.071099999999999872e-02,-1.139980000000000021e-01,3.064109999999999889e-01,4.839780000000000193e-01,7.716499999999999748e-02,7.363500000000000600e-02,-1.954699999999999840e-02
-9.367300000000000626e-02,2.077400000000000080e-02,8.178750000000000187e-01,7.825400000000000134e-01,-2.265999999999999959e-02,1.951699999999999963e-02,-6.218810000000000171e-01,-2.013300000000000159e-02,1.032639999999999947e-01,-6.001999999999999696e-02,1.247309999999999947e-01,2.526799999999999879e-02,-5.996200000000000141e-02,6.817700000000000149e-02,-2.162100000000000133e-02,-2.454179999999999973e-01,1.518740000000000090e-01,-5.297000000000000319e-02,2.743999999999999911e-02,6.677900000000000502e-02,1.019869999999999943e-01,2.622700000000000031e-02,-2.980199999999999863e-02,4.276200000000000140e-02,-2.037299999999999944e-01,3.946819999999999773e-01,-9.357999999999999652e-02,4.727300000000000252e-02,3.613899999999999751e-02,-3.536000000000000254e-02,-1.251240000000000130e-01,3.266830000000000012e-01,5.195920000000000538e-01,8.977300000000000557e-02,7.804999999999999438e-02,-2.537899999999999878e-02
-9.636200000000000321e-02,2.129599999999999896e-02,8.152009999999999534e-01,7.868439999999999879e-01,-2.253700000000000148e-02,1.735499999999999890e-02,-6.164960000000000440e-01,-2.356300000000000061e-02,1.000940000000000024e-01,-7.646799999999999431e-02,1.277500000000000024e-01,1.047499999999999994e-02,-6.083800000000000319e-02,7.109899999999999554e-02,-2.206100000000000075e-02,-2.457670000000000132e-01,1.561450000000000060e-01,-7.945399999999999685e-02,3.099800000000000125e-02,7.647600000000000231e-02,9.858899999999999608e-02,3.506599999999999995e-02,-2.472900000000000098e-02,5.194900000000000212e-02,-1.972959999999999992e-01,3.934070000000000067e-01,-9.677399999999999891e-02,4.482599999999999779e-02,3.619100000000000095e-02,-3.961100000000000038e-02,-1.376130000000000131e-01,3.371500000000000052e-01,5.015300000000000313e-01,1.020930000000000032e-01,7.916499999999999926e-02,-3.388399999999999745e-02
-9.904499999999999416e-02,2.154899999999999871e-02,8.126050000000000217e-01,7.910300000000000109e-01,-2.190699999999999939e-02,1.610400000000000026e-02,-6.111729999999999663e-01,-2.749800000000000161e-02,9.748999999999999333e-02,-9.231399999999999328e-02,1.279200000000000059e-01,-2.942999999999999870e-03,-6.154400000000000148e-02,7.387399999999999523e-02,-2.157099999999999990e-02,-2.459729999999999972e-01,1.563209999999999877e-01,-1.036569999999999991e-01,3.398700000000000332e-02,8.595500000000000362e-02,9.568000000000000116e-02,4.033699999999999786e-02,-1.705800000000000025e-02,6.126899999999999707e-02,-1.932820000000000094e-01,3.948150000000000270e-01,-1.014680000000000026e-01,4.466300000000000131e-02,3.889600000000000002e-02,-4.148700000000000304e-02,-1.522630000000000094e-01,3.537540000000000129e-01,4.860389999999999988e-01,1.153229999999999950e-01,8.423600000000000532e-02,-4.548399999999999666e-02
-1.017350000000000060e-01,2.175300000000000150e-02,8.100309999999999455e-01,7.951770000000000227e-01,-2.115900000000000072e-02,1.497199999999999920e-02,-6.058230000000000004e-01,-3.175100000000000144e-02,9.487099999999999700e-02,-1.082000000000000045e-01,1.282099999999999906e-01,-1.638600000000000126e-02,-6.213699999999999779e-02,7.652000000000000468e-02,-2.101000000000000090e-02,-2.461560000000000137e-01,1.561520000000000130e-01,-1.276919999999999999e-01,3.707499999999999685e-02,9.548099999999999643e-02,9.274999999999999911e-02,4.515799999999999675e-02,-8.902000000000000191e-03,7.160500000000000198e-02,-1.919939999999999980e-01,4.022020000000000040e-01,-1.079979999999999968e-01,4.543699999999999822e-02,4.244599999999999762e-02,-4.317599999999999910e-02,-1.683209999999999984e-01,3.741760000000000086e-01,4.744140000000000024e-01,1.293330000000000035e-01,9.037100000000000688e-02,-5.797000000000000069e-02
-1.056279999999999997e-01,2.166300000000000170e-02,8.075090000000000323e-01,7.978709999999999969e-01,-2.104999999999999927e-02,1.383599999999999934e-02,-6.023020000000000040e-01,-4.186399999999999844e-02,9.597899999999999487e-02,-1.178130000000000011e-01,1.429169999999999885e-01,-3.400000000000000244e-02,-6.390200000000000047e-02,6.907099999999999351e-02,-2.059800000000000172e-02,-2.535819999999999741e-01,1.773139999999999994e-01,-1.569359999999999922e-01,3.567900000000000238e-02,1.085070000000000062e-01,9.114600000000000479e-02,5.193600000000000300e-02,1.443000000000000012e-02,8.400799999999999934e-02,-1.918920000000000070e-01,4.021529999999999827e-01,-1.067570000000000047e-01,4.751899999999999874e-02,4.078699999999999687e-02,-4.044699999999999684e-02,-1.976179999999999881e-01,4.024769999999999737e-01,4.472220000000000084e-01,1.387440000000000062e-01,9.634399999999999908e-02,-5.516000000000000070e-02
-1.095929999999999960e-01,2.152600000000000000e-02,8.049849999999999506e-01,8.005339999999999678e-01,-2.055299999999999835e-02,1.305500000000000063e-02,-5.987919999999999909e-01,-5.341699999999999920e-02,9.669600000000000417e-02,-1.272270000000000068e-01,1.585830000000000017e-01,-5.197800000000000337e-02,-6.558799999999999353e-02,5.970400000000000013e-02,-2.064699999999999869e-02,-2.608050000000000090e-01,2.002279999999999893e-01,-1.871919999999999973e-01,3.333400000000000252e-02,1.215539999999999954e-01,8.940499999999999836e-02,5.713700000000000029e-02,4.020200000000000162e-02,9.808100000000000152e-02,-1.946229999999999905e-01,4.081589999999999940e-01,-1.074530000000000068e-01,5.126399999999999707e-02,3.992899999999999922e-02,-3.728599999999999970e-02,-2.279569999999999930e-01,4.325330000000000008e-01,4.186389999999999834e-01,1.488829999999999876e-01,1.029889999999999972e-01,-5.240399999999999919e-02
-1.135089999999999988e-01,2.148500000000000063e-02,8.025670000000000304e-01,8.031749999999999723e-01,-1.996300000000000158e-02,1.234200000000000054e-02,-5.952800000000000313e-01,-6.532699999999999618e-02,9.718499999999999361e-02,-1.365800000000000070e-01,1.746080000000000132e-01,-7.006900000000000628e-02,-6.729300000000000559e-02,4.993899999999999728e-02,-2.081900000000000070e-02,-2.679000000000000270e-01,2.234990000000000032e-01,-2.176089999999999969e-01,3.098100000000000159e-02,1.346529999999999949e-01,8.748999999999999833e-02,6.189800000000000163e-02,6.781700000000000228e-02,1.142040000000000000e-01,-2.001860000000000028e-01,4.214660000000000073e-01,-1.104040000000000021e-01,5.603899999999999854e-02,3.957100000000000201e-02,-3.409999999999999837e-02,-2.581010000000000248e-01,4.623639999999999972e-01,3.873039999999999816e-01,1.594279999999999864e-01,1.093680000000000069e-01,-4.984199999999999742e-02
-1.174960000000000032e-01,2.122200000000000128e-02,8.001939999999999609e-01,8.066060000000000452e-01,-1.919999999999999832e-02,1.185399999999999995e-02,-5.906580000000000163e-01,-9.558099999999999929e-02,9.694300000000000139e-02,-1.398810000000000053e-01,2.244369999999999976e-01,-8.766000000000000181e-02,-7.590099999999999625e-02,2.854500000000000093e-02,-2.532999999999999835e-02,-2.782330000000000081e-01,2.716000000000000081e-01,-2.457070000000000087e-01,2.602000000000000146e-02,1.554389999999999938e-01,8.410499999999999921e-02,6.470099999999999463e-02,1.026809999999999945e-01,1.562330000000000108e-01,-2.132120000000000126e-01,4.424660000000000259e-01,-1.075819999999999971e-01,6.250400000000000400e-02,4.168800000000000283e-02,-5.382399999999999685e-02,-3.034950000000000148e-01,4.901659999999999906e-01,3.620200000000000085e-01,1.666789999999999938e-01,1.189609999999999973e-01,-4.626500000000000057e-02
-1.216340000000000060e-01,2.113999999999999907e-02,7.979910000000000059e-01,8.099849999999999550e-01,-1.779299999999999979e-02,1.175999999999999962e-02,-5.860619999999999719e-01,-1.287050000000000138e-01,9.558300000000000129e-02,-1.426620000000000110e-01,2.769559999999999800e-01,-1.064979999999999954e-01,-8.502200000000000035e-02,4.300000000000000003e-03,-3.065800000000000122e-02,-2.881009999999999960e-01,3.221930000000000072e-01,-2.747080000000000077e-01,2.076599999999999974e-02,1.764850000000000030e-01,7.956499999999999684e-02,6.633600000000000607e-02,1.404870000000000008e-01,2.006030000000000035e-01,-2.268499999999999961e-01,4.690650000000000097e-01,-1.064149999999999957e-01,6.961299999999999433e-02,4.366699999999999748e-02,-7.385200000000000098e-02,-3.472810000000000064e-01,5.146230000000000526e-01,3.317300000000000249e-01,1.734320000000000028e-01,1.269460000000000033e-01,-4.182799999999999713e-02
-1.259560000000000124e-01,2.109300000000000064e-02,7.957959999999999479e-01,8.133470000000000422e-01,-1.615300000000000069e-02,1.163699999999999977e-02,-5.814380000000000104e-01,-1.626450000000000118e-01,9.334000000000000630e-02,-1.448840000000000128e-01,3.308229999999999782e-01,-1.261869999999999936e-01,-9.458999999999999353e-02,-2.041700000000000112e-02,-3.640600000000000086e-02,-2.975960000000000272e-01,3.732119999999999882e-01,-3.038239999999999830e-01,1.531700000000000075e-02,1.975030000000000119e-01,7.435899999999999455e-02,6.784400000000000153e-02,1.815579999999999972e-01,2.466260000000000119e-01,-2.401909999999999878e-01,4.993609999999999993e-01,-1.064650000000000041e-01,7.712399999999999811e-02,4.556700000000000333e-02,-9.344299999999999828e-02,-3.896689999999999876e-01,5.350120000000000431e-01,2.942480000000000095e-01,1.793260000000000132e-01,1.335580000000000100e-01,-3.695600000000000274e-02
-1.288279999999999981e-01,2.158600000000000102e-02,7.934560000000000501e-01,8.156700000000000061e-01,-1.446700000000000069e-02,1.164699999999999937e-02,-5.782190000000000385e-01,-1.866329999999999933e-01,9.305599999999999983e-02,-1.383669999999999900e-01,3.642469999999999875e-01,-1.369869999999999977e-01,-9.798500000000000265e-02,-4.011699999999999988e-02,-4.160400000000000209e-02,-3.001159999999999939e-01,4.102839999999999820e-01,-3.253659999999999886e-01,1.170000000000000033e-02,2.191670000000000007e-01,7.330899999999999916e-02,6.614299999999999347e-02,2.251920000000000033e-01,3.016519999999999757e-01,-2.475179999999999880e-01,5.446320000000000050e-01,-1.104350000000000054e-01,8.604000000000000536e-02,5.025899999999999812e-02,-1.236929999999999974e-01,-4.318009999999999904e-01,5.382700000000000262e-01,2.634679999999999800e-01,1.897199999999999998e-01,1.400720000000000021e-01,-3.467200000000000143e-02
-1.318640000000000090e-01,2.214800000000000102e-02,7.912019999999999609e-01,8.179619999999999669e-01,-1.299299999999999934e-02,1.122800000000000013e-02,-5.750159999999999716e-01,-2.092229999999999923e-01,9.278000000000000136e-02,-1.315600000000000103e-01,3.969119999999999870e-01,-1.474310000000000065e-01,-1.013799999999999979e-01,-5.834799999999999709e-02,-4.667799999999999727e-02,-3.023989999999999734e-01,4.462039999999999895e-01,-3.462600000000000122e-01,8.004999999999999963e-03,2.410100000000000020e-01,7.220999999999999641e-02,6.566199999999999815e-02,2.712809999999999944e-01,3.563720000000000221e-01,-2.518900000000000028e-01,5.902950000000000141e-01,-1.142669999999999936e-01,9.357200000000000240e-02,5.401100000000000345e-02,-1.538019999999999943e-01,-4.720389999999999864e-01,5.369890000000000496e-01,2.269130000000000036e-01,1.989209999999999867e-01,1.437660000000000049e-01,-3.180100000000000288e-02
-1.349440000000000084e-01,2.282100000000000101e-02,7.889749999999999819e-01,8.202570000000000139e-01,-1.153900000000000065e-02,1.065900000000000007e-02,-5.717799999999999550e-01,-2.316779999999999951e-01,9.239799999999999403e-02,-1.246300000000000047e-01,4.299350000000000116e-01,-1.580860000000000043e-01,-1.047570000000000029e-01,-7.627799999999999858e-02,-5.181600000000000095e-02,-3.045559999999999934e-01,4.820800000000000085e-01,-3.671229999999999771e-01,4.268000000000000092e-03,2.627479999999999816e-01,7.102700000000000680e-02,6.554500000000000604e-02,3.201490000000000169e-01,4.096540000000000181e-01,-2.521410000000000040e-01,6.326680000000000081e-01,-1.173680000000000001e-01,1.004450000000000065e-01,5.723899999999999821e-02,-1.832020000000000037e-01,-5.108599999999999808e-01,5.318000000000000504e-01,1.836019999999999874e-01,2.068750000000000033e-01,1.460329999999999961e-01,-2.876099999999999837e-02
-1.369710000000000094e-01,2.389700000000000157e-02,7.878730000000000455e-01,8.202239999999999531e-01,-9.841000000000000789e-03,1.117600000000000017e-02,-5.718480000000000230e-01,-2.430249999999999910e-01,9.400799999999999434e-02,-1.179729999999999945e-01,4.400000000000000022e-01,-1.605830000000000035e-01,-1.062599999999999933e-01,-8.971999999999999420e-02,-5.304600000000000287e-02,-3.002279999999999949e-01,4.981720000000000037e-01,-3.768190000000000150e-01,1.288999999999999998e-03,2.805690000000000128e-01,6.724900000000000322e-02,6.178199999999999664e-02,3.630140000000000033e-01,4.728319999999999745e-01,-2.573949999999999849e-01,6.793479999999999519e-01,-1.180739999999999984e-01,1.097960000000000047e-01,4.898999999999999883e-02,-2.453049999999999953e-01,-5.744399999999999507e-01,5.649399999999999977e-01,1.159179999999999933e-01,1.992089999999999972e-01,1.522679999999999867e-01,-4.740000000000000289e-03
-1.389930000000000054e-01,2.513999999999999915e-02,7.867610000000000436e-01,8.201960000000000361e-01,-8.691000000000000808e-03,1.127700000000000057e-02,-5.719049999999999967e-01,-2.528420000000000112e-01,9.600499999999999312e-02,-1.114460000000000034e-01,4.494420000000000082e-01,-1.628090000000000093e-01,-1.077229999999999993e-01,-1.014639999999999986e-01,-5.366100000000000037e-02,-2.959249999999999936e-01,5.131890000000000063e-01,-3.851700000000000124e-01,-1.673000000000000008e-03,2.970840000000000147e-01,6.502600000000000047e-02,5.946599999999999803e-02,4.081110000000000015e-01,5.319970000000000532e-01,-2.556229999999999891e-01,7.198499999999999899e-01,-1.168819999999999998e-01,1.177580000000000016e-01,3.954300000000000176e-02,-3.104580000000000117e-01,-6.400350000000000206e-01,5.997839999999999838e-01,4.353100000000000025e-02,1.925989999999999924e-01,1.578769999999999896e-01,2.001299999999999954e-02
-1.410440000000000027e-01,2.646099999999999841e-02,7.856999999999999540e-01,8.201720000000000121e-01,-7.695999999999999716e-03,1.118800000000000003e-02,-5.719560000000000199e-01,-2.624480000000000146e-01,9.799900000000000277e-02,-1.049599999999999977e-01,4.593180000000000041e-01,-1.652319999999999900e-01,-1.091779999999999973e-01,-1.128559999999999980e-01,-5.421800000000000230e-02,-2.916150000000000131e-01,5.284259999999999513e-01,-3.935980000000000034e-01,-4.636999999999999629e-03,3.134259999999999824e-01,6.349299999999999389e-02,5.757500000000000118e-02,4.551000000000000045e-01,5.873920000000000252e-01,-2.474979999999999958e-01,7.528230000000000199e-01,-1.138620000000000049e-01,1.244519999999999932e-01,2.922900000000000151e-02,-3.781809999999999894e-01,-7.074259999999999993e-01,6.361809999999999965e-01,-3.250700000000000117e-02,1.868900000000000006e-01,1.624309999999999921e-01,4.522500000000000131e-02
-1.414980000000000127e-01,2.724100000000000132e-02,7.870599999999999818e-01,8.220190000000000552e-01,-6.159999999999999677e-03,1.238700000000000044e-02,-5.692920000000000202e-01,-2.701600000000000112e-01,1.071140000000000009e-01,-6.626700000000000645e-02,4.557669999999999777e-01,-1.455700000000000049e-01,-1.023700000000000027e-01,-1.106059999999999960e-01,-5.293099999999999888e-02,-2.905460000000000265e-01,5.129749999999999588e-01,-3.851600000000000024e-01,-5.061000000000000394e-03,3.223010000000000042e-01,5.883200000000000235e-02,4.812400000000000011e-02,4.913210000000000077e-01,6.484910000000000396e-01,-2.465620000000000034e-01,7.566549999999999665e-01,-1.140599999999999947e-01,1.278209999999999902e-01,1.574599999999999958e-02,-4.343139999999999779e-01,-7.647190000000000376e-01,6.573989999999999556e-01,-1.224699999999999955e-01,1.924569999999999892e-01,1.671900000000000053e-01,6.090299999999999880e-02
-1.420349999999999946e-01,2.797099999999999934e-02,7.885339999999999572e-01,8.237950000000000550e-01,-4.952999999999999937e-03,1.351499999999999924e-02,-5.667050000000000143e-01,-2.764209999999999723e-01,1.167910000000000059e-01,-2.750100000000000114e-02,4.513639999999999874e-01,-1.255169999999999897e-01,-9.612300000000000011e-02,-1.068940000000000029e-01,-5.082500000000000212e-02,-2.894689999999999763e-01,4.955990000000000117e-01,-3.755319999999999769e-01,-5.464000000000000107e-03,3.332309999999999994e-01,5.467199999999999838e-02,3.872699999999999754e-02,5.281059999999999643e-01,7.084660000000000402e-01,-2.416119999999999934e-01,7.520240000000000258e-01,-1.135700000000000043e-01,1.312359999999999915e-01,1.441000000000000007e-03,-4.903350000000000208e-01,-8.237689999999999735e-01,6.784109999999999863e-01,-2.163559999999999928e-01,1.981439999999999868e-01,1.720800000000000107e-01,7.564999999999999503e-02
-1.425990000000000035e-01,2.871399999999999994e-02,7.900009999999999533e-01,8.255620000000000180e-01,-3.830000000000000071e-03,1.462899999999999964e-02,-5.641089999999999716e-01,-2.823370000000000046e-01,1.265229999999999966e-01,1.134699999999999945e-02,4.472110000000000252e-01,-1.056290000000000007e-01,-8.987799999999999956e-02,-1.030340000000000006e-01,-4.858900000000000025e-02,-2.884360000000000257e-01,4.781830000000000247e-01,-3.659109999999999863e-01,-5.960000000000000020e-03,3.448459999999999859e-01,5.083599999999999924e-02,2.940699999999999911e-02,5.658579999999999721e-01,7.661890000000000089e-01,-2.317140000000000033e-01,7.407960000000000100e-01,-1.120379999999999987e-01,1.338610000000000078e-01,-1.360300000000000051e-02,-5.487360000000000015e-01,-8.841560000000000530e-01,7.016139999999999599e-01,-3.121680000000000010e-01,2.040150000000000019e-01,1.766719999999999957e-01,8.973599999999999632e-02
-1.424519999999999953e-01,2.991699999999999915e-02,7.933649999999999869e-01,8.293049999999999589e-01,-2.085000000000000048e-03,1.566700000000000037e-02,-5.585719999999999574e-01,-2.737709999999999866e-01,1.130270000000000025e-01,2.807499999999999926e-02,4.456359999999999766e-01,-9.991999999999999493e-02,-8.274900000000000311e-02,-8.234700000000000353e-02,-4.668300000000000227e-02,-2.963720000000000243e-01,4.265479999999999827e-01,-3.416239999999999832e-01,-4.969999999999999592e-03,3.328920000000000212e-01,4.411700000000000343e-02,2.039200000000000040e-02,5.911189999999999500e-01,7.610700000000000243e-01,-2.543750000000000178e-01,7.160180000000000433e-01,-1.142480000000000023e-01,1.374120000000000064e-01,-3.051699999999999899e-02,-5.726670000000000371e-01,-9.108990000000000142e-01,6.887839999999999518e-01,-3.787280000000000091e-01,2.190709999999999880e-01,1.800350000000000006e-01,9.045999999999999874e-02
-1.421880000000000088e-01,3.105600000000000027e-02,7.969119999999999537e-01,8.330929999999999724e-01,-1.108999999999999960e-03,1.614099999999999910e-02,-5.528969999999999718e-01,-2.627260000000000151e-01,1.004239999999999994e-01,4.583199999999999774e-02,4.428849999999999731e-01,-9.382600000000000662e-02,-7.597500000000000087e-02,-5.896900000000000058e-02,-4.356899999999999662e-02,-3.046300000000000119e-01,3.732079999999999842e-01,-3.147429999999999950e-01,-3.976999999999999633e-03,3.220009999999999817e-01,3.910500000000000087e-02,1.242200000000000075e-02,6.131550000000000056e-01,7.551579999999999959e-01,-2.780320000000000014e-01,6.885059999999999514e-01,-1.163050000000000056e-01,1.401080000000000103e-01,-4.698499999999999899e-02,-5.950670000000000126e-01,-9.377579999999999805e-01,6.751690000000000191e-01,-4.432479999999999754e-01,2.321249999999999980e-01,1.801719999999999988e-01,9.145100000000000451e-02
-1.420690000000000008e-01,3.232299999999999757e-02,8.005409999999999471e-01,8.368360000000000243e-01,-1.530000000000000056e-04,1.633300000000000030e-02,-5.472099999999999742e-01,-2.512599999999999834e-01,8.749800000000000633e-02,6.359499999999999875e-02,4.401930000000000009e-01,-8.777799999999999492e-02,-6.914499999999999813e-02,-3.552400000000000002e-02,-4.043999999999999678e-02,-3.127050000000000107e-01,3.206080000000000041e-01,-2.882170000000000010e-01,-2.827999999999999785e-03,3.114109999999999934e-01,3.411000000000000143e-02,5.072000000000000119e-03,6.339040000000000230e-01,7.483659999999999757e-01,-3.012239999999999918e-01,6.570380000000000109e-01,-1.180950000000000055e-01,1.433860000000000134e-01,-6.274799999999999822e-02,-6.174199999999999688e-01,-9.645810000000000217e-01,6.617399999999999949e-01,-5.087650000000000228e-01,2.442040000000000044e-01,1.809989999999999932e-01,9.189500000000000446e-02
-1.406799999999999995e-01,3.578200000000000131e-02,8.048729999999999496e-01,8.411070000000000491e-01,-1.810000000000000085e-04,1.675700000000000106e-02,-5.406090000000000062e-01,-2.178879999999999983e-01,7.201100000000000556e-02,8.144899999999999363e-02,4.236119999999999886e-01,-9.085699999999999332e-02,-7.346300000000000052e-02,-1.221299999999999990e-02,-3.836599999999999733e-02,-3.248980000000000201e-01,2.655850000000000155e-01,-2.388810000000000100e-01,-2.069999999999999900e-04,2.928149999999999920e-01,3.969099999999999712e-02,-3.105999999999999820e-03,6.544729999999999714e-01,7.995630000000000237e-01,-2.934200000000000141e-01,6.425980000000000025e-01,-1.158769999999999939e-01,1.467410000000000103e-01,-8.499099999999999711e-02,-5.996489999999999876e-01,-9.866780000000000550e-01,6.501360000000000472e-01,-5.593169999999999531e-01,2.594870000000000232e-01,1.823819999999999886e-01,9.237900000000000278e-02
-1.395770000000000066e-01,3.903800000000000325e-02,8.092930000000000401e-01,8.453519999999999923e-01,1.440000000000000036e-04,1.650199999999999931e-02,-5.339549999999999574e-01,-1.828730000000000078e-01,5.514399999999999857e-02,9.926699999999999413e-02,4.060819999999999985e-01,-9.385400000000000686e-02,-7.726099999999999635e-02,1.241199999999999942e-02,-3.676999999999999713e-02,-3.370670000000000055e-01,2.103339999999999932e-01,-1.922040000000000137e-01,5.649999999999999641e-04,2.759659999999999891e-01,4.180199999999999888e-02,-1.055399999999999915e-02,6.770100000000000007e-01,8.539259999999999629e-01,-2.821580000000000199e-01,6.262929999999999886e-01,-1.132220000000000032e-01,1.490319999999999978e-01,-1.091189999999999938e-01,-5.753650000000000153e-01,-1.007004999999999928e+00,6.323659999999999837e-01,-6.108419999999999961e-01,2.727450000000000152e-01,1.828879999999999950e-01,9.313499999999999557e-02
-1.385119999999999962e-01,4.215900000000000203e-02,8.137980000000000214e-01,8.495289999999999786e-01,5.509999999999999490e-04,1.605399999999999883e-02,-5.272970000000000157e-01,-1.473659999999999970e-01,3.772699999999999665e-02,1.166699999999999959e-01,3.881510000000000238e-01,-9.682399999999999340e-02,-8.110199999999999354e-02,3.636099999999999749e-02,-3.522800000000000237e-02,-3.487419999999999964e-01,1.569780000000000064e-01,-1.466089999999999893e-01,1.392000000000000008e-03,2.599989999999999801e-01,4.309400000000000036e-02,-1.770299999999999999e-02,7.010129999999999972e-01,9.086030000000000495e-01,-2.685390000000000277e-01,6.090539999999999843e-01,-1.104429999999999995e-01,1.510809999999999931e-01,-1.334829999999999905e-01,-5.481939999999999591e-01,-1.026683000000000012e+00,6.120120000000000005e-01,-6.629099999999999993e-01,2.847500000000000031e-01,1.830219999999999902e-01,9.351600000000000190e-02
-1.358659999999999868e-01,4.525599999999999762e-02,8.162469999999999448e-01,8.553220000000000267e-01,-3.531999999999999983e-03,1.798299999999999899e-02,-5.177730000000000388e-01,-1.174430000000000057e-01,2.614999999999999963e-02,1.129349999999999937e-01,3.559209999999999874e-01,-1.147299999999999986e-01,-4.309400000000000036e-02,3.835199999999999720e-02,-2.729499999999999982e-02,-3.228730000000000211e-01,1.512390000000000123e-01,-1.071399999999999991e-01,5.213999999999999885e-03,2.321499999999999952e-01,5.895399999999999946e-02,-2.569000000000000103e-02,7.151490000000000347e-01,9.357820000000000027e-01,-2.660899999999999932e-01,5.666139999999999510e-01,-1.101580000000000059e-01,1.506139999999999979e-01,-1.554470000000000018e-01,-5.115039999999999587e-01,-1.057468000000000075e+00,5.902399999999999869e-01,-6.988550000000000040e-01,2.915630000000000166e-01,1.838629999999999987e-01,1.015009999999999940e-01
-1.331930000000000058e-01,4.865499999999999686e-02,8.187649999999999650e-01,8.609050000000000313e-01,-7.327000000000000179e-03,2.046900000000000108e-02,-5.083010000000000028e-01,-9.018199999999999827e-02,1.469499999999999973e-02,1.081379999999999980e-01,3.254900000000000015e-01,-1.327909999999999924e-01,-4.791000000000000120e-03,3.633900000000000324e-02,-2.029100000000000001e-02,-2.967910000000000270e-01,1.505839999999999956e-01,-6.994200000000000417e-02,9.164999999999999536e-03,2.051920000000000133e-01,7.615900000000000447e-02,-3.447399999999999770e-02,7.271130000000000093e-01,9.617179999999999618e-01,-2.657889999999999975e-01,5.232769999999999921e-01,-1.104139999999999983e-01,1.519709999999999950e-01,-1.760889999999999955e-01,-4.741199999999999859e-01,-1.089020000000000099e+00,5.675310000000000077e-01,-7.341020000000000323e-01,2.980570000000000164e-01,1.842489999999999961e-01,1.099509999999999932e-01
-1.306609999999999994e-01,5.207699999999999829e-02,8.212469999999999493e-01,8.663220000000000365e-01,-1.106999999999999998e-02,2.319600000000000134e-02,-4.988239999999999896e-01,-6.421399999999999331e-02,3.651000000000000165e-03,1.020699999999999941e-01,2.962350000000000261e-01,-1.509089999999999876e-01,3.359299999999999786e-02,3.322900000000000159e-02,-1.319900000000000066e-02,-2.707510000000000194e-01,1.509359999999999868e-01,-3.301099999999999868e-02,1.335700000000000082e-02,1.787040000000000017e-01,9.369500000000000051e-02,-4.346200000000000063e-02,7.385369999999999990e-01,9.876719999999999944e-01,-2.654500000000000193e-01,4.802910000000000235e-01,-1.109229999999999938e-01,1.530539999999999956e-01,-1.965310000000000112e-01,-4.349190000000000000e-01,-1.120088999999999890e+00,5.431899999999999507e-01,-7.685619999999999674e-01,3.044120000000000159e-01,1.838269999999999904e-01,1.178619999999999945e-01
-1.283990000000000131e-01,5.559900000000000259e-02,8.227959999999999718e-01,8.735730000000000439e-01,-1.895300000000000110e-02,2.488299999999999887e-02,-4.856880000000000086e-01,-3.637300000000000255e-02,6.263000000000000338e-03,8.140000000000000013e-02,2.805090000000000083e-01,-1.790160000000000085e-01,4.862899999999999862e-02,-2.462800000000000059e-02,-4.982999999999999582e-03,-2.298870000000000080e-01,2.562289999999999845e-01,-2.924900000000000069e-02,-8.921000000000000110e-03,1.317689999999999972e-01,1.188250000000000001e-01,-4.219599999999999740e-02,7.389210000000000500e-01,1.003279000000000032e+00,-2.579380000000000006e-01,4.581910000000000149e-01,-1.085060000000000052e-01,1.552949999999999886e-01,-2.059769999999999934e-01,-3.699109999999999898e-01,-1.143010999999999999e+00,5.145979999999999999e-01,-7.802540000000000031e-01,3.048939999999999984e-01,1.858499999999999874e-01,1.318580000000000030e-01
-1.263180000000000136e-01,5.954600000000000171e-02,8.244139999999999802e-01,8.804769999999999541e-01,-2.636499999999999955e-02,2.788600000000000106e-02,-4.725320000000000076e-01,-1.429199999999999915e-02,1.026700000000000008e-02,6.077199999999999963e-02,2.683900000000000174e-01,-2.080859999999999932e-01,6.327599999999999891e-02,-9.807100000000000539e-02,1.913999999999999903e-03,-1.904679999999999984e-01,3.857240000000000113e-01,-3.654899999999999816e-02,-3.003700000000000120e-02,8.614700000000000135e-02,1.438669999999999949e-01,-4.211899999999999672e-02,7.353210000000000024e-01,1.018521999999999927e+00,-2.523440000000000127e-01,4.396619999999999973e-01,-1.051900000000000057e-01,1.559230000000000060e-01,-2.154339999999999866e-01,-3.009830000000000005e-01,-1.163491000000000053e+00,4.806429999999999869e-01,-7.905130000000000212e-01,3.036190000000000278e-01,1.867260000000000031e-01,1.481989999999999974e-01
-1.245109999999999967e-01,6.370800000000000074e-02,8.259159999999999835e-01,8.869879999999999987e-01,-3.292400000000000188e-02,3.131899999999999962e-02,-4.595509999999999873e-01,4.426000000000000247e-03,1.357599999999999953e-02,4.091399999999999898e-02,2.583460000000000201e-01,-2.378329999999999889e-01,7.790999999999999315e-02,-1.792950000000000099e-01,8.123000000000000012e-03,-1.515279999999999960e-01,5.257330000000000059e-01,-4.847499999999999726e-02,-4.944199999999999984e-02,4.185799999999999937e-02,1.676300000000000012e-01,-4.244900000000000062e-02,7.300309999999999855e-01,1.034167999999999976e+00,-2.476669999999999983e-01,4.221849999999999770e-01,-1.018440000000000040e-01,1.560499999999999943e-01,-2.250500000000000000e-01,-2.289239999999999886e-01,-1.181915000000000049e+00,4.426950000000000052e-01,-8.001730000000000231e-01,3.020999999999999797e-01,1.873410000000000075e-01,1.650040000000000118e-01
-1.228299999999999947e-01,6.744500000000000495e-02,8.238020000000000342e-01,8.922750000000000403e-01,-3.411100000000000243e-02,3.174500000000000238e-02,-4.490810000000000080e-01,4.913999999999999965e-03,6.382999999999999785e-03,2.455099999999999991e-02,2.722600000000000020e-01,-2.654360000000000053e-01,8.837399999999999423e-02,-2.646620000000000084e-01,1.804899999999999907e-02,-1.104730000000000018e-01,6.605490000000000528e-01,-7.416699999999999682e-02,-5.364900000000000224e-02,6.523000000000000152e-03,1.741719999999999935e-01,-3.036399999999999863e-02,7.107029999999999736e-01,1.049889000000000072e+00,-2.580689999999999928e-01,4.115610000000000102e-01,-9.702399999999999913e-02,1.555010000000000003e-01,-2.318699999999999928e-01,-1.736749999999999960e-01,-1.182997999999999994e+00,4.101920000000000011e-01,-8.006950000000000456e-01,2.928399999999999892e-01,1.905020000000000047e-01,1.775299999999999934e-01
-1.213540000000000035e-01,7.141799999999999538e-02,8.216499999999999915e-01,8.972400000000000375e-01,-3.520500000000000018e-02,3.223100000000000270e-02,-4.389560000000000128e-01,3.853999999999999787e-03,-5.429999999999999714e-04,9.034000000000000363e-03,2.886659999999999782e-01,-2.942649999999999988e-01,9.803399999999999614e-02,-3.504459999999999797e-01,3.159700000000000009e-02,-6.896399999999999753e-02,7.955870000000000442e-01,-9.950000000000000511e-02,-5.451399999999999996e-02,-2.870999999999999941e-02,1.806639999999999913e-01,-1.808699999999999891e-02,6.881469999999999532e-01,1.064402000000000070e+00,-2.705049999999999955e-01,4.035429999999999851e-01,-9.256300000000000638e-02,1.543960000000000055e-01,-2.384459999999999913e-01,-1.239819999999999950e-01,-1.182160000000000100e+00,3.818329999999999780e-01,-7.977910000000000279e-01,2.832580000000000098e-01,1.932599999999999874e-01,1.901690000000000047e-01
-1.199360000000000009e-01,7.555699999999999916e-02,8.194839999999999902e-01,9.018469999999999542e-01,-3.651800000000000185e-02,3.277299999999999658e-02,-4.292590000000000017e-01,2.242000000000000069e-03,-6.592999999999999902e-03,-5.496000000000000017e-03,3.068190000000000084e-01,-3.243460000000000232e-01,1.068049999999999972e-01,-4.352860000000000062e-01,4.968100000000000294e-02,-2.750199999999999867e-02,9.298119999999999719e-01,-1.244429999999999981e-01,-5.350400000000000295e-02,-6.371200000000000474e-02,1.876990000000000047e-01,-5.641000000000000181e-03,6.645750000000000268e-01,1.077820000000000000e+00,-2.836239999999999872e-01,3.960529999999999884e-01,-8.804199999999999526e-02,1.534230000000000038e-01,-2.449909999999999866e-01,-7.731499999999999484e-02,-1.180360000000000076e+00,3.558149999999999924e-01,-7.937990000000000324e-01,2.736489999999999756e-01,1.961670000000000080e-01,2.030609999999999915e-01
-1.194029999999999953e-01,8.006499999999999728e-02,8.152239999999999487e-01,9.056039999999999646e-01,-3.538499999999999979e-02,3.287000000000000338e-02,-4.213649999999999896e-01,-1.343600000000000003e-02,-1.790500000000000078e-02,-1.803700000000000095e-02,3.317849999999999966e-01,-3.356149999999999967e-01,1.214810000000000056e-01,-4.905979999999999785e-01,5.935499999999999804e-02,-2.188100000000000114e-02,1.007546999999999970e+00,-1.505529999999999924e-01,-6.007699999999999846e-02,-9.060799999999999410e-02,1.845579999999999998e-01,5.612999999999999934e-03,6.199409999999999643e-01,1.084753000000000078e+00,-3.051400000000000223e-01,4.171309999999999740e-01,-7.855299999999999783e-02,1.506180000000000019e-01,-2.407559999999999978e-01,-3.409399999999999931e-02,-1.172185000000000032e+00,3.403180000000000094e-01,-7.832660000000000178e-01,2.583079999999999821e-01,2.009990000000000110e-01,2.198660000000000059e-01
-1.188010000000000038e-01,8.483000000000000262e-02,8.112920000000000131e-01,9.090909999999999824e-01,-3.582199999999999968e-02,3.290400000000000269e-02,-4.137469999999999759e-01,-2.705000000000000113e-02,-2.619099999999999900e-02,-3.021599999999999980e-02,3.558270000000000044e-01,-3.465880000000000072e-01,1.356819999999999971e-01,-5.421850000000000280e-01,7.221500000000000141e-02,-1.803499999999999895e-02,1.080422999999999911e+00,-1.741330000000000100e-01,-6.695199999999999763e-02,-1.175719999999999960e-01,1.850940000000000085e-01,1.871700000000000100e-02,5.716769999999999907e-01,1.088405000000000067e+00,-3.295350000000000223e-01,4.418699999999999850e-01,-6.854899999999999882e-02,1.458019999999999872e-01,-2.359380000000000088e-01,5.500999999999999814e-03,-1.164268000000000081e+00,3.281499999999999972e-01,-7.713799999999999546e-01,2.424640000000000128e-01,2.056920000000000137e-01,2.364839999999999998e-01
-1.182840000000000003e-01,8.960799999999999321e-02,8.074700000000000211e-01,9.123909999999999521e-01,-3.661199999999999871e-02,3.283799999999999913e-02,-4.063550000000000217e-01,-4.045300000000000284e-02,-3.405400000000000094e-02,-4.184299999999999825e-02,3.804879999999999929e-01,-3.579470000000000152e-01,1.497920000000000085e-01,-5.930569999999999453e-01,8.603500000000000036e-02,-1.484800000000000009e-02,1.152773999999999965e+00,-1.974349999999999994e-01,-7.379299999999999748e-02,-1.443669999999999953e-01,1.863759999999999861e-01,3.255500000000000060e-02,5.221209999999999463e-01,1.090287000000000006e+00,-3.547899999999999943e-01,4.674849999999999839e-01,-5.849000000000000032e-02,1.406469999999999942e-01,-2.307619999999999949e-01,4.295399999999999913e-02,-1.156436999999999937e+00,3.178239999999999954e-01,-7.588040000000000340e-01,2.264569999999999916e-01,2.100420000000000065e-01,2.528540000000000232e-01
-1.179619999999999974e-01,9.218400000000000205e-02,8.043829999999999592e-01,9.141089999999999494e-01,-3.588600000000000123e-02,3.449200000000000182e-02,-4.024019999999999819e-01,-5.010599999999999776e-02,-3.824700000000000322e-02,-4.542500000000000010e-02,3.816430000000000100e-01,-3.529680000000000040e-01,1.543710000000000082e-01,-6.340099999999999625e-01,1.062180000000000069e-01,-2.432199999999999987e-02,1.169388000000000094e+00,-2.086159999999999959e-01,-7.222800000000000054e-02,-1.608070000000000055e-01,1.842300000000000049e-01,3.803399999999999836e-02,4.638419999999999765e-01,1.071808000000000094e+00,-3.687520000000000242e-01,4.737399999999999944e-01,-6.332799999999999541e-02,1.357919999999999960e-01,-2.135680000000000078e-01,8.440300000000000580e-02,-1.123575999999999908e+00,3.085359999999999769e-01,-7.295430000000000526e-01,2.075609999999999955e-01,2.163229999999999875e-01,2.642240000000000144e-01
-1.176429999999999976e-01,9.473800000000000276e-02,8.014440000000000452e-01,9.156520000000000215e-01,-3.564799999999999913e-02,3.613800000000000345e-02,-3.987530000000000241e-01,-5.873599999999999655e-02,-4.119500000000000245e-02,-4.848199999999999732e-02,3.816510000000000180e-01,-3.475050000000000083e-01,1.587500000000000022e-01,-6.742409999999999792e-01,1.272760000000000002e-01,-3.488900000000000334e-02,1.184460999999999986e+00,-2.188269999999999937e-01,-7.083699999999999719e-02,-1.759630000000000083e-01,1.827940000000000120e-01,4.359500000000000181e-02,4.059900000000000175e-01,1.052554999999999907e+00,-3.822229999999999794e-01,4.802049999999999930e-01,-6.864599999999999869e-02,1.313169999999999893e-01,-1.958739999999999926e-01,1.242110000000000020e-01,-1.089896999999999894e+00,3.014760000000000217e-01,-6.986440000000000428e-01,1.875989999999999880e-01,2.213809999999999945e-01,2.758450000000000069e-01
-1.173410000000000009e-01,9.724499999999999811e-02,7.985069999999999668e-01,9.171660000000000368e-01,-3.540499999999999897e-02,3.769900000000000334e-02,-3.951339999999999852e-01,-6.713600000000000123e-02,-4.419599999999999917e-02,-5.139099999999999918e-02,3.814500000000000113e-01,-3.419389999999999930e-01,1.631460000000000132e-01,-7.145920000000000050e-01,1.479920000000000124e-01,-4.619399999999999895e-02,1.199562000000000017e+00,-2.290669999999999928e-01,-6.942800000000000360e-02,-1.910149999999999904e-01,1.810690000000000077e-01,4.908900000000000069e-02,3.498550000000000271e-01,1.032377000000000100e+00,-3.936430000000000207e-01,4.867859999999999965e-01,-7.391699999999999660e-02,1.267900000000000138e-01,-1.781550000000000078e-01,1.623419999999999863e-01,-1.056044999999999900e+00,2.967899999999999983e-01,-6.674090000000000300e-01,1.673219999999999985e-01,2.259799999999999864e-01,2.869280000000000164e-01
-1.149239999999999984e-01,9.878099999999999381e-02,7.968629999999999880e-01,9.194189999999999863e-01,-3.303699999999999692e-02,3.956900000000000001e-02,-3.898869999999999836e-01,-6.824800000000000311e-02,-5.206299999999999817e-02,-5.107099999999999834e-02,3.669410000000000172e-01,-3.303019999999999845e-01,1.658660000000000134e-01,-7.355329999999999924e-01,1.640280000000000071e-01,-5.593399999999999761e-02,1.167248999999999981e+00,-2.329960000000000087e-01,-5.558300000000000046e-02,-2.074590000000000045e-01,1.816210000000000047e-01,4.851599999999999663e-02,2.669130000000000114e-01,9.925019999999999953e-01,-4.172020000000000173e-01,5.267140000000000155e-01,-7.475099999999999800e-02,1.219979999999999953e-01,-1.427750000000000130e-01,1.973630000000000106e-01,-1.027416000000000107e+00,2.878160000000000163e-01,-5.592989999999999906e-01,1.474620000000000097e-01,2.267220000000000069e-01,2.788240000000000163e-01
-1.125619999999999954e-01,1.006719999999999976e-01,7.952329999999999677e-01,9.216039999999999788e-01,-3.123099999999999835e-02,4.100100000000000272e-02,-3.846930000000000072e-01,-6.803099999999999425e-02,-5.949900000000000327e-02,-5.063399999999999845e-02,3.519280000000000186e-01,-3.182789999999999786e-01,1.687420000000000031e-01,-7.553090000000000082e-01,1.802570000000000006e-01,-6.541900000000000492e-02,1.133950999999999931e+00,-2.364020000000000010e-01,-4.145800000000000179e-02,-2.214309999999999889e-01,1.840479999999999894e-01,4.881100000000000022e-02,1.800080000000000013e-01,9.475829999999999531e-01,-4.426590000000000247e-01,5.733549999999999480e-01,-7.620200000000000584e-02,1.152310000000000001e-01,-1.066509999999999958e-01,2.312200000000000089e-01,-1.000350000000000072e+00,2.796870000000000189e-01,-4.464210000000000123e-01,1.273219999999999907e-01,2.233829999999999982e-01,2.687559999999999949e-01
-1.100840000000000013e-01,1.025609999999999994e-01,7.936800000000000521e-01,9.237480000000000135e-01,-2.951600000000000057e-02,4.235200000000000076e-02,-3.795069999999999832e-01,-6.768100000000000505e-02,-6.695700000000000263e-02,-5.010799999999999976e-02,3.370679999999999787e-01,-3.063290000000000179e-01,1.717309999999999948e-01,-7.752130000000000409e-01,1.961150000000000115e-01,-7.481699999999999462e-02,1.100719999999999921e+00,-2.399360000000000104e-01,-2.750599999999999920e-02,-2.347269999999999912e-01,1.866659999999999986e-01,4.918999999999999762e-02,9.712600000000000400e-02,9.001179999999999737e-01,-4.629349999999999854e-01,6.207829999999999737e-01,-7.814500000000000612e-02,1.080210000000000059e-01,-7.030100000000000238e-02,2.648719999999999963e-01,-9.745920000000000138e-01,2.727879999999999749e-01,-3.335549999999999904e-01,1.074269999999999947e-01,2.193330000000000002e-01,2.561539999999999928e-01
-1.067039999999999933e-01,1.025070000000000009e-01,7.927189999999999515e-01,9.253019999999999579e-01,-2.773700000000000124e-02,4.425799999999999873e-02,-3.756160000000000054e-01,-6.017299999999999732e-02,-7.328600000000000392e-02,-5.384300000000000197e-02,3.145740000000000203e-01,-2.976960000000000162e-01,1.746640000000000137e-01,-7.666570000000000329e-01,2.177790000000000004e-01,-8.414099999999999357e-02,1.029989000000000043e+00,-2.333979999999999944e-01,-8.063000000000000722e-03,-2.497949999999999893e-01,1.899000000000000132e-01,4.566800000000000026e-02,3.521200000000000024e-02,8.252150000000000318e-01,-4.704229999999999801e-01,6.978830000000000311e-01,-9.131300000000000527e-02,1.017060000000000047e-01,-3.623799999999999938e-02,2.743030000000000190e-01,-9.431730000000000391e-01,2.738269999999999871e-01,-1.168539999999999995e-01,9.508900000000000685e-02,2.116220000000000045e-01,2.291130000000000111e-01
-1.035100000000000048e-01,1.027489999999999931e-01,7.918030000000000346e-01,9.267859999999999987e-01,-2.649599999999999872e-02,4.558000000000000246e-02,-3.718699999999999783e-01,-5.153499999999999748e-02,-7.907500000000000639e-02,-5.741899999999999782e-02,2.926259999999999972e-01,-2.893819999999999726e-01,1.776870000000000116e-01,-7.565739999999999688e-01,2.397980000000000111e-01,-9.270299999999999374e-02,9.582880000000000287e-01,-2.262309999999999877e-01,1.119500000000000009e-02,-2.678189999999999737e-01,1.932109999999999939e-01,4.396699999999999914e-02,-1.955600000000000047e-02,7.495749999999999913e-01,-4.689050000000000162e-01,7.763189999999999813e-01,-1.052659999999999985e-01,9.416499999999999870e-02,-2.321999999999999845e-03,2.748149999999999760e-01,-9.152259999999999840e-01,2.822160000000000224e-01,1.062280000000000030e-01,8.452099999999999891e-02,2.002770000000000106e-01,1.987450000000000050e-01
-1.002389999999999948e-01,1.031429999999999986e-01,7.908330000000000082e-01,9.282550000000000523e-01,-2.529100000000000098e-02,4.664900000000000296e-02,-3.681389999999999940e-01,-4.279700000000000171e-02,-8.523500000000000520e-02,-6.090199999999999780e-02,2.713769999999999794e-01,-2.813680000000000070e-01,1.809620000000000117e-01,-7.463109999999999467e-01,2.614250000000000185e-01,-1.003069999999999934e-01,8.868230000000000279e-01,-2.193710000000000104e-01,3.018300000000000149e-02,-2.871650000000000036e-01,1.962820000000000120e-01,4.253300000000000136e-02,-6.895300000000000040e-02,6.748220000000000329e-01,-4.606739999999999724e-01,8.541779999999999928e-01,-1.201389999999999958e-01,8.615899999999999948e-02,3.079499999999999946e-02,2.734380000000000144e-01,-8.912449999999999539e-01,2.936750000000000194e-01,3.298110000000000208e-01,7.663000000000000367e-02,1.879579999999999862e-01,1.646370000000000056e-01
-9.464799999999999602e-02,1.033450000000000063e-01,7.897960000000000536e-01,9.309009999999999785e-01,-2.400400000000000103e-02,4.714700000000000141e-02,-3.614200000000000190e-01,-3.093900000000000122e-02,-9.651600000000000457e-02,-7.555800000000000016e-02,2.533940000000000081e-01,-2.738789999999999836e-01,1.877669999999999895e-01,-7.312659999999999716e-01,2.756080000000000196e-01,-1.032959999999999989e-01,7.950009999999999577e-01,-2.105990000000000084e-01,4.160599999999999715e-02,-3.130740000000000189e-01,2.010480000000000045e-01,3.960600000000000231e-02,-1.165599999999999969e-01,6.045479999999999743e-01,-4.568590000000000151e-01,9.140840000000000076e-01,-1.449290000000000023e-01,8.358699999999999464e-02,5.153100000000000042e-02,2.690569999999999906e-01,-8.832590000000000163e-01,3.114580000000000126e-01,4.189700000000000091e-01,7.928000000000000325e-02,1.734640000000000071e-01,1.478669999999999984e-01
-8.879599999999999993e-02,1.035309999999999980e-01,7.886900000000000022e-01,9.335170000000000412e-01,-2.266800000000000065e-02,4.755999999999999811e-02,-3.546420000000000128e-01,-1.870600000000000041e-02,-1.079969999999999958e-01,-9.040299999999999725e-02,2.355649999999999966e-01,-2.667470000000000119e-01,1.949609999999999954e-01,-7.161060000000000203e-01,2.893399999999999861e-01,-1.056949999999999973e-01,7.038489999999999469e-01,-2.024900000000000033e-01,5.274600000000000122e-02,-3.383530000000000149e-01,2.062390000000000057e-01,3.646300000000000235e-02,-1.607939999999999925e-01,5.343339999999999756e-01,-4.495819999999999816e-01,9.724129999999999718e-01,-1.705959999999999976e-01,8.154500000000000637e-02,7.134300000000000364e-02,2.687939999999999774e-01,-8.772600000000000398e-01,3.263829999999999787e-01,5.024450000000000305e-01,8.236000000000000265e-02,1.627149999999999985e-01,1.310590000000000088e-01
-8.285399999999999709e-02,1.037529999999999980e-01,7.875079999999999858e-01,9.360929999999999529e-01,-2.119700000000000056e-02,4.784000000000000058e-02,-3.478390000000000093e-01,-6.215000000000000038e-03,-1.198649999999999993e-01,-1.053359999999999991e-01,2.179740000000000011e-01,-2.597880000000000189e-01,2.025720000000000021e-01,-7.011770000000000502e-01,3.024979999999999891e-01,-1.074240000000000056e-01,6.138249999999999540e-01,-1.951199999999999879e-01,6.358099999999999863e-02,-3.632940000000000058e-01,2.112469999999999903e-01,3.305500000000000105e-02,-2.026840000000000031e-01,4.645110000000000072e-01,-4.391579999999999928e-01,1.030928999999999984e+00,-1.970179999999999987e-01,7.895900000000000141e-02,8.990199999999999581e-02,2.694500000000000228e-01,-8.720590000000000286e-01,3.409440000000000248e-01,5.856569999999999832e-01,8.560700000000000254e-02,1.516569999999999863e-01,1.141059999999999991e-01
-7.648599999999999843e-02,1.039910000000000001e-01,7.858629999999999782e-01,9.387130000000000196e-01,-2.053200000000000164e-02,4.517299999999999788e-02,-3.411109999999999975e-01,8.297000000000000555e-03,-1.318199999999999927e-01,-1.133050000000000029e-01,2.133299999999999919e-01,-2.599560000000000204e-01,2.086659999999999904e-01,-6.781300000000000106e-01,3.075269999999999948e-01,-1.040539999999999937e-01,5.337210000000000010e-01,-1.931299999999999961e-01,6.244500000000000051e-02,-3.925980000000000025e-01,2.159409999999999941e-01,3.059299999999999867e-02,-2.447550000000000003e-01,4.177779999999999827e-01,-4.410830000000000028e-01,1.069574999999999942e+00,-2.138120000000000021e-01,7.921400000000000663e-02,9.721000000000000474e-02,2.696890000000000120e-01,-8.757220000000000004e-01,3.360639999999999739e-01,6.436300000000000354e-01,9.241000000000000603e-02,1.449270000000000003e-01,1.031839999999999979e-01
-7.015200000000000602e-02,1.040900000000000020e-01,7.840439999999999632e-01,9.413070000000000048e-01,-1.971799999999999942e-02,4.223500000000000171e-02,-3.343180000000000041e-01,2.356600000000000014e-02,-1.442289999999999961e-01,-1.215070000000000039e-01,2.086050000000000126e-01,-2.602289999999999881e-01,2.149179999999999979e-01,-6.554799999999999516e-01,3.121820000000000150e-01,-1.007249999999999951e-01,4.558050000000000157e-01,-1.924389999999999989e-01,6.129099999999999826e-02,-4.211920000000000108e-01,2.200169999999999904e-01,2.816000000000000100e-02,-2.855559999999999765e-01,3.709290000000000087e-01,-4.416519999999999890e-01,1.107162999999999897e+00,-2.309900000000000009e-01,8.022700000000000664e-02,1.040330000000000005e-01,2.720130000000000048e-01,-8.798150000000000137e-01,3.293929999999999914e-01,6.994179999999999842e-01,9.901400000000000479e-02,1.393929999999999891e-01,9.263100000000000500e-02
-6.368000000000000049e-02,1.042799999999999977e-01,7.821740000000000359e-01,9.438499999999999668e-01,-1.882500000000000145e-02,3.919399999999999967e-02,-3.275009999999999866e-01,3.923000000000000098e-02,-1.568289999999999962e-01,-1.298930000000000085e-01,2.037889999999999979e-01,-2.605100000000000193e-01,2.213170000000000137e-01,-6.336359999999999770e-01,3.166390000000000038e-01,-9.760000000000000620e-02,3.800459999999999949e-01,-1.929230000000000111e-01,6.017499999999999932e-02,-4.496120000000000116e-01,2.239530000000000132e-01,2.564400000000000013e-02,-3.253220000000000001e-01,3.236800000000000233e-01,-4.403469999999999884e-01,1.144792000000000032e+00,-2.484889999999999877e-01,8.124800000000000078e-02,1.104559999999999986e-01,2.745989999999999820e-01,-8.844450000000000367e-01,3.225230000000000041e-01,7.548899999999999499e-01,1.056490000000000068e-01,1.340139999999999942e-01,8.239299999999999402e-02
-5.516999999999999682e-02,1.042610000000000064e-01,7.794839999999999547e-01,9.469180000000000375e-01,-1.937200000000000033e-02,3.720099999999999796e-02,-3.187260000000000093e-01,5.420900000000000024e-02,-1.674019999999999953e-01,-1.402450000000000085e-01,2.061910000000000132e-01,-2.716890000000000138e-01,2.294229999999999881e-01,-6.197570000000000023e-01,3.197659999999999947e-01,-8.491100000000000037e-02,3.380580000000000251e-01,-1.893320000000000003e-01,5.611900000000000222e-02,-4.750559999999999783e-01,2.309509999999999896e-01,2.573699999999999946e-02,-3.776079999999999992e-01,2.935880000000000156e-01,-4.566640000000000144e-01,1.154593999999999898e+00,-2.442410000000000136e-01,8.326500000000000568e-02,1.057870000000000060e-01,2.766560000000000130e-01,-8.896969999999999601e-01,2.953509999999999747e-01,8.278710000000000235e-01,1.245720000000000022e-01,1.309599999999999931e-01,7.384999999999999898e-02
-4.657300000000000328e-02,1.042509999999999964e-01,7.767300000000000315e-01,9.499090000000000034e-01,-1.960100000000000037e-02,3.525999999999999968e-02,-3.099120000000000208e-01,6.886100000000000554e-02,-1.785609999999999975e-01,-1.507239999999999969e-01,2.087980000000000114e-01,-2.827339999999999853e-01,2.376080000000000136e-01,-6.073960000000000470e-01,3.222090000000000232e-01,-7.230499999999999428e-02,2.986860000000000070e-01,-1.870340000000000058e-01,5.205400000000000305e-02,-4.996019999999999905e-01,2.372759999999999869e-01,2.494000000000000036e-02,-4.292949999999999822e-01,2.630489999999999773e-01,-4.722990000000000244e-01,1.163872000000000018e+00,-2.399040000000000061e-01,8.569899999999999740e-02,1.007090000000000068e-01,2.796870000000000189e-01,-8.954480000000000217e-01,2.672519999999999896e-01,9.012130000000000418e-01,1.435019999999999907e-01,1.269740000000000035e-01,6.636200000000000432e-02
-3.801899999999999724e-02,1.043769999999999976e-01,7.739559999999999773e-01,9.527980000000000338e-01,-1.982000000000000081e-02,3.337400000000000089e-02,-3.011139999999999928e-01,8.353599999999999914e-02,-1.896849999999999925e-01,-1.613519999999999954e-01,2.114499999999999991e-01,-2.937910000000000244e-01,2.459099999999999897e-01,-5.957099999999999618e-01,3.245379999999999932e-01,-5.990299999999999792e-02,2.606069999999999776e-01,-1.854159999999999975e-01,4.797699999999999881e-02,-5.240580000000000238e-01,2.436909999999999910e-01,2.395399999999999960e-02,-4.803189999999999960e-01,2.315379999999999938e-01,-4.864999999999999880e-01,1.172716000000000092e+00,-2.356340000000000101e-01,8.857700000000000295e-02,9.605500000000000149e-02,2.823749999999999871e-01,-9.025910000000000322e-01,2.393339999999999912e-01,9.741279999999999939e-01,1.625369999999999870e-01,1.237489999999999979e-01,6.033999999999999780e-02
-2.909799999999999887e-02,1.031389999999999946e-01,7.701959999999999917e-01,9.542049999999999699e-01,-2.018100000000000102e-02,3.247599999999999792e-02,-2.967009999999999925e-01,9.366499999999999826e-02,-1.986890000000000045e-01,-1.672869999999999913e-01,2.244839999999999891e-01,-3.147710000000000230e-01,2.546260000000000190e-01,-5.858769999999999811e-01,3.224009999999999931e-01,-5.137699999999999906e-02,2.475580000000000003e-01,-1.633900000000000075e-01,3.420499999999999929e-02,-5.407840000000000424e-01,2.555620000000000114e-01,1.770400000000000099e-02,-5.251270000000000104e-01,2.133680000000000021e-01,-5.096319999999999739e-01,1.133947000000000038e+00,-2.179639999999999911e-01,8.499400000000000011e-02,8.834799999999999598e-02,2.833910000000000040e-01,-9.201660000000000394e-01,2.036239999999999994e-01,1.015749999999999931e+00,1.812469999999999914e-01,1.188659999999999994e-01,4.918000000000000149e-02
-2.043000000000000024e-02,1.011819999999999942e-01,7.664210000000000189e-01,9.556350000000000122e-01,-2.009100000000000122e-02,3.180399999999999894e-02,-2.921409999999999840e-01,1.027949999999999975e-01,-2.071270000000000056e-01,-1.736989999999999923e-01,2.386830000000000063e-01,-3.366560000000000108e-01,2.617309999999999914e-01,-5.766999999999999904e-01,3.205649999999999888e-01,-4.321599999999999747e-02,2.346959999999999880e-01,-1.415460000000000051e-01,1.922300000000000050e-02,-5.568870000000000209e-01,2.663470000000000004e-01,8.881000000000000005e-03,-5.672859999999999570e-01,1.968580000000000052e-01,-5.340810000000000279e-01,1.092750000000000110e+00,-2.006449999999999900e-01,8.242599999999999927e-02,8.041900000000000437e-02,2.877919999999999923e-01,-9.370249999999999968e-01,1.670190000000000008e-01,1.055533000000000055e+00,1.998419999999999919e-01,1.149249999999999994e-01,3.798399999999999693e-02
-1.347800000000000040e-02,9.595800000000000163e-02,7.627239999999999576e-01,9.573460000000000303e-01,-1.871700000000000100e-02,3.071499999999999925e-02,-2.866980000000000084e-01,1.117350000000000010e-01,-2.125130000000000075e-01,-1.822110000000000118e-01,2.551229999999999887e-01,-3.611320000000000086e-01,2.617490000000000094e-01,-5.657180000000000542e-01,3.203139999999999876e-01,-3.587599999999999817e-02,2.190600000000000047e-01,-1.184690000000000049e-01,-8.490000000000000368e-04,-5.741870000000000029e-01,2.711870000000000114e-01,-5.342000000000000394e-03,-6.044119999999999493e-01,1.844000000000000083e-01,-5.613380000000000036e-01,1.050858999999999988e+00,-1.836059999999999914e-01,7.941900000000000348e-02,7.136900000000000188e-02,2.961829999999999741e-01,-9.496120000000000116e-01,1.319390000000000007e-01,1.094786000000000037e+00,2.181059999999999943e-01,1.108039999999999997e-01,2.637499999999999914e-02
-5.342999999999999659e-03,9.206899999999999806e-02,7.589360000000000550e-01,9.575660000000000283e-01,-2.201300000000000132e-02,3.218900000000000233e-02,-2.855630000000000113e-01,1.154759999999999953e-01,-2.068429999999999991e-01,-1.737430000000000085e-01,2.779570000000000096e-01,-3.919889999999999763e-01,2.617510000000000114e-01,-5.815660000000000274e-01,3.225219999999999754e-01,-4.291799999999999782e-02,2.624219999999999886e-01,-9.446200000000000430e-02,-2.877800000000000150e-02,-5.837010000000000254e-01,2.846529999999999894e-01,-1.573499999999999899e-02,-6.511320000000000441e-01,1.851359999999999950e-01,-6.035549999999999526e-01,9.744199999999999529e-01,-1.553150000000000086e-01,7.748800000000000132e-02,5.895100000000000340e-02,3.000309999999999921e-01,-9.719499999999999806e-01,9.672300000000000342e-02,1.096060999999999952e+00,2.247359999999999913e-01,1.055330000000000018e-01,1.533900000000000020e-02
2.782999999999999884e-03,8.814199999999999813e-02,7.551949999999999497e-01,9.576480000000000548e-01,-2.543199999999999975e-02,3.442499999999999727e-02,-2.847419999999999951e-01,1.166370000000000046e-01,-2.005059999999999898e-01,-1.644680000000000031e-01,3.028950000000000253e-01,-4.237739999999999840e-01,2.617519999999999847e-01,-6.005850000000000355e-01,3.250680000000000236e-01,-5.106000000000000122e-02,3.090319999999999734e-01,-7.215799999999999992e-02,-5.712899999999999923e-02,-5.915709999999999580e-01,3.002639999999999754e-01,-2.738200000000000009e-02,-6.979490000000000416e-01,1.869409999999999961e-01,-6.465649999999999453e-01,8.960569999999999924e-01,-1.280020000000000047e-01,7.660799999999999554e-02,4.532900000000000124e-02,3.070320000000000271e-01,-9.947359999999999536e-01,5.888000000000000178e-02,1.096092000000000066e+00,2.309160000000000101e-01,1.010370000000000018e-01,4.224000000000000324e-03
1.091499999999999936e-02,8.420600000000000307e-02,7.515650000000000386e-01,9.576299999999999812e-01,-2.918099999999999861e-02,3.683999999999999775e-02,-2.841400000000000037e-01,1.172119999999999967e-01,-1.932750000000000024e-01,-1.547179999999999944e-01,3.285319999999999907e-01,-4.558780000000000054e-01,2.617539999999999867e-01,-6.202450000000000463e-01,3.279000000000000248e-01,-6.013999999999999901e-02,3.564060000000000006e-01,-5.038200000000000317e-02,-8.602100000000000024e-02,-5.984979999999999745e-01,3.168340000000000045e-01,-3.925300000000000317e-02,-7.454469999999999708e-01,1.898420000000000107e-01,-6.902350000000000430e-01,8.174219999999999819e-01,-1.017900000000000055e-01,7.525900000000000645e-02,3.046600000000000003e-02,3.162470000000000003e-01,-1.017365999999999993e+00,1.955199999999999994e-02,1.095941999999999972e+00,2.369739999999999902e-01,9.657799999999999718e-02,-6.944999999999999785e-03
1.879899999999999974e-02,7.911799999999999389e-02,7.469879999999999853e-01,9.572960000000000358e-01,-3.212600000000000178e-02,3.858400000000000024e-02,-2.847160000000000246e-01,1.188329999999999942e-01,-1.861079999999999957e-01,-1.429330000000000045e-01,3.564249999999999918e-01,-4.878399999999999959e-01,2.617539999999999867e-01,-6.414320000000000022e-01,3.282329999999999970e-01,-7.712600000000000011e-02,3.916780000000000261e-01,-3.904099999999999931e-02,-1.081099999999999978e-01,-6.013640000000000096e-01,3.301660000000000150e-01,-4.894300000000000039e-02,-8.036649999999999627e-01,2.037289999999999934e-01,-7.272720000000000296e-01,7.423480000000000079e-01,-8.420800000000000507e-02,7.545599999999999530e-02,1.453899999999999984e-02,3.226370000000000071e-01,-1.031900999999999957e+00,-2.208900000000000099e-02,1.104886000000000035e+00,2.505339999999999789e-01,9.232300000000000229e-02,-2.893199999999999938e-02
2.664199999999999902e-02,7.420799999999999619e-02,7.424880000000000368e-01,9.569370000000000376e-01,-3.520299999999999818e-02,3.998399999999999871e-02,-2.853649999999999798e-01,1.210930000000000062e-01,-1.791169999999999984e-01,-1.309379999999999988e-01,3.842260000000000120e-01,-5.191850000000000076e-01,2.617530000000000134e-01,-6.620660000000000434e-01,3.280259999999999843e-01,-9.429999999999999494e-02,4.275700000000000056e-01,-2.825099999999999834e-02,-1.302699999999999969e-01,-6.046650000000000080e-01,3.429059999999999886e-01,-5.770299999999999735e-02,-8.632520000000000193e-01,2.183209999999999873e-01,-7.651750000000000496e-01,6.673869999999999525e-01,-6.788099999999999690e-02,7.490900000000000336e-02,-1.955999999999999839e-03,3.286350000000000104e-01,-1.046181000000000028e+00,-6.302499999999999769e-02,1.114360000000000017e+00,2.643409999999999926e-01,8.774099999999999955e-02,-5.122499999999999970e-02
3.460400000000000281e-02,6.923100000000000087e-02,7.380149999999999766e-01,9.565449999999999786e-01,-3.837299999999999739e-02,4.127399999999999819e-02,-2.860869999999999802e-01,1.235089999999999938e-01,-1.718830000000000080e-01,-1.187239999999999962e-01,4.123220000000000218e-01,-5.506950000000000456e-01,2.617530000000000134e-01,-6.827440000000000175e-01,3.275719999999999743e-01,-1.119290000000000007e-01,4.644209999999999727e-01,-1.823999999999999927e-02,-1.528920000000000001e-01,-6.080999999999999739e-01,3.555050000000000154e-01,-6.633100000000000107e-02,-9.238340000000000440e-01,2.332380000000000009e-01,-8.037440000000000140e-01,5.920269999999999699e-01,-5.254500000000000143e-02,7.393099999999999672e-02,-1.890899999999999873e-02,3.353880000000000194e-01,-1.060456000000000065e+00,-1.040739999999999998e-01,1.124031999999999920e+00,2.781859999999999888e-01,8.289499999999999647e-02,-7.337499999999999578e-02
4.353800000000000031e-02,6.425699999999999468e-02,7.340250000000000385e-01,9.559950000000000392e-01,-4.298300000000000037e-02,4.523599999999999843e-02,-2.866710000000000091e-01,1.325850000000000084e-01,-1.592679999999999929e-01,-1.113689999999999958e-01,4.206250000000000266e-01,-5.753789999999999738e-01,2.617519999999999847e-01,-7.048200000000000021e-01,3.338599999999999901e-01,-1.273720000000000130e-01,5.085469999999999713e-01,-1.469900000000000026e-02,-1.660999999999999976e-01,-6.088750000000000551e-01,3.806019999999999959e-01,-7.644099999999999506e-02,-9.803969999999999629e-01,2.552229999999999777e-01,-8.326519999999999477e-01,4.816050000000000053e-01,-6.153800000000000242e-02,7.361700000000000188e-02,-3.601800000000000140e-02,3.308079999999999909e-01,-1.073830999999999980e+00,-1.393520000000000036e-01,1.098716999999999944e+00,2.846699999999999786e-01,7.497099999999999598e-02,-9.718499999999999361e-02
5.260800000000000198e-02,5.925899999999999918e-02,7.300689999999999680e-01,9.554350000000000342e-01,-4.747699999999999837e-02,4.908900000000000069e-02,-2.871940000000000048e-01,1.421179999999999943e-01,-1.472259999999999958e-01,-1.039140000000000064e-01,4.282299999999999995e-01,-5.992610000000000436e-01,2.617510000000000114e-01,-7.274319999999999675e-01,3.391640000000000210e-01,-1.431360000000000132e-01,5.541669999999999652e-01,-1.205499999999999974e-02,-1.792650000000000077e-01,-6.109520000000000506e-01,4.059989999999999988e-01,-8.619799999999999685e-02,-1.037063999999999986e+00,2.788720000000000088e-01,-8.622659999999999769e-01,3.673480000000000079e-01,-7.275500000000000023e-02,7.524599999999999345e-02,-5.141899999999999943e-02,3.261470000000000202e-01,-1.087730000000000086e+00,-1.742080000000000017e-01,1.071646000000000098e+00,2.904209999999999847e-01,6.847799999999999720e-02,-1.218079999999999996e-01
6.172300000000000009e-02,5.427900000000000086e-02,7.261050000000000004e-01,9.548729999999999718e-01,-5.186700000000000338e-02,5.284500000000000308e-02,-2.876380000000000048e-01,1.518220000000000125e-01,-1.354760000000000131e-01,-9.640600000000000558e-02,4.358310000000000239e-01,-6.231250000000000400e-01,2.617499999999999827e-01,-7.504950000000000232e-01,3.436230000000000118e-01,-1.594059999999999921e-01,6.009640000000000537e-01,-1.009799999999999934e-02,-1.926809999999999912e-01,-6.134079999999999533e-01,4.311030000000000140e-01,-9.611300000000000399e-02,-1.094824000000000019e+00,3.024209999999999954e-01,-8.932099999999999485e-01,2.518469999999999875e-01,-8.516500000000000459e-02,7.725400000000000322e-02,-6.506800000000000084e-02,3.219520000000000159e-01,-1.101423999999999959e+00,-2.091560000000000086e-01,1.044315000000000104e+00,2.956010000000000026e-01,6.205900000000000305e-02,-1.465700000000000058e-01
7.030000000000000138e-02,4.963999999999999663e-02,7.217449999999999699e-01,9.538240000000000052e-01,-5.693200000000000344e-02,5.787199999999999983e-02,-2.891889999999999739e-01,1.610880000000000090e-01,-1.214260000000000062e-01,-8.783699999999999841e-02,4.378009999999999957e-01,-6.484269999999999756e-01,2.617459999999999787e-01,-7.667479999999999851e-01,3.504610000000000225e-01,-1.835400000000000087e-01,6.410130000000000550e-01,-2.724000000000000032e-02,-2.055059999999999942e-01,-6.166019999999999834e-01,4.537490000000000134e-01,-1.049279999999999935e-01,-1.152395000000000058e+00,3.435779999999999945e-01,-9.347410000000000441e-01,1.164919999999999983e-01,-1.130329999999999946e-01,7.828300000000000536e-02,-7.796400000000000552e-02,3.298889999999999878e-01,-1.110719000000000012e+00,-2.308709999999999929e-01,1.008337999999999957e+00,2.864570000000000172e-01,5.930099999999999955e-02,-1.508200000000000096e-01
7.874100000000000543e-02,4.505599999999999883e-02,7.175359999999999516e-01,9.528090000000000170e-01,-6.179500000000000270e-02,6.250000000000000000e-02,-2.905679999999999930e-01,1.712509999999999866e-01,-1.080200000000000049e-01,-7.916499999999999926e-02,4.392960000000000198e-01,-6.731209999999999694e-01,2.617439999999999767e-01,-7.823849999999999971e-01,3.561759999999999926e-01,-2.075230000000000130e-01,6.815109999999999779e-01,-4.469299999999999662e-02,-2.184490000000000043e-01,-6.210130000000000372e-01,4.751059999999999728e-01,-1.132419999999999954e-01,-1.211459000000000064e+00,3.849360000000000004e-01,-9.801509999999999945e-01,-2.281700000000000048e-02,-1.423709999999999976e-01,8.049900000000000111e-02,-8.538600000000000356e-02,3.377609999999999779e-01,-1.119604999999999961e+00,-2.521169999999999800e-01,9.712169999999999970e-01,2.766509999999999803e-01,5.767300000000000204e-02,-1.545789999999999942e-01
8.665100000000000580e-02,4.032800000000000273e-02,7.133570000000000189e-01,9.520870000000000166e-01,-6.553100000000000591e-02,6.544800000000000617e-02,-2.914660000000000029e-01,1.844500000000000028e-01,-9.767699999999999994e-02,-7.114499999999999991e-02,4.387719999999999954e-01,-6.959849999999999648e-01,2.617639999999999967e-01,-7.960800000000000098e-01,3.586570000000000036e-01,-2.301779999999999937e-01,7.240100000000000424e-01,-6.281699999999999784e-02,-2.318389999999999895e-01,-6.264030000000000431e-01,4.883330000000000171e-01,-1.207199999999999940e-01,-1.275028000000000050e+00,4.246130000000000182e-01,-1.033363000000000032e+00,-1.630800000000000027e-01,-1.716959999999999875e-01,8.245500000000000052e-02,-8.791300000000000503e-02,3.449590000000000156e-01,-1.123086000000000029e+00,-2.722410000000000108e-01,9.337539999999999729e-01,2.664489999999999914e-01,5.603099999999999747e-02,-1.588370000000000060e-01
9.398700000000000110e-02,3.360400000000000192e-02,7.059459999999999624e-01,9.516590000000000327e-01,-6.403699999999999670e-02,6.327499999999999791e-02,-2.936670000000000114e-01,2.064040000000000041e-01,-1.024550000000000044e-01,-6.555900000000000616e-02,4.414299999999999891e-01,-7.335709999999999731e-01,2.613860000000000072e-01,-8.175299999999999789e-01,3.533259999999999734e-01,-2.480090000000000072e-01,8.053190000000000071e-01,-1.082410000000000039e-01,-2.448079999999999978e-01,-6.151780000000000026e-01,5.009679999999999689e-01,-1.204469999999999985e-01,-1.328395999999999910e+00,4.738919999999999799e-01,-1.061493999999999938e+00,-2.365099999999999980e-01,-1.810470000000000135e-01,8.518299999999999483e-02,-8.944599999999999773e-02,3.361520000000000064e-01,-1.138208000000000109e+00,-2.878200000000000203e-01,8.940110000000000001e-01,2.565209999999999990e-01,5.731900000000000189e-02,-1.586660000000000015e-01
1.010489999999999999e-01,2.865300000000000138e-02,7.006639999999999535e-01,9.519290000000000251e-01,-6.550699999999999579e-02,6.395000000000000684e-02,-2.923200000000000243e-01,2.258979999999999877e-01,-9.921099999999999364e-02,-6.761899999999999855e-02,4.341269999999999851e-01,-7.606800000000000228e-01,2.617749999999999799e-01,-8.294810000000000239e-01,3.476859999999999951e-01,-2.691250000000000031e-01,8.557369999999999699e-01,-1.375500000000000056e-01,-2.551439999999999819e-01,-6.149160000000000181e-01,5.037589999999999568e-01,-1.272679999999999922e-01,-1.377850999999999937e+00,5.220900000000000540e-01,-1.114236000000000004e+00,-3.054080000000000128e-01,-1.939329999999999943e-01,8.543399999999999606e-02,-9.315299999999999969e-02,3.357430000000000136e-01,-1.130042999999999909e+00,-2.898560000000000025e-01,8.466299999999999937e-01,2.448809999999999876e-01,5.618100000000000177e-02,-1.586249999999999882e-01
1.082339999999999969e-01,2.491300000000000112e-02,6.964449999999999807e-01,9.521859999999999769e-01,-6.854200000000000570e-02,6.556900000000000228e-02,-2.904209999999999847e-01,2.434270000000000045e-01,-9.245299999999999352e-02,-6.975599999999999856e-02,4.261329999999999840e-01,-7.859819999999999585e-01,2.617999999999999772e-01,-8.385559999999999681e-01,3.425480000000000191e-01,-2.896980000000000111e-01,8.966880000000000406e-01,-1.616489999999999871e-01,-2.617990000000000039e-01,-6.162539999999999685e-01,5.098350000000000382e-01,-1.323159999999999892e-01,-1.430744000000000016e+00,5.661540000000000461e-01,-1.171197000000000044e+00,-3.736789999999999834e-01,-2.054239999999999955e-01,8.501499999999999335e-02,-9.498900000000000399e-02,3.349869999999999792e-01,-1.120638000000000023e+00,-2.907190000000000052e-01,7.977379999999999471e-01,2.328560000000000074e-01,5.604399999999999660e-02,-1.600580000000000058e-01
1.160530000000000034e-01,2.363300000000000123e-02,6.929809999999999581e-01,9.522699999999999498e-01,-7.274400000000000310e-02,6.852400000000000158e-02,-2.884349999999999969e-01,2.507530000000000037e-01,-8.336499999999999466e-02,-6.537400000000000155e-02,4.285340000000000260e-01,-7.955809999999999826e-01,2.617999999999999772e-01,-8.420020000000000282e-01,3.385920000000000041e-01,-3.039189999999999947e-01,9.226419999999999622e-01,-1.870469999999999910e-01,-2.617999999999999772e-01,-6.132499999999999618e-01,5.171679999999999611e-01,-1.292459999999999998e-01,-1.428490999999999955e+00,6.163440000000000030e-01,-1.204957999999999974e+00,-4.292030000000000012e-01,-2.148559999999999914e-01,8.652700000000000669e-02,-9.803900000000000114e-02,3.316569999999999796e-01,-1.096144999999999925e+00,-2.906380000000000075e-01,7.717920000000000336e-01,2.253090000000000093e-01,6.098900000000000154e-02,-1.614410000000000012e-01
1.234360000000000041e-01,2.232400000000000009e-02,6.899020000000000152e-01,9.524310000000000276e-01,-7.639899999999999469e-02,7.045500000000000373e-02,-2.864869999999999917e-01,2.602990000000000026e-01,-7.621899999999999509e-02,-5.994599999999999929e-02,4.304439999999999933e-01,-8.056060000000000443e-01,2.617999999999999772e-01,-8.432399999999999896e-01,3.339289999999999758e-01,-3.165009999999999768e-01,9.479769999999999586e-01,-2.117880000000000040e-01,-2.617999999999999772e-01,-6.118040000000000145e-01,5.200000000000000178e-01,-1.276299999999999935e-01,-1.423696999999999990e+00,6.658589999999999787e-01,-1.238744000000000067e+00,-4.825160000000000005e-01,-2.213430000000000120e-01,8.621399999999999897e-02,-1.038329999999999947e-01,3.256430000000000158e-01,-1.071169999999999956e+00,-2.849340000000000206e-01,7.482490000000000530e-01,2.182840000000000058e-01,6.497799999999999410e-02,-1.626170000000000115e-01
1.308779999999999943e-01,2.065000000000000169e-02,6.862279999999999491e-01,9.530509999999999815e-01,-7.769600000000000117e-02,7.067299999999999971e-02,-2.840110000000000134e-01,2.719869999999999788e-01,-7.517400000000000471e-02,-5.487999999999999823e-02,4.352960000000000163e-01,-8.188689999999999580e-01,2.617999999999999772e-01,-8.464019999999999877e-01,3.236269999999999980e-01,-3.267260000000000164e-01,9.855129999999999724e-01,-2.433369999999999977e-01,-2.617999999999999772e-01,-6.138940000000000508e-01,5.200000000000000178e-01,-1.261319999999999941e-01,-1.416390000000000038e+00,7.221159999999999801e-01,-1.266794999999999893e+00,-5.427490000000000370e-01,-2.270639999999999881e-01,8.810500000000000276e-02,-1.091489999999999960e-01,3.156059999999999977e-01,-1.051584999999999992e+00,-2.765150000000000108e-01,7.252750000000000030e-01,2.113720000000000043e-01,7.048100000000000198e-02,-1.631289999999999962e-01
1.523500000000000132e-01,2.900000000000000147e-02,6.870060000000000056e-01,9.542030000000000234e-01,-7.152400000000000424e-02,6.629799999999999582e-02,-2.828180000000000138e-01,2.773510000000000142e-01,-1.068439999999999945e-01,-9.318999999999999159e-03,4.983489999999999864e-01,-6.896820000000000173e-01,2.446909999999999918e-01,-8.309250000000000247e-01,2.975320000000000187e-01,-2.962620000000000253e-01,1.035233000000000070e+00,-2.903939999999999855e-01,-2.442670000000000119e-01,-5.792580000000000506e-01,5.200000000000000178e-01,-1.333820000000000006e-01,-1.360395000000000021e+00,7.883010000000000295e-01,-1.230015000000000081e+00,-5.800549999999999873e-01,-2.328679999999999917e-01,8.647299999999999431e-02,-1.000159999999999938e-01,3.070359999999999756e-01,-1.035905999999999993e+00,-2.627510000000000123e-01,7.505560000000000009e-01,2.138529999999999875e-01,7.678400000000000503e-02,-1.643679999999999863e-01
1.673890000000000100e-01,2.618499999999999994e-02,6.930770000000000541e-01,9.561709999999999932e-01,-6.569200000000000039e-02,6.409299999999999720e-02,-2.780529999999999946e-01,2.738610000000000211e-01,-9.824199999999999600e-02,3.501800000000000052e-02,5.648600000000000287e-01,-5.583989999999999787e-01,1.825630000000000031e-01,-7.988819999999999810e-01,2.819309999999999872e-01,-2.748280000000000167e-01,1.040569999999999995e+00,-3.175580000000000069e-01,-2.323890000000000122e-01,-5.503529999999999811e-01,5.200000000000000178e-01,-1.564409999999999967e-01,-1.279271999999999965e+00,8.507400000000000517e-01,-1.182199999999999918e+00,-6.225699999999999568e-01,-2.356509999999999994e-01,8.373099999999999987e-02,-9.471699999999999564e-02,3.045629999999999726e-01,-1.019214000000000064e+00,-2.417189999999999894e-01,7.832019999999999538e-01,2.172509999999999997e-01,7.945299999999999585e-02,-1.647039999999999893e-01
1.822060000000000068e-01,2.261799999999999922e-02,6.998039999999999816e-01,9.578410000000000535e-01,-6.153000000000000136e-02,6.166900000000000159e-02,-2.737729999999999886e-01,2.676009999999999778e-01,-8.616699999999999360e-02,7.460500000000000465e-02,6.363429999999999920e-01,-4.278390000000000248e-01,1.224429999999999963e-01,-7.613199999999999967e-01,2.708010000000000139e-01,-2.560080000000000133e-01,1.035776000000000030e+00,-3.398510000000000142e-01,-2.221839999999999926e-01,-5.222310000000000008e-01,5.200000000000000178e-01,-1.782330000000000025e-01,-1.188120000000000065e+00,9.081529999999999880e-01,-1.126970000000000027e+00,-6.666680000000000383e-01,-2.364749999999999908e-01,8.083700000000000607e-02,-9.011600000000000166e-02,3.035439999999999805e-01,-1.001036000000000037e+00,-2.186950000000000005e-01,8.168940000000000090e-01,2.208070000000000033e-01,8.088900000000000257e-02,-1.652079999999999937e-01
1.952349999999999919e-01,2.178199999999999928e-02,7.118330000000000490e-01,9.587780000000000191e-01,-6.135999999999999788e-02,6.043400000000000161e-02,-2.707890000000000019e-01,2.172479999999999967e-01,-6.672500000000000653e-02,1.055870000000000003e-01,7.347850000000000215e-01,-3.461620000000000252e-01,1.053639999999999993e-01,-7.035059999999999647e-01,2.670420000000000016e-01,-2.382690000000000086e-01,9.764869999999999939e-01,-3.279569999999999985e-01,-2.082499999999999907e-01,-4.910800000000000165e-01,5.200000000000000178e-01,-1.853499999999999870e-01,-1.010890000000000066e+00,8.739980000000000526e-01,-1.058818999999999955e+00,-6.337869999999999893e-01,-2.257129999999999970e-01,8.741500000000000659e-02,-9.303100000000000258e-02,2.643159999999999954e-01,-9.427879999999999594e-01,-1.173209999999999947e-01,8.790099999999999580e-01,2.382430000000000103e-01,7.945900000000000185e-02,-1.721090000000000120e-01
2.057479999999999865e-01,1.875200000000000131e-02,7.199590000000000156e-01,9.599889999999999812e-01,-5.949800000000000227e-02,5.144300000000000261e-02,-2.687649999999999761e-01,1.701320000000000054e-01,-5.025700000000000306e-02,1.382829999999999893e-01,8.664640000000000120e-01,-2.867660000000000209e-01,8.754399999999999682e-02,-6.467370000000000063e-01,2.598840000000000039e-01,-2.228340000000000043e-01,9.473089999999999566e-01,-3.310449999999999782e-01,-2.013129999999999920e-01,-4.547169999999999823e-01,5.064159999999999773e-01,-1.812000000000000000e-01,-8.502889999999999615e-01,8.182359999999999634e-01,-1.001001999999999947e+00,-5.972199999999999731e-01,-2.118009999999999893e-01,8.892899999999999416e-02,-9.293899999999999384e-02,2.331880000000000064e-01,-8.890749999999999487e-01,-3.395700000000000107e-02,9.458100000000000396e-01,2.578799999999999981e-01,8.147400000000000475e-02,-1.755990000000000051e-01
2.148509999999999864e-01,1.559600000000000049e-02,7.268339999999999801e-01,9.615350000000000286e-01,-5.627599999999999963e-02,4.127900000000000319e-02,-2.656689999999999885e-01,1.219230000000000036e-01,-3.381399999999999684e-02,1.688520000000000021e-01,1.003540000000000099e+00,-2.291239999999999943e-01,7.098200000000000343e-02,-5.944629999999999637e-01,2.475799999999999945e-01,-2.099380000000000135e-01,9.270450000000000079e-01,-3.371140000000000247e-01,-1.955270000000000064e-01,-4.243419999999999970e-01,4.850749999999999784e-01,-1.746530000000000027e-01,-6.986459999999999892e-01,7.550339999999999829e-01,-9.544540000000000246e-01,-5.633230000000000182e-01,-1.935699999999999921e-01,8.806100000000000039e-02,-9.736499999999999322e-02,2.038099999999999912e-01,-8.302899999999999725e-01,5.042200000000000154e-02,1.018054000000000014e+00,2.797950000000000159e-01,8.216400000000000092e-02,-1.768849999999999867e-01
2.242319999999999869e-01,1.280300000000000014e-02,7.319579999999999975e-01,9.611990000000000256e-01,-5.592300000000000049e-02,3.200999999999999679e-02,-2.682249999999999912e-01,4.003600000000000214e-02,-2.048900000000000027e-02,1.749060000000000059e-01,1.145872999999999919e+00,-2.327420000000000044e-01,6.083199999999999719e-02,-5.446130000000000138e-01,2.454540000000000055e-01,-1.967510000000000092e-01,9.062120000000000175e-01,-3.431210000000000093e-01,-1.915560000000000040e-01,-3.734839999999999827e-01,4.625889999999999724e-01,-1.606249999999999900e-01,-5.442310000000000203e-01,6.961180000000000145e-01,-8.625810000000000421e-01,-4.904290000000000038e-01,-1.720430000000000015e-01,8.828400000000000136e-02,-9.289799999999999447e-02,1.504850000000000076e-01,-7.684659999999999824e-01,1.220350000000000046e-01,1.093752000000000058e+00,3.237099999999999977e-01,7.738799999999999846e-02,-1.803889999999999938e-01
2.328770000000000007e-01,1.053199999999999970e-02,7.364739999999999620e-01,9.607719999999999594e-01,-5.595399999999999680e-02,2.421399999999999941e-02,-2.705560000000000187e-01,-4.577099999999999919e-02,-4.721000000000000370e-03,1.808049999999999935e-01,1.291474999999999929e+00,-2.382090000000000041e-01,5.116500000000000214e-02,-5.004359999999999919e-01,2.429790000000000005e-01,-1.861589999999999911e-01,8.863529999999999465e-01,-3.476949999999999763e-01,-1.884689999999999976e-01,-3.247909999999999964e-01,4.434109999999999996e-01,-1.447039999999999993e-01,-4.005219999999999891e-01,6.242940000000000156e-01,-7.762670000000000403e-01,-4.247079999999999744e-01,-1.475730000000000097e-01,8.523699999999999333e-02,-8.945300000000000473e-02,1.004049999999999943e-01,-7.040640000000000231e-01,1.897389999999999910e-01,1.172082000000000068e+00,3.689029999999999809e-01,7.317999999999999505e-02,-1.805009999999999948e-01
2.406270000000000076e-01,8.524000000000000327e-03,7.405779999999999585e-01,9.603310000000000457e-01,-5.594199999999999867e-02,1.732799999999999965e-02,-2.726419999999999955e-01,-1.334170000000000078e-01,1.234599999999999934e-02,1.864580000000000126e-01,1.437805000000000000e+00,-2.442670000000000119e-01,4.201400000000000273e-02,-4.609619999999999829e-01,2.397199999999999886e-01,-1.774169999999999914e-01,8.684370000000000145e-01,-3.516190000000000149e-01,-1.857989999999999919e-01,-2.769260000000000055e-01,4.247830000000000217e-01,-1.280739999999999934e-01,-2.687220000000000164e-01,5.410869999999999846e-01,-6.975489999999999746e-01,-3.695820000000000216e-01,-1.201239999999999947e-01,8.043699999999999461e-02,-8.622299999999999409e-02,5.562899999999999789e-02,-6.364180000000000392e-01,2.522610000000000130e-01,1.251934000000000102e+00,4.145710000000000228e-01,6.994100000000000317e-02,-1.770879999999999954e-01
2.432640000000000080e-01,4.869000000000000064e-03,7.431569999999999565e-01,9.594240000000000546e-01,-5.317100000000000298e-02,1.153999999999999991e-02,-2.766680000000000250e-01,-2.322390000000000010e-01,3.294899999999999912e-02,1.814810000000000034e-01,1.543473000000000095e+00,-2.624440000000000106e-01,4.306600000000000011e-02,-4.355140000000000122e-01,2.387330000000000008e-01,-1.672980000000000023e-01,8.560929999999999929e-01,-3.508000000000000007e-01,-1.853799999999999892e-01,-2.315450000000000008e-01,3.868500000000000272e-01,-1.124099999999999960e-01,-1.996549999999999991e-01,4.615560000000000218e-01,-6.193490000000000384e-01,-2.382980000000000098e-01,-8.102600000000000080e-02,7.739999999999999658e-02,-7.526399999999999757e-02,-4.139999999999999583e-03,-5.805409999999999737e-01,3.566179999999999906e-01,1.278078000000000047e+00,3.951819999999999777e-01,7.722299999999999998e-02,-1.501379999999999937e-01
2.450930000000000053e-01,1.428000000000000016e-03,7.454150000000000498e-01,9.586759999999999726e-01,-4.930299999999999960e-02,5.686000000000000082e-03,-2.801370000000000249e-01,-3.319849999999999746e-01,5.174200000000000327e-02,1.757380000000000053e-01,1.648640000000000105e+00,-2.795079999999999787e-01,4.533600000000000130e-02,-4.131190000000000140e-01,2.343790000000000040e-01,-1.582830000000000070e-01,8.470579999999999776e-01,-3.509720000000000062e-01,-1.863170000000000104e-01,-1.860060000000000047e-01,3.454749999999999766e-01,-9.526300000000000046e-02,-1.456109999999999904e-01,3.758560000000000234e-01,-5.429690000000000349e-01,-1.123210000000000042e-01,-3.941100000000000159e-02,6.654500000000000692e-02,-6.186699999999999838e-02,-5.923199999999999993e-02,-5.183550000000000102e-01,4.541789999999999994e-01,1.302715999999999985e+00,3.731369999999999965e-01,8.668499999999999817e-02,-1.230500000000000066e-01
2.463480000000000114e-01,-2.220000000000000185e-03,7.475479999999999903e-01,9.580370000000000275e-01,-4.448599999999999777e-02,-5.000000000000000409e-06,-2.831730000000000080e-01,-4.322730000000000183e-01,6.900100000000000677e-02,1.692089999999999983e-01,1.752550000000000052e+00,-2.955420000000000269e-01,4.818900000000000267e-02,-3.935549999999999882e-01,2.278489999999999960e-01,-1.499449999999999950e-01,8.408889999999999976e-01,-3.520769999999999733e-01,-1.876960000000000017e-01,-1.390299999999999869e-01,3.013719999999999732e-01,-7.841599999999999959e-02,-1.023759999999999948e-01,2.872700000000000253e-01,-4.700280000000000014e-01,1.649999999999999991e-04,3.393999999999999882e-03,5.408899999999999819e-02,-4.446200000000000152e-02,-1.076420000000000016e-01,-4.517019999999999924e-01,5.453200000000000269e-01,1.325793999999999917e+00,3.502629999999999910e-01,9.666299999999999892e-02,-9.578699999999999715e-02
2.487699999999999911e-01,-8.630000000000000518e-03,7.490590000000000304e-01,9.579339999999999522e-01,-4.021299999999999875e-02,-6.671999999999999979e-03,-2.840799999999999992e-01,-5.150040000000000173e-01,8.558999999999999941e-02,1.528859999999999941e-01,1.808105000000000073e+00,-3.065120000000000067e-01,4.489200000000000135e-02,-3.724469999999999725e-01,2.237850000000000117e-01,-1.426499999999999990e-01,8.440069999999999517e-01,-3.607009999999999939e-01,-1.923809999999999965e-01,-9.003800000000000692e-02,2.605720000000000258e-01,-6.118900000000000033e-02,-8.273500000000000298e-02,2.284619999999999984e-01,-4.036319999999999908e-01,4.892999999999999780e-03,1.331099999999999992e-02,4.520699999999999719e-02,-2.978400000000000145e-02,-1.620189999999999964e-01,-4.322570000000000023e-01,6.060069999999999624e-01,1.295922999999999936e+00,3.033150000000000013e-01,9.769100000000000006e-02,-7.722500000000000198e-02
2.501160000000000050e-01,-1.214999999999999934e-02,7.508639999999999759e-01,9.575820000000000443e-01,-3.578800000000000037e-02,-1.250399999999999949e-02,-2.856569999999999943e-01,-6.040640000000000454e-01,1.053990000000000066e-01,1.425069999999999948e-01,1.860946999999999907e+00,-3.096470000000000056e-01,4.919199999999999962e-02,-3.549809999999999910e-01,2.178200000000000136e-01,-1.326450000000000129e-01,8.418999999999999817e-01,-3.611679999999999890e-01,-1.936980000000000091e-01,-4.506099999999999689e-02,2.156440000000000023e-01,-4.490100000000000341e-02,-6.761100000000000443e-02,1.677319999999999922e-01,-3.364329999999999821e-01,1.082100000000000076e-02,2.663099999999999842e-02,3.268700000000000078e-02,-1.114099999999999986e-02,-2.170430000000000137e-01,-3.994119999999999893e-01,6.720420000000000282e-01,1.267206000000000055e+00,2.521889999999999965e-01,1.008959999999999996e-01,-6.352700000000000014e-02
2.513020000000000254e-01,-1.580300000000000107e-02,7.527230000000000310e-01,9.572819999999999663e-01,-3.044300000000000131e-02,-1.817300000000000165e-02,-2.869760000000000089e-01,-6.937480000000000313e-01,1.233319999999999972e-01,1.315639999999999865e-01,1.911548999999999943e+00,-3.108699999999999797e-01,5.387499999999999928e-02,-3.387260000000000271e-01,2.100009999999999932e-01,-1.225149999999999989e-01,8.405569999999999986e-01,-3.619820000000000260e-01,-1.950399999999999912e-01,-2.380000000000000117e-04,1.685939999999999939e-01,-2.948599999999999832e-02,-5.656100000000000017e-02,1.087029999999999941e-01,-2.715279999999999916e-01,1.304300000000000077e-02,4.029900000000000149e-02,1.832599999999999854e-02,6.027000000000000239e-03,-2.713099999999999956e-01,-3.652779999999999916e-01,7.376909999999999856e-01,1.239376999999999951e+00,2.015039999999999887e-01,1.031679999999999958e-01,-4.906100000000000044e-02
2.532280000000000086e-01,-1.799600000000000158e-02,7.549329999999999652e-01,9.572699999999999543e-01,-2.538999999999999937e-02,-1.965099999999999833e-02,-2.874090000000000256e-01,-7.598040000000000349e-01,1.277800000000000047e-01,1.145059999999999967e-01,1.917257999999999907e+00,-3.187220000000000053e-01,5.352799999999999919e-02,-3.285469999999999779e-01,2.018969999999999931e-01,-1.133050000000000029e-01,8.322760000000000158e-01,-3.637900000000000023e-01,-1.947500000000000064e-01,3.382399999999999990e-02,1.328060000000000074e-01,-1.191200000000000071e-02,-5.034399999999999986e-02,5.933700000000000085e-02,-2.130740000000000134e-01,3.758000000000000056e-03,3.948700000000000127e-02,9.712000000000000147e-03,9.063999999999999141e-03,-3.278519999999999768e-01,-3.638810000000000100e-01,7.566230000000000455e-01,1.190423999999999927e+00,1.697359999999999980e-01,9.993499999999999606e-02,-4.003400000000000014e-02
2.553190000000000182e-01,-2.021600000000000133e-02,7.574199999999999822e-01,9.573610000000000175e-01,-2.007400000000000156e-02,-2.229400000000000132e-02,-2.873339999999999783e-01,-8.225160000000000249e-01,1.301309999999999967e-01,9.790600000000000691e-02,1.921262000000000025e+00,-3.260049999999999892e-01,5.346299999999999664e-02,-3.150729999999999920e-01,1.917750000000000010e-01,-1.043639999999999984e-01,8.230290000000000106e-01,-3.654109999999999858e-01,-1.932719999999999994e-01,7.065399999999999459e-02,9.721200000000000674e-02,7.672000000000000000e-03,-4.623000000000000026e-02,1.586100000000000010e-02,-1.640880000000000116e-01,-9.820000000000000170e-04,3.532300000000000023e-02,3.841999999999999929e-03,1.065200000000000001e-02,-3.825910000000000144e-01,-3.672500000000000209e-01,7.731120000000000214e-01,1.138185000000000002e+00,1.387490000000000112e-01,9.739899999999999947e-02,-3.001500000000000001e-02
2.572820000000000107e-01,-2.243799999999999961e-02,7.599519999999999609e-01,9.575099999999999723e-01,-1.446599999999999969e-02,-2.545100000000000140e-02,-2.869090000000000251e-01,-8.840050000000000407e-01,1.310199999999999976e-01,8.152099999999999624e-02,1.924719999999999986e+00,-3.330219999999999847e-01,5.338799999999999796e-02,-3.006099999999999883e-01,1.804060000000000108e-01,-9.571799999999999753e-02,8.139809999999999546e-01,-3.674939999999999873e-01,-1.917699999999999960e-01,1.084839999999999971e-01,6.169000000000000178e-02,2.805900000000000061e-02,-4.092799999999999910e-02,-1.960299999999999890e-02,-1.238199999999999995e-01,6.719000000000000146e-03,2.732000000000000053e-02,-3.820000000000000153e-04,1.230299999999999970e-02,-4.374700000000000255e-01,-3.727590000000000070e-01,7.896919999999999495e-01,1.085579999999999989e+00,1.084529999999999939e-01,9.470699999999999952e-02,-1.869799999999999934e-02
2.617689999999999739e-01,-2.605499999999999830e-02,7.628030000000000088e-01,9.582540000000000502e-01,-1.042799999999999977e-02,-2.772099999999999911e-02,-2.843800000000000217e-01,-9.083649999999999780e-01,1.190800000000000053e-01,6.410399999999999432e-02,1.871971999999999969e+00,-3.287379999999999747e-01,5.166300000000000059e-02,-2.782769999999999966e-01,1.707780000000000131e-01,-9.175700000000000522e-02,7.959100000000000064e-01,-3.709009999999999807e-01,-1.903430000000000122e-01,1.469699999999999895e-01,3.851700000000000262e-02,3.641899999999999998e-02,-3.965199999999999975e-02,-2.650100000000000025e-02,-8.566899999999999515e-02,-8.949000000000000357e-03,2.295000000000000165e-02,-4.301000000000000136e-03,8.606000000000000802e-03,-4.841820000000000013e-01,-4.050380000000000091e-01,7.821939999999999449e-01,1.076802000000000037e+00,8.555200000000000304e-02,1.001260000000000067e-01,-2.221300000000000011e-02
2.662519999999999887e-01,-2.975500000000000020e-02,7.662090000000000289e-01,9.590340000000000531e-01,-6.112000000000000245e-03,-3.104000000000000162e-02,-2.815199999999999925e-01,-9.289730000000000487e-01,1.062189999999999940e-01,4.889799999999999702e-02,1.817285999999999957e+00,-3.241410000000000124e-01,5.041400000000000048e-02,-2.520959999999999868e-01,1.596559999999999924e-01,-8.762499999999999456e-02,7.747319999999999762e-01,-3.731470000000000065e-01,-1.885940000000000116e-01,1.867379999999999873e-01,1.480199999999999919e-02,4.692400000000000043e-02,-3.182900000000000312e-02,-2.333199999999999857e-02,-5.693600000000000050e-02,-4.612999999999999913e-03,1.283800000000000045e-02,-3.782999999999999904e-03,7.701999999999999645e-03,-5.301519999999999566e-01,-4.378009999999999957e-01,7.740310000000000246e-01,1.070267000000000079e+00,6.251400000000000012e-02,1.035149999999999959e-01,-2.583600000000000133e-02
2.706189999999999984e-01,-3.345900000000000263e-02,7.696380000000000443e-01,9.598280000000000145e-01,-1.588999999999999918e-03,-3.455300000000000038e-02,-2.784479999999999733e-01,-9.487919999999999687e-01,9.292499999999999372e-02,3.502700000000000258e-02,1.762358000000000091e+00,-3.196519999999999917e-01,4.937400000000000122e-02,-2.251839999999999953e-01,1.477719999999999867e-01,-8.387400000000000411e-02,7.527770000000000294e-01,-3.751430000000000042e-01,-1.867860000000000076e-01,2.269009999999999916e-01,-8.888999999999999332e-03,5.821300000000000086e-02,-1.670200000000000157e-02,-9.773999999999999702e-03,-3.541899999999999910e-02,2.562100000000000141e-02,-4.321000000000000188e-03,-4.699999999999999859e-04,9.926000000000000795e-03,-5.757839999999999625e-01,-4.711859999999999937e-01,7.664900000000000047e-01,1.064149000000000012e+00,3.946100000000000302e-02,1.064240000000000047e-01,-2.935300000000000062e-02
2.777109999999999856e-01,-3.407799999999999718e-02,7.758199999999999541e-01,9.602760000000000185e-01,3.069999999999999812e-03,-3.510800000000000032e-02,-2.768169999999999797e-01,-9.281660000000000466e-01,8.331800000000000317e-02,4.325500000000000178e-02,1.639737000000000000e+00,-2.954669999999999797e-01,5.148099999999999898e-02,-1.882270000000000054e-01,1.322619999999999907e-01,-7.680299999999999627e-02,6.962589999999999613e-01,-3.601219999999999977e-01,-1.777779999999999916e-01,2.530029999999999779e-01,-2.972699999999999995e-02,6.119200000000000333e-02,3.351999999999999945e-03,8.493999999999999814e-03,-2.612000000000000086e-02,6.522600000000000620e-02,-1.558099999999999936e-02,3.190000000000000127e-03,1.370900000000000070e-02,-6.022300000000000431e-01,-4.937880000000000047e-01,7.503049999999999997e-01,1.040000999999999953e+00,3.517800000000000094e-02,1.067199999999999954e-01,-3.792399999999999938e-02
2.855159999999999920e-01,-3.790700000000000319e-02,7.802409999999999624e-01,9.607890000000000041e-01,5.741999999999999708e-03,-3.670400000000000051e-02,-2.747800000000000242e-01,-9.058060000000000000e-01,7.284999999999999809e-02,4.033899999999999986e-02,1.531106000000000078e+00,-2.846719999999999806e-01,4.475900000000000017e-02,-1.494429999999999925e-01,1.228579999999999950e-01,-7.541799999999999893e-02,6.516520000000000090e-01,-3.566529999999999978e-01,-1.737279999999999935e-01,2.826710000000000056e-01,-4.569000000000000145e-02,6.625100000000000433e-02,3.397599999999999926e-02,3.998999999999999777e-02,-2.423399999999999860e-02,1.265290000000000026e-01,-3.444799999999999945e-02,1.110599999999999955e-02,1.819700000000000137e-02,-6.266979999999999773e-01,-5.287509999999999710e-01,7.320849999999999858e-01,1.009309000000000012e+00,3.455099999999999838e-02,1.065490000000000048e-01,-3.961599999999999844e-02
2.931489999999999929e-01,-4.176200000000000051e-02,7.844419999999999726e-01,9.612760000000000193e-01,8.120000000000000481e-03,-3.818799999999999972e-02,-2.728079999999999949e-01,-8.835809999999999498e-01,6.293700000000000683e-02,3.752699999999999786e-02,1.423634000000000066e+00,-2.749829999999999774e-01,3.787200000000000288e-02,-1.113439999999999985e-01,1.141439999999999955e-01,-7.461199999999999777e-02,6.079919999999999769e-01,-3.535650000000000182e-01,-1.698399999999999910e-01,3.133949999999999791e-01,-6.067700000000000177e-02,7.135099999999999776e-02,7.298399999999999332e-02,8.061999999999999722e-02,-2.496100000000000055e-02,2.113279999999999881e-01,-6.054600000000000259e-02,2.154899999999999871e-02,2.546500000000000152e-02,-6.507619999999999516e-01,-5.650500000000000522e-01,7.136869999999999603e-01,9.776550000000000518e-01,3.420000000000000123e-02,1.068820000000000048e-01,-4.075999999999999762e-02
3.026739999999999986e-01,-4.576399999999999912e-02,7.879040000000000488e-01,9.613439999999999763e-01,8.831000000000000308e-03,-3.684899999999999981e-02,-2.727299999999999724e-01,-8.564190000000000413e-01,5.973699999999999843e-02,2.929500000000000159e-02,1.275603999999999960e+00,-2.641240000000000254e-01,2.614999999999999963e-02,-6.736899999999999833e-02,1.114279999999999993e-01,-7.345699999999999452e-02,5.449939999999999785e-01,-3.432999999999999940e-01,-1.659329999999999972e-01,3.353670000000000262e-01,-7.102400000000000380e-02,6.402099999999999458e-02,1.195050000000000001e-01,1.251559999999999895e-01,-2.493700000000000083e-02,3.053710000000000035e-01,-9.094800000000000106e-02,2.988899999999999890e-02,3.906099999999999850e-02,-6.780260000000000176e-01,-6.009910000000000529e-01,7.136869999999999603e-01,9.566069999999999851e-01,2.982999999999999888e-02,1.086980000000000030e-01,-3.806699999999999667e-02
3.121950000000000003e-01,-4.986100000000000254e-02,7.913480000000000514e-01,9.614639999999999853e-01,9.372999999999999388e-03,-3.552700000000000302e-02,-2.724639999999999840e-01,-8.289140000000000397e-01,5.731100000000000083e-02,2.148999999999999869e-02,1.128473000000000059e+00,-2.543500000000000205e-01,1.489500000000000025e-02,-2.243699999999999861e-02,1.090020000000000017e-01,-7.306500000000000494e-02,4.803780000000000272e-01,-3.337789999999999924e-01,-1.621029999999999971e-01,3.558799999999999741e-01,-8.097100000000000131e-02,5.668600000000000028e-02,1.732329999999999981e-01,1.745790000000000119e-01,-2.256500000000000172e-02,4.126960000000000073e-01,-1.259750000000000036e-01,3.965599999999999681e-02,5.429099999999999898e-02,-7.073340000000000183e-01,-6.362419999999999742e-01,7.160269999999999690e-01,9.364449999999999719e-01,2.596499999999999850e-02,1.102629999999999999e-01,-3.488900000000000334e-02
3.216300000000000270e-01,-5.408199999999999813e-02,7.946640000000000370e-01,9.616149999999999975e-01,9.905000000000000610e-03,-3.416000000000000286e-02,-2.720870000000000233e-01,-8.015660000000000007e-01,5.545900000000000135e-02,1.434900000000000064e-02,9.827740000000000364e-01,-2.458889999999999965e-01,4.037999999999999923e-03,2.209699999999999859e-02,1.066119999999999984e-01,-7.301199999999999357e-02,4.166860000000000008e-01,-3.249210000000000154e-01,-1.581780000000000130e-01,3.758839999999999959e-01,-9.116200000000000692e-02,4.929800000000000154e-02,2.315679999999999961e-01,2.273910000000000098e-01,-1.729800000000000088e-02,5.276840000000000419e-01,-1.639410000000000034e-01,5.019400000000000250e-02,6.996399999999999841e-02,-7.378310000000000146e-01,-6.710700000000000554e-01,7.195920000000000094e-01,9.165830000000000366e-01,2.233299999999999869e-02,1.117530000000000051e-01,-3.156599999999999684e-02
3.323729999999999740e-01,-5.764400000000000079e-02,7.956530000000000546e-01,9.616799999999999793e-01,8.592999999999999944e-03,-3.198000000000000148e-02,-2.721669999999999923e-01,-7.524969999999999715e-01,5.184899999999999926e-02,-8.434000000000000524e-03,8.283019999999999827e-01,-2.369140000000000135e-01,6.160000000000000111e-04,7.120500000000000440e-02,1.090040000000000037e-01,-6.963999999999999357e-02,3.437399999999999900e-01,-3.075439999999999841e-01,-1.530519999999999936e-01,3.985090000000000021e-01,-9.517100000000000559e-02,3.583999999999999686e-02,2.858220000000000205e-01,3.125979999999999870e-01,3.370200000000000279e-02,6.319609999999999950e-01,-2.129520000000000024e-01,5.460399999999999976e-02,9.673199999999999854e-02,-7.670770000000000088e-01,-7.236879999999999979e-01,7.551250000000000462e-01,8.768569999999999975e-01,7.867000000000000728e-03,1.110010000000000024e-01,-8.123999999999999277e-03
3.430659999999999821e-01,-6.149600000000000205e-02,7.965579999999999883e-01,9.617449999999999610e-01,6.968000000000000235e-03,-3.028000000000000136e-02,-2.721790000000000043e-01,-7.032169999999999810e-01,4.985200000000000048e-02,-2.990900000000000156e-02,6.773209999999999509e-01,-2.306799999999999962e-01,-1.688999999999999963e-03,1.220939999999999942e-01,1.117849999999999955e-01,-6.690799999999999526e-02,2.704710000000000170e-01,-2.914240000000000164e-01,-1.488480000000000081e-01,4.201300000000000034e-01,-9.898700000000000554e-02,2.340400000000000119e-02,3.431589999999999918e-01,3.962849999999999984e-01,9.081599999999999395e-02,7.325720000000000010e-01,-2.611769999999999925e-01,5.854199999999999682e-02,1.220149999999999985e-01,-7.993219999999999770e-01,-7.763130000000000308e-01,7.933930000000000149e-01,8.352739999999999609e-01,-5.930000000000000375e-03,1.110529999999999989e-01,1.641700000000000104e-02
3.538780000000000259e-01,-6.547799999999999454e-02,7.974759999999999627e-01,9.618170000000000330e-01,5.269000000000000246e-03,-2.874799999999999925e-02,-2.721279999999999810e-01,-6.554729999999999723e-01,4.888699999999999990e-02,-5.012500000000000289e-02,5.314750000000000307e-01,-2.278169999999999917e-01,-3.034999999999999937e-03,1.731540000000000024e-01,1.147370000000000057e-01,-6.404100000000000070e-02,1.983840000000000048e-01,-2.762820000000000276e-01,-1.447009999999999963e-01,4.417130000000000223e-01,-1.030569999999999958e-01,1.138100000000000049e-02,4.010859999999999981e-01,4.769329999999999958e-01,1.530680000000000096e-01,8.255329999999999613e-01,-3.074620000000000131e-01,6.176500000000000046e-02,1.455049999999999955e-01,-8.344909999999999828e-01,-8.288670000000000204e-01,8.341749999999999998e-01,7.932000000000000162e-01,-1.908800000000000080e-02,1.108999999999999986e-01,4.118900000000000339e-02
3.667159999999999864e-01,-7.060500000000000109e-02,7.967720000000000358e-01,9.619879999999999542e-01,1.946000000000000030e-03,-2.630899999999999905e-02,-2.718130000000000268e-01,-5.990579999999999794e-01,5.522500000000000325e-02,-6.523099999999999732e-02,4.019249999999999767e-01,-2.201089999999999991e-01,-1.093200000000000074e-02,2.021449999999999914e-01,1.217109999999999997e-01,-5.847499999999999920e-02,1.758639999999999926e-01,-2.606310000000000016e-01,-1.441659999999999886e-01,4.562669999999999781e-01,-1.050679999999999947e-01,-2.200999999999999832e-03,4.512229999999999852e-01,5.480749999999999789e-01,2.048270000000000091e-01,8.979549999999999477e-01,-3.390830000000000233e-01,6.456399999999999639e-02,1.629780000000000117e-01,-8.688879999999999937e-01,-8.836220000000000185e-01,8.517829999999999568e-01,7.514939999999999953e-01,-1.448799999999999914e-02,1.100300000000000028e-01,5.412100000000000244e-02
3.794409999999999727e-01,-7.582400000000000251e-02,7.958460000000000534e-01,9.620830000000000215e-01,-1.126000000000000048e-03,-2.313899999999999985e-02,-2.717729999999999868e-01,-5.478720000000000256e-01,6.109599999999999753e-02,-7.831000000000000461e-02,2.795590000000000019e-01,-2.157949999999999868e-01,-1.937499999999999986e-02,2.267190000000000039e-01,1.284019999999999884e-01,-5.245199999999999863e-02,1.586269999999999902e-01,-2.472689999999999888e-01,-1.447610000000000008e-01,4.734559999999999880e-01,-1.081150000000000028e-01,-1.677299999999999972e-02,4.978940000000000032e-01,6.150369999999999449e-01,2.590509999999999757e-01,9.571929999999999605e-01,-3.668939999999999979e-01,6.701799999999999424e-02,1.789580000000000060e-01,-9.039080000000000448e-01,-9.398640000000000327e-01,8.700309999999999988e-01,7.091250000000000053e-01,-9.173000000000000598e-03,1.088210000000000011e-01,6.579999999999999738e-02
3.916709999999999914e-01,-8.100499999999999368e-02,7.951559999999999739e-01,9.621769999999999490e-01,-3.615999999999999857e-03,-1.973300000000000054e-02,-2.716850000000000098e-01,-5.009240000000000359e-01,6.493300000000000460e-02,-8.953700000000000547e-02,1.640719999999999956e-01,-2.147310000000000052e-01,-2.838200000000000098e-02,2.497230000000000005e-01,1.340079999999999882e-01,-4.641800000000000093e-02,1.419340000000000046e-01,-2.336419999999999886e-01,-1.455660000000000009e-01,4.913529999999999842e-01,-1.129119999999999985e-01,-3.093399999999999969e-02,5.410760000000000014e-01,6.770150000000000334e-01,3.167570000000000108e-01,1.003751000000000060e+00,-3.911359999999999837e-01,6.852400000000000158e-02,1.931410000000000071e-01,-9.414829999999999588e-01,-9.961219999999999519e-01,8.902280000000000193e-01,6.664449999999999541e-01,-3.595999999999999804e-03,1.076389999999999986e-01,7.700700000000000600e-02
4.042009999999999770e-01,-8.473600000000000576e-02,7.933540000000000036e-01,9.617160000000000153e-01,-6.157000000000000146e-03,-1.835200000000000026e-02,-2.733630000000000226e-01,-4.707759999999999723e-01,7.108899999999999941e-02,-6.205000000000000099e-02,1.443939999999999946e-01,-1.932580000000000131e-01,-3.532400000000000123e-02,2.701709999999999945e-01,1.348350000000000104e-01,-4.435399999999999759e-02,1.370770000000000044e-01,-2.294249999999999901e-01,-1.409539999999999960e-01,5.033159999999999856e-01,-1.152999999999999997e-01,-4.559699999999999864e-02,5.771730000000000471e-01,7.242469999999999741e-01,3.716729999999999756e-01,1.047387000000000068e+00,-4.136650000000000049e-01,7.080400000000000582e-02,2.050200000000000078e-01,-9.820050000000000168e-01,-1.046054000000000039e+00,9.117039999999999589e-01,6.278000000000000247e-01,1.126999999999999964e-03,1.067680000000000018e-01,9.027300000000000602e-02
4.166239999999999943e-01,-8.848300000000000609e-02,7.914149999999999796e-01,9.612330000000000041e-01,-8.939000000000000765e-03,-1.624300000000000049e-02,-2.751129999999999964e-01,-4.459859999999999935e-01,7.755700000000000094e-02,-3.535200000000000148e-02,1.331120000000000081e-01,-1.757060000000000011e-01,-4.242699999999999944e-02,2.883060000000000067e-01,1.366640000000000077e-01,-4.191500000000000087e-02,1.341009999999999980e-01,-2.259059999999999957e-01,-1.378800000000000026e-01,5.152820000000000178e-01,-1.174420000000000047e-01,-6.194000000000000200e-02,6.106470000000000509e-01,7.665349999999999664e-01,4.288179999999999770e-01,1.081212999999999980e+00,-4.333239999999999870e-01,7.166599999999999360e-02,2.152729999999999921e-01,-1.026758999999999977e+00,-1.094858000000000109e+00,9.376820000000000155e-01,5.901239999999999819e-01,5.749999999999999903e-03,1.054029999999999967e-01,1.032689999999999997e-01
4.289740000000000220e-01,-9.217300000000000493e-02,7.895259999999999501e-01,9.607580000000000009e-01,-1.176600000000000042e-02,-1.372800000000000062e-02,-2.767990000000000173e-01,-4.228589999999999849e-01,8.403800000000000159e-02,-9.051000000000000018e-03,1.236010000000000025e-01,-1.586269999999999902e-01,-4.965599999999999875e-02,3.053750000000000075e-01,1.388639999999999874e-01,-3.958099999999999813e-02,1.314539999999999875e-01,-2.224339999999999928e-01,-1.349579999999999946e-01,5.270150000000000112e-01,-1.200849999999999973e-01,-7.906399999999999539e-02,6.424440000000000150e-01,8.047229999999999661e-01,4.885030000000000205e-01,1.106538999999999939e+00,-4.504270000000000218e-01,7.162200000000000510e-02,2.242419999999999969e-01,-1.075620000000000021e+00,-1.142468999999999957e+00,9.678870000000000529e-01,5.526419999999999666e-01,1.045300000000000049e-02,1.038670000000000010e-01,1.158779999999999949e-01
4.421479999999999855e-01,-9.539999999999999869e-02,7.867429999999999701e-01,9.620710000000000095e-01,-1.302599999999999938e-02,-1.047599999999999920e-02,-2.722870000000000013e-01,-4.196340000000000070e-01,8.343100000000000516e-02,-3.461000000000000101e-03,1.230450000000000016e-01,-1.312659999999999938e-01,-4.676700000000000301e-02,3.217929999999999957e-01,1.384400000000000075e-01,-4.651899999999999785e-02,1.274069999999999925e-01,-2.207389999999999908e-01,-1.288040000000000018e-01,5.310930000000000373e-01,-1.303370000000000084e-01,-9.009599999999999553e-02,6.584259999999999557e-01,8.423209999999999864e-01,5.424889999999999990e-01,1.120424000000000087e+00,-4.619309999999999805e-01,7.037899999999999712e-02,2.356459999999999944e-01,-1.118840000000000057e+00,-1.193333999999999895e+00,1.006539000000000073e+00,5.294079999999999897e-01,1.019699999999999947e-02,1.020299999999999957e-01,1.293439999999999868e-01
4.552829999999999933e-01,-9.858000000000000096e-02,7.839040000000000452e-01,9.634740000000000526e-01,-1.411899999999999961e-02,-6.618999999999999884e-03,-2.673470000000000013e-01,-4.186449999999999894e-01,8.231099999999999528e-02,1.296999999999999976e-03,1.237079999999999985e-01,-1.042639999999999956e-01,-4.383800000000000197e-02,3.366959999999999953e-01,1.381580000000000030e-01,-5.487299999999999817e-02,1.236980000000000024e-01,-2.196299999999999919e-01,-1.234190000000000009e-01,5.353639999999999510e-01,-1.419340000000000046e-01,-1.020820000000000061e-01,6.722780000000000422e-01,8.788390000000000368e-01,5.964019999999999877e-01,1.129401000000000099e+00,-4.719670000000000254e-01,6.942600000000000160e-02,2.479059999999999875e-01,-1.165383000000000058e+00,-1.243697000000000052e+00,1.048480000000000079e+00,5.068279999999999452e-01,9.050000000000000752e-03,9.913099999999999690e-02,1.424549999999999983e-01
4.682839999999999780e-01,-1.019120000000000026e-01,7.811559999999999615e-01,9.648459999999999814e-01,-1.512699999999999982e-02,-2.546999999999999785e-03,-2.623659999999999881e-01,-4.182980000000000032e-01,8.113700000000000079e-02,5.987000000000000134e-03,1.246369999999999978e-01,-7.740299999999999958e-02,-4.094699999999999729e-02,3.509979999999999767e-01,1.379549999999999943e-01,-6.327800000000000091e-02,1.201649999999999940e-01,-2.185819999999999985e-01,-1.181109999999999938e-01,5.398519999999999985e-01,-1.547000000000000042e-01,-1.143350000000000061e-01,6.864900000000000446e-01,9.147149999999999448e-01,6.520420000000000105e-01,1.135520000000000085e+00,-4.809399999999999786e-01,6.785700000000000065e-02,2.594670000000000032e-01,-1.216218000000000021e+00,-1.292933000000000110e+00,1.094661000000000106e+00,4.845180000000000042e-01,7.310999999999999791e-03,9.553100000000000480e-02,1.552489999999999981e-01
4.792980000000000018e-01,-1.048300000000000065e-01,7.784849999999999826e-01,9.664110000000000200e-01,-1.482100000000000084e-02,1.463000000000000108e-03,-2.565709999999999935e-01,-4.171739999999999893e-01,7.160800000000000498e-02,4.486000000000000404e-03,1.269869999999999888e-01,-5.479500000000000343e-02,-3.390499999999999764e-02,3.608310000000000128e-01,1.366700000000000137e-01,-7.660300000000000442e-02,1.187789999999999957e-01,-2.159490000000000021e-01,-1.131130000000000052e-01,5.292350000000000110e-01,-1.631140000000000090e-01,-1.207400000000000001e-01,6.849110000000000475e-01,9.365489999999999648e-01,6.853249999999999620e-01,1.138349000000000055e+00,-4.837369999999999726e-01,6.677500000000000102e-02,2.652689999999999770e-01,-1.250138999999999889e+00,-1.329698000000000047e+00,1.120716000000000045e+00,4.624590000000000090e-01,1.455900000000000076e-02,9.316099999999999381e-02,1.601960000000000051e-01
4.903730000000000033e-01,-1.078230000000000022e-01,7.758399999999999741e-01,9.679860000000000131e-01,-1.438200000000000069e-02,5.432000000000000196e-03,-2.505319999999999769e-01,-4.161799999999999944e-01,6.160700000000000204e-02,2.958999999999999825e-03,1.293340000000000045e-01,-3.217300000000000021e-02,-2.699599999999999916e-02,3.706479999999999775e-01,1.353370000000000128e-01,-9.023399999999999477e-02,1.176399999999999946e-01,-2.136679999999999968e-01,-1.082990000000000064e-01,5.203590000000000160e-01,-1.733139999999999958e-01,-1.267830000000000068e-01,6.811479999999999757e-01,9.605160000000000364e-01,7.171130000000000004e-01,1.140036000000000049e+00,-4.860030000000000183e-01,6.563599999999999990e-02,2.720739999999999825e-01,-1.279844999999999899e+00,-1.368227000000000082e+00,1.142903999999999920e+00,4.395499999999999963e-01,2.014200000000000018e-02,9.023000000000000465e-02,1.638600000000000056e-01
5.013349999999999751e-01,-1.108920000000000045e-01,7.733259999999999579e-01,9.695080000000000364e-01,-1.382099999999999995e-02,9.424000000000000085e-03,-2.444900000000000129e-01,-4.152520000000000100e-01,5.145999999999999880e-02,1.755999999999999965e-03,1.315689999999999915e-01,-9.516999999999999418e-03,-2.026999999999999982e-02,3.804259999999999864e-01,1.339249999999999885e-01,-1.038150000000000045e-01,1.164879999999999943e-01,-2.114340000000000108e-01,-1.035500000000000032e-01,5.125640000000000196e-01,-1.848899999999999988e-01,-1.326450000000000129e-01,6.769370000000000109e-01,9.860219999999999541e-01,7.488070000000000004e-01,1.141150000000000109e+00,-4.880430000000000046e-01,6.447400000000000353e-02,2.789900000000000158e-01,-1.308338999999999919e+00,-1.407588000000000061e+00,1.163904999999999967e+00,4.159370000000000012e-01,2.478400000000000047e-02,8.713500000000000412e-02,1.671050000000000035e-01
5.107990000000000030e-01,-1.129109999999999975e-01,7.714450000000000474e-01,9.706850000000000200e-01,-9.459999999999999659e-03,1.097200000000000085e-02,-2.399199999999999944e-01,-4.270289999999999919e-01,4.007899999999999657e-02,1.292300000000000046e-02,1.498049999999999937e-01,1.948999999999999995e-03,-1.358900000000000038e-02,3.902530000000000165e-01,1.224009999999999959e-01,-1.155150000000000066e-01,1.165889999999999982e-01,-2.149189999999999989e-01,-9.465099999999999902e-02,5.043579999999999730e-01,-1.975919999999999899e-01,-1.295199999999999962e-01,6.642299999999999871e-01,9.940660000000000052e-01,7.576209999999999889e-01,1.142552000000000012e+00,-4.871570000000000067e-01,6.350999999999999701e-02,2.797799999999999732e-01,-1.322937999999999947e+00,-1.435310000000000086e+00,1.187059000000000086e+00,3.846930000000000072e-01,2.850899999999999962e-02,8.440599999999999492e-02,1.752070000000000016e-01
5.215600000000000236e-01,-1.171600000000000003e-01,7.691280000000000339e-01,9.725289999999999768e-01,-3.910000000000000172e-04,1.345499999999999995e-02,-2.323939999999999895e-01,-4.468779999999999974e-01,1.815800000000000053e-02,2.431300000000000128e-02,1.805630000000000013e-01,4.775999999999999863e-03,-6.850000000000000186e-03,3.985060000000000269e-01,1.036979999999999985e-01,-1.348920000000000119e-01,1.200500000000000039e-01,-2.251319999999999988e-01,-8.505200000000000260e-02,4.907799999999999940e-01,-2.264100000000000001e-01,-1.200009999999999966e-01,6.362950000000000550e-01,1.004173999999999900e+00,7.630270000000000108e-01,1.145513999999999921e+00,-4.843060000000000143e-01,6.159599999999999798e-02,2.912509999999999821e-01,-1.328128999999999893e+00,-1.457187999999999928e+00,1.194198000000000093e+00,3.601349999999999829e-01,3.074500000000000149e-02,8.302299999999999958e-02,1.790069999999999995e-01
5.297659999999999592e-01,-1.173420000000000019e-01,7.676469999999999683e-01,9.728499999999999925e-01,-5.599999999999999509e-04,1.449199999999999967e-02,-2.309799999999999909e-01,-4.549630000000000063e-01,1.754199999999999857e-02,3.617800000000000182e-02,1.934579999999999911e-01,2.091399999999999856e-02,-4.000000000000000192e-04,4.084220000000000073e-01,9.927999999999999325e-02,-1.395019999999999871e-01,1.195800000000000057e-01,-2.235890000000000100e-01,-7.681100000000000427e-02,4.932969999999999855e-01,-2.262299999999999867e-01,-1.232970000000000038e-01,6.318190000000000195e-01,1.014496000000000064e+00,7.684079999999999799e-01,1.144368999999999970e+00,-4.852920000000000011e-01,6.143099999999999949e-02,2.856069999999999998e-01,-1.341286999999999896e+00,-1.495532000000000084e+00,1.223209999999999908e+00,3.210100000000000176e-01,3.245399999999999674e-02,7.882999999999999730e-02,1.906549999999999911e-01
5.396689999999999543e-01,-1.193219999999999975e-01,7.656309999999999505e-01,9.736519999999999619e-01,8.637999999999999845e-03,1.619999999999999912e-02,-2.273010000000000030e-01,-4.717970000000000219e-01,-7.065000000000000099e-03,4.812400000000000011e-02,2.387120000000000075e-01,1.666000000000000120e-02,1.026000000000000002e-02,4.161929999999999796e-01,7.557700000000000529e-02,-1.573479999999999879e-01,1.223289999999999933e-01,-2.379010000000000014e-01,-6.259599999999999886e-02,4.785050000000000137e-01,-2.355730000000000046e-01,-1.146120000000000055e-01,5.969170000000000309e-01,9.981400000000000272e-01,7.553649999999999531e-01,1.142703999999999942e+00,-4.806449999999999889e-01,5.905900000000000039e-02,2.898830000000000018e-01,-1.324562999999999935e+00,-1.501676000000000011e+00,1.211692999999999909e+00,3.023879999999999901e-01,4.729900000000000077e-02,8.413199999999999845e-02,1.930949999999999889e-01
5.486330000000000373e-01,-1.197479999999999933e-01,7.640639999999999654e-01,9.738059999999999494e-01,1.436600000000000030e-02,1.711100000000000121e-02,-2.262790000000000079e-01,-4.849040000000000017e-01,-2.322199999999999959e-02,6.119000000000000133e-02,2.797680000000000167e-01,1.596099999999999949e-02,2.091399999999999856e-02,4.248199999999999754e-01,5.678199999999999914e-02,-1.694849999999999968e-01,1.247159999999999935e-01,-2.485709999999999864e-01,-4.888200000000000184e-02,4.718539999999999957e-01,-2.355450000000000044e-01,-1.111589999999999939e-01,5.723190000000000222e-01,9.827299999999999924e-01,7.424469999999999681e-01,1.137483000000000022e+00,-4.771509999999999918e-01,5.741500000000000076e-02,2.903669999999999862e-01,-1.295002999999999904e+00,-1.513937000000000088e+00,1.193338999999999928e+00,2.799459999999999726e-01,5.842200000000000171e-02,8.652500000000000469e-02,1.975850000000000106e-01
5.575940000000000341e-01,-1.200930000000000053e-01,7.625750000000000028e-01,9.738029999999999742e-01,1.939199999999999952e-02,1.797699999999999992e-02,-2.258509999999999962e-01,-4.978929999999999745e-01,-3.728000000000000064e-02,7.483499999999999874e-02,3.208119999999999861e-01,1.539599999999999996e-02,3.147099999999999898e-02,4.341149999999999731e-01,3.921999999999999792e-02,-1.808160000000000045e-01,1.262679999999999914e-01,-2.583929999999999838e-01,-3.540999999999999703e-02,4.665259999999999962e-01,-2.345899999999999930e-01,-1.087810000000000027e-01,5.499519999999999964e-01,9.675529999999999964e-01,7.306420000000000137e-01,1.131327999999999889e+00,-4.740639999999999854e-01,5.600499999999999923e-02,2.900980000000000225e-01,-1.257606999999999919e+00,-1.526284999999999892e+00,1.167964000000000002e+00,2.566390000000000060e-01,6.841099999999999959e-02,8.865699999999999970e-02,2.018010000000000081e-01
5.653989999999999849e-01,-1.184459999999999957e-01,7.596549999999999692e-01,9.733739999999999615e-01,2.559600000000000070e-02,1.945200000000000054e-02,-2.269559999999999911e-01,-5.089839999999999920e-01,-5.271399999999999697e-02,9.108099999999999530e-02,3.494619999999999949e-01,1.057699999999999960e-02,4.156200000000000172e-02,4.414930000000000243e-01,1.832100000000000048e-02,-1.793109999999999982e-01,1.232039999999999941e-01,-2.875110000000000166e-01,-2.587199999999999916e-02,4.497320000000000206e-01,-2.294690000000000063e-01,-1.050969999999999960e-01,5.127190000000000358e-01,9.404869999999999619e-01,7.006599999999999495e-01,1.132416000000000089e+00,-4.739169999999999772e-01,5.361500000000000293e-02,2.908819999999999739e-01,-1.214612999999999943e+00,-1.526515000000000066e+00,1.123099999999999987e+00,2.371999999999999942e-01,8.201100000000000056e-02,9.175400000000000222e-02,1.973189999999999944e-01
5.731579999999999453e-01,-1.168629999999999947e-01,7.568589999999999485e-01,9.728900000000000325e-01,3.178000000000000269e-02,2.084700000000000095e-02,-2.281219999999999914e-01,-5.196269999999999500e-01,-6.770900000000000529e-02,1.077069999999999972e-01,3.767940000000000178e-01,6.563000000000000257e-03,5.150899999999999923e-02,4.485609999999999875e-01,-2.706000000000000072e-03,-1.789769999999999972e-01,1.215849999999999986e-01,-3.174620000000000219e-01,-1.611399999999999985e-02,4.343659999999999743e-01,-2.255050000000000110e-01,-1.009059999999999957e-01,4.732299999999999840e-01,9.143850000000000033e-01,6.698150000000000492e-01,1.135185000000000111e+00,-4.743410000000000126e-01,5.031999999999999668e-02,2.938779999999999726e-01,-1.163524999999999920e+00,-1.525071999999999983e+00,1.070157999999999943e+00,2.200880000000000059e-01,9.337499999999999967e-02,9.405600000000000072e-02,1.914949999999999986e-01
5.807799999999999629e-01,-1.153570000000000012e-01,7.540719999999999645e-01,9.723460000000000436e-01,3.781799999999999745e-02,2.223100000000000076e-02,-2.293870000000000076e-01,-5.304839999999999556e-01,-8.190799999999999470e-02,1.245909999999999934e-01,4.042749999999999955e-01,2.469999999999999973e-03,6.129799999999999832e-02,4.557439999999999825e-01,-2.349599999999999952e-02,-1.796500000000000041e-01,1.205029999999999990e-01,-3.478419999999999845e-01,-6.141999999999999890e-03,4.195450000000000013e-01,-2.227419999999999956e-01,-9.687300000000000078e-02,4.343230000000000146e-01,8.892999999999999794e-01,6.406190000000000495e-01,1.138708999999999971e+00,-4.749249999999999861e-01,4.679699999999999832e-02,2.973669999999999924e-01,-1.105753999999999904e+00,-1.521627000000000063e+00,1.010531999999999986e+00,2.041370000000000129e-01,1.031709999999999988e-01,9.572600000000000553e-02,1.852209999999999968e-01
5.926730000000000054e-01,-1.157119999999999954e-01,7.560639999999999583e-01,9.717289999999999539e-01,3.463399999999999812e-02,1.828700000000000117e-02,-2.328290000000000082e-01,-5.171029999999999793e-01,-8.427099999999999869e-02,1.159079999999999971e-01,4.346679999999999988e-01,-1.747200000000000142e-02,6.577500000000000013e-02,4.400999999999999912e-01,-3.511800000000000338e-02,-1.666590000000000016e-01,1.878269999999999940e-01,-3.373499999999999832e-01,-1.076300000000000000e-02,4.034389999999999921e-01,-2.024170000000000136e-01,-9.543400000000000494e-02,3.918610000000000149e-01,8.510809999999999764e-01,5.924369999999999914e-01,1.138978000000000046e+00,-4.771119999999999806e-01,3.975599999999999967e-02,3.051159999999999983e-01,-9.594690000000000163e-01,-1.461651999999999951e+00,8.526620000000000310e-01,2.051139999999999908e-01,1.131270000000000053e-01,1.000390000000000029e-01,1.489370000000000138e-01
6.043880000000000363e-01,-1.175009999999999943e-01,7.585159999999999680e-01,9.707219999999999738e-01,3.221199999999999758e-02,1.538699999999999964e-02,-2.375369999999999981e-01,-4.999370000000000203e-01,-8.464399999999999702e-02,1.082079999999999986e-01,4.541580000000000061e-01,-3.250499999999999917e-02,6.797599999999999476e-02,4.209979999999999833e-01,-4.522700000000000331e-02,-1.523529999999999884e-01,2.559910000000000241e-01,-3.265359999999999929e-01,-1.656900000000000039e-02,3.945259999999999878e-01,-2.026840000000000031e-01,-9.556900000000000117e-02,3.571980000000000155e-01,8.325749999999999540e-01,5.520479999999999832e-01,1.136028999999999956e+00,-4.798140000000000183e-01,3.489400000000000140e-02,3.082199999999999940e-01,-7.710869999999999669e-01,-1.385852000000000084e+00,6.533219999999999583e-01,1.984829999999999928e-01,1.091810000000000003e-01,9.959899999999999309e-02,1.129269999999999996e-01
6.161489999999999467e-01,-1.184230000000000005e-01,7.616270000000000540e-01,9.697109999999999896e-01,2.940600000000000158e-02,1.230299999999999970e-02,-2.421649999999999914e-01,-4.770059999999999856e-01,-8.622900000000000009e-02,1.002799999999999941e-01,4.621750000000000025e-01,-4.129900000000000237e-02,7.146299999999999875e-02,4.031939999999999968e-01,-5.445599999999999746e-02,-1.389269999999999949e-01,3.206789999999999918e-01,-3.125390000000000112e-01,-2.035800000000000110e-02,3.828389999999999849e-01,-1.921730000000000105e-01,-9.658500000000000418e-02,3.266979999999999884e-01,8.030899999999999705e-01,5.135269999999999557e-01,1.135032000000000041e+00,-4.823509999999999742e-01,2.972999999999999948e-02,3.061570000000000125e-01,-6.585879999999999512e-01,-1.310683000000000042e+00,5.317269999999999497e-01,1.916239999999999888e-01,1.138630000000000059e-01,1.004919999999999980e-01,7.988800000000000068e-02
6.311700000000000088e-01,-1.197030000000000038e-01,7.674870000000000303e-01,9.694770000000000332e-01,1.948499999999999885e-02,4.767999999999999669e-03,-2.443599999999999939e-01,-4.277480000000000171e-01,-8.516500000000000459e-02,7.645899999999999919e-02,4.531250000000000000e-01,-4.979800000000000199e-02,7.406699999999999395e-02,3.097520000000000273e-01,-5.432000000000000023e-02,-1.223950000000000038e-01,5.124750000000000139e-01,-2.587459999999999760e-01,-4.511199999999999932e-02,3.737739999999999951e-01,-1.668610000000000093e-01,-8.693700000000000039e-02,2.892790000000000084e-01,7.683039999999999869e-01,4.366410000000000013e-01,1.131256000000000039e+00,-4.866789999999999727e-01,2.248599999999999904e-02,3.043420000000000014e-01,-4.799809999999999910e-01,-1.202210000000000001e+00,3.409550000000000081e-01,1.692369999999999985e-01,1.231420000000000015e-01,9.421499999999999320e-02,2.423799999999999913e-02
6.462320000000000286e-01,-1.213639999999999997e-01,7.714100000000000401e-01,9.697099999999999609e-01,1.104100000000000047e-02,-3.742000000000000100e-03,-2.439810000000000034e-01,-3.886749999999999927e-01,-8.863400000000000445e-02,5.163800000000000334e-02,4.669929999999999914e-01,-6.969200000000000395e-02,7.755599999999999994e-02,2.062730000000000119e-01,-6.032300000000000162e-02,-1.157129999999999964e-01,7.379339999999999788e-01,-2.271990000000000121e-01,-6.937300000000000411e-02,3.584300000000000264e-01,-1.416860000000000064e-01,-7.277400000000000535e-02,2.482310000000000072e-01,7.280410000000000492e-01,3.598529999999999784e-01,1.132781000000000038e+00,-4.906409999999999938e-01,1.590099999999999847e-02,3.061070000000000180e-01,-3.508689999999999864e-01,-1.084632000000000041e+00,2.000010000000000121e-01,1.477020000000000000e-01,1.334210000000000118e-01,8.844799999999999884e-02,-3.280500000000000083e-02
6.594379999999999686e-01,-1.215419999999999973e-01,7.742280000000000273e-01,9.696259999999999879e-01,4.147999999999999778e-03,-1.162000000000000012e-02,-2.442789999999999961e-01,-3.573160000000000225e-01,-9.370199999999999363e-02,3.043999999999999831e-02,4.850789999999999824e-01,-8.806799999999999351e-02,8.220900000000000429e-02,9.195699999999999708e-02,-7.350500000000000089e-02,-1.101690000000000030e-01,9.808470000000000244e-01,-2.040430000000000021e-01,-9.414200000000000346e-02,3.400619999999999754e-01,-1.133780000000000066e-01,-5.676699999999999802e-02,2.116999999999999993e-01,6.780110000000000303e-01,2.900070000000000148e-01,1.135246999999999895e+00,-4.948350000000000248e-01,9.339999999999999344e-03,3.077570000000000028e-01,-2.609449999999999825e-01,-9.670929999999999804e-01,9.649800000000000044e-02,1.304109999999999991e-01,1.453649999999999942e-01,8.122500000000000553e-02,-8.923599999999999588e-02
6.705489999999999506e-01,-1.199220000000000008e-01,7.727650000000000352e-01,9.699470000000000036e-01,-7.039999999999999817e-04,-1.881199999999999886e-02,-2.425869999999999971e-01,-3.438740000000000130e-01,-1.025930000000000036e-01,2.214599999999999902e-02,5.231909999999999616e-01,-1.140089999999999992e-01,9.125999999999999390e-02,-8.259999999999999981e-03,-8.606099999999999861e-02,-1.109610000000000041e-01,1.172279000000000071e+00,-2.343619999999999870e-01,-1.183590000000000059e-01,3.057130000000000125e-01,-8.273999999999999411e-02,-3.779600000000000320e-02,1.773500000000000076e-01,6.297080000000000455e-01,2.202250000000000041e-01,1.136592000000000047e+00,-4.962690000000000157e-01,5.073000000000000252e-03,3.053629999999999955e-01,-2.101490000000000025e-01,-8.599240000000000217e-01,7.598799999999999999e-02,1.209220000000000017e-01,1.543100000000000027e-01,7.795299999999999452e-02,-1.177369999999999944e-01
6.809629999999999850e-01,-1.174059999999999965e-01,7.703999999999999737e-01,9.701490000000000391e-01,-4.100000000000000346e-03,-2.504899999999999835e-02,-2.411770000000000025e-01,-3.378579999999999917e-01,-1.142149999999999971e-01,1.642899999999999916e-02,5.668020000000000280e-01,-1.405569999999999875e-01,1.013509999999999966e-01,-1.124379999999999963e-01,-1.042499999999999954e-01,-1.088299999999999962e-01,1.367251999999999912e+00,-2.671549999999999758e-01,-1.432440000000000102e-01,2.669540000000000246e-01,-5.283199999999999702e-02,-1.857699999999999976e-02,1.477229999999999932e-01,5.765139999999999709e-01,1.579609999999999903e-01,1.138547999999999893e+00,-4.979199999999999737e-01,7.640000000000000306e-04,3.025700000000000056e-01,-1.730579999999999896e-01,-7.549320000000000475e-01,6.761200000000000543e-02,1.165609999999999979e-01,1.639089999999999991e-01,7.388999999999999735e-02,-1.465859999999999941e-01
6.911169999999999813e-01,-1.138300000000000006e-01,7.676709999999999923e-01,9.702300000000000368e-01,-6.537000000000000276e-03,-3.050699999999999940e-02,-2.401669999999999916e-01,-3.363659999999999983e-01,-1.282020000000000104e-01,1.320200000000000019e-02,6.125279999999999614e-01,-1.666779999999999928e-01,1.129519999999999968e-01,-2.180370000000000086e-01,-1.263970000000000093e-01,-1.018119999999999997e-01,1.561544000000000043e+00,-3.003609999999999891e-01,-1.680180000000000007e-01,2.264200000000000101e-01,-2.292999999999999899e-02,4.699999999999999859e-04,1.217929999999999985e-01,5.192440000000000389e-01,1.003639999999999949e-01,1.140417000000000014e+00,-4.995510000000000228e-01,-3.438000000000000084e-03,2.994680000000000120e-01,-1.409420000000000117e-01,-6.529420000000000224e-01,6.426600000000000368e-02,1.146339999999999998e-01,1.740899999999999948e-01,6.901699999999999502e-02,-1.750629999999999964e-01
7.021800000000000264e-01,-1.130980000000000041e-01,7.626469999999999638e-01,9.699950000000000516e-01,-7.380000000000000275e-03,-3.869199999999999723e-02,-2.399129999999999874e-01,-3.273539999999999783e-01,-1.445690000000000031e-01,1.225599999999999953e-02,6.628140000000000143e-01,-2.082050000000000012e-01,1.228500000000000009e-01,-2.982810000000000183e-01,-1.260300000000000031e-01,-9.614499999999999436e-02,1.677394000000000052e+00,-3.168670000000000098e-01,-1.762390000000000068e-01,1.754729999999999901e-01,-1.142300000000000086e-02,2.365700000000000094e-02,6.266599999999999948e-02,4.773640000000000105e-01,1.486799999999999927e-02,1.134093999999999935e+00,-4.874260000000000259e-01,-2.300000000000000070e-04,2.860519999999999730e-01,-1.309869999999999923e-01,-5.927740000000000231e-01,9.167400000000000548e-02,1.664539999999999909e-01,1.870719999999999883e-01,7.554400000000000004e-02,-2.076550000000000062e-01
7.105949999999999767e-01,-1.097080000000000000e-01,7.581649999999999778e-01,9.695059999999999789e-01,-1.049199999999999959e-02,-4.710000000000000298e-02,-2.402700000000000113e-01,-3.167119999999999935e-01,-1.574359999999999926e-01,1.009200000000000028e-02,7.018839999999999524e-01,-2.381240000000000023e-01,1.329629999999999979e-01,-3.847189999999999777e-01,-1.227929999999999994e-01,-9.054600000000000148e-02,1.792851999999999890e+00,-3.248269999999999769e-01,-1.848629999999999995e-01,1.242219999999999991e-01,8.432999999999999524e-03,4.802200000000000218e-02,6.187999999999999924e-03,4.262290000000000245e-01,-6.908499999999999364e-02,1.130681999999999965e+00,-4.758249999999999980e-01,1.095999999999999969e-03,2.744329999999999825e-01,-1.230979999999999991e-01,-5.371399999999999508e-01,1.215490000000000043e-01,2.270979999999999943e-01,2.013320000000000110e-01,7.593700000000000450e-02,-2.403889999999999916e-01
7.189670000000000227e-01,-1.056819999999999982e-01,7.537650000000000183e-01,9.688130000000000353e-01,-1.403899999999999940e-02,-5.518100000000000088e-02,-2.411629999999999885e-01,-3.069100000000000161e-01,-1.698820000000000052e-01,8.630999999999999783e-03,7.404260000000000286e-01,-2.670799999999999841e-01,1.436379999999999879e-01,-4.712430000000000230e-01,-1.181429999999999980e-01,-8.319300000000000306e-02,1.906117999999999979e+00,-3.309320000000000039e-01,-1.920060000000000100e-01,7.293299999999999783e-02,3.007599999999999857e-02,7.276599999999999735e-02,-4.719700000000000284e-02,3.698690000000000033e-01,-1.493319999999999925e-01,1.127588000000000035e+00,-4.644320000000000115e-01,2.090999999999999977e-03,2.634270000000000223e-01,-1.158170000000000033e-01,-4.844999999999999862e-01,1.521720000000000017e-01,2.901290000000000258e-01,2.171059999999999934e-01,7.477499999999999425e-02,-2.723090000000000233e-01
7.258790000000000520e-01,-1.061239999999999961e-01,7.491489999999999538e-01,9.684629999999999628e-01,-1.649300000000000072e-02,-6.095899999999999930e-02,-2.410210000000000130e-01,-2.999600000000000044e-01,-1.765230000000000132e-01,5.969000000000000347e-03,7.774180000000000534e-01,-2.956210000000000226e-01,1.492590000000000028e-01,-5.716710000000000402e-01,-9.609600000000000086e-02,-8.665200000000000680e-02,1.961081999999999992e+00,-3.374900000000000122e-01,-1.896029999999999938e-01,2.768599999999999881e-02,4.068200000000000288e-02,9.826999999999999624e-02,-1.136849999999999944e-01,3.335000000000000187e-01,-2.265189999999999981e-01,1.124608000000000052e+00,-4.419179999999999775e-01,7.356999999999999824e-03,2.499290000000000123e-01,-1.085699999999999998e-01,-4.565719999999999779e-01,2.083109999999999962e-01,3.764629999999999921e-01,2.316860000000000031e-01,7.785699999999999565e-02,-2.759360000000000146e-01
7.326190000000000202e-01,-1.066539999999999988e-01,7.446150000000000269e-01,9.679609999999999603e-01,-1.977399999999999991e-02,-6.605300000000000060e-02,-2.414479999999999960e-01,-2.947509999999999852e-01,-1.808440000000000047e-01,3.013000000000000053e-03,8.160969999999999613e-01,-3.250109999999999943e-01,1.541220000000000090e-01,-6.725410000000000554e-01,-7.242500000000000326e-02,-9.320599999999999719e-02,2.013902999999999999e+00,-3.423269999999999924e-01,-1.880239999999999967e-01,-1.798999999999999905e-02,5.217399999999999816e-02,1.228719999999999951e-01,-1.794689999999999896e-01,2.952130000000000032e-01,-2.998419999999999974e-01,1.124189000000000105e+00,-4.189169999999999838e-01,1.265299999999999932e-02,2.341789999999999983e-01,-1.051470000000000043e-01,-4.286420000000000230e-01,2.663460000000000272e-01,4.695059999999999789e-01,2.472080000000000111e-01,7.817999999999999949e-02,-2.756810000000000094e-01
7.393049999999999899e-01,-1.072830000000000034e-01,7.400120000000000031e-01,9.673789999999999889e-01,-2.316000000000000003e-02,-7.104299999999999504e-02,-2.420630000000000004e-01,-2.904749999999999832e-01,-1.850130000000000108e-01,2.200000000000000078e-04,8.563190000000000524e-01,-3.551369999999999805e-01,1.586090000000000000e-01,-7.730860000000000509e-01,-4.882199999999999734e-02,-1.016269999999999951e-01,2.065974999999999895e+00,-3.469450000000000034e-01,-1.865920000000000079e-01,-6.423199999999999743e-02,6.304400000000000281e-02,1.472789999999999933e-01,-2.431860000000000133e-01,2.548259999999999970e-01,-3.701889999999999903e-01,1.124335000000000084e+00,-3.957990000000000119e-01,1.735599999999999990e-02,2.174969999999999959e-01,-1.021460000000000007e-01,-4.002990000000000159e-01,3.255549999999999833e-01,5.643179999999999863e-01,2.624049999999999994e-01,7.792599999999999527e-02,-2.736580000000000124e-01
7.516140000000000043e-01,-1.072160000000000057e-01,7.368080000000000185e-01,9.676829999999999599e-01,-2.767899999999999874e-02,-7.291200000000000458e-02,-2.398069999999999924e-01,-2.737370000000000081e-01,-1.899969999999999992e-01,-3.844999999999999894e-03,8.761619999999999964e-01,-3.860210000000000030e-01,1.711709999999999898e-01,-8.236710000000000420e-01,-4.350799999999999806e-02,-1.079640000000000044e-01,2.067896000000000178e+00,-3.570400000000000240e-01,-1.903600000000000014e-01,-1.202059999999999934e-01,8.068599999999999384e-02,1.552300000000000069e-01,-3.010889999999999955e-01,2.418069999999999942e-01,-4.298120000000000274e-01,1.123127999999999904e+00,-3.509769999999999834e-01,2.793500000000000150e-02,1.909369999999999956e-01,-8.863799999999999457e-02,-4.103760000000000185e-01,3.653660000000000241e-01,6.849830000000000085e-01,2.749989999999999934e-01,8.253199999999999426e-02,-2.520060000000000078e-01
7.639230000000000187e-01,-1.074250000000000066e-01,7.342779999999999863e-01,9.678980000000000361e-01,-3.312099999999999766e-02,-7.655499999999999805e-02,-2.370970000000000022e-01,-2.495690000000000131e-01,-1.946189999999999864e-01,-9.870000000000000301e-03,8.913619999999999877e-01,-4.153560000000000030e-01,1.833460000000000090e-01,-8.667479999999999629e-01,-3.853299999999999781e-02,-1.159870000000000068e-01,2.066555000000000142e+00,-3.672290000000000276e-01,-1.944520000000000137e-01,-1.778129999999999988e-01,9.965599999999999459e-02,1.665320000000000134e-01,-3.569249999999999923e-01,2.273409999999999875e-01,-4.880450000000000066e-01,1.121663999999999994e+00,-3.043429999999999747e-01,3.729099999999999776e-02,1.624539999999999873e-01,-7.479700000000000237e-02,-4.207270000000000176e-01,4.057379999999999876e-01,8.071800000000000086e-01,2.848689999999999833e-01,8.614499999999999935e-02,-2.259140000000000037e-01
7.762189999999999923e-01,-1.076150000000000023e-01,7.318630000000000413e-01,9.680210000000000203e-01,-3.882499999999999840e-02,-8.083500000000000407e-02,-2.342950000000000033e-01,-2.230890000000000095e-01,-1.992829999999999879e-01,-1.624700000000000102e-02,9.056680000000000286e-01,-4.445379999999999887e-01,1.954049999999999954e-01,-9.074109999999999676e-01,-3.370399999999999785e-02,-1.243589999999999973e-01,2.064665000000000195e+00,-3.777730000000000254e-01,-1.986390000000000100e-01,-2.361570000000000058e-01,1.183120000000000005e-01,1.795440000000000091e-01,-4.121460000000000123e-01,2.126780000000000059e-01,-5.452409999999999757e-01,1.120298999999999934e+00,-2.573079999999999812e-01,4.510200000000000320e-02,1.330300000000000094e-01,-6.051499999999999935e-02,-4.301139999999999963e-01,4.465219999999999745e-01,9.290540000000000465e-01,2.915499999999999758e-01,8.976900000000000157e-02,-1.984059999999999990e-01
7.881890000000000285e-01,-1.098999999999999977e-01,7.330470000000000041e-01,9.682880000000000376e-01,-4.313100000000000267e-02,-7.938499999999999723e-02,-2.329279999999999962e-01,-1.973239999999999994e-01,-1.966360000000000052e-01,-2.276099999999999998e-02,8.947730000000000405e-01,-4.574139999999999873e-01,2.015299999999999869e-01,-9.652910000000000101e-01,-2.319099999999999981e-02,-1.300419999999999909e-01,2.039556999999999842e+00,-3.890779999999999794e-01,-1.976860000000000006e-01,-2.744539999999999758e-01,1.329500000000000126e-01,1.815869999999999984e-01,-4.727529999999999788e-01,2.263610000000000066e-01,-5.536379999999999635e-01,1.113415000000000044e+00,-2.378170000000000006e-01,4.861300000000000343e-02,1.254879999999999884e-01,-4.606099999999999778e-02,-4.565870000000000206e-01,4.443159999999999887e-01,9.486790000000000500e-01,2.871750000000000136e-01,8.681700000000000528e-02,-1.880380000000000107e-01
8.000899999999999679e-01,-1.121199999999999974e-01,7.341280000000000028e-01,9.686399999999999455e-01,-4.743599999999999900e-02,-7.708600000000000174e-02,-2.313949999999999896e-01,-1.739229999999999943e-01,-1.936660000000000048e-01,-2.975200000000000067e-02,8.852309999999999901e-01,-4.707540000000000058e-01,2.079840000000000022e-01,-1.025514999999999954e+00,-1.297199999999999916e-02,-1.369980000000000087e-01,2.015239999999999920e+00,-4.003579999999999917e-01,-1.968250000000000000e-01,-3.121389999999999998e-01,1.493059999999999943e-01,1.837969999999999882e-01,-5.369289999999999896e-01,2.395420000000000049e-01,-5.624299999999999855e-01,1.108020999999999923e+00,-2.182409999999999906e-01,5.257799999999999974e-02,1.151009999999999950e-01,-2.886100000000000124e-02,-4.853919999999999901e-01,4.385419999999999874e-01,9.623930000000000540e-01,2.816009999999999902e-01,8.660900000000000543e-02,-1.773339999999999916e-01
8.120349999999999513e-01,-1.144659999999999983e-01,7.352269999999999639e-01,9.689750000000000307e-01,-5.178300000000000264e-02,-7.446700000000000541e-02,-2.299120000000000053e-01,-1.510140000000000093e-01,-1.902210000000000012e-01,-3.684199999999999975e-02,8.757479999999999709e-01,-4.841659999999999853e-01,2.144409999999999927e-01,-1.086594000000000060e+00,-2.534999999999999927e-03,-1.447980000000000100e-01,1.991192000000000073e+00,-4.115710000000000202e-01,-1.959069999999999978e-01,-3.494010000000000171e-01,1.662409999999999999e-01,1.856639999999999957e-01,-6.016439999999999566e-01,2.522139999999999938e-01,-5.723639999999999839e-01,1.103166000000000091e+00,-1.986009999999999998e-01,5.618800000000000183e-02,1.042140000000000011e-01,-1.015600000000000010e-02,-5.144459999999999589e-01,4.312239999999999962e-01,9.745770000000000266e-01,2.756569999999999854e-01,8.726599999999999635e-02,-1.668189999999999951e-01
8.235930000000000195e-01,-1.188870000000000066e-01,7.379379999999999828e-01,9.693159999999999554e-01,-5.287700000000000039e-02,-6.807499999999999662e-02,-2.302089999999999970e-01,-1.303120000000000112e-01,-1.854659999999999920e-01,-4.040900000000000047e-02,8.488250000000000517e-01,-4.875090000000000257e-01,2.172719999999999929e-01,-1.087123999999999979e+00,1.878499999999999961e-02,-1.502860000000000029e-01,1.935497000000000023e+00,-4.131250000000000200e-01,-1.856919999999999960e-01,-3.829429999999999779e-01,1.785629999999999995e-01,1.737960000000000060e-01,-6.452679999999999527e-01,2.801040000000000196e-01,-5.840800000000000436e-01,1.080885000000000096e+00,-1.777080000000000048e-01,5.736700000000000133e-02,9.152200000000000613e-02,1.557599999999999957e-02,-5.681810000000000471e-01,4.123109999999999831e-01,1.033814999999999928e+00,2.710750000000000104e-01,9.611000000000000099e-02,-1.514570000000000083e-01
8.351739999999999720e-01,-1.231779999999999958e-01,7.412330000000000307e-01,9.693810000000000482e-01,-5.441599999999999909e-02,-6.281499999999999584e-02,-2.310699999999999976e-01,-1.046799999999999953e-01,-1.792700000000000127e-01,-4.315999999999999698e-02,8.172439999999999705e-01,-4.880579999999999918e-01,2.194049999999999889e-01,-1.083239000000000063e+00,4.192900000000000099e-02,-1.553559999999999941e-01,1.877369000000000065e+00,-4.144360000000000266e-01,-1.752680000000000071e-01,-4.161639999999999784e-01,1.910519999999999996e-01,1.631720000000000115e-01,-6.850939999999999808e-01,3.087509999999999977e-01,-5.974610000000000198e-01,1.054845000000000033e+00,-1.572989999999999944e-01,5.918199999999999850e-02,7.987800000000000455e-02,4.232799999999999757e-02,-6.204990000000000228e-01,3.927979999999999805e-01,1.098068000000000044e+00,2.657820000000000182e-01,1.018840000000000023e-01,-1.342200000000000060e-01
8.467240000000000322e-01,-1.272899999999999865e-01,7.445129999999999804e-01,9.693730000000000402e-01,-5.592300000000000049e-02,-5.786999999999999783e-02,-2.320319999999999883e-01,-7.821799999999999586e-02,-1.730720000000000036e-01,-4.533600000000000130e-02,7.849530000000000118e-01,-4.881780000000000008e-01,2.218209999999999904e-01,-1.078735999999999917e+00,6.537400000000000155e-02,-1.595439999999999914e-01,1.819236999999999993e+00,-4.158930000000000127e-01,-1.645010000000000083e-01,-4.495000000000000107e-01,2.035039999999999905e-01,1.534409999999999941e-01,-7.250670000000000170e-01,3.379969999999999919e-01,-6.117770000000000152e-01,1.028081000000000023e+00,-1.372279999999999889e-01,6.117899999999999727e-02,6.808699999999999475e-02,7.099400000000000155e-02,-6.717180000000000373e-01,3.711320000000000174e-01,1.163016000000000050e+00,2.594620000000000259e-01,1.068560000000000065e-01,-1.165550000000000058e-01
8.571280000000000010e-01,-1.297699999999999965e-01,7.505570000000000297e-01,9.688309999999999977e-01,-5.661200000000000260e-02,-4.873999999999999860e-02,-2.361900000000000110e-01,-4.310400000000000342e-02,-1.676650000000000085e-01,-5.304999999999999993e-02,7.050389999999999713e-01,-4.690880000000000050e-01,2.263270000000000004e-01,-1.063793999999999906e+00,9.111700000000000355e-02,-1.600250000000000006e-01,1.687961999999999962e+00,-3.891100000000000114e-01,-1.438780000000000059e-01,-4.755630000000000135e-01,2.137270000000000003e-01,1.338489999999999958e-01,-7.547469999999999457e-01,3.784739999999999771e-01,-6.216089999999999671e-01,9.991309999999999913e-01,-1.332859999999999878e-01,6.223900000000000265e-02,6.714399999999999535e-02,1.031659999999999938e-01,-7.145960000000000090e-01,3.377629999999999799e-01,1.177310999999999996e+00,2.616780000000000217e-01,1.029670000000000030e-01,-1.179660000000000014e-01
8.685939999999999772e-01,-1.344289999999999929e-01,7.545330000000000092e-01,9.683119999999999505e-01,-5.607700000000000184e-02,-4.193899999999999711e-02,-2.397269999999999956e-01,-8.033999999999999475e-03,-1.652119999999999977e-01,-5.944200000000000178e-02,6.427230000000000443e-01,-4.616870000000000140e-01,2.289019999999999944e-01,-1.046488000000000085e+00,1.138210000000000055e-01,-1.605340000000000100e-01,1.571274000000000060e+00,-3.754770000000000052e-01,-1.279929999999999957e-01,-5.023309999999999720e-01,2.236170000000000102e-01,1.179120000000000029e-01,-7.842649999999999899e-01,4.213160000000000238e-01,-6.292459999999999720e-01,9.634789999999999743e-01,-1.315949999999999898e-01,6.225699999999999984e-02,6.303300000000000569e-02,1.399930000000000063e-01,-7.663370000000000459e-01,2.961139999999999883e-01,1.186249000000000109e+00,2.658550000000000080e-01,1.027580000000000021e-01,-1.146689999999999932e-01
8.800259999999999749e-01,-1.387380000000000002e-01,7.581149999999999833e-01,9.677259999999999751e-01,-5.548499999999999960e-02,-3.505199999999999982e-02,-2.433099999999999985e-01,2.553599999999999967e-02,-1.628799999999999970e-01,-6.525699999999999557e-02,5.824399999999999578e-01,-4.550139999999999740e-01,2.320560000000000123e-01,-1.029436000000000018e+00,1.359960000000000058e-01,-1.596529999999999894e-01,1.455057000000000045e+00,-3.623270000000000102e-01,-1.122699999999999948e-01,-5.290599999999999747e-01,2.341799999999999993e-01,1.027600000000000041e-01,-8.154230000000000089e-01,4.641859999999999875e-01,-6.377660000000000551e-01,9.274569999999999759e-01,-1.302629999999999899e-01,6.258600000000000274e-02,5.868299999999999905e-02,1.795670000000000044e-01,-8.178180000000000449e-01,2.506419999999999759e-01,1.194749000000000061e+00,2.700210000000000110e-01,1.030549999999999938e-01,-1.106980000000000047e-01
8.927009999999999668e-01,-1.435160000000000047e-01,7.603860000000000063e-01,9.673490000000000144e-01,-5.433700000000000335e-02,-2.497999999999999873e-02,-2.462930000000000119e-01,6.131099999999999745e-02,-1.608150000000000135e-01,-7.270699999999999386e-02,5.054920000000000524e-01,-4.414069999999999938e-01,2.359930000000000083e-01,-9.887399999999999523e-01,1.664730000000000099e-01,-1.477259999999999962e-01,1.286502999999999952e+00,-3.462450000000000250e-01,-8.973699999999999732e-02,-5.530890000000000528e-01,2.515580000000000038e-01,7.884099999999999442e-02,-8.509320000000000217e-01,4.994999999999999996e-01,-6.643959999999999866e-01,8.982860000000000289e-01,-1.267639999999999878e-01,6.344400000000000039e-02,5.322899999999999854e-02,2.021350000000000091e-01,-8.725840000000000263e-01,2.017299999999999927e-01,1.184673000000000087e+00,2.775549999999999962e-01,9.967199999999999671e-02,-1.106479999999999964e-01
9.053919999999999746e-01,-1.476560000000000095e-01,7.625849999999999573e-01,9.667139999999999622e-01,-5.339599999999999902e-02,-1.507799999999999939e-02,-2.497699999999999920e-01,9.596899999999999875e-02,-1.585080000000000100e-01,-7.784299999999999553e-02,4.307079999999999798e-01,-4.261829999999999785e-01,2.411310000000000120e-01,-9.452840000000000131e-01,1.954579999999999929e-01,-1.327039999999999886e-01,1.116621000000000086e+00,-3.307410000000000072e-01,-6.887000000000000066e-02,-5.757039999999999935e-01,2.704030000000000045e-01,5.728099999999999858e-02,-8.895920000000000494e-01,5.331639999999999713e-01,-6.918919999999999515e-01,8.696679999999999966e-01,-1.235710000000000003e-01,6.407499999999999307e-02,4.788900000000000101e-02,2.268239999999999978e-01,-9.278699999999999726e-01,1.490700000000000081e-01,1.174819999999999975e+00,2.853700000000000125e-01,9.692699999999999927e-02,-1.103959999999999941e-01
9.180810000000000359e-01,-1.512930000000000108e-01,7.646589999999999776e-01,9.659370000000000456e-01,-5.238299999999999901e-02,-5.148999999999999931e-03,-2.533659999999999801e-01,1.288620000000000043e-01,-1.566549999999999887e-01,-8.224900000000000266e-02,3.591170000000000195e-01,-4.124950000000000006e-01,2.468920000000000003e-01,-9.005499999999999616e-01,2.220769999999999966e-01,-1.151910000000000017e-01,9.470619999999999594e-01,-3.164199999999999791e-01,-5.015100000000000113e-02,-5.977949999999999653e-01,2.898510000000000253e-01,3.682099999999999956e-02,-9.306929999999999925e-01,5.660030000000000339e-01,-7.205920000000000103e-01,8.412669999999999870e-01,-1.206249999999999961e-01,6.456499999999999739e-02,4.242300000000000237e-02,2.541649999999999743e-01,-9.828900000000000414e-01,9.289300000000000335e-02,1.165655000000000108e+00,2.933490000000000264e-01,9.437900000000000456e-02,-1.098679999999999934e-01
9.298530000000000406e-01,-1.548039999999999972e-01,7.640810000000000102e-01,9.645880000000000010e-01,-5.210499999999999854e-02,5.571000000000000431e-03,-2.585020000000000095e-01,1.608009999999999995e-01,-1.540179999999999882e-01,-8.716699999999999449e-02,2.841090000000000004e-01,-3.909799999999999942e-01,2.545069999999999832e-01,-8.468759999999999621e-01,2.455050000000000010e-01,-9.642100000000000670e-02,7.970409999999999995e-01,-2.988290000000000113e-01,-2.991600000000000162e-02,-6.053290000000000060e-01,3.093759999999999843e-01,1.890899999999999873e-02,-9.794819999999999638e-01,6.132490000000000441e-01,-7.464129999999999932e-01,8.290210000000000079e-01,-1.235320000000000029e-01,6.669200000000000128e-02,3.562599999999999795e-02,2.753619999999999957e-01,-1.033738000000000046e+00,4.102100000000000191e-02,1.156271000000000049e+00,2.941429999999999878e-01,9.221699999999999342e-02,-1.077199999999999963e-01
9.414740000000000331e-01,-1.585370000000000112e-01,7.636399999999999855e-01,9.631950000000000234e-01,-5.135599999999999887e-02,1.573799999999999852e-02,-2.633840000000000070e-01,1.920060000000000100e-01,-1.521270000000000122e-01,-9.188499999999999446e-02,2.127360000000000084e-01,-3.716700000000000004e-01,2.617110000000000269e-01,-7.910700000000000509e-01,2.667640000000000011e-01,-7.548799999999999955e-02,6.477289999999999992e-01,-2.826389999999999736e-01,-1.195399999999999935e-02,-6.141339999999999577e-01,3.265350000000000197e-01,1.271999999999999910e-03,-1.030645000000000033e+00,6.603269999999999973e-01,-7.757990000000000164e-01,8.177759999999999474e-01,-1.266919999999999991e-01,6.768499999999999517e-02,2.856600000000000111e-02,2.975439999999999752e-01,-1.082840999999999942e+00,-1.098200000000000044e-02,1.148619000000000057e+00,2.949459999999999860e-01,8.992700000000000693e-02,-1.059480000000000005e-01
9.520760000000000334e-01,-1.654559999999999920e-01,7.636929999999999552e-01,9.619210000000000260e-01,-4.981700000000000017e-02,2.521899999999999836e-02,-2.675629999999999953e-01,2.237699999999999967e-01,-1.458430000000000004e-01,-9.728499999999999648e-02,1.449940000000000118e-01,-3.560169999999999724e-01,2.617340000000000222e-01,-7.309870000000000534e-01,2.892529999999999824e-01,-5.365899999999999836e-02,4.960820000000000229e-01,-2.668400000000000216e-01,-1.180999999999999975e-03,-6.248289999999999678e-01,3.388720000000000065e-01,-2.036299999999999916e-02,-1.080349000000000004e+00,7.078219999999999512e-01,-8.105219999999999647e-01,8.057410000000000405e-01,-1.296360000000000012e-01,6.799399999999999888e-02,2.129400000000000043e-02,3.253340000000000121e-01,-1.127806000000000086e+00,-6.317100000000000493e-02,1.141493000000000091e+00,2.955209999999999781e-01,8.724300000000000110e-02,-1.048140000000000044e-01
9.636980000000000546e-01,-1.699779999999999902e-01,7.628239999999999466e-01,9.616989999999999705e-01,-4.995900000000000341e-02,3.130000000000000143e-02,-2.676930000000000143e-01,2.348739999999999994e-01,-1.442910000000000026e-01,-1.001959999999999934e-01,1.341569999999999985e-01,-3.396919999999999940e-01,2.617439999999999767e-01,-6.751009999999999511e-01,3.001039999999999819e-01,-3.454499999999999932e-02,4.001379999999999937e-01,-2.435829999999999940e-01,5.197000000000000230e-03,-6.299090000000000522e-01,3.559950000000000059e-01,-3.744700000000000112e-02,-1.135334000000000065e+00,7.289700000000000069e-01,-8.643539999999999557e-01,7.733069999999999666e-01,-1.273350000000000037e-01,6.853299999999999670e-02,4.727000000000000299e-03,3.485539999999999750e-01,-1.170358999999999927e+00,-1.160520000000000024e-01,1.148096999999999923e+00,2.935459999999999736e-01,8.714500000000000024e-02,-1.014520000000000005e-01
9.746939999999999493e-01,-1.758020000000000138e-01,7.617739999999999512e-01,9.617040000000000033e-01,-4.866399999999999892e-02,3.740199999999999775e-02,-2.671299999999999786e-01,2.443460000000000076e-01,-1.434509999999999952e-01,-1.036610000000000031e-01,1.259899999999999909e-01,-3.247260000000000146e-01,2.617630000000000234e-01,-6.224840000000000373e-01,3.091450000000000031e-01,-1.518500000000000058e-02,3.105350000000000055e-01,-2.236450000000000105e-01,9.249999999999999542e-03,-6.355359999999999898e-01,3.693009999999999904e-01,-5.902799999999999714e-02,-1.190882999999999914e+00,7.486930000000000529e-01,-9.225860000000000172e-01,7.400529999999999609e-01,-1.253549999999999942e-01,6.952899999999999359e-02,-1.180699999999999979e-02,3.761300000000000199e-01,-1.210139000000000076e+00,-1.704440000000000122e-01,1.156220999999999943e+00,2.913819999999999744e-01,8.617900000000000560e-02,-9.790500000000000591e-02
9.855660000000000531e-01,-1.818619999999999959e-01,7.604940000000000033e-01,9.617449999999999610e-01,-4.670799999999999952e-02,4.334400000000000058e-02,-2.664329999999999754e-01,2.536919999999999731e-01,-1.438329999999999886e-01,-1.077260000000000023e-01,1.179700000000000054e-01,-3.096880000000000188e-01,2.617829999999999879e-01,-5.725249999999999506e-01,3.165499999999999980e-01,4.568000000000000012e-03,2.268149999999999888e-01,-2.065690000000000026e-01,1.277599999999999916e-02,-6.411679999999999602e-01,3.810700000000000198e-01,-8.157999999999999974e-02,-1.248053000000000079e+00,7.663180000000000547e-01,-9.833929999999999616e-01,7.063810000000000366e-01,-1.237560000000000049e-01,7.039700000000000124e-02,-2.818700000000000025e-02,4.077399999999999913e-01,-1.248642999999999947e+00,-2.281999999999999862e-01,1.164884000000000031e+00,2.892049999999999899e-01,8.507800000000000085e-02,-9.442000000000000393e-02
9.954939999999999900e-01,-1.878569999999999962e-01,7.584189999999999543e-01,9.609940000000000149e-01,-4.573800000000000088e-02,4.747500000000000331e-02,-2.685969999999999747e-01,2.623240000000000016e-01,-1.436080000000000134e-01,-1.027310000000000029e-01,1.175159999999999955e-01,-3.028190000000000048e-01,2.617920000000000247e-01,-5.484970000000000123e-01,3.181189999999999851e-01,-7.389999999999999651e-04,1.940840000000000065e-01,-1.826830000000000120e-01,-6.909999999999999910e-04,-6.377080000000000526e-01,3.884179999999999855e-01,-9.687900000000000678e-02,-1.302737999999999952e+00,7.870120000000000449e-01,-1.036432999999999938e+00,6.696689999999999587e-01,-1.236140000000000017e-01,7.034300000000000275e-02,-4.362699999999999911e-02,4.351869999999999905e-01,-1.269846999999999948e+00,-2.768369999999999997e-01,1.153945999999999916e+00,2.831060000000000243e-01,8.415799999999999670e-02,-9.694700000000000539e-02
1.005255999999999927e+00,-1.937959999999999960e-01,7.562339999999999618e-01,9.602209999999999912e-01,-4.425300000000000067e-02,5.188399999999999956e-02,-2.707879999999999732e-01,2.695759999999999823e-01,-1.444779999999999953e-01,-9.793799999999999728e-02,1.178749999999999937e-01,-2.961559999999999748e-01,2.617999999999999772e-01,-5.278389999999999471e-01,3.189449999999999785e-01,-6.612999999999999955e-03,1.664229999999999876e-01,-1.613920000000000077e-01,-1.384799999999999920e-02,-6.348470000000000502e-01,3.952180000000000137e-01,-1.129010000000000014e-01,-1.359372999999999942e+00,8.067959999999999576e-01,-1.091588000000000003e+00,6.325730000000000519e-01,-1.237059999999999965e-01,6.988900000000000667e-02,-5.934999999999999998e-02,4.631959999999999966e-01,-1.290170999999999957e+00,-3.258329999999999838e-01,1.142668000000000017e+00,2.769249999999999767e-01,8.379799999999999749e-02,-1.003379999999999966e-01
1.014936000000000060e+00,-1.997849999999999904e-01,7.540120000000000156e-01,9.593909999999999938e-01,-4.267200000000000160e-02,5.633900000000000019e-02,-2.730830000000000202e-01,2.765679999999999805e-01,-1.454050000000000065e-01,-9.309900000000000120e-02,1.185189999999999994e-01,-2.896230000000000193e-01,2.617999999999999772e-01,-5.080080000000000151e-01,3.199370000000000269e-01,-1.280199999999999914e-02,1.402839999999999920e-01,-1.409990000000000132e-01,-2.696399999999999839e-02,-6.319730000000000070e-01,4.018120000000000025e-01,-1.290689999999999893e-01,-1.417586000000000013e+00,8.242509999999999559e-01,-1.149059999999999970e+00,5.947850000000000081e-01,-1.239939999999999931e-01,6.967500000000000082e-02,-7.427300000000000568e-02,4.928810000000000136e-01,-1.309814999999999952e+00,-3.762490000000000001e-01,1.131158000000000108e+00,2.707979999999999832e-01,8.416800000000000670e-02,-1.040579999999999977e-01
1.025198999999999971e+00,-2.052789999999999893e-01,7.519709999999999450e-01,9.573589999999999600e-01,-4.373699999999999810e-02,6.096599999999999936e-02,-2.789880000000000138e-01,2.856920000000000015e-01,-1.425760000000000083e-01,-7.845499999999999696e-02,1.170739999999999975e-01,-2.793080000000000007e-01,2.617999999999999772e-01,-5.087310000000000443e-01,3.227260000000000129e-01,-3.393600000000000089e-02,1.446310000000000096e-01,-1.157060000000000033e-01,-4.589000000000000024e-02,-6.155500000000000416e-01,4.092160000000000242e-01,-1.402930000000000010e-01,-1.479117999999999933e+00,8.412199999999999678e-01,-1.196676999999999991e+00,5.570880000000000276e-01,-1.360659999999999925e-01,6.910900000000000376e-02,-8.277299999999999935e-02,5.088319999999999510e-01,-1.319085000000000063e+00,-4.056969999999999743e-01,1.114522999999999930e+00,2.604310000000000236e-01,8.527600000000000458e-02,-1.044950000000000045e-01
1.035557000000000061e+00,-2.106089999999999907e-01,7.498240000000000460e-01,9.551929999999999588e-01,-4.461799999999999794e-02,6.601100000000000023e-02,-2.850570000000000048e-01,2.935110000000000219e-01,-1.405309999999999893e-01,-6.382200000000000373e-02,1.158929999999999960e-01,-2.689469999999999916e-01,2.617999999999999772e-01,-5.115849999999999564e-01,3.250839999999999841e-01,-5.540300000000000086e-02,1.513839999999999908e-01,-9.168099999999999861e-02,-6.462900000000000589e-02,-6.003589999999999760e-01,4.171880000000000033e-01,-1.516560000000000130e-01,-1.541782999999999904e+00,8.565850000000000408e-01,-1.246169000000000082e+00,5.192769999999999886e-01,-1.484149999999999914e-01,6.847100000000000408e-02,-9.050600000000000311e-02,5.186410000000000187e-01,-1.329924000000000106e+00,-4.294709999999999916e-01,1.099915999999999894e+00,2.500970000000000137e-01,8.674700000000000466e-02,-1.052239999999999981e-01
1.045717999999999925e+00,-2.158670000000000033e-01,7.477930000000000410e-01,9.529539999999999678e-01,-4.544999999999999735e-02,7.109200000000000241e-02,-2.911340000000000039e-01,3.011490000000000000e-01,-1.385440000000000005e-01,-4.930899999999999866e-02,1.148909999999999931e-01,-2.585660000000000180e-01,2.617999999999999772e-01,-5.145459999999999479e-01,3.273750000000000271e-01,-7.718500000000000361e-02,1.584019999999999873e-01,-6.799099999999999588e-02,-8.368200000000000638e-02,-5.860720000000000374e-01,4.249829999999999997e-01,-1.629829999999999890e-01,-1.605385000000000062e+00,8.693530000000000424e-01,-1.297611999999999988e+00,4.813279999999999781e-01,-1.606599999999999973e-01,6.771599999999999842e-02,-9.758100000000000107e-02,5.255649999999999489e-01,-1.341475999999999891e+00,-4.502599999999999936e-01,1.086568999999999896e+00,2.398699999999999999e-01,8.815800000000000025e-02,-1.059490000000000015e-01
1.053736999999999924e+00,-2.174059999999999881e-01,7.461989999999999457e-01,9.513300000000000090e-01,-5.072999999999999732e-02,7.585699999999999388e-02,-2.943509999999999738e-01,3.079749999999999988e-01,-1.297480000000000022e-01,-3.683000000000000163e-02,1.125960000000000016e-01,-2.595910000000000162e-01,2.617999999999999772e-01,-5.235699999999999799e-01,3.361750000000000016e-01,-8.834000000000000186e-02,1.807030000000000025e-01,-5.416699999999999987e-02,-9.819600000000000550e-02,-5.690840000000000343e-01,4.412769999999999748e-01,-1.636569999999999969e-01,-1.647601000000000093e+00,8.821980000000000377e-01,-1.331679000000000057e+00,4.377449999999999952e-01,-1.713169999999999971e-01,6.467699999999999838e-02,-9.935800000000000187e-02,5.144830000000000236e-01,-1.341455999999999982e+00,-4.535980000000000012e-01,1.081007000000000051e+00,2.327460000000000084e-01,9.050099999999999811e-02,-1.082049999999999956e-01
1.061592000000000091e+00,-2.187030000000000085e-01,7.447080000000000366e-01,9.497400000000000286e-01,-5.580199999999999744e-02,8.016500000000000015e-02,-2.974109999999999809e-01,3.151909999999999989e-01,-1.220699999999999980e-01,-2.475700000000000123e-02,1.103110000000000063e-01,-2.601950000000000096e-01,2.617959999999999732e-01,-5.329310000000000436e-01,3.436350000000000238e-01,-9.963700000000000334e-02,2.046509999999999996e-01,-4.095800000000000135e-02,-1.124359999999999943e-01,-5.549169999999999936e-01,4.561100000000000154e-01,-1.633020000000000027e-01,-1.690239000000000047e+00,8.955769999999999564e-01,-1.367687000000000097e+00,3.941589999999999816e-01,-1.809699999999999920e-01,6.152699999999999836e-02,-1.004519999999999996e-01,4.936249999999999805e-01,-1.342327999999999966e+00,-4.474020000000000219e-01,1.077749999999999986e+00,2.259039999999999937e-01,9.284100000000000685e-02,-1.113610000000000017e-01
1.069221999999999895e+00,-2.197909999999999864e-01,7.433199999999999807e-01,9.482000000000000428e-01,-6.072099999999999720e-02,8.390899999999999748e-02,-3.003160000000000274e-01,3.232340000000000213e-01,-1.150280000000000052e-01,-1.282999999999999939e-02,1.081479999999999941e-01,-2.606840000000000268e-01,2.617829999999999879e-01,-5.421070000000000055e-01,3.501369999999999760e-01,-1.110840000000000022e-01,2.298439999999999928e-01,-2.823300000000000115e-02,-1.267620000000000136e-01,-5.417560000000000153e-01,4.709019999999999873e-01,-1.616759999999999864e-01,-1.731365999999999961e+00,9.085370000000000390e-01,-1.398832999999999993e+00,3.503580000000000028e-01,-1.886269999999999891e-01,5.853499999999999676e-02,-1.025549999999999934e-01,4.672069999999999834e-01,-1.344054000000000082e+00,-4.366169999999999773e-01,1.076346999999999943e+00,2.190610000000000057e-01,9.507200000000000373e-02,-1.155019999999999936e-01
1.076529999999999987e+00,-2.201780000000000126e-01,7.415429999999999522e-01,9.472289999999999877e-01,-6.706700000000000161e-02,8.770899999999999530e-02,-3.009419999999999873e-01,3.224560000000000204e-01,-1.010000000000000064e-01,-1.930300000000000071e-02,1.046779999999999933e-01,-3.024169999999999914e-01,2.617550000000000154e-01,-5.549159999999999648e-01,3.552759999999999807e-01,-1.270779999999999965e-01,2.555450000000000221e-01,-1.884800000000000017e-02,-1.406060000000000088e-01,-5.293970000000000065e-01,4.834080000000000044e-01,-1.587989999999999957e-01,-1.766456999999999944e+00,9.284109999999999863e-01,-1.390133000000000063e+00,3.314869999999999761e-01,-2.022670000000000023e-01,5.593599999999999961e-02,-8.219400000000000317e-02,4.341119999999999979e-01,-1.327137999999999929e+00,-4.141340000000000021e-01,1.058262000000000036e+00,2.171800000000000119e-01,9.506499999999999673e-02,-1.193759999999999960e-01
1.083626999999999896e+00,-2.207949999999999913e-01,7.397629999999999484e-01,9.462380000000000235e-01,-7.347099999999999465e-02,9.121500000000000441e-02,-3.015220000000000122e-01,3.216189999999999882e-01,-8.666600000000000692e-02,-2.526400000000000173e-02,1.025299999999999961e-01,-3.449980000000000269e-01,2.617240000000000122e-01,-5.680370000000000141e-01,3.601690000000000169e-01,-1.434779999999999944e-01,2.832040000000000113e-01,-1.063300000000000009e-02,-1.548319999999999974e-01,-5.175110000000000543e-01,4.978350000000000275e-01,-1.559790000000000065e-01,-1.796459000000000028e+00,9.486029999999999740e-01,-1.373606000000000105e+00,3.138119999999999798e-01,-2.125829999999999942e-01,5.169499999999999790e-02,-6.326800000000000479e-02,3.995870000000000255e-01,-1.312016999999999989e+00,-3.902909999999999990e-01,1.040809000000000095e+00,2.152759999999999951e-01,9.579999999999999627e-02,-1.244719999999999993e-01
1.090692999999999913e+00,-2.215540000000000009e-01,7.380430000000000046e-01,9.452120000000000521e-01,-7.982400000000000606e-02,9.435799999999999743e-02,-3.021590000000000109e-01,3.213219999999999965e-01,-7.221500000000000141e-02,-3.063600000000000004e-02,1.006900000000000017e-01,-3.881189999999999918e-01,2.616919999999999802e-01,-5.813399999999999679e-01,3.648480000000000056e-01,-1.600979999999999903e-01,3.126530000000000142e-01,-3.439000000000000216e-03,-1.696199999999999930e-01,-5.058529999999999971e-01,5.114539999999999642e-01,-1.536470000000000058e-01,-1.825590999999999964e+00,9.684439999999999715e-01,-1.357612000000000041e+00,2.963520000000000043e-01,-2.217540000000000067e-01,4.681699999999999751e-02,-4.427600000000000285e-02,3.654020000000000046e-01,-1.296532000000000018e+00,-3.663000000000000145e-01,1.023733000000000004e+00,2.132499999999999951e-01,9.649499999999999744e-02,-1.297220000000000040e-01
1.100400999999999962e+00,-2.172850000000000059e-01,7.389769999999999950e-01,9.461910000000000043e-01,-8.450399999999999578e-02,9.369800000000000351e-02,-2.979959999999999831e-01,3.177050000000000152e-01,-6.118099999999999927e-02,-2.522399999999999989e-02,1.218999999999999945e-01,-3.946209999999999996e-01,2.559890000000000221e-01,-5.927130000000000454e-01,3.539260000000000184e-01,-1.636090000000000044e-01,3.593970000000000220e-01,-1.090600000000000076e-02,-1.571919999999999984e-01,-4.941220000000000057e-01,5.200000000000000178e-01,-1.437819999999999931e-01,-1.827260000000000106e+00,9.795160000000000533e-01,-1.321954000000000073e+00,2.454040000000000110e-01,-2.321550000000000002e-01,3.946100000000000302e-02,-1.930000000000000118e-02,3.233790000000000275e-01,-1.277076000000000100e+00,-3.498249999999999971e-01,1.002172000000000063e+00,2.205630000000000090e-01,9.336200000000000054e-02,-1.454570000000000030e-01
1.107784000000000102e+00,-2.203309999999999991e-01,7.403530000000000388e-01,9.475660000000000194e-01,-8.794200000000000628e-02,9.220100000000000517e-02,-2.930579999999999852e-01,3.193380000000000107e-01,-4.014500000000000013e-02,-1.842200000000000087e-02,1.433480000000000032e-01,-4.067709999999999937e-01,2.332670000000000021e-01,-5.986059999999999715e-01,3.506279999999999952e-01,-1.702039999999999942e-01,4.012379999999999836e-01,-1.892699999999999938e-02,-1.562070000000000125e-01,-4.861300000000000066e-01,5.200000000000000178e-01,-1.436560000000000059e-01,-1.819768000000000052e+00,9.931969999999999965e-01,-1.289253999999999900e+00,1.888499999999999901e-01,-2.400170000000000081e-01,3.232199999999999657e-02,5.213999999999999885e-03,2.899160000000000070e-01,-1.250588999999999951e+00,-3.308090000000000197e-01,9.786019999999999719e-01,2.270139999999999936e-01,8.925299999999999900e-02,-1.616329999999999989e-01
1.115134999999999987e+00,-2.236049999999999982e-01,7.418019999999999614e-01,9.489429999999999810e-01,-9.135699999999999377e-02,9.056300000000000461e-02,-2.880249999999999755e-01,3.217590000000000172e-01,-1.985200000000000159e-02,-9.820999999999999869e-03,1.650709999999999955e-01,-4.206610000000000071e-01,2.094660000000000133e-01,-6.039750000000000396e-01,3.473809999999999953e-01,-1.767110000000000070e-01,4.428830000000000267e-01,-2.703799999999999953e-02,-1.553690000000000071e-01,-4.786400000000000099e-01,5.200000000000000178e-01,-1.440800000000000136e-01,-1.809579999999999966e+00,1.006869999999999932e+00,-1.255271999999999943e+00,1.316110000000000058e-01,-2.461599999999999899e-01,2.524699999999999861e-02,3.028099999999999889e-02,2.594920000000000004e-01,-1.223354000000000052e+00,-3.140689999999999871e-01,9.546200000000000241e-01,2.330270000000000119e-01,8.502200000000000035e-02,-1.782019999999999993e-01
1.129223000000000088e+00,-2.255540000000000045e-01,7.487470000000000514e-01,9.527459999999999818e-01,-8.715599999999999736e-02,8.198600000000000332e-02,-2.792100000000000137e-01,2.887330000000000174e-01,-8.548999999999999308e-03,3.866599999999999898e-02,2.725949999999999762e-01,-3.400039999999999729e-01,1.438270000000000104e-01,-5.711950000000000083e-01,3.214870000000000227e-01,-1.650339999999999863e-01,4.641850000000000143e-01,-4.585600000000000093e-02,-1.427009999999999945e-01,-4.612850000000000006e-01,5.040949999999999598e-01,-1.492169999999999885e-01,-1.746056000000000052e+00,1.015161999999999898e+00,-1.188733000000000040e+00,-1.278199999999999996e-02,-2.520809999999999995e-01,1.045199999999999949e-02,5.428199999999999692e-02,2.210509999999999975e-01,-1.155640000000000001e+00,-2.731549999999999812e-01,9.471629999999999772e-01,2.472489999999999966e-01,8.615499999999999547e-02,-1.836720000000000019e-01
1.142616999999999994e+00,-2.292379999999999973e-01,7.559040000000000203e-01,9.565719999999999779e-01,-7.892799999999999816e-02,7.101399999999999380e-02,-2.714719999999999911e-01,2.457340000000000080e-01,-4.199999999999999740e-03,8.405200000000000171e-02,4.059650000000000203e-01,-2.717399999999999816e-01,8.240400000000000502e-02,-5.387840000000000407e-01,2.910409999999999942e-01,-1.489409999999999901e-01,4.939279999999999782e-01,-6.932299999999999573e-02,-1.323709999999999887e-01,-4.504819999999999935e-01,4.856519999999999726e-01,-1.616670000000000051e-01,-1.629799999999999915e+00,1.045182000000000055e+00,-1.089793999999999929e+00,-2.027789999999999870e-01,-2.341129999999999878e-01,1.554099999999999926e-02,8.533499999999999419e-02,1.739060000000000050e-01,-1.095210999999999935e+00,-2.123460000000000070e-01,9.496219999999999661e-01,2.635680000000000245e-01,8.669200000000000517e-02,-1.942059999999999897e-01
1.155685999999999991e+00,-2.331560000000000021e-01,7.633729999999999682e-01,9.602669999999999817e-01,-7.045099999999999973e-02,5.979500000000000093e-02,-2.633420000000000205e-01,1.971249999999999947e-01,1.838999999999999923e-03,1.261279999999999901e-01,5.503869999999999596e-01,-2.073629999999999918e-01,2.401400000000000062e-02,-5.017589999999999550e-01,2.604540000000000188e-01,-1.330699999999999938e-01,5.136800000000000255e-01,-8.756999999999999507e-02,-1.223049999999999971e-01,-4.422519999999999785e-01,4.626109999999999944e-01,-1.720939999999999970e-01,-1.520291000000000059e+00,1.063568000000000069e+00,-9.969000000000000083e-01,-3.829609999999999959e-01,-2.152759999999999951e-01,1.884299999999999864e-02,1.110050000000000064e-01,1.352800000000000114e-01,-1.029368000000000061e+00,-1.588720000000000132e-01,9.537970000000000059e-01,2.802899999999999836e-01,8.565699999999999703e-02,-2.022170000000000079e-01
1.166004000000000040e+00,-2.366489999999999982e-01,7.663450000000000539e-01,9.627860000000000307e-01,-6.629899999999999682e-02,4.913900000000000212e-02,-2.573590000000000044e-01,1.542379999999999862e-01,1.943100000000000036e-02,1.545519999999999949e-01,6.801639999999999908e-01,-2.027130000000000043e-01,3.315200000000000091e-02,-4.718010000000000259e-01,2.375309999999999921e-01,-1.345719999999999972e-01,5.395320000000000116e-01,-1.134929999999999967e-01,-1.182150000000000006e-01,-4.235450000000000048e-01,4.374520000000000075e-01,-1.712720000000000076e-01,-1.360640000000000072e+00,1.032168999999999892e+00,-8.510929999999999884e-01,-4.604329999999999812e-01,-2.088190000000000046e-01,2.765899999999999956e-02,1.311150000000000093e-01,8.823400000000000687e-02,-9.504639999999999755e-01,-8.494400000000000561e-02,9.678299999999999681e-01,2.985880000000000201e-01,8.330899999999999417e-02,-2.092859999999999998e-01
1.176287000000000083e+00,-2.398649999999999949e-01,7.687389999999999501e-01,9.649980000000000224e-01,-6.360699999999999688e-02,3.926199999999999829e-02,-2.513779999999999903e-01,1.091410000000000019e-01,4.386099999999999721e-02,1.833410000000000040e-01,8.168050000000000033e-01,-2.023830000000000073e-01,4.382899999999999990e-02,-4.432070000000000176e-01,2.176299999999999901e-01,-1.386830000000000007e-01,5.641420000000000323e-01,-1.384180000000000132e-01,-1.144020000000000037e-01,-4.045329999999999759e-01,4.188819999999999766e-01,-1.699430000000000107e-01,-1.208847999999999923e+00,9.799550000000000205e-01,-7.116040000000000143e-01,-5.311540000000000150e-01,-1.995909999999999906e-01,2.950699999999999851e-02,1.441939999999999888e-01,5.124399999999999789e-02,-8.740229999999999944e-01,-1.905000000000000096e-02,9.848179999999999712e-01,3.184569999999999901e-01,8.049199999999999411e-02,-2.149169999999999969e-01
1.185975999999999919e+00,-2.431470000000000020e-01,7.704199999999999937e-01,9.669339999999999602e-01,-6.229599999999999721e-02,3.041400000000000006e-02,-2.454230000000000023e-01,6.141300000000000231e-02,7.596300000000000274e-02,2.110849999999999949e-01,9.599389999999999867e-01,-2.058319999999999872e-01,5.540099999999999886e-02,-4.176639999999999797e-01,2.013210000000000000e-01,-1.458629999999999927e-01,5.887780000000000236e-01,-1.622300000000000131e-01,-1.115899999999999948e-01,-3.860370000000000190e-01,4.042410000000000170e-01,-1.666340000000000043e-01,-1.072537000000000074e+00,9.139559999999999906e-01,-5.872199999999999642e-01,-6.031570000000000542e-01,-1.896750000000000103e-01,3.031400000000000067e-02,1.549520000000000064e-01,2.279399999999999829e-02,-7.964630000000000321e-01,3.920400000000000273e-02,1.001978000000000035e+00,3.389220000000000010e-01,7.761300000000000143e-02,-2.193980000000000097e-01
1.192018000000000022e+00,-2.464230000000000032e-01,7.694720000000000448e-01,9.667210000000000525e-01,-6.324699999999999767e-02,2.067300000000000040e-02,-2.470269999999999966e-01,-2.813099999999999976e-02,9.110500000000000542e-02,2.068770000000000053e-01,1.130363999999999924e+00,-2.229990000000000028e-01,4.889600000000000196e-02,-3.970969999999999778e-01,2.011149999999999882e-01,-1.405069999999999930e-01,6.148639999999999661e-01,-1.825209999999999888e-01,-1.120820000000000011e-01,-3.614620000000000055e-01,3.912930000000000019e-01,-1.453869999999999885e-01,-9.201709999999999612e-01,8.707049999999999512e-01,-5.088719999999999910e-01,-6.423309999999999853e-01,-1.879460000000000020e-01,3.227200000000000207e-02,1.520029999999999992e-01,1.579799999999999954e-02,-7.586039999999999450e-01,7.391999999999999960e-02,1.012563000000000102e+00,3.554930000000000034e-01,7.080500000000000682e-02,-2.232260000000000078e-01
1.197143000000000068e+00,-2.494979999999999976e-01,7.679129999999999567e-01,9.663300000000000223e-01,-6.487099999999999811e-02,1.281299999999999974e-02,-2.486639999999999961e-01,-1.224480000000000013e-01,1.091280000000000028e-01,2.013570000000000082e-01,1.304475000000000051e+00,-2.426280000000000103e-01,4.159299999999999803e-02,-3.833349999999999813e-01,2.030760000000000065e-01,-1.375349999999999906e-01,6.426790000000000003e-01,-2.005770000000000053e-01,-1.133529999999999954e-01,-3.349630000000000107e-01,3.804210000000000091e-01,-1.247780000000000000e-01,-7.819850000000000412e-01,8.168999999999999595e-01,-4.444199999999999817e-01,-6.797170000000000156e-01,-1.870970000000000133e-01,3.258300000000000085e-02,1.486949999999999938e-01,1.123200000000000066e-02,-7.191340000000000510e-01,1.048560000000000048e-01,1.022019999999999929e+00,3.717309999999999781e-01,6.408400000000000207e-02,-2.262659999999999949e-01
1.201276999999999928e+00,-2.523070000000000035e-01,7.660879999999999912e-01,9.658809999999999896e-01,-6.636499999999999344e-02,6.039000000000000097e-03,-2.502650000000000152e-01,-2.186319999999999930e-01,1.274329999999999907e-01,1.952379999999999949e-01,1.478593999999999964e+00,-2.629329999999999723e-01,3.417599999999999805e-02,-3.749140000000000250e-01,2.052480000000000138e-01,-1.358689999999999898e-01,6.729410000000000114e-01,-2.180779999999999941e-01,-1.152480000000000032e-01,-3.077650000000000108e-01,3.694890000000000119e-01,-1.043309999999999932e-01,-6.566499999999999559e-01,7.554389999999999716e-01,-3.929699999999999860e-01,-7.161319999999999908e-01,-1.867439999999999933e-01,3.243599999999999955e-02,1.451310000000000100e-01,7.068999999999999763e-03,-6.781540000000000346e-01,1.341920000000000057e-01,1.031431999999999904e+00,3.879630000000000023e-01,5.750099999999999656e-02,-2.291650000000000076e-01
1.205135999999999985e+00,-2.586459999999999870e-01,7.623739999999999961e-01,9.649010000000000087e-01,-6.627099999999999658e-02,-1.007999999999999998e-03,-2.541120000000000045e-01,-2.888890000000000069e-01,1.372450000000000059e-01,1.772880000000000011e-01,1.577066999999999997e+00,-2.788309999999999955e-01,2.313799999999999885e-02,-3.693799999999999861e-01,2.086439999999999961e-01,-1.361479999999999912e-01,7.148280000000000189e-01,-2.513139999999999818e-01,-1.217030000000000056e-01,-2.685589999999999922e-01,3.516320000000000001e-01,-7.417200000000000182e-02,-5.463550000000000351e-01,6.746990000000000487e-01,-3.617949999999999777e-01,-6.802500000000000213e-01,-1.845880000000000021e-01,4.064399999999999957e-02,1.566480000000000095e-01,-2.447099999999999970e-02,-6.260809999999999986e-01,1.698999999999999955e-01,1.019376000000000060e+00,3.998559999999999892e-01,5.129299999999999832e-02,-2.281870000000000009e-01
1.206955000000000000e+00,-2.584529999999999883e-01,7.584210000000000118e-01,9.636919999999999931e-01,-6.594700000000000562e-02,-4.644999999999999823e-03,-2.587019999999999875e-01,-3.753460000000000130e-01,1.517739999999999922e-01,1.741590000000000082e-01,1.676628000000000007e+00,-2.858289999999999997e-01,2.940800000000000011e-02,-3.757280000000000064e-01,2.078770000000000062e-01,-1.313670000000000115e-01,7.471430000000000016e-01,-2.673499999999999766e-01,-1.208280000000000048e-01,-2.409810000000000008e-01,3.305489999999999817e-01,-5.507299999999999696e-02,-4.239569999999999728e-01,5.950330000000000341e-01,-3.341749999999999998e-01,-6.363100000000000422e-01,-1.757100000000000051e-01,4.117300000000000126e-02,1.569570000000000132e-01,-5.346000000000000058e-02,-5.512310000000000265e-01,2.276890000000000025e-01,1.011940999999999979e+00,4.111489999999999867e-01,4.212099999999999872e-02,-2.433720000000000050e-01
1.209545000000000092e+00,-2.652749999999999830e-01,7.534809999999999564e-01,9.630509999999999904e-01,-6.451199999999999990e-02,-1.087399999999999999e-02,-2.612510000000000110e-01,-4.498010000000000064e-01,1.568450000000000122e-01,1.516520000000000090e-01,1.779495000000000049e+00,-3.048109999999999986e-01,1.630600000000000105e-02,-3.796459999999999835e-01,2.090009999999999923e-01,-1.351610000000000034e-01,8.004529999999999701e-01,-3.040689999999999782e-01,-1.298420000000000130e-01,-2.087110000000000076e-01,3.124640000000000195e-01,-2.576900000000000024e-02,-3.244650000000000034e-01,5.057880000000000154e-01,-3.181990000000000096e-01,-5.949419999999999709e-01,-1.716189999999999938e-01,4.387400000000000327e-02,1.644430000000000058e-01,-8.400900000000000034e-02,-4.972469999999999946e-01,2.681819999999999760e-01,1.002531000000000061e+00,4.265059999999999962e-01,3.752799999999999886e-02,-2.446190000000000031e-01
1.211948999999999943e+00,-2.671620000000000106e-01,7.503950000000000342e-01,9.625439999999999552e-01,-6.250000000000000000e-02,-1.663999999999999854e-02,-2.632970000000000033e-01,-5.083050000000000068e-01,1.556160000000000043e-01,1.283370000000000066e-01,1.798516000000000004e+00,-3.035660000000000025e-01,2.078899999999999845e-02,-3.762340000000000129e-01,2.060420000000000029e-01,-1.279780000000000084e-01,8.289769999999999639e-01,-3.248099999999999876e-01,-1.309589999999999921e-01,-1.642109999999999959e-01,2.868029999999999746e-01,-5.614000000000000067e-03,-2.429199999999999970e-01,4.716650000000000009e-01,-3.094219999999999748e-01,-5.346410000000000329e-01,-1.651340000000000030e-01,5.154000000000000248e-02,1.668910000000000116e-01,-1.115400000000000003e-01,-4.559540000000000259e-01,3.047599999999999754e-01,9.839959999999999818e-01,4.234269999999999978e-01,3.475099999999999717e-02,-2.437479999999999924e-01
1.214174000000000087e+00,-2.701259999999999772e-01,7.471050000000000191e-01,9.623150000000000315e-01,-5.928900000000000142e-02,-2.275599999999999845e-02,-2.644179999999999864e-01,-5.662639999999999896e-01,1.502539999999999987e-01,1.029859999999999942e-01,1.817371000000000070e+00,-3.024780000000000246e-01,2.302900000000000086e-02,-3.738580000000000236e-01,2.012319999999999942e-01,-1.211819999999999981e-01,8.614819999999999700e-01,-3.480849999999999778e-01,-1.328820000000000001e-01,-1.220080000000000053e-01,2.573759999999999937e-01,1.377800000000000032e-02,-1.638419999999999876e-01,4.357170000000000210e-01,-3.028359999999999941e-01,-4.698019999999999974e-01,-1.569180000000000019e-01,5.527900000000000175e-02,1.677289999999999892e-01,-1.385339999999999905e-01,-4.120389999999999886e-01,3.419989999999999974e-01,9.667909999999999560e-01,4.202520000000000144e-01,3.342900000000000038e-02,-2.424330000000000096e-01
1.216361999999999943e+00,-2.732430000000000136e-01,7.438090000000000535e-01,9.623080000000000522e-01,-5.526400000000000062e-02,-2.895800000000000110e-02,-2.647070000000000256e-01,-6.240480000000000471e-01,1.419549999999999979e-01,7.770399999999999530e-02,1.835720000000000018e+00,-3.010559999999999903e-01,2.523999999999999855e-02,-3.722090000000000121e-01,1.942659999999999942e-01,-1.150879999999999959e-01,8.958679999999999977e-01,-3.728090000000000015e-01,-1.349059999999999981e-01,-8.103499999999999592e-02,2.259750000000000092e-01,3.309499999999999942e-02,-8.744899999999999896e-02,3.978720000000000034e-01,-2.989999999999999880e-01,-4.041020000000000167e-01,-1.474389999999999867e-01,5.750600000000000156e-02,1.685860000000000136e-01,-1.641509999999999914e-01,-3.665970000000000062e-01,3.786669999999999758e-01,9.497729999999999784e-01,4.172779999999999823e-01,3.257499999999999979e-02,-2.411590000000000122e-01
1.217975000000000030e+00,-2.747310000000000030e-01,7.438500000000000112e-01,9.629299999999999526e-01,-4.778199999999999809e-02,-3.318100000000000216e-02,-2.634059999999999735e-01,-6.788129999999999997e-01,1.208380000000000010e-01,6.292200000000000570e-02,1.852827999999999919e+00,-2.869709999999999761e-01,2.104999999999999927e-02,-3.682119999999999838e-01,1.770839999999999914e-01,-1.069240000000000052e-01,9.105039999999999800e-01,-3.870939999999999936e-01,-1.331229999999999913e-01,-4.107899999999999746e-02,1.898239999999999927e-01,4.751999999999999974e-02,-3.817899999999999766e-02,3.828050000000000064e-01,-3.069020000000000081e-01,-3.041730000000000267e-01,-1.393119999999999914e-01,6.179400000000000170e-02,1.641009999999999969e-01,-2.023580000000000101e-01,-3.591039999999999788e-01,4.087040000000000117e-01,9.269319999999999782e-01,4.039130000000000220e-01,3.637499999999999761e-02,-2.373250000000000082e-01
1.219359999999999999e+00,-2.756319999999999881e-01,7.443549999999999889e-01,9.637409999999999588e-01,-3.948299999999999726e-02,-3.767399999999999916e-02,-2.611979999999999857e-01,-7.327960000000000029e-01,9.722100000000000186e-02,5.136000000000000287e-02,1.866627000000000036e+00,-2.697140000000000093e-01,1.865100000000000091e-02,-3.629539999999999988e-01,1.566359999999999975e-01,-9.878699999999999981e-02,9.222939999999999472e-01,-3.997839999999999727e-01,-1.313320000000000043e-01,1.376999999999999969e-03,1.527729999999999921e-01,6.393000000000000071e-02,7.929999999999999766e-04,3.647920000000000051e-01,-3.176149999999999807e-01,-1.970220000000000027e-01,-1.312879999999999880e-01,6.262800000000000311e-02,1.593839999999999979e-01,-2.421439999999999981e-01,-3.531989999999999852e-01,4.339589999999999836e-01,9.053050000000000264e-01,3.900089999999999946e-01,4.062600000000000239e-02,-2.305319999999999869e-01
1.220752999999999977e+00,-2.764960000000000195e-01,7.450069999999999748e-01,9.646090000000000497e-01,-3.095499999999999988e-02,-4.233100000000000057e-02,-2.584170000000000078e-01,-7.859939999999999705e-01,7.236499999999999877e-02,4.150899999999999729e-02,1.879523999999999972e+00,-2.517190000000000261e-01,1.678299999999999931e-02,-3.572690000000000032e-01,1.348719999999999919e-01,-9.109000000000000430e-02,9.337839999999999474e-01,-4.125059999999999838e-01,-1.291269999999999918e-01,4.491400000000000253e-02,1.156969999999999943e-01,8.164399999999999435e-02,3.542100000000000110e-02,3.449479999999999769e-01,-3.294030000000000014e-01,-8.791999999999999815e-02,-1.218400000000000039e-01,6.178999999999999770e-02,1.548219999999999874e-01,-2.823330000000000006e-01,-3.476980000000000071e-01,4.574139999999999873e-01,8.842219999999999525e-01,3.760189999999999921e-01,4.469999999999999668e-02,-2.226710000000000078e-01
1.223892999999999898e+00,-2.782640000000000113e-01,7.470379999999999798e-01,9.656470000000000331e-01,-2.520000000000000018e-02,-4.302899999999999781e-02,-2.550270000000000037e-01,-8.095200000000000173e-01,6.084500000000000325e-02,2.945899999999999908e-02,1.834581999999999935e+00,-2.468309999999999949e-01,1.724399999999999891e-02,-3.489430000000000032e-01,1.202700000000000019e-01,-8.728199999999999847e-02,9.301549999999999541e-01,-4.197719999999999785e-01,-1.221239999999999964e-01,8.657199999999999618e-02,9.225500000000000367e-02,8.845300000000000384e-02,7.085900000000000531e-02,3.459300000000000153e-01,-3.231550000000000256e-01,-4.118900000000000339e-02,-1.183329999999999937e-01,5.252699999999999730e-02,1.438260000000000094e-01,-3.013520000000000088e-01,-3.637969999999999815e-01,4.789109999999999756e-01,8.361220000000000319e-01,3.509579999999999922e-01,5.183900000000000313e-02,-2.024499999999999911e-01
1.227610000000000090e+00,-2.802330000000000099e-01,7.497129999999999628e-01,9.664709999999999690e-01,-2.028500000000000095e-02,-4.425300000000000067e-02,-2.521169999999999800e-01,-8.282230000000000425e-01,5.106100000000000222e-02,1.805999999999999966e-02,1.787346000000000101e+00,-2.431000000000000105e-01,1.768499999999999933e-02,-3.351270000000000082e-01,1.073240000000000027e-01,-8.368799999999999850e-02,9.199680000000000080e-01,-4.241039999999999810e-01,-1.193049999999999944e-01,1.292740000000000000e-01,7.082800000000000207e-02,9.483900000000000663e-02,1.128590000000000010e-01,3.475929999999999853e-01,-3.150020000000000042e-01,-4.688999999999999592e-03,-1.158200000000000063e-01,4.826500000000000234e-02,1.324760000000000104e-01,-3.148529999999999940e-01,-3.831019999999999981e-01,5.007460000000000244e-01,7.815170000000000172e-01,3.247160000000000046e-01,6.168099999999999972e-02,-1.808980000000000032e-01
1.231327999999999978e+00,-2.819710000000000272e-01,7.525479999999999947e-01,9.672150000000000469e-01,-1.572499999999999939e-02,-4.571000000000000063e-02,-2.493160000000000098e-01,-8.454169999999999741e-01,4.210200000000000053e-02,7.759000000000000272e-03,1.739875000000000060e+00,-2.400359999999999994e-01,1.854099999999999845e-02,-3.195919999999999872e-01,9.493000000000000049e-02,-8.011400000000000465e-02,9.079899999999999638e-01,-4.277110000000000078e-01,-1.162979999999999986e-01,1.724050000000000027e-01,5.027100000000000318e-02,1.010500000000000009e-01,1.570340000000000069e-01,3.493020000000000014e-01,-3.059209999999999985e-01,2.916200000000000042e-02,-1.131589999999999957e-01,4.593499999999999667e-02,1.214630000000000015e-01,-3.272900000000000253e-01,-4.042189999999999950e-01,5.233419999999999739e-01,7.255970000000000475e-01,2.988270000000000093e-01,7.227000000000000091e-02,-1.584679999999999978e-01
1.237803999999999904e+00,-2.843200000000000172e-01,7.567040000000000433e-01,9.673720000000000097e-01,-1.299999999999999940e-02,-4.352199999999999819e-02,-2.492560000000000053e-01,-8.289969999999999839e-01,4.477600000000000330e-02,-1.575999999999999927e-03,1.647119000000000000e+00,-2.357239999999999891e-01,1.643800000000000122e-02,-3.006759999999999988e-01,8.687799999999999689e-02,-8.052299999999999736e-02,8.803980000000000139e-01,-4.258480000000000043e-01,-1.132819999999999938e-01,2.039569999999999994e-01,3.749999999999999861e-02,9.737899999999999334e-02,1.875380000000000102e-01,3.509519999999999862e-01,-2.961750000000000216e-01,5.050999999999999934e-02,-1.121650000000000008e-01,4.415700000000000180e-02,1.138429999999999997e-01,-3.627190000000000136e-01,-4.363659999999999761e-01,5.495940000000000270e-01,6.693850000000000078e-01,2.643059999999999854e-01,8.351200000000000290e-02,-1.389289999999999969e-01
1.243125999999999953e+00,-2.830420000000000158e-01,7.640609999999999902e-01,9.674970000000000514e-01,-8.257000000000000450e-03,-4.209199999999999747e-02,-2.492169999999999941e-01,-8.049180000000000224e-01,4.618900000000000089e-02,3.308999999999999875e-03,1.532154000000000016e+00,-2.158899999999999986e-01,2.320300000000000140e-02,-2.738430000000000031e-01,7.153299999999999936e-02,-7.457099999999999840e-02,8.279090000000000060e-01,-4.058410000000000073e-01,-1.048079999999999984e-01,2.318850000000000078e-01,2.229799999999999838e-02,9.509599999999999997e-02,2.214820000000000122e-01,3.483240000000000225e-01,-2.862089999999999912e-01,7.493600000000000261e-02,-1.078869999999999968e-01,4.206300000000000316e-02,1.089839999999999975e-01,-4.024519999999999764e-01,-4.647830000000000017e-01,5.812500000000000444e-01,6.191699999999999982e-01,2.259589999999999932e-01,9.476500000000000201e-02,-1.199770000000000003e-01
1.248945999999999890e+00,-2.845320000000000071e-01,7.688530000000000086e-01,9.675899999999999501e-01,-5.667000000000000162e-03,-4.185099999999999931e-02,-2.489719999999999989e-01,-7.812569999999999792e-01,4.816800000000000248e-02,-1.350000000000000071e-03,1.434136000000000077e+00,-2.098129999999999995e-01,2.241800000000000043e-02,-2.489230000000000054e-01,6.202900000000000080e-02,-7.433599999999999930e-02,7.943099999999999605e-01,-4.000500000000000167e-01,-1.009479999999999961e-01,2.604810000000000181e-01,1.134600000000000018e-02,9.642299999999999482e-02,2.563369999999999815e-01,3.517390000000000239e-01,-2.772519999999999984e-01,9.719800000000000662e-02,-1.081010000000000026e-01,4.235099999999999976e-02,1.035599999999999993e-01,-4.444620000000000237e-01,-5.006410000000000027e-01,6.131210000000000271e-01,5.672099999999999920e-01,1.928209999999999924e-01,1.040630000000000027e-01,-9.665300000000000280e-02
1.257851000000000052e+00,-2.849700000000000011e-01,7.744220000000000548e-01,9.680199999999999916e-01,-4.678999999999999999e-03,-3.995300000000000240e-02,-2.476260000000000128e-01,-7.462919999999999554e-01,4.338199999999999695e-02,-3.149899999999999922e-02,1.286089999999999955e+00,-1.939339999999999953e-01,1.782600000000000157e-02,-2.108569999999999889e-01,5.554599999999999815e-02,-7.139800000000000313e-02,7.350229999999999819e-01,-3.916839999999999766e-01,-9.225400000000000267e-02,2.792450000000000210e-01,-1.620000000000000075e-04,8.506700000000000372e-02,2.823249999999999926e-01,3.585909999999999931e-01,-2.673369999999999913e-01,1.067670000000000008e-01,-1.099060000000000037e-01,4.466099999999999931e-02,9.736000000000000210e-02,-4.761779999999999902e-01,-5.507940000000000058e-01,6.467819999999999681e-01,5.308850000000000513e-01,1.718339999999999868e-01,1.104470000000000035e-01,-6.231300000000000033e-02
1.266575999999999924e+00,-2.854090000000000238e-01,7.799190000000000289e-01,9.684880000000000155e-01,-4.224000000000000324e-03,-3.851000000000000256e-02,-2.460309999999999997e-01,-7.095949999999999758e-01,4.147699999999999998e-02,-6.004999999999999921e-02,1.138169999999999904e+00,-1.790450000000000097e-01,1.489799999999999978e-02,-1.715990000000000015e-01,5.015499999999999819e-02,-6.888099999999999778e-02,6.753820000000000379e-01,-3.824179999999999802e-01,-8.450699999999999878e-02,2.972699999999999787e-01,-1.058800000000000019e-02,7.474200000000000288e-02,3.115290000000000004e-01,3.695740000000000136e-01,-2.600819999999999799e-01,1.171559999999999963e-01,-1.132569999999999966e-01,4.800299999999999706e-02,9.223299999999999554e-02,-5.097749999999999782e-01,-6.020940000000000181e-01,6.820319999999999716e-01,4.947340000000000071e-01,1.518819999999999892e-01,1.156370000000000037e-01,-2.680899999999999950e-02
1.275171000000000054e+00,-2.859949999999999992e-01,7.851759999999999851e-01,9.689729999999999732e-01,-4.015000000000000339e-03,-3.711199999999999916e-02,-2.443299999999999916e-01,-6.729690000000000394e-01,4.191099999999999687e-02,-8.670200000000000129e-02,9.915990000000000082e-01,-1.655129999999999935e-01,1.336999999999999994e-02,-1.327480000000000049e-01,4.525499999999999662e-02,-6.677600000000000202e-02,6.170099999999999474e-01,-3.738750000000000129e-01,-7.675800000000000678e-02,3.148630000000000040e-01,-2.059000000000000066e-02,6.440600000000000491e-02,3.440529999999999977e-01,3.845259999999999789e-01,-2.552699999999999969e-01,1.286190000000000111e-01,-1.179489999999999983e-01,5.185100000000000126e-02,8.807700000000000251e-02,-5.452709999999999502e-01,-6.542120000000000157e-01,7.190330000000000332e-01,4.584590000000000054e-01,1.326600000000000001e-01,1.200429999999999969e-01,9.313999999999999363e-03
1.286254000000000008e+00,-2.861369999999999747e-01,7.887469999999999759e-01,9.700250000000000261e-01,-5.923999999999999579e-03,-3.426300000000000179e-02,-2.405059999999999976e-01,-6.185709999999999820e-01,4.358900000000000274e-02,-1.129959999999999992e-01,8.665659999999999474e-01,-1.633779999999999955e-01,8.632000000000000783e-03,-9.008499999999999841e-02,4.426599999999999979e-02,-6.680300000000000127e-02,5.527149999999999563e-01,-3.593270000000000075e-01,-6.874099999999999655e-02,3.211160000000000125e-01,-2.145700000000000038e-02,5.306500000000000106e-02,3.615160000000000040e-01,4.091520000000000157e-01,-2.469530000000000058e-01,1.630260000000000042e-01,-1.247710000000000069e-01,5.603000000000000341e-02,8.935600000000000487e-02,-5.737069999999999670e-01,-7.008849999999999802e-01,7.406380000000000186e-01,4.119439999999999769e-01,1.288970000000000116e-01,1.210939999999999933e-01,3.349200000000000094e-02
1.297247999999999957e+00,-2.863700000000000134e-01,7.920209999999999750e-01,9.710459999999999647e-01,-8.293000000000000024e-03,-3.154900000000000065e-02,-2.366540000000000032e-01,-5.645259999999999723e-01,4.725000000000000033e-02,-1.378189999999999971e-01,7.438000000000000167e-01,-1.630810000000000037e-01,4.545999999999999694e-03,-4.726099999999999746e-02,4.403900000000000176e-02,-6.791200000000000014e-02,4.891050000000000120e-01,-3.455929999999999835e-01,-6.040800000000000336e-02,3.279719999999999858e-01,-2.145999999999999991e-02,4.203300000000000092e-02,3.797809999999999797e-01,4.367300000000000071e-01,-2.407690000000000108e-01,1.995899999999999896e-01,-1.325729999999999964e-01,5.962900000000000145e-02,9.088499999999999357e-02,-6.032990000000000297e-01,-7.484330000000000149e-01,7.631559999999999455e-01,3.649220000000000241e-01,1.259200000000000041e-01,1.220320000000000016e-01,5.716600000000000154e-02
1.308114999999999917e+00,-2.865059999999999829e-01,7.951460000000000194e-01,9.720630000000000104e-01,-1.097799999999999991e-02,-2.885800000000000171e-02,-2.326819999999999999e-01,-5.116030000000000300e-01,5.215499999999999997e-02,-1.612039999999999862e-01,6.240980000000000416e-01,-1.648660000000000125e-01,1.061000000000000094e-03,-4.805000000000000243e-03,4.456000000000000238e-02,-6.911899999999999988e-02,4.266719999999999957e-01,-3.325359999999999983e-01,-5.191699999999999787e-02,3.347379999999999800e-01,-2.084899999999999948e-02,3.098199999999999912e-02,3.989019999999999788e-01,4.660279999999999978e-01,-2.354430000000000134e-01,2.368560000000000110e-01,-1.409849999999999992e-01,6.329200000000000104e-02,9.248199999999999477e-02,-6.347260000000000124e-01,-7.966229999999999700e-01,7.872909999999999631e-01,3.176410000000000067e-01,1.237049999999999955e-01,1.227940000000000004e-01,8.080299999999999983e-02
1.317825999999999942e+00,-2.865449999999999942e-01,7.956170000000000186e-01,9.721980000000000066e-01,-1.402499999999999927e-02,-2.430500000000000022e-02,-2.324710000000000110e-01,-4.647399999999999864e-01,5.844400000000000289e-02,-1.830040000000000000e-01,5.376499999999999613e-01,-1.674829999999999930e-01,-1.048900000000000006e-02,2.777400000000000008e-02,4.914799999999999724e-02,-6.682299999999999351e-02,3.702860000000000040e-01,-3.196860000000000257e-01,-4.400099999999999845e-02,3.402330000000000076e-01,-2.283999999999999919e-02,1.835699999999999832e-02,4.186429999999999874e-01,4.918600000000000194e-01,-2.218720000000000137e-01,2.944129999999999803e-01,-1.515849999999999975e-01,6.774299999999999766e-02,9.518500000000000572e-02,-6.696990000000000443e-01,-8.465500000000000247e-01,8.106590000000000185e-01,2.767270000000000008e-01,1.219989999999999963e-01,1.234360000000000041e-01,1.011660000000000059e-01
1.327461000000000002e+00,-2.866250000000000187e-01,7.960690000000000266e-01,9.723000000000000531e-01,-1.743099999999999858e-02,-1.919999999999999832e-02,-2.322919999999999985e-01,-4.203180000000000249e-01,6.574099999999999389e-02,-2.040309999999999901e-01,4.544699999999999851e-01,-1.718639999999999890e-01,-2.220099999999999851e-02,5.880300000000000110e-02,5.453600000000000114e-02,-6.571699999999999764e-02,3.149469999999999770e-01,-3.074669999999999903e-01,-3.640999999999999792e-02,3.456250000000000155e-01,-2.414300000000000126e-02,4.334000000000000179e-03,4.379060000000000175e-01,5.175370000000000248e-01,-2.071590000000000098e-01,3.527989999999999737e-01,-1.619990000000000041e-01,7.126200000000000589e-02,9.652299999999999769e-02,-7.073270000000000390e-01,-8.962419999999999831e-01,8.369879999999999542e-01,2.368780000000000052e-01,1.207020000000000037e-01,1.229169999999999985e-01,1.213309999999999944e-01
1.336905000000000010e+00,-2.867529999999999801e-01,7.964529999999999665e-01,9.723870000000000013e-01,-2.107699999999999851e-02,-1.398899999999999970e-02,-2.319990000000000108e-01,-3.771930000000000005e-01,7.335800000000000654e-02,-2.241410000000000069e-01,3.741349999999999953e-01,-1.777950000000000086e-01,-3.401300000000000157e-02,8.956999999999999684e-02,6.054699999999999666e-02,-6.455400000000000027e-02,2.598429999999999906e-01,-2.953200000000000269e-01,-2.888399999999999995e-02,3.508870000000000045e-01,-2.499600000000000086e-02,-9.877999999999999628e-03,4.558769999999999767e-01,5.423649999999999860e-01,-1.915630000000000110e-01,4.107160000000000255e-01,-1.721590000000000065e-01,7.496899999999999398e-02,9.755400000000000182e-02,-7.478270000000000195e-01,-9.458659999999999846e-01,8.660780000000000145e-01,1.966050000000000020e-01,1.198020000000000057e-01,1.227800000000000002e-01,1.413750000000000007e-01
1.346557999999999922e+00,-2.864740000000000064e-01,7.953489999999999727e-01,9.721149999999999514e-01,-2.485000000000000056e-02,-8.493000000000000549e-03,-2.330299999999999871e-01,-3.432680000000000176e-01,7.972500000000000420e-02,-2.371209999999999984e-01,3.200439999999999952e-01,-1.671570000000000000e-01,-4.721000000000000196e-02,1.104190000000000033e-01,6.621299999999999408e-02,-6.258600000000000274e-02,2.223610000000000031e-01,-2.843069999999999764e-01,-2.714799999999999852e-02,3.449909999999999921e-01,-2.122200000000000128e-02,-2.114299999999999860e-02,4.733539999999999970e-01,5.548680000000000279e-01,-1.705649999999999944e-01,4.541870000000000074e-01,-1.846240000000000103e-01,7.854899999999999383e-02,1.052450000000000052e-01,-7.718230000000000368e-01,-9.787240000000000384e-01,8.732769999999999699e-01,1.796359999999999901e-01,1.214650000000000035e-01,1.206350000000000061e-01,1.466220000000000023e-01
1.355925000000000047e+00,-2.864970000000000017e-01,7.941840000000000011e-01,9.718900000000000317e-01,-2.879100000000000062e-02,-3.475999999999999923e-03,-2.336409999999999876e-01,-3.106889999999999930e-01,8.560900000000000454e-02,-2.506769999999999832e-01,2.711359999999999881e-01,-1.591909999999999992e-01,-6.061400000000000121e-02,1.315429999999999933e-01,7.217099999999999904e-02,-6.094800000000000217e-02,1.870279999999999998e-01,-2.750219999999999887e-01,-2.117799999999999891e-02,3.400469999999999882e-01,-1.800099999999999964e-02,-2.994600000000000040e-02,4.837949999999999751e-01,5.677229999999999777e-01,-1.491180000000000005e-01,5.024690000000000545e-01,-1.974549999999999916e-01,8.015400000000000302e-02,1.106660000000000005e-01,-7.954719999999999569e-01,-1.012585999999999986e+00,8.780109999999999859e-01,1.622820000000000096e-01,1.233800000000000036e-01,1.179499999999999993e-01,1.524210000000000009e-01
1.365145000000000053e+00,-2.864820000000000144e-01,7.929549999999999654e-01,9.716569999999999929e-01,-3.281099999999999989e-02,1.487000000000000040e-03,-2.341030000000000055e-01,-2.787510000000000265e-01,9.144199999999999551e-02,-2.641020000000000034e-01,2.240709999999999924e-01,-1.520990000000000120e-01,-7.398699999999999721e-02,1.526820000000000122e-01,7.841099999999999459e-02,-5.930699999999999861e-02,1.518650000000000000e-01,-2.657510000000000150e-01,-1.532299999999999982e-02,3.357550000000000257e-01,-1.463500000000000044e-02,-3.826199999999999740e-02,4.911289999999999822e-01,5.798860000000000126e-01,-1.271329999999999960e-01,5.515940000000000287e-01,-2.100160000000000082e-01,8.096499999999999531e-02,1.148249999999999965e-01,-8.193200000000000482e-01,-1.047023000000000037e+00,8.826910000000000034e-01,1.447869999999999990e-01,1.251919999999999977e-01,1.151940000000000047e-01,1.582739999999999980e-01
1.372838000000000003e+00,-2.856400000000000050e-01,7.919779999999999598e-01,9.727529999999999788e-01,-3.542300000000000310e-02,2.340000000000000066e-03,-2.291080000000000061e-01,-2.618559999999999777e-01,8.853400000000000158e-02,-2.761609999999999898e-01,2.033059999999999867e-01,-1.332369999999999943e-01,-7.850300000000000333e-02,1.648189999999999933e-01,7.732200000000000184e-02,-6.993000000000000604e-02,1.501659999999999939e-01,-2.627169999999999783e-01,-9.232000000000000622e-03,3.282889999999999975e-01,-1.417099999999999957e-02,-3.755900000000000211e-02,4.779939999999999745e-01,5.974080000000000501e-01,-1.007009999999999988e-01,6.133560000000000123e-01,-2.268350000000000088e-01,7.580499999999999738e-02,1.235990000000000005e-01,-8.317339999999999733e-01,-1.081101000000000090e+00,8.819759999999999822e-01,1.393349999999999866e-01,1.244269999999999959e-01,1.144929999999999976e-01,1.668449999999999933e-01
1.380486000000000102e+00,-2.847379999999999911e-01,7.911230000000000206e-01,9.737400000000000500e-01,-3.790400000000000019e-02,4.749999999999999882e-03,-2.244339999999999946e-01,-2.477830000000000032e-01,8.667900000000000604e-02,-2.879140000000000033e-01,1.810769999999999880e-01,-1.133720000000000006e-01,-8.287700000000000622e-02,1.726280000000000037e-01,7.672500000000000153e-02,-8.001300000000000079e-02,1.498960000000000015e-01,-2.598960000000000159e-01,-2.322999999999999978e-03,3.195830000000000060e-01,-1.342600000000000043e-02,-4.172100000000000114e-02,4.712390000000000190e-01,6.133870000000000156e-01,-7.201299999999999368e-02,6.669180000000000108e-01,-2.431220000000000048e-01,7.332500000000000129e-02,1.333459999999999923e-01,-8.460469999999999935e-01,-1.113011999999999890e+00,8.854710000000000081e-01,1.354940000000000033e-01,1.227540000000000020e-01,1.131859999999999949e-01,1.752579999999999971e-01
1.388198000000000043e+00,-2.838200000000000167e-01,7.902019999999999600e-01,9.747120000000000228e-01,-4.020499999999999768e-02,7.387000000000000337e-03,-2.196919999999999984e-01,-2.345009999999999872e-01,8.473999999999999588e-02,-2.997299999999999964e-01,1.591529999999999889e-01,-9.370599999999999763e-02,-8.707299999999999762e-02,1.798170000000000046e-01,7.600500000000000311e-02,-9.015399999999999803e-02,1.497789999999999955e-01,-2.571260000000000212e-01,4.519999999999999712e-03,3.102980000000000183e-01,-1.304499999999999930e-02,-4.653800000000000298e-02,4.646719999999999740e-01,6.293570000000000553e-01,-4.232799999999999757e-02,7.195679999999999854e-01,-2.592800000000000105e-01,7.123699999999999477e-02,1.424020000000000008e-01,-8.616930000000000422e-01,-1.144198000000000048e+00,8.906939999999999857e-01,1.321160000000000112e-01,1.210870000000000002e-01,1.117800000000000044e-01,1.835809999999999942e-01
1.394408000000000092e+00,-2.827160000000000228e-01,7.906619999999999759e-01,9.754789999999999850e-01,-3.943800000000000083e-02,8.250000000000000389e-03,-2.163720000000000088e-01,-2.279090000000000005e-01,7.534799999999999831e-02,-2.972009999999999930e-01,1.650979999999999948e-01,-8.701399999999999413e-02,-8.428299999999999681e-02,1.867580000000000073e-01,6.876000000000000167e-02,-9.899800000000000266e-02,1.489179999999999948e-01,-2.497610000000000108e-01,7.592999999999999923e-03,2.991710000000000202e-01,-1.438399999999999922e-02,-4.384699999999999709e-02,4.583990000000000009e-01,6.359719999999999818e-01,-4.064600000000000157e-02,7.503410000000000357e-01,-2.653200000000000003e-01,7.087400000000000644e-02,1.376340000000000063e-01,-8.587089999999999446e-01,-1.156301999999999941e+00,8.908439999999999692e-01,1.385010000000000130e-01,1.179550000000000043e-01,1.129450000000000037e-01,1.952579999999999871e-01
1.400590000000000002e+00,-2.816930000000000267e-01,7.911179999999999879e-01,9.762330000000000174e-01,-3.853100000000000275e-02,9.211000000000000437e-03,-2.130700000000000094e-01,-2.220630000000000104e-01,6.555700000000000416e-02,-2.944979999999999820e-01,1.721910000000000107e-01,-8.107399999999999329e-02,-8.148700000000000387e-02,1.936859999999999971e-01,6.139300000000000312e-02,-1.071560000000000012e-01,1.479499999999999982e-01,-2.427159999999999873e-01,1.273499999999999979e-02,2.889329999999999954e-01,-1.671500000000000069e-02,-4.167300000000000171e-02,4.522209999999999841e-01,6.432170000000000387e-01,-3.907299999999999662e-02,7.794029999999999569e-01,-2.711270000000000069e-01,7.170600000000000585e-02,1.330850000000000088e-01,-8.528569999999999762e-01,-1.168323000000000000e+00,8.883130000000000193e-01,1.451659999999999895e-01,1.138870000000000021e-01,1.133679999999999966e-01,2.072380000000000055e-01
1.406789000000000067e+00,-2.807109999999999883e-01,7.915950000000000486e-01,9.769710000000000338e-01,-3.755399999999999711e-02,1.020300000000000026e-02,-2.097940000000000083e-01,-2.163710000000000078e-01,5.558400000000000146e-02,-2.917190000000000061e-01,1.792910000000000059e-01,-7.519800000000000095e-02,-7.870299999999999518e-02,2.005959999999999965e-01,5.401600000000000151e-02,-1.152640000000000053e-01,1.470329999999999970e-01,-2.357420000000000071e-01,1.786099999999999841e-02,2.789739999999999998e-01,-1.941999999999999976e-02,-3.966599999999999987e-02,4.457300000000000151e-01,6.506300000000000416e-01,-3.743200000000000000e-02,8.082270000000000287e-01,-2.767850000000000033e-01,7.270200000000000273e-02,1.283640000000000059e-01,-8.458369999999999500e-01,-1.180342999999999920e+00,8.846990000000000132e-01,1.516889999999999905e-01,1.095929999999999960e-01,1.136790000000000023e-01,2.192570000000000074e-01
1.414074000000000053e+00,-2.799260000000000081e-01,7.921780000000000488e-01,9.766080000000000316e-01,-3.589500000000000329e-02,1.160100000000000020e-02,-2.116919999999999913e-01,-2.064529999999999976e-01,4.909499999999999975e-02,-2.856049999999999978e-01,1.767009999999999970e-01,-7.216899999999999704e-02,-7.170200000000000184e-02,2.070760000000000101e-01,4.434899999999999953e-02,-1.172200000000000047e-01,1.435400000000000009e-01,-2.268679999999999863e-01,2.465499999999999983e-02,2.695259999999999878e-01,-2.010699999999999987e-02,-3.857900000000000218e-02,4.480720000000000258e-01,6.532480000000000508e-01,-4.426599999999999979e-02,8.142629999999999590e-01,-2.728960000000000274e-01,7.434000000000000330e-02,1.217170000000000057e-01,-8.386679999999999691e-01,-1.180320999999999954e+00,8.897389999999999466e-01,1.512120000000000131e-01,1.034700000000000064e-01,1.175910000000000011e-01,2.274450000000000083e-01
1.421570999999999918e+00,-2.798329999999999984e-01,7.925630000000000175e-01,9.765230000000000299e-01,-3.276500000000000246e-02,1.100800000000000042e-02,-2.126200000000000034e-01,-1.955689999999999928e-01,3.731399999999999995e-02,-2.799889999999999879e-01,1.811069999999999902e-01,-7.363999999999999713e-02,-6.429100000000000092e-02,2.150299999999999989e-01,3.058299999999999907e-02,-1.213420000000000054e-01,1.479219999999999979e-01,-2.243590000000000029e-01,3.120300000000000157e-02,2.632369999999999988e-01,-2.861000000000000001e-02,-3.239500000000000018e-02,4.399839999999999862e-01,6.631850000000000245e-01,-5.552800000000000097e-02,8.287689999999999779e-01,-2.683740000000000014e-01,7.599100000000000299e-02,1.143509999999999943e-01,-8.187280000000000113e-01,-1.178949000000000025e+00,8.795020000000000060e-01,1.529749999999999999e-01,9.339100000000000179e-02,1.199149999999999938e-01,2.367900000000000005e-01
1.428992000000000040e+00,-2.795300000000000007e-01,7.930730000000000279e-01,9.762790000000000079e-01,-3.016699999999999937e-02,1.121699999999999954e-02,-2.141129999999999978e-01,-1.847550000000000026e-01,2.781300000000000092e-02,-2.738320000000000198e-01,1.818520000000000136e-01,-7.297099999999999420e-02,-5.708200000000000079e-02,2.225370000000000126e-01,1.849400000000000002e-02,-1.243739999999999984e-01,1.488379999999999981e-01,-2.191919999999999980e-01,3.755599999999999911e-02,2.569819999999999882e-01,-3.472299999999999692e-02,-2.844100000000000100e-02,4.359569999999999834e-01,6.710180000000000033e-01,-6.557100000000000428e-02,8.389860000000000095e-01,-2.641299999999999759e-01,7.780199999999999616e-02,1.073220000000000007e-01,-8.004329999999999501e-01,-1.178606999999999960e+00,8.720620000000000038e-01,1.526200000000000057e-01,8.415400000000000658e-02,1.227860000000000062e-01,2.457689999999999875e-01
1.434511000000000092e+00,-2.785190000000000166e-01,7.935119999999999951e-01,9.753439999999999888e-01,-2.662199999999999983e-02,1.149900000000000054e-02,-2.187749999999999972e-01,-1.835430000000000117e-01,1.642899999999999916e-02,-2.665710000000000024e-01,1.914190000000000058e-01,-7.149400000000000199e-02,-5.114500000000000296e-02,2.278560000000000030e-01,4.067999999999999568e-03,-1.226450000000000040e-01,1.436510000000000009e-01,-2.177310000000000079e-01,4.540000000000000285e-02,2.538480000000000181e-01,-3.773900000000000171e-02,-2.238000000000000059e-02,4.273109999999999964e-01,6.609399999999999720e-01,-5.781900000000000234e-02,8.530790000000000317e-01,-2.722229999999999928e-01,7.727399999999999547e-02,1.145869999999999944e-01,-7.794459999999999722e-01,-1.168830999999999953e+00,8.701029999999999598e-01,1.603259999999999963e-01,7.855199999999999683e-02,1.278910000000000047e-01,2.464709999999999956e-01
1.440109000000000083e+00,-2.778539999999999899e-01,7.937499999999999556e-01,9.744859999999999634e-01,-2.266299999999999912e-02,1.091999999999999915e-02,-2.230330000000000090e-01,-1.826810000000000100e-01,3.174999999999999871e-03,-2.595379999999999909e-01,2.057180000000000120e-01,-7.337699999999999778e-02,-4.538799999999999779e-02,2.334469999999999879e-01,-1.160500000000000073e-02,-1.218899999999999983e-01,1.426810000000000023e-01,-2.188180000000000125e-01,5.283600000000000102e-02,2.518199999999999883e-01,-4.389099999999999946e-02,-1.420500000000000061e-02,4.137020000000000142e-01,6.539289999999999825e-01,-5.202799999999999786e-02,8.724189999999999445e-01,-2.805989999999999873e-01,7.566399999999999515e-02,1.223700000000000065e-01,-7.541860000000000230e-01,-1.156738999999999962e+00,8.627019999999999689e-01,1.702579999999999927e-01,7.086900000000000144e-02,1.314269999999999883e-01,2.472149999999999903e-01
1.445742000000000083e+00,-2.775139999999999829e-01,7.938039999999999541e-01,9.737230000000000052e-01,-1.822899999999999868e-02,8.904000000000000456e-03,-2.268290000000000028e-01,-1.816210000000000047e-01,-1.230700000000000023e-02,-2.528420000000000112e-01,2.260520000000000029e-01,-7.895399999999999641e-02,-3.973700000000000149e-02,2.399999999999999911e-01,-2.884899999999999964e-02,-1.222749999999999948e-01,1.473389999999999977e-01,-2.239359999999999962e-01,6.013899999999999801e-02,2.544939999999999980e-01,-5.466000000000000025e-02,-1.994999999999999812e-03,3.905580000000000163e-01,6.531900000000000484e-01,-5.175699999999999745e-02,8.998760000000000092e-01,-2.897120000000000251e-01,7.193099999999999494e-02,1.296599999999999975e-01,-7.172380000000000422e-01,-1.143763000000000085e+00,8.413720000000000088e-01,1.812219999999999942e-01,5.931000000000000161e-02,1.323529999999999984e-01,2.488430000000000086e-01
1.449365999999999932e+00,-2.752209999999999934e-01,7.931890000000000329e-01,9.721539999999999626e-01,-1.543500000000000080e-02,6.303999999999999708e-03,-2.337480000000000113e-01,-1.808909999999999962e-01,-2.410699999999999996e-02,-2.428970000000000018e-01,2.437860000000000027e-01,-8.536100000000000632e-02,-2.981800000000000075e-02,2.269029999999999936e-01,-4.593900000000000067e-02,-1.085990000000000011e-01,1.786409999999999942e-01,-2.327069999999999972e-01,7.388200000000000323e-02,2.544819999999999860e-01,-5.695800000000000168e-02,1.060999999999999964e-02,3.696789999999999798e-01,6.352100000000000524e-01,-6.222199999999999953e-02,8.982740000000000169e-01,-2.961960000000000148e-01,6.712899999999999423e-02,1.388270000000000060e-01,-6.707509999999999861e-01,-1.108657999999999921e+00,8.201399999999999801e-01,1.977820000000000134e-01,5.137100000000000000e-02,1.363880000000000092e-01,2.479709999999999970e-01
1.453198999999999907e+00,-2.728300000000000169e-01,7.926189999999999625e-01,9.704939999999999678e-01,-1.281599999999999927e-02,4.173999999999999759e-03,-2.407489999999999908e-01,-1.810489999999999877e-01,-3.521900000000000031e-02,-2.329370000000000052e-01,2.615879999999999872e-01,-9.220299999999999330e-02,-1.959899999999999837e-02,2.120589999999999975e-01,-6.226600000000000190e-02,-9.467399999999999427e-02,2.117130000000000123e-01,-2.419810000000000016e-01,8.784699999999999454e-02,2.545290000000000052e-01,-5.909600000000000269e-02,2.169700000000000101e-02,3.511110000000000064e-01,6.168649999999999967e-01,-7.172000000000000597e-02,8.944729999999999626e-01,-3.025280000000000191e-01,6.335000000000000353e-02,1.488059999999999938e-01,-6.258970000000000367e-01,-1.071490999999999971e+00,8.007279999999999953e-01,2.138460000000000083e-01,4.251499999999999724e-02,1.390550000000000119e-01,2.469850000000000101e-01
1.456998999999999933e+00,-2.704199999999999937e-01,7.921859999999999458e-01,9.687700000000000200e-01,-1.036199999999999968e-02,2.139999999999999975e-03,-2.477340000000000098e-01,-1.814479999999999982e-01,-4.596299999999999691e-02,-2.231410000000000060e-01,2.796120000000000272e-01,-9.919899999999999551e-02,-9.329999999999999752e-03,1.971060000000000034e-01,-7.796100000000000252e-02,-8.080500000000000183e-02,2.448649999999999993e-01,-2.513540000000000219e-01,1.022369999999999945e-01,2.544390000000000263e-01,-6.090500000000000080e-02,3.235299999999999981e-02,3.334559999999999746e-01,5.980980000000000185e-01,-8.053699999999999748e-02,8.903069999999999595e-01,-3.087429999999999897e-01,5.967100000000000182e-02,1.589109999999999967e-01,-5.827689999999999815e-01,-1.032426999999999984e+00,7.823259999999999659e-01,2.276579999999999993e-01,3.281400000000000289e-02,1.413719999999999977e-01,2.464570000000000094e-01
1.463459999999999983e+00,-2.675969999999999738e-01,7.929730000000000389e-01,9.674639999999999906e-01,-1.583000000000000032e-02,-1.250999999999999942e-03,-2.525120000000000142e-01,-1.754640000000000088e-01,-4.440500000000000003e-02,-2.197639999999999871e-01,3.043810000000000127e-01,-1.115880000000000066e-01,-2.893000000000000172e-03,1.162310000000000010e-01,-7.236299999999999677e-02,-6.115199999999999803e-02,3.891330000000000067e-01,-2.358230000000000048e-01,6.269900000000000473e-02,2.419020000000000059e-01,-3.917899999999999855e-02,5.233800000000000258e-02,3.077449999999999908e-01,5.738069999999999560e-01,-1.030839999999999951e-01,9.141280000000000516e-01,-3.201669999999999794e-01,5.663699999999999984e-02,1.672730000000000050e-01,-5.300219999999999931e-01,-9.711739999999999817e-01,7.583539999999999726e-01,2.819260000000000099e-01,2.067199999999999940e-02,1.466749999999999998e-01,2.313520000000000021e-01
1.469228999999999896e+00,-2.645919999999999939e-01,7.937359999999999971e-01,9.659079999999999888e-01,-2.106699999999999892e-02,-3.170000000000000075e-03,-2.580060000000000131e-01,-1.747309999999999974e-01,-4.216000000000000303e-02,-2.153660000000000019e-01,3.315719999999999779e-01,-1.240789999999999949e-01,2.873999999999999819e-03,2.232299999999999909e-02,-6.546499999999999542e-02,-4.332400000000000140e-02,5.531549999999999523e-01,-2.291660000000000086e-01,2.529599999999999904e-02,2.322089999999999987e-01,-1.791099999999999984e-02,7.098899999999999655e-02,2.776549999999999851e-01,5.495889999999999942e-01,-1.273519999999999930e-01,9.425750000000000517e-01,-3.326270000000000060e-01,5.204000000000000292e-02,1.746850000000000069e-01,-4.795349999999999890e-01,-9.069559999999999844e-01,7.327590000000000492e-01,3.360139999999999794e-01,6.426000000000000288e-03,1.484890000000000099e-01,2.164000000000000090e-01
1.474350000000000049e+00,-2.615379999999999927e-01,7.942150000000000043e-01,9.641619999999999635e-01,-2.503899999999999876e-02,-4.503000000000000058e-03,-2.640919999999999934e-01,-1.774360000000000104e-01,-4.196400000000000130e-02,-2.091909999999999881e-01,3.600519999999999832e-01,-1.361479999999999912e-01,8.597000000000000475e-03,-7.834800000000000098e-02,-5.973300000000000137e-02,-2.695099999999999926e-02,7.272490000000000343e-01,-2.267710000000000004e-01,-9.502000000000000030e-03,2.238999999999999879e-01,1.121999999999999950e-03,8.997800000000000242e-02,2.464280000000000082e-01,5.246800000000000352e-01,-1.509979999999999933e-01,9.720750000000000224e-01,-3.455699999999999883e-01,4.708999999999999991e-02,1.813859999999999917e-01,-4.314640000000000142e-01,-8.407440000000000468e-01,7.051680000000000170e-01,3.847510000000000097e-01,-8.883999999999999536e-03,1.494109999999999883e-01,2.025000000000000133e-01
1.477392000000000039e+00,-2.578650000000000109e-01,7.917049999999999921e-01,9.630260000000000487e-01,-2.528299999999999992e-02,-5.305999999999999953e-03,-2.681669999999999887e-01,-1.983469999999999955e-01,-5.266599999999999754e-02,-2.044199999999999906e-01,4.097790000000000044e-01,-1.517080000000000095e-01,1.376400000000000019e-02,-1.752289999999999959e-01,-5.656400000000000317e-02,-3.367599999999999760e-02,8.510870000000000379e-01,-2.239069999999999949e-01,-5.277099999999999846e-02,2.088329999999999909e-01,7.803000000000000040e-03,1.190480000000000010e-01,2.017410000000000037e-01,5.007789999999999742e-01,-1.779820000000000013e-01,1.001711000000000018e+00,-3.610880000000000201e-01,4.025600000000000012e-02,1.871790000000000120e-01,-3.827220000000000066e-01,-7.548190000000000177e-01,6.382700000000000040e-01,4.184769999999999879e-01,-1.955000000000000140e-03,1.449890000000000068e-01,1.583179999999999865e-01
1.480278999999999900e+00,-2.540769999999999973e-01,7.891059999999999741e-01,9.618370000000000530e-01,-2.558900000000000063e-02,-6.315000000000000301e-03,-2.723499999999999810e-01,-2.199510000000000076e-01,-6.337500000000000078e-02,-1.991850000000000009e-01,4.613740000000000063e-01,-1.680669999999999942e-01,1.880700000000000080e-02,-2.701979999999999937e-01,-5.534499999999999836e-02,-4.168199999999999683e-02,9.729799999999999560e-01,-2.212729999999999975e-01,-9.751999999999999558e-02,1.952929999999999944e-01,1.404500000000000019e-02,1.493569999999999898e-01,1.559800000000000075e-01,4.767399999999999971e-01,-2.048449999999999993e-01,1.032213000000000047e+00,-3.770439999999999903e-01,3.335599999999999676e-02,1.918030000000000013e-01,-3.331120000000000192e-01,-6.676739999999999897e-01,5.656079999999999997e-01,4.425439999999999929e-01,3.899999999999999821e-03,1.382889999999999953e-01,1.157060000000000033e-01
1.482888999999999902e+00,-2.499969999999999970e-01,7.863710000000000422e-01,9.605890000000000262e-01,-2.551300000000000096e-02,-7.556000000000000216e-03,-2.766979999999999995e-01,-2.425990000000000091e-01,-7.529700000000000282e-02,-1.927449999999999997e-01,5.146290000000000031e-01,-1.848100000000000021e-01,2.425100000000000172e-02,-3.645729999999999804e-01,-5.728099999999999858e-02,-4.951400000000000245e-02,1.095053000000000054e+00,-2.197840000000000071e-01,-1.434620000000000062e-01,1.818140000000000034e-01,1.991599999999999968e-02,1.806780000000000053e-01,1.104440000000000005e-01,4.506370000000000098e-01,-2.305570000000000119e-01,1.062659000000000020e+00,-3.933170000000000277e-01,2.676600000000000160e-02,1.962280000000000135e-01,-2.847060000000000146e-01,-5.796609999999999818e-01,4.885660000000000003e-01,4.563760000000000039e-01,8.144000000000000197e-03,1.307959999999999956e-01,7.679700000000000415e-02
1.482566000000000050e+00,-2.464330000000000132e-01,7.811919999999999975e-01,9.594230000000000258e-01,-2.519300000000000012e-02,-8.255000000000000185e-03,-2.807209999999999983e-01,-2.731230000000000047e-01,-8.354300000000000614e-02,-1.844119999999999926e-01,5.725310000000000121e-01,-2.055160000000000042e-01,2.951099999999999904e-02,-4.661739999999999773e-01,-4.409899999999999931e-02,-5.363400000000000112e-02,1.203697999999999935e+00,-2.345659999999999967e-01,-1.420710000000000028e-01,1.647230000000000083e-01,2.719699999999999895e-02,2.158229999999999871e-01,6.167500000000000066e-02,4.286960000000000215e-01,-2.599090000000000011e-01,1.085372000000000003e+00,-4.039860000000000118e-01,2.266100000000000059e-02,1.966579999999999995e-01,-2.541059999999999985e-01,-4.750869999999999815e-01,4.208669999999999911e-01,4.397989999999999955e-01,2.730199999999999988e-02,1.139479999999999937e-01,3.278699999999999670e-02
1.482879000000000058e+00,-2.455759999999999887e-01,7.754370000000000429e-01,9.583890000000000464e-01,-2.455799999999999997e-02,-1.120200000000000015e-02,-2.841870000000000229e-01,-3.008319999999999883e-01,-9.270699999999999774e-02,-1.768490000000000062e-01,6.421360000000000401e-01,-2.372809999999999919e-01,3.305799999999999711e-02,-5.600100000000000078e-01,-3.286200000000000232e-02,-6.232700000000000046e-02,1.318910000000000027e+00,-2.600959999999999939e-01,-1.441199999999999981e-01,1.449630000000000085e-01,3.329200000000000215e-02,2.585600000000000120e-01,1.434200000000000058e-02,4.076000000000000179e-01,-2.836710000000000065e-01,1.103251999999999899e+00,-4.145800000000000041e-01,2.032600000000000032e-02,1.929319999999999924e-01,-2.257450000000000012e-01,-3.765930000000000111e-01,3.461409999999999765e-01,4.119670000000000276e-01,4.732000000000000095e-02,9.691800000000000415e-02,-7.079999999999999705e-04
1.481166999999999900e+00,-2.418250000000000122e-01,7.681700000000000195e-01,9.573779999999999513e-01,-2.282700000000000007e-02,-1.176100000000000062e-02,-2.876940000000000053e-01,-3.426660000000000261e-01,-1.048100000000000004e-01,-1.666910000000000058e-01,7.172380000000000422e-01,-2.650759999999999783e-01,3.753499999999999892e-02,-6.677180000000000337e-01,-2.410199999999999843e-02,-6.917500000000000038e-02,1.438028000000000084e+00,-2.805199999999999916e-01,-1.438520000000000076e-01,1.252959999999999907e-01,3.608499999999999902e-02,2.968919999999999892e-01,-3.923700000000000104e-02,3.849279999999999924e-01,-3.091769999999999796e-01,1.129272000000000054e+00,-4.267779999999999907e-01,1.675499999999999906e-02,1.908279999999999976e-01,-1.988630000000000120e-01,-2.698280000000000123e-01,2.697419999999999818e-01,3.872680000000000011e-01,6.775499999999999579e-02,7.482500000000000262e-02,-4.070399999999999713e-02
1.480941999999999981e+00,-2.385170000000000068e-01,7.617949999999999999e-01,9.553869999999999862e-01,-2.053800000000000070e-02,-1.266800000000000044e-02,-2.943680000000000185e-01,-3.684549999999999770e-01,-1.108630000000000032e-01,-1.496220000000000050e-01,7.637260000000000160e-01,-2.840230000000000254e-01,4.207000000000000323e-02,-7.406970000000000498e-01,-8.443000000000000851e-03,-8.757199999999999707e-02,1.487432000000000087e+00,-2.823169999999999846e-01,-1.356590000000000018e-01,1.026829999999999965e-01,2.988700000000000037e-02,3.268559999999999799e-01,-7.931399999999999562e-02,3.765749999999999931e-01,-3.231620000000000048e-01,1.125610999999999917e+00,-4.221659999999999857e-01,1.191099999999999971e-02,1.894280000000000130e-01,-1.630419999999999925e-01,-2.023550000000000071e-01,2.151649999999999952e-01,3.150800000000000267e-01,5.753199999999999981e-02,5.604100000000000054e-02,-3.908799999999999775e-02
1.480563000000000073e+00,-2.354380000000000084e-01,7.550540000000000029e-01,9.533970000000000500e-01,-1.856800000000000117e-02,-1.370399999999999917e-02,-3.008330000000000171e-01,-3.964570000000000038e-01,-1.161200000000000010e-01,-1.329269999999999896e-01,8.160709999999999908e-01,-3.063259999999999872e-01,4.616300000000000264e-02,-8.138339999999999463e-01,6.552999999999999797e-03,-1.086499999999999966e-01,1.538975999999999900e+00,-2.860429999999999917e-01,-1.284970000000000001e-01,7.950999999999999734e-02,2.371099999999999944e-02,3.583390000000000186e-01,-1.203020000000000062e-01,3.680649999999999755e-01,-3.354349999999999832e-01,1.120514999999999928e+00,-4.163950000000000151e-01,8.665000000000000827e-03,1.884589999999999876e-01,-1.276670000000000027e-01,-1.374029999999999974e-01,1.604369999999999963e-01,2.419930000000000136e-01,4.884800000000000253e-02,3.991600000000000009e-02,-3.770699999999999746e-02
1.480207999999999968e+00,-2.321799999999999975e-01,7.481680000000000552e-01,9.514439999999999564e-01,-1.662399999999999989e-02,-1.477299999999999967e-02,-3.070180000000000131e-01,-4.252710000000000101e-01,-1.212189999999999934e-01,-1.162750000000000034e-01,8.698740000000000361e-01,-3.292539999999999911e-01,5.038200000000000317e-02,-8.869690000000000074e-01,2.027299999999999935e-02,-1.311640000000000028e-01,1.590959000000000012e+00,-2.904999999999999805e-01,-1.214859999999999968e-01,5.577700000000000019e-02,1.722500000000000073e-02,3.898260000000000058e-01,-1.614140000000000019e-01,3.592710000000000070e-01,-3.472790000000000044e-01,1.114972999999999992e+00,-4.104269999999999863e-01,5.845000000000000369e-03,1.875280000000000002e-01,-9.490500000000000325e-02,-7.491599999999999648e-02,1.089760000000000034e-01,1.777449999999999863e-01,4.362800000000000011e-02,2.504199999999999829e-02,-3.811300000000000104e-02
1.479271999999999920e+00,-2.293240000000000001e-01,7.422140000000000404e-01,9.497560000000000446e-01,-1.632700000000000123e-02,-1.334100000000000043e-02,-3.122800000000000020e-01,-4.520009999999999861e-01,-1.203609999999999958e-01,-1.058650000000000008e-01,9.097490000000000299e-01,-3.486899999999999999e-01,5.480299999999999755e-02,-9.697569999999999801e-01,3.850599999999999856e-02,-1.477519999999999945e-01,1.656746000000000052e+00,-2.903800000000000270e-01,-1.130160000000000053e-01,3.232800000000000257e-02,1.359400000000000018e-02,4.147660000000000236e-01,-1.942339999999999900e-01,3.634080000000000088e-01,-3.519039999999999946e-01,1.108003999999999989e+00,-4.034039999999999848e-01,4.218000000000000395e-03,1.870390000000000108e-01,-6.331299999999999428e-02,-4.614800000000000152e-02,7.212999999999999967e-02,1.077229999999999993e-01,2.645099999999999882e-02,1.537099999999999925e-02,-2.428100000000000050e-02
1.478521999999999892e+00,-2.263060000000000072e-01,7.364150000000000418e-01,9.481070000000000331e-01,-1.558499999999999990e-02,-1.115299999999999972e-02,-3.173730000000000162e-01,-4.801099999999999812e-01,-1.199999999999999956e-01,-9.521200000000000496e-02,9.483749999999999680e-01,-3.670760000000000134e-01,5.976800000000000168e-02,-1.054006999999999916e+00,5.570599999999999857e-02,-1.650610000000000133e-01,1.721907000000000076e+00,-2.903310000000000057e-01,-1.037870000000000043e-01,7.119000000000000328e-03,1.050000000000000065e-02,4.367679999999999896e-01,-2.248749999999999916e-01,3.661590000000000122e-01,-3.554849999999999954e-01,1.100052000000000030e+00,-3.959610000000000074e-01,2.638999999999999853e-03,1.860090000000000077e-01,-3.456999999999999656e-02,-2.377299999999999899e-02,4.302700000000000274e-02,5.236899999999999888e-02,1.490299999999999958e-02,8.493000000000000549e-03,-1.241199999999999942e-02
1.477730999999999906e+00,-2.231180000000000108e-01,7.305279999999999552e-01,9.465339999999999865e-01,-1.456000000000000003e-02,-8.665000000000000827e-03,-3.221579999999999999e-01,-5.092830000000000412e-01,-1.200429999999999969e-01,-8.471499999999999864e-02,9.871480000000000254e-01,-3.852119999999999989e-01,6.485299999999999399e-02,-1.138989999999999947e+00,7.161599999999999910e-02,-1.838019999999999932e-01,1.787082999999999977e+00,-2.907379999999999964e-01,-9.449200000000000654e-02,-1.901299999999999865e-02,7.053000000000000241e-03,4.573329999999999895e-01,-2.548900000000000055e-01,3.687529999999999974e-01,-3.590960000000000263e-01,1.091755999999999949e+00,-3.883869999999999822e-01,1.108999999999999960e-03,1.849580000000000113e-01,-1.091899999999999989e-02,-4.852000000000000410e-03,2.210600000000000065e-02,1.643800000000000122e-02,1.064000000000000015e-02,2.471999999999999805e-03,-5.347000000000000190e-03
1.477384999999999948e+00,-2.198150000000000104e-01,7.265099999999999891e-01,9.448490000000000499e-01,-1.459700000000000060e-02,-5.939999999999999968e-03,-3.271259999999999724e-01,-5.309920000000000195e-01,-1.189909999999999995e-01,-7.900699999999999390e-02,1.011994999999999978e+00,-3.963960000000000261e-01,6.786899999999999877e-02,-1.211953000000000058e+00,7.645499999999999519e-02,-2.005560000000000120e-01,1.819225000000000092e+00,-2.963390000000000191e-01,-9.245200000000000640e-02,-3.934599999999999903e-02,6.379000000000000122e-03,4.676339999999999941e-01,-2.635529999999999817e-01,3.740919999999999801e-01,-3.600590000000000179e-01,1.077917999999999932e+00,-3.819110000000000005e-01,-9.190000000000000035e-04,1.839890000000000136e-01,-1.936000000000000004e-03,-2.899000000000000101e-03,6.705000000000000022e-03,-1.209999999999999921e-03,3.099000000000000192e-03,1.275000000000000092e-03,2.069999999999999900e-04
1.477077999999999891e+00,-2.164709999999999968e-01,7.229839999999999600e-01,9.431479999999999864e-01,-1.515999999999999986e-02,-3.429000000000000190e-03,-3.320100000000000273e-01,-5.501660000000000439e-01,-1.169739999999999946e-01,-7.434000000000000330e-02,1.034003000000000005e+00,-4.063780000000000170e-01,7.069799999999999696e-02,-1.282316999999999929e+00,8.112500000000000266e-02,-2.185630000000000073e-01,1.848819999999999908e+00,-3.014479999999999937e-01,-9.082099999999999895e-02,-6.083899999999999725e-02,7.028999999999999658e-03,4.777429999999999732e-01,-2.690910000000000246e-01,3.788880000000000026e-01,-3.605300000000000171e-01,1.061217000000000077e+00,-3.753079999999999750e-01,-2.546000000000000086e-03,1.837699999999999889e-01,1.833999999999999910e-03,-1.191000000000000001e-03,-1.997000000000000077e-03,-1.740000000000000010e-03,1.340000000000000045e-04,-5.300000000000000078e-05,1.877999999999999895e-03
1.476774999999999949e+00,-2.130259999999999931e-01,7.195880000000000054e-01,9.414690000000000003e-01,-1.588300000000000128e-02,-1.088999999999999907e-03,-3.367220000000000213e-01,-5.686499999999999888e-01,-1.149209999999999954e-01,-7.008699999999999652e-02,1.055744000000000016e+00,-4.162230000000000096e-01,7.355899999999999939e-02,-1.351836999999999955e+00,8.507000000000000672e-02,-2.371240000000000014e-01,1.877966999999999942e+00,-3.065950000000000064e-01,-8.942400000000000349e-02,-8.302900000000000558e-02,7.874000000000000790e-03,4.880650000000000266e-01,-2.739449999999999941e-01,3.836990000000000123e-01,-3.608799999999999786e-01,1.043728999999999907e+00,-3.686780000000000057e-01,-3.834000000000000168e-03,1.838380000000000014e-01,7.280000000000000230e-04,2.841000000000000209e-03,-5.975000000000000276e-03,9.442000000000000740e-03,-9.100000000000000287e-05,-2.161000000000000160e-03,-5.959999999999999586e-04
1.476707999999999910e+00,-2.105299999999999949e-01,7.190720000000000445e-01,9.395940000000000403e-01,-1.602599999999999858e-02,5.367000000000000243e-03,-3.418729999999999825e-01,-5.849490000000000522e-01,-1.095819999999999989e-01,-6.993299999999999517e-02,1.057544999999999957e+00,-4.195720000000000005e-01,7.368900000000000450e-02,-1.371118000000000059e+00,9.482500000000000651e-02,-2.454949999999999910e-01,1.886546000000000056e+00,-3.006909999999999861e-01,-8.550800000000000067e-02,-1.002299999999999996e-01,1.190500000000000065e-02,4.791650000000000076e-01,-2.861799999999999899e-01,4.157219999999999804e-01,-3.204110000000000014e-01,1.037981999999999960e+00,-3.742989999999999928e-01,-6.850000000000000186e-03,1.989509999999999890e-01,2.954000000000000029e-03,-1.487999999999999956e-03,-5.002999999999999635e-03,5.205000000000000425e-03,6.999999999999999387e-05,-1.518000000000000035e-03,8.360000000000000460e-04
1.476425000000000098e+00,-2.079199999999999937e-01,7.193770000000000442e-01,9.373780000000000445e-01,-1.675000000000000100e-02,1.068000000000000026e-02,-3.477469999999999728e-01,-5.961070000000000535e-01,-1.024110000000000020e-01,-6.947100000000000497e-02,1.054796000000000067e+00,-4.211429999999999896e-01,7.359400000000000663e-02,-1.385942000000000007e+00,1.066919999999999952e-01,-2.541720000000000090e-01,1.891799999999999926e+00,-2.935889999999999889e-01,-8.142099999999999338e-02,-1.171579999999999983e-01,1.522500000000000069e-02,4.732080000000000175e-01,-2.987549999999999928e-01,4.483869999999999800e-01,-2.784710000000000241e-01,1.035692000000000057e+00,-3.801269999999999927e-01,-1.188499999999999973e-02,2.128460000000000074e-01,1.991999999999999847e-03,-1.724999999999999971e-03,-3.099999999999999999e-04,-2.445000000000000125e-03,-1.229000000000000058e-03,4.840000000000000010e-04,-4.090000000000000211e-04
1.476037000000000043e+00,-2.051939999999999875e-01,7.197829999999999506e-01,9.350579999999999448e-01,-1.764299999999999896e-02,1.543300000000000054e-02,-3.537190000000000056e-01,-6.056169999999999609e-01,-9.493600000000000649e-02,-6.898700000000000665e-02,1.051384000000000096e+00,-4.224820000000000242e-01,7.341599999999999515e-02,-1.399329000000000045e+00,1.188889999999999947e-01,-2.630730000000000013e-01,1.896536999999999917e+00,-2.863649999999999807e-01,-7.732200000000000184e-02,-1.339889999999999970e-01,1.829300000000000023e-02,4.687169999999999948e-01,-3.110620000000000052e-01,4.816810000000000258e-01,-2.362430000000000085e-01,1.034373999999999905e+00,-3.858929999999999860e-01,-1.750499999999999973e-02,2.258020000000000027e-01,-5.829999999999999679e-04,9.529999999999999626e-04,6.089999999999999927e-03,-1.672699999999999881e-02,-5.485000000000000292e-03,2.125000000000000153e-03,-2.109000000000000197e-03
1.476220000000000088e+00,-2.026769999999999960e-01,7.238409999999999567e-01,9.310960000000000347e-01,-1.752300000000000038e-02,2.234699999999999881e-02,-3.636670000000000180e-01,-6.088679999999999648e-01,-7.888299999999999479e-02,-6.008000000000000146e-02,1.027138000000000106e+00,-4.087910000000000155e-01,7.370999999999999774e-02,-1.386628999999999889e+00,1.264349999999999918e-01,-2.596490000000000187e-01,1.927667000000000019e+00,-2.922850000000000170e-01,-7.658700000000000230e-02,-1.386749999999999927e-01,2.543199999999999975e-02,4.549009999999999998e-01,-3.038649999999999962e-01,5.046380000000000310e-01,-2.053659999999999930e-01,1.031979999999999897e+00,-3.967160000000000131e-01,-2.345900000000000069e-02,2.303560000000000052e-01,-4.264999999999999694e-03,4.632999999999999965e-03,4.970000000000000459e-04,-2.524999999999999901e-03,-1.113000000000000057e-03,1.742999999999999975e-03,-2.098000000000000038e-03
1.476596999999999937e+00,-2.000899999999999901e-01,7.280919999999999614e-01,9.268819999999999837e-01,-1.723099999999999979e-02,2.859000000000000083e-02,-3.738639999999999741e-01,-6.094910000000000050e-01,-6.310699999999999643e-02,-5.002800000000000302e-02,1.001209999999999933e+00,-3.949259999999999993e-01,7.432300000000000018e-02,-1.372157999999999989e+00,1.350540000000000074e-01,-2.547599999999999865e-01,1.959028999999999909e+00,-2.989829999999999988e-01,-7.521100000000000008e-02,-1.418590000000000129e-01,3.286700000000000038e-02,4.412070000000000158e-01,-2.948589999999999822e-01,5.262059999999999516e-01,-1.756149999999999933e-01,1.027886000000000077e+00,-4.080509999999999970e-01,-2.925000000000000169e-02,2.354330000000000034e-01,-4.464000000000000086e-03,5.627000000000000057e-03,-1.887999999999999921e-03,3.439999999999999915e-03,9.799999999999999684e-04,-5.569999999999999864e-04,2.790000000000000054e-04
1.476946000000000092e+00,-1.975139999999999951e-01,7.322969999999999757e-01,9.224909999999999499e-01,-1.695500000000000132e-02,3.466199999999999837e-02,-3.840850000000000097e-01,-6.094610000000000305e-01,-4.727800000000000058e-02,-3.982600000000000029e-02,9.750269999999999770e-01,-3.809830000000000161e-01,7.478500000000000425e-02,-1.357183000000000028e+00,1.440440000000000054e-01,-2.496049999999999935e-01,1.990291000000000032e+00,-3.057210000000000205e-01,-7.370799999999999574e-02,-1.446050000000000113e-01,4.043299999999999672e-02,4.279569999999999763e-01,-2.854559999999999875e-01,5.474520000000000497e-01,-1.457299999999999984e-01,1.023355999999999932e+00,-4.193970000000000198e-01,-3.492399999999999671e-02,2.408220000000000083e-01,2.649999999999999903e-04,-7.259999999999999743e-04,2.073999999999999889e-03,-8.980000000000000352e-04,1.694999999999999892e-03,-1.874000000000000015e-03,4.406000000000000194e-03
1.479357000000000033e+00,-1.958290000000000031e-01,7.379480000000000484e-01,9.183630000000000404e-01,-1.591000000000000053e-02,3.932700000000000085e-02,-3.934579999999999744e-01,-5.952579999999999538e-01,-3.660999999999999671e-02,-2.908099999999999921e-02,9.328809999999999603e-01,-3.674479999999999968e-01,7.703500000000000625e-02,-1.323201000000000072e+00,1.444469999999999921e-01,-2.363699999999999968e-01,1.992722000000000104e+00,-3.067529999999999979e-01,-7.680599999999999927e-02,-1.451729999999999965e-01,5.480800000000000255e-02,4.058379999999999765e-01,-2.636640000000000095e-01,5.586640000000000494e-01,-1.304200000000000081e-01,1.022062000000000026e+00,-4.231480000000000241e-01,-3.755599999999999911e-02,2.449610000000000121e-01,4.022000000000000401e-03,-8.420000000000000401e-03,9.269999999999999811e-04,1.055900000000000068e-02,4.107000000000000407e-03,4.299999999999999894e-04,-1.842000000000000104e-03
1.481640999999999986e+00,-1.941710000000000103e-01,7.440470000000000139e-01,9.141529999999999934e-01,-1.533200000000000014e-02,4.322600000000000053e-02,-4.027660000000000129e-01,-5.772629999999999706e-01,-2.576099999999999918e-02,-1.858500000000000082e-02,8.872389999999999999e-01,-3.523649999999999838e-01,7.871799999999999631e-02,-1.285708999999999991e+00,1.452360000000000040e-01,-2.230370000000000130e-01,1.993023999999999907e+00,-3.075269999999999948e-01,-8.003899999999999904e-02,-1.439709999999999879e-01,6.980699999999999406e-02,3.852659999999999973e-01,-2.422150000000000136e-01,5.688180000000000458e-01,-1.168880000000000058e-01,1.020240000000000036e+00,-4.264399999999999857e-01,-4.012999999999999901e-02,2.499780000000000058e-01,1.456999999999999962e-02,-2.986600000000000019e-02,9.183999999999999456e-03,2.157600000000000143e-02,8.736000000000000709e-03,2.961999999999999789e-03,-6.191999999999999588e-03
1.483867000000000047e+00,-1.925270000000000037e-01,7.502079999999999860e-01,9.098479999999999901e-01,-1.500699999999999951e-02,4.678899999999999726e-02,-4.120210000000000261e-01,-5.581239999999999535e-01,-1.495400000000000028e-02,-8.021000000000000352e-03,8.412840000000000318e-01,-3.371950000000000225e-01,8.001099999999999879e-02,-1.247001999999999944e+00,1.461149999999999949e-01,-2.097030000000000005e-01,1.992849000000000093e+00,-3.083310000000000217e-01,-8.335900000000000254e-02,-1.421570000000000056e-01,8.497200000000000586e-02,3.658000000000000140e-01,-2.210529999999999995e-01,5.787940000000000307e-01,-1.034859999999999947e-01,1.018319999999999892e+00,-4.297409999999999841e-01,-4.261999999999999816e-02,2.552380000000000204e-01,3.253099999999999742e-02,-6.864499999999999769e-02,2.753999999999999851e-02,3.237199999999999800e-02,1.756999999999999881e-02,7.197000000000000272e-03,-8.548000000000000043e-03
1.489027000000000100e+00,-1.924029999999999907e-01,7.562569999999999570e-01,9.049730000000000274e-01,-1.596900000000000056e-02,5.041099999999999748e-02,-4.221699999999999897e-01,-5.318439999999999834e-01,-5.191999999999999567e-03,5.199999999999999680e-05,7.934050000000000269e-01,-3.241189999999999904e-01,8.365799999999999625e-02,-1.151386000000000021e+00,1.397629999999999983e-01,-1.833609999999999962e-01,1.945491000000000081e+00,-3.066570000000000129e-01,-9.647799999999999432e-02,-1.419890000000000041e-01,1.083709999999999951e-01,3.360969999999999791e-01,-1.858390000000000042e-01,5.820729999999999515e-01,-8.044700000000000462e-02,1.014536000000000104e+00,-4.349890000000000145e-01,-4.649699999999999667e-02,2.633220000000000005e-01,4.501000000000000140e-02,-1.213820000000000038e-01,9.657000000000000653e-03,6.349699999999999789e-02,4.150600000000000123e-02,8.701999999999999666e-03,-3.996199999999999752e-02
1.493803999999999910e+00,-1.922169999999999990e-01,7.626810000000000533e-01,9.001169999999999449e-01,-1.795499999999999874e-02,5.355900000000000244e-02,-4.319709999999999939e-01,-5.036180000000000101e-01,5.791000000000000140e-03,6.728999999999999738e-03,7.444690000000000474e-01,-3.100680000000000103e-01,8.619899999999999785e-02,-1.053112000000000048e+00,1.322139999999999982e-01,-1.596909999999999996e-01,1.895029999999999992e+00,-3.033879999999999910e-01,-1.105850000000000027e-01,-1.412579999999999947e-01,1.325070000000000137e-01,3.096340000000000203e-01,-1.519890000000000130e-01,5.855709999999999527e-01,-5.769300000000000123e-02,1.009873999999999938e+00,-4.398420000000000107e-01,-4.977800000000000280e-02,2.719989999999999908e-01,6.115199999999999803e-02,-1.880969999999999864e-01,-9.150000000000000147e-04,1.015270000000000061e-01,7.050199999999999523e-02,9.969000000000000430e-03,-7.095799999999999330e-02
1.498186999999999935e+00,-1.920850000000000057e-01,7.690000000000000169e-01,8.954379999999999562e-01,-2.003900000000000126e-02,5.644500000000000212e-02,-4.411390000000000033e-01,-4.755220000000000002e-01,1.611200000000000132e-02,1.273499999999999979e-02,6.964590000000000503e-01,-2.960969999999999991e-01,8.811599999999999988e-02,-9.541220000000000256e-01,1.225300000000000000e-01,-1.374140000000000084e-01,1.843911000000000078e+00,-3.001860000000000084e-01,-1.252459999999999962e-01,-1.414179999999999882e-01,1.560940000000000105e-01,2.840739999999999932e-01,-1.183850000000000041e-01,5.892079999999999540e-01,-3.470399999999999874e-02,1.005285999999999902e+00,-4.446709999999999829e-01,-5.290700000000000264e-02,2.807129999999999903e-01,8.137500000000000289e-02,-2.665299999999999891e-01,-7.414999999999999716e-03,1.443659999999999943e-01,1.041040000000000021e-01,1.168199999999999968e-02,-1.006200000000000011e-01
1.500904999999999934e+00,-1.948799999999999977e-01,7.730230000000000157e-01,8.928650000000000198e-01,-2.007600000000000010e-02,5.832299999999999984e-02,-4.460799999999999765e-01,-4.499949999999999783e-01,2.115099999999999966e-02,1.541799999999999941e-02,6.541679999999999717e-01,-2.863569999999999727e-01,8.715100000000000624e-02,-8.432209999999999983e-01,1.167379999999999945e-01,-1.090430000000000010e-01,1.731262000000000079e+00,-2.900719999999999965e-01,-1.301789999999999892e-01,-1.460980000000000056e-01,1.797179999999999889e-01,2.548630000000000062e-01,-8.588700000000000501e-02,5.922359999999999847e-01,-1.897099999999999828e-02,1.008999999999999897e+00,-4.478630000000000111e-01,-5.249100000000000293e-02,2.850509999999999988e-01,8.591600000000000625e-02,-3.342760000000000176e-01,-4.136100000000000193e-02,2.429659999999999875e-01,1.633120000000000127e-01,1.282299999999999933e-02,-1.597099999999999909e-01
1.503277999999999892e+00,-1.969879999999999964e-01,7.771289999999999587e-01,8.903480000000000283e-01,-2.000400000000000095e-02,5.982099999999999917e-02,-4.508889999999999842e-01,-4.250289999999999901e-01,2.524300000000000155e-02,1.871499999999999900e-02,6.120290000000000452e-01,-2.754610000000000114e-01,8.635700000000000320e-02,-7.315230000000000343e-01,1.085010000000000002e-01,-8.161300000000000499e-02,1.617647999999999975e+00,-2.791339999999999932e-01,-1.347589999999999899e-01,-1.503210000000000102e-01,2.018349999999999866e-01,2.267959999999999976e-01,-5.638100000000000056e-02,5.963850000000000540e-01,-4.309000000000000330e-03,1.014871999999999996e+00,-4.515219999999999789e-01,-5.215499999999999997e-02,2.891079999999999761e-01,8.621800000000000297e-02,-4.077189999999999981e-01,-7.631200000000000483e-02,3.510349999999999859e-01,2.270500000000000018e-01,9.294999999999999443e-03,-2.149899999999999867e-01
1.505028000000000032e+00,-1.970629999999999882e-01,7.837830000000000075e-01,8.871980000000000421e-01,-2.249100000000000057e-02,6.255900000000000349e-02,-4.565750000000000086e-01,-3.900230000000000086e-01,3.541099999999999803e-02,2.143899999999999972e-02,5.427309999999999635e-01,-2.470960000000000101e-01,8.495099999999999874e-02,-6.175979999999999803e-01,1.040640000000000037e-01,-5.818600000000000161e-02,1.487293999999999894e+00,-2.536930000000000018e-01,-1.393749999999999989e-01,-1.514389999999999903e-01,2.287959999999999994e-01,1.967520000000000102e-01,-2.250600000000000170e-02,6.018670000000000408e-01,9.263999999999999665e-03,1.020469000000000070e+00,-4.552370000000000028e-01,-5.353999999999999732e-02,2.917890000000000206e-01,8.824700000000000599e-02,-4.852440000000000087e-01,-1.163030000000000036e-01,4.678780000000000161e-01,2.950630000000000197e-01,-1.167999999999999984e-03,-2.613900000000000112e-01
1.506733000000000100e+00,-1.992359999999999964e-01,7.859739999999999505e-01,8.858599999999999808e-01,-2.155400000000000024e-02,6.177200000000000052e-02,-4.593160000000000021e-01,-3.661679999999999935e-01,3.131099999999999856e-02,1.527000000000000059e-02,5.074689999999999479e-01,-2.357740000000000113e-01,8.668900000000000217e-02,-5.122470000000000079e-01,1.023550000000000015e-01,-1.807100000000000026e-02,1.326959999999999917e+00,-2.513719999999999843e-01,-1.245570000000000010e-01,-1.515749999999999875e-01,2.459109999999999907e-01,1.670580000000000120e-01,-7.807999999999999836e-03,6.060050000000000159e-01,3.395000000000000014e-03,1.023541000000000034e+00,-4.552059999999999995e-01,-5.075500000000000150e-02,2.901070000000000038e-01,7.925799999999999512e-02,-5.675130000000000452e-01,-1.133129999999999971e-01,5.865909999999999735e-01,3.434090000000000198e-01,8.189999999999999581e-04,-2.782410000000000161e-01
1.508586999999999900e+00,-2.006979999999999875e-01,7.877469999999999750e-01,8.844990000000000352e-01,-1.902399999999999924e-02,6.093500000000000305e-02,-4.621549999999999825e-01,-3.459699999999999998e-01,2.342999999999999944e-02,1.112400000000000021e-02,4.750699999999999923e-01,-2.249720000000000053e-01,8.985400000000000331e-02,-4.081400000000000028e-01,9.279300000000000048e-02,2.169400000000000148e-02,1.168755999999999906e+00,-2.508710000000000107e-01,-1.105499999999999955e-01,-1.524540000000000062e-01,2.600740000000000274e-01,1.367359999999999964e-01,6.363999999999999865e-03,6.105859999999999621e-01,-5.150000000000000498e-04,1.027395000000000058e+00,-4.554650000000000087e-01,-4.773000000000000159e-02,2.881369999999999765e-01,6.404600000000000570e-02,-6.449540000000000273e-01,-1.149150000000000033e-01,7.074719999999999898e-01,3.897479999999999833e-01,2.792000000000000211e-03,-2.908609999999999807e-01
1.510007000000000099e+00,-2.017930000000000001e-01,7.890679999999999916e-01,8.827399999999999691e-01,-1.395700000000000066e-02,6.161900000000000016e-02,-4.655940000000000079e-01,-3.324099999999999833e-01,1.298500000000000001e-02,9.476000000000000048e-03,4.427989999999999982e-01,-2.127410000000000134e-01,9.331799999999999817e-02,-3.111140000000000017e-01,7.647500000000000131e-02,5.977799999999999780e-02,1.013778999999999986e+00,-2.515800000000000258e-01,-9.819300000000000250e-02,-1.516240000000000088e-01,2.700270000000000170e-01,1.026529999999999943e-01,2.144400000000000125e-02,6.176439999999999708e-01,-1.013000000000000012e-03,1.030232999999999954e+00,-4.560089999999999977e-01,-4.490199999999999747e-02,2.852709999999999968e-01,4.950600000000000139e-02,-7.119950000000000445e-01,-1.243589999999999973e-01,8.183820000000000539e-01,4.314040000000000097e-01,7.352000000000000028e-03,-3.034769999999999968e-01
1.509833999999999898e+00,-2.031370000000000120e-01,7.894750000000000378e-01,8.821039999999999992e-01,-9.497000000000000233e-03,6.139000000000000012e-02,-4.669400000000000217e-01,-3.206439999999999846e-01,4.799000000000000314e-03,7.360000000000000223e-03,4.151509999999999923e-01,-2.047029999999999961e-01,9.479899999999999438e-02,-2.431480000000000030e-01,6.809600000000000375e-02,9.431100000000000594e-02,8.940700000000000314e-01,-2.721310000000000118e-01,-8.017599999999999727e-02,-1.514010000000000078e-01,2.763289999999999913e-01,8.145700000000000163e-02,2.847099999999999978e-02,6.182919999999999527e-01,-4.536000000000000101e-03,1.030389999999999917e+00,-4.547930000000000028e-01,-4.258200000000000179e-02,2.819650000000000212e-01,3.332700000000000246e-02,-7.677939999999999765e-01,-1.298999999999999877e-01,8.874819999999999931e-01,4.602100000000000080e-01,1.889000000000000054e-03,-3.094879999999999853e-01
1.509324000000000110e+00,-2.042789999999999884e-01,7.893170000000000464e-01,8.813600000000000323e-01,-3.531999999999999983e-03,6.140899999999999831e-02,-4.684249999999999803e-01,-3.130609999999999782e-01,-6.019000000000000045e-03,6.531000000000000347e-03,3.906830000000000025e-01,-1.974889999999999979e-01,9.657999999999999918e-02,-1.795859999999999956e-01,5.423800000000000149e-02,1.271069999999999978e-01,7.796779999999999822e-01,-2.957250000000000156e-01,-6.336899999999999478e-02,-1.506230000000000069e-01,2.802140000000000186e-01,5.988399999999999973e-02,3.450999999999999901e-02,6.193100000000000271e-01,-6.361000000000000335e-03,1.030124000000000040e+00,-4.531549999999999745e-01,-3.996299999999999852e-02,2.789380000000000193e-01,1.747100000000000042e-02,-8.147119999999999918e-01,-1.435079999999999967e-01,9.480730000000000546e-01,4.850470000000000059e-01,-1.991000000000000148e-03,-3.170149999999999912e-01
1.508798000000000084e+00,-2.052970000000000073e-01,7.889730000000000354e-01,8.804579999999999629e-01,3.285000000000000159e-03,6.151399999999999924e-02,-4.701060000000000239e-01,-3.071809999999999818e-01,-1.831699999999999995e-02,6.636000000000000405e-03,3.670570000000000221e-01,-1.903839999999999977e-01,9.844600000000000573e-02,-1.184290000000000065e-01,3.640199999999999686e-02,1.575950000000000129e-01,6.683780000000000276e-01,-3.214279999999999915e-01,-4.767699999999999716e-02,-1.485950000000000049e-01,2.826259999999999883e-01,3.746100000000000124e-02,4.007399999999999851e-02,6.207449999999999912e-01,-8.063000000000000722e-03,1.029684999999999961e+00,-4.513670000000000182e-01,-3.721200000000000202e-02,2.758499999999999841e-01,1.495999999999999934e-03,-8.550670000000000215e-01,-1.629790000000000127e-01,1.005060000000000064e+00,5.074950000000000294e-01,-5.329999999999999669e-03,-3.244489999999999874e-01
1.506202999999999959e+00,-2.046149999999999913e-01,7.893400000000000416e-01,8.802539999999999809e-01,6.708999999999999686e-03,6.061199999999999921e-02,-4.705670000000000130e-01,-3.031699999999999950e-01,-2.205400000000000069e-02,1.184499999999999963e-02,3.484979999999999745e-01,-1.764900000000000080e-01,9.720600000000000074e-02,-9.206999999999999906e-02,2.774199999999999930e-02,1.774479999999999946e-01,6.000339999999999563e-01,-3.426429999999999754e-01,-3.809900000000000092e-02,-1.485019999999999951e-01,2.878310000000000035e-01,3.064599999999999963e-02,3.792500000000000038e-02,6.219519999999999493e-01,-9.990000000000000616e-03,1.031465999999999994e+00,-4.515290000000000137e-01,-3.596699999999999897e-02,2.760369999999999768e-01,-1.913300000000000070e-02,-8.699770000000000003e-01,-1.728820000000000079e-01,1.016782000000000075e+00,5.245039999999999702e-01,-1.621099999999999972e-02,-3.207690000000000263e-01
1.503087000000000062e+00,-2.037410000000000054e-01,7.894210000000000393e-01,8.798859999999999459e-01,1.074600000000000034e-02,6.062399999999999733e-02,-4.711799999999999877e-01,-3.036539999999999795e-01,-2.542300000000000115e-02,1.720599999999999907e-02,3.323729999999999740e-01,-1.628499999999999948e-01,9.535100000000000520e-02,-7.174099999999999921e-02,1.927299999999999847e-02,1.966219999999999912e-01,5.378249999999999975e-01,-3.661760000000000015e-01,-2.954100000000000129e-02,-1.491339999999999888e-01,2.914769999999999861e-01,2.417700000000000057e-02,3.472100000000000186e-02,6.251489999999999547e-01,-9.015999999999999709e-03,1.034172000000000091e+00,-4.519619999999999749e-01,-3.513399999999999856e-02,2.760920000000000041e-01,-3.975299999999999667e-02,-8.765460000000000473e-01,-1.869230000000000058e-01,1.018391000000000046e+00,5.386039999999999717e-01,-2.469000000000000014e-02,-3.212999999999999745e-01
1.499800000000000022e+00,-2.028969999999999940e-01,7.895659999999999901e-01,8.794509999999999827e-01,1.499900000000000018e-02,6.108899999999999747e-02,-4.718140000000000112e-01,-3.057549999999999990e-01,-2.869599999999999929e-02,2.249999999999999917e-02,3.170660000000000145e-01,-1.494149999999999923e-01,9.331899999999999917e-02,-5.353000000000000119e-02,1.064499999999999995e-02,2.151569999999999871e-01,4.778479999999999950e-01,-3.909159999999999857e-01,-2.163999999999999951e-02,-1.495350000000000013e-01,2.948439999999999950e-01,1.683399999999999827e-02,3.147199999999999998e-02,6.290440000000000476e-01,-7.622000000000000303e-03,1.037163999999999975e+00,-4.523249999999999771e-01,-3.443500000000000033e-02,2.757789999999999964e-01,-5.994599999999999929e-02,-8.788240000000000496e-01,-2.037239999999999884e-01,1.015884999999999927e+00,5.509969999999999590e-01,-3.204900000000000110e-02,-3.237240000000000117e-01
1.495919999999999916e+00,-2.037130000000000052e-01,7.902540000000000120e-01,8.778660000000000352e-01,1.758900000000000047e-02,5.965700000000000169e-02,-4.748499999999999943e-01,-3.041440000000000254e-01,-2.760299999999999906e-02,2.454800000000000038e-02,3.109109999999999929e-01,-1.423590000000000133e-01,8.909799999999999665e-02,-5.247199999999999781e-02,8.711999999999999258e-03,2.155970000000000109e-01,4.667089999999999850e-01,-4.064690000000000247e-01,-2.268200000000000077e-02,-1.421669999999999878e-01,3.001710000000000211e-01,1.994599999999999845e-02,2.489099999999999993e-02,6.337789999999999813e-01,-1.140900000000000074e-02,1.039876999999999940e+00,-4.511029999999999762e-01,-3.302200000000000274e-02,2.757160000000000166e-01,-7.048599999999999310e-02,-8.853320000000000078e-01,-1.970050000000000134e-01,1.015906999999999893e+00,5.498720000000000274e-01,-3.133899999999999880e-02,-3.184779999999999833e-01
1.489079999999999959e+00,-1.991549999999999987e-01,7.915769999999999751e-01,8.750339999999999785e-01,1.577299999999999883e-02,5.952199999999999852e-02,-4.801279999999999992e-01,-3.023140000000000271e-01,-1.513399999999999988e-02,2.712799999999999934e-02,2.896779999999999911e-01,-1.179380000000000012e-01,8.383899999999999686e-02,-5.863000000000000156e-02,1.786000000000000087e-02,2.193680000000000074e-01,4.511539999999999995e-01,-4.077250000000000041e-01,-2.275200000000000139e-02,-1.343229999999999980e-01,3.066949999999999954e-01,2.562700000000000047e-02,1.641499999999999904e-02,6.512029999999999763e-01,-1.424199999999999945e-02,1.051045999999999925e+00,-4.511390000000000122e-01,-2.999399999999999983e-02,2.733920000000000239e-01,-8.391899999999999360e-02,-8.860729999999999995e-01,-1.839810000000000056e-01,1.018812000000000051e+00,5.476069999999999549e-01,-2.918899999999999967e-02,-3.076679999999999970e-01
1.485203999999999969e+00,-1.995800000000000074e-01,7.921669999999999545e-01,8.732050000000000090e-01,1.869799999999999934e-02,5.799499999999999794e-02,-4.835289999999999866e-01,-3.024319999999999786e-01,-1.491800000000000070e-02,3.046300000000000049e-02,2.858740000000000170e-01,-1.117549999999999932e-01,8.012600000000000278e-02,-6.103299999999999698e-02,1.532599999999999935e-02,2.208229999999999915e-01,4.460560000000000080e-01,-4.261860000000000093e-01,-2.329300000000000120e-02,-1.266440000000000066e-01,3.120729999999999893e-01,2.964800000000000074e-02,5.775999999999999884e-03,6.554879999999999596e-01,-1.836700000000000138e-02,1.057819000000000065e+00,-4.502410000000000023e-01,-2.867600000000000010e-02,2.727040000000000020e-01,-1.009000000000000036e-01,-8.930209999999999537e-01,-1.757060000000000011e-01,1.022240999999999955e+00,5.453480000000000549e-01,-2.725800000000000098e-02,-3.008930000000000216e-01
1.475780000000000092e+00,-1.930070000000000119e-01,7.924330000000000540e-01,8.694880000000000386e-01,1.614399999999999863e-02,5.505199999999999677e-02,-4.906119999999999925e-01,-3.042290000000000272e-01,1.681999999999999901e-03,4.522799999999999737e-02,2.770989999999999842e-01,-9.137099999999999389e-02,7.502599999999999547e-02,-8.398100000000000009e-02,2.291800000000000087e-02,2.168430000000000080e-01,4.699349999999999916e-01,-4.247159999999999824e-01,-2.146500000000000144e-02,-1.121729999999999949e-01,3.161189999999999833e-01,5.127099999999999713e-02,-1.341099999999999931e-02,6.669439999999999813e-01,-1.456299999999999956e-02,1.059136000000000077e+00,-4.504980000000000095e-01,-3.401599999999999763e-02,2.761299999999999866e-01,-1.142480000000000023e-01,-8.962900000000000311e-01,-1.326650000000000051e-01,1.010753000000000013e+00,5.233970000000000011e-01,-2.240899999999999836e-02,-2.748680000000000012e-01
1.467187000000000019e+00,-1.889560000000000128e-01,7.926360000000000072e-01,8.659210000000000518e-01,1.573099999999999846e-02,5.264499999999999735e-02,-4.971530000000000116e-01,-3.080419999999999825e-01,1.516799999999999919e-02,6.024100000000000288e-02,2.745580000000000243e-01,-7.842000000000000359e-02,6.936900000000000011e-02,-1.068640000000000007e-01,2.744600000000000165e-02,2.119640000000000135e-01,4.969540000000000068e-01,-4.294649999999999856e-01,-2.085800000000000154e-02,-9.940599999999999437e-02,3.187490000000000046e-01,7.161700000000000010e-02,-2.563700000000000007e-02,6.748509999999999787e-01,-4.976999999999999653e-03,1.051832000000000100e+00,-4.502599999999999936e-01,-4.027800000000000130e-02,2.811139999999999750e-01,-1.266539999999999888e-01,-8.968899999999999650e-01,-9.159299999999999387e-02,9.929759999999999698e-01,4.998830000000000218e-01,-1.837300000000000044e-02,-2.518969999999999820e-01
1.458704999999999918e+00,-1.851059999999999928e-01,7.926279999999999992e-01,8.623560000000000114e-01,1.578200000000000089e-02,5.032299999999999968e-02,-5.035479999999999956e-01,-3.129580000000000140e-01,2.774199999999999930e-02,7.530399999999999594e-02,2.736100000000000199e-01,-6.642299999999999593e-02,6.373199999999999699e-02,-1.307460000000000011e-01,3.106700000000000086e-02,2.067160000000000108e-01,5.256589999999999874e-01,-4.354709999999999970e-01,-2.006799999999999903e-02,-8.751699999999999757e-02,3.206399999999999806e-01,9.113300000000000567e-02,-3.450899999999999801e-02,6.825269999999999948e-01,6.627000000000000078e-03,1.041174999999999962e+00,-4.493010000000000059e-01,-4.575699999999999906e-02,2.872109999999999941e-01,-1.379299999999999971e-01,-8.965640000000000276e-01,-5.036500000000000005e-02,9.731199999999999850e-01,4.759909999999999974e-01,-1.382099999999999995e-02,-2.297730000000000050e-01
1.449016000000000082e+00,-1.806369999999999920e-01,7.912890000000000201e-01,8.607310000000000239e-01,1.672200000000000075e-02,4.773199999999999665e-02,-5.065420000000000478e-01,-3.421179999999999777e-01,4.426900000000000279e-02,1.011640000000000039e-01,3.110999999999999877e-01,-4.887799999999999784e-02,5.696500000000000175e-02,-1.602159999999999973e-01,3.303199999999999886e-02,1.893640000000000045e-01,5.613190000000000124e-01,-4.352019999999999778e-01,-2.093499999999999875e-02,-8.121899999999999953e-02,3.110729999999999884e-01,1.216099999999999959e-01,-5.016400000000000026e-02,7.022960000000000313e-01,1.149999999999999981e-02,1.035123999999999933e+00,-4.467709999999999737e-01,-5.153400000000000342e-02,2.975059999999999927e-01,-1.360260000000000080e-01,-8.902940000000000298e-01,3.125499999999999806e-02,9.144579999999999931e-01,4.226079999999999837e-01,-9.143999999999999351e-03,-2.003399999999999903e-01
1.439089999999999980e+00,-1.761040000000000105e-01,7.897680000000000256e-01,8.592269999999999630e-01,1.822299999999999962e-02,4.601199999999999735e-02,-5.091949999999999532e-01,-3.769930000000000225e-01,6.084500000000000325e-02,1.264099999999999946e-01,3.562710000000000043e-01,-3.517200000000000187e-02,4.944599999999999690e-02,-1.933429999999999871e-01,3.478400000000000242e-02,1.711110000000000131e-01,5.997289999999999566e-01,-4.360890000000000044e-01,-2.184600000000000083e-02,-7.738699999999999746e-02,2.998100000000000209e-01,1.508390000000000009e-01,-6.426600000000000368e-02,7.241379999999999484e-01,1.919600000000000126e-02,1.030442000000000080e+00,-4.446209999999999885e-01,-5.798099999999999782e-02,3.076389999999999958e-01,-1.326380000000000059e-01,-8.834319999999999951e-01,1.143639999999999934e-01,8.518299999999999761e-01,3.679000000000000048e-01,-1.539000000000000003e-03,-1.723050000000000137e-01
1.429222999999999910e+00,-1.714539999999999953e-01,7.881289999999999685e-01,8.577120000000000299e-01,2.003600000000000173e-02,4.467200000000000337e-02,-5.117930000000000534e-01,-4.139340000000000241e-01,7.725100000000000022e-02,1.518619999999999970e-01,4.042160000000000197e-01,-2.296600000000000030e-02,4.154399999999999760e-02,-2.280709999999999960e-01,3.583499999999999880e-02,1.527920000000000111e-01,6.387739999999999529e-01,-4.370129999999999848e-01,-2.242900000000000102e-02,-7.331799999999999429e-02,2.882279999999999842e-01,1.790519999999999889e-01,-7.791199999999999515e-02,7.466679999999999984e-01,2.757400000000000129e-02,1.025925999999999894e+00,-4.424339999999999939e-01,-6.453299999999999315e-02,3.169100000000000250e-01,-1.282149999999999956e-01,-8.793229999999999658e-01,1.977220000000000089e-01,7.900009999999999533e-01,3.148920000000000052e-01,5.860999999999999890e-03,-1.417769999999999864e-01
1.417275999999999980e+00,-1.653390000000000137e-01,7.866090000000000027e-01,8.588980000000000503e-01,2.720799999999999955e-02,4.040599999999999747e-02,-5.098240000000000549e-01,-4.903049999999999908e-01,7.631699999999999595e-02,1.673870000000000080e-01,5.350489999999999968e-01,-2.861199999999999855e-02,3.010399999999999882e-02,-2.590970000000000217e-01,2.697599999999999998e-02,1.450259999999999883e-01,6.664060000000000539e-01,-4.425080000000000124e-01,-2.555100000000000079e-02,-7.727499999999999647e-02,2.651959999999999873e-01,2.160370000000000068e-01,-9.844999999999999585e-02,7.770350000000000312e-01,2.750500000000000167e-02,1.013681999999999972e+00,-4.342750000000000221e-01,-7.101799999999999780e-02,3.276350000000000096e-01,-1.413419999999999954e-01,-8.751480000000000370e-01,2.656629999999999825e-01,7.238560000000000549e-01,2.763530000000000153e-01,1.455900000000000076e-02,-1.324450000000000072e-01
1.404808000000000057e+00,-1.587409999999999932e-01,7.834999999999999742e-01,8.597550000000000470e-01,3.287000000000000338e-02,3.810999999999999804e-02,-5.082200000000000051e-01,-5.822490000000000165e-01,8.240100000000000202e-02,1.814719999999999944e-01,6.928279999999999994e-01,-4.788200000000000095e-02,1.653400000000000009e-02,-2.983850000000000113e-01,2.446699999999999917e-02,1.363790000000000002e-01,7.054660000000000375e-01,-4.529380000000000073e-01,-2.961000000000000090e-02,-8.172599999999999310e-02,2.450350000000000028e-01,2.539279999999999871e-01,-1.199120000000000047e-01,8.105759999999999632e-01,3.063199999999999951e-02,1.002934999999999910e+00,-4.258950000000000236e-01,-7.632099999999999995e-02,3.380020000000000246e-01,-1.607349999999999890e-01,-8.702029999999999488e-01,3.359829999999999761e-01,6.569639999999999924e-01,2.395059999999999967e-01,2.761699999999999919e-02,-1.220569999999999988e-01
1.392598000000000003e+00,-1.520849999999999980e-01,7.805769999999999653e-01,8.601210000000000244e-01,3.729799999999999782e-02,3.649299999999999766e-02,-5.074140000000000317e-01,-6.722289999999999655e-01,9.166100000000000636e-02,1.968060000000000087e-01,8.484680000000000000e-01,-6.748899999999999344e-02,1.662000000000000066e-03,-3.352149999999999852e-01,2.507900000000000060e-02,1.284669999999999979e-01,7.388590000000000435e-01,-4.599989999999999912e-01,-3.392499999999999682e-02,-8.186599999999999433e-02,2.283930000000000127e-01,2.903870000000000062e-01,-1.412740000000000107e-01,8.431070000000000508e-01,3.081000000000000058e-02,9.911280000000000090e-01,-4.177420000000000022e-01,-8.186799999999999633e-02,3.485530000000000017e-01,-1.778450000000000031e-01,-8.650099999999999456e-01,4.024130000000000207e-01,5.926850000000000174e-01,2.040190000000000059e-01,3.721000000000000002e-02,-1.087000000000000050e-01
1.381844999999999990e+00,-1.443830000000000113e-01,7.763430000000000053e-01,8.583650000000000446e-01,4.194400000000000212e-02,3.444799999999999945e-02,-5.101609999999999756e-01,-7.760810000000000208e-01,9.677399999999999891e-02,2.046920000000000128e-01,9.938259999999999872e-01,-8.844399999999999484e-02,-3.921000000000000006e-03,-3.789109999999999978e-01,2.581900000000000167e-02,1.264990000000000003e-01,7.821439999999999504e-01,-4.630380000000000051e-01,-3.598400000000000210e-02,-7.295100000000000195e-02,2.109340000000000104e-01,3.248460000000000236e-01,-1.705419999999999991e-01,8.727359999999999562e-01,2.625900000000000109e-02,9.917899999999999494e-01,-4.106750000000000123e-01,-8.571700000000000153e-02,3.569950000000000068e-01,-2.044420000000000126e-01,-8.974870000000000347e-01,5.032079999999999886e-01,5.118709999999999649e-01,1.384479999999999877e-01,4.862500000000000155e-02,-9.429800000000000681e-02
1.370953000000000088e+00,-1.361700000000000133e-01,7.715910000000000268e-01,8.565040000000000431e-01,4.632499999999999812e-02,3.253299999999999942e-02,-5.130270000000000108e-01,-8.801710000000000367e-01,1.028690000000000021e-01,2.135360000000000036e-01,1.139256000000000046e+00,-1.094890000000000030e-01,-8.994999999999999524e-03,-4.245689999999999742e-01,2.753799999999999998e-02,1.244330000000000019e-01,8.281960000000000433e-01,-4.668849999999999945e-01,-3.795099999999999862e-02,-6.404100000000000070e-02,1.951569999999999971e-01,3.587119999999999753e-01,-2.007670000000000010e-01,9.016399999999999970e-01,2.059000000000000066e-02,9.941609999999999614e-01,-4.037999999999999923e-01,-8.991799999999999793e-02,3.649270000000000014e-01,-2.392650000000000055e-01,-9.284390000000000143e-01,6.051309999999999745e-01,4.310890000000000000e-01,7.486800000000000399e-02,5.848300000000000026e-02,-7.431200000000000305e-02
1.359761999999999915e+00,-1.276990000000000069e-01,7.663940000000000197e-01,8.546340000000000048e-01,5.053200000000000053e-02,3.017699999999999896e-02,-5.158840000000000092e-01,-9.828710000000000502e-01,1.095870000000000039e-01,2.237409999999999954e-01,1.283701999999999899e+00,-1.302389999999999937e-01,-1.361000000000000057e-02,-4.708870000000000000e-01,2.969000000000000111e-02,1.221010000000000012e-01,8.765619999999999523e-01,-4.713760000000000172e-01,-4.021000000000000268e-02,-5.501299999999999940e-02,1.794370000000000132e-01,3.927289999999999948e-01,-2.321090000000000098e-01,9.308089999999999975e-01,1.321499999999999932e-02,9.972760000000000513e-01,-3.971390000000000198e-01,-9.378499999999999337e-02,3.726630000000000220e-01,-2.832060000000000133e-01,-9.542540000000000466e-01,7.076280000000000348e-01,3.499550000000000161e-01,1.333999999999999943e-02,6.521599999999999620e-02,-4.869600000000000317e-02
1.351294999999999913e+00,-1.233049999999999979e-01,7.616749999999999909e-01,8.545829999999999815e-01,5.524500000000000244e-02,2.637000000000000108e-02,-5.156939999999999857e-01,-1.060279999999999889e+00,1.090789999999999954e-01,2.215620000000000089e-01,1.386873999999999940e+00,-1.480170000000000097e-01,-1.780199999999999838e-02,-5.023969999999999825e-01,2.504100000000000076e-02,1.188290000000000041e-01,9.175969999999999960e-01,-4.823089999999999877e-01,-4.285599999999999826e-02,-5.010099999999999970e-02,1.635900000000000132e-01,4.298899999999999944e-01,-2.468899999999999983e-01,9.386710000000000331e-01,-2.252999999999999794e-03,9.659550000000000081e-01,-3.794710000000000027e-01,-9.805700000000000527e-02,3.750589999999999757e-01,-3.023440000000000016e-01,-9.382599999999999829e-01,7.332659999999999734e-01,3.010390000000000010e-01,-1.458000000000000095e-03,6.869300000000000406e-02,-3.618500000000000189e-02
1.342117999999999922e+00,-1.165230000000000016e-01,7.569449999999999790e-01,8.543340000000000378e-01,6.055800000000000072e-02,2.381700000000000136e-02,-5.156340000000000368e-01,-1.140584999999999960e+00,1.094050000000000022e-01,2.226289999999999936e-01,1.482013999999999943e+00,-1.572810000000000041e-01,-1.946600000000000066e-02,-5.402150000000000007e-01,2.086000000000000007e-02,1.165749999999999981e-01,9.557710000000000372e-01,-4.865829999999999878e-01,-4.438700000000000284e-02,-4.428900000000000198e-02,1.470909999999999995e-01,4.622990000000000155e-01,-2.593770000000000242e-01,9.473260000000000014e-01,-1.849800000000000055e-02,9.328039999999999665e-01,-3.602350000000000274e-01,-9.936899999999999900e-02,3.797459999999999725e-01,-3.181899999999999729e-01,-9.090540000000000287e-01,7.544689999999999452e-01,2.517579999999999818e-01,-1.980300000000000116e-02,7.427100000000000368e-02,-2.645899999999999988e-02
1.332583999999999991e+00,-1.098029999999999978e-01,7.521759999999999557e-01,8.543479999999999963e-01,6.663600000000000079e-02,2.170300000000000007e-02,-5.149540000000000228e-01,-1.221251000000000086e+00,1.086300000000000043e-01,2.257260000000000100e-01,1.575051999999999897e+00,-1.655210000000000015e-01,-2.051000000000000045e-02,-5.797149999999999803e-01,1.554700000000000006e-02,1.139730000000000049e-01,9.935699999999999532e-01,-4.903359999999999941e-01,-4.613099999999999840e-02,-3.911099999999999993e-02,1.293469999999999898e-01,4.925309999999999966e-01,-2.711180000000000256e-01,9.569149999999999601e-01,-3.517200000000000187e-02,8.992360000000000353e-01,-3.410159999999999858e-01,-1.001250000000000057e-01,3.847070000000000212e-01,-3.333760000000000057e-01,-8.709639999999999604e-01,7.689420000000000144e-01,2.016820000000000002e-01,-3.790199999999999819e-02,7.919700000000000351e-02,-1.612200000000000091e-02
1.325118999999999936e+00,-1.043619999999999964e-01,7.471510000000000096e-01,8.555880000000000152e-01,6.976599999999999469e-02,2.192699999999999858e-02,-5.124659999999999771e-01,-1.287875000000000103e+00,9.985900000000000332e-02,2.286209999999999909e-01,1.628732000000000069e+00,-1.661789999999999934e-01,-2.189199999999999827e-02,-6.126249999999999751e-01,1.525400000000000020e-02,1.094099999999999934e-01,1.023490999999999929e+00,-4.954970000000000208e-01,-4.908400000000000263e-02,-3.933999999999999997e-02,1.182929999999999954e-01,5.089200000000000390e-01,-2.880949999999999900e-01,9.746650000000000036e-01,-3.588500000000000023e-02,9.002059999999999507e-01,-3.377569999999999739e-01,-9.963700000000000334e-02,3.933860000000000134e-01,-3.345290000000000208e-01,-8.302749999999999853e-01,7.685959999999999459e-01,1.644470000000000098e-01,-4.884000000000000147e-02,7.790300000000000002e-02,-1.485099999999999962e-02
1.317762000000000100e+00,-9.896599999999999842e-02,7.425720000000000098e-01,8.573239999999999750e-01,7.384799999999999698e-02,2.282400000000000054e-02,-5.089409999999999767e-01,-1.354683999999999999e+00,8.858599999999999808e-02,2.339839999999999975e-01,1.678649000000000058e+00,-1.650580000000000103e-01,-2.238300000000000012e-02,-6.460209999999999564e-01,1.223300000000000082e-02,1.042040000000000050e-01,1.050219999999999931e+00,-4.993060000000000276e-01,-5.208999999999999742e-02,-4.051899999999999946e-02,1.067459999999999937e-01,5.199989999999999890e-01,-3.077909999999999813e-01,9.923779999999999824e-01,-4.167099999999999971e-02,9.062940000000000440e-01,-3.360000000000000209e-01,-1.019650000000000001e-01,3.999070000000000125e-01,-3.323099999999999943e-01,-7.832580000000000098e-01,7.632649999999999713e-01,1.281930000000000014e-01,-5.977600000000000274e-02,7.399300000000000321e-02,-1.389300000000000083e-02
1.310588000000000086e+00,-9.396300000000000485e-02,7.378759999999999764e-01,8.592450000000000365e-01,7.949199999999999322e-02,2.604300000000000018e-02,-5.046789999999999887e-01,-1.426628000000000007e+00,7.649499999999999356e-02,2.413349999999999940e-01,1.727638000000000007e+00,-1.634309999999999929e-01,-2.228700000000000125e-02,-6.849929999999999630e-01,7.969000000000000389e-03,9.871099999999999319e-02,1.076980999999999966e+00,-5.032259999999999511e-01,-5.503700000000000259e-02,-4.155600000000000266e-02,9.520299999999999596e-02,5.200000000000000178e-01,-3.265919999999999934e-01,1.009333999999999953e+00,-5.213199999999999779e-02,9.141540000000000221e-01,-3.345060000000000255e-01,-1.050770000000000037e-01,4.060920000000000085e-01,-3.265159999999999729e-01,-7.314359999999999751e-01,7.563309999999999755e-01,9.243200000000000027e-02,-7.065000000000000446e-02,6.920099999999999862e-02,-1.248299999999999930e-02
1.305042999999999953e+00,-9.091100000000000569e-02,7.345019999999999882e-01,8.607920000000000016e-01,8.461499999999999577e-02,2.734100000000000072e-02,-5.011290000000000466e-01,-1.442379000000000078e+00,6.691300000000000026e-02,2.392789999999999917e-01,1.757147000000000014e+00,-1.640020000000000089e-01,-2.414799999999999933e-02,-7.120720000000000383e-01,1.023000000000000038e-03,9.453699999999999604e-02,1.095930999999999989e+00,-5.083590000000000053e-01,-5.830300000000000066e-02,-4.938200000000000228e-02,8.972399999999999820e-02,5.200000000000000178e-01,-3.269020000000000259e-01,1.012885999999999953e+00,-6.922799999999999787e-02,9.033769999999999856e-01,-3.240839999999999832e-01,-1.076769999999999949e-01,3.978369999999999962e-01,-2.987330000000000263e-01,-6.647849999999999593e-01,7.156649999999999956e-01,9.265199999999999825e-02,-6.018400000000000138e-02,6.896700000000000053e-02,-1.448999999999999941e-02
1.299541999999999975e+00,-8.819499999999999562e-02,7.318090000000000428e-01,8.625660000000000549e-01,8.935999999999999499e-02,2.733500000000000166e-02,-4.972400000000000153e-01,-1.452752999999999961e+00,5.579400000000000331e-02,2.383540000000000103e-01,1.784756000000000009e+00,-1.654559999999999920e-01,-2.608100000000000002e-02,-7.334969999999999546e-01,-7.460999999999999750e-03,9.055699999999999861e-02,1.111072999999999977e+00,-5.126800000000000246e-01,-6.144199999999999662e-02,-5.518200000000000188e-02,8.395500000000000185e-02,5.200000000000000178e-01,-3.260600000000000165e-01,1.015527999999999986e+00,-8.941799999999999748e-02,8.880230000000000068e-01,-3.123070000000000013e-01,-1.085870000000000030e-01,3.905469999999999775e-01,-2.644750000000000156e-01,-5.982239999999999780e-01,6.722240000000000437e-01,9.781499999999999917e-02,-5.199299999999999755e-02,6.571399999999999464e-02,-1.703899999999999859e-02
1.294146000000000019e+00,-8.542900000000000493e-02,7.292380000000000528e-01,8.643819999999999837e-01,9.403599999999999459e-02,2.708500000000000144e-02,-4.932219999999999938e-01,-1.462107999999999963e+00,4.440999999999999809e-02,2.380420000000000036e-01,1.812014999999999931e+00,-1.670609999999999873e-01,-2.797399999999999887e-02,-7.538280000000000536e-01,-1.634299999999999989e-02,8.672399999999999554e-02,1.125439000000000078e+00,-5.168220000000000036e-01,-6.458300000000000152e-02,-5.993899999999999922e-02,7.818100000000000049e-02,5.200000000000000178e-01,-3.261899999999999800e-01,1.018288000000000082e+00,-1.115059999999999940e-01,8.717740000000000489e-01,-3.004450000000000176e-01,-1.088120000000000059e-01,3.836930000000000063e-01,-2.300689999999999957e-01,-5.366250000000000187e-01,6.325380000000000447e-01,1.048859999999999931e-01,-4.558399999999999952e-02,6.205900000000000305e-02,-1.980900000000000022e-02
1.287717000000000001e+00,-8.321699999999999930e-02,7.294549999999999645e-01,8.676920000000000188e-01,9.596699999999999675e-02,2.650100000000000025e-02,-4.870300000000000185e-01,-1.446285999999999961e+00,4.329299999999999815e-02,2.382799999999999918e-01,1.834125000000000005e+00,-1.706439999999999901e-01,-2.765700000000000103e-02,-7.604079999999999728e-01,-2.111499999999999835e-02,8.164399999999999435e-02,1.121995000000000076e+00,-5.104450000000000376e-01,-6.997100000000000541e-02,-6.803499999999999825e-02,7.557800000000000629e-02,5.200000000000000178e-01,-3.278190000000000270e-01,1.022531000000000079e+00,-1.173280000000000017e-01,8.840360000000000440e-01,-2.995079999999999965e-01,-1.047099999999999975e-01,3.747289999999999788e-01,-2.035170000000000035e-01,-4.835670000000000246e-01,5.796320000000000361e-01,9.516700000000000159e-02,-4.006200000000000039e-02,5.648299999999999849e-02,-2.654400000000000162e-02
1.281293000000000015e+00,-8.091900000000000481e-02,7.301900000000000057e-01,8.709350000000000147e-01,9.764000000000000457e-02,2.576600000000000071e-02,-4.809109999999999774e-01,-1.428806999999999938e+00,4.202899999999999692e-02,2.382469999999999866e-01,1.855007000000000073e+00,-1.741900000000000115e-01,-2.741800000000000140e-02,-7.650329999999999631e-01,-2.599100000000000021e-02,7.602799999999999836e-02,1.115806999999999993e+00,-5.025990000000000180e-01,-7.460600000000000565e-02,-7.542600000000000693e-02,7.363100000000000200e-02,5.199939999999999563e-01,-3.316649999999999876e-01,1.026634999999999964e+00,-1.248559999999999948e-01,8.992400000000000393e-01,-2.992969999999999797e-01,-1.024510000000000004e-01,3.638850000000000140e-01,-1.793289999999999884e-01,-4.420709999999999917e-01,5.372470000000000301e-01,8.389299999999999535e-02,-3.577899999999999830e-02,5.372400000000000092e-02,-3.308900000000000036e-02
1.274945999999999913e+00,-7.885000000000000342e-02,7.308959999999999901e-01,8.741189999999999793e-01,9.957799999999999985e-02,2.551499999999999949e-02,-4.747100000000000208e-01,-1.412126999999999910e+00,4.079599999999999893e-02,2.383830000000000116e-01,1.875702999999999898e+00,-1.778139999999999998e-01,-2.711500000000000021e-02,-7.703670000000000240e-01,-3.091199999999999851e-02,7.041500000000000536e-02,1.109091000000000049e+00,-4.945829999999999949e-01,-7.923299999999999788e-02,-8.214299999999999380e-02,7.207700000000000218e-02,5.173109999999999653e-01,-3.362519999999999953e-01,1.030286999999999953e+00,-1.343669999999999864e-01,9.155170000000000252e-01,-2.990360000000000240e-01,-1.006399999999999934e-01,3.527080000000000215e-01,-1.579589999999999883e-01,-4.124329999999999941e-01,5.083189999999999653e-01,7.367200000000000137e-02,-3.241399999999999837e-02,5.285200000000000314e-02,-4.007899999999999657e-02
1.268999999999999906e+00,-8.020700000000000052e-02,7.333899999999999864e-01,8.777930000000000454e-01,9.823600000000000387e-02,2.984500000000000000e-02,-4.679079999999999906e-01,-1.365202999999999944e+00,4.793900000000000244e-02,2.382690000000000086e-01,1.866954999999999920e+00,-1.841659999999999964e-01,-2.531800000000000023e-02,-7.690409999999999746e-01,-2.557399999999999951e-02,5.671699999999999658e-02,1.089123000000000063e+00,-4.785289999999999822e-01,-8.725700000000000123e-02,-8.661299999999999555e-02,7.738599999999999646e-02,4.969009999999999816e-01,-3.407240000000000268e-01,1.032358000000000109e+00,-1.404930000000000068e-01,9.139129999999999754e-01,-2.987219999999999875e-01,-1.008610000000000062e-01,3.421069999999999944e-01,-1.350059999999999871e-01,-4.131429999999999825e-01,4.940869999999999984e-01,4.881499999999999728e-02,-2.453100000000000072e-02,4.900100000000000289e-02,-3.342900000000000038e-02
1.263385999999999898e+00,-8.150000000000000300e-02,7.362999999999999545e-01,8.814089999999999980e-01,9.648199999999999832e-02,3.426400000000000279e-02,-4.611250000000000071e-01,-1.316640000000000033e+00,5.462899999999999701e-02,2.380470000000000086e-01,1.856594000000000078e+00,-1.904909999999999937e-01,-2.319500000000000034e-02,-7.654919999999999503e-01,-1.991400000000000114e-02,4.268700000000000272e-02,1.065350999999999937e+00,-4.607760000000000189e-01,-9.487099999999999700e-02,-9.081100000000000283e-02,8.545700000000000518e-02,4.760730000000000239e-01,-3.433390000000000053e-01,1.031786000000000092e+00,-1.462759999999999894e-01,9.097859999999999836e-01,-2.980329999999999924e-01,-1.000390000000000029e-01,3.325210000000000110e-01,-1.127070000000000016e-01,-4.312150000000000150e-01,4.921240000000000059e-01,2.109799999999999870e-02,-1.646299999999999847e-02,4.805600000000000149e-02,-2.619000000000000147e-02
1.257792999999999939e+00,-8.268000000000000349e-02,7.393469999999999764e-01,8.850639999999999619e-01,9.455600000000000116e-02,3.860399999999999943e-02,-4.541259999999999741e-01,-1.267576999999999954e+00,6.069999999999999701e-02,2.380970000000000031e-01,1.845887000000000056e+00,-1.967740000000000045e-01,-2.084599999999999995e-02,-7.613090000000000135e-01,-1.448499999999999961e-02,2.837100000000000039e-02,1.041018999999999917e+00,-4.429690000000000016e-01,-1.022710000000000008e-01,-9.525799999999999546e-02,9.443200000000000205e-02,4.554679999999999840e-01,-3.456919999999999993e-01,1.030626999999999960e+00,-1.517830000000000013e-01,9.048319999999999697e-01,-2.971730000000000205e-01,-9.864699999999999858e-02,3.228800000000000003e-01,-9.197400000000000020e-02,-4.632830000000000004e-01,5.022769999999999735e-01,-6.597000000000000433e-03,-8.595999999999999475e-03,4.890400000000000302e-02,-1.932700000000000043e-02
1.255049999999999999e+00,-8.570099999999999940e-02,7.429750000000000520e-01,8.869169999999999554e-01,9.192300000000000471e-02,4.506000000000000283e-02,-4.504429999999999823e-01,-1.172879999999999923e+00,6.552099999999999591e-02,2.374690000000000134e-01,1.804280000000000106e+00,-2.025919999999999943e-01,-2.220700000000000104e-02,-7.508719999999999839e-01,-4.446000000000000299e-03,1.498200000000000053e-02,1.005629000000000106e+00,-4.288810000000000122e-01,-1.107009999999999939e-01,-1.021429999999999977e-01,1.028550000000000020e-01,4.203899999999999859e-01,-3.334320000000000062e-01,1.027231999999999923e+00,-1.481599999999999862e-01,9.254679999999999573e-01,-2.973219999999999752e-01,-9.294299999999999784e-02,3.147139999999999938e-01,-7.088200000000000056e-02,-5.068570000000000020e-01,4.941900000000000182e-01,-1.533000000000000074e-03,6.171000000000000270e-03,5.498700000000000115e-02,-1.065400000000000028e-02
1.252313999999999927e+00,-8.871500000000000219e-02,7.472419999999999618e-01,8.891080000000000094e-01,8.893199999999999716e-02,4.992800000000000016e-02,-4.461899999999999755e-01,-1.072397999999999962e+00,6.767900000000000305e-02,2.379070000000000074e-01,1.759476999999999958e+00,-2.079769999999999952e-01,-2.329699999999999827e-02,-7.351870000000000349e-01,4.200999999999999873e-03,2.158000000000000196e-03,9.672549999999999759e-01,-4.147159999999999735e-01,-1.179039999999999949e-01,-1.097709999999999936e-01,1.110889999999999933e-01,3.882349999999999968e-01,-3.225859999999999839e-01,1.022888000000000019e+00,-1.458810000000000107e-01,9.470880000000000409e-01,-2.969689999999999830e-01,-8.867600000000000482e-02,3.059350000000000125e-01,-4.807199999999999668e-02,-5.589269999999999516e-01,4.920320000000000249e-01,5.975000000000000276e-03,2.008100000000000163e-02,6.010100000000000164e-02,-8.649999999999999920e-04
1.249614000000000003e+00,-9.166599999999999748e-02,7.514950000000000241e-01,8.916060000000000096e-01,8.607800000000000173e-02,5.396900000000000308e-02,-4.412670000000000203e-01,-9.695449999999999902e-01,6.751400000000000456e-02,2.391749999999999987e-01,1.712720000000000020e+00,-2.124939999999999884e-01,-2.384899999999999867e-02,-7.181309999999999638e-01,1.121300000000000074e-02,-1.058300000000000039e-02,9.290739999999999554e-01,-4.010230000000000183e-01,-1.248070000000000013e-01,-1.184570000000000067e-01,1.185039999999999982e-01,3.575289999999999857e-01,-3.132059999999999844e-01,1.018469999999999986e+00,-1.447009999999999963e-01,9.691370000000000262e-01,-2.964820000000000233e-01,-8.465999999999999914e-02,2.970900000000000207e-01,-2.420900000000000135e-02,-6.176009999999999556e-01,4.946130000000000249e-01,1.389199999999999983e-02,3.395299999999999707e-02,6.540999999999999592e-02,9.088000000000000592e-03
1.248952000000000062e+00,-9.465600000000000402e-02,7.564469999999999805e-01,8.941620000000000124e-01,8.135699999999999876e-02,5.576099999999999807e-02,-4.367449999999999943e-01,-8.674500000000000544e-01,4.978300000000000086e-02,2.375700000000000034e-01,1.642311000000000076e+00,-2.029239999999999933e-01,-3.562799999999999995e-02,-6.898750000000000160e-01,1.700099999999999875e-02,-2.335299999999999876e-02,8.850580000000000114e-01,-3.851729999999999876e-01,-1.280280000000000029e-01,-1.312649999999999928e-01,1.342770000000000075e-01,3.243969999999999909e-01,-2.975809999999999844e-01,1.010040000000000049e+00,-1.440710000000000046e-01,9.832260000000000444e-01,-2.965829999999999855e-01,-8.226100000000000079e-02,2.889300000000000201e-01,-1.077000000000000049e-03,-6.900680000000000147e-01,4.761170000000000124e-01,4.408999999999999725e-02,5.194700000000000012e-02,6.987899999999999667e-02,7.288000000000000207e-03
1.248146999999999895e+00,-9.761000000000000232e-02,7.615849999999999564e-01,8.970650000000000013e-01,7.729700000000000459e-02,5.691800000000000331e-02,-4.313469999999999804e-01,-7.634530000000000483e-01,2.913800000000000071e-02,2.354469999999999896e-01,1.568224999999999980e+00,-1.911710000000000076e-01,-4.643800000000000011e-02,-6.606640000000000290e-01,2.065200000000000022e-02,-3.610399999999999721e-02,8.402269999999999461e-01,-3.689950000000000174e-01,-1.310979999999999923e-01,-1.452130000000000087e-01,1.493150000000000033e-01,2.920189999999999730e-01,-2.821629999999999971e-01,1.000463000000000102e+00,-1.435809999999999864e-01,9.958770000000000122e-01,-2.963620000000000143e-01,-7.934099999999999486e-02,2.816259999999999875e-01,2.460400000000000087e-02,-7.635100000000000220e-01,4.554289999999999727e-01,7.561800000000000466e-02,7.032099999999999462e-02,7.230599999999999528e-02,5.798000000000000202e-03
1.247708999999999957e+00,-9.864799999999999958e-02,7.696410000000000196e-01,9.002099999999999547e-01,7.649200000000000443e-02,5.688900000000000207e-02,-4.248939999999999939e-01,-6.541320000000000467e-01,8.540000000000000499e-04,2.411510000000000042e-01,1.472890000000000033e+00,-1.640909999999999869e-01,-5.040100000000000136e-02,-6.234969999999999679e-01,1.539899999999999949e-02,-4.304199999999999693e-02,7.733889999999999931e-01,-3.392069999999999808e-01,-1.296539999999999915e-01,-1.584480000000000055e-01,1.572649999999999881e-01,2.552800000000000069e-01,-2.684400000000000119e-01,9.897949999999999804e-01,-1.487539999999999973e-01,1.008731000000000044e+00,-2.951340000000000074e-01,-7.670000000000000429e-02,2.754159999999999942e-01,6.046300000000000285e-02,-8.292340000000000266e-01,4.280499999999999861e-01,1.086389999999999995e-01,8.444100000000000217e-02,7.321800000000000530e-02,2.942000000000000171e-03
1.248553000000000024e+00,-1.023570000000000035e-01,7.702649999999999775e-01,9.030550000000000521e-01,6.863400000000000056e-02,6.000099999999999878e-02,-4.197400000000000020e-01,-5.463529999999999776e-01,-1.675099999999999853e-02,2.212890000000000135e-01,1.357787000000000077e+00,-1.649029999999999940e-01,-6.608500000000000485e-02,-6.067770000000000108e-01,2.841000000000000122e-02,-5.932799999999999879e-02,7.574079999999999702e-01,-3.384909999999999863e-01,-1.343260000000000010e-01,-1.729020000000000001e-01,1.863329999999999986e-01,2.221740000000000104e-01,-2.486829999999999874e-01,9.665949999999999820e-01,-1.426880000000000093e-01,1.024550000000000072e+00,-3.006289999999999796e-01,-7.218700000000000117e-02,2.713289999999999869e-01,6.810800000000000187e-02,-8.897319999999999673e-01,3.820160000000000222e-01,1.722640000000000005e-01,1.060610000000000025e-01,7.843300000000000272e-02,-3.121499999999999969e-02
1.249603000000000019e+00,-1.022610000000000047e-01,7.758460000000000356e-01,9.061489999999999823e-01,6.549900000000000166e-02,6.281299999999999384e-02,-4.131090000000000040e-01,-4.326450000000000018e-01,-4.377000000000000335e-02,2.129919999999999869e-01,1.206566000000000027e+00,-1.384980000000000100e-01,-7.076799999999999757e-02,-5.776080000000000103e-01,2.907300000000000162e-02,-6.746800000000000019e-02,6.984380000000000033e-01,-3.101149999999999740e-01,-1.320399999999999907e-01,-1.865539999999999976e-01,2.061929999999999874e-01,1.794070000000000109e-01,-2.284970000000000057e-01,9.418170000000000153e-01,-1.434509999999999952e-01,1.040242000000000111e+00,-3.045490000000000141e-01,-6.839800000000000046e-02,2.690899999999999959e-01,8.234299999999999953e-02,-9.364339999999999886e-01,3.328780000000000072e-01,2.420609999999999984e-01,1.229989999999999972e-01,7.809499999999999775e-02,-7.019400000000000639e-02
1.249238000000000071e+00,-1.051359999999999933e-01,7.759470000000000534e-01,9.087870000000000115e-01,5.743499999999999994e-02,6.672899999999999665e-02,-4.078669999999999796e-01,-3.260850000000000137e-01,-5.506199999999999983e-02,1.928300000000000014e-01,1.093641000000000085e+00,-1.405150000000000010e-01,-8.346199999999999453e-02,-5.672650000000000192e-01,4.449299999999999783e-02,-8.474199999999999788e-02,6.867729999999999668e-01,-3.091599999999999904e-01,-1.376320000000000043e-01,-2.006219999999999948e-01,2.356459999999999944e-01,1.461139999999999939e-01,-2.091270000000000073e-01,9.199159999999999560e-01,-1.366920000000000079e-01,1.056370999999999949e+00,-3.097230000000000261e-01,-6.346300000000000552e-02,2.655739999999999768e-01,8.251799999999999413e-02,-9.853800000000000336e-01,2.822629999999999861e-01,3.097090000000000121e-01,1.473669999999999980e-01,7.992000000000000492e-02,-1.032639999999999947e-01
1.249378000000000100e+00,-1.059179999999999983e-01,7.764499999999999735e-01,9.112839999999999829e-01,4.998699999999999671e-02,7.288699999999999346e-02,-4.021819999999999840e-01,-2.513380000000000059e-01,-6.812600000000000600e-02,1.633830000000000005e-01,9.601089999999999902e-01,-1.379900000000000015e-01,-9.131100000000000327e-02,-5.564580000000000082e-01,5.908000000000000057e-02,-9.926400000000000501e-02,6.578380000000000338e-01,-2.987090000000000023e-01,-1.380359999999999920e-01,-2.140100000000000058e-01,2.693659999999999943e-01,1.180340000000000000e-01,-1.926489999999999869e-01,8.864109999999999490e-01,-1.352089999999999959e-01,1.081233000000000111e+00,-3.223770000000000246e-01,-5.785499999999999671e-02,2.626910000000000078e-01,6.242199999999999832e-02,-9.987930000000000419e-01,2.039030000000000009e-01,3.948360000000000203e-01,1.968219999999999970e-01,7.409399999999999320e-02,-1.610090000000000132e-01
1.248761999999999928e+00,-1.061099999999999960e-01,7.766600000000000170e-01,9.135280000000000067e-01,4.200899999999999773e-02,7.986999999999999655e-02,-3.966379999999999906e-01,-1.802209999999999923e-01,-7.651700000000000168e-02,1.348109999999999864e-01,8.309870000000000312e-01,-1.370280000000000109e-01,-9.781700000000000117e-02,-5.484839999999999716e-01,7.603500000000000536e-02,-1.146400000000000058e-01,6.276239999999999597e-01,-2.856400000000000050e-01,-1.389630000000000032e-01,-2.251180000000000125e-01,3.037790000000000212e-01,8.951299999999999535e-02,-1.793780000000000097e-01,8.546759999999999913e-01,-1.364499999999999880e-01,1.107987000000000055e+00,-3.356419999999999959e-01,-5.212300000000000266e-02,2.601890000000000036e-01,3.730800000000000088e-02,-1.008210000000000051e+00,1.225060000000000038e-01,4.832210000000000116e-01,2.494760000000000033e-01,6.432100000000000317e-02,-2.165380000000000082e-01
1.247451000000000088e+00,-1.056200000000000055e-01,7.766750000000000043e-01,9.155619999999999870e-01,3.347100000000000075e-02,8.717800000000000549e-02,-3.911850000000000049e-01,-1.124489999999999934e-01,-8.122600000000000653e-02,1.075939999999999952e-01,7.082939999999999792e-01,-1.392160000000000064e-01,-1.029479999999999978e-01,-5.427990000000000315e-01,9.459700000000000053e-02,-1.306239999999999901e-01,5.979790000000000383e-01,-2.714610000000000078e-01,-1.400770000000000071e-01,-2.356370000000000131e-01,3.389179999999999970e-01,6.131799999999999751e-02,-1.665040000000000131e-01,8.245390000000000219e-01,-1.378999999999999948e-01,1.135834999999999928e+00,-3.492009999999999836e-01,-4.618300000000000183e-02,2.573300000000000032e-01,9.178999999999999659e-03,-1.015981999999999941e+00,3.788500000000000201e-02,5.736790000000000500e-01,3.042270000000000252e-01,5.220600000000000240e-02,-2.680469999999999797e-01
1.244385999999999992e+00,-1.040490000000000026e-01,7.762080000000000091e-01,9.183270000000000044e-01,2.580899999999999861e-02,9.383400000000000074e-02,-3.836729999999999863e-01,-5.615900000000000059e-02,-7.106500000000000317e-02,1.129119999999999985e-01,6.142199999999999882e-01,-1.441520000000000024e-01,-7.546799999999999342e-02,-5.390800000000000036e-01,1.090180000000000038e-01,-1.492700000000000138e-01,5.667879999999999585e-01,-2.559370000000000256e-01,-1.441379999999999884e-01,-2.413099999999999967e-01,3.663540000000000130e-01,3.571099999999999969e-02,-1.665520000000000056e-01,7.954820000000000224e-01,-1.547820000000000029e-01,1.149837999999999916e+00,-3.551230000000000220e-01,-4.157600000000000184e-02,2.509509999999999796e-01,-2.487199999999999828e-02,-1.035668999999999951e+00,-2.154500000000000165e-02,6.612419999999999964e-01,3.397760000000000224e-01,4.597799999999999804e-02,-3.010399999999999743e-01
1.241197000000000106e+00,-1.018749999999999933e-01,7.755149999999999544e-01,9.206889999999999796e-01,1.797400000000000039e-02,1.011660000000000059e-01,-3.765290000000000026e-01,-4.773999999999999598e-03,-6.107900000000000135e-02,1.204810000000000048e-01,5.264149999999999663e-01,-1.525459999999999872e-01,-4.894600000000000339e-02,-5.381639999999999757e-01,1.245909999999999934e-01,-1.676670000000000105e-01,5.356760000000000410e-01,-2.390680000000000027e-01,-1.473309999999999897e-01,-2.462429999999999897e-01,3.944429999999999881e-01,9.756000000000000782e-03,-1.659930000000000017e-01,7.672189999999999843e-01,-1.701380000000000114e-01,1.163956999999999908e+00,-3.610220000000000096e-01,-3.574499999999999900e-02,2.449159999999999948e-01,-6.343400000000000427e-02,-1.054292000000000007e+00,-8.102499999999999980e-02,7.528169999999999584e-01,3.751180000000000070e-01,4.106200000000000128e-02,-3.298269999999999813e-01
1.237872000000000083e+00,-9.960299999999999709e-02,7.748909999999999965e-01,9.228359999999999896e-01,1.012200000000000079e-02,1.088059999999999999e-01,-3.693679999999999741e-01,4.356199999999999656e-02,-5.200199999999999961e-02,1.291289999999999938e-01,4.431149999999999811e-01,-1.637859999999999872e-01,-2.360800000000000051e-02,-5.383670000000000400e-01,1.405200000000000060e-01,-1.860900000000000054e-01,5.041670000000000318e-01,-2.215959999999999874e-01,-1.501879999999999882e-01,-2.509440000000000004e-01,4.229479999999999906e-01,-1.616300000000000028e-02,-1.643439999999999901e-01,7.393129999999999979e-01,-1.837439999999999907e-01,1.177974999999999994e+00,-3.669189999999999952e-01,-2.971000000000000030e-02,2.388230000000000075e-01,-1.029909999999999992e-01,-1.073171000000000097e+00,-1.415949999999999986e-01,8.476080000000000281e-01,4.113399999999999834e-01,3.611000000000000321e-02,-3.556039999999999757e-01
1.233319999999999972e+00,-9.697600000000000664e-02,7.738810000000000411e-01,9.239950000000000108e-01,2.501000000000000185e-03,1.144209999999999949e-01,-3.648770000000000069e-01,6.206400000000000111e-02,-4.337900000000000089e-02,1.264740000000000031e-01,3.785689999999999888e-01,-1.901789999999999869e-01,6.773000000000000374e-03,-5.375870000000000370e-01,1.583589999999999998e-01,-1.983800000000000008e-01,4.727839999999999820e-01,-2.008230000000000015e-01,-1.538160000000000083e-01,-2.640529999999999822e-01,4.447760000000000047e-01,-2.888800000000000048e-02,-1.575209999999999944e-01,7.201619999999999688e-01,-1.888029999999999986e-01,1.191907000000000050e+00,-3.762510000000000021e-01,-2.601499999999999993e-02,2.360800000000000121e-01,-1.389660000000000062e-01,-1.080726999999999993e+00,-2.118259999999999865e-01,8.898519999999999763e-01,4.507849999999999913e-01,1.915499999999999842e-02,-3.654720000000000191e-01
1.228518999999999917e+00,-9.452699999999999991e-02,7.727270000000000527e-01,9.251099999999999879e-01,-5.181999999999999974e-03,1.203339999999999965e-01,-3.600900000000000212e-01,7.590600000000000125e-02,-3.374200000000000116e-02,1.231239999999999973e-01,3.218690000000000162e-01,-2.204579999999999873e-01,3.643400000000000111e-02,-5.376720000000000388e-01,1.769469999999999932e-01,-2.116069999999999895e-01,4.411439999999999806e-01,-1.798750000000000071e-01,-1.578980000000000106e-01,-2.795360000000000067e-01,4.654320000000000124e-01,-3.902400000000000313e-02,-1.487120000000000108e-01,7.037349999999999994e-01,-1.900439999999999907e-01,1.204617000000000049e+00,-3.857840000000000158e-01,-2.295900000000000024e-02,2.334980000000000111e-01,-1.693139999999999923e-01,-1.083271000000000095e+00,-2.888439999999999896e-01,9.214480000000000448e-01,4.891079999999999872e-01,4.748999999999999749e-03,-3.761840000000000184e-01
1.223721000000000059e+00,-9.227200000000000679e-02,7.714980000000000171e-01,9.261409999999999920e-01,-1.276599999999999957e-02,1.262270000000000059e-01,-3.551980000000000137e-01,8.795799999999999452e-02,-2.422900000000000054e-02,1.194540000000000046e-01,2.686279999999999779e-01,-2.526729999999999809e-01,6.586400000000000587e-02,-5.375839999999999508e-01,1.957409999999999983e-01,-2.248529999999999973e-01,4.091870000000000229e-01,-1.590409999999999879e-01,-1.619680000000000009e-01,-2.951579999999999759e-01,4.855670000000000264e-01,-4.866600000000000092e-02,-1.390019999999999867e-01,6.881850000000000467e-01,-1.904500000000000082e-01,1.216558000000000028e+00,-3.951390000000000180e-01,-1.994999999999999898e-02,2.307059999999999944e-01,-1.964180000000000093e-01,-1.083909999999999929e+00,-3.697019999999999751e-01,9.489349999999999730e-01,5.265809999999999658e-01,-8.293000000000000024e-03,-3.874839999999999951e-01
1.219058999999999893e+00,-8.851100000000000634e-02,7.713950000000000529e-01,9.279939999999999856e-01,-1.734399999999999831e-02,1.280199999999999949e-01,-3.494809999999999861e-01,8.858199999999999408e-02,-1.992499999999999827e-02,1.151820000000000066e-01,2.502179999999999960e-01,-2.800190000000000179e-01,6.522500000000000520e-02,-5.318089999999999762e-01,2.018560000000000076e-01,-2.358999999999999986e-01,3.775589999999999780e-01,-1.397660000000000013e-01,-1.642919999999999936e-01,-2.964470000000000161e-01,4.974770000000000025e-01,-5.281799999999999690e-02,-1.458710000000000007e-01,6.787189999999999612e-01,-1.968199999999999950e-01,1.219448000000000087e+00,-4.000980000000000092e-01,-1.901999999999999871e-02,2.284059999999999979e-01,-2.007299999999999918e-01,-1.087982999999999922e+00,-4.068120000000000069e-01,9.826740000000000475e-01,5.532709999999999573e-01,-1.493799999999999989e-02,-3.942120000000000068e-01
1.213907999999999987e+00,-8.464700000000000002e-02,7.711700000000000221e-01,9.298760000000000359e-01,-2.137599999999999917e-02,1.295300000000000062e-01,-3.436520000000000130e-01,8.583300000000000651e-02,-1.617899999999999894e-02,1.103819999999999940e-01,2.381600000000000106e-01,-3.100530000000000230e-01,6.486899999999999611e-02,-5.273039999999999949e-01,2.072380000000000055e-01,-2.462900000000000089e-01,3.475210000000000243e-01,-1.201699999999999990e-01,-1.644750000000000101e-01,-2.983060000000000156e-01,5.065840000000000343e-01,-5.892599999999999921e-02,-1.527989999999999904e-01,6.708589999999999831e-01,-2.048319999999999863e-01,1.223775999999999975e+00,-4.048359999999999737e-01,-1.715500000000000011e-02,2.261579999999999979e-01,-2.064900000000000069e-01,-1.091199999999999948e+00,-4.402139999999999942e-01,1.019112999999999936e+00,5.805780000000000385e-01,-2.062599999999999850e-02,-4.008559999999999901e-01
1.208720999999999934e+00,-8.097000000000000031e-02,7.710160000000000347e-01,9.317020000000000302e-01,-2.510099999999999831e-02,1.312089999999999923e-01,-3.377660000000000107e-01,8.155900000000000649e-02,-1.276700000000000057e-02,1.050979999999999970e-01,2.279589999999999950e-01,-3.408760000000000123e-01,6.508300000000000196e-02,-5.239179999999999948e-01,2.123339999999999950e-01,-2.565930000000000155e-01,3.183449999999999891e-01,-1.008870000000000045e-01,-1.645959999999999923e-01,-3.004470000000000196e-01,5.149259999999999948e-01,-6.585599999999999787e-02,-1.594160000000000021e-01,6.637030000000000429e-01,-2.126989999999999992e-01,1.228602999999999890e+00,-4.097680000000000211e-01,-1.516999999999999946e-02,2.237520000000000064e-01,-2.130749999999999866e-01,-1.094462000000000046e+00,-4.722390000000000199e-01,1.057301000000000046e+00,6.083429999999999671e-01,-2.605599999999999930e-02,-4.067760000000000264e-01
1.201950999999999992e+00,-7.664500000000000479e-02,7.711280000000000356e-01,9.334869999999999557e-01,-2.732000000000000053e-02,1.295389999999999875e-01,-3.332789999999999919e-01,7.692999999999999838e-02,-1.267000000000000071e-02,9.291000000000000647e-02,2.205219999999999958e-01,-3.658350000000000213e-01,7.846100000000000296e-02,-5.176770000000000538e-01,2.147769999999999957e-01,-2.582349999999999923e-01,2.904419999999999780e-01,-7.911300000000000276e-02,-1.637669999999999959e-01,-2.865130000000000177e-01,5.113320000000000087e-01,-6.819400000000000461e-02,-1.873259999999999925e-01,6.613210000000000477e-01,-2.303240000000000010e-01,1.220933999999999964e+00,-4.099579999999999891e-01,-1.703299999999999953e-02,2.235010000000000052e-01,-2.143009999999999915e-01,-1.101315999999999962e+00,-4.467840000000000145e-01,1.056251000000000051e+00,5.997440000000000548e-01,-3.003799999999999873e-02,-3.837380000000000235e-01
1.194288999999999934e+00,-6.779799999999999716e-02,7.714490000000000514e-01,9.359469999999999734e-01,-2.853199999999999834e-02,1.272890000000000132e-01,-3.270870000000000166e-01,7.043099999999999361e-02,-2.051599999999999951e-02,7.741000000000000658e-02,2.052019999999999955e-01,-3.802760000000000029e-01,9.823400000000000187e-02,-5.083119999999999861e-01,2.097819999999999963e-01,-2.587829999999999853e-01,2.467940000000000134e-01,-4.259600000000000192e-02,-1.578749999999999876e-01,-2.843439999999999857e-01,4.970300000000000273e-01,-6.988400000000000167e-02,-2.173460000000000114e-01,6.716950000000000420e-01,-2.499810000000000088e-01,1.219940999999999942e+00,-4.114599999999999924e-01,-1.488500000000000066e-02,2.223489999999999911e-01,-2.209810000000000108e-01,-1.095887999999999973e+00,-4.119349999999999956e-01,1.053449000000000080e+00,5.837480000000000446e-01,-3.009799999999999975e-02,-3.581110000000000126e-01
1.187165000000000026e+00,-6.725000000000000422e-02,7.718009999999999593e-01,9.371810000000000418e-01,-2.894899999999999904e-02,1.246329999999999938e-01,-3.245330000000000159e-01,6.984799999999999343e-02,-2.054900000000000129e-02,6.859700000000000519e-02,1.994039999999999979e-01,-4.108570000000000277e-01,1.070659999999999945e-01,-5.037000000000000366e-01,2.147479999999999944e-01,-2.574130000000000029e-01,2.302200000000000080e-01,-3.070700000000000165e-02,-1.617840000000000111e-01,-2.717760000000000176e-01,4.947759999999999936e-01,-6.937400000000000511e-02,-2.409169999999999923e-01,6.600510000000000543e-01,-2.601060000000000039e-01,1.212183999999999928e+00,-4.121839999999999948e-01,-1.760700000000000112e-02,2.238700000000000134e-01,-2.341419999999999890e-01,-1.098873999999999906e+00,-3.784109999999999974e-01,1.042524000000000006e+00,5.650779999999999692e-01,-3.135899999999999799e-02,-3.420360000000000067e-01
1.177767000000000008e+00,-5.803300000000000125e-02,7.720040000000000235e-01,9.381110000000000282e-01,-2.745500000000000024e-02,1.176090000000000052e-01,-3.245939999999999936e-01,5.435500000000000054e-02,-3.237199999999999800e-02,7.111199999999999466e-02,2.152320000000000066e-01,-4.079650000000000221e-01,1.197690000000000005e-01,-4.990959999999999841e-01,2.056969999999999910e-01,-2.520020000000000038e-01,2.071780000000000010e-01,7.583000000000000330e-03,-1.541379999999999972e-01,-2.757160000000000166e-01,4.766409999999999814e-01,-5.676799999999999902e-02,-2.574520000000000142e-01,6.718929999999999625e-01,-2.691689999999999916e-01,1.206868999999999970e+00,-4.094320000000000181e-01,-1.751399999999999832e-02,2.253749999999999920e-01,-2.394830000000000014e-01,-1.088518000000000097e+00,-3.341290000000000093e-01,1.037279999999999980e+00,5.433940000000000436e-01,-2.525300000000000114e-02,-3.200919999999999876e-01
1.168179000000000078e+00,-5.286099999999999827e-02,7.722769999999999913e-01,9.384740000000000304e-01,-2.514399999999999968e-02,1.105509999999999965e-01,-3.262090000000000267e-01,3.947599999999999720e-02,-4.050999999999999740e-02,7.686500000000000277e-02,2.374489999999999934e-01,-4.130630000000000135e-01,1.267850000000000088e-01,-4.970840000000000258e-01,2.009640000000000037e-01,-2.456369999999999942e-01,1.954170000000000074e-01,3.537699999999999873e-02,-1.515819999999999945e-01,-2.765310000000000268e-01,4.609759999999999969e-01,-4.162600000000000328e-02,-2.696410000000000196e-01,6.780800000000000161e-01,-2.712939999999999796e-01,1.196326999999999918e+00,-4.058880000000000265e-01,-1.956799999999999859e-02,2.273689999999999878e-01,-2.489530000000000076e-01,-1.076599000000000084e+00,-2.910409999999999942e-01,1.028224000000000027e+00,5.212109999999999799e-01,-2.083799999999999888e-02,-3.006789999999999741e-01
1.158711999999999964e+00,-4.777800000000000102e-02,7.724800000000000555e-01,9.387079999999999869e-01,-2.300100000000000061e-02,1.035279999999999950e-01,-3.279949999999999810e-01,2.373700000000000115e-02,-4.824699999999999822e-02,8.329899999999999805e-02,2.621870000000000034e-01,-4.199080000000000035e-01,1.339329999999999965e-01,-4.966430000000000011e-01,1.962579999999999880e-01,-2.392259999999999942e-01,1.872979999999999923e-01,6.113099999999999784e-02,-1.488960000000000006e-01,-2.777919999999999834e-01,4.465700000000000225e-01,-2.586700000000000110e-02,-2.794449999999999990e-01,6.835269999999999957e-01,-2.711410000000000209e-01,1.183799999999999963e+00,-4.015279999999999960e-01,-2.151700000000000140e-02,2.301249999999999962e-01,-2.589400000000000035e-01,-1.061085000000000056e+00,-2.476480000000000070e-01,1.016723000000000043e+00,4.982079999999999842e-01,-1.658700000000000105e-02,-2.817919999999999869e-01
1.148938999999999933e+00,-4.194799999999999918e-02,7.719000000000000306e-01,9.390950000000000131e-01,-2.049700000000000133e-02,9.715899999999999537e-02,-3.290000000000000147e-01,5.398000000000000020e-03,-5.532399999999999818e-02,8.425000000000000544e-02,2.875389999999999890e-01,-4.220090000000000230e-01,1.412430000000000074e-01,-5.021569999999999645e-01,1.936710000000000098e-01,-2.053169999999999995e-01,1.834749999999999992e-01,8.756600000000000494e-02,-1.237930000000000003e-01,-2.771159999999999735e-01,4.286530000000000062e-01,-5.931999999999999773e-03,-2.944149999999999823e-01,6.974839999999999929e-01,-2.615259999999999807e-01,1.172670000000000101e+00,-4.017519999999999980e-01,-2.479100000000000054e-02,2.378649999999999931e-01,-2.669159999999999866e-01,-1.038183000000000078e+00,-1.988250000000000017e-01,9.966610000000000191e-01,4.692879999999999829e-01,-1.501399999999999957e-02,-2.706029999999999824e-01
1.139010000000000078e+00,-3.603900000000000159e-02,7.712750000000000439e-01,9.393850000000000255e-01,-1.764100000000000043e-02,9.089500000000000357e-02,-3.301239999999999730e-01,-1.399599999999999976e-02,-6.289899999999999658e-02,8.592400000000000038e-02,3.134159999999999724e-01,-4.240639999999999965e-01,1.485529999999999906e-01,-5.086220000000000185e-01,1.908710000000000129e-01,-1.703220000000000012e-01,1.807940000000000103e-01,1.129949999999999982e-01,-9.800200000000000577e-02,-2.773579999999999934e-01,4.098019999999999996e-01,1.457299999999999915e-02,-3.089959999999999929e-01,7.125489999999999879e-01,-2.504549999999999832e-01,1.162029999999999896e+00,-4.022129999999999872e-01,-2.836299999999999932e-02,2.454469999999999985e-01,-2.753280000000000172e-01,-1.004939000000000027e+00,-1.511069999999999913e-01,9.720299999999999496e-01,4.384129999999999971e-01,-1.357700000000000053e-02,-2.614480000000000137e-01
1.128854999999999942e+00,-3.020300000000000068e-02,7.707819999999999672e-01,9.396510000000000140e-01,-1.473799999999999936e-02,8.466500000000000414e-02,-3.311660000000000159e-01,-3.402700000000000169e-02,-7.037000000000000199e-02,8.787100000000000466e-02,3.400880000000000014e-01,-4.264149999999999885e-01,1.557810000000000028e-01,-5.151740000000000208e-01,1.882530000000000037e-01,-1.346680000000000099e-01,1.786750000000000005e-01,1.373580000000000079e-01,-7.148500000000000687e-02,-2.782410000000000161e-01,3.907260000000000177e-01,3.537799999999999973e-02,-3.230319999999999858e-01,7.281490000000000462e-01,-2.386490000000000000e-01,1.151402999999999954e+00,-4.026210000000000067e-01,-3.209399999999999753e-02,2.528610000000000024e-01,-2.822959999999999914e-01,-9.599170000000000202e-01,-1.066850000000000021e-01,9.430840000000000334e-01,4.058709999999999818e-01,-1.271899999999999940e-02,-2.528549999999999964e-01
1.116524000000000072e+00,-2.218900000000000039e-02,7.706699999999999662e-01,9.396870000000000500e-01,-1.538100000000000057e-02,7.721200000000000285e-02,-3.328530000000000100e-01,-5.838700000000000140e-02,-6.725499999999999534e-02,1.010589999999999961e-01,3.763199999999999878e-01,-4.277940000000000076e-01,1.546369999999999967e-01,-5.709570000000000478e-01,1.851059999999999928e-01,-1.052280000000000021e-01,2.615680000000000227e-01,1.647780000000000078e-01,-1.480000000000000066e-02,-2.828030000000000266e-01,3.807719999999999994e-01,7.294799999999999895e-02,-3.426569999999999894e-01,7.525600000000000067e-01,-2.273640000000000105e-01,1.137221000000000037e+00,-4.002760000000000207e-01,-3.598500000000000310e-02,2.604670000000000041e-01,-2.754940000000000166e-01,-8.925410000000000288e-01,-6.673800000000000565e-02,8.726709999999999745e-01,3.669720000000000204e-01,-1.395000000000000059e-02,-2.311789999999999956e-01
1.103674000000000044e+00,-1.402499999999999927e-02,7.705589999999999939e-01,9.396099999999999453e-01,-1.520200000000000023e-02,7.118399999999999728e-02,-3.344170000000000198e-01,-8.868299999999999794e-02,-6.416800000000000281e-02,1.138959999999999972e-01,4.160170000000000257e-01,-4.297949999999999826e-01,1.536200000000000065e-01,-6.394339999999999469e-01,1.833629999999999982e-01,-7.706799999999999762e-02,3.643790000000000084e-01,1.801210000000000033e-01,4.587800000000000211e-02,-2.860159999999999925e-01,3.701699999999999990e-01,1.090119999999999978e-01,-3.634310000000000040e-01,7.788169999999999815e-01,-2.149199999999999999e-01,1.122865999999999920e+00,-3.973900000000000210e-01,-3.973899999999999655e-02,2.670960000000000001e-01,-2.607670000000000265e-01,-8.098600000000000243e-01,-3.896600000000000064e-02,7.919319999999999693e-01,3.250950000000000228e-01,-1.290999999999999960e-02,-2.103790000000000104e-01
1.090402000000000093e+00,-5.844000000000000236e-03,7.704619999999999802e-01,9.394780000000000353e-01,-1.461100000000000072e-02,6.603799999999999948e-02,-3.358670000000000266e-01,-1.221430000000000016e-01,-6.070199999999999901e-02,1.262709999999999944e-01,4.572280000000000233e-01,-4.319509999999999739e-01,1.526329999999999909e-01,-7.129630000000000134e-01,1.848770000000000135e-01,-4.929499999999999854e-02,4.750730000000000230e-01,1.890719999999999901e-01,1.105199999999999932e-01,-2.871090000000000031e-01,3.593470000000000275e-01,1.430919999999999970e-01,-3.853849999999999776e-01,8.057119999999999838e-01,-2.037899999999999989e-01,1.108394000000000101e+00,-3.943409999999999971e-01,-4.348699999999999788e-02,2.734730000000000216e-01,-2.395899999999999974e-01,-7.122490000000000210e-01,-2.230400000000000091e-02,7.068499999999999783e-01,2.813399999999999790e-01,-1.209799999999999938e-02,-1.899389999999999967e-01
1.078548000000000062e+00,2.886999999999999809e-03,7.684429999999999872e-01,9.393350000000000311e-01,-1.559199999999999996e-02,6.284399999999999709e-02,-3.368349999999999955e-01,-1.646370000000000056e-01,-5.371999999999999692e-02,1.350790000000000046e-01,5.126380000000000381e-01,-4.371909999999999963e-01,1.548539999999999917e-01,-8.012449999999999850e-01,1.811979999999999980e-01,-5.246599999999999875e-02,6.415220000000000367e-01,1.378199999999999981e-01,1.283110000000000084e-01,-2.941969999999999863e-01,3.533390000000000142e-01,1.801599999999999868e-01,-3.971149999999999958e-01,8.261709999999999887e-01,-1.957859999999999878e-01,1.095574999999999966e+00,-3.885210000000000052e-01,-4.717600000000000265e-02,2.773220000000000129e-01,-2.074769999999999948e-01,-6.000569999999999515e-01,-4.675999999999999601e-03,5.859400000000000164e-01,2.309140000000000081e-01,-5.644999999999999844e-03,-1.531740000000000046e-01
1.067293999999999965e+00,9.844999999999999585e-03,7.672339999999999716e-01,9.387489999999999446e-01,-1.868399999999999922e-02,5.777800000000000297e-02,-3.392100000000000115e-01,-1.966189999999999882e-01,-4.140699999999999936e-02,1.440690000000000026e-01,5.649239999999999817e-01,-4.450879999999999836e-01,1.542969999999999897e-01,-8.794710000000000027e-01,1.821099999999999941e-01,-5.896300000000000152e-02,8.052820000000000533e-01,8.415300000000000558e-02,1.422970000000000068e-01,-2.931730000000000169e-01,3.550240000000000062e-01,2.248489999999999933e-01,-4.143270000000000008e-01,8.375829999999999664e-01,-1.906670000000000031e-01,1.079687000000000063e+00,-3.836860000000000270e-01,-5.229199999999999821e-02,2.823919999999999764e-01,-1.724299999999999999e-01,-4.884189999999999920e-01,-2.282000000000000174e-03,4.763899999999999801e-01,1.840769999999999906e-01,-8.321000000000000271e-03,-1.169000000000000039e-01
1.055609000000000020e+00,1.855800000000000158e-02,7.648519999999999763e-01,9.389389999999999681e-01,-1.993800000000000086e-02,5.250200000000000006e-02,-3.394690000000000207e-01,-2.334360000000000046e-01,-3.626000000000000056e-02,1.509010000000000074e-01,6.196789999999999798e-01,-4.510649999999999937e-01,1.570640000000000092e-01,-9.607520000000000504e-01,1.746560000000000057e-01,-6.250999999999999612e-02,9.721600000000000241e-01,3.020700000000000121e-02,1.597119999999999929e-01,-2.990970000000000018e-01,3.478189999999999893e-01,2.633789999999999742e-01,-4.277960000000000096e-01,8.564619999999999456e-01,-1.871210000000000095e-01,1.066503999999999897e+00,-3.782710000000000239e-01,-5.599099999999999910e-02,2.864490000000000092e-01,-1.309919999999999973e-01,-3.673089999999999966e-01,-5.203000000000000159e-03,3.668699999999999739e-01,1.371979999999999866e-01,-8.231000000000000469e-03,-8.043999999999999762e-02
1.044550000000000090e+00,2.533499999999999988e-02,7.620519999999999516e-01,9.383770000000000167e-01,-2.133200000000000027e-02,5.250200000000000006e-02,-3.409360000000000168e-01,-2.751500000000000057e-01,-2.686499999999999999e-02,1.499719999999999942e-01,6.649760000000000115e-01,-4.544949999999999823e-01,1.588189999999999880e-01,-1.066348999999999991e+00,1.592439999999999967e-01,-8.148600000000000287e-02,1.150619999999999976e+00,-2.107200000000000045e-02,1.369329999999999992e-01,-3.007670000000000066e-01,3.421529999999999849e-01,2.942009999999999903e-01,-4.368460000000000121e-01,8.829690000000000039e-01,-1.819669999999999899e-01,1.062762999999999902e+00,-3.751229999999999842e-01,-5.787699999999999789e-02,2.887140000000000262e-01,-8.904499999999999915e-02,-2.565729999999999955e-01,-1.820999999999999919e-03,2.592430000000000012e-01,9.253699999999999426e-02,-6.219999999999999835e-03,-5.452200000000000102e-02
1.033373000000000097e+00,3.370599999999999985e-02,7.580320000000000391e-01,9.380579999999999474e-01,-1.949199999999999891e-02,5.860800000000000037e-02,-3.409300000000000108e-01,-3.367370000000000085e-01,-2.280499999999999888e-02,1.478079999999999949e-01,7.137320000000000331e-01,-4.551370000000000138e-01,1.638400000000000134e-01,-1.186172000000000004e+00,1.364299999999999957e-01,-9.358400000000000052e-02,1.326349999999999918e+00,-6.841099999999999959e-02,1.158320000000000044e-01,-3.072170000000000178e-01,3.319349999999999801e-01,3.050550000000000206e-01,-4.367699999999999916e-01,9.189370000000000038e-01,-1.750039999999999929e-01,1.062780000000000058e+00,-3.724620000000000153e-01,-6.033700000000000174e-02,2.875380000000000158e-01,-4.866299999999999792e-02,-1.501679999999999959e-01,7.962000000000000327e-03,1.546329999999999927e-01,4.961600000000000038e-02,5.597999999999999678e-03,-3.387300000000000033e-02
1.023454000000000086e+00,3.904099999999999931e-02,7.525969999999999605e-01,9.375130000000000408e-01,-1.968999999999999917e-02,5.903499999999999720e-02,-3.423410000000000064e-01,-3.863869999999999805e-01,-1.522500000000000069e-02,1.469310000000000060e-01,7.796659999999999702e-01,-4.734369999999999967e-01,1.658940000000000137e-01,-1.294966000000000061e+00,1.138190000000000035e-01,-1.080760000000000054e-01,1.519163000000000041e+00,-1.316740000000000133e-01,8.555899999999999617e-02,-3.090800000000000214e-01,3.330359999999999987e-01,3.358849999999999891e-01,-4.449540000000000162e-01,9.378389999999999782e-01,-1.646259999999999946e-01,1.058578999999999937e+00,-3.701059999999999905e-01,-6.310100000000000431e-02,2.893270000000000008e-01,-2.434300000000000005e-02,-8.656800000000000606e-02,8.356999999999999845e-03,7.877699999999999980e-02,1.981700000000000128e-02,6.157000000000000146e-03,-9.105999999999999511e-03
1.011768000000000001e+00,4.406299999999999800e-02,7.503889999999999727e-01,9.367090000000000138e-01,-2.150600000000000081e-02,5.980300000000000199e-02,-3.442930000000000157e-01,-4.213959999999999928e-01,-1.657000000000000053e-03,1.446169999999999956e-01,8.092970000000000441e-01,-4.691509999999999847e-01,1.626869999999999983e-01,-1.336473000000000022e+00,1.262530000000000041e-01,-1.164300000000000057e-01,1.636557000000000039e+00,-1.338209999999999955e-01,8.676899999999999891e-02,-3.013680000000000248e-01,3.311560000000000059e-01,3.493919999999999804e-01,-4.458150000000000168e-01,9.453939999999999566e-01,-1.570229999999999959e-01,1.050796000000000063e+00,-3.708429999999999782e-01,-6.681299999999999739e-02,2.923140000000000183e-01,-5.527999999999999928e-03,-1.592800000000000119e-02,1.129999999999999928e-03,2.537000000000000019e-02,2.926000000000000215e-03,-5.940000000000000184e-04,-3.314999999999999804e-03
9.997829999999999773e-01,4.881300000000000222e-02,7.475460000000000438e-01,9.356459999999999777e-01,-2.355200000000000002e-02,6.032599999999999768e-02,-3.469490000000000074e-01,-4.578650000000000220e-01,1.368300000000000072e-02,1.423870000000000136e-01,8.442659999999999609e-01,-4.684550000000000103e-01,1.589510000000000089e-01,-1.378929999999999989e+00,1.386409999999999865e-01,-1.292190000000000005e-01,1.757157999999999998e+00,-1.377390000000000003e-01,8.593199999999999450e-02,-2.938720000000000221e-01,3.292709999999999804e-01,3.640280000000000182e-01,-4.443289999999999740e-01,9.533939999999999637e-01,-1.467700000000000116e-01,1.042159000000000058e+00,-3.715780000000000194e-01,-7.008200000000000540e-02,2.958970000000000211e-01,4.949000000000000274e-03,2.572800000000000087e-02,3.249999999999999851e-04,-1.902500000000000024e-02,-7.540999999999999960e-03,-3.203000000000000118e-03,1.791000000000000057e-03
9.874770000000000492e-01,5.374199999999999811e-02,7.444629999999999859e-01,9.343550000000000466e-01,-2.563199999999999854e-02,6.096300000000000330e-02,-3.501520000000000188e-01,-4.954390000000000183e-01,3.003099999999999867e-02,1.401519999999999988e-01,8.802079999999999904e-01,-4.678209999999999869e-01,1.550749999999999906e-01,-1.421996999999999955e+00,1.498200000000000087e-01,-1.459570000000000034e-01,1.878074000000000021e+00,-1.415619999999999934e-01,8.328099999999999392e-02,-2.856469999999999843e-01,3.274469999999999881e-01,3.785709999999999908e-01,-4.419429999999999747e-01,9.616949999999999665e-01,-1.354809999999999903e-01,1.033142999999999923e+00,-3.722289999999999766e-01,-7.313799999999999468e-02,2.994839999999999725e-01,6.935000000000000192e-03,4.120499999999999857e-02,7.744000000000000015e-03,-5.538900000000000073e-02,-1.265299999999999932e-02,-4.147999999999999778e-03,7.281000000000000145e-03
9.775260000000000060e-01,5.722700000000000009e-02,7.428529999999999855e-01,9.326360000000000205e-01,-2.746900000000000036e-02,6.324699999999999767e-02,-3.541690000000000116e-01,-5.244609999999999550e-01,4.489900000000000141e-02,1.353669999999999873e-01,8.992670000000000385e-01,-4.625609999999999999e-01,1.504129999999999912e-01,-1.454064999999999941e+00,1.565050000000000052e-01,-1.534330000000000138e-01,1.939081999999999972e+00,-1.461109999999999909e-01,8.102900000000000380e-02,-2.793970000000000065e-01,3.280759999999999788e-01,3.841589999999999727e-01,-4.289069999999999827e-01,9.734270000000000422e-01,-1.234650000000000053e-01,1.029911999999999939e+00,-3.720720000000000138e-01,-7.422800000000000231e-02,2.983729999999999993e-01,8.904000000000000456e-03,3.278400000000000064e-02,-3.412000000000000102e-03,-3.674800000000000288e-02,-6.159000000000000412e-03,9.690000000000000262e-04,3.223999999999999869e-03
9.673850000000000504e-01,6.112900000000000278e-02,7.423729999999999496e-01,9.306419999999999693e-01,-2.954899999999999888e-02,6.508300000000000196e-02,-3.588819999999999788e-01,-5.488669999999999938e-01,6.032300000000000162e-02,1.312230000000000063e-01,9.098950000000000093e-01,-4.525310000000000166e-01,1.453669999999999962e-01,-1.482661999999999924e+00,1.645060000000000133e-01,-1.612580000000000124e-01,1.995355999999999908e+00,-1.484570000000000056e-01,7.882500000000000617e-02,-2.692069999999999741e-01,3.288699999999999957e-01,3.898949999999999916e-01,-4.193049999999999833e-01,9.840640000000000498e-01,-1.152900000000000036e-01,1.027276000000000078e+00,-3.719270000000000076e-01,-7.563999999999999890e-02,2.970619999999999927e-01,8.819999999999999715e-03,1.552300000000000034e-02,-7.837000000000000216e-03,-1.491999999999999924e-02,-5.879999999999999810e-04,1.621999999999999961e-03,2.203999999999999796e-03
9.572140000000000093e-01,6.512900000000000633e-02,7.419400000000000439e-01,9.285390000000000033e-01,-3.157200000000000284e-02,6.657200000000000617e-02,-3.638489999999999780e-01,-5.720070000000000432e-01,7.571400000000000352e-02,1.272830000000000072e-01,9.188560000000000061e-01,-4.415250000000000008e-01,1.403729999999999978e-01,-1.510415999999999981e+00,1.722930000000000017e-01,-1.698639999999999872e-01,2.051073999999999842e+00,-1.504099999999999882e-01,7.606599999999999473e-02,-2.576060000000000016e-01,3.290629999999999944e-01,3.959179999999999922e-01,-4.115530000000000022e-01,9.946399999999999686e-01,-1.087769999999999987e-01,1.025312999999999919e+00,-3.719129999999999936e-01,-7.706999999999999962e-02,2.958210000000000006e-01,7.569000000000000207e-03,-4.259999999999999898e-03,-4.288000000000000145e-03,-2.049000000000000040e-03,2.720999999999999894e-03,1.930999999999999991e-03,6.305999999999999973e-03
9.477430000000000021e-01,6.772999999999999854e-02,7.440470000000000139e-01,9.254989999999999606e-01,-3.198600000000000054e-02,7.144300000000000650e-02,-3.705729999999999857e-01,-5.898660000000000014e-01,9.396799999999999597e-02,1.270930000000000115e-01,9.069220000000000059e-01,-4.216389999999999860e-01,1.340159999999999962e-01,-1.513074000000000030e+00,1.763599999999999890e-01,-1.752110000000000056e-01,2.094088000000000171e+00,-1.645030000000000103e-01,7.281799999999999384e-02,-2.461589999999999889e-01,3.289259999999999962e-01,3.923670000000000213e-01,-3.980630000000000002e-01,1.007911999999999919e+00,-9.953099999999999448e-02,1.033039999999999958e+00,-3.727380000000000138e-01,-7.620300000000000684e-02,2.934350000000000014e-01,1.968999999999999830e-03,-1.677800000000000125e-02,-9.166999999999999801e-03,1.914700000000000082e-02,6.649999999999999661e-03,9.250000000000000409e-04,-3.788000000000000134e-03
9.383320000000000549e-01,7.041699999999999349e-02,7.464549999999999796e-01,9.223829999999999529e-01,-3.240200000000000025e-02,7.572600000000000164e-02,-3.773920000000000052e-01,-6.049719999999999542e-01,1.117869999999999975e-01,1.272290000000000088e-01,8.916600000000000081e-01,-4.000000000000000222e-01,1.277089999999999892e-01,-1.513649999999999940e+00,1.806830000000000103e-01,-1.799910000000000121e-01,2.136209000000000024e+00,-1.785849999999999937e-01,6.958399999999999308e-02,-2.342120000000000035e-01,3.280379999999999963e-01,3.897349999999999981e-01,-3.854310000000000236e-01,1.021006000000000080e+00,-9.105000000000000593e-02,1.041428999999999938e+00,-3.736220000000000097e-01,-7.569599999999999940e-02,2.906739999999999879e-01,-3.495999999999999976e-03,-1.883900000000000158e-02,-4.105000000000000142e-03,2.561099999999999835e-02,5.357999999999999916e-03,-1.046000000000000055e-03,-7.563000000000000278e-03
9.287849999999999717e-01,7.324700000000000655e-02,7.490269999999999984e-01,9.191810000000000258e-01,-3.282600000000000101e-02,7.976600000000000357e-02,-3.842729999999999757e-01,-6.192459999999999631e-01,1.295149999999999912e-01,1.273269999999999957e-01,8.755650000000000377e-01,-3.778569999999999984e-01,1.214390000000000053e-01,-1.513692999999999955e+00,1.849919999999999898e-01,-1.848009999999999931e-01,2.178284999999999805e+00,-1.926360000000000017e-01,6.619899999999999396e-02,-2.220799999999999996e-01,3.267800000000000149e-01,3.876589999999999758e-01,-3.730870000000000020e-01,1.034135999999999944e+00,-8.266700000000000437e-02,1.050140999999999991e+00,-3.745569999999999733e-01,-7.526700000000000057e-02,2.878649999999999820e-01,-8.838000000000000370e-03,-1.077700000000000012e-02,1.191599999999999951e-02,1.541000000000000009e-02,-1.500999999999999947e-03,-2.242000000000000069e-03,-3.701999999999999996e-03
9.219309999999999450e-01,7.639600000000000557e-02,7.529120000000000257e-01,9.159209999999999852e-01,-3.272499999999999715e-02,8.411000000000000421e-02,-3.910790000000000100e-01,-6.274020000000000152e-01,1.431060000000000110e-01,1.289430000000000021e-01,8.513779999999999681e-01,-3.454349999999999921e-01,1.163470000000000060e-01,-1.474984999999999991e+00,1.844220000000000026e-01,-1.695770000000000055e-01,2.182196999999999942e+00,-1.987319999999999920e-01,6.074100000000000332e-02,-2.115499999999999881e-01,3.292740000000000111e-01,3.741349999999999953e-01,-3.518970000000000153e-01,1.032448999999999950e+00,-6.252499999999999725e-02,1.070675000000000043e+00,-3.807639999999999914e-01,-7.378899999999999348e-02,2.876929999999999765e-01,-8.923999999999999641e-03,3.243999999999999922e-03,1.033000000000000064e-03,1.096399999999999979e-02,-9.770000000000000039e-04,-1.564999999999999985e-03,-5.174999999999999913e-03
9.152940000000000520e-01,7.963199999999999446e-02,7.572429999999999994e-01,9.127359999999999918e-01,-3.310099999999999848e-02,8.749200000000000033e-02,-3.976979999999999960e-01,-6.312600000000000433e-01,1.561150000000000038e-01,1.304549999999999876e-01,8.234139999999999793e-01,-3.113299999999999956e-01,1.113800000000000068e-01,-1.432369999999999921e+00,1.840569999999999984e-01,-1.532509999999999983e-01,2.184572999999999876e+00,-2.051749999999999963e-01,5.570200000000000151e-02,-2.001149999999999873e-01,3.333960000000000257e-01,3.628529999999999811e-01,-3.325469999999999815e-01,1.027987999999999902e+00,-4.413899999999999768e-02,1.090567999999999982e+00,-3.865870000000000140e-01,-7.287799999999999834e-02,2.880030000000000090e-01,-5.991999999999999930e-03,1.450300000000000027e-02,-4.589999999999999896e-04,-3.899000000000000122e-03,-3.969999999999999571e-03,-5.879999999999999810e-04,9.990000000000001049e-04
9.086079999999999712e-01,8.293000000000000371e-02,7.617260000000000142e-01,9.095600000000000351e-01,-3.369199999999999973e-02,9.047700000000000187e-02,-4.042009999999999770e-01,-6.339740000000000375e-01,1.688979999999999926e-01,1.316370000000000040e-01,7.951510000000000522e-01,-2.771520000000000095e-01,1.064039999999999986e-01,-1.388508000000000076e+00,1.835150000000000114e-01,-1.363880000000000092e-01,2.186744000000000021e+00,-2.119099999999999873e-01,5.071500000000000313e-02,-1.882260000000000044e-01,3.379480000000000262e-01,3.523830000000000018e-01,-3.147179999999999978e-01,1.023060000000000080e+00,-2.713399999999999840e-02,1.110576000000000008e+00,-3.923749999999999738e-01,-7.177200000000000246e-02,2.880050000000000110e-01,-2.746999999999999876e-03,1.523799999999999981e-02,1.124099999999999926e-02,-2.464399999999999924e-02,-8.054000000000000395e-03,2.157000000000000063e-03,1.333200000000000010e-02
9.017939999999999845e-01,8.413500000000000145e-02,7.654889999999999750e-01,9.084560000000000413e-01,-3.420399999999999829e-02,9.083199999999999608e-02,-4.065559999999999730e-01,-6.267490000000000006e-01,1.771340000000000137e-01,1.318509999999999960e-01,7.619280000000000497e-01,-2.490410000000000124e-01,1.024110000000000020e-01,-1.303433000000000064e+00,1.734630000000000061e-01,-1.051310000000000022e-01,2.124776000000000220e+00,-2.037829999999999919e-01,4.114500000000000102e-02,-1.868670000000000053e-01,3.453519999999999923e-01,3.353729999999999767e-01,-2.991070000000000118e-01,1.018083999999999989e+00,-1.337299999999999947e-02,1.126182000000000016e+00,-3.956830000000000069e-01,-7.093000000000000693e-02,2.876770000000000160e-01,5.780999999999999681e-03,-4.459999999999999989e-04,-3.361999999999999971e-03,-7.223000000000000254e-03,1.209999999999999921e-03,1.005999999999999950e-03,8.480000000000000124e-04
8.948369999999999935e-01,8.547399999999999443e-02,7.695269999999999611e-01,9.073879999999999724e-01,-3.481399999999999773e-02,9.043500000000000150e-02,-4.089700000000000002e-01,-6.171109999999999651e-01,1.849790000000000045e-01,1.325199999999999989e-01,7.263870000000000049e-01,-2.194979999999999987e-01,9.828900000000000137e-02,-1.216453000000000007e+00,1.608370000000000077e-01,-7.573499999999999677e-02,2.060566999999999815e+00,-1.943169999999999897e-01,3.007400000000000004e-02,-1.836280000000000134e-01,3.508680000000000132e-01,3.188019999999999743e-01,-2.880739999999999967e-01,1.014629000000000003e+00,-4.650999999999999752e-03,1.142908999999999953e+00,-3.993840000000000168e-01,-6.904399999999999427e-02,2.877580000000000138e-01,1.184600000000000063e-02,-3.693300000000000055e-02,-5.465000000000000240e-03,1.608499999999999860e-02,1.331099999999999992e-02,8.710000000000000294e-04,-7.938999999999999876e-03
8.875659999999999661e-01,8.677799999999999403e-02,7.735100000000000309e-01,9.064910000000000467e-01,-3.516099999999999781e-02,8.963000000000000134e-02,-4.111020000000000230e-01,-6.077660000000000284e-01,1.918529999999999958e-01,1.329829999999999901e-01,6.918739999999999890e-01,-1.901120000000000032e-01,9.405900000000000372e-02,-1.129269999999999996e+00,1.448629999999999918e-01,-4.845900000000000207e-02,1.996019999999999905e+00,-1.847910000000000108e-01,1.754500000000000157e-02,-1.804449999999999943e-01,3.551429999999999865e-01,3.021639999999999882e-01,-2.786230000000000095e-01,1.011778000000000066e+00,2.282999999999999873e-03,1.160423999999999900e+00,-4.032720000000000193e-01,-6.707100000000000561e-02,2.876770000000000160e-01,1.545200000000000046e-02,-9.917900000000000327e-02,2.477000000000000035e-03,4.594899999999999679e-02,3.053200000000000011e-02,2.691999999999999948e-03,-1.430099999999999948e-02
8.860719999999999708e-01,8.602799999999999336e-02,7.767460000000000475e-01,9.063379999999999770e-01,-3.554000000000000214e-02,8.903700000000000503e-02,-4.115349999999999842e-01,-5.879699999999999926e-01,1.928999999999999881e-01,1.353719999999999923e-01,6.555750000000000188e-01,-1.759920000000000095e-01,9.273399999999999699e-02,-1.014477000000000073e+00,1.217950000000000005e-01,-7.184000000000000281e-03,1.891223000000000098e+00,-1.902949999999999919e-01,-6.026000000000000106e-03,-1.819719999999999949e-01,3.644600000000000062e-01,2.806649999999999978e-01,-2.641470000000000207e-01,9.920189999999999841e-01,7.076999999999999957e-03,1.168557999999999986e+00,-4.086480000000000112e-01,-6.606099999999999473e-02,2.878260000000000263e-01,1.180999999999999932e-02,-1.698449999999999960e-01,-3.017999999999999849e-03,1.206450000000000022e-01,5.650000000000000161e-02,7.792999999999999580e-03,-5.334499999999999659e-02
8.837460000000000315e-01,8.497599999999999598e-02,7.799249999999999794e-01,9.066880000000000495e-01,-3.553900000000000114e-02,8.716999999999999749e-02,-4.111630000000000007e-01,-5.669629999999999947e-01,1.917649999999999910e-01,1.369859999999999967e-01,6.193600000000000216e-01,-1.611090000000000022e-01,9.077100000000000446e-02,-8.978890000000000482e-01,9.328400000000000580e-02,2.800599999999999964e-02,1.785832000000000086e+00,-1.968239999999999990e-01,-3.129300000000000137e-02,-1.854870000000000130e-01,3.709999999999999964e-01,2.606240000000000223e-01,-2.501559999999999895e-01,9.727360000000000451e-01,1.078600000000000045e-02,1.175751999999999908e+00,-4.138870000000000049e-01,-6.433400000000000230e-02,2.889800000000000146e-01,4.310999999999999728e-03,-2.613010000000000055e-01,-4.710999999999999910e-03,2.054179999999999895e-01,8.932500000000000162e-02,1.124400000000000052e-02,-9.282500000000000473e-02
8.806840000000000224e-01,8.382299999999999474e-02,7.827600000000000113e-01,9.074290000000000411e-01,-3.478500000000000342e-02,8.486299999999999399e-02,-4.100730000000000208e-01,-5.471599999999999797e-01,1.886889999999999956e-01,1.377349999999999963e-01,5.840499999999999581e-01,-1.457019999999999982e-01,8.816999999999999837e-02,-7.818300000000000249e-01,6.060200000000000309e-02,5.708599999999999786e-02,1.680320000000000036e+00,-2.044179999999999886e-01,-5.738000000000000045e-02,-1.910370000000000124e-01,3.746360000000000245e-01,2.403790000000000093e-01,-2.359980000000000133e-01,9.548459999999999726e-01,1.449699999999999947e-02,1.183122999999999925e+00,-4.191509999999999958e-01,-6.242199999999999832e-02,2.900699999999999945e-01,-5.769999999999999955e-03,-3.660880000000000245e-01,-6.708000000000000421e-03,2.978970000000000229e-01,1.280489999999999962e-01,1.396499999999999998e-02,-1.332659999999999956e-01
8.724610000000000420e-01,7.810000000000000275e-02,7.864560000000000439e-01,9.104100000000000525e-01,-3.454200000000000326e-02,8.399600000000000122e-02,-4.036150000000000015e-01,-5.159869999999999735e-01,1.882999999999999952e-01,1.261289999999999911e-01,5.124480000000000146e-01,-1.150299999999999934e-01,7.695799999999999863e-02,-6.514339999999999575e-01,6.058600000000000096e-02,8.763300000000000256e-02,1.475416999999999978e+00,-1.909260000000000124e-01,-5.612400000000000028e-02,-1.985820000000000085e-01,3.720100000000000073e-01,2.061060000000000114e-01,-2.245439999999999936e-01,9.358410000000000339e-01,1.102400000000000081e-02,1.183929999999999927e+00,-4.271099999999999897e-01,-6.217600000000000210e-02,2.913220000000000254e-01,-7.934999999999999346e-03,-4.593229999999999813e-01,1.085000000000000027e-03,3.388669999999999738e-01,1.724449999999999872e-01,1.689299999999999830e-02,-1.446290000000000076e-01
8.656890000000000418e-01,7.362599999999999700e-02,7.875929999999999875e-01,9.138389999999999569e-01,-3.060399999999999926e-02,8.120800000000000241e-02,-3.966950000000000198e-01,-4.951840000000000130e-01,1.779139999999999888e-01,1.190269999999999939e-01,4.655500000000000194e-01,-9.809299999999999964e-02,7.063600000000000434e-02,-5.203090000000000215e-01,4.893499999999999933e-02,1.270519999999999983e-01,1.280945999999999918e+00,-1.878440000000000110e-01,-4.936499999999999916e-02,-2.087440000000000129e-01,3.628500000000000059e-01,1.751649999999999874e-01,-2.162409999999999888e-01,9.166469999999999896e-01,1.063200000000000083e-02,1.184914999999999941e+00,-4.354009999999999825e-01,-6.097600000000000242e-02,2.924209999999999865e-01,-1.178900000000000087e-02,-5.503850000000000131e-01,-2.769000000000000194e-03,3.789629999999999943e-01,2.175910000000000066e-01,2.223400000000000029e-02,-1.594450000000000034e-01
8.587409999999999766e-01,6.990100000000000480e-02,7.881890000000000285e-01,9.170629999999999615e-01,-2.449300000000000088e-02,7.812700000000000200e-02,-3.902450000000000085e-01,-4.773910000000000098e-01,1.632959999999999967e-01,1.151469999999999994e-01,4.211820000000000008e-01,-8.154100000000000237e-02,6.568999999999999839e-02,-3.904960000000000098e-01,2.849700000000000150e-02,1.651060000000000028e-01,1.087742999999999904e+00,-1.862920000000000131e-01,-4.359799999999999787e-02,-2.180469999999999908e-01,3.497140000000000248e-01,1.430029999999999912e-01,-2.086490000000000011e-01,8.982160000000000144e-01,1.098599999999999924e-02,1.186395000000000088e+00,-4.437690000000000246e-01,-5.951200000000000240e-02,2.931810000000000249e-01,-1.678899999999999837e-02,-6.305610000000000381e-01,-1.645599999999999841e-02,4.210900000000000198e-01,2.628179999999999961e-01,2.594499999999999931e-02,-1.768689999999999984e-01
8.482319999999999860e-01,6.654400000000000592e-02,7.868000000000000549e-01,9.210939999999999683e-01,-1.847899999999999890e-02,7.521300000000000208e-02,-3.815580000000000083e-01,-4.676170000000000049e-01,1.500589999999999979e-01,1.025340000000000001e-01,3.788099999999999801e-01,-5.642599999999999699e-02,5.630399999999999988e-02,-2.929010000000000224e-01,1.480300000000000019e-02,2.055700000000000027e-01,9.402690000000000214e-01,-2.476810000000000123e-01,-1.904600000000000043e-02,-2.197010000000000074e-01,3.343099999999999961e-01,1.188850000000000046e-01,-2.153650000000000009e-01,8.867270000000000429e-01,-1.502000000000000080e-03,1.184134999999999938e+00,-4.455089999999999884e-01,-5.670599999999999946e-02,2.890559999999999796e-01,-2.598500000000000115e-02,-7.217329999999999579e-01,-1.535599999999999986e-02,5.489260000000000250e-01,2.965320000000000178e-01,3.385799999999999921e-02,-2.022480000000000111e-01
8.374589999999999534e-01,6.390999999999999459e-02,7.848770000000000469e-01,9.248279999999999834e-01,-1.024300000000000037e-02,7.256700000000000650e-02,-3.732590000000000074e-01,-4.621870000000000145e-01,1.329569999999999919e-01,9.242200000000000415e-02,3.393260000000000165e-01,-3.164100000000000246e-02,4.819299999999999973e-02,-1.999460000000000126e-01,-8.109999999999999154e-03,2.426570000000000116e-01,7.955410000000000537e-01,-3.102289999999999770e-01,4.113000000000000336e-03,-2.209490000000000065e-01,3.149989999999999735e-01,9.248199999999999477e-02,-2.238459999999999894e-01,8.761999999999999789e-01,-1.421500000000000020e-02,1.184115999999999946e+00,-4.475379999999999914e-01,-5.370799999999999880e-02,2.845960000000000156e-01,-4.143499999999999961e-02,-8.006609999999999561e-01,-1.699099999999999916e-02,6.862179999999999946e-01,3.301549999999999763e-01,3.566699999999999732e-02,-2.258080000000000087e-01
8.255759999999999765e-01,6.135199999999999682e-02,7.825509999999999966e-01,9.275660000000000016e-01,-1.324000000000000090e-03,7.200099999999999556e-02,-3.666559999999999819e-01,-4.631179999999999741e-01,1.191080000000000055e-01,8.409800000000000608e-02,3.010929999999999995e-01,-5.641000000000000181e-03,3.893100000000000033e-02,-1.161589999999999984e-01,-3.215799999999999909e-02,2.761250000000000093e-01,6.547629999999999839e-01,-3.723890000000000255e-01,2.467199999999999949e-02,-2.197060000000000124e-01,2.945960000000000245e-01,6.441299999999999804e-02,-2.300780000000000047e-01,8.694779999999999731e-01,-2.249400000000000011e-02,1.183693000000000106e+00,-4.502410000000000023e-01,-5.115399999999999808e-02,2.782600000000000073e-01,-5.421399999999999830e-02,-8.641189999999999705e-01,-2.537899999999999878e-02,8.151040000000000507e-01,3.607630000000000003e-01,4.028000000000000330e-02,-2.509859999999999869e-01
8.166240000000000165e-01,6.013099999999999695e-02,7.809859999999999580e-01,9.295139999999999514e-01,2.099000000000000171e-03,6.917399999999999938e-02,-3.622340000000000004e-01,-4.486689999999999845e-01,1.138099999999999945e-01,8.015400000000000302e-02,2.560259999999999758e-01,1.867100000000000010e-02,3.407400000000000012e-02,-7.308800000000000019e-02,-4.178599999999999676e-02,2.790119999999999822e-01,5.788450000000000539e-01,-4.063510000000000177e-01,3.214800000000000296e-02,-2.139520000000000033e-01,2.904050000000000242e-01,4.838599999999999846e-02,-2.380780000000000118e-01,8.506470000000000420e-01,-3.379000000000000059e-02,1.182139000000000051e+00,-4.498770000000000269e-01,-4.957600000000000201e-02,2.750360000000000027e-01,-7.705599999999999949e-02,-9.119610000000000216e-01,-2.116900000000000032e-02,8.941540000000000044e-01,3.835799999999999765e-01,3.768900000000000028e-02,-2.570089999999999875e-01
8.071380000000000221e-01,5.902799999999999714e-02,7.794759999999999467e-01,9.309589999999999810e-01,4.764000000000000005e-03,6.821099999999999386e-02,-3.586639999999999828e-01,-4.388699999999999823e-01,1.125000000000000028e-01,7.550999999999999379e-02,2.123200000000000087e-01,4.331200000000000327e-02,2.846500000000000072e-02,-3.604500000000000065e-02,-4.711200000000000110e-02,2.816710000000000047e-01,5.075589999999999824e-01,-4.415890000000000093e-01,3.933899999999999897e-02,-2.073939999999999950e-01,2.898399999999999865e-01,3.249599999999999711e-02,-2.442130000000000134e-01,8.317170000000000396e-01,-4.060300000000000020e-02,1.179762999999999895e+00,-4.491169999999999884e-01,-4.825399999999999828e-02,2.721180000000000265e-01,-9.920400000000000051e-02,-9.492680000000000007e-01,-2.194099999999999870e-02,9.652309999999999501e-01,4.038550000000000195e-01,3.874099999999999766e-02,-2.649610000000000021e-01
7.977980000000000071e-01,5.804299999999999737e-02,7.782120000000000148e-01,9.321960000000000246e-01,7.003999999999999809e-03,6.809900000000000675e-02,-3.554200000000000137e-01,-4.310700000000000087e-01,1.127449999999999980e-01,7.036900000000000099e-02,1.701209999999999944e-01,6.722400000000000597e-02,2.273199999999999874e-02,-3.179999999999999776e-04,-5.097299999999999748e-02,2.835719999999999907e-01,4.372369999999999868e-01,-4.776869999999999727e-01,4.684100000000000069e-02,-2.000049999999999883e-01,2.912759999999999794e-01,1.585900000000000157e-02,-2.492419999999999913e-01,8.122059999999999835e-01,-4.613199999999999940e-02,1.176741999999999955e+00,-4.480819999999999803e-01,-4.694899999999999768e-02,2.692890000000000006e-01,-1.205900000000000027e-01,-9.791050000000000031e-01,-2.563299999999999954e-02,1.033862999999999976e+00,4.226539999999999742e-01,4.047699999999999909e-02,-2.736279999999999824e-01
7.905130000000000212e-01,5.797399999999999776e-02,7.782339999999999813e-01,9.311169999999999725e-01,7.367000000000000284e-03,6.765799999999999592e-02,-3.583140000000000214e-01,-4.269220000000000237e-01,1.219829999999999942e-01,7.764500000000000568e-02,1.514199999999999990e-01,8.497799999999999798e-02,1.753400000000000097e-02,1.305800000000000016e-02,-5.095399999999999929e-02,2.812370000000000148e-01,4.051460000000000061e-01,-4.795189999999999730e-01,5.158100000000000185e-02,-1.849669999999999925e-01,2.970140000000000002e-01,1.272399999999999920e-02,-2.450479999999999881e-01,7.990519999999999845e-01,-4.709800000000000098e-02,1.175230999999999915e+00,-4.464000000000000190e-01,-4.663099999999999884e-02,2.700250000000000150e-01,-1.398290000000000088e-01,-1.000272999999999968e+00,-1.917699999999999960e-02,1.080610000000000070e+00,4.331990000000000007e-01,4.066899999999999682e-02,-2.696669999999999900e-01
7.822120000000000184e-01,5.759899999999999742e-02,7.784180000000000543e-01,9.293879999999999919e-01,5.565999999999999767e-03,6.905500000000000527e-02,-3.625439999999999774e-01,-4.267150000000000110e-01,1.396989999999999899e-01,8.332599999999999729e-02,1.348290000000000044e-01,1.028420000000000029e-01,9.679000000000000103e-03,2.159600000000000061e-02,-4.250999999999999918e-02,2.812540000000000040e-01,3.750049999999999772e-01,-4.797759999999999803e-01,5.364900000000000224e-02,-1.686890000000000056e-01,3.058230000000000115e-01,9.780999999999999764e-03,-2.378240000000000076e-01,7.905219999999999470e-01,-4.517199999999999688e-02,1.173094999999999999e+00,-4.460700000000000220e-01,-4.668100000000000027e-02,2.683019999999999849e-01,-1.537949999999999873e-01,-1.012412000000000090e+00,-1.673099999999999934e-02,1.116293999999999897e+00,4.416269999999999918e-01,4.336999999999999883e-02,-2.681749999999999967e-01
7.752510000000000234e-01,5.769799999999999929e-02,7.783039999999999958e-01,9.279979999999999896e-01,6.714000000000000350e-03,7.041000000000000036e-02,-3.658109999999999973e-01,-4.298839999999999884e-01,1.486010000000000109e-01,9.095899999999999819e-02,1.232810000000000017e-01,1.170920000000000016e-01,5.055999999999999731e-03,2.861700000000000008e-02,-4.363199999999999718e-02,2.799099999999999921e-01,3.470730000000000204e-01,-4.839010000000000256e-01,5.859099999999999725e-02,-1.525469999999999882e-01,3.132030000000000092e-01,3.847000000000000159e-03,-2.316429999999999878e-01,7.755589999999999984e-01,-4.260699999999999904e-02,1.169330999999999898e+00,-4.430319999999999814e-01,-4.666499999999999815e-02,2.699179999999999913e-01,-1.765639999999999987e-01,-1.028483000000000036e+00,-1.083600000000000015e-02,1.161969999999999947e+00,4.498449999999999949e-01,4.552400000000000196e-02,-2.647860000000000213e-01
7.655840000000000423e-01,5.909600000000000269e-02,7.793039999999999967e-01,9.270749999999999824e-01,5.053000000000000200e-03,7.058000000000000385e-02,-3.681369999999999920e-01,-4.287349999999999772e-01,1.558910000000000018e-01,9.761499999999999344e-02,1.195569999999999966e-01,1.035670000000000063e-01,6.692000000000000032e-03,2.007000000000000103e-02,-3.304599999999999899e-02,2.745980000000000087e-01,3.416250000000000120e-01,-4.706159999999999788e-01,6.061500000000000221e-02,-1.440339999999999954e-01,3.194060000000000232e-01,1.029099999999999980e-02,-2.309450000000000114e-01,7.631259999999999710e-01,-3.943599999999999883e-02,1.156605000000000105e+00,-4.422980000000000245e-01,-4.917400000000000243e-02,2.732149999999999856e-01,-1.897669999999999912e-01,-1.017738999999999949e+00,-5.121999999999999817e-03,1.197181999999999968e+00,4.646989999999999732e-01,4.809100000000000180e-02,-2.528380000000000072e-01
7.557199999999999473e-01,6.045799999999999785e-02,7.801460000000000061e-01,9.261570000000000080e-01,3.207999999999999914e-03,7.057599999999999985e-02,-3.704620000000000135e-01,-4.285010000000000208e-01,1.639720000000000066e-01,1.037610000000000060e-01,1.182740000000000041e-01,8.900199999999999778e-02,7.807999999999999836e-03,1.059000000000000045e-02,-2.139900000000000135e-02,2.692629999999999746e-01,3.388090000000000268e-01,-4.585339999999999971e-01,6.213500000000000273e-02,-1.358509999999999995e-01,3.240839999999999832e-01,1.819799999999999890e-02,-2.302770000000000095e-01,7.527530000000000054e-01,-3.576800000000000118e-02,1.142614999999999936e+00,-4.419139999999999735e-01,-5.090499999999999886e-02,2.767399999999999860e-01,-2.001529999999999976e-01,-1.003595999999999933e+00,-2.675999999999999993e-03,1.228744000000000058e+00,4.791679999999999828e-01,5.167100000000000165e-02,-2.420519999999999894e-01
7.456519999999999815e-01,6.168300000000000172e-02,7.810620000000000340e-01,9.252329999999999721e-01,1.382999999999999898e-03,7.053900000000000448e-02,-3.727820000000000022e-01,-4.284049999999999803e-01,1.721250000000000002e-01,1.098549999999999943e-01,1.174319999999999947e-01,7.422099999999999531e-02,8.814000000000000654e-03,9.020000000000000240e-04,-9.710999999999999147e-03,2.638610000000000122e-01,3.363840000000000163e-01,-4.467039999999999900e-01,6.354600000000000526e-02,-1.274339999999999917e-01,3.283050000000000135e-01,2.617399999999999935e-02,-2.298040000000000083e-01,7.428280000000000438e-01,-3.235199999999999881e-02,1.128270000000000106e+00,-4.415220000000000256e-01,-5.237100000000000088e-02,2.802749999999999964e-01,-2.088240000000000096e-01,-9.884910000000000085e-01,-1.979999999999999989e-03,1.258988999999999914e+00,4.931220000000000048e-01,5.587700000000000305e-02,-2.315450000000000008e-01
7.320849999999999858e-01,6.220900000000000041e-02,7.827739999999999698e-01,9.247039999999999704e-01,7.799999999999999859e-05,6.803199999999999525e-02,-3.745589999999999753e-01,-4.238450000000000273e-01,1.745530000000000137e-01,1.149740000000000067e-01,1.168870000000000048e-01,4.291299999999999976e-02,1.488800000000000019e-02,-1.861499999999999960e-02,5.442999999999999922e-03,2.507650000000000157e-01,3.504979999999999762e-01,-4.312699999999999867e-01,5.913600000000000106e-02,-1.216229999999999950e-01,3.309090000000000087e-01,3.925200000000000217e-02,-2.252800000000000080e-01,7.410219999999999585e-01,-3.034299999999999845e-02,1.124511000000000038e+00,-4.407110000000000194e-01,-5.191300000000000081e-02,2.851620000000000266e-01,-2.218130000000000102e-01,-9.850020000000000442e-01,1.357599999999999953e-02,1.247263999999999928e+00,4.850809999999999844e-01,4.909499999999999975e-02,-2.279390000000000027e-01
7.183589999999999698e-01,6.270199999999999385e-02,7.843849999999999989e-01,9.242690000000000072e-01,-9.060000000000000128e-04,6.523900000000000532e-02,-3.761240000000000139e-01,-4.196050000000000058e-01,1.760869999999999935e-01,1.197359999999999952e-01,1.173280000000000017e-01,1.114799999999999992e-02,2.113400000000000001e-02,-3.908500000000000169e-02,1.995699999999999905e-02,2.368860000000000132e-01,3.674839999999999773e-01,-4.174640000000000017e-01,5.463699999999999807e-02,-1.185149999999999954e-01,3.326239999999999752e-01,5.368799999999999961e-02,-2.198180000000000134e-01,7.401290000000000369e-01,-2.584399999999999892e-02,1.122373999999999983e+00,-4.400100000000000122e-01,-5.256199999999999761e-02,2.889430000000000054e-01,-2.351840000000000042e-01,-9.797639999999999683e-01,2.978000000000000091e-02,1.230974000000000013e+00,4.752520000000000078e-01,4.465100000000000319e-02,-2.276380000000000070e-01
7.044589999999999463e-01,6.316099999999999492e-02,7.859570000000000167e-01,9.238549999999999818e-01,-1.685999999999999999e-03,6.231899999999999940e-02,-3.776320000000000232e-01,-4.153609999999999802e-01,1.771290000000000087e-01,1.243409999999999932e-01,1.179980000000000057e-01,-2.066499999999999934e-02,2.753500000000000045e-02,-5.975099999999999856e-02,3.389299999999999952e-02,2.225300000000000056e-01,3.850210000000000021e-01,-4.040130000000000110e-01,5.005799999999999833e-02,-1.162019999999999997e-01,3.336230000000000029e-01,6.856800000000000395e-02,-2.138970000000000038e-01,7.397430000000000394e-01,-2.045999999999999902e-02,1.120492000000000044e+00,-4.392550000000000066e-01,-5.358999999999999875e-02,2.922819999999999863e-01,-2.487630000000000119e-01,-9.736789999999999612e-01,4.626299999999999857e-02,1.213464000000000098e+00,4.651790000000000092e-01,4.117599999999999733e-02,-2.282540000000000124e-01
6.920870000000000077e-01,6.562400000000000178e-02,7.869260000000000144e-01,9.239629999999999788e-01,-4.060000000000000024e-04,5.768399999999999916e-02,-3.781059999999999977e-01,-4.323370000000000268e-01,1.745200000000000085e-01,1.319670000000000010e-01,1.775430000000000064e-01,-3.837100000000000233e-02,2.828800000000000064e-02,-8.524800000000000433e-02,3.724899999999999739e-02,2.044860000000000011e-01,4.159010000000000207e-01,-3.966480000000000006e-01,4.510299999999999726e-02,-1.199859999999999954e-01,3.310919999999999974e-01,8.938100000000000211e-02,-2.144210000000000005e-01,7.421980000000000244e-01,-1.584500000000000144e-02,1.111201000000000105e+00,-4.397179999999999978e-01,-5.708900000000000086e-02,2.968169999999999975e-01,-2.611539999999999973e-01,-9.652929999999999566e-01,5.966099999999999876e-02,1.187413999999999970e+00,4.537709999999999799e-01,3.764900000000000191e-02,-2.249649999999999983e-01
6.795839999999999659e-01,6.807399999999999562e-02,7.878659999999999553e-01,9.241289999999999782e-01,1.704000000000000003e-03,5.345799999999999857e-02,-3.783190000000000164e-01,-4.556649999999999867e-01,1.707500000000000129e-01,1.389920000000000044e-01,2.465310000000000001e-01,-6.060700000000000115e-02,2.901799999999999866e-02,-1.135990000000000055e-01,3.923700000000000104e-02,1.859689999999999954e-01,4.494650000000000034e-01,-3.905159999999999743e-01,4.007999999999999757e-02,-1.236629999999999951e-01,3.267519999999999869e-01,1.093959999999999932e-01,-2.156589999999999896e-01,7.455540000000000500e-01,-1.112600000000000047e-02,1.101541000000000103e+00,-4.402429999999999954e-01,-6.030200000000000143e-02,3.016420000000000212e-01,-2.723829999999999862e-01,-9.561159999999999659e-01,7.117999999999999328e-02,1.159717000000000109e+00,4.418139999999999845e-01,3.489300000000000040e-02,-2.218340000000000034e-01
6.669239999999999613e-01,7.057099999999999485e-02,7.888389999999999569e-01,9.242820000000000480e-01,4.304999999999999799e-03,4.945499999999999896e-02,-3.784689999999999999e-01,-4.819689999999999808e-01,1.662970000000000004e-01,1.461719999999999964e-01,3.198880000000000057e-01,-8.500800000000000023e-02,2.964899999999999827e-02,-1.428339999999999888e-01,4.011800000000000088e-02,1.674529999999999907e-01,4.831090000000000106e-01,-3.844029999999999947e-01,3.497200000000000308e-02,-1.267679999999999918e-01,3.215020000000000100e-01,1.284669999999999979e-01,-2.172260000000000024e-01,7.491569999999999618e-01,-6.716999999999999880e-03,1.091833999999999971e+00,-4.407240000000000046e-01,-6.341900000000000315e-02,3.064689999999999914e-01,-2.827370000000000161e-01,-9.466059999999999475e-01,8.176200000000000134e-02,1.131601999999999997e+00,4.296150000000000246e-01,3.244799999999999768e-02,-2.187580000000000080e-01
6.543020000000000502e-01,7.348100000000000465e-02,7.884100000000000552e-01,9.245050000000000212e-01,9.799000000000000418e-03,4.664499999999999896e-02,-3.781789999999999874e-01,-5.228789999999999827e-01,1.612159999999999982e-01,1.577230000000000021e-01,4.347039999999999793e-01,-1.050370000000000054e-01,3.531600000000000017e-02,-1.777170000000000138e-01,3.663099999999999690e-02,1.576299999999999923e-01,5.190110000000000001e-01,-3.880640000000000200e-01,2.627499999999999974e-02,-1.320749999999999980e-01,3.078770000000000118e-01,1.551190000000000069e-01,-2.209730000000000028e-01,7.545659999999999590e-01,9.840000000000000656e-04,1.083941000000000043e+00,-4.409609999999999919e-01,-6.702099999999999724e-02,3.103699999999999792e-01,-2.821040000000000214e-01,-9.279659999999999576e-01,9.972599999999999520e-02,1.057997000000000076e+00,4.062310000000000088e-01,2.851199999999999915e-02,-1.987410000000000010e-01
6.416509999999999714e-01,7.614100000000000035e-02,7.878420000000000423e-01,9.247520000000000184e-01,1.567400000000000043e-02,4.422600000000000142e-02,-3.776669999999999749e-01,-5.702970000000000539e-01,1.568499999999999894e-01,1.691400000000000126e-01,5.617529999999999468e-01,-1.316980000000000095e-01,4.121899999999999870e-02,-2.143980000000000052e-01,3.267500000000000265e-02,1.477569999999999995e-01,5.575170000000000403e-01,-3.935429999999999762e-01,1.737800000000000109e-02,-1.372130000000000016e-01,2.926500000000000212e-01,1.809919999999999862e-01,-2.245030000000000081e-01,7.616859999999999742e-01,9.565000000000000585e-03,1.075830000000000064e+00,-4.408520000000000216e-01,-7.075700000000000045e-02,3.136490000000000111e-01,-2.763619999999999965e-01,-9.087669999999999915e-01,1.145869999999999944e-01,9.776660000000000350e-01,3.814449999999999785e-01,2.850000000000000103e-02,-1.792940000000000089e-01
6.292600000000000415e-01,7.865600000000000369e-02,7.870300000000000074e-01,9.249439999999999884e-01,2.124699999999999853e-02,4.214199999999999890e-02,-3.771610000000000240e-01,-6.210360000000000325e-01,1.543569999999999942e-01,1.806049999999999878e-01,6.960049999999999848e-01,-1.624359999999999971e-01,4.732200000000000295e-02,-2.514149999999999996e-01,2.946800000000000114e-02,1.380119999999999958e-01,5.967729999999999979e-01,-3.998599999999999932e-01,8.153999999999999790e-03,-1.410839999999999872e-01,2.779159999999999964e-01,2.059709999999999874e-01,-2.284049999999999969e-01,7.692820000000000213e-01,1.734600000000000031e-02,1.067641999999999980e+00,-4.406829999999999914e-01,-7.442899999999999516e-02,3.166979999999999795e-01,-2.681769999999999987e-01,-8.902740000000000098e-01,1.284379999999999966e-01,8.961040000000000116e-01,3.566500000000000226e-01,2.983900000000000094e-02,-1.591839999999999922e-01
6.180200000000000138e-01,8.121399999999999453e-02,7.828460000000000418e-01,9.249359999999999804e-01,2.397499999999999978e-02,4.306200000000000305e-02,-3.769150000000000000e-01,-6.874400000000000510e-01,1.484830000000000039e-01,1.878529999999999922e-01,8.571419999999999595e-01,-1.801109999999999933e-01,4.925899999999999723e-02,-2.992600000000000260e-01,3.643500000000000211e-02,1.310010000000000063e-01,6.528500000000000414e-01,-4.097509999999999764e-01,1.142999999999999919e-03,-1.406010000000000038e-01,2.699610000000000065e-01,2.226140000000000063e-01,-2.357069999999999999e-01,7.921120000000000383e-01,2.340000000000000066e-02,1.066229000000000093e+00,-4.397829999999999795e-01,-7.592000000000000137e-02,3.194130000000000025e-01,-2.571579999999999977e-01,-8.758160000000000389e-01,1.766530000000000045e-01,7.915630000000000166e-01,3.157209999999999739e-01,4.016299999999999731e-02,-1.346259999999999957e-01
6.069329999999999448e-01,8.373099999999999987e-02,7.791160000000000307e-01,9.248709999999999987e-01,2.671700000000000116e-02,4.492899999999999672e-02,-3.766720000000000068e-01,-7.526490000000000125e-01,1.429020000000000012e-01,1.974980000000000069e-01,1.013446000000000069e+00,-1.958890000000000076e-01,5.149299999999999711e-02,-3.463809999999999945e-01,4.330400000000000221e-02,1.238220000000000015e-01,7.032340000000000257e-01,-4.162719999999999754e-01,-5.891000000000000403e-03,-1.397700000000000053e-01,2.630649999999999933e-01,2.356789999999999996e-01,-2.413210000000000077e-01,8.147069999999999590e-01,2.887199999999999836e-02,1.065841000000000038e+00,-4.395020000000000038e-01,-7.843200000000000172e-02,3.211589999999999723e-01,-2.470360000000000056e-01,-8.633729999999999460e-01,2.280530000000000057e-01,6.918490000000000473e-01,2.768840000000000190e-01,4.860699999999999743e-02,-1.082219999999999988e-01
5.960520000000000262e-01,8.637200000000000433e-02,7.751580000000000137e-01,9.247830000000000217e-01,2.887199999999999836e-02,4.692199999999999843e-02,-3.764850000000000141e-01,-8.174320000000000475e-01,1.387649999999999995e-01,2.087420000000000109e-01,1.170843000000000078e+00,-2.129230000000000012e-01,5.403399999999999870e-02,-3.933550000000000102e-01,5.091600000000000292e-02,1.158890000000000059e-01,7.539029999999999898e-01,-4.231389999999999874e-01,-1.308800000000000067e-02,-1.391930000000000112e-01,2.573869999999999769e-01,2.487769999999999981e-01,-2.465350000000000041e-01,8.372749999999999915e-01,3.449599999999999889e-02,1.065696999999999894e+00,-4.392929999999999890e-01,-8.101099999999999968e-02,3.229069999999999996e-01,-2.380079999999999973e-01,-8.528250000000000552e-01,2.796190000000000064e-01,5.948039999999999994e-01,2.396500000000000019e-01,5.572300000000000170e-02,-7.926700000000000412e-02
5.849520000000000275e-01,8.903500000000000303e-02,7.706079999999999597e-01,9.238880000000000425e-01,3.210999999999999965e-02,4.783099999999999852e-02,-3.783020000000000271e-01,-8.733180000000000387e-01,1.265759999999999941e-01,2.102020000000000000e-01,1.289943000000000062e+00,-2.151490000000000069e-01,4.986800000000000260e-02,-4.365680000000000116e-01,5.430499999999999911e-02,1.064989999999999964e-01,7.958300000000000374e-01,-4.265109999999999735e-01,-2.118700000000000097e-02,-1.308459999999999901e-01,2.450650000000000051e-01,2.615810000000000080e-01,-2.512969999999999926e-01,8.544340000000000268e-01,3.036300000000000110e-02,1.050051999999999985e+00,-4.335330000000000017e-01,-8.382900000000000074e-02,3.202360000000000206e-01,-2.286219999999999919e-01,-8.538170000000000481e-01,3.348769999999999802e-01,5.014260000000000383e-01,2.056199999999999972e-01,6.307699999999999418e-02,-3.400799999999999657e-02
5.739440000000000097e-01,9.182700000000000584e-02,7.641890000000000072e-01,9.228309999999999569e-01,3.417499999999999705e-02,5.093899999999999817e-02,-3.802909999999999902e-01,-9.387119999999999909e-01,1.181279999999999969e-01,2.097980000000000123e-01,1.420784000000000047e+00,-2.231589999999999963e-01,4.509099999999999914e-02,-4.892850000000000255e-01,6.218200000000000116e-02,9.447999999999999454e-02,8.500210000000000266e-01,-4.357240000000000002e-01,-3.019499999999999962e-02,-1.240649999999999947e-01,2.382420000000000093e-01,2.718749999999999778e-01,-2.522190000000000265e-01,8.713649999999999451e-01,3.062499999999999944e-02,1.033414999999999973e+00,-4.276070000000000149e-01,-8.515399999999999359e-02,3.172590000000000132e-01,-2.203640000000000043e-01,-8.599040000000000017e-01,3.891819999999999724e-01,4.000480000000000147e-01,1.747489999999999877e-01,7.664899999999999491e-02,1.536000000000000039e-02
5.627199999999999980e-01,9.496100000000000374e-02,7.584659999999999735e-01,9.220120000000000537e-01,3.696499999999999786e-02,5.325599999999999778e-02,-3.816939999999999777e-01,-9.997589999999999533e-01,1.069230000000000042e-01,2.140120000000000078e-01,1.545611999999999986e+00,-2.285939999999999916e-01,4.096500000000000141e-02,-5.390040000000000386e-01,6.659900000000000542e-02,8.255800000000000638e-02,8.991029999999999855e-01,-4.420580000000000065e-01,-3.877799999999999997e-02,-1.177959999999999979e-01,2.293449999999999933e-01,2.824229999999999796e-01,-2.543699999999999850e-01,8.882219999999999560e-01,2.910000000000000087e-02,1.016882999999999981e+00,-4.217580000000000218e-01,-8.644699999999999607e-02,3.144810000000000105e-01,-2.142830000000000013e-01,-8.639649999999999830e-01,4.408250000000000224e-01,3.028549999999999853e-01,1.448359999999999925e-01,8.479399999999999438e-02,6.431800000000000017e-02
5.538009999999999877e-01,9.580800000000000427e-02,7.532189999999999719e-01,9.220479999999999787e-01,3.825100000000000028e-02,5.431799999999999823e-02,-3.813320000000000043e-01,-1.020003999999999911e+00,9.303599999999999370e-02,2.073699999999999988e-01,1.621328000000000102e+00,-2.363039999999999863e-01,2.776100000000000095e-02,-5.709180000000000366e-01,7.318399999999999905e-02,7.395899999999999697e-02,9.331180000000000030e-01,-4.547050000000000258e-01,-4.774899999999999978e-02,-1.127260000000000068e-01,2.273540000000000005e-01,2.907790000000000097e-01,-2.660620000000000207e-01,8.979960000000000164e-01,2.977700000000000138e-02,1.012575999999999921e+00,-4.205389999999999961e-01,-8.791799999999999615e-02,3.155660000000000132e-01,-2.038899999999999879e-01,-8.545749999999999735e-01,4.775900000000000145e-01,2.423649999999999971e-01,1.281650000000000011e-01,8.894100000000000616e-02,1.023329999999999934e-01
5.443959999999999910e-01,9.912400000000000377e-02,7.484650000000000469e-01,9.219549999999999690e-01,3.996299999999999852e-02,5.624599999999999739e-02,-3.811010000000000231e-01,-1.042680999999999969e+00,7.969600000000000295e-02,2.070760000000000101e-01,1.690253999999999923e+00,-2.365420000000000023e-01,1.939400000000000152e-02,-6.056629999999999514e-01,7.766399999999999693e-02,6.742399999999999782e-02,9.603660000000000529e-01,-4.597700000000000120e-01,-5.371499999999999886e-02,-1.083979999999999944e-01,2.225779999999999981e-01,2.962319999999999953e-01,-2.772080000000000100e-01,9.115069999999999562e-01,2.967099999999999946e-02,1.011112999999999928e+00,-4.193040000000000100e-01,-9.028700000000000614e-02,3.163030000000000008e-01,-1.943290000000000017e-01,-8.360269999999999646e-01,5.145469999999999766e-01,1.796820000000000084e-01,1.089809999999999945e-01,9.538099999999999357e-02,1.384189999999999865e-01
5.350139999999999896e-01,1.026939999999999936e-01,7.439099999999999602e-01,9.219049999999999745e-01,4.230799999999999839e-02,5.837300000000000127e-02,-3.806490000000000151e-01,-1.065720999999999918e+00,6.553100000000000591e-02,2.096449999999999980e-01,1.757516999999999996e+00,-2.356920000000000126e-01,1.155899999999999983e-02,-6.411210000000000520e-01,8.059399999999999897e-02,6.148100000000000093e-02,9.863589999999999858e-01,-4.637410000000000143e-01,-5.918799999999999756e-02,-1.047359999999999958e-01,2.164089999999999903e-01,3.005140000000000033e-01,-2.884220000000000117e-01,9.257170000000000121e-01,2.933399999999999896e-02,1.010383000000000031e+00,-4.182669999999999999e-01,-9.295000000000000484e-02,3.167229999999999768e-01,-1.869069999999999898e-01,-8.143820000000000503e-01,5.504000000000000004e-01,1.166419999999999957e-01,8.947099999999999498e-02,1.012910000000000060e-01,1.739259999999999973e-01
5.268479999999999830e-01,1.063209999999999988e-01,7.415310000000000512e-01,9.225280000000000147e-01,4.405699999999999894e-02,6.304600000000000481e-02,-3.781880000000000241e-01,-1.069528999999999952e+00,4.923799999999999705e-02,2.149449999999999972e-01,1.794340000000000046e+00,-2.368240000000000067e-01,1.703000000000000087e-03,-6.706579999999999764e-01,8.192399999999999682e-02,5.374299999999999911e-02,9.934500000000000552e-01,-4.581339999999999857e-01,-6.455900000000000527e-02,-1.055060000000000026e-01,2.169649999999999912e-01,2.971909999999999830e-01,-2.987360000000000015e-01,9.336600000000000454e-01,1.161099999999999979e-02,1.010178000000000020e+00,-4.095030000000000059e-01,-9.101099999999999468e-02,3.075359999999999761e-01,-1.866230000000000111e-01,-7.851909999999999723e-01,5.682639999999999914e-01,7.849499999999999533e-02,7.443199999999999816e-02,1.069500000000000034e-01,1.906299999999999939e-01
5.188230000000000341e-01,1.100519999999999970e-01,7.399200000000000221e-01,9.232799999999999896e-01,4.587900000000000311e-02,6.690699999999999426e-02,-3.754629999999999912e-01,-1.070125999999999911e+00,3.178600000000000175e-02,2.219949999999999979e-01,1.827614999999999990e+00,-2.364380000000000093e-01,-7.768999999999999864e-03,-6.961690000000000378e-01,8.156399999999999761e-02,4.663599999999999690e-02,9.957150000000000167e-01,-4.504750000000000143e-01,-6.940300000000000635e-02,-1.052069999999999950e-01,2.172800000000000009e-01,2.946960000000000135e-01,-3.127320000000000100e-01,9.406419999999999781e-01,-9.841000000000000789e-03,1.010623999999999967e+00,-4.003050000000000219e-01,-8.847900000000000209e-02,2.981809999999999738e-01,-1.865169999999999884e-01,-7.555739999999999679e-01,5.861039999999999583e-01,4.482499999999999679e-02,5.915100000000000219e-02,1.093169999999999975e-01,2.064910000000000079e-01
5.108030000000000070e-01,1.139880000000000060e-01,7.385040000000000493e-01,9.240690000000000293e-01,4.770800000000000041e-02,7.031199999999999950e-02,-3.726610000000000200e-01,-1.069609000000000032e+00,1.406699999999999964e-02,2.303020000000000067e-01,1.860008000000000106e+00,-2.357080000000000009e-01,-1.698799999999999963e-02,-7.202549999999999786e-01,8.045099999999999474e-02,3.987099999999999672e-02,9.969400000000000484e-01,-4.423409999999999842e-01,-7.400600000000000234e-02,-1.046829999999999983e-01,2.172169999999999934e-01,2.929840000000000222e-01,-3.283869999999999845e-01,9.468400000000000150e-01,-3.315099999999999991e-02,1.011676000000000020e+00,-3.910710000000000020e-01,-8.634500000000000508e-02,2.898470000000000213e-01,-1.879589999999999872e-01,-7.292710000000000026e-01,6.063439999999999941e-01,1.155800000000000056e-02,4.373500000000000304e-02,1.119150000000000006e-01,2.245230000000000004e-01
5.043440000000000145e-01,1.155309999999999948e-01,7.394399999999999862e-01,9.249640000000000084e-01,4.801300000000000012e-02,7.380899999999999961e-02,-3.697130000000000138e-01,-1.043285000000000018e+00,6.186999999999999791e-03,2.331940000000000124e-01,1.860249999999999959e+00,-2.371369999999999867e-01,-2.630499999999999852e-02,-7.332809999999999606e-01,8.197200000000000319e-02,3.150100000000000122e-02,9.869879999999999765e-01,-4.223120000000000207e-01,-7.686199999999999977e-02,-1.059139999999999943e-01,2.175910000000000066e-01,2.807870000000000088e-01,-3.325370000000000270e-01,9.500790000000000068e-01,-3.756299999999999917e-02,1.018912000000000040e+00,-3.874449999999999839e-01,-8.460800000000000265e-02,2.841060000000000252e-01,-1.749179999999999902e-01,-7.040760000000000352e-01,6.034119999999999484e-01,1.542999999999999927e-02,3.930100000000000260e-02,1.146120000000000055e-01,2.258070000000000077e-01
4.980140000000000122e-01,1.169540000000000024e-01,7.410539999999999905e-01,9.258399999999999963e-01,4.802800000000000125e-02,7.633299999999999808e-02,-3.669970000000000176e-01,-1.012782000000000071e+00,-2.001999999999999873e-03,2.360260000000000136e-01,1.857893999999999934e+00,-2.381139999999999923e-01,-3.577999999999999931e-02,-7.416549999999999532e-01,8.340500000000000691e-02,2.378399999999999959e-02,9.727900000000000436e-01,-4.005819999999999936e-01,-7.963599999999999846e-02,-1.058999999999999941e-01,2.176460000000000061e-01,2.700659999999999727e-01,-3.360969999999999791e-01,9.525179999999999758e-01,-4.271900000000000003e-02,1.024577000000000071e+00,-3.835239999999999760e-01,-8.335700000000000054e-02,2.784539999999999793e-01,-1.612939999999999929e-01,-6.859189999999999454e-01,6.059539999999999926e-01,2.359699999999999992e-02,3.397599999999999926e-02,1.148870000000000030e-01,2.292949999999999988e-01
4.917819999999999969e-01,1.184599999999999959e-01,7.429090000000000416e-01,9.267360000000000042e-01,4.796399999999999969e-02,7.839999999999999747e-02,-3.642969999999999819e-01,-9.808550000000000324e-01,-1.053899999999999976e-02,2.387050000000000005e-01,1.854899000000000076e+00,-2.390390000000000015e-01,-4.526000000000000162e-02,-7.485579999999999457e-01,8.463199999999999890e-02,1.620600000000000165e-02,9.578119999999999967e-01,-3.786410000000000053e-01,-8.238499999999999990e-02,-1.056809999999999972e-01,2.173730000000000107e-01,2.602619999999999933e-01,-3.400389999999999802e-01,9.548090000000000188e-01,-4.836100000000000121e-02,1.029911999999999939e+00,-3.795180000000000220e-01,-8.203900000000000081e-02,2.730480000000000129e-01,-1.492020000000000013e-01,-6.777649999999999508e-01,6.166209999999999747e-01,3.321600000000000247e-02,2.871800000000000047e-02,1.158639999999999948e-01,2.362900000000000000e-01
4.854609999999999759e-01,1.172939999999999955e-01,7.455910000000000037e-01,9.287940000000000085e-01,4.577900000000000025e-02,8.149700000000000000e-02,-3.586139999999999883e-01,-9.208880000000000399e-01,-1.200999999999999984e-02,2.355099999999999971e-01,1.802062999999999970e+00,-2.362160000000000093e-01,-5.577700000000000019e-02,-7.461130000000000262e-01,8.791400000000000603e-02,9.619999999999999645e-04,9.309990000000000210e-01,-3.560050000000000159e-01,-8.843900000000000372e-02,-1.129779999999999951e-01,2.218400000000000094e-01,2.423490000000000089e-01,-3.343070000000000208e-01,9.510800000000000365e-01,-5.301199999999999662e-02,1.030423000000000089e+00,-3.758170000000000122e-01,-8.136400000000000576e-02,2.658940000000000192e-01,-1.332039999999999891e-01,-6.750720000000000054e-01,5.937369999999999592e-01,5.358700000000000269e-02,4.223500000000000171e-02,1.162900000000000045e-01,2.274829999999999908e-01
4.791460000000000163e-01,1.161610000000000004e-01,7.490569999999999729e-01,9.311629999999999630e-01,4.349700000000000094e-02,8.321099999999999330e-02,-3.523049999999999793e-01,-8.558470000000000244e-01,-1.535500000000000059e-02,2.324769999999999892e-01,1.745465999999999962e+00,-2.320079999999999920e-01,-6.605199999999999960e-02,-7.385190000000000365e-01,8.969699999999999895e-02,-1.451200000000000059e-02,9.006979999999999986e-01,-3.324219999999999953e-01,-9.428699999999999581e-02,-1.190189999999999998e-01,2.260729999999999962e-01,2.266640000000000044e-01,-3.305930000000000257e-01,9.456860000000000266e-01,-6.062499999999999833e-02,1.028609000000000107e+00,-3.716670000000000251e-01,-8.020199999999999552e-02,2.596120000000000094e-01,-1.144970000000000016e-01,-6.831300000000000150e-01,5.742359999999999687e-01,7.483199999999999574e-02,5.628600000000000270e-02,1.166800000000000059e-01,2.216690000000000049e-01
4.727939999999999920e-01,1.149889999999999940e-01,7.525539999999999452e-01,9.336590000000000167e-01,4.129200000000000231e-02,8.428700000000000081e-02,-3.456469999999999820e-01,-7.889089999999999714e-01,-1.964199999999999974e-02,2.296709999999999863e-01,1.687484999999999902e+00,-2.271090000000000053e-01,-7.594199999999999562e-02,-7.296169999999999600e-01,9.077300000000000646e-02,-3.019499999999999962e-02,8.702389999999999848e-01,-3.089109999999999912e-01,-1.000240000000000018e-01,-1.246639999999999970e-01,2.298129999999999895e-01,2.120889999999999997e-01,-3.288119999999999932e-01,9.399309999999999610e-01,-7.011199999999999377e-02,1.026577999999999991e+00,-3.674620000000000108e-01,-7.870299999999999518e-02,2.537699999999999956e-01,-9.612600000000000311e-02,-7.001230000000000508e-01,5.600779999999999648e-01,9.637500000000000233e-02,7.055899999999999672e-02,1.181100000000000066e-01,2.191929999999999990e-01
4.710300000000000042e-01,1.142559999999999965e-01,7.563800000000000523e-01,9.351070000000000215e-01,3.793500000000000344e-02,8.564099999999999491e-02,-3.417629999999999835e-01,-7.176479999999999526e-01,-3.243299999999999655e-02,2.212709999999999955e-01,1.619162999999999908e+00,-2.222889999999999866e-01,-8.774200000000000055e-02,-7.083279999999999577e-01,9.298299999999999621e-02,-4.134299999999999781e-02,8.270870000000000166e-01,-2.951059999999999794e-01,-1.033199999999999952e-01,-1.324780000000000124e-01,2.350230000000000097e-01,1.903880000000000017e-01,-3.134899999999999909e-01,9.390610000000000346e-01,-5.965000000000000163e-02,1.031765999999999961e+00,-3.694620000000000126e-01,-7.738200000000000633e-02,2.533170000000000144e-01,-6.617900000000000171e-02,-7.233570000000000277e-01,5.086819999999999675e-01,1.358199999999999963e-01,9.644800000000000595e-02,1.178300000000000042e-01,1.904279999999999862e-01
4.690699999999999870e-01,1.134830000000000005e-01,7.604549999999999921e-01,9.365799999999999681e-01,3.460400000000000281e-02,8.653900000000000481e-02,-3.378329999999999944e-01,-6.442959999999999798e-01,-4.524100000000000343e-02,2.121840000000000115e-01,1.549193999999999960e+00,-2.169939999999999924e-01,-9.946699999999999986e-02,-6.856780000000000097e-01,9.550999999999999768e-02,-5.251200000000000312e-02,7.829749999999999766e-01,-2.808680000000000065e-01,-1.067000000000000032e-01,-1.384910000000000030e-01,2.398389999999999966e-01,1.688870000000000093e-01,-2.986369999999999858e-01,9.375529999999999697e-01,-5.063600000000000045e-02,1.035684999999999967e+00,-3.713369999999999727e-01,-7.666900000000000104e-02,2.531079999999999997e-01,-3.512400000000000244e-02,-7.495420000000000416e-01,4.576109999999999900e-01,1.756489999999999996e-01,1.219689999999999941e-01,1.158150000000000013e-01,1.629500000000000115e-01
4.669490000000000030e-01,1.149880000000000069e-01,7.671970000000000178e-01,9.381880000000000219e-01,3.400100000000000344e-02,8.648599999999999344e-02,-3.334179999999999922e-01,-5.672110000000000207e-01,-6.334099999999999453e-02,2.107370000000000076e-01,1.460402999999999896e+00,-1.963769999999999960e-01,-1.051170000000000021e-01,-6.535680000000000378e-01,9.089300000000000157e-02,-5.697399999999999687e-02,7.153479999999999839e-01,-2.518529999999999935e-01,-1.055139999999999967e-01,-1.416429999999999911e-01,2.356060000000000099e-01,1.432950000000000057e-01,-2.859670000000000267e-01,9.382530000000000037e-01,-4.916199999999999737e-02,1.038594000000000017e+00,-3.727790000000000270e-01,-7.638799999999999757e-02,2.530510000000000259e-01,1.242999999999999964e-03,-7.675710000000000033e-01,4.047830000000000039e-01,2.183519999999999905e-01,1.444320000000000048e-01,1.114180000000000031e-01,1.336839999999999973e-01
4.658229999999999871e-01,1.122090000000000032e-01,7.677289999999999948e-01,9.399429999999999730e-01,2.789300000000000113e-02,8.824200000000000099e-02,-3.285469999999999779e-01,-4.846110000000000140e-01,-6.765599999999999392e-02,1.726640000000000119e-01,1.339259999999999895e+00,-1.972009999999999874e-01,-1.228770000000000001e-01,-6.398660000000000458e-01,1.026590000000000003e-01,-6.800000000000000488e-02,6.950760000000000272e-01,-2.505839999999999734e-01,-1.108179999999999998e-01,-1.507130000000000136e-01,2.544339999999999935e-01,1.196289999999999992e-01,-2.724820000000000020e-01,9.345759999999999623e-01,-4.750499999999999862e-02,1.047658999999999896e+00,-3.724250000000000060e-01,-7.134899999999999576e-02,2.481679999999999997e-01,8.836999999999999370e-03,-7.996339999999999559e-01,3.297780000000000156e-01,2.685830000000000162e-01,1.848869999999999958e-01,1.084149999999999975e-01,7.146299999999999875e-02
4.641600000000000170e-01,1.116290000000000060e-01,7.701710000000000500e-01,9.420070000000000388e-01,2.310399999999999954e-02,8.947099999999999498e-02,-3.226209999999999911e-01,-3.996620000000000172e-01,-7.167400000000000160e-02,1.414150000000000129e-01,1.206312999999999969e+00,-1.877109999999999890e-01,-1.337949999999999973e-01,-6.203330000000000233e-01,1.093549999999999939e-01,-7.592799999999999550e-02,6.579180000000000028e-01,-2.378790000000000071e-01,-1.128370000000000067e-01,-1.595330000000000081e-01,2.691219999999999724e-01,9.367499999999999438e-02,-2.612430000000000030e-01,9.316900000000000182e-01,-5.096300000000000135e-02,1.057102999999999904e+00,-3.711800000000000099e-01,-6.684600000000000264e-02,2.425440000000000096e-01,1.706900000000000084e-02,-8.251399999999999846e-01,2.537429999999999963e-01,3.230219999999999758e-01,2.262019999999999864e-01,1.010000000000000064e-01,4.563000000000000216e-03
4.618909999999999960e-01,1.113460000000000005e-01,7.728120000000000545e-01,9.440659999999999608e-01,1.845499999999999918e-02,9.059499999999999498e-02,-3.165310000000000068e-01,-3.141280000000000183e-01,-7.298100000000000420e-02,1.123350000000000043e-01,1.072370000000000045e+00,-1.773830000000000129e-01,-1.426020000000000065e-01,-6.009710000000000329e-01,1.159830000000000028e-01,-8.369200000000000250e-02,6.186639999999999917e-01,-2.229410000000000003e-01,-1.147419999999999968e-01,-1.684470000000000134e-01,2.826199999999999823e-01,6.799199999999999688e-02,-2.518690000000000095e-01,9.298220000000000374e-01,-5.589399999999999924e-02,1.067436000000000051e+00,-3.700570000000000248e-01,-6.230100000000000221e-02,2.371139999999999914e-01,2.318200000000000122e-02,-8.475859999999999506e-01,1.755740000000000078e-01,3.786919999999999731e-01,2.676180000000000225e-01,9.064500000000000335e-02,-6.233600000000000252e-02
4.596239999999999770e-01,1.123460000000000014e-01,7.747680000000000122e-01,9.455390000000000184e-01,1.375700000000000013e-02,9.314799999999999469e-02,-3.115919999999999801e-01,-2.452560000000000018e-01,-7.700999999999999512e-02,8.914999999999999314e-02,9.590610000000000523e-01,-1.834389999999999910e-01,-1.429110000000000102e-01,-5.813350000000000461e-01,1.227260000000000018e-01,-9.319900000000000406e-02,5.697459999999999747e-01,-2.035450000000000037e-01,-1.169010000000000049e-01,-1.716060000000000085e-01,2.972969999999999779e-01,4.236700000000000188e-02,-2.477409999999999890e-01,9.286459999999999715e-01,-5.792499999999999732e-02,1.072572000000000081e+00,-3.708850000000000202e-01,-6.004299999999999915e-02,2.345949999999999980e-01,1.357500000000000026e-02,-8.690649999999999764e-01,1.056669999999999970e-01,4.462630000000000208e-01,3.030860000000000221e-01,7.952900000000000247e-02,-1.221659999999999968e-01
4.567640000000000033e-01,1.137549999999999950e-01,7.764349999999999863e-01,9.467510000000000092e-01,8.349000000000000518e-03,9.688299999999999690e-02,-3.069299999999999806e-01,-1.810269999999999935e-01,-7.667999999999999816e-02,6.702700000000000324e-02,8.512009999999999854e-01,-1.919770000000000088e-01,-1.421650000000000136e-01,-5.651129999999999765e-01,1.320939999999999892e-01,-1.034690000000000054e-01,5.203959999999999697e-01,-1.823980000000000046e-01,-1.190780000000000033e-01,-1.752819999999999934e-01,3.138790000000000191e-01,1.652800000000000102e-02,-2.429939999999999878e-01,9.286870000000000402e-01,-5.771300000000000041e-02,1.077895999999999965e+00,-3.719330000000000136e-01,-5.740200000000000163e-02,2.321729999999999905e-01,-1.998999999999999909e-03,-8.892940000000000289e-01,3.647100000000000342e-02,5.190270000000000161e-01,3.386469999999999758e-01,6.586699999999999500e-02,-1.800970000000000071e-01
4.536350000000000104e-01,1.155209999999999987e-01,7.779869999999999841e-01,9.478349999999999831e-01,2.560000000000000209e-03,1.011829999999999952e-01,-3.022650000000000059e-01,-1.197030000000000038e-01,-7.374600000000000599e-02,4.596499999999999891e-02,7.475990000000000135e-01,-2.026969999999999883e-01,-1.403139999999999943e-01,-5.508739999999999748e-01,1.426620000000000110e-01,-1.141650000000000026e-01,4.711540000000000172e-01,-1.604480000000000073e-01,-1.210269999999999957e-01,-1.796629999999999894e-01,3.314830000000000276e-01,-9.121000000000000635e-03,-2.375140000000000029e-01,9.290810000000000457e-01,-5.596199999999999786e-02,1.083288000000000029e+00,-3.729999999999999982e-01,-5.485500000000000098e-02,2.301449999999999885e-01,-1.978200000000000097e-02,-9.093360000000000332e-01,-3.347100000000000075e-02,5.946519999999999584e-01,3.747409999999999908e-01,5.061100000000000321e-02,-2.368979999999999975e-01
4.480000000000000093e-01,1.179329999999999962e-01,7.772550000000000292e-01,9.489159999999999817e-01,-3.950000000000000386e-03,1.062410000000000021e-01,-2.970789999999999820e-01,-7.074400000000000133e-02,-5.875600000000000267e-02,2.773000000000000118e-02,6.362149999999999750e-01,-2.214949999999999974e-01,-8.192299999999999582e-02,-5.431129999999999569e-01,1.563150000000000095e-01,-1.253019999999999967e-01,4.232670000000000043e-01,-1.346340000000000037e-01,-1.234409999999999952e-01,-1.805940000000000045e-01,3.490630000000000122e-01,-3.048700000000000021e-02,-2.423079999999999956e-01,9.321350000000000469e-01,-5.752299999999999774e-02,1.088343000000000060e+00,-3.756399999999999739e-01,-5.190299999999999775e-02,2.286739999999999884e-01,-3.940199999999999952e-02,-9.321960000000000246e-01,-8.204999999999999793e-02,6.635469999999999979e-01,4.049010000000000109e-01,4.177499999999999963e-02,-2.725980000000000070e-01
4.424319999999999919e-01,1.207730000000000053e-01,7.765520000000000200e-01,9.497240000000000126e-01,-1.086400000000000039e-02,1.118790000000000062e-01,-2.922139999999999738e-01,-2.484199999999999950e-02,-4.334099999999999758e-02,1.163600000000000051e-02,5.284929999999999906e-01,-2.434459999999999957e-01,-2.377699999999999952e-02,-5.366819999999999924e-01,1.711630000000000096e-01,-1.361839999999999995e-01,3.748059999999999725e-01,-1.080080000000000068e-01,-1.252359999999999862e-01,-1.810609999999999997e-01,3.685109999999999775e-01,-5.191400000000000181e-02,-2.484810000000000074e-01,9.349560000000000093e-01,-5.899800000000000183e-02,1.095143999999999895e+00,-3.788190000000000168e-01,-4.872499999999999748e-02,2.272210000000000063e-01,-6.144499999999999962e-02,-9.559739999999999904e-01,-1.306190000000000129e-01,7.352959999999999496e-01,4.353890000000000260e-01,3.410900000000000043e-02,-3.059589999999999810e-01
4.368310000000000248e-01,1.236460000000000059e-01,7.759120000000000461e-01,9.503989999999999938e-01,-1.793300000000000102e-02,1.176760000000000028e-01,-2.873550000000000271e-01,1.824699999999999933e-02,-2.820999999999999897e-02,-3.422999999999999828e-03,4.254820000000000269e-01,-2.689440000000000164e-01,3.384600000000000108e-02,-5.305560000000000276e-01,1.866109999999999991e-01,-1.468440000000000023e-01,3.256689999999999863e-01,-8.086799999999999544e-02,-1.266899999999999971e-01,-1.813549999999999884e-01,3.886769999999999947e-01,-7.308599999999999819e-02,-2.550359999999999849e-01,9.376160000000000050e-01,-6.008399999999999852e-02,1.102567999999999993e+00,-3.821019999999999972e-01,-4.570899999999999963e-02,2.256650000000000045e-01,-8.368899999999999950e-02,-9.807569999999999899e-01,-1.796379999999999921e-01,8.095390000000000086e-01,4.663869999999999960e-01,2.643900000000000070e-02,-3.378320000000000212e-01
4.323009999999999908e-01,1.271160000000000068e-01,7.754799999999999471e-01,9.505660000000000220e-01,-2.214899999999999855e-02,1.203390000000000015e-01,-2.853979999999999850e-01,3.955299999999999788e-02,-2.580000000000000002e-02,-2.658800000000000052e-02,3.687119999999999842e-01,-2.960979999999999723e-01,3.718199999999999977e-02,-5.186180000000000234e-01,1.960139999999999938e-01,-1.498329999999999940e-01,2.779050000000000131e-01,-5.454400000000000220e-02,-1.226089999999999958e-01,-1.743719999999999992e-01,4.010059999999999736e-01,-8.604699999999999849e-02,-2.679969999999999852e-01,9.362759999999999971e-01,-6.897300000000000653e-02,1.109431999999999974e+00,-3.830879999999999841e-01,-4.245800000000000268e-02,2.236239999999999895e-01,-1.075310000000000016e-01,-1.008388000000000062e+00,-2.005309999999999870e-01,8.693720000000000336e-01,4.836269999999999736e-01,2.064799999999999969e-02,-3.508870000000000045e-01
4.270970000000000044e-01,1.304160000000000041e-01,7.750270000000000215e-01,9.507860000000000200e-01,-2.571000000000000021e-02,1.232199999999999962e-01,-2.831270000000000175e-01,5.411599999999999744e-02,-2.390199999999999964e-02,-5.067900000000000182e-02,3.228800000000000003e-01,-3.278639999999999888e-01,4.168800000000000283e-02,-5.091839999999999700e-01,2.047029999999999961e-01,-1.530130000000000101e-01,2.317400000000000015e-01,-2.812299999999999869e-02,-1.190120000000000067e-01,-1.698989999999999945e-01,4.110090000000000132e-01,-9.886399999999999355e-02,-2.811449999999999783e-01,9.367320000000000091e-01,-7.698399999999999688e-02,1.117922000000000082e+00,-3.841160000000000130e-01,-3.902300000000000213e-02,2.220439999999999914e-01,-1.337959999999999983e-01,-1.033844999999999903e+00,-2.191520000000000135e-01,9.281409999999999938e-01,4.988460000000000116e-01,1.747800000000000048e-02,-3.623930000000000207e-01
4.218740000000000268e-01,1.335230000000000028e-01,7.745830000000000215e-01,9.510129999999999972e-01,-2.876199999999999937e-02,1.263799999999999923e-01,-2.806690000000000018e-01,6.613600000000000034e-02,-2.256700000000000025e-02,-7.570799999999999752e-02,2.806449999999999778e-01,-3.610920000000000241e-01,4.779599999999999821e-02,-5.009829999999999561e-01,2.128500000000000114e-01,-1.559560000000000113e-01,1.865050000000000041e-01,-2.177000000000000116e-03,-1.154320000000000068e-01,-1.663679999999999881e-01,4.198629999999999862e-01,-1.121840000000000059e-01,-2.938250000000000028e-01,9.380709999999999882e-01,-8.412000000000000033e-02,1.126840999999999982e+00,-3.851999999999999869e-01,-3.572199999999999681e-02,2.202949999999999908e-01,-1.609810000000000130e-01,-1.058538999999999897e+00,-2.364469999999999905e-01,9.871889999999999832e-01,5.135150000000000547e-01,1.522199999999999942e-02,-3.736079999999999957e-01
4.162520000000000109e-01,1.379420000000000091e-01,7.749800000000000022e-01,9.513260000000000050e-01,-3.139900000000000330e-02,1.267629999999999868e-01,-2.791480000000000072e-01,6.917700000000000238e-02,-2.289199999999999915e-02,-7.463699999999999501e-02,2.628019999999999801e-01,-3.753330000000000277e-01,7.321300000000000030e-02,-5.021390000000000020e-01,2.155360000000000054e-01,-1.595560000000000034e-01,1.674859999999999960e-01,2.967900000000000052e-02,-1.119730000000000031e-01,-1.641060000000000019e-01,4.250860000000000194e-01,-1.119010000000000005e-01,-3.131599999999999939e-01,9.373089999999999478e-01,-1.051020000000000010e-01,1.125903000000000098e+00,-3.806629999999999736e-01,-3.461899999999999700e-02,2.138160000000000061e-01,-1.807960000000000123e-01,-1.072197999999999984e+00,-2.190850000000000020e-01,1.019139000000000017e+00,5.136979999999999880e-01,1.305300000000000037e-02,-3.584640000000000049e-01
4.102759999999999740e-01,1.425140000000000018e-01,7.752679999999999572e-01,9.516339999999999799e-01,-3.293600000000000000e-02,1.268630000000000035e-01,-2.778729999999999811e-01,7.010700000000000265e-02,-2.619300000000000100e-02,-7.293199999999999683e-02,2.480060000000000042e-01,-3.907610000000000250e-01,9.893399999999999417e-02,-5.081430000000000113e-01,2.156770000000000076e-01,-1.622619999999999896e-01,1.570340000000000069e-01,5.802999999999999825e-02,-1.082859999999999934e-01,-1.645389999999999908e-01,4.265630000000000255e-01,-1.107599999999999973e-01,-3.313369999999999926e-01,9.388879999999999448e-01,-1.244809999999999944e-01,1.125507999999999953e+00,-3.760459999999999914e-01,-3.277999999999999664e-02,2.076679999999999915e-01,-2.017039999999999944e-01,-1.081237999999999921e+00,-2.000570000000000126e-01,1.045973999999999959e+00,5.112520000000000397e-01,1.298500000000000001e-02,-3.432209999999999983e-01
4.040250000000000230e-01,1.470400000000000040e-01,7.755840000000000511e-01,9.519840000000000524e-01,-3.386200000000000321e-02,1.270640000000000103e-01,-2.764690000000000203e-01,7.001100000000000378e-02,-3.080499999999999905e-02,-7.149300000000000099e-02,2.338969999999999938e-01,-4.065480000000000205e-01,1.245190000000000047e-01,-5.167230000000000434e-01,2.145670000000000077e-01,-1.648840000000000028e-01,1.504919999999999869e-01,8.458499999999999353e-02,-1.046959999999999974e-01,-1.664670000000000039e-01,4.261719999999999953e-01,-1.095970000000000000e-01,-3.485679999999999890e-01,9.418320000000000025e-01,-1.426749999999999963e-01,1.124905000000000044e+00,-3.714180000000000259e-01,-3.082000000000000017e-02,2.013759999999999994e-01,-2.235290000000000055e-01,-1.087688999999999906e+00,-1.802630000000000066e-01,1.070764000000000049e+00,5.077300000000000146e-01,1.390300000000000043e-02,-3.291339999999999821e-01
3.945069999999999966e-01,1.555850000000000011e-01,7.756420000000000536e-01,9.539199999999999902e-01,-3.045199999999999990e-02,1.230949999999999961e-01,-2.719500000000000250e-01,5.889799999999999897e-02,-4.679699999999999832e-02,-7.271500000000000186e-02,2.290439999999999976e-01,-3.984730000000000216e-01,1.415730000000000044e-01,-5.200810000000000155e-01,1.966360000000000052e-01,-1.656849999999999989e-01,1.352089999999999959e-01,1.155209999999999987e-01,-9.438499999999999668e-02,-1.777009999999999978e-01,4.049869999999999859e-01,-1.037249999999999978e-01,-3.717070000000000096e-01,9.485559999999999548e-01,-1.716189999999999938e-01,1.122031000000000001e+00,-3.650470000000000104e-01,-2.587800000000000170e-02,1.877399999999999902e-01,-2.441079999999999917e-01,-1.082994999999999930e+00,-1.427470000000000128e-01,1.090738999999999903e+00,4.972130000000000161e-01,1.739699999999999927e-02,-3.008449999999999736e-01
3.870370000000000199e-01,1.575340000000000074e-01,7.756640000000000201e-01,9.539379999999999526e-01,-3.116999999999999979e-02,1.215949999999999948e-01,-2.724779999999999980e-01,4.803299999999999931e-02,-4.421599999999999836e-02,-6.487900000000000611e-02,2.386199999999999988e-01,-4.107310000000000128e-01,1.495599999999999985e-01,-5.280430000000000401e-01,1.998499999999999999e-01,-1.680949999999999944e-01,1.367420000000000024e-01,1.294240000000000113e-01,-9.333500000000000130e-02,-1.732039999999999969e-01,4.035639999999999783e-01,-9.610799999999999899e-02,-3.844949999999999757e-01,9.348079999999999723e-01,-1.869869999999999866e-01,1.112074999999999925e+00,-3.570909999999999918e-01,-2.683699999999999974e-02,1.834790000000000032e-01,-2.623829999999999774e-01,-1.084095999999999949e+00,-1.137399999999999939e-01,1.101429999999999909e+00,4.844849999999999990e-01,1.974800000000000166e-02,-2.809479999999999755e-01
3.773619999999999752e-01,1.657959999999999989e-01,7.755619999999999736e-01,9.557989999999999542e-01,-2.784700000000000022e-02,1.175749999999999990e-01,-2.680469999999999797e-01,3.481000000000000066e-02,-5.963199999999999751e-02,-6.518899999999999695e-02,2.397009999999999974e-01,-4.064980000000000260e-01,1.660129999999999939e-01,-5.330570000000000030e-01,1.825799999999999923e-01,-1.687430000000000041e-01,1.253589999999999982e-01,1.581400000000000028e-01,-8.348800000000000665e-02,-1.848879999999999968e-01,3.836689999999999823e-01,-9.119399999999999729e-02,-4.017240000000000255e-01,9.385750000000000481e-01,-2.124240000000000017e-01,1.105321999999999916e+00,-3.493829999999999991e-01,-2.143499999999999919e-02,1.722259999999999902e-01,-2.801960000000000006e-01,-1.077517000000000058e+00,-7.700400000000000300e-02,1.116076000000000068e+00,4.716699999999999782e-01,2.464799999999999977e-02,-2.548639999999999795e-01
3.684799999999999742e-01,1.722259999999999902e-01,7.756450000000000289e-01,9.565679999999999739e-01,-2.578700000000000089e-02,1.126930000000000015e-01,-2.676069999999999838e-01,1.880700000000000080e-02,-6.714100000000000623e-02,-5.469199999999999756e-02,2.533369999999999789e-01,-3.983900000000000219e-01,1.711360000000000103e-01,-5.377729999999999455e-01,1.728379999999999916e-01,-1.673830000000000040e-01,1.244529999999999942e-01,1.779890000000000083e-01,-7.484100000000000474e-02,-1.919140000000000013e-01,3.679200000000000248e-01,-7.828799999999999648e-02,-4.156869999999999732e-01,9.223639999999999617e-01,-2.364759999999999918e-01,1.095771999999999968e+00,-3.393269999999999897e-01,-1.823699999999999974e-02,1.650359999999999883e-01,-2.898580000000000045e-01,-1.059590000000000032e+00,-3.378199999999999953e-02,1.115264000000000033e+00,4.511120000000000130e-01,2.762200000000000072e-02,-2.286829999999999974e-01
3.597569999999999935e-01,1.786880000000000135e-01,7.756849999999999579e-01,9.572300000000000253e-01,-2.415700000000000139e-02,1.078009999999999941e-01,-2.674050000000000038e-01,2.644000000000000083e-03,-7.357500000000000151e-02,-4.343400000000000039e-02,2.687579999999999969e-01,-3.917789999999999884e-01,1.762789999999999913e-01,-5.427840000000000442e-01,1.641400000000000081e-01,-1.659879999999999967e-01,1.251200000000000090e-01,1.967079999999999940e-01,-6.619700000000000584e-02,-1.980480000000000018e-01,3.536270000000000246e-01,-6.532599999999999518e-02,-4.274669999999999859e-01,9.050589999999999469e-01,-2.585259999999999780e-01,1.084592999999999918e+00,-3.283909999999999885e-01,-1.488000000000000086e-02,1.588100000000000067e-01,-2.956090000000000106e-01,-1.041517000000000026e+00,6.251999999999999745e-03,1.110521000000000091e+00,4.296610000000000151e-01,3.137500000000000011e-02,-2.041499999999999981e-01
3.511340000000000017e-01,1.850519999999999943e-01,7.757429999999999604e-01,9.578619999999999912e-01,-2.259699999999999903e-02,1.030019999999999963e-01,-2.671700000000000186e-01,-1.382899999999999928e-02,-7.961200000000000221e-02,-3.198100000000000248e-02,2.846549999999999914e-01,-3.855500000000000038e-01,1.815160000000000107e-01,-5.479939999999999811e-01,1.556649999999999978e-01,-1.645379999999999898e-01,1.259659999999999946e-01,2.152479999999999949e-01,-5.751400000000000262e-02,-2.036489999999999967e-01,3.395750000000000157e-01,-5.265700000000000242e-02,-4.385100000000000109e-01,8.871759999999999646e-01,-2.801100000000000256e-01,1.072616000000000014e+00,-3.172269999999999812e-01,-1.143399999999999972e-02,1.532989999999999908e-01,-2.988709999999999978e-01,-1.022837999999999914e+00,4.383200000000000290e-02,1.103423000000000043e+00,4.080070000000000086e-01,3.551699999999999996e-02,-1.805380000000000040e-01
3.414179999999999993e-01,1.901170000000000082e-01,7.759110000000000174e-01,9.584070000000000089e-01,-2.167499999999999982e-02,9.708100000000000063e-02,-2.675100000000000255e-01,-2.697000000000000092e-02,-8.175499999999999434e-02,-2.027500000000000135e-02,2.996090000000000142e-01,-3.820069999999999855e-01,1.812350000000000072e-01,-5.491169999999999662e-01,1.522459999999999924e-01,-1.454769999999999952e-01,1.288189999999999891e-01,2.191919999999999980e-01,-4.564599999999999907e-02,-2.072370000000000045e-01,3.273739999999999983e-01,-3.482799999999999785e-02,-4.378049999999999997e-01,8.605509999999999549e-01,-3.116249999999999853e-01,1.070335999999999954e+00,-3.024370000000000114e-01,-3.976000000000000367e-03,1.369090000000000029e-01,-2.993959999999999955e-01,-9.911200000000000010e-01,8.372999999999999887e-02,1.085437999999999903e+00,3.836709999999999843e-01,3.903500000000000025e-02,-1.643789999999999973e-01
3.317930000000000046e-01,1.951060000000000016e-01,7.760869999999999713e-01,9.588989999999999458e-01,-2.096599999999999853e-02,9.082199999999999995e-02,-2.680000000000000160e-01,-3.906400000000000150e-02,-8.335499999999999854e-02,-8.335000000000000395e-03,3.145640000000000103e-01,-3.787840000000000096e-01,1.808829999999999882e-01,-5.494139999999999580e-01,1.494099999999999873e-01,-1.263529999999999931e-01,1.320749999999999980e-01,2.225930000000000131e-01,-3.381900000000000184e-02,-2.105769999999999864e-01,3.150459999999999927e-01,-1.636599999999999860e-02,-4.365459999999999896e-01,8.340640000000000276e-01,-3.426980000000000026e-01,1.068200999999999956e+00,-2.873430000000000151e-01,2.925000000000000083e-03,1.200809999999999933e-01,-2.972179999999999822e-01,-9.577599999999999447e-01,1.208459999999999951e-01,1.063736999999999933e+00,3.590139999999999998e-01,4.330900000000000027e-02,-1.502239999999999964e-01
3.221379999999999799e-01,2.001060000000000061e-01,7.762719999999999620e-01,9.593610000000000193e-01,-2.028299999999999895e-02,8.448600000000000554e-02,-2.684710000000000152e-01,-5.097999999999999754e-02,-8.477999999999999425e-02,3.635000000000000210e-03,3.295930000000000248e-01,-3.756329999999999947e-01,1.806540000000000090e-01,-5.494719999999999605e-01,1.466870000000000118e-01,-1.072079999999999977e-01,1.353870000000000073e-01,2.258270000000000000e-01,-2.189999999999999933e-02,-2.135110000000000063e-01,3.025800000000000156e-01,2.223999999999999849e-03,-4.352969999999999895e-01,8.077090000000000103e-01,-3.734660000000000202e-01,1.065960000000000019e+00,-2.720500000000000140e-01,9.514999999999999153e-03,1.027990000000000015e-01,-2.932509999999999839e-01,-9.230300000000000171e-01,1.547729999999999939e-01,1.039727999999999986e+00,3.340920000000000001e-01,4.684699999999999975e-02,-1.364120000000000055e-01
3.139129999999999976e-01,2.042539999999999911e-01,7.755090000000000039e-01,9.605540000000000189e-01,-2.065499999999999975e-02,7.517000000000000071e-02,-2.669440000000000146e-01,-6.003300000000000303e-02,-8.850099999999999634e-02,3.887999999999999963e-03,3.597290000000000210e-01,-3.788540000000000241e-01,1.798119999999999996e-01,-5.428309999999999524e-01,1.431620000000000115e-01,-8.778299999999999992e-02,1.367400000000000004e-01,2.419590000000000074e-01,-1.337099999999999921e-02,-2.207089999999999885e-01,2.819929999999999937e-01,2.661699999999999830e-02,-4.283569999999999878e-01,7.824309999999999876e-01,-3.983970000000000011e-01,1.054920000000000080e+00,-2.555939999999999879e-01,1.379499999999999997e-02,8.608799999999999786e-02,-2.688499999999999779e-01,-8.811560000000000503e-01,2.002520000000000133e-01,9.851980000000000182e-01,2.978379999999999916e-01,5.477699999999999930e-02,-9.743899999999999784e-02
3.056780000000000053e-01,2.083990000000000009e-01,7.747509999999999675e-01,9.616970000000000240e-01,-2.132600000000000121e-02,6.561000000000000165e-02,-2.652909999999999990e-01,-6.878800000000000192e-02,-9.186300000000000021e-02,3.916000000000000210e-03,3.908960000000000212e-01,-3.827650000000000219e-01,1.788730000000000042e-01,-5.351190000000000113e-01,1.399519999999999931e-01,-6.876500000000000667e-02,1.373649999999999871e-01,2.582880000000000176e-01,-4.976999999999999653e-03,-2.281249999999999944e-01,2.615219999999999767e-01,5.189599999999999769e-02,-4.200130000000000252e-01,7.578460000000000196e-01,-4.215860000000000163e-01,1.041587999999999958e+00,-2.387450000000000128e-01,1.804400000000000101e-02,6.925299999999999512e-02,-2.418679999999999997e-01,-8.379889999999999839e-01,2.418210000000000082e-01,9.248459999999999459e-01,2.607079999999999953e-01,6.220599999999999741e-02,-5.851900000000000157e-02
2.974249999999999949e-01,2.127280000000000004e-01,7.739700000000000468e-01,9.627390000000000114e-01,-2.210799999999999918e-02,5.602900000000000241e-02,-2.636390000000000122e-01,-7.779899999999999316e-02,-9.512700000000000322e-02,4.268000000000000092e-03,4.227549999999999919e-01,-3.870460000000000012e-01,1.780039999999999956e-01,-5.274290000000000367e-01,1.368300000000000072e-01,-4.975299999999999861e-02,1.380859999999999865e-01,2.746410000000000240e-01,3.482999999999999985e-03,-2.349829999999999974e-01,2.412769999999999915e-01,7.720000000000000473e-02,-4.113189999999999902e-01,7.325850000000000417e-01,-4.439460000000000073e-01,1.026513999999999927e+00,-2.217280000000000084e-01,2.214599999999999902e-02,5.332300000000000234e-02,-2.142640000000000100e-01,-7.932620000000000227e-01,2.800630000000000064e-01,8.595629999999999660e-01,2.232300000000000118e-01,6.865300000000000569e-02,-1.997099999999999917e-02
2.880550000000000055e-01,2.163120000000000043e-01,7.745889999999999720e-01,9.626379999999999937e-01,-2.801599999999999924e-02,5.081200000000000300e-02,-2.645040000000000169e-01,-9.357699999999999352e-02,-8.087700000000000444e-02,6.008000000000000319e-03,4.536979999999999902e-01,-3.900219999999999798e-01,1.747259999999999924e-01,-5.608790000000000164e-01,1.444060000000000066e-01,-5.975799999999999862e-02,2.745179999999999843e-01,2.167179999999999940e-01,-7.967000000000000123e-03,-2.376850000000000074e-01,2.329130000000000089e-01,1.039489999999999997e-01,-3.930699999999999750e-01,7.025789999999999536e-01,-4.835880000000000178e-01,1.007076000000000082e+00,-1.942280000000000117e-01,3.003700000000000120e-02,2.277300000000000157e-02,-1.917010000000000103e-01,-7.388059999999999627e-01,3.038279999999999870e-01,7.812010000000000343e-01,1.941430000000000100e-01,7.695299999999999363e-02,1.508600000000000045e-02
2.785880000000000023e-01,2.200580000000000036e-01,7.753900000000000237e-01,9.622380000000000377e-01,-3.449699999999999989e-02,4.695400000000000268e-02,-2.659009999999999985e-01,-1.127950000000000064e-01,-6.423299999999999843e-02,7.900000000000000772e-03,4.862630000000000008e-01,-3.935980000000000034e-01,1.712090000000000001e-01,-6.060090000000000199e-01,1.522159999999999902e-01,-7.116400000000000503e-02,4.285479999999999845e-01,1.500529999999999919e-01,-2.027199999999999835e-02,-2.380659999999999998e-01,2.271859999999999991e-01,1.286460000000000103e-01,-3.752159999999999940e-01,6.718370000000000175e-01,-5.219949999999999868e-01,9.847449999999999815e-01,-1.660929999999999906e-01,3.756999999999999923e-02,-7.832000000000000420e-03,-1.683580000000000076e-01,-6.823900000000000521e-01,3.223799999999999999e-01,6.963819999999999455e-01,1.641180000000000139e-01,8.397399999999999309e-02,5.007199999999999845e-02
2.690750000000000086e-01,2.238989999999999869e-01,7.760979999999999546e-01,9.617160000000000153e-01,-4.100999999999999784e-02,4.300400000000000056e-02,-2.675259999999999860e-01,-1.316970000000000085e-01,-4.753799999999999693e-02,9.658999999999999184e-03,5.189799999999999969e-01,-3.974210000000000242e-01,1.677939999999999987e-01,-6.561879999999999935e-01,1.584470000000000045e-01,-8.266099999999999837e-02,5.927869999999999528e-01,7.812900000000000400e-02,-3.308699999999999836e-02,-2.377869999999999984e-01,2.215449999999999919e-01,1.531349999999999933e-01,-3.571230000000000238e-01,6.405229999999999535e-01,-5.581099999999999950e-01,9.589109999999999578e-01,-1.374680000000000069e-01,4.408700000000000119e-02,-3.830200000000000271e-02,-1.450490000000000113e-01,-6.236730000000000329e-01,3.365000000000000213e-01,6.055580000000000407e-01,1.330840000000000078e-01,8.900500000000000078e-02,8.517800000000000371e-02
2.607940000000000258e-01,2.274519999999999875e-01,7.769399999999999640e-01,9.602530000000000232e-01,-4.628600000000000075e-02,4.295000000000000207e-02,-2.718949999999999978e-01,-1.532419999999999893e-01,-3.258599999999999691e-02,8.158999999999999586e-03,5.417950000000000266e-01,-3.956500000000000017e-01,1.634519999999999862e-01,-6.982819999999999583e-01,1.640069999999999861e-01,-9.394099999999999673e-02,7.731160000000000254e-01,2.042400000000000118e-02,-4.154299999999999660e-02,-2.326600000000000057e-01,2.189480000000000037e-01,1.692549999999999888e-01,-3.394539999999999780e-01,6.032999999999999474e-01,-5.771990000000000176e-01,9.413380000000000081e-01,-1.158880000000000049e-01,5.417999999999999899e-02,-6.541900000000000492e-02,-1.261539999999999884e-01,-5.682009999999999561e-01,3.476290000000000213e-01,5.489519999999999955e-01,9.931800000000000350e-02,9.488099999999999312e-02,1.053830000000000044e-01
2.529199999999999782e-01,2.309839999999999949e-01,7.772219999999999684e-01,9.589440000000000186e-01,-5.050899999999999834e-02,4.241999999999999937e-02,-2.758169999999999789e-01,-1.745680000000000009e-01,-2.079900000000000151e-02,6.289999999999999584e-03,5.663780000000000481e-01,-3.953039999999999887e-01,1.598719999999999863e-01,-7.430630000000000290e-01,1.658570000000000044e-01,-1.044250000000000039e-01,9.611319999999999864e-01,-4.168000000000000177e-02,-5.007500000000000145e-02,-2.290139999999999953e-01,2.145499999999999907e-01,1.842759999999999954e-01,-3.200129999999999919e-01,5.639220000000000343e-01,-5.913920000000000288e-01,9.174550000000000205e-01,-9.325100000000000056e-02,6.306299999999999406e-02,-9.207700000000000606e-02,-1.080369999999999941e-01,-5.109939999999999483e-01,3.565209999999999768e-01,4.890789999999999860e-01,6.414899999999999769e-02,9.758500000000000507e-02,1.260350000000000081e-01
2.452809999999999990e-01,2.344549999999999967e-01,7.770719999999999850e-01,9.578029999999999600e-01,-5.375400000000000317e-02,4.134899999999999687e-02,-2.793120000000000047e-01,-1.951479999999999881e-01,-1.206899999999999987e-02,4.168999999999999963e-03,5.915399999999999547e-01,-3.956689999999999929e-01,1.570570000000000022e-01,-7.877769999999999495e-01,1.645330000000000126e-01,-1.133450000000000013e-01,1.152099999999999902e+00,-1.059660000000000046e-01,-5.866500000000000187e-02,-2.265169999999999961e-01,2.080649999999999999e-01,1.985180000000000000e-01,-2.988540000000000085e-01,5.228439999999999754e-01,-6.003460000000000463e-01,8.854619999999999713e-01,-6.959700000000000608e-02,7.098200000000000343e-02,-1.180090000000000028e-01,-9.006899999999999629e-02,-4.536160000000000192e-01,3.635280000000000178e-01,4.247529999999999917e-01,2.724299999999999986e-02,9.944899999999999574e-02,1.480899999999999994e-01
2.392620000000000025e-01,2.370669999999999999e-01,7.767659999999999565e-01,9.567010000000000236e-01,-5.557999999999999746e-02,4.105099999999999721e-02,-2.827529999999999766e-01,-2.121570000000000122e-01,-5.825999999999999582e-03,2.907999999999999995e-03,6.098590000000000400e-01,-3.944079999999999808e-01,1.543980000000000075e-01,-8.188710000000000155e-01,1.576460000000000083e-01,-1.203000000000000042e-01,1.305352999999999986e+00,-1.393520000000000036e-01,-6.354400000000000326e-02,-2.249939999999999996e-01,2.009980000000000100e-01,2.067509999999999903e-01,-2.775039999999999729e-01,4.788350000000000106e-01,-5.915869999999999740e-01,8.480450000000000488e-01,-5.518100000000000088e-02,7.432999999999999330e-02,-1.292329999999999868e-01,-7.625099999999999933e-02,-3.843739999999999934e-01,3.381250000000000089e-01,3.793030000000000013e-01,1.760400000000000159e-02,9.180699999999999972e-02,1.380389999999999950e-01
2.340160000000000018e-01,2.381500000000000006e-01,7.749829999999999774e-01,9.558309999999999862e-01,-5.704700000000000049e-02,3.817399999999999960e-02,-2.857899999999999885e-01,-2.284930000000000017e-01,-1.696999999999999941e-03,1.472000000000000001e-03,6.444229999999999681e-01,-4.053539999999999921e-01,1.515239999999999920e-01,-8.454899999999999638e-01,1.482479999999999909e-01,-1.275959999999999872e-01,1.469988999999999990e+00,-1.837370000000000114e-01,-7.116200000000000303e-02,-2.236549999999999927e-01,1.942959999999999965e-01,2.236819999999999919e-01,-2.574790000000000134e-01,4.361559999999999881e-01,-5.751979999999999871e-01,7.957999999999999519e-01,-4.143399999999999861e-02,7.478999999999999537e-02,-1.430299999999999905e-01,-6.481299999999999562e-02,-3.279489999999999905e-01,3.083799999999999875e-01,3.290549999999999864e-01,1.010100000000000060e-02,8.287500000000000422e-02,1.355780000000000041e-01
2.279329999999999967e-01,2.415289999999999937e-01,7.744539999999999758e-01,9.546419999999999906e-01,-5.888100000000000278e-02,3.749500000000000055e-02,-2.894579999999999931e-01,-2.451579999999999870e-01,3.560999999999999929e-03,1.167000000000000069e-03,6.625400000000000178e-01,-4.031660000000000244e-01,1.500170000000000115e-01,-8.725939999999999808e-01,1.409880000000000022e-01,-1.309460000000000068e-01,1.619885000000000019e+00,-2.166319999999999912e-01,-7.529900000000000482e-02,-2.213809999999999945e-01,1.871750000000000080e-01,2.330959999999999976e-01,-2.356840000000000046e-01,3.893010000000000081e-01,-5.568380000000000551e-01,7.415019999999999945e-01,-2.514500000000000068e-02,7.623000000000000609e-02,-1.528730000000000089e-01,-5.276299999999999740e-02,-2.666839999999999766e-01,2.879439999999999777e-01,2.843959999999999821e-01,-1.948999999999999995e-03,7.569299999999999640e-02,1.304019999999999901e-01
2.218449999999999867e-01,2.434340000000000115e-01,7.746239999999999792e-01,9.525249999999999551e-01,-5.990499999999999992e-02,4.084399999999999836e-02,-2.957009999999999916e-01,-2.655069999999999930e-01,1.336999999999999994e-02,1.489000000000000089e-03,6.721890000000000365e-01,-3.996170000000000000e-01,1.462859999999999994e-01,-8.700120000000000076e-01,1.356580000000000008e-01,-1.235419999999999990e-01,1.695802999999999949e+00,-2.395269999999999899e-01,-7.764799999999999480e-02,-2.195709999999999884e-01,1.840789999999999926e-01,2.338000000000000078e-01,-2.112940000000000096e-01,3.458359999999999768e-01,-5.214149999999999618e-01,6.787450000000000427e-01,-1.332299999999999977e-02,7.436800000000000355e-02,-1.498710000000000042e-01,-4.191700000000000287e-02,-2.224710000000000021e-01,2.630990000000000273e-01,2.472489999999999966e-01,-1.031400000000000025e-02,6.862500000000000544e-02,1.145850000000000063e-01
2.157699999999999896e-01,2.455739999999999867e-01,7.752799999999999692e-01,9.500300000000000411e-01,-6.225499999999999784e-02,4.426999999999999685e-02,-3.026670000000000194e-01,-2.836330000000000240e-01,2.669699999999999851e-02,1.747000000000000072e-03,6.791599999999999859e-01,-3.948760000000000048e-01,1.421749999999999958e-01,-8.653929999999999678e-01,1.337109999999999965e-01,-1.171869999999999995e-01,1.767948999999999993e+00,-2.603409999999999891e-01,-7.992900000000000005e-02,-2.165990000000000137e-01,1.842139999999999889e-01,2.359110000000000096e-01,-1.869119999999999948e-01,3.016800000000000037e-01,-4.836639999999999828e-01,6.112360000000000015e-01,-4.229999999999999819e-04,7.203500000000000181e-02,-1.463119999999999976e-01,-3.267300000000000065e-02,-1.853769999999999862e-01,2.452380000000000115e-01,2.143130000000000035e-01,-1.975500000000000173e-02,6.309900000000000231e-02,1.018980000000000025e-01
2.097150000000000125e-01,2.477890000000000092e-01,7.759089999999999598e-01,9.473639999999999839e-01,-6.487500000000000211e-02,4.773600000000000065e-02,-3.098600000000000243e-01,-3.014530000000000265e-01,4.088499999999999773e-02,1.886000000000000090e-03,6.858980000000000077e-01,-3.900460000000000038e-01,1.380020000000000135e-01,-8.606489999999999974e-01,1.330149999999999944e-01,-1.106509999999999994e-01,1.839701000000000031e+00,-2.808610000000000273e-01,-8.188600000000000045e-02,-2.131299999999999861e-01,1.851180000000000048e-01,2.384439999999999893e-01,-1.636469999999999869e-01,2.583520000000000261e-01,-4.458320000000000061e-01,5.418920000000000403e-01,1.364300000000000061e-02,6.966600000000000570e-02,-1.435079999999999967e-01,-2.496800000000000061e-02,-1.550999999999999879e-01,2.344749999999999890e-01,1.862729999999999941e-01,-3.027200000000000030e-02,5.943999999999999978e-02,9.292899999999999772e-02
2.057829999999999937e-01,2.494010000000000116e-01,7.772329999999999517e-01,9.450790000000000024e-01,-6.825799999999999923e-02,5.260900000000000298e-02,-3.152750000000000274e-01,-3.157510000000000039e-01,5.564500000000000002e-02,-7.179999999999999967e-04,6.859340000000000437e-01,-3.845790000000000042e-01,1.361789999999999945e-01,-8.442910000000000137e-01,1.182919999999999944e-01,-9.802800000000000402e-02,1.846624000000000043e+00,-2.935909999999999909e-01,-8.332699999999999829e-02,-2.122560000000000002e-01,1.890270000000000006e-01,2.350639999999999952e-01,-1.368749999999999967e-01,2.051640000000000130e-01,-3.895640000000000214e-01,4.865019999999999900e-01,8.578000000000000555e-03,6.379899999999999460e-02,-1.234080000000000038e-01,-1.519700000000000044e-02,-1.209839999999999943e-01,1.904919999999999947e-01,1.721290000000000042e-01,-8.370999999999999969e-03,5.071400000000000213e-02,6.271899999999999697e-02
2.017670000000000019e-01,2.511030000000000206e-01,7.786920000000000508e-01,9.427219999999999489e-01,-7.204699999999999993e-02,5.718199999999999672e-02,-3.206490000000000173e-01,-3.282829999999999915e-01,7.111499999999999766e-02,-3.821999999999999877e-03,6.842260000000000009e-01,-3.781160000000000077e-01,1.340989999999999960e-01,-8.264820000000000499e-01,1.038649999999999990e-01,-8.608799999999999786e-02,1.852066999999999908e+00,-3.057070000000000065e-01,-8.487500000000000600e-02,-2.110799999999999899e-01,1.937730000000000008e-01,2.325939999999999952e-01,-1.128070000000000045e-01,1.538720000000000088e-01,-3.382189999999999919e-01,4.359100000000000197e-01,3.765000000000000117e-03,5.789199999999999902e-02,-1.049719999999999959e-01,-7.036999999999999852e-03,-9.293600000000000472e-02,1.527709999999999901e-01,1.632639999999999925e-01,1.336700000000000041e-02,4.276599999999999846e-02,3.587300000000000211e-02
1.977260000000000129e-01,2.528850000000000264e-01,7.802109999999999879e-01,9.403289999999999704e-01,-7.579299999999999926e-02,6.158500000000000085e-02,-3.259500000000000175e-01,-3.404900000000000149e-01,8.637999999999999845e-02,-7.148999999999999973e-03,6.825130000000000363e-01,-3.716340000000000199e-01,1.320429999999999937e-01,-8.084639999999999604e-01,8.922199999999999576e-02,-7.416699999999999682e-02,1.857496000000000036e+00,-3.178400000000000114e-01,-8.633899999999999908e-02,-2.101020000000000110e-01,1.983429999999999915e-01,2.304039999999999977e-01,-9.099599999999999356e-02,1.056760000000000060e-01,-2.927080000000000237e-01,3.915029999999999899e-01,-6.650000000000000095e-04,5.270099999999999785e-02,-8.904499999999999915e-02,-1.979999999999999881e-04,-6.982800000000000118e-02,1.207239999999999980e-01,1.591609999999999969e-01,3.493600000000000178e-02,3.553800000000000014e-02,1.208900000000000079e-02
1.936499999999999888e-01,2.521160000000000068e-01,7.822480000000000544e-01,9.371180000000000065e-01,-7.796200000000000352e-02,6.613299999999999734e-02,-3.337040000000000006e-01,-3.481989999999999807e-01,1.033459999999999934e-01,-8.243999999999999592e-03,6.752970000000000361e-01,-3.618129999999999957e-01,1.282139999999999946e-01,-7.706150000000000500e-01,7.581699999999999551e-02,-6.286600000000000521e-02,1.817544000000000048e+00,-3.219230000000000147e-01,-8.655899999999999705e-02,-2.065440000000000054e-01,2.007549999999999890e-01,2.198080000000000034e-01,-6.662400000000000266e-02,7.295300000000000396e-02,-2.468899999999999983e-01,3.518930000000000113e-01,-1.512100000000000076e-02,4.460200000000000276e-02,-6.689599999999999713e-02,2.880999999999999880e-03,-5.576699999999999713e-02,9.880200000000000093e-02,1.737329999999999985e-01,5.512600000000000139e-02,2.938699999999999993e-02,-5.467999999999999770e-03
1.895340000000000080e-01,2.514959999999999973e-01,7.845050000000000079e-01,9.338330000000000242e-01,-8.036699999999999400e-02,7.030799999999999550e-02,-3.413990000000000080e-01,-3.545409999999999950e-01,1.206340000000000051e-01,-9.423000000000000820e-03,6.670049999999999590e-01,-3.511310000000000264e-01,1.241909999999999958e-01,-7.312650000000000539e-01,6.201299999999999868e-02,-5.239800000000000013e-02,1.776693000000000078e+00,-3.258090000000000153e-01,-8.695700000000000651e-02,-2.036530000000000007e-01,2.028739999999999988e-01,2.099820000000000020e-01,-4.400300000000000045e-02,4.383100000000000190e-02,-2.080480000000000107e-01,3.203449999999999909e-01,-2.991699999999999915e-02,3.786500000000000282e-02,-4.740099999999999869e-02,4.342999999999999639e-03,-4.435599999999999959e-02,8.049900000000000111e-02,1.930320000000000091e-01,7.619499999999999884e-02,2.371499999999999997e-02,-2.065699999999999828e-02
1.852630000000000110e-01,2.508989999999999831e-01,7.867469999999999741e-01,9.305170000000000385e-01,-8.260000000000000675e-02,7.434200000000000530e-02,-3.489820000000000144e-01,-3.607890000000000263e-01,1.373250000000000026e-01,-1.064599999999999921e-02,6.585269999999999735e-01,-3.401950000000000252e-01,1.202740000000000059e-01,-6.917060000000000430e-01,4.742699999999999694e-02,-4.213700000000000084e-02,1.735789999999999944e+00,-3.297519999999999896e-01,-8.710700000000000387e-02,-2.010979999999999990e-01,2.044300000000000006e-01,2.003220000000000001e-01,-2.336999999999999841e-02,1.733099999999999918e-02,-1.763510000000000078e-01,2.979580000000000006e-01,-4.505100000000000077e-02,3.212099999999999678e-02,-3.032599999999999879e-02,5.045000000000000005e-03,-3.488700000000000134e-02,6.423900000000000443e-02,2.160360000000000058e-01,9.862400000000000333e-02,1.827499999999999958e-02,-3.478099999999999942e-02
1.804860000000000075e-01,2.494810000000000083e-01,7.894029999999999658e-01,9.284179999999999655e-01,-8.273700000000000498e-02,7.860300000000000620e-02,-3.535769999999999746e-01,-3.637070000000000025e-01,1.519909999999999872e-01,-6.875000000000000035e-03,6.380749999999999478e-01,-3.247140000000000026e-01,1.125850000000000045e-01,-6.306669999999999776e-01,2.692100000000000048e-02,-3.629799999999999693e-02,1.657901000000000069e+00,-3.251809999999999978e-01,-7.939100000000000323e-02,-1.979180000000000106e-01,1.997859999999999914e-01,1.867010000000000058e-01,-1.634400000000000089e-02,7.863999999999999463e-03,-1.649789999999999868e-01,2.756509999999999794e-01,-4.995000000000000134e-02,2.678499999999999978e-02,-2.070500000000000118e-02,8.082999999999999907e-03,-3.865999999999999992e-02,6.364100000000000312e-02,2.120710000000000095e-01,9.995400000000000118e-02,1.414400000000000032e-02,-3.753700000000000092e-02
1.756419999999999926e-01,2.482209999999999972e-01,7.922709999999999475e-01,9.263029999999999875e-01,-8.291999999999999371e-02,8.216900000000000592e-02,-3.582389999999999741e-01,-3.639919999999999822e-01,1.661459999999999881e-01,-2.415000000000000046e-03,6.152539999999999676e-01,-3.079189999999999983e-01,1.050880000000000009e-01,-5.671140000000000070e-01,5.405000000000000082e-03,-3.131199999999999956e-02,1.578635000000000010e+00,-3.205100000000000171e-01,-7.166599999999999360e-02,-1.945729999999999960e-01,1.944289999999999907e-01,1.745420000000000027e-01,-1.073700000000000002e-02,-2.590000000000000071e-04,-1.591609999999999969e-01,2.602140000000000009e-01,-5.545300000000000229e-02,2.324499999999999830e-02,-1.306599999999999949e-02,1.244199999999999993e-02,-4.240300000000000319e-02,6.208299999999999930e-02,2.074030000000000040e-01,1.022939999999999960e-01,1.218400000000000039e-02,-4.170499999999999902e-02
1.705889999999999906e-01,2.491180000000000061e-01,7.970110000000000250e-01,9.234850000000000003e-01,-8.514900000000000246e-02,8.685299999999999965e-02,-3.638430000000000275e-01,-3.568810000000000038e-01,1.845160000000000133e-01,3.716000000000000119e-03,5.703340000000000076e-01,-2.767549999999999732e-01,9.852099999999999747e-02,-5.038169999999999593e-01,-1.182399999999999944e-02,-2.851899999999999921e-02,1.486588000000000021e+00,-3.032500000000000195e-01,-6.342100000000000515e-02,-1.898259999999999947e-01,1.931360000000000021e-01,1.600900000000000101e-01,-3.921000000000000006e-03,-1.295600000000000050e-02,-1.592919999999999892e-01,2.557650000000000201e-01,-6.175200000000000133e-02,2.112299999999999942e-02,-9.890000000000000787e-04,2.023000000000000145e-02,-4.132500000000000062e-02,6.351199999999999901e-02,2.059709999999999874e-01,1.056519999999999959e-01,8.838000000000000370e-03,-5.254600000000000243e-02
1.664920000000000011e-01,2.461929999999999952e-01,7.993139999999999690e-01,9.199230000000000462e-01,-8.266400000000000137e-02,8.924200000000000188e-02,-3.727530000000000010e-01,-3.461000000000000187e-01,1.951849999999999974e-01,1.353299999999999989e-02,5.382919999999999927e-01,-2.620990000000000264e-01,9.175899999999999335e-02,-4.393090000000000050e-01,-3.365300000000000236e-02,-3.760199999999999654e-02,1.318476999999999899e+00,-2.835730000000000195e-01,-4.936499999999999916e-02,-1.792999999999999872e-01,1.842910000000000104e-01,1.391259999999999997e-01,-1.678000000000000021e-03,-5.795999999999999937e-03,-1.550920000000000076e-01,2.493499999999999883e-01,-6.076800000000000257e-02,1.975700000000000026e-02,9.770000000000000039e-04,2.314599999999999991e-02,-4.255199999999999955e-02,6.976499999999999369e-02,2.216450000000000087e-01,1.055999999999999994e-01,1.190000000000000085e-02,-4.726400000000000046e-02
1.621259999999999923e-01,2.437410000000000132e-01,8.016180000000000527e-01,9.159859999999999669e-01,-8.053100000000000536e-02,9.127699999999999703e-02,-3.822999999999999732e-01,-3.349489999999999967e-01,2.065210000000000101e-01,2.447900000000000076e-02,5.072689999999999699e-01,-2.477459999999999940e-01,8.498400000000000398e-02,-3.736680000000000001e-01,-5.551400000000000085e-02,-4.769700000000000328e-02,1.149972999999999912e+00,-2.639870000000000272e-01,-3.575600000000000306e-02,-1.679680000000000062e-01,1.754169999999999896e-01,1.199749999999999983e-01,-2.799999999999999755e-04,9.610000000000000486e-04,-1.526389999999999969e-01,2.465799999999999936e-01,-6.056799999999999684e-02,1.895200000000000010e-02,2.220999999999999884e-03,2.423300000000000107e-02,-4.254399999999999848e-02,7.481100000000000250e-02,2.416220000000000034e-01,1.078429999999999944e-01,1.367400000000000039e-02,-4.215900000000000203e-02
1.575189999999999924e-01,2.415930000000000022e-01,8.038319999999999910e-01,9.117150000000000531e-01,-7.818999999999999562e-02,9.323399999999999743e-02,-3.923889999999999878e-01,-3.245790000000000064e-01,2.175980000000000136e-01,3.664599999999999802e-02,4.775059999999999860e-01,-2.336360000000000103e-01,7.825300000000000311e-02,-3.085200000000000164e-01,-7.822800000000000586e-02,-5.869100000000000011e-02,9.823049999999999837e-01,-2.448970000000000036e-01,-2.239100000000000118e-02,-1.556029999999999913e-01,1.661559999999999981e-01,1.015360000000000013e-01,2.869999999999999830e-04,6.525000000000000418e-03,-1.516949999999999965e-01,2.468789999999999873e-01,-6.144199999999999662e-02,1.836000000000000132e-02,3.576000000000000185e-03,2.467099999999999849e-02,-4.162600000000000328e-02,7.830099999999999560e-02,2.639819999999999944e-01,1.124570000000000014e-01,1.475100000000000022e-02,-3.846900000000000319e-02
1.514129999999999920e-01,2.385549999999999893e-01,8.053270000000000151e-01,9.073299999999999699e-01,-7.527200000000000557e-02,9.477199999999999513e-02,-4.026219999999999799e-01,-3.102770000000000250e-01,2.303340000000000110e-01,5.343599999999999739e-02,4.419089999999999963e-01,-2.193309999999999982e-01,7.024500000000000188e-02,-2.530290000000000039e-01,-7.497499999999999998e-02,-5.695599999999999968e-02,8.409079999999999888e-01,-2.293949999999999878e-01,-2.433999999999999966e-03,-1.463119999999999976e-01,1.518529999999999880e-01,8.368100000000000538e-02,3.720000000000000216e-03,1.668199999999999891e-02,-1.552999999999999936e-01,2.493460000000000121e-01,-5.763499999999999873e-02,1.982799999999999840e-02,3.139999999999999888e-04,2.735900000000000137e-02,-5.017900000000000138e-02,8.821400000000000075e-02,2.685119999999999729e-01,1.040179999999999993e-01,1.772100000000000064e-02,-2.921800000000000092e-02
1.451409999999999922e-01,2.356610000000000094e-01,8.066659999999999942e-01,9.027779999999999694e-01,-7.146800000000000375e-02,9.639499999999999458e-02,-4.130289999999999795e-01,-2.974379999999999802e-01,2.411729999999999985e-01,7.120400000000000340e-02,4.073390000000000066e-01,-2.052509999999999890e-01,6.219100000000000322e-02,-1.994750000000000134e-01,-7.449600000000000666e-02,-5.471199999999999675e-02,7.018860000000000099e-01,-2.154919999999999891e-01,1.679100000000000037e-02,-1.368469999999999964e-01,1.361390000000000100e-01,6.494700000000000473e-02,7.668000000000000337e-03,2.599500000000000074e-02,-1.592760000000000009e-01,2.525629999999999820e-01,-5.428800000000000292e-02,2.137400000000000064e-02,-2.850999999999999802e-03,3.150700000000000028e-02,-5.801300000000000207e-02,9.641500000000000070e-02,2.723900000000000210e-01,9.676999999999999491e-02,2.132600000000000121e-02,-2.175900000000000056e-02
1.386620000000000075e-01,2.329100000000000059e-01,8.079070000000000418e-01,8.981040000000000134e-01,-6.702900000000000524e-02,9.783400000000000429e-02,-4.234919999999999796e-01,-2.853510000000000213e-01,2.503529999999999922e-01,8.942400000000000349e-02,3.736329999999999929e-01,-1.913130000000000108e-01,5.392500000000000071e-02,-1.475210000000000132e-01,-7.647400000000000031e-02,-5.252400000000000124e-02,5.659690000000000554e-01,-2.035180000000000045e-01,3.526499999999999774e-02,-1.273940000000000072e-01,1.190940000000000054e-01,4.617000000000000270e-02,1.197600000000000053e-02,3.464899999999999924e-02,-1.634859999999999924e-01,2.561050000000000271e-01,-5.158599999999999991e-02,2.279899999999999982e-02,-5.694000000000000276e-03,3.636899999999999855e-02,-6.486699999999999411e-02,1.029599999999999960e-01,2.769789999999999752e-01,9.089700000000000557e-02,2.468899999999999914e-02,-1.559800000000000075e-02
1.314960000000000018e-01,2.295329999999999870e-01,8.081669999999999687e-01,8.931700000000000195e-01,-6.060299999999999715e-02,9.805999999999999439e-02,-4.346949999999999981e-01,-2.732410000000000116e-01,2.561339999999999728e-01,1.124129999999999990e-01,3.451629999999999976e-01,-1.745809999999999862e-01,4.926099999999999923e-02,-1.133770000000000056e-01,-8.034700000000000175e-02,-4.977199999999999680e-02,4.413940000000000086e-01,-1.887260000000000049e-01,5.478800000000000336e-02,-1.206210000000000060e-01,1.001650000000000040e-01,2.640999999999999945e-02,1.591100000000000153e-02,4.458700000000000163e-02,-1.585380000000000122e-01,2.582380000000000231e-01,-5.291099999999999970e-02,2.311099999999999960e-02,-4.793999999999999651e-03,4.072300000000000225e-02,-6.956299999999999983e-02,1.110030000000000044e-01,2.754030000000000089e-01,8.399500000000000022e-02,2.812200000000000116e-02,-1.317399999999999995e-02
1.243999999999999967e-01,2.261160000000000114e-01,8.083630000000000537e-01,8.880919999999999925e-01,-5.447899999999999965e-02,9.717800000000000049e-02,-4.459600000000000231e-01,-2.592729999999999757e-01,2.612670000000000270e-01,1.358499999999999985e-01,3.187530000000000086e-01,-1.597099999999999909e-01,4.433299999999999741e-02,-7.898900000000000365e-02,-8.493599999999999761e-02,-4.685299999999999881e-02,3.219090000000000007e-01,-1.773369999999999946e-01,7.453500000000000403e-02,-1.148300000000000015e-01,8.068400000000000571e-02,8.784000000000000141e-03,2.135000000000000092e-02,5.427200000000000080e-02,-1.522449999999999914e-01,2.588289999999999758e-01,-5.455800000000000233e-02,2.365799999999999847e-02,-4.270000000000000358e-03,4.513899999999999857e-02,-7.484499999999999487e-02,1.180080000000000018e-01,2.741509999999999780e-01,7.722800000000000498e-02,3.274200000000000027e-02,-8.614999999999999394e-03
1.175090000000000023e-01,2.228330000000000033e-01,8.087969999999999882e-01,8.828540000000000276e-01,-4.886299999999999671e-02,9.590200000000000113e-02,-4.571479999999999988e-01,-2.438569999999999904e-01,2.664259999999999962e-01,1.591019999999999934e-01,2.916750000000000176e-01,-1.447799999999999920e-01,3.902300000000000213e-02,-4.620699999999999807e-02,-8.912399999999999489e-02,-4.426800000000000179e-02,2.083579999999999877e-01,-1.693540000000000045e-01,9.429099999999999981e-02,-1.095290000000000014e-01,6.187299999999999744e-02,-7.503000000000000121e-03,2.786100000000000035e-02,6.343699999999999339e-02,-1.452209999999999890e-01,2.585560000000000080e-01,-5.624799999999999939e-02,2.365300000000000041e-02,-3.432999999999999854e-03,5.031900000000000261e-02,-8.006699999999999928e-02,1.239679999999999949e-01,2.736330000000000151e-01,7.070400000000000296e-02,3.665600000000000108e-02,-3.962000000000000244e-03
1.105629999999999946e-01,2.197070000000000134e-01,8.091420000000000279e-01,8.774260000000000392e-01,-4.627300000000000163e-02,9.495900000000000174e-02,-4.679360000000000186e-01,-2.270079999999999876e-01,2.781429999999999736e-01,1.827370000000000105e-01,2.680100000000000260e-01,-1.319009999999999905e-01,2.973900000000000154e-02,-4.222100000000000158e-02,-9.068800000000000472e-02,-5.113100000000000284e-02,1.776540000000000064e-01,-1.633870000000000045e-01,1.001800000000000052e-01,-1.075900000000000051e-01,5.046300000000000091e-02,-1.071599999999999983e-02,2.855200000000000099e-02,6.618699999999999584e-02,-1.481010000000000104e-01,2.605149999999999966e-01,-5.458899999999999864e-02,2.452700000000000019e-02,-3.233999999999999896e-03,5.051599999999999840e-02,-8.099499999999999755e-02,1.330119999999999914e-01,2.748789999999999845e-01,6.683200000000000252e-02,3.884900000000000159e-02,1.669999999999999935e-04
1.034390000000000032e-01,2.168370000000000020e-01,8.093820000000000459e-01,8.717989999999999906e-01,-4.301399999999999668e-02,9.481299999999999450e-02,-4.786719999999999864e-01,-2.135269999999999946e-01,2.890400000000000191e-01,2.062360000000000027e-01,2.452219999999999955e-01,-1.186370000000000063e-01,2.033499999999999891e-02,-4.559400000000000258e-02,-9.267300000000000537e-02,-5.766299999999999898e-02,1.564020000000000132e-01,-1.616730000000000111e-01,1.062430000000000041e-01,-1.054189999999999988e-01,3.887100000000000277e-02,-1.518700000000000085e-02,2.861500000000000155e-02,6.909899999999999376e-02,-1.504129999999999912e-01,2.618980000000000197e-01,-5.281999999999999890e-02,2.519300000000000012e-02,-2.887999999999999942e-03,5.073799999999999838e-02,-8.116199999999999803e-02,1.410069999999999935e-01,2.765150000000000108e-01,6.342899999999999927e-02,4.073899999999999744e-02,3.480000000000000020e-03
9.628000000000000447e-02,2.138950000000000018e-01,8.096160000000000023e-01,8.659829999999999472e-01,-3.958400000000000113e-02,9.502299999999999636e-02,-4.893640000000000212e-01,-2.012770000000000115e-01,2.996139999999999914e-01,2.297170000000000045e-01,2.226920000000000011e-01,-1.052799999999999986e-01,1.072099999999999963e-02,-5.081700000000000106e-02,-9.440300000000000080e-02,-6.416900000000000381e-02,1.366469999999999907e-01,-1.605199999999999960e-01,1.124809999999999977e-01,-1.031790000000000068e-01,2.751299999999999926e-02,-2.059499999999999872e-02,2.958099999999999966e-02,7.242400000000000226e-02,-1.521389999999999965e-01,2.620950000000000224e-01,-5.080799999999999900e-02,2.562400000000000094e-02,-2.468999999999999841e-03,5.207900000000000029e-02,-8.111899999999999666e-02,1.483130000000000004e-01,2.781159999999999743e-01,5.981700000000000211e-02,4.263000000000000123e-02,6.934000000000000059e-03
8.920999999999999763e-02,2.119620000000000115e-01,8.096229999999999816e-01,8.567639999999999700e-01,-3.809200000000000086e-02,9.511100000000000110e-02,-5.054279999999999884e-01,-1.759449999999999903e-01,3.140530000000000266e-01,2.607769999999999810e-01,1.908839999999999981e-01,-9.373499999999999888e-02,1.095999999999999969e-03,-5.947299999999999809e-02,-8.878400000000000181e-02,-6.750000000000000444e-02,1.365669999999999940e-01,-1.563239999999999907e-01,1.240190000000000042e-01,-9.440400000000000180e-02,2.491099999999999912e-02,-2.355700000000000155e-02,3.256599999999999773e-02,7.103099999999999692e-02,-1.492729999999999890e-01,2.673969999999999958e-01,-5.303599999999999981e-02,2.646499999999999894e-02,6.149999999999999868e-04,4.791000000000000120e-02,-8.125100000000000378e-02,1.552959999999999896e-01,2.856099999999999750e-01,6.127900000000000014e-02,4.304299999999999793e-02,4.951999999999999805e-03
8.227299999999999891e-02,2.101580000000000115e-01,8.096520000000000383e-01,8.471579999999999666e-01,-3.673300000000000176e-02,9.475899999999999601e-02,-5.215300000000000491e-01,-1.495839999999999947e-01,3.276919999999999833e-01,2.928040000000000087e-01,1.592520000000000047e-01,-8.213199999999999668e-02,-8.961999999999999481e-03,-6.833400000000000585e-02,-8.347699999999999565e-02,-7.013700000000000490e-02,1.380240000000000078e-01,-1.528720000000000079e-01,1.355649999999999911e-01,-8.517399999999999971e-02,2.234799999999999981e-02,-2.520800000000000124e-02,3.554899999999999727e-02,6.958200000000000496e-02,-1.456210000000000004e-01,2.723849999999999882e-01,-5.513500000000000345e-02,2.678600000000000078e-02,3.818999999999999912e-03,4.366300000000000042e-02,-8.124000000000000665e-02,1.620290000000000064e-01,2.940949999999999953e-01,6.304400000000000281e-02,4.316600000000000298e-02,3.217999999999999940e-03
7.532700000000000506e-02,2.083270000000000122e-01,8.097020000000000328e-01,8.372770000000000490e-01,-3.538199999999999679e-02,9.429400000000000281e-02,-5.374240000000000128e-01,-1.234340000000000021e-01,3.405670000000000086e-01,3.249929999999999763e-01,1.284279999999999866e-01,-7.069300000000000583e-02,-1.943500000000000089e-02,-7.728400000000000547e-02,-7.843700000000000672e-02,-7.278800000000000547e-02,1.397279999999999911e-01,-1.495070000000000010e-01,1.471840000000000093e-01,-7.601700000000000124e-02,1.970399999999999929e-02,-2.652200000000000044e-02,3.921499999999999986e-02,6.869100000000000206e-02,-1.413329999999999864e-01,2.765889999999999738e-01,-5.690400000000000319e-02,2.694399999999999920e-02,7.063999999999999967e-03,4.010699999999999682e-02,-8.102700000000000180e-02,1.685439999999999994e-01,3.028850000000000153e-01,6.453200000000000602e-02,4.335499999999999771e-02,1.887000000000000005e-03
6.785199999999999565e-02,2.063790000000000069e-01,8.101920000000000233e-01,8.299729999999999608e-01,-3.299699999999999855e-02,9.192000000000000171e-02,-5.491880000000000095e-01,-1.090259999999999979e-01,3.498829999999999996e-01,3.449860000000000149e-01,1.228910000000000002e-01,-5.379699999999999760e-02,-3.140799999999999842e-02,-8.489099999999999424e-02,-7.095200000000000118e-02,-5.881800000000000223e-02,1.423319999999999863e-01,-1.304359999999999964e-01,1.478829999999999867e-01,-7.435600000000000542e-02,1.536299999999999992e-02,-2.461899999999999852e-02,3.646200000000000135e-02,6.630500000000000282e-02,-1.424320000000000030e-01,2.902060000000000195e-01,-5.895800000000000346e-02,2.972699999999999995e-02,8.370000000000000703e-03,3.466299999999999937e-02,-8.104000000000000092e-02,1.728119999999999934e-01,3.084319999999999840e-01,6.677199999999999802e-02,4.270800000000000290e-02,1.887000000000000005e-03
6.039300000000000224e-02,2.044739999999999891e-01,8.106020000000000447e-01,8.225259999999999794e-01,-3.069399999999999906e-02,8.988500000000000656e-02,-5.607400000000000162e-01,-9.705900000000000638e-02,3.600320000000000187e-01,3.640579999999999927e-01,1.202099999999999974e-01,-3.789700000000000013e-02,-4.332799999999999846e-02,-9.291699999999999959e-02,-6.292599999999999583e-02,-4.525699999999999862e-02,1.440230000000000121e-01,-1.105870000000000047e-01,1.485559999999999936e-01,-7.257900000000000462e-02,1.166099999999999949e-02,-2.287199999999999997e-02,3.314399999999999985e-02,6.415400000000000269e-02,-1.432039999999999980e-01,3.051269999999999816e-01,-6.092800000000000299e-02,3.211100000000000065e-02,9.223000000000000295e-03,2.982599999999999835e-02,-8.098199999999999843e-02,1.767769999999999897e-01,3.140990000000000171e-01,6.883999999999999841e-02,4.246300000000000074e-02,2.142999999999999940e-03
5.298300000000000232e-02,2.025230000000000086e-01,8.111220000000000097e-01,8.149079999999999657e-01,-2.838500000000000051e-02,8.792800000000000615e-02,-5.721779999999999644e-01,-8.582700000000000051e-02,3.702619999999999800e-01,3.828619999999999801e-01,1.182460000000000039e-01,-2.212400000000000130e-02,-5.517299999999999982e-02,-1.012539999999999968e-01,-5.480999999999999761e-02,-3.178199999999999775e-02,1.455649999999999999e-01,-9.053300000000000236e-02,1.493210000000000093e-01,-7.071700000000000208e-02,8.047000000000000333e-03,-2.130299999999999902e-02,3.043500000000000025e-02,6.246800000000000269e-02,-1.436360000000000137e-01,3.203949999999999854e-01,-6.274299999999999322e-02,3.447999999999999676e-02,9.945999999999999980e-03,2.567300000000000137e-02,-8.067900000000000071e-02,1.808279999999999887e-01,3.202630000000000199e-01,7.077899999999999470e-02,4.246300000000000074e-02,2.736999999999999850e-03
4.397899999999999726e-02,2.002259999999999873e-01,8.112819999999999476e-01,8.065639999999999477e-01,-2.671099999999999863e-02,8.613700000000000523e-02,-5.842279999999999696e-01,-7.234899999999999665e-02,3.840529999999999777e-01,4.005299999999999971e-01,1.183680000000000010e-01,-6.662999999999999652e-03,-6.594099999999999961e-02,-1.110349999999999948e-01,-4.282699999999999702e-02,-4.637100000000000249e-02,1.474060000000000092e-01,-7.013999999999999402e-02,1.432869999999999977e-01,-6.560799999999999965e-02,7.020000000000000198e-03,-1.650899999999999937e-02,2.840200000000000016e-02,6.010200000000000264e-02,-1.466119999999999923e-01,3.328499999999999792e-01,-6.644300000000000206e-02,3.689200000000000118e-02,9.570999999999999647e-03,1.934100000000000055e-02,-7.918300000000000338e-02,1.867260000000000031e-01,3.199540000000000162e-01,6.993000000000000604e-02,4.141999999999999849e-02,2.125000000000000153e-03
3.493799999999999684e-02,1.979720000000000091e-01,8.114580000000000126e-01,7.981519999999999726e-01,-2.521299999999999930e-02,8.421800000000000119e-02,-5.960069999999999535e-01,-5.885699999999999960e-02,3.978630000000000222e-01,4.177350000000000230e-01,1.192629999999999940e-01,8.616000000000000394e-03,-7.679300000000000015e-02,-1.206730000000000025e-01,-3.086200000000000054e-02,-6.154300000000000048e-02,1.493279999999999885e-01,-4.981599999999999917e-02,1.371410000000000129e-01,-6.061899999999999927e-02,6.041000000000000363e-03,-1.096600000000000005e-02,2.686399999999999899e-02,5.822100000000000192e-02,-1.494479999999999975e-01,3.457009999999999805e-01,-7.050199999999999523e-02,3.980299999999999810e-02,9.037999999999999159e-03,1.346800000000000080e-02,-7.738699999999999746e-02,1.925779999999999992e-01,3.197800000000000087e-01,6.901200000000000390e-02,4.092500000000000304e-02,1.681999999999999901e-03
2.599800000000000028e-02,1.955759999999999998e-01,8.116550000000000153e-01,7.896290000000000253e-01,-2.373000000000000109e-02,8.224099999999999466e-02,-6.075850000000000417e-01,-4.530900000000000205e-02,4.113479999999999914e-01,4.348020000000000218e-01,1.203329999999999955e-01,2.387699999999999892e-02,-8.760400000000000131e-02,-1.304569999999999896e-01,-1.913000000000000117e-02,-7.709199999999999386e-02,1.510839999999999961e-01,-2.932500000000000037e-02,1.309730000000000061e-01,-5.575700000000000101e-02,4.988000000000000246e-03,-5.305999999999999953e-03,2.604000000000000065e-02,5.641100000000000281e-02,-1.520890000000000020e-01,3.594330000000000025e-01,-7.475600000000000300e-02,4.313899999999999679e-02,8.470999999999999364e-03,8.028999999999999679e-03,-7.525800000000000545e-02,1.987460000000000060e-01,3.202320000000000166e-01,6.825699999999999823e-02,4.063400000000000345e-02,1.544000000000000017e-03
1.796199999999999880e-02,1.936589999999999978e-01,8.109439999999999982e-01,7.874780000000000113e-01,-2.325100000000000083e-02,8.001900000000000679e-02,-6.106840000000000046e-01,-4.026300000000000018e-02,4.169169999999999821e-01,4.138109999999999844e-01,1.203570000000000056e-01,3.284200000000000313e-02,-6.418400000000000494e-02,-1.305520000000000014e-01,-8.167999999999999913e-03,-7.738000000000000433e-02,1.516109999999999958e-01,-2.609600000000000114e-02,1.207560000000000022e-01,-5.547400000000000247e-02,5.888000000000000005e-03,3.429999999999999889e-03,2.227200000000000013e-02,4.951900000000000052e-02,-1.523509999999999864e-01,3.601329999999999809e-01,-8.061699999999999422e-02,4.179100000000000176e-02,9.121999999999999900e-03,7.092000000000000214e-03,-7.843600000000000572e-02,2.017730000000000079e-01,3.120419999999999860e-01,6.659500000000000142e-02,3.873499999999999860e-02,2.109999999999999896e-03
1.005400000000000044e-02,1.916869999999999963e-01,8.102690000000000170e-01,7.856509999999999883e-01,-2.275599999999999845e-02,7.757899999999999519e-02,-6.133650000000000491e-01,-3.598900000000000016e-02,4.220860000000000167e-01,3.916549999999999754e-01,1.218370000000000009e-01,4.165900000000000158e-02,-4.085699999999999749e-02,-1.301180000000000114e-01,1.974000000000000060e-03,-7.867300000000000681e-02,1.521579999999999877e-01,-2.322000000000000106e-02,1.107400000000000051e-01,-5.640200000000000075e-02,6.833999999999999797e-03,1.286699999999999997e-02,1.976999999999999938e-02,4.186399999999999844e-02,-1.520690000000000097e-01,3.608580000000000121e-01,-8.712499999999999412e-02,4.132000000000000256e-02,1.069299999999999938e-02,6.818000000000000276e-03,-8.240599999999999314e-02,2.054400000000000115e-01,3.030979999999999785e-01,6.507000000000000284e-02,3.743400000000000200e-02,2.808999999999999865e-03
2.033999999999999784e-03,1.897409999999999930e-01,8.095489999999999631e-01,7.838589999999999725e-01,-2.218799999999999939e-02,7.502999999999999947e-02,-6.159890000000000088e-01,-3.198499999999999954e-02,4.270169999999999799e-01,3.694870000000000099e-01,1.239770000000000039e-01,5.071500000000000313e-02,-1.778199999999999920e-02,-1.296819999999999917e-01,1.174599999999999950e-02,-8.009099999999999553e-02,1.526200000000000057e-01,-2.030099999999999960e-02,1.007500000000000062e-01,-5.749800000000000050e-02,7.461999999999999883e-03,2.235900000000000040e-02,1.818499999999999978e-02,3.362799999999999817e-02,-1.512640000000000096e-01,3.626969999999999916e-01,-9.433900000000000619e-02,4.138300000000000312e-02,1.261600000000000048e-02,6.779999999999999569e-03,-8.623300000000000409e-02,2.101780000000000037e-01,2.949559999999999960e-01,6.406799999999999995e-02,3.642600000000000005e-02,3.677999999999999846e-03
-8.675999999999999684e-03,1.877959999999999907e-01,8.086680000000000534e-01,7.807290000000000063e-01,-2.121599999999999875e-02,6.669899999999999440e-02,-6.209379999999999900e-01,-5.861100000000000337e-02,4.113299999999999734e-01,3.205410000000000204e-01,2.076119999999999910e-01,4.654000000000000151e-03,5.740999999999999576e-03,-1.237179999999999946e-01,1.793900000000000008e-02,-7.409699999999999620e-02,1.587820000000000065e-01,-3.846999999999999725e-02,8.809999999999999776e-02,-5.149000000000000105e-02,-1.177000000000000095e-03,4.469599999999999962e-02,1.313500000000000084e-02,3.676399999999999807e-02,-1.461560000000000081e-01,3.539490000000000136e-01,-9.787099999999999966e-02,3.604299999999999865e-02,1.463300000000000017e-02,3.609999999999999928e-03,-8.227099999999999691e-02,2.126949999999999952e-01,2.970340000000000202e-01,6.613099999999999534e-02,3.729999999999999982e-02,-6.000000000000000152e-06
-1.967400000000000052e-02,1.857109999999999872e-01,8.079229999999999468e-01,7.774020000000000374e-01,-1.932700000000000043e-02,5.905799999999999939e-02,-6.259270000000000111e-01,-9.307600000000000595e-02,3.945089999999999986e-01,2.685580000000000189e-01,3.015499999999999847e-01,-4.625100000000000044e-02,2.705000000000000113e-02,-1.193749999999999950e-01,2.371099999999999944e-02,-6.754999999999999893e-02,1.631090000000000040e-01,-5.536499999999999755e-02,7.536099999999999743e-02,-4.447099999999999664e-02,-9.688000000000000431e-03,6.393400000000000472e-02,1.032600000000000011e-02,3.824500000000000122e-02,-1.415410000000000001e-01,3.458979999999999833e-01,-1.016760000000000025e-01,3.113000000000000142e-02,1.882400000000000045e-02,1.358000000000000049e-03,-7.813399999999999512e-02,2.168390000000000040e-01,3.029510000000000258e-01,6.914599999999999913e-02,3.684500000000000275e-02,-4.686000000000000061e-03
-3.053700000000000164e-02,1.837110000000000132e-01,8.071730000000000294e-01,7.739599999999999813e-01,-1.709700000000000109e-02,5.141899999999999943e-02,-6.309120000000000283e-01,-1.319559999999999900e-01,3.750189999999999912e-01,2.147640000000000104e-01,4.030340000000000034e-01,-1.007549999999999973e-01,4.642700000000000299e-02,-1.156599999999999989e-01,2.859300000000000036e-02,-6.040700000000000236e-02,1.674760000000000137e-01,-7.206799999999999318e-02,6.299299999999999344e-02,-3.704099999999999754e-02,-1.864299999999999985e-02,8.272899999999999698e-02,7.912000000000000630e-03,3.865899999999999892e-02,-1.367120000000000002e-01,3.393939999999999735e-01,-1.069520000000000054e-01,2.717599999999999877e-02,2.388799999999999951e-02,-1.309000000000000051e-03,-7.435400000000000342e-02,2.233860000000000012e-01,3.115939999999999821e-01,7.305999999999999994e-02,3.728399999999999770e-02,-9.482000000000000844e-03
-3.934399999999999703e-02,1.826849999999999863e-01,8.056360000000000188e-01,7.692679999999999518e-01,-1.687999999999999917e-02,4.250400000000000011e-02,-6.372879999999999656e-01,-1.796510000000000051e-01,3.525389999999999913e-01,1.814719999999999944e-01,5.451420000000000154e-01,-1.435960000000000014e-01,6.147600000000000287e-02,-1.382319999999999938e-01,3.263599999999999834e-02,-4.846700000000000313e-02,2.350530000000000119e-01,-9.983999999999999819e-02,4.889099999999999696e-02,-2.271700000000000108e-02,-2.316299999999999956e-02,1.055510000000000059e-01,-2.900000000000000017e-04,3.855700000000000099e-02,-1.349660000000000026e-01,3.409389999999999921e-01,-1.112210000000000004e-01,2.440300000000000108e-02,2.862800000000000067e-02,-8.250999999999999654e-03,-7.513599999999999446e-02,2.339430000000000121e-01,3.261160000000000170e-01,7.413899999999999657e-02,3.965500000000000275e-02,-1.474400000000000016e-02
-4.800000000000000100e-02,1.820489999999999886e-01,8.040669999999999762e-01,7.644450000000000411e-01,-1.647799999999999959e-02,3.441999999999999921e-02,-6.435589999999999922e-01,-2.334390000000000076e-01,3.293229999999999769e-01,1.472590000000000010e-01,6.960119999999999640e-01,-1.904369999999999952e-01,7.545300000000000618e-02,-1.662099999999999966e-01,3.717000000000000165e-02,-3.647199999999999748e-02,3.093429999999999791e-01,-1.304150000000000031e-01,3.508599999999999913e-02,-7.768999999999999864e-03,-2.630100000000000146e-02,1.278360000000000052e-01,-1.033500000000000044e-02,3.681799999999999656e-02,-1.335860000000000103e-01,3.470469999999999944e-01,-1.174120000000000025e-01,2.147400000000000003e-02,3.378899999999999959e-02,-1.685000000000000039e-02,-7.785499999999999365e-02,2.479310000000000125e-01,3.461279999999999912e-01,7.604600000000000248e-02,4.260900000000000104e-02,-2.001400000000000054e-02
-5.635099999999999831e-02,1.817999999999999894e-01,8.022160000000000402e-01,7.596399999999999819e-01,-1.653500000000000109e-02,2.706499999999999878e-02,-6.495699999999999807e-01,-2.902980000000000005e-01,3.055010000000000225e-01,1.121850000000000069e-01,8.519440000000000346e-01,-2.395529999999999882e-01,8.791899999999999715e-02,-1.963000000000000023e-01,4.329700000000000215e-02,-2.518899999999999958e-02,3.860930000000000195e-01,-1.618590000000000029e-01,2.138699999999999976e-02,6.910999999999999609e-03,-2.722300000000000067e-02,1.502630000000000077e-01,-2.161499999999999880e-02,3.384000000000000202e-02,-1.326459999999999861e-01,3.577199999999999824e-01,-1.257610000000000117e-01,1.860900000000000054e-02,3.979900000000000104e-02,-2.729900000000000035e-02,-8.315100000000000269e-02,2.670370000000000243e-01,3.726689999999999725e-01,7.889599999999999391e-02,4.632800000000000112e-02,-2.548800000000000024e-02
-6.278400000000000647e-02,1.822479999999999933e-01,7.974890000000000034e-01,7.549280000000000435e-01,-1.783600000000000116e-02,2.299599999999999908e-02,-6.551609999999999934e-01,-3.298429999999999973e-01,2.887910000000000199e-01,1.013320000000000054e-01,9.523700000000000498e-01,-2.561550000000000216e-01,8.988100000000000256e-02,-2.248809999999999976e-01,5.309900000000000037e-02,-2.143199999999999966e-02,4.528679999999999928e-01,-1.897739999999999982e-01,1.019800000000000047e-02,2.095999999999999946e-02,-2.118400000000000144e-02,1.657740000000000047e-01,-3.252100000000000130e-02,3.990699999999999803e-02,-1.260030000000000039e-01,3.722429999999999906e-01,-1.254300000000000137e-01,1.836899999999999991e-02,3.813699999999999729e-02,-4.805399999999999949e-02,-1.131429999999999936e-01,2.915380000000000194e-01,3.987299999999999733e-01,6.413599999999999857e-02,5.191899999999999987e-02,-2.340000000000000066e-02
-6.929299999999999349e-02,1.827409999999999868e-01,7.929890000000000549e-01,7.504610000000000447e-01,-1.902799999999999978e-02,1.795400000000000121e-02,-6.603959999999999830e-01,-3.661920000000000175e-01,2.697669999999999790e-01,9.229800000000000504e-02,1.049960000000000004e+00,-2.714639999999999831e-01,9.199200000000000432e-02,-2.514419999999999988e-01,6.125099999999999989e-02,-1.787499999999999853e-02,5.186479999999999979e-01,-2.173450000000000104e-01,-5.900000000000000296e-04,3.391099999999999670e-02,-1.649400000000000172e-02,1.828619999999999968e-01,-4.476499999999999924e-02,4.649099999999999761e-02,-1.206809999999999966e-01,3.931509999999999727e-01,-1.266790000000000138e-01,1.809200000000000044e-02,3.687499999999999806e-02,-7.054399999999999560e-02,-1.468369999999999953e-01,3.232149999999999745e-01,4.323299999999999921e-01,4.939600000000000241e-02,5.857699999999999713e-02,-2.108300000000000105e-02
-7.578699999999999326e-02,1.834089999999999887e-01,7.884240000000000137e-01,7.461299999999999599e-01,-2.028399999999999995e-02,1.267700000000000077e-02,-6.653700000000000170e-01,-4.019559999999999800e-01,2.501479999999999815e-01,8.399399999999999922e-02,1.147725000000000106e+00,-2.869099999999999984e-01,9.380600000000000049e-02,-2.781620000000000203e-01,6.925900000000000112e-02,-1.490499999999999985e-02,5.854979999999999629e-01,-2.453760000000000108e-01,-1.133900000000000012e-02,4.625300000000000245e-02,-1.204000000000000035e-02,2.007299999999999918e-01,-5.879899999999999710e-02,5.446200000000000346e-02,-1.180199999999999999e-01,4.210309999999999886e-01,-1.299810000000000132e-01,1.793300000000000102e-02,3.627799999999999775e-02,-9.513099999999999334e-02,-1.841669999999999974e-01,3.621559999999999779e-01,4.737759999999999749e-01,3.506299999999999695e-02,6.608899999999999497e-02,-1.903399999999999884e-02
-7.921999999999999875e-02,1.825350000000000028e-01,7.845539999999999736e-01,7.441740000000000022e-01,-2.072299999999999837e-02,9.915000000000000202e-03,-6.675900000000000167e-01,-4.330559999999999965e-01,2.219679999999999986e-01,7.330599999999999616e-02,1.192912999999999890e+00,-2.938109999999999888e-01,8.593499999999999750e-02,-2.918810000000000016e-01,7.464800000000000602e-02,-1.129499999999999948e-02,6.245140000000000136e-01,-2.669050000000000034e-01,-1.848599999999999896e-02,5.072299999999999726e-02,-8.241999999999999327e-03,2.094419999999999893e-01,-6.502700000000000147e-02,7.558700000000000141e-02,-1.717069999999999985e-01,4.089130000000000265e-01,-8.888899999999999579e-02,1.995999999999999858e-02,2.708299999999999944e-02,-1.119779999999999942e-01,-2.242939999999999934e-01,4.237980000000000080e-01,4.919109999999999872e-01,1.758699999999999847e-02,7.339099999999999790e-02,-1.938600000000000045e-02
-8.280999999999999472e-02,1.815839999999999954e-01,7.808829999999999938e-01,7.424060000000000104e-01,-2.104899999999999827e-02,6.618999999999999884e-03,-6.695870000000000433e-01,-4.621160000000000267e-01,1.922300000000000120e-01,6.400799999999999546e-02,1.236154999999999893e+00,-2.999829999999999997e-01,7.769600000000000117e-02,-3.040300000000000225e-01,7.908700000000000452e-02,-7.705000000000000043e-03,6.622120000000000228e-01,-2.880519999999999747e-01,-2.555100000000000079e-02,5.534100000000000130e-02,-5.329000000000000403e-03,2.173279999999999934e-01,-7.123699999999999477e-02,1.025930000000000036e-01,-2.315939999999999943e-01,4.022589999999999777e-01,-4.988000000000000073e-02,2.294500000000000012e-02,1.653400000000000009e-02,-1.290949999999999875e-01,-2.686990000000000212e-01,4.909979999999999900e-01,5.142719999999999514e-01,3.930000000000000117e-04,8.143000000000000238e-02,-1.948000000000000079e-02
-8.639199999999999657e-02,1.808140000000000025e-01,7.771599999999999620e-01,7.407540000000000235e-01,-2.149999999999999828e-02,3.005999999999999991e-03,-6.714259999999999673e-01,-4.905200000000000116e-01,1.617679999999999951e-01,5.553000000000000297e-02,1.279431999999999903e+00,-3.060570000000000235e-01,6.899600000000000177e-02,-3.159899999999999931e-01,8.329200000000000492e-02,-4.387000000000000274e-03,7.005219999999999780e-01,-3.093609999999999971e-01,-3.262500000000000122e-02,5.980400000000000299e-02,-2.419999999999999842e-03,2.253120000000000123e-01,-8.020399999999999752e-02,1.352079999999999949e-01,-2.972989999999999799e-01,4.036100000000000243e-01,-1.303999999999999951e-02,2.505100000000000035e-02,3.504999999999999869e-03,-1.483379999999999976e-01,-3.165510000000000268e-01,5.625289999999999457e-01,5.400289999999999813e-01,-1.670999999999999916e-02,8.942400000000000349e-02,-1.865199999999999844e-02
-8.726799999999999835e-02,1.784890000000000088e-01,7.757330000000000059e-01,7.385099999999999998e-01,-2.142700000000000160e-02,2.294000000000000032e-03,-6.738979999999999970e-01,-4.962799999999999989e-01,1.440269999999999884e-01,4.570599999999999663e-02,1.259385999999999894e+00,-3.042190000000000172e-01,5.720200000000000284e-02,-3.159830000000000139e-01,8.608799999999999786e-02,-2.164000000000000125e-03,7.094099999999999850e-01,-3.223050000000000082e-01,-3.524100000000000149e-02,6.118799999999999933e-02,6.228000000000000029e-03,2.222409999999999941e-01,-7.802399999999999614e-02,1.812640000000000085e-01,-3.197880000000000167e-01,3.996299999999999852e-01,-1.362799999999999949e-02,2.478299999999999947e-02,-1.158999999999999961e-02,-1.654180000000000095e-01,-3.758279999999999954e-01,5.594529999999999781e-01,5.618739999999999846e-01,1.239999999999999956e-02,9.208199999999999719e-02,-2.723199999999999926e-02
-8.822599999999999887e-02,1.760869999999999935e-01,7.743579999999999908e-01,7.361699999999999910e-01,-2.177300000000000069e-02,1.079000000000000098e-03,-6.764459999999999917e-01,-4.999069999999999903e-01,1.267000000000000071e-01,3.614099999999999951e-02,1.238429999999999920e+00,-3.022090000000000054e-01,4.549799999999999678e-02,-3.138500000000000179e-01,8.907600000000000240e-02,2.719999999999999979e-04,7.169109999999999649e-01,-3.346700000000000230e-01,-3.799600000000000199e-02,6.345199999999999452e-02,1.500600000000000024e-02,2.205000000000000016e-01,-7.774799999999999767e-02,2.319869999999999988e-01,-3.480019999999999780e-01,4.003289999999999904e-01,-1.559299999999999922e-02,2.468000000000000055e-02,-2.781399999999999845e-02,-1.813939999999999997e-01,-4.354279999999999817e-01,5.552859999999999463e-01,5.817130000000000356e-01,4.050700000000000134e-02,9.445000000000000617e-02,-3.641599999999999698e-02
-8.929299999999999737e-02,1.737029999999999963e-01,7.730590000000000517e-01,7.338099999999999623e-01,-2.223299999999999929e-02,-2.550000000000000183e-04,-6.789910000000000112e-01,-5.030909999999999549e-01,1.097029999999999950e-01,2.639299999999999979e-02,1.217491000000000101e+00,-3.003270000000000106e-01,3.377399999999999847e-02,-3.113940000000000041e-01,9.227200000000000679e-02,2.645000000000000216e-03,7.244359999999999689e-01,-3.470380000000000131e-01,-4.095800000000000135e-02,6.593100000000000349e-02,2.381099999999999883e-02,2.189190000000000025e-01,-7.874899999999999956e-02,2.872270000000000101e-01,-3.805439999999999934e-01,4.038959999999999773e-01,-1.820499999999999896e-02,2.445400000000000004e-02,-4.535399999999999848e-02,-1.959589999999999943e-01,-4.940609999999999724e-01,5.483120000000000216e-01,5.972819999999999796e-01,6.727700000000000347e-02,9.621499999999999497e-02,-4.593599999999999767e-02
-8.835999999999999410e-02,1.695629999999999915e-01,7.748460000000000347e-01,7.327219999999999844e-01,-2.179499999999999840e-02,6.149999999999999868e-04,-6.801789999999999781e-01,-4.847159999999999802e-01,1.042880000000000057e-01,2.498600000000000126e-02,1.163699999999999957e+00,-2.950099999999999945e-01,1.966000000000000039e-02,-2.968040000000000123e-01,9.294600000000000084e-02,5.615000000000000199e-03,7.041290000000000049e-01,-3.463669999999999805e-01,-4.089999999999999886e-02,6.656199999999999617e-02,2.887500000000000136e-02,2.044219999999999926e-01,-7.343299999999999828e-02,3.357689999999999841e-01,-3.905810000000000115e-01,4.365260000000000251e-01,-4.929900000000000254e-02,2.334500000000000117e-02,-4.980500000000000205e-02,-1.902699999999999947e-01,-5.451279999999999459e-01,5.513700000000000268e-01,5.936460000000000070e-01,9.383500000000000174e-02,9.714699999999999724e-02,-4.024099999999999899e-02
-8.756899999999999407e-02,1.654009999999999925e-01,7.767340000000000355e-01,7.316489999999999938e-01,-2.156500000000000083e-02,1.258999999999999920e-03,-6.813390000000000279e-01,-4.651330000000000187e-01,9.930500000000000438e-02,2.350899999999999865e-02,1.109137999999999957e+00,-2.896119999999999806e-01,5.910999999999999588e-03,-2.809030000000000138e-01,9.368300000000000238e-02,8.647999999999999438e-03,6.825750000000000428e-01,-3.451870000000000216e-01,-4.111200000000000271e-02,6.676300000000000290e-02,3.395200000000000301e-02,1.904820000000000124e-01,-6.790899999999999714e-02,3.853030000000000066e-01,-4.011830000000000118e-01,4.681159999999999766e-01,-7.935999999999999999e-02,2.146899999999999850e-02,-5.423499999999999849e-02,-1.829759999999999998e-01,-5.929020000000000401e-01,5.490289999999999893e-01,5.816639999999999588e-01,1.193260000000000015e-01,9.796000000000000540e-02,-3.565499999999999919e-02
-8.688400000000000289e-02,1.612560000000000104e-01,7.784940000000000193e-01,7.306009999999999449e-01,-2.140299999999999842e-02,1.895999999999999899e-03,-6.824660000000000171e-01,-4.454759999999999831e-01,9.485100000000000475e-02,2.170400000000000107e-02,1.054720000000000102e+00,-2.844329999999999914e-01,-7.644999999999999886e-03,-2.649509999999999921e-01,9.460399999999999365e-02,1.151899999999999973e-02,6.611219999999999875e-01,-3.440549999999999997e-01,-4.161999999999999728e-02,6.689199999999999313e-02,3.903999999999999831e-02,1.767499999999999905e-01,-6.189999999999999669e-02,4.354390000000000205e-01,-4.109289999999999887e-01,4.956260000000000110e-01,-1.082270000000000038e-01,1.930899999999999977e-02,-5.896599999999999758e-02,-1.738830000000000098e-01,-6.369449999999999834e-01,5.399230000000000418e-01,5.615149999999999864e-01,1.436280000000000057e-01,9.755800000000000582e-02,-3.166900000000000270e-02
-8.525000000000000633e-02,1.558809999999999918e-01,7.824729999999999741e-01,7.301400000000000112e-01,-2.048099999999999921e-02,4.303999999999999666e-03,-6.829769999999999452e-01,-4.071310000000000207e-01,8.708200000000000662e-02,6.827999999999999868e-03,9.492909999999999959e-01,-2.734050000000000091e-01,-1.803700000000000095e-02,-2.364600000000000035e-01,9.416499999999999870e-02,1.313600000000000011e-02,6.095540000000000402e-01,-3.301069999999999838e-01,-4.010999999999999982e-02,6.340800000000000602e-02,4.508399999999999908e-02,1.512680000000000136e-01,-3.752199999999999980e-02,4.881770000000000276e-01,-4.173839999999999772e-01,4.853540000000000076e-01,-1.409900000000000042e-01,1.732600000000000112e-02,-5.877799999999999692e-02,-1.538809999999999900e-01,-6.931300000000000239e-01,5.166549999999999754e-01,5.177699999999999525e-01,1.676989999999999870e-01,9.194099999999999495e-02,-3.998100000000000265e-02
-8.385499999999999898e-02,1.504790000000000016e-01,7.863130000000000397e-01,7.297299999999999898e-01,-2.004900000000000085e-02,6.548000000000000001e-03,-6.834099999999999620e-01,-3.673770000000000091e-01,8.128699999999999815e-02,-8.127999999999999808e-03,8.441990000000000327e-01,-2.632499999999999840e-01,-2.761200000000000113e-02,-2.067180000000000129e-01,9.449399999999999467e-02,1.430400000000000074e-02,5.576389999999999958e-01,-3.161229999999999873e-01,-3.892899999999999833e-02,5.982500000000000318e-02,5.161500000000000116e-02,1.269939999999999958e-01,-1.032699999999999937e-02,5.396549999999999958e-01,-4.195340000000000180e-01,4.650460000000000149e-01,-1.723790000000000044e-01,1.616499999999999881e-02,-5.697399999999999687e-02,-1.297969999999999957e-01,-7.451980000000000270e-01,4.852330000000000254e-01,4.644340000000000135e-01,1.904520000000000102e-01,8.636000000000000620e-02,-4.984199999999999742e-02
-8.261200000000000487e-02,1.452579999999999982e-01,7.899840000000000195e-01,7.293629999999999836e-01,-1.990400000000000155e-02,8.888999999999999332e-03,-6.837790000000000257e-01,-3.279500000000000193e-01,7.747800000000000520e-02,-2.316400000000000056e-02,7.408839999999999870e-01,-2.543110000000000093e-01,-3.642700000000000105e-02,-1.773210000000000064e-01,9.574799999999999978e-02,1.514899999999999927e-02,5.067850000000000410e-01,-3.026260000000000061e-01,-3.808500000000000080e-02,5.607899999999999691e-02,5.852099999999999663e-02,1.034909999999999997e-01,1.893600000000000144e-02,5.887430000000000163e-01,-4.161850000000000271e-01,4.361400000000000277e-01,-2.020990000000000009e-01,1.430799999999999954e-02,-5.405000000000000082e-02,-1.027730000000000032e-01,-7.927539999999999587e-01,4.464440000000000075e-01,4.045989999999999864e-01,2.117630000000000068e-01,7.958600000000000396e-02,-6.068400000000000183e-02
-8.106499999999999817e-02,1.395609999999999906e-01,7.943099999999999605e-01,7.320079999999999920e-01,-1.836099999999999885e-02,1.105700000000000086e-02,-6.809579999999999522e-01,-2.754289999999999794e-01,6.695399999999999963e-02,-4.794099999999999751e-02,6.241830000000000434e-01,-2.389479999999999937e-01,-3.817899999999999766e-02,-1.231629999999999947e-01,9.226099999999999579e-02,1.877900000000000055e-02,4.051179999999999781e-01,-2.676540000000000030e-01,-3.304499999999999799e-02,4.950399999999999939e-02,5.965399999999999869e-02,6.678800000000000014e-02,4.099900000000000072e-02,6.409179999999999877e-01,-4.006140000000000256e-01,3.997169999999999890e-01,-2.245749999999999968e-01,1.370099999999999964e-02,-4.761499999999999760e-02,-5.435399999999999954e-02,-8.358740000000000059e-01,4.044289999999999830e-01,3.353740000000000054e-01,2.307720000000000049e-01,7.776800000000000379e-02,-5.227300000000000002e-02
-7.967699999999999783e-02,1.342309999999999892e-01,7.987830000000000208e-01,7.346589999999999510e-01,-1.764399999999999996e-02,1.288000000000000082e-02,-6.780850000000000488e-01,-2.219440000000000024e-01,5.862799999999999956e-02,-7.250900000000000400e-02,5.097270000000000412e-01,-2.250600000000000100e-01,-3.925000000000000017e-02,-6.777700000000000391e-02,9.006899999999999629e-02,2.202899999999999997e-02,3.039740000000000220e-01,-2.329509999999999914e-01,-2.804399999999999948e-02,4.319599999999999829e-02,6.134699999999999875e-02,3.282100000000000295e-02,6.440300000000000191e-02,6.898140000000000382e-01,-3.793549999999999978e-01,3.559320000000000261e-01,-2.452310000000000045e-01,1.214400000000000028e-02,-4.001099999999999796e-02,-2.265000000000000086e-03,-8.741079999999999961e-01,3.551270000000000260e-01,2.608460000000000223e-01,2.486359999999999959e-01,7.602699999999999736e-02,-4.566100000000000020e-02
-7.853699999999999570e-02,1.292240000000000055e-01,8.034090000000000398e-01,7.373229999999999507e-01,-1.741499999999999992e-02,1.466399999999999995e-02,-6.751559999999999784e-01,-1.697720000000000062e-01,5.213999999999999885e-02,-9.686699999999999477e-02,3.997899999999999787e-01,-2.136699999999999988e-01,-3.969400000000000012e-02,-1.331000000000000065e-02,8.918900000000000439e-02,2.514900000000000121e-02,2.055609999999999937e-01,-1.993719999999999937e-01,-2.307400000000000076e-02,3.681799999999999656e-02,6.350699999999999401e-02,7.330000000000000361e-04,8.938699999999999424e-02,7.353539999999999521e-01,-3.521969999999999823e-01,3.055880000000000263e-01,-2.642280000000000184e-01,9.740999999999999659e-03,-3.124499999999999847e-02,5.236199999999999882e-02,-9.075490000000000501e-01,3.002389999999999781e-01,1.834310000000000107e-01,2.654699999999999838e-01,7.348000000000000365e-02,-4.074799999999999950e-02
-7.679099999999999815e-02,1.241799999999999987e-01,8.074259999999999771e-01,7.377019999999999689e-01,-1.988799999999999943e-02,1.746699999999999989e-02,-6.746079999999999854e-01,-1.157379999999999937e-01,5.711900000000000310e-02,-1.029100000000000015e-01,3.097809999999999730e-01,-1.927550000000000097e-01,-2.866499999999999951e-02,5.486999999999999690e-03,9.490600000000000425e-02,1.919399999999999926e-02,1.822249999999999981e-01,-1.546029999999999904e-01,-2.435500000000000165e-02,3.647500000000000048e-02,7.148100000000000287e-02,-3.341299999999999826e-02,9.392799999999999760e-02,7.844379999999999686e-01,-2.989399999999999835e-01,2.548900000000000055e-01,-2.822939999999999894e-01,9.553999999999999992e-03,-6.220999999999999967e-03,8.657399999999999818e-02,-9.422409999999999952e-01,2.332899999999999974e-01,1.177890000000000048e-01,2.845759999999999956e-01,7.387599999999999723e-02,-3.397900000000000226e-02
-7.522900000000000420e-02,1.197539999999999993e-01,8.115269999999999984e-01,7.381029999999999536e-01,-2.173200000000000132e-02,2.036100000000000063e-02,-6.740310000000000468e-01,-6.656399999999999817e-02,6.091300000000000187e-02,-1.076199999999999934e-01,2.263239999999999974e-01,-1.745879999999999932e-01,-1.798100000000000045e-02,1.992700000000000027e-02,9.992600000000000093e-02,1.305899999999999943e-02,1.638819999999999999e-01,-1.115700000000000025e-01,-2.558900000000000063e-02,3.574200000000000293e-02,7.832600000000000673e-02,-6.752400000000000069e-02,9.914800000000000002e-02,8.303380000000000205e-01,-2.414080000000000115e-01,2.018880000000000119e-01,-2.981739999999999946e-01,8.293000000000000024e-03,1.968599999999999864e-02,1.193059999999999954e-01,-9.734350000000000502e-01,1.653620000000000090e-01,5.378600000000000048e-02,3.030570000000000208e-01,7.293600000000000083e-02,-2.809199999999999892e-02
-7.397299999999999709e-02,1.157340000000000035e-01,8.158400000000000096e-01,7.385920000000000263e-01,-2.307400000000000076e-02,2.277099999999999957e-02,-6.733729999999999993e-01,-2.013399999999999912e-02,6.278799999999999659e-02,-1.111069999999999974e-01,1.480640000000000012e-01,-1.588890000000000025e-01,-7.616000000000000374e-03,3.368000000000000160e-02,1.035819999999999935e-01,6.917999999999999670e-03,1.460049999999999959e-01,-6.827500000000000235e-02,-2.677399999999999919e-02,3.463800000000000212e-02,8.340200000000000391e-02,-1.011949999999999933e-01,1.061349999999999932e-01,8.736450000000000049e-01,-1.804939999999999878e-01,1.466349999999999876e-01,-3.117460000000000231e-01,6.156000000000000014e-03,4.654500000000000304e-02,1.525640000000000052e-01,-1.001284999999999981e+00,9.645499999999999907e-02,-9.924999999999999795e-03,3.203210000000000224e-01,7.117199999999999915e-02,-2.372900000000000009e-02
-7.195400000000000407e-02,1.124980000000000008e-01,8.177250000000000352e-01,7.392699999999999827e-01,-2.394900000000000154e-02,2.265500000000000153e-02,-6.726020000000000332e-01,-7.010999999999999871e-03,6.116599999999999815e-02,-1.030849999999999961e-01,1.361259999999999970e-01,-1.360339999999999883e-01,-7.522000000000000040e-03,4.672500000000000264e-02,1.018379999999999980e-01,2.967000000000000019e-03,1.337289999999999868e-01,-5.078099999999999975e-02,-2.884400000000000158e-02,3.792899999999999744e-02,8.301799999999999458e-02,-1.323149999999999882e-01,8.690199999999999314e-02,9.290270000000000472e-01,-1.079709999999999975e-01,5.495300000000000185e-02,-3.193909999999999805e-01,3.802999999999999957e-03,7.958400000000000196e-02,1.641829999999999956e-01,-1.033879999999999910e+00,3.386299999999999727e-02,-7.310300000000000131e-02,3.391759999999999775e-01,7.272000000000000686e-02,-1.905099999999999849e-02
-7.015899999999999914e-02,1.097790000000000016e-01,8.196309999999999985e-01,7.399369999999999559e-01,-2.462599999999999859e-02,2.283999999999999919e-02,-6.718370000000000175e-01,2.579000000000000129e-03,5.949600000000000027e-02,-9.525400000000000533e-02,1.287510000000000043e-01,-1.147809999999999941e-01,-7.540999999999999960e-03,5.717599999999999766e-02,1.003399999999999986e-01,-1.224999999999999960e-03,1.237670000000000020e-01,-3.374300000000000216e-02,-3.101999999999999896e-02,4.056699999999999889e-02,8.210000000000000631e-02,-1.640260000000000051e-01,7.012999999999999790e-02,9.834969999999999546e-01,-3.407500000000000112e-02,-3.860299999999999843e-02,-3.231430000000000136e-01,2.475999999999999902e-03,1.139410000000000006e-01,1.737110000000000043e-01,-1.065477000000000007e+00,-2.570100000000000162e-02,-1.339140000000000053e-01,3.570800000000000085e-01,7.307199999999999807e-02,-1.563300000000000106e-02
-6.836799999999999822e-02,1.073329999999999979e-01,8.215160000000000240e-01,7.406089999999999618e-01,-2.530800000000000063e-02,2.297199999999999936e-02,-6.710660000000000514e-01,1.144799999999999984e-02,5.770900000000000335e-02,-8.750199999999999645e-02,1.223989999999999939e-01,-9.358500000000000152e-02,-7.549000000000000155e-03,6.700799999999999812e-02,9.881800000000000306e-02,-5.539999999999999786e-03,1.144290000000000029e-01,-1.662599999999999842e-02,-3.323199999999999765e-02,4.275700000000000334e-02,8.085199999999999332e-02,-1.961499999999999910e-01,5.591000000000000136e-02,1.036748000000000003e+00,3.990599999999999703e-02,-1.329670000000000019e-01,-3.226339999999999764e-01,1.222999999999999912e-03,1.489759999999999973e-01,1.834119999999999917e-01,-1.096684999999999910e+00,-8.352400000000000102e-02,-1.943550000000000000e-01,3.737110000000000154e-01,7.319699999999999818e-02,-1.320099999999999919e-02
-6.757199999999999318e-02,1.049969999999999931e-01,8.214179999999999815e-01,7.413359999999999950e-01,-2.480999999999999872e-02,2.277900000000000064e-02,-6.702890000000000237e-01,1.332900000000000057e-02,5.596299999999999886e-02,-8.550199999999999467e-02,1.231590000000000046e-01,-7.717300000000000548e-02,-7.127999999999999788e-03,7.641799999999999982e-02,9.613700000000000023e-02,-1.096600000000000005e-02,1.017259999999999970e-01,-1.321499999999999932e-02,-3.404499999999999887e-02,4.065900000000000070e-02,7.420999999999999819e-02,-2.162709999999999910e-01,1.727599999999999969e-02,1.073072000000000026e+00,9.479999999999999538e-02,-1.627879999999999883e-01,-3.335290000000000199e-01,6.821999999999999939e-03,1.728949999999999931e-01,1.565139999999999865e-01,-1.158571999999999935e+00,-1.436860000000000082e-01,-1.792930000000000079e-01,3.867860000000000187e-01,7.672800000000000453e-02,-1.389699999999999963e-02
-6.671000000000000540e-02,1.033599999999999935e-01,8.213449999999999918e-01,7.421659999999999924e-01,-2.497500000000000067e-02,2.205800000000000122e-02,-6.693869999999999543e-01,1.542499999999999948e-02,5.426899999999999780e-02,-8.363099999999999701e-02,1.253559999999999952e-01,-6.070699999999999708e-02,-6.479999999999999649e-03,8.626100000000000434e-02,9.361099999999999977e-02,-1.651199999999999890e-02,8.997700000000000142e-02,-9.483000000000000110e-03,-3.466700000000000337e-02,3.848700000000000038e-02,6.891100000000000003e-02,-2.350599999999999912e-01,-3.271999999999999909e-02,1.108764000000000083e+00,1.403560000000000085e-01,-1.828210000000000113e-01,-3.441150000000000042e-01,8.427999999999999728e-03,1.942159999999999997e-01,1.182890000000000053e-01,-1.224337000000000009e+00,-1.945359999999999867e-01,-1.516369999999999940e-01,4.007879999999999776e-01,7.541599999999999693e-02,-1.064099999999999942e-02
-6.586100000000000287e-02,1.018870000000000053e-01,8.212810000000000388e-01,7.430069999999999730e-01,-2.536700000000000066e-02,2.114600000000000160e-02,-6.684689999999999799e-01,1.781599999999999850e-02,5.265800000000000342e-02,-8.183300000000000296e-02,1.278920000000000057e-01,-4.426999999999999685e-02,-5.722999999999999789e-03,9.644700000000000495e-02,9.121400000000000341e-02,-2.213499999999999843e-02,7.843899999999999484e-02,-5.715999999999999727e-03,-3.524499999999999855e-02,3.620199999999999807e-02,6.383800000000000585e-02,-2.535560000000000036e-01,-8.724600000000000410e-02,1.144765999999999950e+00,1.801719999999999988e-01,-2.007869999999999933e-01,-3.540099999999999913e-01,8.396000000000000685e-03,2.150789999999999924e-01,7.602200000000000624e-02,-1.291833000000000009e+00,-2.397140000000000104e-01,-1.208370000000000000e-01,4.145249999999999768e-01,7.267099999999999949e-02,-6.166999999999999739e-03
-6.514200000000000546e-02,1.015199999999999991e-01,8.217910000000000492e-01,7.431849999999999845e-01,-2.657599999999999893e-02,2.025599999999999970e-02,-6.682510000000000394e-01,2.037699999999999928e-02,5.316300000000000192e-02,-8.083899999999999419e-02,1.295229999999999992e-01,-3.188200000000000062e-02,-4.758000000000000076e-03,9.849800000000000222e-02,9.063899999999999735e-02,-2.558699999999999863e-02,8.166400000000000048e-02,-1.418999999999999906e-03,-3.499700000000000033e-02,3.448999999999999982e-02,6.225900000000000184e-02,-2.638869999999999827e-01,-1.484610000000000096e-01,1.154522000000000048e+00,1.950389999999999902e-01,-2.339070000000000038e-01,-3.614129999999999843e-01,6.859999999999999779e-04,2.435390000000000055e-01,2.320699999999999846e-02,-1.319803000000000059e+00,-2.653750000000000275e-01,-1.230519999999999947e-01,4.253850000000000131e-01,6.111699999999999772e-02,-2.048900000000000027e-02
-6.452900000000000302e-02,1.011740000000000000e-01,8.222019999999999884e-01,7.432919999999999527e-01,-2.776500000000000148e-02,1.932400000000000090e-02,-6.681110000000000104e-01,2.281700000000000048e-02,5.369100000000000261e-02,-7.977499999999999869e-02,1.312850000000000128e-01,-1.952999999999999875e-02,-3.833000000000000036e-03,9.952199999999999935e-02,9.010100000000000053e-02,-2.902599999999999972e-02,8.695999999999999563e-02,1.779999999999999898e-03,-3.486399999999999916e-02,3.281300000000000189e-02,5.972299999999999831e-02,-2.745580000000000243e-01,-2.114590000000000081e-01,1.163389999999999924e+00,2.055909999999999960e-01,-2.691580000000000084e-01,-3.659310000000000063e-01,-6.275000000000000196e-03,2.742280000000000273e-01,-3.059500000000000067e-02,-1.345456999999999903e+00,-2.868870000000000031e-01,-1.295749999999999957e-01,4.334700000000000220e-01,5.158700000000000091e-02,-3.892899999999999833e-02
-6.401300000000000046e-02,1.009049999999999947e-01,8.226879999999999749e-01,7.434039999999999537e-01,-2.892700000000000132e-02,1.840599999999999875e-02,-6.679629999999999734e-01,2.517700000000000146e-02,5.421399999999999830e-02,-7.873600000000000043e-02,1.331179999999999863e-01,-7.241000000000000041e-03,-2.833000000000000015e-03,1.002989999999999993e-01,8.952699999999999547e-02,-3.249699999999999811e-02,9.268999999999999462e-02,4.734000000000000360e-03,-3.477399999999999936e-02,3.133299999999999974e-02,5.679499999999999826e-02,-2.856040000000000245e-01,-2.761669999999999958e-01,1.170979999999999910e+00,2.125170000000000115e-01,-3.056740000000000013e-01,-3.688029999999999919e-01,-1.320099999999999919e-02,3.053930000000000256e-01,-8.566699999999999315e-02,-1.370305000000000106e+00,-3.053660000000000263e-01,-1.378510000000000013e-01,4.405310000000000059e-01,4.242499999999999744e-02,-5.819799999999999973e-02
-6.348600000000000076e-02,1.009229999999999988e-01,8.233650000000000135e-01,7.422269999999999701e-01,-2.993499999999999980e-02,1.799699999999999911e-02,-6.692379999999999995e-01,2.734200000000000172e-02,5.546999999999999847e-02,-7.489200000000000024e-02,1.341340000000000032e-01,3.069999999999999812e-03,-2.373999999999999808e-03,9.935099999999999487e-02,8.953800000000000647e-02,-3.388300000000000339e-02,9.787400000000000266e-02,1.052400000000000037e-02,-3.458800000000000069e-02,3.319899999999999934e-02,5.927899999999999836e-02,-2.917620000000000213e-01,-3.254850000000000243e-01,1.180897000000000086e+00,2.160179999999999878e-01,-3.394420000000000215e-01,-3.528899999999999815e-01,-1.957700000000000065e-02,3.380400000000000071e-01,-1.355899999999999883e-01,-1.366238999999999981e+00,-3.211800000000000210e-01,-1.586760000000000115e-01,4.357039999999999802e-01,2.782099999999999851e-02,-1.004359999999999975e-01
-6.309399999999999731e-02,1.008700000000000013e-01,8.240389999999999660e-01,7.410099999999999465e-01,-3.084200000000000136e-02,1.765500000000000055e-02,-6.705529999999999546e-01,2.951600000000000057e-02,5.696299999999999975e-02,-7.089499999999999968e-02,1.350280000000000091e-01,1.317399999999999995e-02,-2.070999999999999924e-03,9.852299999999999947e-02,8.992899999999999505e-02,-3.454700000000000132e-02,1.026350000000000040e-01,1.605300000000000130e-02,-3.477600000000000136e-02,3.360099999999999892e-02,6.102099999999999885e-02,-2.983950000000000213e-01,-3.709790000000000032e-01,1.190865000000000062e+00,2.216359999999999997e-01,-3.755800000000000249e-01,-3.338840000000000141e-01,-2.533799999999999941e-02,3.706619999999999915e-01,-1.825199999999999878e-01,-1.357782999999999962e+00,-3.369960000000000178e-01,-1.850569999999999993e-01,4.259200000000000208e-01,1.459099999999999980e-02,-1.471169999999999978e-01
-6.272099999999999898e-02,1.007249999999999951e-01,8.247039999999999926e-01,7.398010000000000419e-01,-3.168200000000000183e-02,1.735599999999999990e-02,-6.718560000000000088e-01,3.166800000000000170e-02,5.845199999999999702e-02,-6.692900000000000238e-02,1.358939999999999870e-01,2.317400000000000015e-02,-1.758000000000000014e-03,9.770500000000000018e-02,9.030499999999999639e-02,-3.525400000000000061e-02,1.073120000000000046e-01,2.149799999999999975e-02,-3.501900000000000152e-02,3.325399999999999884e-02,6.282300000000000384e-02,-3.053080000000000238e-01,-4.144470000000000098e-01,1.200212999999999974e+00,2.281799999999999939e-01,-4.135489999999999999e-01,-3.134190000000000031e-01,-3.004100000000000173e-02,4.030980000000000119e-01,-2.279690000000000050e-01,-1.347609999999999975e+00,-3.537339999999999929e-01,-2.140990000000000115e-01,4.134869999999999934e-01,3.114000000000000015e-03,-1.943410000000000137e-01
-6.250500000000000500e-02,1.016750000000000015e-01,8.251969999999999583e-01,7.392649999999999499e-01,-3.268399999999999778e-02,1.680900000000000102e-02,-6.724109999999999809e-01,3.272300000000000209e-02,5.968299999999999994e-02,-6.301700000000000357e-02,1.362740000000000062e-01,2.946599999999999914e-02,-1.539999999999999919e-03,9.663499999999999868e-02,9.064600000000000435e-02,-3.636699999999999655e-02,1.111710000000000059e-01,2.560600000000000029e-02,-3.525799999999999768e-02,3.457999999999999963e-02,6.344400000000000039e-02,-3.059999999999999942e-01,-4.371090000000000253e-01,1.197635000000000005e+00,2.283340000000000092e-01,-4.440180000000000238e-01,-2.872520000000000073e-01,-3.049699999999999980e-02,4.266409999999999925e-01,-2.641709999999999892e-01,-1.337444000000000077e+00,-3.633239999999999803e-01,-2.482489999999999974e-01,3.888929999999999887e-01,-5.917000000000000384e-03,-2.389000000000000012e-01
-6.226899999999999796e-02,1.023850000000000038e-01,8.255919999999999925e-01,7.387209999999999610e-01,-3.368299999999999766e-02,1.627699999999999980e-02,-6.729730000000000434e-01,3.399100000000000038e-02,6.082900000000000112e-02,-5.902600000000000208e-02,1.366479999999999917e-01,3.553499999999999714e-02,-1.142000000000000003e-03,9.595900000000000263e-02,9.089600000000000457e-02,-3.715999999999999859e-02,1.147119999999999945e-01,2.940600000000000158e-02,-3.543500000000000122e-02,3.560200000000000170e-02,6.520900000000000307e-02,-3.072969999999999868e-01,-4.543670000000000209e-01,1.192943000000000087e+00,2.326400000000000134e-01,-4.769820000000000171e-01,-2.591870000000000007e-01,-2.999100000000000030e-02,4.488010000000000055e-01,-2.983549999999999813e-01,-1.326433999999999891e+00,-3.740109999999999824e-01,-2.854780000000000095e-01,3.610929999999999973e-01,-1.213400000000000069e-02,-2.832589999999999830e-01
-6.189900000000000263e-02,1.031050000000000022e-01,8.260720000000000285e-01,7.381649999999999601e-01,-3.463999999999999718e-02,1.581000000000000114e-02,-6.735449999999999493e-01,3.524000000000000049e-02,6.195599999999999719e-02,-5.498800000000000215e-02,1.369960000000000067e-01,4.150700000000000223e-02,-6.589999999999999721e-04,9.529700000000000670e-02,9.111500000000000155e-02,-3.790099999999999719e-02,1.181259999999999949e-01,3.317599999999999716e-02,-3.556900000000000339e-02,3.622800000000000326e-02,6.758799999999999530e-02,-3.086409999999999987e-01,-4.681089999999999973e-01,1.187635999999999914e+00,2.400720000000000076e-01,-5.117639999999999967e-01,-2.303850000000000064e-01,-2.846600000000000172e-02,4.703879999999999728e-01,-3.313459999999999739e-01,-1.314661999999999997e+00,-3.860529999999999795e-01,-3.246129999999999849e-01,3.315250000000000141e-01,-1.610999999999999932e-02,-3.268920000000000159e-01
-6.231300000000000033e-02,1.039800000000000030e-01,8.264350000000000307e-01,7.376730000000000231e-01,-3.502399999999999958e-02,1.586800000000000016e-02,-6.740629999999999677e-01,3.628900000000000181e-02,6.367699999999999749e-02,-5.266499999999999654e-02,1.334190000000000098e-01,4.857800000000000312e-02,-6.689999999999999983e-04,9.410799999999999721e-02,9.212900000000000256e-02,-3.970599999999999824e-02,1.175279999999999936e-01,3.789000000000000007e-02,-3.561399999999999982e-02,3.669700000000000045e-02,7.128800000000000414e-02,-3.052610000000000046e-01,-4.693620000000000014e-01,1.185510000000000064e+00,2.423750000000000071e-01,-5.189359999999999529e-01,-2.208489999999999898e-01,-2.620400000000000160e-02,4.749829999999999885e-01,-3.460739999999999927e-01,-1.310670999999999919e+00,-3.897309999999999941e-01,-3.409800000000000053e-01,3.173830000000000262e-01,-1.796499999999999833e-02,-3.474149999999999738e-01
-6.256699999999999762e-02,1.042880000000000057e-01,8.267499999999999849e-01,7.371450000000000502e-01,-3.538299999999999779e-02,1.535899999999999939e-02,-6.746330000000000382e-01,3.789900000000000213e-02,6.450999999999999790e-02,-5.024499999999999800e-02,1.326430000000000109e-01,5.291900000000000076e-02,-3.919999999999999873e-04,9.427900000000000169e-02,9.218899999999999317e-02,-4.116600000000000120e-02,1.186159999999999992e-01,4.011200000000000182e-02,-3.544400000000000328e-02,3.676299999999999707e-02,7.363400000000000500e-02,-3.027679999999999816e-01,-4.638709999999999778e-01,1.181504000000000110e+00,2.474089999999999900e-01,-5.306210000000000093e-01,-2.078550000000000120e-01,-2.438999999999999849e-02,4.788379999999999859e-01,-3.548780000000000268e-01,-1.302046999999999954e+00,-3.951339999999999852e-01,-3.628319999999999879e-01,2.974109999999999809e-01,-1.917100000000000054e-02,-3.696760000000000046e-01
-6.281799999999999884e-02,1.044199999999999989e-01,8.270570000000000421e-01,7.366340000000000110e-01,-3.573799999999999893e-02,1.478299999999999927e-02,-6.751850000000000351e-01,3.946299999999999808e-02,6.521200000000000607e-02,-4.785299999999999970e-02,1.324889999999999957e-01,5.678600000000000314e-02,-8.200000000000000095e-05,9.444099999999999717e-02,9.212099999999999456e-02,-4.266299999999999953e-02,1.202850000000000030e-01,4.185599999999999737e-02,-3.525899999999999868e-02,3.644499999999999823e-02,7.583199999999999663e-02,-3.002279999999999949e-01,-4.546839999999999771e-01,1.176787000000000027e+00,2.549960000000000004e-01,-5.451070000000000082e-01,-1.937210000000000043e-01,-2.212799999999999837e-02,4.825650000000000217e-01,-3.600970000000000004e-01,-1.291504999999999903e+00,-4.028970000000000051e-01,-3.882149999999999768e-01,2.751700000000000257e-01,-1.907400000000000068e-02,-3.923690000000000233e-01
-6.287099999999999633e-02,1.048670000000000019e-01,8.272500000000000409e-01,7.364530000000000243e-01,-3.664400000000000296e-02,1.332099999999999951e-02,-6.753639999999999644e-01,4.105899999999999828e-02,6.422700000000000631e-02,-4.613199999999999940e-02,1.365030000000000132e-01,5.637699999999999656e-02,-1.740000000000000010e-04,9.569400000000000128e-02,9.099699999999999456e-02,-4.467299999999999743e-02,1.247000000000000053e-01,4.150399999999999923e-02,-3.513700000000000156e-02,3.450199999999999795e-02,7.550700000000000467e-02,-2.930150000000000254e-01,-4.168999999999999928e-01,1.164408000000000110e+00,2.657109999999999750e-01,-5.474759999999999627e-01,-1.861309999999999909e-01,-1.169500000000000053e-02,4.788069999999999826e-01,-3.399240000000000039e-01,-1.271943999999999964e+00,-4.110590000000000077e-01,-4.009119999999999906e-01,2.522860000000000102e-01,-9.034000000000000363e-03,-4.075659999999999838e-01
-6.296499999999999320e-02,1.061560000000000004e-01,8.275630000000000486e-01,7.362830000000000208e-01,-3.729099999999999776e-02,1.343199999999999950e-02,-6.755120000000000013e-01,4.166000000000000258e-02,6.568300000000000527e-02,-4.517100000000000282e-02,1.329780000000000129e-01,6.169899999999999690e-02,-2.640000000000000202e-04,9.537900000000000544e-02,9.192799999999999583e-02,-4.703999999999999848e-02,1.225959999999999966e-01,4.610700000000000215e-02,-3.527299999999999880e-02,3.421699999999999742e-02,7.868300000000000294e-02,-2.873530000000000251e-01,-3.942060000000000008e-01,1.157221999999999973e+00,2.699710000000000165e-01,-5.328159999999999563e-01,-1.928640000000000077e-01,-7.058000000000000038e-03,4.719849999999999879e-01,-3.312030000000000252e-01,-1.266115000000000101e+00,-4.162919999999999954e-01,-3.949540000000000273e-01,2.483430000000000082e-01,-6.367000000000000264e-03,-4.130460000000000242e-01
-6.286899999999999433e-02,1.061959999999999987e-01,8.276609999999999800e-01,7.361100000000000421e-01,-3.807300000000000267e-02,1.221099999999999963e-02,-6.756790000000000296e-01,4.354600000000000137e-02,6.511500000000000621e-02,-4.369800000000000073e-02,1.360049999999999870e-01,6.130200000000000232e-02,1.340000000000000045e-04,9.746299999999999408e-02,9.092400000000000482e-02,-4.890300000000000202e-02,1.249220000000000053e-01,4.588400000000000117e-02,-3.497600000000000015e-02,3.334100000000000258e-02,7.882999999999999730e-02,-2.821569999999999911e-01,-3.593219999999999748e-01,1.145698000000000105e+00,2.788630000000000275e-01,-5.285980000000000123e-01,-1.924790000000000112e-01,-2.318999999999999881e-03,4.641149999999999998e-01,-3.118830000000000213e-01,-1.251732000000000067e+00,-4.249589999999999756e-01,-3.985040000000000249e-01,2.340939999999999965e-01,-3.145999999999999925e-03,-4.217850000000000210e-01
-6.329799999999999316e-02,1.067250000000000004e-01,8.277820000000000178e-01,7.362450000000000383e-01,-3.867400000000000004e-02,1.133200000000000006e-02,-6.755139999999999478e-01,4.497400000000000009e-02,6.538700000000000068e-02,-4.362800000000000011e-02,1.359889999999999988e-01,6.242500000000000132e-02,1.630000000000000047e-04,9.925699999999999801e-02,9.081799999999999595e-02,-5.141600000000000337e-02,1.245860000000000023e-01,4.661699999999999872e-02,-3.513999999999999763e-02,3.296500000000000125e-02,8.057499999999999385e-02,-2.738550000000000151e-01,-3.182869999999999866e-01,1.140247999999999928e+00,2.727180000000000160e-01,-5.169240000000000501e-01,-2.013530000000000042e-01,4.478000000000000209e-03,4.410990000000000189e-01,-2.815929999999999822e-01,-1.239305000000000101e+00,-4.156150000000000122e-01,-4.095570000000000044e-01,2.319569999999999965e-01,4.899999999999999842e-04,-4.051870000000000194e-01
-6.376900000000000623e-02,1.071750000000000064e-01,8.278959999999999653e-01,7.364209999999999923e-01,-3.915699999999999736e-02,1.057600000000000033e-02,-6.753069999999999906e-01,4.657900000000000235e-02,6.576100000000000001e-02,-4.347499999999999976e-02,1.354069999999999996e-01,6.379100000000000048e-02,8.899999999999999491e-05,1.013410000000000005e-01,9.080100000000000671e-02,-5.408600000000000213e-02,1.234959999999999947e-01,4.766000000000000097e-02,-3.541199999999999903e-02,3.226099999999999801e-02,8.200999999999999956e-02,-2.668460000000000276e-01,-2.785420000000000118e-01,1.135327999999999893e+00,2.647889999999999966e-01,-5.035359999999999836e-01,-2.109209999999999974e-01,1.065600000000000054e-02,4.165960000000000218e-01,-2.510470000000000201e-01,-1.226045000000000051e+00,-4.057600000000000096e-01,-4.213870000000000116e-01,2.303860000000000074e-01,4.921000000000000027e-03,-3.865210000000000035e-01
-6.425999999999999768e-02,1.074940000000000062e-01,8.279180000000000428e-01,7.366080000000000405e-01,-3.959000000000000019e-02,9.868999999999999301e-03,-6.750880000000000214e-01,4.812999999999999917e-02,6.615000000000000047e-02,-4.336000000000000271e-02,1.347240000000000104e-01,6.516600000000000170e-02,-1.200000000000000030e-05,1.034209999999999990e-01,9.080799999999999983e-02,-5.678500000000000214e-02,1.222219999999999973e-01,4.874900000000000067e-02,-3.571400000000000269e-02,3.164700000000000152e-02,8.313700000000000256e-02,-2.600740000000000274e-01,-2.401030000000000109e-01,1.130381999999999998e+00,2.553139999999999854e-01,-4.897529999999999939e-01,-2.201029999999999931e-01,1.663500000000000048e-02,3.918139999999999956e-01,-2.205620000000000080e-01,-1.212576000000000098e+00,-3.955460000000000087e-01,-4.334919999999999884e-01,2.287679999999999991e-01,9.482000000000000844e-03,-3.676559999999999828e-01
-6.462700000000000389e-02,1.065559999999999979e-01,8.280419999999999447e-01,7.369459999999999900e-01,-3.953799999999999676e-02,9.804999999999999480e-03,-6.747229999999999617e-01,4.995200000000000334e-02,6.639399999999999469e-02,-4.458299999999999763e-02,1.331920000000000048e-01,6.546299999999999342e-02,-7.089999999999999948e-04,1.049979999999999941e-01,9.102399999999999380e-02,-5.873799999999999855e-02,1.218960000000000043e-01,4.683799999999999769e-02,-3.527700000000000280e-02,2.758899999999999894e-02,8.317700000000000093e-02,-2.451460000000000028e-01,-1.862749999999999961e-01,1.133180000000000076e+00,2.151349999999999929e-01,-4.600270000000000192e-01,-2.391850000000000087e-01,2.503000000000000017e-02,3.408309999999999951e-01,-1.708189999999999986e-01,-1.221964000000000050e+00,-3.671829999999999816e-01,-4.143459999999999921e-01,2.316449999999999898e-01,2.186300000000000049e-02,-3.245230000000000059e-01
-6.493000000000000160e-02,1.055109999999999937e-01,8.280999999999999472e-01,7.373049999999999882e-01,-3.946700000000000208e-02,9.653000000000000122e-03,-6.743369999999999642e-01,5.219399999999999734e-02,6.653100000000000680e-02,-4.533000000000000224e-02,1.317369999999999930e-01,6.583999999999999575e-02,-1.293000000000000095e-03,1.068940000000000029e-01,9.079099999999999671e-02,-6.148300000000000293e-02,1.220279999999999976e-01,4.603999999999999759e-02,-3.536999999999999866e-02,2.506500000000000047e-02,8.300299999999999345e-02,-2.321280000000000010e-01,-1.365810000000000080e-01,1.134864000000000095e+00,1.687670000000000003e-01,-4.289660000000000140e-01,-2.561729999999999841e-01,3.351900000000000018e-02,2.881029999999999980e-01,-1.220200000000000035e-01,-1.233641999999999905e+00,-3.371170000000000000e-01,-3.908090000000000175e-01,2.350099999999999967e-01,3.164299999999999752e-02,-2.793320000000000247e-01
-6.523900000000000532e-02,1.045309999999999989e-01,8.280490000000000350e-01,7.376449999999999951e-01,-3.945900000000000102e-02,9.450999999999999332e-03,-6.739680000000000115e-01,5.445699999999999846e-02,6.670099999999999640e-02,-4.603299999999999753e-02,1.304319999999999924e-01,6.619500000000000384e-02,-1.886000000000000090e-03,1.088200000000000001e-01,9.059699999999999698e-02,-6.418200000000000294e-02,1.222659999999999997e-01,4.526000000000000162e-02,-3.547100000000000253e-02,2.337499999999999994e-02,8.277800000000000435e-02,-2.197220000000000006e-01,-8.967999999999999583e-02,1.135629000000000000e+00,1.184390000000000026e-01,-3.977709999999999857e-01,-2.701140000000000208e-01,4.266600000000000253e-02,2.349900000000000044e-01,-7.348499999999999477e-02,-1.245468999999999937e+00,-3.060109999999999775e-01,-3.665749999999999842e-01,2.369529999999999970e-01,4.057199999999999696e-02,-2.339330000000000020e-01
-6.619700000000000584e-02,1.034569999999999934e-01,8.280910000000000215e-01,7.380290000000000461e-01,-3.926700000000000329e-02,9.235000000000000153e-03,-6.735619999999999941e-01,5.621400000000000008e-02,6.754000000000000281e-02,-4.695599999999999774e-02,1.291650000000000020e-01,6.605600000000000360e-02,-2.472999999999999938e-03,1.106179999999999941e-01,9.189400000000000346e-02,-6.459600000000000064e-02,1.214080000000000020e-01,4.372000000000000192e-02,-3.539699999999999791e-02,2.246000000000000080e-02,8.257100000000000550e-02,-2.089290000000000036e-01,-6.317100000000000493e-02,1.131005000000000038e+00,6.836200000000000609e-02,-3.521400000000000086e-01,-2.771120000000000250e-01,4.965499999999999775e-02,1.950409999999999922e-01,-3.213699999999999890e-02,-1.242604999999999960e+00,-2.619549999999999934e-01,-3.344530000000000003e-01,2.487060000000000104e-01,4.941500000000000059e-02,-1.856210000000000082e-01
-6.729899999999999771e-02,1.027219999999999939e-01,8.280189999999999495e-01,7.383910000000000196e-01,-3.927499999999999741e-02,8.826000000000000512e-03,-6.731700000000000461e-01,5.818099999999999661e-02,6.860299999999999732e-02,-4.752800000000000080e-02,1.282899999999999874e-01,6.663499999999999979e-02,-3.442000000000000181e-03,1.127390000000000059e-01,9.277799999999999936e-02,-6.684099999999999764e-02,1.211490000000000067e-01,4.291699999999999682e-02,-3.613700000000000245e-02,2.145400000000000085e-02,8.225599999999999579e-02,-1.984380000000000033e-01,-4.095800000000000135e-02,1.125957000000000097e+00,1.338699999999999959e-02,-3.033429999999999738e-01,-2.814260000000000095e-01,5.572300000000000170e-02,1.549470000000000014e-01,5.309999999999999616e-03,-1.239198000000000022e+00,-2.132179999999999909e-01,-3.009279999999999733e-01,2.579500000000000126e-01,5.868899999999999811e-02,-1.368840000000000057e-01
-6.841099999999999959e-02,1.020569999999999949e-01,8.280290000000000150e-01,7.387569999999999970e-01,-3.944299999999999889e-02,8.250000000000000389e-03,-6.727659999999999751e-01,6.034400000000000180e-02,6.966700000000000670e-02,-4.811800000000000105e-02,1.276249999999999885e-01,6.726799999999999446e-02,-4.414999999999999654e-03,1.150560000000000055e-01,9.366700000000000026e-02,-6.910900000000000376e-02,1.210989999999999983e-01,4.216199999999999809e-02,-3.688099999999999712e-02,2.039099999999999940e-02,8.206199999999999606e-02,-1.882290000000000074e-01,-1.992400000000000074e-02,1.119815999999999923e+00,-4.406399999999999900e-02,-2.544049999999999923e-01,-2.829999999999999738e-01,6.227400000000000296e-02,1.151279999999999942e-01,4.102599999999999997e-02,-1.235141999999999962e+00,-1.618449999999999889e-01,-2.676910000000000123e-01,2.646310000000000051e-01,6.905100000000000127e-02,-8.780899999999999817e-02
-6.775599999999999679e-02,1.015520000000000034e-01,8.280030000000000445e-01,7.387890000000000290e-01,-3.964800000000000268e-02,8.141000000000000666e-03,-6.727199999999999847e-01,6.218300000000000216e-02,6.901999999999999802e-02,-4.699799999999999811e-02,1.268660000000000065e-01,6.570299999999999752e-02,-4.001000000000000216e-03,1.168079999999999952e-01,9.299899999999999833e-02,-6.974099999999999744e-02,1.202150000000000024e-01,4.070300000000000307e-02,-3.642100000000000198e-02,1.955399999999999847e-02,8.327299999999999980e-02,-1.733679999999999943e-01,-9.223000000000000295e-03,1.105688999999999922e+00,-1.363900000000000112e-01,-1.854560000000000097e-01,-2.827620000000000133e-01,7.206700000000000605e-02,6.110399999999999859e-02,5.682299999999999851e-02,-1.223011000000000070e+00,-7.980800000000000394e-02,-2.379779999999999951e-01,2.633719999999999950e-01,8.383000000000000174e-02,-2.963100000000000109e-02
-6.711799999999999711e-02,1.013629999999999948e-01,8.278929999999999900e-01,7.386479999999999713e-01,-4.023700000000000193e-02,7.677999999999999929e-03,-6.728460000000000552e-01,6.446300000000000641e-02,6.845999999999999308e-02,-4.609900000000000109e-02,1.266619999999999968e-01,6.476600000000000412e-02,-3.892000000000000060e-03,1.189420000000000061e-01,9.233500000000000041e-02,-7.074900000000000633e-02,1.200070000000000026e-01,3.950399999999999745e-02,-3.616699999999999776e-02,1.822700000000000015e-02,8.461499999999999577e-02,-1.590979999999999894e-01,-8.210000000000000067e-04,1.089237000000000011e+00,-2.323629999999999862e-01,-1.127879999999999994e-01,-2.773269999999999902e-01,8.134199999999999764e-02,7.067000000000000365e-03,6.680700000000000527e-02,-1.209999999999999964e+00,9.341999999999999610e-03,-2.058129999999999959e-01,2.578239999999999976e-01,9.952700000000000435e-02,2.869100000000000122e-02
-6.654200000000000392e-02,1.014339999999999964e-01,8.278839999999999533e-01,7.384960000000000413e-01,-4.106400000000000328e-02,6.978999999999999961e-03,-6.729699999999999571e-01,6.696499999999999675e-02,6.785700000000000065e-02,-4.518599999999999700e-02,1.267979999999999940e-01,6.393799999999999484e-02,-3.720000000000000216e-03,1.213049999999999962e-01,9.162399999999999711e-02,-7.175600000000000034e-02,1.201030000000000014e-01,3.844199999999999701e-02,-3.585100000000000092e-02,1.659599999999999964e-02,8.615000000000000435e-02,-1.450889999999999957e-01,9.410999999999999227e-03,1.070411999999999919e+00,-3.276519999999999988e-01,-3.877599999999999797e-02,-2.670710000000000028e-01,8.962199999999999334e-02,-4.676500000000000101e-02,7.550300000000000067e-02,-1.196171000000000095e+00,1.013239999999999974e-01,-1.723480000000000012e-01,2.489429999999999976e-01,1.142620000000000025e-01,8.666600000000000692e-02
-6.637200000000000044e-02,1.018619999999999942e-01,8.277440000000000353e-01,7.383920000000000483e-01,-4.161900000000000321e-02,6.427000000000000421e-03,-6.730559999999999876e-01,6.808200000000000363e-02,6.807299999999999462e-02,-4.374499999999999916e-02,1.272880000000000122e-01,6.475100000000000300e-02,-4.278999999999999818e-03,1.226020000000000026e-01,9.106300000000000505e-02,-7.274200000000000110e-02,1.202249999999999985e-01,4.015500000000000319e-02,-3.617200000000000276e-02,1.852499999999999980e-02,8.812899999999999900e-02,-1.339720000000000077e-01,1.346200000000000001e-02,1.040404000000000106e+00,-3.989329999999999821e-01,-1.083100000000000035e-02,-2.525490000000000235e-01,9.328599999999999393e-02,-8.781600000000000517e-02,6.452199999999999602e-02,-1.180773000000000073e+00,1.833019999999999927e-01,-1.183249999999999996e-01,2.195320000000000049e-01,1.312079999999999913e-01,1.435019999999999907e-01
-6.622599999999999321e-02,1.024339999999999973e-01,8.277459999999999818e-01,7.382480000000000153e-01,-4.231399999999999745e-02,5.799000000000000335e-03,-6.731759999999999966e-01,6.918100000000000638e-02,6.818299999999999361e-02,-4.267599999999999866e-02,1.279160000000000019e-01,6.471999999999999975e-02,-4.510000000000000120e-03,1.238189999999999985e-01,9.086900000000000532e-02,-7.317500000000000393e-02,1.203420000000000045e-01,4.002200000000000202e-02,-3.609600000000000308e-02,1.882800000000000099e-02,9.034799999999999776e-02,-1.226340000000000069e-01,2.290199999999999875e-02,1.010075000000000056e+00,-4.652220000000000244e-01,1.399399999999999950e-02,-2.371820000000000039e-01,9.800200000000000577e-02,-1.274770000000000070e-01,4.996600000000000347e-02,-1.162895999999999930e+00,2.691649999999999876e-01,-6.290600000000000358e-02,1.871170000000000055e-01,1.462690000000000101e-01,1.996189999999999909e-01
-6.620499999999999996e-02,1.031640000000000057e-01,8.277630000000000265e-01,7.381020000000000358e-01,-4.312099999999999961e-02,5.046000000000000138e-03,-6.732909999999999728e-01,7.034999999999999587e-02,6.831500000000000072e-02,-4.163000000000000034e-02,1.287030000000000118e-01,6.479899999999999549e-02,-4.781999999999999792e-03,1.250890000000000057e-01,9.069000000000000672e-02,-7.364199999999999913e-02,1.206419999999999992e-01,3.998700000000000171e-02,-3.606600000000000084e-02,1.812400000000000122e-02,9.252199999999999314e-02,-1.113200000000000023e-01,3.475400000000000017e-02,9.787289999999999601e-01,-5.285950000000000371e-01,3.844100000000000295e-02,-2.208330000000000015e-01,1.021100000000000063e-01,-1.663870000000000071e-01,3.397599999999999926e-02,-1.142274000000000012e+00,3.571989999999999887e-01,-6.531999999999999612e-03,1.522129999999999872e-01,1.599099999999999966e-01,2.543549999999999978e-01
-6.629500000000000670e-02,1.047190000000000065e-01,8.277130000000000321e-01,7.377740000000000409e-01,-4.400099999999999845e-02,4.218000000000000395e-03,-6.735989999999999478e-01,7.075399999999999745e-02,6.871900000000000230e-02,-4.097100000000000047e-02,1.295020000000000060e-01,6.637200000000000044e-02,-5.540999999999999918e-03,1.252800000000000025e-01,9.091799999999999882e-02,-7.587199999999999500e-02,1.215360000000000051e-01,4.121199999999999863e-02,-3.621900000000000119e-02,1.868699999999999875e-02,9.309900000000000120e-02,-1.004879999999999940e-01,3.359700000000000186e-02,9.540319999999999911e-01,-5.735179999999999723e-01,6.477299999999999724e-02,-2.050500000000000100e-01,1.035739999999999994e-01,-1.954859999999999931e-01,1.319200000000000060e-02,-1.128584000000000032e+00,4.434520000000000128e-01,3.025600000000000164e-02,1.253849999999999965e-01,1.686640000000000084e-01,3.064290000000000069e-01
-6.651100000000000068e-02,1.062779999999999975e-01,8.277689999999999770e-01,7.374669999999999837e-01,-4.489699999999999941e-02,3.284000000000000027e-03,-6.738819999999999810e-01,7.110099999999999754e-02,6.889900000000000191e-02,-4.071799999999999725e-02,1.303680000000000117e-01,6.740200000000000358e-02,-5.754999999999999699e-03,1.254139999999999977e-01,9.075099999999999834e-02,-7.793700000000000627e-02,1.224110000000000059e-01,4.176699999999999857e-02,-3.610399999999999721e-02,1.907700000000000021e-02,9.358299999999999952e-02,-8.945200000000000373e-02,3.298999999999999849e-02,9.268929999999999669e-01,-6.149759999999999671e-01,8.956899999999999584e-02,-1.888070000000000026e-01,1.043089999999999989e-01,-2.232159999999999977e-01,-5.981000000000000205e-03,-1.113226000000000049e+00,5.281150000000000011e-01,6.614699999999999747e-02,9.751899999999999458e-02,1.770859999999999934e-01,3.575499999999999790e-01
-6.668100000000000416e-02,1.079220000000000040e-01,8.278349999999999875e-01,7.371520000000000294e-01,-4.583199999999999774e-02,2.296999999999999997e-03,-6.741669999999999607e-01,7.143800000000000150e-02,6.911299999999999388e-02,-4.047200000000000103e-02,1.312830000000000108e-01,6.852700000000000458e-02,-6.026000000000000106e-03,1.255159999999999887e-01,9.061700000000000310e-02,-8.001400000000000179e-02,1.233660000000000034e-01,4.239899999999999919e-02,-3.604500000000000065e-02,1.936600000000000127e-02,9.398399999999999810e-02,-7.837600000000000122e-02,3.283799999999999913e-02,8.968819999999999570e-01,-6.525790000000000202e-01,1.129150000000000015e-01,-1.719289999999999985e-01,1.041539999999999966e-01,-2.494399999999999951e-01,-2.394900000000000154e-02,-1.095693999999999946e+00,6.109620000000000051e-01,1.017829999999999985e-01,6.819899999999999574e-02,1.849169999999999980e-01,4.083749999999999880e-01
-6.740799999999999570e-02,1.092570000000000069e-01,8.278290000000000370e-01,7.367829999999999657e-01,-4.645900000000000030e-02,1.628000000000000107e-03,-6.745299999999999629e-01,7.131200000000000039e-02,7.008000000000000340e-02,-4.030999999999999861e-02,1.320099999999999885e-01,7.025700000000000001e-02,-6.551999999999999665e-03,1.249370000000000064e-01,9.137099999999999389e-02,-8.065799999999999359e-02,1.241629999999999956e-01,4.314099999999999879e-02,-3.593999999999999972e-02,1.767000000000000168e-02,9.521699999999999608e-02,-6.859800000000000619e-02,3.685100000000000181e-02,8.660679999999999490e-01,-6.771380000000000177e-01,1.166869999999999991e-01,-1.520390000000000075e-01,1.038660000000000000e-01,-2.699989999999999890e-01,-3.912800000000000306e-02,-1.073954999999999993e+00,6.698229999999999462e-01,1.244630000000000042e-01,4.480200000000000154e-02,1.904820000000000124e-01,4.403130000000000099e-01
-6.807499999999999662e-02,1.105789999999999967e-01,8.279079999999999773e-01,7.363960000000000505e-01,-4.699400000000000105e-02,9.600000000000000243e-04,-6.749159999999999604e-01,7.104499999999999704e-02,7.091100000000000181e-02,-4.014000000000000207e-02,1.327270000000000116e-01,7.156999999999999473e-02,-6.961000000000000174e-03,1.242769999999999986e-01,9.198099999999999332e-02,-8.159299999999999886e-02,1.249539999999999956e-01,4.377000000000000335e-02,-3.584799999999999792e-02,1.670800000000000063e-02,9.608500000000000374e-02,-5.893600000000000227e-02,4.042300000000000060e-02,8.325430000000000330e-01,-6.973240000000000549e-01,1.157370000000000065e-01,-1.318850000000000022e-01,1.033349999999999963e-01,-2.883939999999999837e-01,-5.071699999999999819e-02,-1.051210999999999895e+00,7.242990000000000261e-01,1.444149999999999878e-01,2.113900000000000154e-02,1.959019999999999928e-01,4.711440000000000072e-01
-6.884099999999999941e-02,1.120270000000000016e-01,8.279060000000000308e-01,7.360020000000000451e-01,-4.753000000000000280e-02,2.889999999999999774e-04,-6.753090000000000481e-01,7.072199999999999320e-02,7.175299999999999734e-02,-3.996899999999999759e-02,1.334529999999999883e-01,7.294000000000000483e-02,-7.383999999999999939e-03,1.235450000000000020e-01,9.259799999999999975e-02,-8.252400000000000013e-02,1.257699999999999929e-01,4.445099999999999746e-02,-3.577600000000000224e-02,1.604600000000000123e-02,9.690100000000000102e-02,-4.930899999999999866e-02,4.308700000000000030e-02,7.954579999999999984e-01,-7.125519999999999632e-01,1.105819999999999997e-01,-1.113109999999999933e-01,1.019899999999999973e-01,-3.049109999999999876e-01,-6.062499999999999833e-02,-1.026758999999999977e+00,7.750850000000000239e-01,1.621930000000000038e-01,-3.043999999999999831e-03,2.010160000000000002e-01,5.015309999999999491e-01
-6.850900000000000045e-02,1.129870000000000041e-01,8.279879999999999463e-01,7.360130000000000283e-01,-4.711800000000000016e-02,1.067000000000000023e-03,-6.753249999999999531e-01,6.848700000000000621e-02,7.173200000000000409e-02,-4.031900000000000067e-02,1.306599999999999984e-01,7.602100000000000524e-02,-7.536000000000000164e-03,1.216659999999999964e-01,9.239799999999999403e-02,-8.422599999999999532e-02,1.226340000000000069e-01,4.688699999999999812e-02,-3.577999999999999931e-02,1.766200000000000062e-02,9.803800000000000014e-02,-4.640999999999999986e-02,5.045000000000000179e-02,7.516890000000000516e-01,-6.930990000000000206e-01,1.032300000000000023e-01,-9.924600000000000088e-02,1.030810000000000060e-01,-3.030200000000000116e-01,-5.948500000000000315e-02,-9.959179999999999700e-01,7.964290000000000536e-01,1.760289999999999910e-01,-1.348700000000000072e-02,2.045200000000000073e-01,5.056359999999999744e-01
-6.829699999999999660e-02,1.141049999999999981e-01,8.280359999999999943e-01,7.360550000000000148e-01,-4.716599999999999959e-02,1.056999999999999997e-03,-6.752759999999999874e-01,6.693499999999999450e-02,7.128099999999999714e-02,-4.069400000000000100e-02,1.304710000000000036e-01,7.732600000000000584e-02,-7.641000000000000222e-03,1.203690000000000038e-01,9.179099999999999759e-02,-8.602899999999999436e-02,1.220799999999999941e-01,4.766399999999999804e-02,-3.586299999999999905e-02,1.940300000000000011e-02,9.772000000000000131e-02,-4.179700000000000082e-02,5.395400000000000196e-02,7.032340000000000257e-01,-6.703339999999999854e-01,9.686799999999999577e-02,-8.530600000000000682e-02,1.015589999999999965e-01,-3.011260000000000048e-01,-6.061699999999999727e-02,-9.584040000000000337e-01,8.154879999999999907e-01,1.930129999999999901e-01,-2.458199999999999968e-02,2.055400000000000005e-01,5.088709999999999622e-01
-6.812100000000000100e-02,1.152999999999999997e-01,8.280819999999999848e-01,7.360999999999999766e-01,-4.733600000000000307e-02,8.790000000000000070e-04,-6.752139999999999809e-01,6.561899999999999678e-02,7.080799999999999594e-02,-4.110099999999999865e-02,1.305290000000000061e-01,7.856200000000000683e-02,-7.781999999999999855e-03,1.192060000000000064e-01,9.115099999999999592e-02,-8.788200000000000178e-02,1.220050000000000023e-01,4.823899999999999716e-02,-3.598799999999999916e-02,2.099900000000000030e-02,9.721599999999999686e-02,-3.652799999999999797e-02,5.634000000000000119e-02,6.525670000000000082e-01,-6.436239999999999739e-01,8.660800000000000443e-02,-7.053299999999999847e-02,9.837100000000000011e-02,-2.984450000000000158e-01,-6.183400000000000007e-02,-9.172249999999999570e-01,8.299969999999999848e-01,2.073230000000000073e-01,-3.583200000000000274e-02,2.046800000000000008e-01,5.103290000000000326e-01
-6.843399999999999483e-02,1.157399999999999957e-01,8.281939999999999857e-01,7.360510000000000108e-01,-4.704699999999999854e-02,9.470000000000000336e-04,-6.752879999999999994e-01,6.442699999999999816e-02,7.072199999999999320e-02,-4.144199999999999967e-02,1.304150000000000031e-01,7.965700000000000558e-02,-8.300999999999999351e-03,1.181389999999999940e-01,9.103500000000000481e-02,-8.935099999999999987e-02,1.217850000000000044e-01,4.854499999999999788e-02,-3.611799999999999733e-02,1.800500000000000017e-02,9.424000000000000432e-02,-3.303099999999999786e-02,6.115999999999999909e-02,5.995329999999999826e-01,-6.054910000000000014e-01,9.864599999999999758e-02,-5.246399999999999675e-02,9.546999999999999931e-02,-2.820139999999999869e-01,-5.243199999999999944e-02,-8.881000000000000005e-01,8.254550000000000498e-01,2.244549999999999879e-01,-4.622699999999999726e-02,2.019469999999999876e-01,5.039259999999999851e-01
-6.861200000000000632e-02,1.161530000000000062e-01,8.282979999999999787e-01,7.360389999999999988e-01,-4.669000000000000233e-02,1.101999999999999898e-03,-6.753259999999999819e-01,6.301900000000000557e-02,7.047499999999999598e-02,-4.177100000000000257e-02,1.303179999999999894e-01,8.120499999999999940e-02,-8.625000000000000722e-03,1.168349999999999944e-01,9.067300000000000360e-02,-9.104199999999999793e-02,1.215060000000000029e-01,4.903199999999999920e-02,-3.606700000000000184e-02,1.607700000000000101e-02,9.188999999999999946e-02,-2.990999999999999909e-02,6.406299999999999495e-02,5.450700000000000545e-01,-5.679980000000000029e-01,1.093810000000000060e-01,-3.234700000000000075e-02,8.963500000000000634e-02,-2.650009999999999866e-01,-4.047599999999999809e-02,-8.572389999999999732e-01,8.127520000000000300e-01,2.338709999999999956e-01,-5.730099999999999777e-02,1.970399999999999929e-01,4.950399999999999801e-01
-6.874800000000000355e-02,1.165650000000000019e-01,8.284040000000000292e-01,7.360189999999999788e-01,-4.630999999999999700e-02,1.301000000000000073e-03,-6.753740000000000299e-01,6.151700000000000224e-02,7.020400000000000251e-02,-4.205899999999999916e-02,1.302210000000000034e-01,8.275799999999999823e-02,-8.892000000000000598e-03,1.154320000000000068e-01,9.028400000000000314e-02,-9.269499999999999962e-02,1.212069999999999953e-01,4.954599999999999976e-02,-3.595500000000000085e-02,1.490200000000000032e-02,8.974300000000000332e-02,-2.695399999999999879e-02,6.600100000000000411e-02,4.927279999999999993e-01,-5.323010000000000241e-01,1.163170000000000037e-01,-1.113600000000000007e-02,8.301999999999999658e-02,-2.487870000000000081e-01,-2.740400000000000127e-02,-8.236670000000000380e-01,7.925429999999999975e-01,2.351939999999999864e-01,-6.888099999999999778e-02,1.906819999999999904e-01,4.838759999999999728e-01
-6.867700000000000193e-02,1.167780000000000068e-01,8.284399999999999542e-01,7.361199999999999966e-01,-4.586500000000000299e-02,1.569999999999999998e-03,-6.752930000000000321e-01,6.018899999999999945e-02,6.970800000000000607e-02,-4.301100000000000062e-02,1.297190000000000010e-01,8.301000000000000045e-02,-8.795999999999999999e-03,1.144509999999999972e-01,8.959899999999999809e-02,-9.472899999999999376e-02,1.206219999999999931e-01,4.982899999999999829e-02,-3.550600000000000284e-02,1.545000000000000019e-02,8.948200000000000598e-02,-2.561499999999999888e-02,6.550899999999999779e-02,4.314620000000000122e-01,-4.854129999999999834e-01,1.319960000000000022e-01,1.544000000000000017e-03,7.832799999999999485e-02,-2.257939999999999947e-01,-1.323599999999999950e-02,-7.712229999999999919e-01,7.574140000000000317e-01,2.659420000000000117e-01,-7.661900000000000654e-02,1.870519999999999960e-01,4.552459999999999840e-01
-6.878399999999999792e-02,1.171330000000000010e-01,8.284789999999999655e-01,7.363260000000000360e-01,-4.551999999999999796e-02,1.784999999999999911e-03,-6.750920000000000254e-01,5.878400000000000292e-02,6.928800000000000237e-02,-4.413700000000000262e-02,1.293420000000000125e-01,8.375799999999999912e-02,-8.958999999999999950e-03,1.134209999999999940e-01,8.913500000000000589e-02,-9.678499999999999603e-02,1.201379999999999948e-01,4.982899999999999829e-02,-3.524599999999999955e-02,1.605399999999999883e-02,8.895699999999999441e-02,-2.401299999999999962e-02,6.356699999999999851e-02,3.747400000000000175e-01,-4.432690000000000241e-01,1.475589999999999957e-01,1.492199999999999950e-02,7.262100000000000499e-02,-2.047549999999999926e-01,-1.663999999999999898e-03,-7.129900000000000126e-01,7.183779999999999610e-01,2.956639999999999824e-01,-8.462899999999999590e-02,1.786850000000000105e-01,4.224910000000000054e-01
-6.884500000000000342e-02,1.175469999999999987e-01,8.285160000000000302e-01,7.365350000000000508e-01,-4.522799999999999737e-02,1.928999999999999942e-03,-6.748830000000000107e-01,5.746199999999999919e-02,6.890000000000000291e-02,-4.530300000000000299e-02,1.290109999999999868e-01,8.455000000000000016e-02,-9.178000000000000394e-03,1.124499999999999944e-01,8.869900000000000007e-02,-9.888299999999999867e-02,1.197649999999999965e-01,4.982799999999999729e-02,-3.504499999999999976e-02,1.651199999999999890e-02,8.829299999999999649e-02,-2.232900000000000162e-02,6.167199999999999765e-02,3.244969999999999799e-01,-4.062740000000000240e-01,1.610880000000000090e-01,2.920100000000000126e-02,6.712400000000000311e-02,-1.867119999999999891e-01,8.718999999999999320e-03,-6.531120000000000259e-01,6.756699999999999928e-01,3.195990000000000220e-01,-9.256100000000000438e-02,1.683429999999999926e-01,3.880750000000000033e-01
-6.893499999999999628e-02,1.176259999999999944e-01,8.284479999999999622e-01,7.368519999999999515e-01,-4.571900000000000269e-02,1.240000000000000000e-03,-6.745050000000000212e-01,5.818399999999999961e-02,6.856700000000000295e-02,-4.602699999999999847e-02,1.310230000000000006e-01,8.301999999999999658e-02,-9.332999999999999283e-03,1.129899999999999932e-01,8.803500000000000214e-02,-1.013659999999999978e-01,1.223410000000000053e-01,4.807499999999999968e-02,-3.478900000000000048e-02,1.904099999999999890e-02,8.617600000000000260e-02,-1.751300000000000079e-02,5.307200000000000112e-02,2.614540000000000197e-01,-3.719569999999999821e-01,2.189010000000000122e-01,3.383200000000000096e-02,5.616299999999999765e-02,-1.592580000000000107e-01,6.029999999999999770e-03,-5.600840000000000263e-01,6.370879999999999876e-01,3.635269999999999890e-01,-9.278899999999999648e-02,1.501830000000000109e-01,3.482190000000000007e-01
-6.888500000000000179e-02,1.176109999999999933e-01,8.284859999999999447e-01,7.371729999999999672e-01,-4.564700000000000008e-02,1.368999999999999991e-03,-6.741589999999999527e-01,5.807600000000000262e-02,6.850299999999999445e-02,-4.700000000000000011e-02,1.304220000000000101e-01,8.299900000000000333e-02,-9.523999999999999480e-03,1.130759999999999960e-01,8.785600000000000354e-02,-1.034439999999999943e-01,1.219750000000000001e-01,4.787600000000000189e-02,-3.459399999999999975e-02,2.008800000000000169e-02,8.523699999999999333e-02,-1.601299999999999946e-02,4.948000000000000315e-02,2.096560000000000090e-01,-3.418629999999999725e-01,2.669259999999999966e-01,3.782499999999999751e-02,4.958699999999999913e-02,-1.350770000000000026e-01,5.916000000000000252e-03,-4.748180000000000178e-01,5.987299999999999844e-01,3.934279999999999999e-01,-9.196500000000000508e-02,1.368969999999999909e-01,3.100439999999999863e-01
-6.887600000000000666e-02,1.175569999999999948e-01,8.284270000000000245e-01,7.375019999999999909e-01,-4.559799999999999964e-02,1.477000000000000014e-03,-6.738030000000000408e-01,5.789400000000000102e-02,6.848700000000000621e-02,-4.803600000000000231e-02,1.299410000000000009e-01,8.298500000000000321e-02,-9.773999999999999702e-03,1.131640000000000007e-01,8.773200000000000442e-02,-1.055740000000000012e-01,1.215969999999999968e-01,4.773899999999999672e-02,-3.445700000000000152e-02,2.127300000000000024e-02,8.448100000000000054e-02,-1.517800000000000052e-02,4.628600000000000075e-02,1.657530000000000114e-01,-3.179299999999999904e-01,3.138529999999999931e-01,4.179000000000000076e-02,4.447700000000000264e-02,-1.146419999999999939e-01,7.067000000000000365e-03,-3.938530000000000086e-01,5.614559999999999551e-01,4.195429999999999993e-01,-9.128200000000000203e-02,1.249109999999999943e-01,2.743229999999999835e-01
-6.859999999999999432e-02,1.175599999999999978e-01,8.283749999999999725e-01,7.377500000000000169e-01,-4.571700000000000069e-02,1.579000000000000108e-03,-6.735229999999999828e-01,5.805099999999999844e-02,6.815400000000000624e-02,-4.902800000000000213e-02,1.292639999999999900e-01,8.270700000000000274e-02,-9.631000000000000671e-03,1.136049999999999977e-01,8.736499999999999821e-02,-1.074119999999999936e-01,1.212150000000000033e-01,4.768900000000000222e-02,-3.414799999999999780e-02,2.210200000000000012e-02,8.363099999999999701e-02,-1.501000000000000077e-02,4.135599999999999693e-02,1.235180000000000028e-01,-2.781770000000000076e-01,3.485829999999999762e-01,1.681300000000000155e-02,4.172000000000000014e-02,-7.879099999999999993e-02,6.349999999999999742e-03,-3.209899999999999975e-01,5.009029999999999871e-01,4.315289999999999959e-01,-6.499699999999999922e-02,1.106660000000000005e-01,2.208249999999999935e-01
-6.829999999999999960e-02,1.178580000000000044e-01,8.283099999999999907e-01,7.380029999999999646e-01,-4.605800000000000172e-02,1.407999999999999963e-03,-6.732219999999999871e-01,5.852399999999999963e-02,6.790599999999999414e-02,-4.967499999999999694e-02,1.290749999999999953e-01,8.240799999999999514e-02,-9.540999999999999134e-03,1.143109999999999959e-01,8.700800000000000201e-02,-1.089190000000000019e-01,1.212629999999999958e-01,4.757399999999999823e-02,-3.395600000000000007e-02,2.326399999999999996e-02,8.301799999999999458e-02,-1.507200000000000033e-02,3.598099999999999909e-02,8.859899999999999720e-02,-2.439919999999999867e-01,3.846890000000000032e-01,-9.410999999999999227e-03,3.923499999999999904e-02,-4.776999999999999996e-02,5.681000000000000286e-03,-2.554890000000000216e-01,4.456359999999999766e-01,4.437999999999999723e-01,-3.867899999999999811e-02,9.781299999999999717e-02,1.731520000000000004e-01
-6.808500000000000663e-02,1.182669999999999971e-01,8.283230000000000315e-01,7.382549999999999946e-01,-4.660799999999999665e-02,9.899999999999999946e-04,-6.729089999999999794e-01,5.920999999999999874e-02,6.770900000000000529e-02,-5.037799999999999917e-02,1.293590000000000018e-01,8.206399999999999806e-02,-9.558999999999999789e-03,1.152470000000000022e-01,8.669000000000000317e-02,-1.104880000000000029e-01,1.217530000000000001e-01,4.741999999999999688e-02,-3.387699999999999739e-02,2.476400000000000129e-02,8.265100000000000224e-02,-1.560100000000000028e-02,3.049999999999999933e-02,5.962599999999999845e-02,-2.143130000000000035e-01,4.239269999999999983e-01,-3.660900000000000265e-02,3.648900000000000060e-02,-2.111100000000000129e-02,5.209000000000000088e-03,-1.971360000000000057e-01,3.969790000000000263e-01,4.594150000000000178e-01,-1.252900000000000021e-02,8.595400000000000262e-02,1.311890000000000001e-01
-6.847100000000000408e-02,1.182450000000000029e-01,8.283080000000000442e-01,7.384889999999999510e-01,-4.628499999999999975e-02,1.415000000000000025e-03,-6.726729999999999654e-01,5.862200000000000050e-02,6.833599999999999397e-02,-5.130500000000000338e-02,1.277149999999999952e-01,8.293300000000000671e-02,-9.988999999999999616e-03,1.149030000000000051e-01,8.744899999999999896e-02,-1.119710000000000011e-01,1.196109999999999951e-01,4.832499999999999990e-02,-3.421899999999999942e-02,2.490699999999999859e-02,8.385599999999999998e-02,-1.986999999999999877e-02,3.206400000000000222e-02,4.294200000000000100e-02,-1.875320000000000042e-01,4.123569999999999736e-01,-6.393200000000000272e-02,3.521599999999999731e-02,-2.082000000000000083e-03,5.590999999999999616e-03,-1.542149999999999910e-01,3.421810000000000129e-01,4.446970000000000089e-01,1.902200000000000071e-02,7.835799999999999710e-02,9.161800000000000499e-02
-6.922699999999999687e-02,1.188459999999999933e-01,8.281960000000000433e-01,7.386749999999999705e-01,-4.737100000000000338e-02,-4.199999999999999768e-05,-6.723949999999999649e-01,6.038099999999999717e-02,6.876599999999999380e-02,-5.209500000000000242e-02,1.307270000000000099e-01,8.138700000000000101e-02,-1.067700000000000073e-02,1.168600000000000055e-01,8.769499999999999518e-02,-1.136459999999999970e-01,1.227049999999999946e-01,4.649500000000000161e-02,-3.479399999999999854e-02,2.658800000000000052e-02,8.346900000000000153e-02,-1.765200000000000102e-02,2.786900000000000141e-02,2.739899999999999974e-02,-1.648660000000000125e-01,4.131110000000000060e-01,-9.639599999999999558e-02,2.986899999999999972e-02,1.537400000000000051e-02,1.835999999999999958e-03,-1.115130000000000010e-01,2.931090000000000084e-01,4.462130000000000263e-01,5.439599999999999991e-02,6.572600000000000664e-02,5.488200000000000023e-02
-6.987899999999999667e-02,1.193469999999999948e-01,8.281279999999999752e-01,7.388439999999999452e-01,-4.798100000000000281e-02,-8.329999999999999731e-04,-6.721650000000000125e-01,6.139800000000000119e-02,6.934700000000000586e-02,-5.278200000000000253e-02,1.316859999999999975e-01,8.102700000000000180e-02,-1.126800000000000024e-02,1.181480000000000030e-01,8.815299999999999525e-02,-1.151950000000000057e-01,1.235160000000000008e-01,4.601899999999999741e-02,-3.527700000000000280e-02,2.758000000000000035e-02,8.400299999999999434e-02,-1.875699999999999937e-02,2.782099999999999851e-02,1.325600000000000042e-02,-1.420170000000000043e-01,4.157480000000000064e-01,-1.276780000000000137e-01,2.525300000000000114e-02,3.166200000000000264e-02,5.029999999999999749e-04,-7.638599999999999557e-02,2.507090000000000152e-01,4.504170000000000118e-01,8.802799999999999514e-02,5.600900000000000323e-02,2.280599999999999988e-02
-7.059400000000000397e-02,1.197130000000000000e-01,8.281680000000000152e-01,7.390729999999999800e-01,-4.769600000000000228e-02,-4.420000000000000101e-04,-6.719349999999999490e-01,6.055200000000000166e-02,7.044000000000000261e-02,-5.256000000000000255e-02,1.292210000000000025e-01,8.295500000000000096e-02,-1.214100000000000075e-02,1.175210000000000005e-01,8.932800000000000462e-02,-1.158539999999999986e-01,1.209459999999999980e-01,4.769500000000000128e-02,-3.539099999999999885e-02,2.496800000000000061e-02,8.421199999999999519e-02,-2.175699999999999856e-02,3.010099999999999928e-02,8.399000000000000216e-03,-1.448230000000000073e-01,4.039909999999999890e-01,-1.342150000000000010e-01,2.712799999999999934e-02,2.817000000000000060e-02,2.609999999999999907e-03,-6.680400000000000227e-02,2.343320000000000125e-01,4.193640000000000145e-01,9.055799999999999961e-02,4.739000000000000157e-02,1.839199999999999863e-02
-7.130100000000000326e-02,1.200269999999999948e-01,8.281450000000000200e-01,7.393389999999999684e-01,-4.783400000000000152e-02,-6.830000000000000134e-04,-6.716320000000000068e-01,6.036600000000000299e-02,7.120200000000000140e-02,-5.269100000000000172e-02,1.291799999999999893e-01,8.338500000000000079e-02,-1.302599999999999938e-02,1.177600000000000036e-01,9.004800000000000304e-02,-1.173330000000000067e-01,1.206320000000000031e-01,4.791600000000000026e-02,-3.597800000000000303e-02,2.355099999999999902e-02,8.412500000000000533e-02,-2.298000000000000043e-02,3.116400000000000073e-02,2.478000000000000168e-03,-1.487570000000000003e-01,3.985620000000000274e-01,-1.437589999999999979e-01,2.924099999999999963e-02,2.412600000000000161e-02,5.180999999999999842e-03,-5.946300000000000197e-02,2.202169999999999961e-01,3.941129999999999911e-01,9.391900000000000248e-02,3.994999999999999940e-02,1.632499999999999923e-02
-7.202100000000000168e-02,1.204820000000000058e-01,8.281140000000000168e-01,7.396040000000000392e-01,-4.809599999999999986e-02,-1.075000000000000001e-03,-6.713209999999999456e-01,6.042899999999999661e-02,7.194499999999999507e-02,-5.283100000000000296e-02,1.293980000000000130e-01,8.369999999999999662e-02,-1.391900000000000082e-02,1.181859999999999994e-01,9.073900000000000021e-02,-1.188270000000000021e-01,1.207079999999999959e-01,4.794799999999999757e-02,-3.657300000000000134e-02,2.251099999999999976e-02,8.408400000000000596e-02,-2.376500000000000140e-02,3.214000000000000190e-02,-4.902000000000000107e-03,-1.526480000000000059e-01,3.983490000000000086e-01,-1.557040000000000091e-01,3.114099999999999854e-02,2.071699999999999930e-02,7.945999999999999938e-03,-5.292600000000000082e-02,2.084870000000000057e-01,3.747150000000000203e-01,9.855400000000000271e-02,3.314500000000000085e-02,1.455900000000000076e-02
-7.256999999999999562e-02,1.207799999999999985e-01,8.280999999999999472e-01,7.398979999999999446e-01,-4.837500000000000133e-02,-1.409000000000000096e-03,-6.709760000000000169e-01,6.066400000000000264e-02,7.286700000000000121e-02,-5.303100000000000175e-02,1.295520000000000005e-01,8.392099999999999560e-02,-1.440600000000000040e-02,1.188690000000000024e-01,9.131100000000000327e-02,-1.204790000000000028e-01,1.206119999999999970e-01,4.796500000000000069e-02,-3.647199999999999748e-02,2.333599999999999910e-02,8.423300000000000232e-02,-2.472200000000000092e-02,2.985900000000000012e-02,2.426999999999999904e-03,-1.597949999999999926e-01,3.932959999999999789e-01,-1.519320000000000115e-01,3.325600000000000084e-02,1.831800000000000095e-02,7.860999999999999932e-03,-5.273699999999999916e-02,2.063709999999999989e-01,3.718699999999999783e-01,9.670499999999999929e-02,3.359499999999999986e-02,1.501599999999999983e-02
-7.314500000000000168e-02,1.210060000000000024e-01,8.280699999999999728e-01,7.401640000000000441e-01,-4.864700000000000274e-02,-1.727000000000000019e-03,-6.706619999999999804e-01,6.092199999999999699e-02,7.360899999999999388e-02,-5.294700000000000101e-02,1.296750000000000125e-01,8.404000000000000359e-02,-1.482900000000000017e-02,1.195510000000000045e-01,9.193800000000000583e-02,-1.223769999999999997e-01,1.205259999999999942e-01,4.791399999999999826e-02,-3.664499999999999702e-02,2.394200000000000148e-02,8.402800000000000546e-02,-2.555100000000000079e-02,2.816199999999999953e-02,9.070999999999999203e-03,-1.652629999999999932e-01,3.908730000000000260e-01,-1.483480000000000076e-01,3.587800000000000017e-02,1.642499999999999863e-02,6.624999999999999813e-03,-5.091799999999999798e-02,2.054400000000000115e-01,3.751840000000000175e-01,9.588000000000000689e-02,3.413700000000000068e-02,1.617299999999999988e-02
-7.374600000000000599e-02,1.212460000000000065e-01,8.280399999999999983e-01,7.404319999999999791e-01,-4.892400000000000221e-02,-2.066000000000000128e-03,-6.703449999999999687e-01,6.120099999999999846e-02,7.436399999999999955e-02,-5.288199999999999845e-02,1.297949999999999937e-01,8.418100000000000582e-02,-1.528799999999999951e-02,1.202369999999999967e-01,9.257700000000000651e-02,-1.242919999999999997e-01,1.204780000000000018e-01,4.785600000000000270e-02,-3.685100000000000181e-02,2.434499999999999859e-02,8.366800000000000626e-02,-2.630499999999999852e-02,2.662199999999999983e-02,1.424899999999999951e-02,-1.699110000000000065e-01,3.914440000000000142e-01,-1.467799999999999938e-01,3.871999999999999748e-02,1.553599999999999946e-02,5.039000000000000076e-03,-4.792500000000000232e-02,2.053030000000000133e-01,3.828849999999999754e-01,9.677399999999999891e-02,3.447599999999999970e-02,1.697699999999999904e-02
-7.435899999999999455e-02,1.214739999999999986e-01,8.280239999999999823e-01,7.407420000000000115e-01,-4.891000000000000208e-02,-2.054999999999999969e-03,-6.700040000000000440e-01,6.062100000000000127e-02,7.535500000000000531e-02,-5.338699999999999696e-02,1.296670000000000045e-01,8.451300000000000479e-02,-1.647799999999999959e-02,1.199049999999999977e-01,9.314400000000000457e-02,-1.263189999999999868e-01,1.204070000000000001e-01,4.813699999999999923e-02,-3.811699999999999811e-02,2.343900000000000150e-02,8.331299999999999817e-02,-2.519700000000000065e-02,2.478199999999999847e-02,1.791399999999999937e-02,-1.758530000000000093e-01,3.824910000000000254e-01,-1.389849999999999974e-01,3.850900000000000156e-02,1.026299999999999955e-02,5.518999999999999601e-03,-5.047399999999999803e-02,2.102130000000000110e-01,3.807220000000000049e-01,9.034699999999999676e-02,3.397800000000000126e-02,2.175399999999999903e-02
-7.481999999999999762e-02,1.216259999999999980e-01,8.279929999999999790e-01,7.410989999999999522e-01,-4.879399999999999710e-02,-1.961000000000000069e-03,-6.696180000000000465e-01,5.985800000000000148e-02,7.600999999999999424e-02,-5.380399999999999766e-02,1.295719999999999927e-01,8.475399999999999601e-02,-1.754299999999999957e-02,1.195360000000000034e-01,9.367599999999999538e-02,-1.283130000000000104e-01,1.202769999999999950e-01,4.804800000000000043e-02,-3.926199999999999829e-02,2.205299999999999969e-02,8.323600000000000443e-02,-2.435100000000000112e-02,2.424600000000000019e-02,2.047099999999999961e-02,-1.808980000000000032e-01,3.736970000000000014e-01,-1.318169999999999897e-01,3.890099999999999808e-02,5.701000000000000338e-03,6.980000000000000093e-03,-5.375900000000000123e-02,2.150289999999999979e-01,3.781399999999999761e-01,8.418200000000000682e-02,3.454200000000000326e-02,2.624900000000000150e-02
-7.534399999999999431e-02,1.217430000000000040e-01,8.279630000000000045e-01,7.414640000000000120e-01,-4.864199999999999774e-02,-1.825999999999999932e-03,-6.692249999999999588e-01,5.901700000000000002e-02,7.663200000000000567e-02,-5.423000000000000043e-02,1.294859999999999900e-01,8.496099999999999486e-02,-1.857500000000000123e-02,1.191050000000000025e-01,9.417599999999999583e-02,-1.303149999999999864e-01,1.201419999999999988e-01,4.792199999999999932e-02,-4.037299999999999917e-02,2.055200000000000082e-02,8.325499999999999567e-02,-2.369500000000000078e-02,2.421999999999999847e-02,2.189500000000000127e-02,-1.858150000000000079e-01,3.660990000000000077e-01,-1.261160000000000059e-01,3.974400000000000155e-02,1.871000000000000050e-03,8.894000000000000863e-03,-5.648199999999999749e-02,2.198549999999999949e-01,3.767719999999999958e-01,7.915400000000000214e-02,3.549599999999999977e-02,3.012600000000000000e-02
-7.587399999999999700e-02,1.218830000000000052e-01,8.279609999999999470e-01,7.412060000000000315e-01,-4.868000000000000105e-02,-1.869999999999999917e-03,-6.695079999999999920e-01,5.897199999999999664e-02,7.764699999999999380e-02,-5.288700000000000345e-02,1.294250000000000123e-01,8.436899999999999955e-02,-1.840599999999999875e-02,1.188540000000000013e-01,9.497700000000000586e-02,-1.298819999999999975e-01,1.199080000000000007e-01,4.805799999999999655e-02,-3.931400000000000172e-02,1.890100000000000113e-02,8.355200000000000127e-02,-2.410699999999999996e-02,2.574600000000000152e-02,2.340899999999999925e-02,-1.857459999999999944e-01,3.601909999999999834e-01,-1.222179999999999933e-01,3.937100000000000322e-02,2.369999999999999874e-04,9.535999999999999338e-03,-5.912099999999999994e-02,2.217189999999999994e-01,3.689839999999999787e-01,7.363999999999999713e-02,3.556999999999999745e-02,3.293900000000000300e-02
-7.629099999999999770e-02,1.219080000000000025e-01,8.279269999999999685e-01,7.408219999999999805e-01,-4.868299999999999711e-02,-1.783000000000000080e-03,-6.699319999999999720e-01,5.900799999999999795e-02,7.880099999999999605e-02,-5.193400000000000100e-02,1.293509999999999938e-01,8.385299999999999698e-02,-1.879899999999999974e-02,1.185959999999999931e-01,9.591099999999999626e-02,-1.303839999999999999e-01,1.195699999999999957e-01,4.815699999999999842e-02,-3.966000000000000081e-02,1.735599999999999990e-02,8.387600000000000611e-02,-2.428900000000000156e-02,2.737799999999999956e-02,2.401999999999999968e-02,-1.855700000000000127e-01,3.554120000000000057e-01,-1.192369999999999958e-01,3.889800000000000202e-02,-1.020999999999999989e-03,1.069200000000000012e-02,-6.153000000000000136e-02,2.236329999999999985e-01,3.611599999999999810e-01,6.864800000000000069e-02,3.641699999999999798e-02,3.520399999999999918e-02
-7.679199999999999915e-02,1.219289999999999957e-01,8.278919999999999613e-01,7.404439999999999911e-01,-4.868900000000000311e-02,-1.690000000000000096e-03,-6.703500000000000014e-01,5.903599999999999820e-02,7.996200000000000530e-02,-5.100199999999999873e-02,1.292820000000000080e-01,8.333599999999999342e-02,-1.918600000000000166e-02,1.183389999999999997e-01,9.685100000000000653e-02,-1.309039999999999926e-01,1.192249999999999976e-01,4.825299999999999728e-02,-3.999899999999999983e-02,1.577900000000000136e-02,8.423700000000000632e-02,-2.447300000000000170e-02,2.909099999999999880e-02,2.394699999999999954e-02,-1.857499999999999984e-01,3.514269999999999894e-01,-1.170820000000000055e-01,3.857499999999999818e-02,-2.200000000000000133e-03,1.213400000000000069e-02,-6.348399999999999876e-02,2.256319999999999992e-01,3.540260000000000074e-01,6.430400000000000005e-02,3.749099999999999655e-02,3.724600000000000133e-02
-7.694600000000000051e-02,1.221870000000000039e-01,8.278889999999999860e-01,7.403399999999999981e-01,-4.891199999999999715e-02,-1.835000000000000043e-03,-6.704489999999999617e-01,5.905599999999999739e-02,8.005500000000000116e-02,-5.099599999999999966e-02,1.293120000000000103e-01,8.352400000000000102e-02,-1.917800000000000060e-02,1.184650000000000009e-01,9.673700000000000354e-02,-1.318320000000000047e-01,1.191789999999999933e-01,4.799400000000000194e-02,-4.010299999999999976e-02,1.413500000000000000e-02,8.463099999999999790e-02,-2.496900000000000161e-02,2.869599999999999929e-02,2.734899999999999831e-02,-1.863680000000000059e-01,3.474579999999999891e-01,-1.114310000000000023e-01,3.796100000000000169e-02,-1.471000000000000085e-03,1.326399999999999975e-02,-6.884200000000000041e-02,2.245330000000000104e-01,3.475800000000000001e-01,6.261600000000000499e-02,3.775099999999999983e-02,3.661999999999999977e-02
-7.709799999999999986e-02,1.224709999999999965e-01,8.278640000000000443e-01,7.403039999999999621e-01,-4.911900000000000294e-02,-2.037000000000000182e-03,-6.704719999999999569e-01,5.922299999999999787e-02,8.030900000000000538e-02,-5.061399999999999927e-02,1.292449999999999988e-01,8.340500000000000691e-02,-1.931499999999999884e-02,1.185890000000000000e-01,9.677499999999999991e-02,-1.331380000000000063e-01,1.191139999999999977e-01,4.782600000000000046e-02,-4.032199999999999673e-02,1.267000000000000071e-02,8.505200000000000260e-02,-2.517499999999999946e-02,2.796399999999999927e-02,3.039999999999999994e-02,-1.875650000000000095e-01,3.441400000000000015e-01,-1.056659999999999960e-01,3.738999999999999962e-02,-9.610000000000000486e-04,1.469900000000000026e-02,-7.394100000000000672e-02,2.232290000000000108e-01,3.416120000000000267e-01,6.147299999999999986e-02,3.783199999999999757e-02,3.581800000000000261e-02
-7.733800000000000396e-02,1.227619999999999961e-01,8.278400000000000203e-01,7.402649999999999508e-01,-4.934700000000000197e-02,-2.258000000000000024e-03,-6.704970000000000097e-01,5.944200000000000178e-02,8.057200000000000473e-02,-5.022599999999999981e-02,1.291869999999999963e-01,8.328399999999999692e-02,-1.945300000000000154e-02,1.187689999999999996e-01,9.682100000000000428e-02,-1.344370000000000009e-01,1.190510000000000040e-01,4.766399999999999804e-02,-4.054300000000000265e-02,1.128499999999999989e-02,8.548400000000000443e-02,-2.529599999999999904e-02,2.717699999999999977e-02,3.319099999999999828e-02,-1.892949999999999910e-01,3.412189999999999945e-01,-1.000879999999999964e-01,3.689800000000000024e-02,-6.639999999999999852e-04,1.638600000000000126e-02,-7.884199999999999542e-02,2.220449999999999924e-01,3.361109999999999931e-01,6.058100000000000290e-02,3.788199999999999901e-02,3.509099999999999719e-02
-7.710100000000000287e-02,1.230129999999999973e-01,8.278250000000000330e-01,7.399499999999999966e-01,-4.963200000000000250e-02,-2.426999999999999904e-03,-6.708239999999999759e-01,6.030200000000000143e-02,8.067499999999999671e-02,-4.995200000000000334e-02,1.292470000000000008e-01,8.323200000000000043e-02,-1.926599999999999840e-02,1.195510000000000045e-01,9.690500000000000502e-02,-1.346999999999999864e-01,1.191490000000000049e-01,4.774799999999999878e-02,-4.031499999999999667e-02,1.103099999999999914e-02,8.651699999999999668e-02,-2.643699999999999870e-02,2.470599999999999880e-02,3.761699999999999766e-02,-1.849419999999999953e-01,3.428089999999999749e-01,-1.003249999999999975e-01,3.641699999999999798e-02,3.406999999999999872e-03,1.506399999999999927e-02,-7.851900000000000546e-02,2.208549999999999958e-01,3.357289999999999996e-01,6.049299999999999816e-02,3.871700000000000141e-02,3.285500000000000226e-02
-7.692200000000000426e-02,1.233920000000000017e-01,8.278090000000000170e-01,7.396359999999999602e-01,-5.001699999999999896e-02,-2.650000000000000012e-03,-6.711399999999999588e-01,6.094399999999999817e-02,8.079200000000000270e-02,-4.895499999999999852e-02,1.292520000000000058e-01,8.309600000000000319e-02,-1.913600000000000023e-02,1.199950000000000044e-01,9.689899999999999902e-02,-1.348509999999999986e-01,1.192590000000000039e-01,4.786499999999999783e-02,-4.016900000000000331e-02,1.015300000000000057e-02,8.738899999999999446e-02,-2.709599999999999856e-02,2.163800000000000098e-02,4.203199999999999992e-02,-1.805789999999999895e-01,3.454880000000000173e-01,-1.010739999999999972e-01,3.562799999999999995e-02,7.478000000000000272e-03,1.295900000000000003e-02,-7.711199999999999999e-02,2.204230000000000078e-01,3.369809999999999750e-01,6.062700000000000033e-02,3.923000000000000098e-02,3.073199999999999890e-02
-7.675700000000000578e-02,1.237069999999999975e-01,8.277930000000000010e-01,7.393239999999999812e-01,-5.041500000000000148e-02,-2.893000000000000172e-03,-6.714529999999999665e-01,6.159699999999999898e-02,8.091600000000000181e-02,-4.797200000000000075e-02,1.292760000000000020e-01,8.297899999999999721e-02,-1.902300000000000171e-02,1.204360000000000014e-01,9.690000000000000002e-02,-1.350129999999999941e-01,1.194100000000000023e-01,4.798600000000000088e-02,-4.004400000000000320e-02,9.117000000000000104e-03,8.819799999999999862e-02,-2.760100000000000053e-02,1.844499999999999959e-02,4.649500000000000161e-02,-1.764509999999999967e-01,3.485809999999999742e-01,-1.018099999999999977e-01,3.474499999999999811e-02,1.142400000000000013e-02,1.071199999999999930e-02,-7.553300000000000292e-02,2.204149999999999998e-01,3.389050000000000118e-01,6.084799999999999931e-02,3.956799999999999901e-02,2.878100000000000103e-02
-7.702499999999999625e-02,1.240880000000000039e-01,8.276890000000000081e-01,7.389499999999999957e-01,-5.073699999999999738e-02,-3.271000000000000036e-03,-6.718389999999999640e-01,6.258099999999999774e-02,8.194899999999999407e-02,-4.468400000000000150e-02,1.292889999999999873e-01,8.201999999999999569e-02,-1.895300000000000110e-02,1.207239999999999980e-01,9.730300000000000060e-02,-1.349410000000000054e-01,1.193899999999999961e-01,4.720699999999999896e-02,-4.057499999999999996e-02,7.557000000000000349e-03,8.789500000000000091e-02,-2.741000000000000034e-02,1.899800000000000100e-02,4.635999999999999843e-02,-1.755760000000000098e-01,3.496920000000000028e-01,-1.014199999999999963e-01,3.413399999999999768e-02,1.148099999999999989e-02,9.693000000000000227e-03,-7.827299999999999536e-02,2.207469999999999988e-01,3.388329999999999953e-01,5.916500000000000231e-02,3.945699999999999902e-02,2.724400000000000086e-02
-7.724699999999999622e-02,1.244080000000000047e-01,8.275869999999999616e-01,7.385369999999999990e-01,-5.109999999999999959e-02,-3.611000000000000060e-03,-6.722639999999999727e-01,6.345399999999999652e-02,8.262500000000000400e-02,-4.306600000000000011e-02,1.292999999999999983e-01,8.123600000000000265e-02,-1.904000000000000137e-02,1.212219999999999964e-01,9.781700000000000117e-02,-1.346209999999999907e-01,1.194029999999999953e-01,4.655600000000000016e-02,-4.102700000000000097e-02,6.267000000000000001e-03,8.811299999999999688e-02,-2.741700000000000040e-02,2.029600000000000154e-02,4.619600000000000095e-02,-1.752879999999999994e-01,3.503999999999999893e-01,-1.008129999999999998e-01,3.346500000000000169e-02,1.164699999999999937e-02,9.549999999999999462e-03,-8.181900000000000284e-02,2.212250000000000050e-01,3.385480000000000156e-01,5.721400000000000097e-02,3.901600000000000207e-02,2.557999999999999857e-02
-7.745599999999999707e-02,1.247120000000000034e-01,8.274850000000000261e-01,7.381299999999999528e-01,-5.144900000000000168e-02,-3.929000000000000201e-03,-6.726830000000000309e-01,6.429600000000000593e-02,8.329000000000000292e-02,-4.146199999999999886e-02,1.293030000000000013e-01,8.043999999999999762e-02,-1.910799999999999998e-02,1.217199999999999949e-01,9.832599999999999674e-02,-1.343100000000000127e-01,1.193560000000000038e-01,4.591499999999999748e-02,-4.145800000000000179e-02,5.001000000000000237e-03,8.838500000000000523e-02,-2.757899999999999935e-02,2.166300000000000170e-02,4.624199999999999838e-02,-1.752799999999999914e-01,3.508359999999999812e-01,-1.001169999999999977e-01,3.325100000000000278e-02,1.202300000000000070e-02,9.532000000000000542e-03,-8.579599999999999727e-02,2.218469999999999887e-01,3.379699999999999926e-01,5.514800000000000257e-02,3.905999999999999750e-02,2.418100000000000110e-02
-7.766599999999999893e-02,1.246130000000000015e-01,8.274010000000000531e-01,7.379229999999999956e-01,-5.161500000000000116e-02,-4.131000000000000123e-03,-6.728960000000000496e-01,6.511899999999999633e-02,8.352199999999999902e-02,-4.195600000000000024e-02,1.293829999999999980e-01,8.022799999999999376e-02,-1.891999999999999932e-02,1.222939999999999999e-01,9.824399999999999800e-02,-1.348149999999999904e-01,1.193710000000000049e-01,4.553399999999999809e-02,-4.080299999999999899e-02,5.401999999999999684e-03,8.909400000000000652e-02,-2.778999999999999873e-02,2.160499999999999921e-02,4.719999999999999890e-02,-1.741090000000000138e-01,3.521079999999999766e-01,-1.011269999999999947e-01,3.358099999999999974e-02,1.287400000000000003e-02,8.947000000000000092e-03,-8.523600000000000620e-02,2.230840000000000045e-01,3.381279999999999841e-01,5.468100000000000044e-02,3.950300000000000339e-02,2.346699999999999828e-02
-7.790300000000000002e-02,1.245389999999999969e-01,8.273059999999999858e-01,7.377569999999999961e-01,-5.180200000000000082e-02,-4.329999999999999648e-03,-6.730610000000000204e-01,6.589899999999999924e-02,8.399199999999999722e-02,-4.133099999999999968e-02,1.293640000000000068e-01,7.939300000000000523e-02,-1.884500000000000064e-02,1.228520000000000029e-01,9.853000000000000647e-02,-1.351799999999999946e-01,1.193629999999999969e-01,4.458999999999999769e-02,-4.076899999999999968e-02,5.686000000000000082e-03,8.957099999999999784e-02,-2.791700000000000084e-02,2.130400000000000002e-02,4.844600000000000295e-02,-1.731340000000000101e-01,3.537770000000000081e-01,-1.021880000000000011e-01,3.390300000000000258e-02,1.379599999999999924e-02,8.135999999999999135e-03,-8.442399999999999904e-02,2.245669999999999888e-01,3.386460000000000026e-01,5.429900000000000004e-02,3.998499999999999971e-02,2.267200000000000118e-02
-7.814699999999999425e-02,1.245570000000000010e-01,8.271230000000000526e-01,7.375850000000000461e-01,-5.199700000000000155e-02,-4.537000000000000234e-03,-6.732339999999999991e-01,6.668699999999999628e-02,8.447899999999999854e-02,-4.068499999999999894e-02,1.293819999999999970e-01,7.853899999999999770e-02,-1.878000000000000155e-02,1.234100000000000058e-01,9.882799999999999918e-02,-1.355290000000000106e-01,1.193980000000000041e-01,4.363199999999999718e-02,-4.074300000000000144e-02,5.987000000000000134e-03,9.001699999999999979e-02,-2.800000000000000058e-02,2.090200000000000044e-02,5.000199999999999784e-02,-1.720970000000000000e-01,3.555670000000000219e-01,-1.031549999999999967e-01,3.417200000000000099e-02,1.484899999999999935e-02,7.298999999999999932e-03,-8.369899999999999562e-02,2.261869999999999992e-01,3.392140000000000155e-01,5.380499999999999866e-02,4.045800000000000091e-02,2.179299999999999987e-02
-7.816900000000000237e-02,1.247489999999999988e-01,8.271140000000000159e-01,7.374209999999999932e-01,-5.203200000000000186e-02,-4.670999999999999805e-03,-6.734099999999999531e-01,6.684199999999999864e-02,8.468900000000000039e-02,-3.989700000000000191e-02,1.293300000000000005e-01,7.777299999999999491e-02,-1.868300000000000169e-02,1.235669999999999963e-01,9.894200000000000217e-02,-1.358280000000000043e-01,1.194869999999999960e-01,4.316600000000000298e-02,-4.088699999999999973e-02,5.709999999999999798e-03,8.989300000000000068e-02,-2.792199999999999890e-02,2.044400000000000037e-02,5.097899999999999654e-02,-1.714729999999999865e-01,3.571110000000000118e-01,-1.038850000000000051e-01,3.408400000000000318e-02,1.561899999999999920e-02,6.731000000000000004e-03,-8.516899999999999471e-02,2.273499999999999965e-01,3.395059999999999745e-01,5.349500000000000088e-02,4.062000000000000333e-02,2.213000000000000037e-02
-7.825999999999999623e-02,1.248480000000000006e-01,8.270140000000000269e-01,7.372680000000000344e-01,-5.204899999999999805e-02,-4.759000000000000209e-03,-6.735759999999999525e-01,6.687400000000000289e-02,8.478900000000000325e-02,-3.920599999999999780e-02,1.293159999999999865e-01,7.737199999999999633e-02,-1.866800000000000057e-02,1.234100000000000058e-01,9.889799999999999980e-02,-1.361159999999999870e-01,1.195660000000000056e-01,4.261700000000000210e-02,-4.101599999999999691e-02,5.445000000000000187e-03,8.998599999999999655e-02,-2.785599999999999882e-02,2.004500000000000032e-02,5.208100000000000229e-02,-1.707440000000000069e-01,3.585039999999999893e-01,-1.044729999999999964e-01,3.393899999999999695e-02,1.656699999999999839e-02,6.366000000000000131e-03,-8.690000000000000502e-02,2.284559999999999924e-01,3.394969999999999932e-01,5.298699999999999938e-02,4.072300000000000225e-02,2.252399999999999888e-02
-7.834800000000000098e-02,1.250330000000000052e-01,8.270030000000000436e-01,7.371149999999999647e-01,-5.204899999999999805e-02,-4.827999999999999826e-03,-6.737429999999999808e-01,6.685699999999999976e-02,8.488500000000000212e-02,-3.851500000000000062e-02,1.292959999999999943e-01,7.698000000000000675e-02,-1.864899999999999891e-02,1.231860000000000038e-01,9.884999999999999343e-02,-1.364049999999999985e-01,1.196750000000000036e-01,4.205799999999999816e-02,-4.114199999999999802e-02,5.200999999999999894e-03,9.010100000000000053e-02,-2.785800000000000082e-02,1.961399999999999949e-02,5.341900000000000120e-02,-1.697529999999999872e-01,3.597199999999999842e-01,-1.049370000000000025e-01,3.373899999999999816e-02,1.770299999999999999e-02,6.022999999999999708e-03,-8.877899999999999681e-02,2.295159999999999978e-01,3.391299999999999870e-01,5.226800000000000196e-02,4.082299999999999818e-02,2.282000000000000001e-02
-7.783800000000000441e-02,1.252850000000000075e-01,8.269159999999999844e-01,7.370419999999999749e-01,-5.203800000000000092e-02,-4.673000000000000070e-03,-6.738250000000000073e-01,6.629999999999999782e-02,8.449299999999999866e-02,-3.784099999999999964e-02,1.292550000000000088e-01,7.678899999999999615e-02,-1.843600000000000100e-02,1.224679999999999935e-01,9.837300000000000211e-02,-1.365339999999999887e-01,1.197690000000000005e-01,4.198099999999999749e-02,-4.095300000000000329e-02,5.341000000000000261e-03,8.998599999999999655e-02,-2.711699999999999874e-02,1.966999999999999998e-02,5.317000000000000198e-02,-1.702549999999999897e-01,3.614620000000000055e-01,-1.059360000000000024e-01,3.383099999999999996e-02,1.769599999999999992e-02,5.022999999999999687e-03,-8.889800000000000479e-02,2.300369999999999915e-01,3.407399999999999873e-01,5.344399999999999845e-02,4.119300000000000045e-02,2.239700000000000024e-02
-7.733500000000000096e-02,1.256369999999999987e-01,8.269050000000000011e-01,7.369560000000000555e-01,-5.200799999999999867e-02,-4.499999999999999660e-03,-6.739220000000000210e-01,6.568100000000000327e-02,8.412100000000000133e-02,-3.711699999999999722e-02,1.292030000000000123e-01,7.644099999999999506e-02,-1.818099999999999924e-02,1.216769999999999935e-01,9.790699999999999403e-02,-1.367120000000000002e-01,1.198560000000000042e-01,4.178099999999999870e-02,-4.080700000000000299e-02,5.584999999999999687e-03,8.992999999999999605e-02,-2.647499999999999853e-02,1.958100000000000118e-02,5.317700000000000204e-02,-1.706229999999999969e-01,3.629160000000000164e-01,-1.069689999999999946e-01,3.392099999999999976e-02,1.783399999999999916e-02,3.834000000000000168e-03,-8.884300000000000530e-02,2.303840000000000054e-01,3.423760000000000137e-01,5.466100000000000125e-02,4.136900000000000299e-02,2.176000000000000156e-02
-7.683500000000000052e-02,1.259019999999999861e-01,8.268940000000000179e-01,7.368679999999999675e-01,-5.197299999999999837e-02,-4.321000000000000188e-03,-6.740220000000000100e-01,6.503499999999999559e-02,8.375499999999999612e-02,-3.639300000000000174e-02,1.291609999999999980e-01,7.609299999999999398e-02,-1.793099999999999902e-02,1.208570000000000061e-01,9.744500000000000384e-02,-1.368860000000000077e-01,1.199579999999999952e-01,4.158099999999999991e-02,-4.066999999999999782e-02,5.860999999999999890e-03,8.986900000000000444e-02,-2.585600000000000051e-02,1.941400000000000070e-02,5.337599999999999983e-02,-1.706580000000000041e-01,3.640769999999999840e-01,-1.079220000000000040e-01,3.394599999999999701e-02,1.812000000000000069e-02,2.553999999999999847e-03,-8.878700000000000481e-02,2.305860000000000132e-01,3.436679999999999735e-01,5.571999999999999870e-02,4.145299999999999679e-02,2.100300000000000084e-02
-7.685799999999999577e-02,1.262590000000000101e-01,8.268889999999999851e-01,7.368599999999999595e-01,-5.194499999999999812e-02,-4.167999999999999830e-03,-6.740329999999999933e-01,6.408999999999999420e-02,8.363700000000000301e-02,-3.610599999999999921e-02,1.291349999999999998e-01,7.626900000000000346e-02,-1.778899999999999926e-02,1.198680000000000023e-01,9.710499999999999687e-02,-1.376989999999999881e-01,1.203130000000000033e-01,4.157999999999999891e-02,-4.073800000000000338e-02,5.494999999999999885e-03,9.018199999999999827e-02,-2.506299999999999847e-02,2.012600000000000153e-02,5.168099999999999777e-02,-1.728969999999999951e-01,3.648970000000000269e-01,-1.077840000000000048e-01,3.430699999999999722e-02,1.722600000000000173e-02,2.281000000000000041e-03,-8.940800000000000136e-02,2.305999999999999994e-01,3.453479999999999883e-01,5.663399999999999684e-02,4.154599999999999960e-02,2.118599999999999997e-02
-7.694299999999999751e-02,1.266249999999999876e-01,8.268790000000000306e-01,7.368240000000000345e-01,-5.186999999999999944e-02,-4.100000000000000346e-03,-6.740800000000000125e-01,6.328300000000000591e-02,8.361799999999999788e-02,-3.588500000000000023e-02,1.291130000000000055e-01,7.643999999999999406e-02,-1.760799999999999865e-02,1.189650000000000013e-01,9.700499999999999401e-02,-1.380889999999999895e-01,1.204579999999999956e-01,4.148999999999999910e-02,-4.069300000000000000e-02,5.287000000000000033e-03,9.046899999999999387e-02,-2.446299999999999863e-02,2.091200000000000003e-02,4.998600000000000265e-02,-1.750960000000000016e-01,3.652630000000000043e-01,-1.075500000000000067e-01,3.469099999999999961e-02,1.642199999999999910e-02,1.978999999999999856e-03,-9.036299999999999888e-02,2.303459999999999952e-01,3.466310000000000224e-01,5.736999999999999739e-02,4.153899999999999954e-02,2.134099999999999886e-02
-7.693800000000000638e-02,1.269869999999999888e-01,8.267830000000000457e-01,7.367810000000000192e-01,-5.179999999999999882e-02,-4.031999999999999994e-03,-6.741319999999999535e-01,6.249199999999999894e-02,8.360800000000000176e-02,-3.564900000000000013e-02,1.290870000000000073e-01,7.660599999999999354e-02,-1.742499999999999952e-02,1.180839999999999945e-01,9.691199999999999815e-02,-1.384620000000000017e-01,1.205679999999999946e-01,4.141600000000000142e-02,-4.064500000000000057e-02,5.138000000000000206e-03,9.077999999999999958e-02,-2.388399999999999898e-02,2.167300000000000129e-02,4.835899999999999921e-02,-1.770829999999999904e-01,3.653370000000000228e-01,-1.072479999999999961e-01,3.504700000000000176e-02,1.573400000000000146e-02,1.624999999999999925e-03,-9.140199999999999714e-02,2.298890000000000100e-01,3.475380000000000136e-01,5.798699999999999688e-02,4.149200000000000110e-02,2.140600000000000142e-02
-7.695200000000000651e-02,1.273249999999999937e-01,8.267590000000000217e-01,7.368240000000000345e-01,-5.162300000000000222e-02,-3.906000000000000184e-03,-6.741000000000000325e-01,6.145199999999999968e-02,8.347300000000000553e-02,-3.537499999999999672e-02,1.290530000000000010e-01,7.687900000000000289e-02,-1.749600000000000113e-02,1.170759999999999995e-01,9.675699999999999579e-02,-1.393800000000000039e-01,1.206129999999999980e-01,4.118700000000000139e-02,-4.050999999999999740e-02,5.531000000000000326e-03,9.115800000000000292e-02,-2.358299999999999980e-02,2.092300000000000063e-02,4.759800000000000142e-02,-1.775049999999999961e-01,3.655680000000000041e-01,-1.072319999999999940e-01,3.526699999999999974e-02,1.580700000000000160e-02,1.971000000000000096e-03,-9.167200000000000348e-02,2.294769999999999865e-01,3.474900000000000211e-01,5.782600000000000240e-02,4.123000000000000276e-02,2.100099999999999884e-02
-7.706200000000000550e-02,1.276930000000000009e-01,8.267360000000000264e-01,7.367920000000000025e-01,-5.153800000000000048e-02,-3.831999999999999903e-03,-6.741409999999999902e-01,6.049800000000000316e-02,8.335399999999999754e-02,-3.512799999999999950e-02,1.290459999999999940e-01,7.716900000000000148e-02,-1.757600000000000134e-02,1.160759999999999986e-01,9.660699999999999843e-02,-1.403189999999999993e-01,1.207180000000000059e-01,4.096199999999999841e-02,-4.038499999999999729e-02,5.885999999999999739e-03,9.163300000000000611e-02,-2.318800000000000028e-02,2.000299999999999995e-02,4.692899999999999849e-02,-1.777960000000000096e-01,3.658109999999999973e-01,-1.071320000000000050e-01,3.534500000000000142e-02,1.593999999999999931e-02,2.174999999999999850e-03,-9.198399999999999632e-02,2.289009999999999934e-01,3.470429999999999904e-01,5.754800000000000193e-02,4.100399999999999878e-02,2.038999999999999840e-02
-7.708399999999999974e-02,1.281519999999999881e-01,8.267130000000000312e-01,7.367599999999999705e-01,-5.146099999999999980e-02,-3.766999999999999949e-03,-6.741829999999999767e-01,5.957599999999999701e-02,8.323700000000000543e-02,-3.487900000000000028e-02,1.290340000000000098e-01,7.745599999999999707e-02,-1.765900000000000108e-02,1.150990000000000069e-01,9.645900000000000307e-02,-1.412609999999999977e-01,1.208280000000000048e-01,4.073299999999999838e-02,-4.026500000000000218e-02,6.249000000000000214e-03,9.210699999999999443e-02,-2.275200000000000139e-02,1.898000000000000034e-02,4.621200000000000307e-02,-1.779759999999999953e-01,3.659669999999999868e-01,-1.069640000000000035e-01,3.536299999999999860e-02,1.609100000000000114e-02,2.265000000000000086e-03,-9.235799999999999566e-02,2.281579999999999997e-01,3.463570000000000260e-01,5.723299999999999915e-02,4.078699999999999687e-02,1.964899999999999980e-02
-7.688899999999999901e-02,1.284919999999999951e-01,8.267160000000000064e-01,7.368489999999999762e-01,-5.128699999999999926e-02,-3.544999999999999974e-03,-6.741000000000000325e-01,5.878699999999999898e-02,8.356099999999999639e-02,-3.418800000000000311e-02,1.289540000000000131e-01,7.720599999999999685e-02,-1.743000000000000105e-02,1.142529999999999935e-01,9.613299999999999623e-02,-1.419410000000000116e-01,1.209569999999999951e-01,4.101199999999999984e-02,-4.010099999999999776e-02,6.617999999999999751e-03,9.243099999999999927e-02,-2.261600000000000069e-02,1.858399999999999982e-02,4.560499999999999970e-02,-1.788980000000000015e-01,3.661699999999999955e-01,-1.063980000000000065e-01,3.564799999999999913e-02,1.563099999999999906e-02,1.902000000000000045e-03,-9.119399999999999729e-02,2.278149999999999897e-01,3.472830000000000084e-01,5.772000000000000047e-02,4.119400000000000145e-02,1.910099999999999992e-02
-7.679500000000000215e-02,1.288449999999999873e-01,8.266970000000000152e-01,7.369179999999999620e-01,-5.121499999999999664e-02,-3.412000000000000102e-03,-6.740300000000000180e-01,5.782299999999999940e-02,8.359600000000000364e-02,-3.344799999999999857e-02,1.289299999999999891e-01,7.747300000000000020e-02,-1.744100000000000164e-02,1.133350000000000052e-01,9.591199999999999726e-02,-1.424559999999999993e-01,1.209569999999999951e-01,4.103300000000000003e-02,-3.996199999999999752e-02,7.085000000000000152e-03,9.289799999999999447e-02,-2.235300000000000134e-02,1.818000000000000171e-02,4.497400000000000009e-02,-1.796820000000000084e-01,3.661670000000000202e-01,-1.057899999999999952e-01,3.596200000000000091e-02,1.512400000000000029e-02,1.201999999999999943e-03,-8.987000000000000544e-02,2.274670000000000025e-01,3.483180000000000165e-01,5.828699999999999853e-02,4.150399999999999923e-02,1.848500000000000143e-02
-7.661700000000000454e-02,1.292889999999999873e-01,8.266790000000000527e-01,7.369879999999999765e-01,-5.114400000000000196e-02,-3.282000000000000195e-03,-6.739600000000000035e-01,5.686999999999999694e-02,8.363299999999999901e-02,-3.270599999999999896e-02,1.288870000000000016e-01,7.775300000000000267e-02,-1.745599999999999929e-02,1.124209999999999932e-01,9.569500000000000228e-02,-1.429700000000000137e-01,1.209559999999999941e-01,4.105600000000000221e-02,-3.982600000000000029e-02,7.525999999999999704e-03,9.335999999999999854e-02,-2.206800000000000081e-02,1.770199999999999899e-02,4.424299999999999761e-02,-1.804290000000000060e-01,3.660539999999999905e-01,-1.051099999999999951e-01,3.628699999999999981e-02,1.462500000000000085e-02,3.319999999999999926e-04,-8.855699999999999683e-02,2.269899999999999973e-01,3.493100000000000094e-01,5.887599999999999778e-02,4.176099999999999951e-02,1.775099999999999942e-02
