-4.385200000000000209e-02,-1.239159999999999984e-01,8.227680000000000549e-01,7.144669999999999632e-01,-6.030900000000000150e-02,3.657999999999999793e-03,-6.970560000000000089e-01,9.216100000000000680e-02,1.406540000000000012e-01,1.060070000000000040e-01,1.304549999999999876e-01,-8.375999999999999765e-03,-4.809299999999999686e-02,1.154550000000000021e-01,-4.865099999999999980e-02,-1.839590000000000114e-01,1.549820000000000086e-01,2.663199999999999942e-02,6.800399999999999501e-02,2.858099999999999877e-02,9.606099999999999361e-02,-3.902999999999999785e-03,9.704200000000000326e-02,5.360589999999999522e-01,-1.776320000000000121e-01,1.163891000000000009e+00,-3.478530000000000233e-01,8.881600000000000605e-02,2.191690000000000027e-01,8.926800000000000013e-02,-7.450879999999999725e-01,3.085060000000000024e-01,1.171059000000000072e+00,2.899229999999999863e-01,1.289180000000000048e-01,-1.204960000000000059e-01
-4.384699999999999709e-02,-1.233240000000000031e-01,8.229260000000000463e-01,7.140990000000000393e-01,-6.015399999999999914e-02,4.808999999999999907e-03,-6.974390000000000311e-01,9.048399999999999499e-02,1.420810000000000128e-01,1.066200000000000064e-01,1.276940000000000019e-01,-6.104000000000000051e-03,-4.814500000000000030e-02,1.142660000000000065e-01,-4.641399999999999693e-02,-1.841869999999999896e-01,1.497549999999999992e-01,3.200000000000000067e-02,6.785099999999999465e-02,2.359699999999999992e-02,9.934999999999999387e-02,-6.334000000000000220e-03,9.288299999999999335e-02,5.360960000000000170e-01,-1.755099999999999993e-01,1.181205999999999978e+00,-3.515110000000000179e-01,7.678400000000000503e-02,2.136109999999999953e-01,7.332900000000000529e-02,-7.465199999999999614e-01,3.227110000000000256e-01,1.193413000000000057e+00,2.960900000000000198e-01,1.163669999999999982e-01,-1.147959999999999953e-01
-4.375199999999999922e-02,-1.230519999999999947e-01,8.229549999999999921e-01,7.139830000000000343e-01,-6.022199999999999775e-02,4.918999999999999762e-03,-6.975510000000000321e-01,9.012299999999999478e-02,1.423409999999999953e-01,1.066600000000000048e-01,1.277280000000000082e-01,-5.849000000000000032e-03,-4.813400000000000317e-02,1.142190000000000011e-01,-4.605499999999999872e-02,-1.840769999999999906e-01,1.486709999999999976e-01,3.304200000000000192e-02,6.772999999999999854e-02,2.074200000000000002e-02,9.995700000000000418e-02,-6.544999999999999603e-03,9.110500000000000542e-02,5.378190000000000470e-01,-1.736479999999999968e-01,1.188023000000000051e+00,-3.522560000000000136e-01,7.372700000000000087e-02,2.113500000000000101e-01,6.603499999999999648e-02,-7.463349999999999707e-01,3.284739999999999882e-01,1.202993999999999897e+00,2.982170000000000099e-01,1.126980000000000065e-01,-1.123139999999999972e-01
-4.375500000000000222e-02,-1.228859999999999952e-01,8.229630000000000001e-01,7.138839999999999630e-01,-6.031500000000000056e-02,4.889000000000000117e-03,-6.976440000000000419e-01,9.016599999999999615e-02,1.424279999999999990e-01,1.067020000000000052e-01,1.278199999999999892e-01,-5.818000000000000255e-03,-4.812799999999999717e-02,1.142230000000000051e-01,-4.595199999999999979e-02,-1.839590000000000114e-01,1.484640000000000126e-01,3.340400000000000313e-02,6.766999999999999404e-02,1.912799999999999917e-02,1.001579999999999970e-01,-6.459000000000000331e-03,8.974799999999999445e-02,5.398880000000000345e-01,-1.725679999999999992e-01,1.191746999999999890e+00,-3.526529999999999943e-01,7.313999999999999668e-02,2.102189999999999892e-01,6.239700000000000107e-02,-7.459970000000000212e-01,3.309619999999999784e-01,1.208126000000000033e+00,2.993700000000000250e-01,1.116079999999999989e-01,-1.110560000000000019e-01
-4.386999999999999927e-02,-1.227919999999999984e-01,8.229579999999999673e-01,7.138790000000000413e-01,-6.037499999999999811e-02,4.794999999999999783e-03,-6.976449999999999596e-01,9.020100000000000340e-02,1.425500000000000100e-01,1.068940000000000029e-01,1.278789999999999927e-01,-5.716999999999999860e-03,-4.829599999999999865e-02,1.144010000000000027e-01,-4.589300000000000324e-02,-1.842479999999999951e-01,1.484600000000000086e-01,3.325499999999999984e-02,6.747400000000000619e-02,1.865100000000000091e-02,9.992600000000000093e-02,-6.330999999999999822e-03,8.998499999999999555e-02,5.391709999999999559e-01,-1.707740000000000091e-01,1.191551000000000027e+00,-3.532480000000000064e-01,7.192300000000000082e-02,2.102259999999999962e-01,6.122299999999999964e-02,-7.460649999999999782e-01,3.313789999999999791e-01,1.208380000000000010e+00,2.995929999999999982e-01,1.106260000000000021e-01,-1.112520000000000037e-01
-4.396300000000000208e-02,-1.227530000000000010e-01,8.229499999999999593e-01,7.139219999999999455e-01,-6.040199999999999736e-02,4.728000000000000431e-03,-6.975989999999999691e-01,9.024799999999999489e-02,1.426360000000000128e-01,1.071150000000000019e-01,1.278920000000000057e-01,-5.670999999999999826e-03,-4.844400000000000095e-02,1.145570000000000060e-01,-4.586900000000000005e-02,-1.845090000000000063e-01,1.484600000000000086e-01,3.303799999999999792e-02,6.732200000000000684e-02,1.854000000000000092e-02,9.982800000000000007e-02,-6.315000000000000301e-03,9.064099999999999935e-02,5.382519999999999527e-01,-1.691429999999999878e-01,1.190315999999999930e+00,-3.537379999999999969e-01,7.125800000000000189e-02,2.107360000000000066e-01,6.097999999999999948e-02,-7.461900000000000199e-01,3.311410000000000187e-01,1.207351999999999981e+00,2.994990000000000152e-01,1.102429999999999938e-01,-1.115040000000000059e-01
-4.405200000000000088e-02,-1.227300000000000058e-01,8.229410000000000336e-01,7.139619999999999855e-01,-6.041500000000000342e-02,4.674000000000000203e-03,-6.975569999999999826e-01,9.027699999999999614e-02,1.427170000000000105e-01,1.073500000000000010e-01,1.278960000000000097e-01,-5.641000000000000181e-03,-4.858799999999999925e-02,1.146900000000000003e-01,-4.584900000000000087e-02,-1.847640000000000116e-01,1.484540000000000026e-01,3.281200000000000089e-02,6.718000000000000360e-02,1.856999999999999970e-02,9.974600000000000133e-02,-6.376999999999999856e-03,9.138200000000000489e-02,5.373040000000000038e-01,-1.676149999999999862e-01,1.188779999999999948e+00,-3.542150000000000021e-01,7.078600000000000170e-02,2.113960000000000006e-01,6.112700000000000078e-02,-7.463659999999999739e-01,3.305960000000000010e-01,1.205908999999999898e+00,2.993250000000000077e-01,1.100700000000000012e-01,-1.118389999999999940e-01
-4.408100000000000213e-02,-1.227410000000000029e-01,8.229670000000000041e-01,7.139189999999999703e-01,-6.055300000000000266e-02,4.674000000000000203e-03,-6.975900000000000434e-01,9.042999999999999650e-02,1.431219999999999992e-01,1.076939999999999981e-01,1.278749999999999887e-01,-5.517000000000000202e-03,-4.858699999999999825e-02,1.145889999999999964e-01,-4.536799999999999861e-02,-1.840559999999999974e-01,1.484860000000000069e-01,3.330700000000000327e-02,6.741400000000000170e-02,1.811899999999999969e-02,9.995700000000000418e-02,-6.329000000000000424e-03,9.199799999999999645e-02,5.373090000000000366e-01,-1.677800000000000125e-01,1.189251999999999976e+00,-3.538930000000000131e-01,7.114600000000000091e-02,2.116049999999999875e-01,6.115000000000000296e-02,-7.461759999999999504e-01,3.311270000000000047e-01,1.206233000000000111e+00,2.990929999999999978e-01,1.103539999999999938e-01,-1.116020000000000068e-01
-4.421900000000000136e-02,-1.227359999999999979e-01,8.229769999999999586e-01,7.138109999999999733e-01,-6.065099999999999658e-02,4.636000000000000364e-03,-6.976919999999999789e-01,9.055900000000000061e-02,1.434279999999999999e-01,1.080880000000000035e-01,1.278809999999999947e-01,-5.387000000000000295e-03,-4.859600000000000031e-02,1.145479999999999970e-01,-4.502500000000000252e-02,-1.837219999999999964e-01,1.484000000000000041e-01,3.345100000000000157e-02,6.737799999999999345e-02,1.777799999999999866e-02,1.000579999999999942e-01,-6.377999999999999989e-03,9.227799999999999891e-02,5.375109999999999610e-01,-1.680999999999999994e-01,1.190123999999999960e+00,-3.535820000000000074e-01,7.135500000000000176e-02,2.116669999999999940e-01,6.097199999999999842e-02,-7.459170000000000522e-01,3.317740000000000133e-01,1.206909000000000010e+00,2.989160000000000150e-01,1.105420000000000014e-01,-1.112449999999999967e-01
-4.435999999999999666e-02,-1.226379999999999970e-01,8.229880000000000528e-01,7.137029999999999763e-01,-6.074999999999999845e-02,4.595000000000000126e-03,-6.977929999999999966e-01,9.068600000000000272e-02,1.437309999999999977e-01,1.084770000000000040e-01,1.278910000000000047e-01,-5.252999999999999857e-03,-4.860500000000000237e-02,1.144990000000000036e-01,-4.468699999999999756e-02,-1.833869999999999945e-01,1.483389999999999986e-01,3.358300000000000174e-02,6.733999999999999708e-02,1.744599999999999970e-02,1.001360000000000028e-01,-6.418000000000000094e-03,9.246400000000000452e-02,5.377420000000000533e-01,-1.684620000000000006e-01,1.191138999999999948e+00,-3.532879999999999909e-01,7.149600000000000399e-02,2.116669999999999940e-01,6.074700000000000238e-02,-7.456279999999999575e-01,3.324349999999999805e-01,1.207686000000000037e+00,2.987540000000000195e-01,1.106759999999999966e-01,-1.108559999999999962e-01
-4.453800000000000120e-02,-1.227020000000000055e-01,8.229429999999999801e-01,7.135759999999999881e-01,-6.061600000000000321e-02,4.657999999999999814e-03,-6.979349999999999721e-01,9.076299999999999646e-02,1.438300000000000134e-01,1.078370000000000023e-01,1.279000000000000137e-01,-5.564999999999999634e-03,-4.932199999999999779e-02,1.146479999999999999e-01,-4.451200000000000295e-02,-1.838629999999999987e-01,1.482839999999999991e-01,3.280500000000000083e-02,6.733200000000000296e-02,1.762700000000000031e-02,9.999800000000000355e-02,-6.133999999999999696e-03,9.303300000000000458e-02,5.372010000000000396e-01,-1.672760000000000080e-01,1.189823000000000075e+00,-3.536759999999999904e-01,7.072799999999999920e-02,2.118599999999999928e-01,6.119999999999999746e-02,-7.455310000000000548e-01,3.323969999999999980e-01,1.206849999999999978e+00,2.986759999999999970e-01,1.103729999999999989e-01,-1.107630000000000003e-01
-4.478700000000000042e-02,-1.226899999999999935e-01,8.229250000000000176e-01,7.135660000000000336e-01,-6.063700000000000340e-02,4.662000000000000345e-03,-6.979440000000000088e-01,9.082600000000000395e-02,1.439970000000000139e-01,1.077250000000000013e-01,1.279450000000000032e-01,-5.623000000000000394e-03,-4.966899999999999787e-02,1.147320000000000007e-01,-4.412599999999999856e-02,-1.839999999999999969e-01,1.483359999999999956e-01,3.241499999999999937e-02,6.747599999999999432e-02,1.779800000000000132e-02,1.000380000000000019e-01,-5.805000000000000264e-03,9.391599999999999948e-02,5.366319999999999979e-01,-1.659819999999999907e-01,1.188042000000000042e+00,-3.539680000000000049e-01,7.006800000000000528e-02,2.128240000000000132e-01,6.189100000000000157e-02,-7.454420000000000490e-01,3.322649999999999770e-01,1.205648000000000053e+00,2.985459999999999781e-01,1.101590000000000069e-01,-1.107899999999999996e-01
-4.494599999999999984e-02,-1.227700000000000041e-01,8.229079999999999728e-01,7.135500000000000176e-01,-6.066099999999999964e-02,4.669999999999999672e-03,-6.979570000000000496e-01,9.090700000000000169e-02,1.441699999999999926e-01,1.076310000000000044e-01,1.279750000000000054e-01,-5.679000000000000020e-03,-5.001799999999999996e-02,1.148350000000000065e-01,-4.373400000000000204e-02,-1.841299999999999881e-01,1.483579999999999899e-01,3.204100000000000004e-02,6.762500000000000455e-02,1.797999999999999945e-02,1.000940000000000024e-01,-5.474999999999999832e-03,9.489100000000000312e-02,5.360160000000000480e-01,-1.646670000000000078e-01,1.186096999999999957e+00,-3.542440000000000033e-01,6.948300000000000309e-02,2.139129999999999920e-01,6.264599999999999336e-02,-7.453720000000000345e-01,3.321000000000000063e-01,1.204345999999999917e+00,2.984049999999999758e-01,1.099929999999999936e-01,-1.108470000000000011e-01
-4.502099999999999852e-02,-1.227540000000000020e-01,8.229450000000000376e-01,7.135690000000000088e-01,-6.064800000000000052e-02,4.504000000000000191e-03,-6.979410000000000336e-01,9.123299999999999466e-02,1.444650000000000101e-01,1.075350000000000056e-01,1.279889999999999917e-01,-5.513999999999999804e-03,-4.905700000000000338e-02,1.149519999999999986e-01,-4.411099999999999743e-02,-1.838930000000000009e-01,1.482779999999999931e-01,3.227399999999999713e-02,6.717299999999999660e-02,1.800799999999999970e-02,9.993499999999999606e-02,-5.742999999999999841e-03,9.527199999999999558e-02,5.347629999999999884e-01,-1.649370000000000003e-01,1.185368999999999895e+00,-3.544089999999999741e-01,6.982599999999999918e-02,2.138829999999999898e-01,6.227400000000000296e-02,-7.440090000000000314e-01,3.320980000000000043e-01,1.204269999999999952e+00,2.988629999999999898e-01,1.101229999999999987e-01,-1.113660000000000067e-01
-4.501700000000000146e-02,-1.228069999999999995e-01,8.229530000000000456e-01,7.135799999999999921e-01,-6.071599999999999914e-02,4.420000000000000318e-03,-6.979239999999999888e-01,9.152799999999999825e-02,1.444719999999999893e-01,1.074650000000000050e-01,1.279669999999999974e-01,-5.459000000000000311e-03,-4.873500000000000054e-02,1.150999999999999940e-01,-4.404299999999999882e-02,-1.838869999999999949e-01,1.482150000000000134e-01,3.221899999999999764e-02,6.680999999999999439e-02,1.807100000000000026e-02,9.995999999999999330e-02,-6.019000000000000045e-03,9.533500000000000307e-02,5.335849999999999760e-01,-1.653530000000000000e-01,1.184913000000000105e+00,-3.546349999999999780e-01,6.992199999999999804e-02,2.139369999999999883e-01,6.189999999999999669e-02,-7.425519999999999898e-01,3.320940000000000003e-01,1.204434000000000005e+00,2.995559999999999889e-01,1.100789999999999963e-01,-1.117940000000000045e-01
-4.501499999999999946e-02,-1.227700000000000041e-01,8.229600000000000248e-01,7.135899999999999466e-01,-6.078900000000000275e-02,4.335000000000000311e-03,-6.979079999999999728e-01,9.182600000000000484e-02,1.444940000000000113e-01,1.073910000000000003e-01,1.279569999999999874e-01,-5.409999999999999878e-03,-4.841600000000000070e-02,1.152549999999999963e-01,-4.396300000000000208e-02,-1.838829999999999909e-01,1.481570000000000109e-01,3.216399999999999815e-02,6.644200000000000106e-02,1.816100000000000006e-02,9.999399999999999955e-02,-6.283999999999999655e-03,9.531799999999999995e-02,5.324100000000000499e-01,-1.658219999999999972e-01,1.184560999999999975e+00,-3.548790000000000000e-01,6.995600000000000429e-02,2.139689999999999925e-01,6.152300000000000130e-02,-7.410870000000000513e-01,3.320779999999999843e-01,1.204658000000000007e+00,3.002770000000000161e-01,1.099829999999999974e-01,-1.122110000000000052e-01
-4.523300000000000237e-02,-1.228029999999999955e-01,8.229640000000000288e-01,7.136470000000000313e-01,-6.075900000000000051e-02,4.485000000000000271e-03,-6.978509999999999991e-01,9.135000000000000064e-02,1.450569999999999915e-01,1.075220000000000065e-01,1.279270000000000129e-01,-5.270000000000000379e-03,-4.925100000000000311e-02,1.153060000000000057e-01,-4.372499999999999998e-02,-1.837789999999999979e-01,1.482709999999999861e-01,3.244400000000000062e-02,6.693699999999999650e-02,1.785099999999999881e-02,9.993900000000000006e-02,-5.958999999999999887e-03,9.542699999999999794e-02,5.331650000000000000e-01,-1.661680000000000101e-01,1.183804999999999996e+00,-3.540079999999999893e-01,7.015299999999999314e-02,2.138879999999999948e-01,6.206400000000000111e-02,-7.423720000000000319e-01,3.325930000000000275e-01,1.201235000000000053e+00,2.986159999999999926e-01,1.098679999999999934e-01,-1.118750000000000022e-01
-4.544999999999999735e-02,-1.227990000000000054e-01,8.229720000000000368e-01,7.136249999999999538e-01,-6.082100000000000006e-02,4.533999999999999836e-03,-6.978670000000000151e-01,9.133700000000000152e-02,1.456739999999999979e-01,1.074770000000000031e-01,1.279420000000000002e-01,-5.224000000000000345e-03,-4.935799999999999910e-02,1.152699999999999975e-01,-4.329500000000000015e-02,-1.836440000000000017e-01,1.482439999999999869e-01,3.240400000000000225e-02,6.664799999999999891e-02,1.756100000000000022e-02,9.995700000000000418e-02,-5.786000000000000344e-03,9.559199999999999642e-02,5.337290000000000090e-01,-1.664329999999999976e-01,1.183049000000000017e+00,-3.529939999999999745e-01,7.036100000000000687e-02,2.137010000000000021e-01,6.306299999999999406e-02,-7.435800000000000187e-01,3.327999999999999847e-01,1.197286000000000072e+00,2.967029999999999945e-01,1.100239999999999968e-01,-1.114710000000000006e-01
-4.575300000000000200e-02,-1.228000000000000064e-01,8.229800000000000448e-01,7.136010000000000408e-01,-6.089200000000000168e-02,4.577999999999999604e-03,-6.978860000000000063e-01,9.136500000000000177e-02,1.462970000000000104e-01,1.074399999999999938e-01,1.279440000000000022e-01,-5.179999999999999709e-03,-4.946799999999999808e-02,1.152679999999999955e-01,-4.285900000000000126e-02,-1.835050000000000014e-01,1.482060000000000044e-01,3.236100000000000088e-02,6.635900000000000132e-02,1.732399999999999912e-02,9.999099999999999655e-02,-5.603999999999999607e-03,9.574499999999999678e-02,5.342879999999999852e-01,-1.667359999999999953e-01,1.182282999999999973e+00,-3.519550000000000178e-01,7.056900000000000672e-02,2.135060000000000013e-01,6.422500000000000431e-02,-7.448120000000000296e-01,3.328740000000000032e-01,1.193149000000000015e+00,2.947400000000000020e-01,1.102800000000000030e-01,-1.110919999999999963e-01
-4.577300000000000119e-02,-1.227099999999999996e-01,8.229579999999999673e-01,7.135420000000000096e-01,-6.078200000000000269e-02,4.487999999999999802e-03,-6.979560000000000208e-01,9.115800000000000292e-02,1.459529999999999994e-01,1.074880000000000002e-01,1.279659999999999964e-01,-5.224999999999999610e-03,-4.966299999999999881e-02,1.151889999999999997e-01,-4.267800000000000066e-02,-1.837630000000000097e-01,1.480529999999999902e-01,3.209499999999999853e-02,6.618100000000000371e-02,1.727700000000000069e-02,1.000729999999999953e-01,-5.622000000000000261e-03,9.657999999999999918e-02,5.355450000000000488e-01,-1.656489999999999907e-01,1.180320999999999954e+00,-3.516580000000000261e-01,7.039099999999999524e-02,2.139439999999999953e-01,6.522400000000000420e-02,-7.450320000000000276e-01,3.314570000000000016e-01,1.189272000000000107e+00,2.944490000000000163e-01,1.102370000000000017e-01,-1.118689999999999962e-01
-4.584300000000000180e-02,-1.226229999999999959e-01,8.229549999999999921e-01,7.135099999999999776e-01,-6.079899999999999888e-02,4.491000000000000200e-03,-6.979880000000000528e-01,9.097199999999999731e-02,1.461389999999999911e-01,1.074819999999999942e-01,1.279460000000000042e-01,-5.251999999999999724e-03,-4.989400000000000085e-02,1.149840000000000029e-01,-4.253799999999999942e-02,-1.837360000000000104e-01,1.480329999999999979e-01,3.216600000000000015e-02,6.585000000000000575e-02,1.718599999999999989e-02,1.001650000000000040e-01,-5.671999999999999958e-03,9.757399999999999407e-02,5.368319999999999759e-01,-1.645270000000000066e-01,1.178131000000000039e+00,-3.513549999999999729e-01,7.023999999999999688e-02,2.144780000000000020e-01,6.630700000000000482e-02,-7.451830000000000398e-01,3.300620000000000220e-01,1.185273000000000021e+00,2.942429999999999768e-01,1.101519999999999999e-01,-1.128839999999999982e-01
-4.582800000000000068e-02,-1.225399999999999961e-01,8.229520000000000168e-01,7.134759999999999991e-01,-6.081400000000000000e-02,4.504000000000000191e-03,-6.980210000000000026e-01,9.076399999999999746e-02,1.463409999999999989e-01,1.074780000000000041e-01,1.279379999999999962e-01,-5.285999999999999900e-03,-5.013000000000000095e-02,1.147689999999999960e-01,-4.238200000000000300e-02,-1.837040000000000062e-01,1.479949999999999877e-01,3.224899999999999989e-02,6.551500000000000379e-02,1.709600000000000009e-02,1.002640000000000059e-01,-5.747000000000000372e-03,9.862700000000000633e-02,5.381200000000000427e-01,-1.633830000000000005e-01,1.175861000000000045e+00,-3.510510000000000019e-01,7.012699999999999489e-02,2.150430000000000119e-01,6.740000000000000158e-02,-7.453210000000000113e-01,3.286819999999999742e-01,1.181254000000000026e+00,2.940450000000000008e-01,1.100679999999999992e-01,-1.139330000000000065e-01
-4.574899999999999800e-02,-1.225939999999999946e-01,8.229579999999999673e-01,7.135010000000000518e-01,-6.074999999999999845e-02,4.688999999999999592e-03,-6.979990000000000361e-01,9.098000000000000531e-02,1.460160000000000069e-01,1.081960000000000005e-01,1.279220000000000079e-01,-5.799000000000000335e-03,-4.916500000000000037e-02,1.147050000000000014e-01,-4.253599999999999742e-02,-1.824230000000000018e-01,1.479949999999999877e-01,3.307399999999999923e-02,6.638600000000000056e-02,1.677999999999999978e-02,1.001250000000000057e-01,-5.722999999999999789e-03,9.895400000000000029e-02,5.382249999999999535e-01,-1.624670000000000003e-01,1.176854999999999984e+00,-3.518560000000000021e-01,7.042600000000000249e-02,2.152119999999999866e-01,6.807199999999999362e-02,-7.455460000000000420e-01,3.278260000000000063e-01,1.180911000000000044e+00,2.942609999999999948e-01,1.104640000000000066e-01,-1.143630000000000063e-01
-4.564800000000000108e-02,-1.226440000000000030e-01,8.229649999999999466e-01,7.135169999999999568e-01,-6.070799999999999808e-02,4.801999999999999845e-03,-6.979870000000000241e-01,9.100900000000000656e-02,1.458409999999999984e-01,1.086950000000000000e-01,1.278759999999999897e-01,-6.252999999999999878e-03,-4.853099999999999775e-02,1.145240000000000008e-01,-4.265000000000000041e-02,-1.811079999999999912e-01,1.479590000000000072e-01,3.410099999999999937e-02,6.656299999999999717e-02,1.646999999999999853e-02,9.997999999999999943e-02,-5.597999999999999678e-03,9.881900000000000406e-02,5.381989999999999830e-01,-1.618400000000000116e-01,1.178352999999999984e+00,-3.527890000000000192e-01,7.052500000000000435e-02,2.152529999999999999e-01,6.798099999999999976e-02,-7.458430000000000337e-01,3.274500000000000188e-01,1.181203999999999921e+00,2.944849999999999968e-01,1.105310000000000042e-01,-1.145260000000000028e-01
-4.554799999999999821e-02,-1.227700000000000041e-01,8.229720000000000368e-01,7.135310000000000263e-01,-6.067299999999999777e-02,4.915000000000000098e-03,-6.979739999999999833e-01,9.102200000000000568e-02,1.456790000000000029e-01,1.091840000000000033e-01,1.278499999999999914e-01,-6.701999999999999624e-03,-4.789800000000000307e-02,1.143369999999999942e-01,-4.275000000000000328e-02,-1.797880000000000034e-01,1.479139999999999899e-01,3.514899999999999969e-02,6.673500000000000265e-02,1.611399999999999985e-02,9.985199999999999632e-02,-5.434999999999999727e-03,9.859099999999999808e-02,5.381639999999999757e-01,-1.612010000000000109e-01,1.180020000000000069e+00,-3.537520000000000109e-01,7.054399999999999560e-02,2.152499999999999969e-01,6.766500000000000292e-02,-7.461370000000000502e-01,3.272090000000000276e-01,1.181753000000000053e+00,2.947359999999999980e-01,1.104799999999999949e-01,-1.146090000000000025e-01
-4.544100000000000222e-02,-1.226320000000000049e-01,8.229520000000000168e-01,7.132490000000000219e-01,-6.081299999999999900e-02,4.708999999999999644e-03,-6.982509999999999550e-01,9.098000000000000531e-02,1.453329999999999900e-01,1.078579999999999955e-01,1.279830000000000134e-01,-5.753000000000000301e-03,-4.870499999999999829e-02,1.145639999999999992e-01,-4.288299999999999751e-02,-1.826550000000000118e-01,1.478069999999999939e-01,3.319300000000000028e-02,6.660800000000000054e-02,1.713299999999999892e-02,9.995300000000000018e-02,-5.653000000000000039e-03,9.834400000000000086e-02,5.374560000000000448e-01,-1.614919999999999967e-01,1.181132999999999988e+00,-3.541400000000000103e-01,7.047499999999999598e-02,2.149870000000000114e-01,6.675799999999999790e-02,-7.453870000000000218e-01,3.284420000000000117e-01,1.182970000000000077e+00,2.947679999999999745e-01,1.106680000000000025e-01,-1.141869999999999968e-01
-4.531000000000000305e-02,-1.225269999999999970e-01,8.229450000000000376e-01,7.131880000000000441e-01,-6.091599999999999793e-02,4.643999999999999691e-03,-6.983049999999999535e-01,9.106300000000000505e-02,1.446959999999999913e-01,1.075050000000000033e-01,1.280060000000000087e-01,-5.886999999999999872e-03,-4.797799999999999981e-02,1.143710000000000004e-01,-4.323899999999999966e-02,-1.826109999999999955e-01,1.479979999999999907e-01,3.381800000000000084e-02,6.692099999999999438e-02,1.748999999999999860e-02,9.983899999999999719e-02,-5.644999999999999844e-03,9.821499999999999675e-02,5.367370000000000196e-01,-1.617530000000000079e-01,1.182231999999999950e+00,-3.545260000000000078e-01,7.042500000000000149e-02,2.147550000000000014e-01,6.577900000000000413e-02,-7.445049999999999724e-01,3.297359999999999736e-01,1.184336999999999973e+00,2.947429999999999772e-01,1.107049999999999979e-01,-1.138919999999999932e-01
-4.525900000000000062e-02,-1.224210000000000020e-01,8.229400000000000048e-01,7.131079999999999641e-01,-6.101100000000000273e-02,4.588000000000000064e-03,-6.983789999999999720e-01,9.112699999999999967e-02,1.440599999999999936e-01,1.072049999999999947e-01,1.280380000000000129e-01,-6.032000000000000035e-03,-4.724500000000000227e-02,1.141839999999999938e-01,-4.358800000000000174e-02,-1.825150000000000106e-01,1.480789999999999884e-01,3.451900000000000107e-02,6.724099999999999522e-02,1.785099999999999881e-02,9.972799999999999720e-02,-5.655000000000000304e-03,9.814699999999999813e-02,5.360040000000000360e-01,-1.619420000000000026e-01,1.183283000000000085e+00,-3.549010000000000220e-01,7.038899999999999324e-02,2.145450000000000135e-01,6.470700000000000063e-02,-7.436190000000000300e-01,3.311209999999999987e-01,1.185769999999999991e+00,2.947190000000000087e-01,1.107069999999999999e-01,-1.135909999999999975e-01
-4.515199999999999769e-02,-1.223970000000000058e-01,8.229480000000000128e-01,7.131760000000000321e-01,-6.093900000000000011e-02,4.638999999999999894e-03,-6.983160000000000478e-01,9.116900000000000004e-02,1.455589999999999939e-01,1.079689999999999955e-01,1.279160000000000019e-01,-5.710999999999999931e-03,-4.921899999999999886e-02,1.146049999999999985e-01,-4.299000000000000044e-02,-1.831190000000000040e-01,1.480420000000000069e-01,3.303099999999999786e-02,6.620499999999999996e-02,1.796800000000000133e-02,9.969200000000000284e-02,-5.673000000000000091e-03,9.825000000000000400e-02,5.352149999999999963e-01,-1.612220000000000042e-01,1.183281000000000027e+00,-3.557460000000000067e-01,6.998600000000000654e-02,2.149230000000000029e-01,6.445599999999999941e-02,-7.425519999999999898e-01,3.311279999999999779e-01,1.186790999999999929e+00,2.957529999999999881e-01,1.106280000000000041e-01,-1.141120000000000051e-01
-4.522600000000000231e-02,-1.224539999999999934e-01,8.229469999999999841e-01,7.131429999999999714e-01,-6.100099999999999967e-02,4.616000000000000311e-03,-6.983439999999999648e-01,9.133700000000000152e-02,1.457569999999999977e-01,1.080350000000000060e-01,1.279629999999999934e-01,-5.727000000000000320e-03,-4.925800000000000317e-02,1.147350000000000037e-01,-4.284099999999999714e-02,-1.833460000000000090e-01,1.480950000000000044e-01,3.299699999999999855e-02,6.594099999999999961e-02,1.830899999999999889e-02,9.959500000000000297e-02,-5.634000000000000119e-03,9.844500000000000473e-02,5.343959999999999821e-01,-1.603430000000000133e-01,1.183019999999999960e+00,-3.565909999999999913e-01,6.962200000000000333e-02,2.153730000000000089e-01,6.443599999999999328e-02,-7.413020000000000165e-01,3.310469999999999802e-01,1.187416000000000027e+00,2.966019999999999768e-01,1.105479999999999935e-01,-1.147689999999999960e-01
-4.529199999999999893e-02,-1.225149999999999989e-01,8.229469999999999841e-01,7.131129999999999969e-01,-6.105100000000000110e-02,4.592999999999999861e-03,-6.983709999999999640e-01,9.150200000000000000e-02,1.459149999999999892e-01,1.081079999999999958e-01,1.279830000000000134e-01,-5.734999999999999647e-03,-4.927700000000000136e-02,1.148720000000000019e-01,-4.272399999999999809e-02,-1.835680000000000089e-01,1.481020000000000114e-01,3.298199999999999743e-02,6.569400000000000239e-02,1.866900000000000157e-02,9.947699999999999598e-02,-5.612999999999999934e-03,9.866800000000000570e-02,5.335659999999999847e-01,-1.594730000000000036e-01,1.182681000000000093e+00,-3.574240000000000195e-01,6.929599999999999649e-02,2.158629999999999993e-01,6.450799999999999590e-02,-7.400560000000000471e-01,3.308929999999999927e-01,1.187937000000000021e+00,2.974220000000000197e-01,1.105059999999999931e-01,-1.154580000000000051e-01
-4.532100000000000017e-02,-1.224370000000000042e-01,8.229370000000000296e-01,7.130929999999999769e-01,-6.101499999999999979e-02,4.551000000000000358e-03,-6.983949999999999880e-01,9.143800000000000539e-02,1.457309999999999994e-01,1.081669999999999993e-01,1.279689999999999994e-01,-5.686000000000000082e-03,-4.915699999999999931e-02,1.147819999999999951e-01,-4.262599999999999723e-02,-1.821500000000000064e-01,1.479870000000000074e-01,3.293700000000000100e-02,6.634900000000000519e-02,1.792399999999999896e-02,9.959500000000000297e-02,-5.538999999999999653e-03,9.831900000000000361e-02,5.342230000000000034e-01,-1.616620000000000001e-01,1.181354000000000015e+00,-3.558410000000000184e-01,6.955799999999999483e-02,2.150090000000000057e-01,6.410000000000000420e-02,-7.423600000000000199e-01,3.311620000000000119e-01,1.186376000000000097e+00,2.963049999999999851e-01,1.102250000000000035e-01,-1.154160000000000047e-01
-4.524100000000000343e-02,-1.223540000000000044e-01,8.229290000000000216e-01,7.130659999999999776e-01,-6.098300000000000248e-02,4.518999999999999580e-03,-6.984249999999999625e-01,9.135200000000000264e-02,1.455349999999999977e-01,1.082489999999999980e-01,1.279649999999999954e-01,-5.640000000000000048e-03,-4.900700000000000195e-02,1.146640000000000020e-01,-4.263800000000000229e-02,-1.815269999999999939e-01,1.479189999999999949e-01,3.295700000000000018e-02,6.663199999999999679e-02,1.748100000000000001e-02,9.982099999999999307e-02,-5.356999999999999783e-03,9.805500000000000327e-02,5.344069999999999654e-01,-1.638280000000000014e-01,1.180169999999999941e+00,-3.541110000000000091e-01,6.987000000000000155e-02,2.139679999999999915e-01,6.424399999999999555e-02,-7.447160000000000446e-01,3.310710000000000042e-01,1.184698999999999947e+00,2.950699999999999990e-01,1.102209999999999995e-01,-1.153909999999999936e-01
-4.515700000000000269e-02,-1.222739999999999938e-01,8.229210000000000136e-01,7.130419999999999536e-01,-6.094800000000000217e-02,4.490000000000000067e-03,-6.984529999999999905e-01,9.125700000000000478e-02,1.453389999999999960e-01,1.083289999999999947e-01,1.279609999999999914e-01,-5.597999999999999678e-03,-4.885199999999999959e-02,1.145390000000000019e-01,-4.265000000000000041e-02,-1.809050000000000102e-01,1.478520000000000112e-01,3.297400000000000331e-02,6.691700000000000426e-02,1.710700000000000068e-02,1.000800000000000023e-01,-5.198999999999999629e-03,9.775300000000000655e-02,5.345670000000000144e-01,-1.660659999999999914e-01,1.178981000000000057e+00,-3.523569999999999758e-01,7.018499999999999739e-02,2.129230000000000012e-01,6.454699999999999327e-02,-7.471139999999999448e-01,3.308340000000000169e-01,1.182890999999999915e+00,2.937989999999999768e-01,1.102690000000000059e-01,-1.153809999999999975e-01
-4.522600000000000231e-02,-1.222659999999999997e-01,8.229360000000000008e-01,7.130030000000000534e-01,-6.100400000000000267e-02,4.512999999999999651e-03,-6.984869999999999690e-01,9.126199999999999590e-02,1.455619999999999969e-01,1.083419999999999939e-01,1.279700000000000004e-01,-5.509000000000000008e-03,-4.883900000000000047e-02,1.145520000000000010e-01,-4.295399999999999913e-02,-1.823899999999999966e-01,1.479659999999999864e-01,3.280600000000000183e-02,6.656700000000000117e-02,1.770700000000000052e-02,1.001810000000000062e-01,-5.183000000000000107e-03,9.793699999999999628e-02,5.341380000000000017e-01,-1.661819999999999964e-01,1.178452999999999973e+00,-3.520059999999999856e-01,7.026000000000000301e-02,2.129230000000000012e-01,6.463499999999999801e-02,-7.464800000000000324e-01,3.303510000000000058e-01,1.182283999999999891e+00,2.937870000000000203e-01,1.103800000000000059e-01,-1.152060000000000028e-01
-4.531500000000000111e-02,-1.221629999999999938e-01,8.229239999999999888e-01,7.129830000000000334e-01,-6.097600000000000242e-02,4.454999999999999759e-03,-6.985109999999999930e-01,9.123100000000000653e-02,1.455289999999999917e-01,1.083449999999999969e-01,1.280090000000000117e-01,-5.420999999999999604e-03,-4.880000000000000310e-02,1.145449999999999940e-01,-4.298899999999999944e-02,-1.823660000000000003e-01,1.479570000000000052e-01,3.246099999999999680e-02,6.669500000000000428e-02,1.804700000000000054e-02,9.998400000000000343e-02,-5.127999999999999746e-03,9.808500000000000552e-02,5.339709999999999734e-01,-1.663330000000000086e-01,1.177802999999999933e+00,-3.517210000000000059e-01,7.031900000000000650e-02,2.130420000000000091e-01,6.479400000000000437e-02,-7.454769999999999452e-01,3.301669999999999883e-01,1.181882000000000099e+00,2.939329999999999998e-01,1.103689999999999949e-01,-1.153549999999999992e-01
-4.540799999999999698e-02,-1.221480000000000066e-01,8.229140000000000343e-01,7.129579999999999806e-01,-6.094600000000000017e-02,4.392000000000000071e-03,-6.985390000000000210e-01,9.121400000000000341e-02,1.454910000000000092e-01,1.083599999999999980e-01,1.280380000000000129e-01,-5.329999999999999669e-03,-4.876799999999999885e-02,1.145380000000000009e-01,-4.302700000000000274e-02,-1.823279999999999901e-01,1.479479999999999962e-01,3.211900000000000172e-02,6.681800000000000239e-02,1.837700000000000097e-02,9.974299999999999833e-02,-5.070999999999999987e-03,9.826200000000000212e-02,5.338429999999999565e-01,-1.664589999999999959e-01,1.177140999999999993e+00,-3.514499999999999846e-01,7.037999999999999812e-02,2.131659999999999944e-01,6.490999999999999548e-02,-7.444100000000000161e-01,3.300520000000000120e-01,1.181516999999999928e+00,2.941130000000000133e-01,1.103319999999999995e-01,-1.155550000000000049e-01
-4.497099999999999709e-02,-1.222030000000000061e-01,8.229570000000000496e-01,7.130159999999999831e-01,-6.108800000000000341e-02,4.559999999999999817e-03,-6.984669999999999490e-01,9.128500000000000503e-02,1.454489999999999950e-01,1.084949999999999942e-01,1.279240000000000099e-01,-5.538999999999999653e-03,-4.844299999999999995e-02,1.144160000000000038e-01,-4.299399999999999750e-02,-1.822860000000000036e-01,1.481909999999999894e-01,3.350199999999999706e-02,6.678800000000000014e-02,1.815900000000000153e-02,1.000940000000000024e-01,-5.283000000000000369e-03,9.832200000000000661e-02,5.335839999999999472e-01,-1.661110000000000086e-01,1.178204000000000029e+00,-3.520209999999999728e-01,7.029299999999999438e-02,2.137580000000000036e-01,6.426900000000000668e-02,-7.439580000000000082e-01,3.295560000000000156e-01,1.183140000000000081e+00,2.948319999999999830e-01,1.103729999999999989e-01,-1.156589999999999979e-01
-4.464200000000000113e-02,-1.222260000000000013e-01,8.229670000000000041e-01,7.130689999999999529e-01,-6.112999999999999684e-02,4.647000000000000089e-03,-6.984080000000000288e-01,9.124100000000000266e-02,1.451389999999999902e-01,1.086860000000000048e-01,1.279009999999999869e-01,-5.751000000000000036e-03,-4.809000000000000080e-02,1.143990000000000007e-01,-4.320899999999999741e-02,-1.822179999999999911e-01,1.481740000000000002e-01,3.413900000000000268e-02,6.699900000000000300e-02,1.810300000000000104e-02,1.001670000000000060e-01,-5.488999999999999956e-03,9.826699999999999324e-02,5.332869999999999555e-01,-1.657909999999999939e-01,1.179526999999999992e+00,-3.525469999999999993e-01,7.029100000000000625e-02,2.139159999999999950e-01,6.328499999999999404e-02,-7.435249999999999915e-01,3.293119999999999936e-01,1.185148000000000090e+00,2.956480000000000219e-01,1.102560000000000068e-01,-1.155879999999999963e-01
-4.431299999999999822e-02,-1.222450000000000064e-01,8.229779999999999873e-01,7.131229999999999514e-01,-6.117199999999999721e-02,4.725000000000000033e-03,-6.983489999999999975e-01,9.120599999999999541e-02,1.448129999999999973e-01,1.088719999999999966e-01,1.278769999999999907e-01,-5.957999999999999755e-03,-4.773600000000000065e-02,1.143770000000000064e-01,-4.344400000000000345e-02,-1.821500000000000064e-01,1.481949999999999934e-01,3.476100000000000023e-02,6.721399999999999597e-02,1.801900000000000029e-02,1.002149999999999985e-01,-5.675000000000000357e-03,9.818200000000000538e-02,5.330129999999999590e-01,-1.654519999999999880e-01,1.180914000000000019e+00,-3.530639999999999890e-01,7.027200000000000113e-02,2.140120000000000078e-01,6.219100000000000322e-02,-7.430799999999999628e-01,3.291470000000000229e-01,1.187295999999999907e+00,2.964879999999999738e-01,1.100710000000000022e-01,-1.154690000000000022e-01
-4.442299999999999721e-02,-1.222789999999999988e-01,8.229469999999999841e-01,7.131990000000000274e-01,-6.106700000000000322e-02,4.616000000000000311e-03,-6.982819999999999583e-01,9.119099999999999429e-02,1.445839999999999903e-01,1.084360000000000046e-01,1.279649999999999954e-01,-5.974000000000000143e-03,-4.833400000000000196e-02,1.146019999999999955e-01,-4.403200000000000169e-02,-1.826210000000000055e-01,1.480319999999999969e-01,3.344500000000000250e-02,6.699900000000000300e-02,1.802600000000000036e-02,1.000209999999999988e-01,-5.304999999999999820e-03,9.826600000000000612e-02,5.336079999999999712e-01,-1.656519999999999937e-01,1.181103000000000014e+00,-3.528040000000000065e-01,7.026100000000000401e-02,2.138289999999999913e-01,6.254200000000000037e-02,-7.434770000000000545e-01,3.298139999999999961e-01,1.186947999999999892e+00,2.960599999999999898e-01,1.102120000000000044e-01,-1.151250000000000051e-01
-4.451100000000000195e-02,-1.223459999999999964e-01,8.229429999999999801e-01,7.132979999999999876e-01,-6.108999999999999847e-02,4.573999999999999941e-03,-6.981779999999999653e-01,9.136099999999999777e-02,1.446810000000000040e-01,1.083419999999999939e-01,1.279589999999999894e-01,-6.072000000000000140e-03,-4.844699999999999701e-02,1.148070000000000063e-01,-4.410599999999999937e-02,-1.830720000000000125e-01,1.481250000000000067e-01,3.291999999999999788e-02,6.693799999999999750e-02,1.801200000000000023e-02,1.000090000000000007e-01,-5.255000000000000122e-03,9.833699999999999386e-02,5.340859999999999497e-01,-1.659019999999999939e-01,1.181140000000000079e+00,-3.524669999999999748e-01,7.031800000000000550e-02,2.136440000000000006e-01,6.316800000000000193e-02,-7.439489999999999714e-01,3.302240000000000175e-01,1.186055000000000081e+00,2.953740000000000254e-01,1.103670000000000068e-01,-1.148150000000000004e-01
-4.459799999999999875e-02,-1.225050000000000028e-01,8.229400000000000048e-01,7.133909999999999973e-01,-6.111099999999999866e-02,4.543000000000000163e-03,-6.980819999999999803e-01,9.151900000000000313e-02,1.447930000000000050e-01,1.082650000000000001e-01,1.279520000000000102e-01,-6.174999999999999933e-03,-4.856200000000000100e-02,1.150159999999999932e-01,-4.415999999999999787e-02,-1.835100000000000064e-01,1.481590000000000129e-01,3.242600000000000343e-02,6.687500000000000389e-02,1.806299999999999920e-02,1.000309999999999949e-01,-5.239999999999999866e-03,9.841099999999999848e-02,5.345469999999999944e-01,-1.661920000000000064e-01,1.181133999999999906e+00,-3.521199999999999886e-01,7.040299999999999336e-02,2.134770000000000001e-01,6.393400000000000472e-02,-7.444530000000000314e-01,3.305259999999999865e-01,1.185033000000000003e+00,2.946440000000000170e-01,1.105710000000000026e-01,-1.145290000000000058e-01
-4.457099999999999951e-02,-1.225559999999999983e-01,8.229480000000000128e-01,7.130889999999999729e-01,-6.102400000000000185e-02,4.642000000000000293e-03,-6.983970000000000455e-01,9.167200000000000348e-02,1.449880000000000058e-01,1.089200000000000029e-01,1.279029999999999889e-01,-6.408999999999999767e-03,-4.817799999999999860e-02,1.148310000000000025e-01,-4.365299999999999736e-02,-1.823319999999999941e-01,1.481870000000000132e-01,3.347599999999999881e-02,6.705099999999999949e-02,1.777499999999999913e-02,1.001800000000000052e-01,-5.283000000000000369e-03,9.824600000000000000e-02,5.352749999999999453e-01,-1.654690000000000050e-01,1.181232000000000060e+00,-3.524410000000000043e-01,7.021900000000000364e-02,2.138639999999999985e-01,6.375899999999999623e-02,-7.449210000000000553e-01,3.296589999999999798e-01,1.186126999999999931e+00,2.951340000000000074e-01,1.107380000000000031e-01,-1.145980000000000054e-01
-4.454999999999999932e-02,-1.225780000000000064e-01,8.229610000000000536e-01,7.129199999999999982e-01,-6.099799999999999667e-02,4.708999999999999644e-03,-6.985710000000000530e-01,9.173299999999999510e-02,1.452509999999999912e-01,1.096720000000000056e-01,1.278960000000000097e-01,-6.642999999999999600e-03,-4.781599999999999739e-02,1.146469999999999989e-01,-4.352700000000000319e-02,-1.819570000000000076e-01,1.481139999999999957e-01,3.373899999999999816e-02,6.704799999999999649e-02,1.758200000000000041e-02,1.003249999999999975e-01,-5.344999999999999925e-03,9.798800000000000565e-02,5.359260000000000135e-01,-1.647109999999999963e-01,1.181408000000000014e+00,-3.528189999999999937e-01,6.998200000000000254e-02,2.142840000000000023e-01,6.340700000000000502e-02,-7.454690000000000483e-01,3.292320000000000246e-01,1.187532000000000032e+00,2.957000000000000184e-01,1.107569999999999943e-01,-1.146100000000000035e-01
-4.453000000000000014e-02,-1.225969999999999976e-01,8.229720000000000368e-01,7.127590000000000314e-01,-6.097199999999999842e-02,4.769999999999999934e-03,-6.987379999999999702e-01,9.179400000000000059e-02,1.455049999999999955e-01,1.104009999999999991e-01,1.278950000000000087e-01,-6.877000000000000300e-03,-4.745100000000000012e-02,1.144550000000000012e-01,-4.341300000000000020e-02,-1.816029999999999867e-01,1.480869999999999964e-01,3.397399999999999726e-02,6.704499999999999349e-02,1.731999999999999859e-02,1.004680000000000017e-01,-5.393000000000000224e-03,9.774599999999999955e-02,5.365680000000000449e-01,-1.639150000000000051e-01,1.181596000000000091e+00,-3.532069999999999932e-01,6.973300000000000332e-02,2.147060000000000080e-01,6.294299999999999895e-02,-7.460210000000000452e-01,3.289090000000000069e-01,1.189062000000000063e+00,2.962980000000000058e-01,1.107100000000000029e-01,-1.145869999999999944e-01
-4.455699999999999938e-02,-1.225920000000000065e-01,8.229520000000000168e-01,7.127869999999999484e-01,-6.100799999999999973e-02,4.786999999999999589e-03,-6.987060000000000493e-01,9.157800000000000662e-02,1.447410000000000085e-01,1.089230000000000059e-01,1.279520000000000102e-01,-6.681000000000000306e-03,-4.748299999999999743e-02,1.145700000000000052e-01,-4.349100000000000188e-02,-1.816250000000000087e-01,1.480380000000000029e-01,3.391700000000000270e-02,6.732000000000000484e-02,1.801200000000000023e-02,1.001819999999999933e-01,-5.552999999999999776e-03,9.714000000000000412e-02,5.367859999999999854e-01,-1.635800000000000032e-01,1.181324000000000041e+00,-3.533979999999999899e-01,6.978199999999999681e-02,2.147860000000000047e-01,6.324599999999999667e-02,-7.452149999999999608e-01,3.292399999999999771e-01,1.191191000000000111e+00,2.966779999999999973e-01,1.108750000000000013e-01,-1.140840000000000048e-01
-4.447399999999999964e-02,-1.226909999999999945e-01,8.229560000000000208e-01,7.128889999999999949e-01,-6.100900000000000073e-02,4.814999999999999836e-03,-6.986010000000000275e-01,9.140800000000000314e-02,1.443429999999999991e-01,1.086079999999999962e-01,1.279609999999999914e-01,-6.963999999999999704e-03,-4.667999999999999927e-02,1.147220000000000045e-01,-4.357599999999999668e-02,-1.814139999999999919e-01,1.480460000000000109e-01,3.417699999999999905e-02,6.760499999999999843e-02,1.851999999999999827e-02,9.981500000000000095e-02,-5.655999999999999570e-03,9.649299999999999544e-02,5.369749999999999801e-01,-1.634899999999999964e-01,1.180932000000000093e+00,-3.536790000000000211e-01,6.970800000000000607e-02,2.151029999999999887e-01,6.331199999999999328e-02,-7.445110000000000339e-01,3.296180000000000221e-01,1.193360999999999894e+00,2.970309999999999895e-01,1.110010000000000024e-01,-1.135749999999999954e-01
-4.438899999999999790e-02,-1.227000000000000035e-01,8.229610000000000536e-01,7.129830000000000334e-01,-6.101600000000000079e-02,4.839000000000000419e-03,-6.985050000000000425e-01,9.125199999999999978e-02,1.439489999999999936e-01,1.083179999999999976e-01,1.279830000000000134e-01,-7.257999999999999695e-03,-4.587999999999999717e-02,1.148900000000000060e-01,-4.365499999999999936e-02,-1.811770000000000047e-01,1.480390000000000039e-01,3.445200000000000345e-02,6.789399999999999602e-02,1.903699999999999837e-02,9.945500000000000174e-02,-5.734000000000000381e-03,9.585699999999999776e-02,5.371409999999999796e-01,-1.633989999999999887e-01,1.180525999999999964e+00,-3.539800000000000169e-01,6.962999999999999745e-02,2.154600000000000126e-01,6.332599999999999341e-02,-7.438150000000000039e-01,3.300199999999999800e-01,1.195580000000000087e+00,2.973890000000000144e-01,1.111130000000000034e-01,-1.130489999999999967e-01
-4.435499999999999859e-02,-1.226830000000000004e-01,8.229450000000000376e-01,7.130750000000000144e-01,-6.090700000000000280e-02,4.787999999999999722e-03,-6.984209999999999585e-01,9.133900000000000352e-02,1.442110000000000058e-01,1.093530000000000058e-01,1.280000000000000027e-01,-6.755999999999999853e-03,-4.852900000000000269e-02,1.147070000000000034e-01,-4.422899999999999748e-02,-1.827080000000000093e-01,1.480370000000000019e-01,3.397900000000000226e-02,6.734700000000000408e-02,1.869099999999999928e-02,9.962300000000000322e-02,-5.795999999999999937e-03,9.543500000000000594e-02,5.373700000000000143e-01,-1.632480000000000042e-01,1.180380999999999903e+00,-3.540539999999999798e-01,6.971499999999999919e-02,2.153720000000000079e-01,6.323800000000000254e-02,-7.441039999999999877e-01,3.299980000000000135e-01,1.195923000000000069e+00,2.975539999999999852e-01,1.109559999999999991e-01,-1.127070000000000016e-01
-4.423799999999999955e-02,-1.227769999999999972e-01,8.229349999999999721e-01,7.131290000000000129e-01,-6.083999999999999825e-02,4.797000000000000049e-03,-6.983709999999999640e-01,9.117200000000000304e-02,1.436550000000000049e-01,1.095880000000000049e-01,1.279879999999999907e-01,-7.150000000000000105e-03,-4.912899999999999906e-02,1.146569999999999950e-01,-4.470099999999999768e-02,-1.832640000000000102e-01,1.481320000000000137e-01,3.425999999999999879e-02,6.750799999999999856e-02,1.868699999999999875e-02,9.962300000000000322e-02,-5.824000000000000184e-03,9.501199999999999923e-02,5.376039999999999708e-01,-1.629629999999999967e-01,1.180366000000000026e+00,-3.542609999999999926e-01,6.968399999999999594e-02,2.154850000000000099e-01,6.331399999999999528e-02,-7.443650000000000544e-01,3.299790000000000223e-01,1.195921999999999930e+00,2.977060000000000262e-01,1.109320000000000028e-01,-1.126010000000000066e-01
-4.411500000000000143e-02,-1.227860000000000062e-01,8.229239999999999888e-01,7.131830000000000114e-01,-6.076399999999999857e-02,4.807999999999999774e-03,-6.983230000000000270e-01,9.097800000000000331e-02,1.430839999999999890e-01,1.098289999999999961e-01,1.280030000000000057e-01,-7.561000000000000013e-03,-4.971699999999999731e-02,1.146110000000000045e-01,-4.518799999999999900e-02,-1.838090000000000002e-01,1.481870000000000132e-01,3.456000000000000044e-02,6.768000000000000405e-02,1.871400000000000147e-02,9.961299999999999322e-02,-5.875000000000000014e-03,9.458400000000000141e-02,5.378309999999999480e-01,-1.627129999999999965e-01,1.180344999999999978e+00,-3.544820000000000193e-01,6.963800000000000545e-02,2.156279999999999863e-01,6.346699999999999564e-02,-7.446300000000000141e-01,3.299050000000000038e-01,1.195840000000000014e+00,2.978569999999999829e-01,1.109529999999999961e-01,-1.125329999999999941e-01
-4.436199999999999866e-02,-1.227290000000000048e-01,8.229490000000000416e-01,7.132230000000000514e-01,-6.088600000000000262e-02,4.785000000000000191e-03,-6.982709999999999750e-01,9.126900000000000290e-02,1.445039999999999936e-01,1.084920000000000051e-01,1.279810000000000114e-01,-6.094999999999999724e-03,-4.820499999999999785e-02,1.148190000000000044e-01,-4.399499999999999938e-02,-1.831379999999999952e-01,1.482030000000000014e-01,3.300399999999999862e-02,6.702500000000000124e-02,1.879899999999999974e-02,9.984999999999999432e-02,-6.082999999999999866e-03,9.474799999999999889e-02,5.377870000000000150e-01,-1.630820000000000047e-01,1.179122000000000003e+00,-3.535749999999999726e-01,6.967500000000000082e-02,2.152149999999999896e-01,6.382100000000000273e-02,-7.455380000000000340e-01,3.301999999999999935e-01,1.193235000000000046e+00,2.963540000000000063e-01,1.107410000000000061e-01,-1.125319999999999931e-01
-4.459599999999999675e-02,-1.226909999999999945e-01,8.229499999999999593e-01,7.132540000000000546e-01,-6.097999999999999948e-02,4.706000000000000114e-03,-6.982319999999999638e-01,9.136900000000000577e-02,1.449070000000000080e-01,1.078459999999999974e-01,1.279659999999999964e-01,-5.765000000000000159e-03,-4.831599999999999784e-02,1.151189999999999991e-01,-4.354100000000000331e-02,-1.838789999999999869e-01,1.482199999999999906e-01,3.232100000000000251e-02,6.686899999999999789e-02,1.895099999999999910e-02,9.991999999999999493e-02,-6.261000000000000072e-03,9.509199999999999597e-02,5.378140000000000143e-01,-1.632649999999999935e-01,1.177632000000000012e+00,-3.526580000000000270e-01,6.981500000000000206e-02,2.147930000000000117e-01,6.423399999999999943e-02,-7.462079999999999824e-01,3.302720000000000100e-01,1.190214000000000105e+00,2.948049999999999837e-01,1.108579999999999982e-01,-1.122510000000000036e-01
-4.482900000000000079e-02,-1.226580000000000031e-01,8.229499999999999593e-01,7.132920000000000371e-01,-6.106899999999999828e-02,4.627000000000000036e-03,-6.981859999999999733e-01,9.145300000000000651e-02,1.452960000000000085e-01,1.071819999999999995e-01,1.279720000000000024e-01,-5.447999999999999718e-03,-4.842300000000000076e-02,1.154369999999999979e-01,-4.309899999999999842e-02,-1.846359999999999946e-01,1.482100000000000084e-01,3.164399999999999852e-02,6.672000000000000153e-02,1.908699999999999980e-02,9.996199999999999530e-02,-6.444000000000000075e-03,9.548500000000000043e-02,5.378650000000000375e-01,-1.634299999999999919e-01,1.176053999999999933e+00,-3.517270000000000119e-01,6.999800000000000466e-02,2.143879999999999952e-01,6.471499999999999475e-02,-7.468709999999999516e-01,3.302950000000000053e-01,1.187076000000000020e+00,2.932279999999999887e-01,1.110629999999999951e-01,-1.119679999999999981e-01
-4.488199999999999829e-02,-1.226690000000000003e-01,8.229530000000000456e-01,7.133410000000000029e-01,-6.091900000000000093e-02,4.688000000000000327e-03,-6.981479999999999908e-01,9.154500000000000137e-02,1.448760000000000048e-01,1.082869999999999944e-01,1.279170000000000029e-01,-6.239999999999999887e-03,-4.883500000000000341e-02,1.147630000000000039e-01,-4.333100000000000146e-02,-1.827739999999999920e-01,1.482140000000000124e-01,3.318700000000000122e-02,6.707599999999999674e-02,1.837099999999999844e-02,9.937699999999999312e-02,-5.872999999999999748e-03,9.633500000000000396e-02,5.385440000000000227e-01,-1.635570000000000079e-01,1.172771999999999926e+00,-3.500469999999999970e-01,7.015200000000000602e-02,2.137719999999999898e-01,6.800799999999999901e-02,-7.500160000000000160e-01,3.309039999999999759e-01,1.175492999999999899e+00,2.883290000000000020e-01,1.106599999999999945e-01,-1.104799999999999949e-01
-4.490399999999999947e-02,-1.227899999999999964e-01,8.229560000000000208e-01,7.132450000000000179e-01,-6.081999999999999906e-02,4.788999999999999854e-03,-6.982549999999999590e-01,9.158900000000000374e-02,1.446620000000000128e-01,1.087019999999999931e-01,1.278610000000000024e-01,-6.549000000000000134e-03,-4.944699999999999790e-02,1.143320000000000031e-01,-4.320600000000000135e-02,-1.821879999999999888e-01,1.481190000000000007e-01,3.340499999999999720e-02,6.716099999999999848e-02,1.800500000000000017e-02,9.897400000000000642e-02,-5.519999999999999733e-03,9.758999999999999619e-02,5.391669999999999519e-01,-1.635419999999999929e-01,1.169092000000000020e+00,-3.482190000000000007e-01,7.042700000000000349e-02,2.131889999999999896e-01,7.237899999999999889e-02,-7.534260000000000401e-01,3.308139999999999969e-01,1.162446000000000090e+00,2.830289999999999750e-01,1.109119999999999967e-01,-1.090639999999999943e-01
-4.483700000000000185e-02,-1.229269999999999946e-01,8.229579999999999673e-01,7.131570000000000409e-01,-6.071300000000000308e-02,4.903000000000000240e-03,-6.983530000000000015e-01,9.162099999999999411e-02,1.444509999999999961e-01,1.090929999999999955e-01,1.277919999999999889e-01,-6.867999999999999973e-03,-5.006300000000000333e-02,1.138839999999999991e-01,-4.308300000000000324e-02,-1.816290000000000127e-01,1.480519999999999892e-01,3.358699999999999880e-02,6.725100000000000522e-02,1.773500000000000076e-02,9.858999999999999708e-02,-5.239999999999999866e-03,9.888700000000000268e-02,5.397899999999999920e-01,-1.636259999999999937e-01,1.165283000000000069e+00,-3.463660000000000072e-01,7.076100000000000445e-02,2.126329999999999887e-01,7.718500000000000361e-02,-7.569069999999999965e-01,3.304119999999999835e-01,1.148954000000000031e+00,2.776480000000000059e-01,1.114099999999999951e-01,-1.076860000000000039e-01
-4.472299999999999887e-02,-1.229289999999999966e-01,8.229659999999999753e-01,7.131199999999999761e-01,-6.075699999999999851e-02,4.864000000000000268e-03,-6.983869999999999800e-01,9.143400000000000138e-02,1.449590000000000045e-01,1.084129999999999955e-01,1.277830000000000077e-01,-6.164000000000000208e-03,-4.853999999999999981e-02,1.146829999999999933e-01,-4.360200000000000187e-02,-1.829999999999999960e-01,1.480930000000000024e-01,3.317099999999999910e-02,6.698199999999999987e-02,1.821899999999999908e-02,9.857799999999999896e-02,-5.804000000000000131e-03,1.000650000000000012e-01,5.382019999999999582e-01,-1.621499999999999886e-01,1.162782999999999900e+00,-3.469599999999999906e-01,7.031400000000000150e-02,2.136889999999999901e-01,7.923900000000000388e-02,-7.577960000000000251e-01,3.259369999999999767e-01,1.143262999999999918e+00,2.775949999999999807e-01,1.117950000000000055e-01,-1.101209999999999967e-01
-4.463000000000000300e-02,-1.229959999999999942e-01,8.229699999999999793e-01,7.132870000000000044e-01,-6.077799999999999869e-02,4.839999999999999684e-03,-6.982150000000000301e-01,9.144399999999999751e-02,1.447209999999999885e-01,1.082950000000000024e-01,1.277699999999999947e-01,-6.181999999999999995e-03,-4.853500000000000175e-02,1.149529999999999996e-01,-4.379099999999999659e-02,-1.829560000000000075e-01,1.480950000000000044e-01,3.326300000000000090e-02,6.693799999999999750e-02,1.837700000000000097e-02,9.869899999999999507e-02,-6.133000000000000430e-03,1.011309999999999987e-01,5.366670000000000051e-01,-1.607490000000000030e-01,1.160444000000000031e+00,-3.478999999999999870e-01,6.997000000000000441e-02,2.148730000000000084e-01,8.053699999999999748e-02,-7.581780000000000186e-01,3.218880000000000075e-01,1.138662999999999981e+00,2.780150000000000121e-01,1.115759999999999946e-01,-1.127240000000000048e-01
-4.445199999999999846e-02,-1.230529999999999957e-01,8.229729999999999546e-01,7.134449999999999958e-01,-6.080800000000000094e-02,4.812999999999999570e-03,-6.980509999999999771e-01,9.146100000000000063e-02,1.445019999999999916e-01,1.081939999999999985e-01,1.277739999999999987e-01,-6.196000000000000119e-03,-4.853600000000000275e-02,1.152259999999999951e-01,-4.396200000000000108e-02,-1.828919999999999990e-01,1.480910000000000004e-01,3.336999999999999689e-02,6.688299999999999801e-02,1.847100000000000131e-02,9.880899999999999406e-02,-6.419000000000000226e-03,1.022079999999999933e-01,5.351430000000000353e-01,-1.592729999999999979e-01,1.158139999999999947e+00,-3.488769999999999927e-01,6.962000000000000133e-02,2.160610000000000031e-01,8.155300000000000049e-02,-7.585009999999999808e-01,3.180689999999999906e-01,1.134373999999999993e+00,2.785079999999999778e-01,1.111830000000000040e-01,-1.153079999999999938e-01
-4.412900000000000156e-02,-1.230139999999999983e-01,8.229670000000000041e-01,7.135540000000000216e-01,-6.076299999999999757e-02,4.813999999999999703e-03,-6.979440000000000088e-01,9.139600000000000501e-02,1.439920000000000089e-01,1.082899999999999974e-01,1.277649999999999897e-01,-6.285999999999999921e-03,-4.835400000000000115e-02,1.152190000000000020e-01,-4.443799999999999834e-02,-1.829089999999999883e-01,1.480410000000000059e-01,3.352800000000000225e-02,6.709299999999999986e-02,1.849599999999999855e-02,9.877900000000000569e-02,-6.152000000000000350e-03,1.025250000000000050e-01,5.341449999999999809e-01,-1.604970000000000008e-01,1.158109000000000055e+00,-3.488539999999999974e-01,6.994200000000000417e-02,2.161690000000000000e-01,8.245099999999999651e-02,-7.588160000000000460e-01,3.167639999999999900e-01,1.133180999999999994e+00,2.785099999999999798e-01,1.117969999999999936e-01,-1.164639999999999981e-01
-4.380900000000000072e-02,-1.230450000000000016e-01,8.229619999999999713e-01,7.135799999999999921e-01,-6.072199999999999820e-02,4.811000000000000172e-03,-6.979210000000000136e-01,9.132899999999999352e-02,1.434729999999999894e-01,1.083900000000000002e-01,1.277469999999999994e-01,-6.343999999999999813e-03,-4.817099999999999854e-02,1.151879999999999987e-01,-4.492399999999999866e-02,-1.829310000000000103e-01,1.480289999999999939e-01,3.369199999999999973e-02,6.729400000000000659e-02,1.858699999999999936e-02,9.872200000000000419e-02,-5.923999999999999579e-03,1.026379999999999931e-01,5.332019999999999538e-01,-1.618189999999999906e-01,1.158611999999999975e+00,-3.488740000000000174e-01,7.009300000000000253e-02,2.161019999999999885e-01,8.273899999999999311e-02,-7.590940000000000465e-01,3.157920000000000171e-01,1.132584999999999953e+00,2.786500000000000088e-01,1.122179999999999983e-01,-1.175350000000000006e-01
-4.349100000000000188e-02,-1.229809999999999931e-01,8.229570000000000496e-01,7.136029999999999873e-01,-6.068400000000000183e-02,4.806999999999999641e-03,-6.978999999999999648e-01,9.126099999999999490e-02,1.429570000000000007e-01,1.084900000000000031e-01,1.277320000000000122e-01,-6.393000000000000245e-03,-4.798899999999999694e-02,1.151469999999999994e-01,-4.540999999999999898e-02,-1.829449999999999965e-01,1.480339999999999989e-01,3.385799999999999921e-02,6.749099999999999544e-02,1.863799999999999832e-02,9.865699999999999470e-02,-5.675999999999999622e-03,1.026959999999999956e-01,5.322679999999999634e-01,-1.631199999999999872e-01,1.159254999999999924e+00,-3.489079999999999959e-01,7.016600000000000614e-02,2.159760000000000013e-01,8.285099999999999409e-02,-7.593539999999999734e-01,3.149529999999999830e-01,1.132187999999999972e+00,2.788249999999999895e-01,1.125489999999999963e-01,-1.185640000000000027e-01
-4.361600000000000199e-02,-1.231349999999999945e-01,8.229659999999999753e-01,7.135669999999999513e-01,-6.073800000000000032e-02,4.845999999999999613e-03,-6.979330000000000256e-01,9.147800000000000376e-02,1.431709999999999927e-01,1.081680000000000003e-01,1.277099999999999902e-01,-6.445000000000000208e-03,-4.810199999999999892e-02,1.152669999999999945e-01,-4.512800000000000145e-02,-1.825410000000000088e-01,1.481020000000000114e-01,3.389999999999999958e-02,6.733200000000000296e-02,1.876900000000000096e-02,9.890300000000000480e-02,-5.671999999999999958e-03,1.024189999999999962e-01,5.320920000000000094e-01,-1.625919999999999865e-01,1.159176999999999902e+00,-3.499030000000000196e-01,6.988400000000000167e-02,2.164010000000000100e-01,8.295900000000000496e-02,-7.583990000000000453e-01,3.141990000000000061e-01,1.131687000000000110e+00,2.797589999999999799e-01,1.124320000000000042e-01,-1.198369999999999991e-01
-4.383999999999999703e-02,-1.232029999999999931e-01,8.229589999999999961e-01,7.135209999999999608e-01,-6.073400000000000326e-02,4.837000000000000154e-03,-6.979800000000000448e-01,9.169199999999999573e-02,1.434630000000000072e-01,1.078709999999999947e-01,1.277359999999999884e-01,-6.529000000000000081e-03,-4.822900000000000104e-02,1.154759999999999953e-01,-4.475799999999999917e-02,-1.825700000000000101e-01,1.480789999999999884e-01,3.362300000000000011e-02,6.729699999999999571e-02,1.886099999999999929e-02,9.893200000000000605e-02,-5.513999999999999804e-03,1.022359999999999935e-01,5.320070000000000077e-01,-1.619299999999999906e-01,1.159035000000000037e+00,-3.509430000000000049e-01,6.960099999999999620e-02,2.168380000000000030e-01,8.295099999999999696e-02,-7.573400000000000132e-01,3.136459999999999804e-01,1.131159999999999943e+00,2.807600000000000096e-01,1.122540000000000066e-01,-1.211860000000000021e-01
-4.406700000000000200e-02,-1.233579999999999954e-01,8.229530000000000456e-01,7.134779999999999456e-01,-6.073599999999999832e-02,4.819999999999999632e-03,-6.980229999999999491e-01,9.192400000000000571e-02,1.437529999999999919e-01,1.075640000000000068e-01,1.277659999999999907e-01,-6.616999999999999618e-03,-4.836300000000000321e-02,1.157070000000000043e-01,-4.438700000000000284e-02,-1.826119999999999965e-01,1.480690000000000062e-01,3.333300000000000152e-02,6.725699999999999734e-02,1.890000000000000013e-02,9.893899999999999917e-02,-5.327000000000000138e-03,1.020900000000000002e-01,5.319420000000000259e-01,-1.612149999999999972e-01,1.158865999999999952e+00,-3.519820000000000171e-01,6.932199999999999473e-02,2.172759999999999969e-01,8.288500000000000034e-02,-7.562529999999999530e-01,3.131590000000000207e-01,1.130654999999999966e+00,2.817790000000000017e-01,1.120690000000000019e-01,-1.225500000000000062e-01
-4.411000000000000337e-02,-1.233970000000000067e-01,8.229610000000000536e-01,7.135329999999999728e-01,-6.070799999999999808e-02,4.828999999999999959e-03,-6.979699999999999793e-01,9.185400000000000509e-02,1.437370000000000037e-01,1.074429999999999968e-01,1.277659999999999907e-01,-6.507999999999999896e-03,-4.850899999999999657e-02,1.156559999999999949e-01,-4.463999999999999913e-02,-1.829310000000000103e-01,1.480039999999999967e-01,3.271999999999999909e-02,6.744799999999999407e-02,1.965400000000000133e-02,9.892099999999999504e-02,-5.303999999999999687e-03,1.017860000000000015e-01,5.309719999999999995e-01,-1.604609999999999925e-01,1.159758999999999984e+00,-3.527730000000000032e-01,6.906400000000000039e-02,2.176819999999999866e-01,8.345199999999999840e-02,-7.554950000000000276e-01,3.136510000000000131e-01,1.135837999999999903e+00,2.830539999999999723e-01,1.126579999999999943e-01,-1.221359999999999946e-01
-4.413600000000000162e-02,-1.234200000000000019e-01,8.229670000000000041e-01,7.135730000000000128e-01,-6.063899999999999846e-02,4.845999999999999613e-03,-6.979349999999999721e-01,9.172500000000000098e-02,1.436949999999999894e-01,1.073699999999999932e-01,1.277580000000000104e-01,-6.374000000000000325e-03,-4.862299999999999955e-02,1.155999999999999944e-01,-4.473599999999999799e-02,-1.832779999999999965e-01,1.480009999999999937e-01,3.211200000000000165e-02,6.764399999999999580e-02,2.041400000000000159e-02,9.891400000000000192e-02,-5.420000000000000338e-03,1.015029999999999960e-01,5.298939999999999761e-01,-1.596879999999999966e-01,1.160829000000000111e+00,-3.535420000000000229e-01,6.876000000000000167e-02,2.180640000000000078e-01,8.356299999999999839e-02,-7.548350000000000337e-01,3.144480000000000053e-01,1.141945999999999906e+00,2.844220000000000081e-01,1.127859999999999974e-01,-1.212860000000000049e-01
-4.416199999999999987e-02,-1.234389999999999932e-01,8.229739999999999833e-01,7.136099999999999666e-01,-6.056799999999999684e-02,4.866999999999999799e-03,-6.979030000000000511e-01,9.157300000000000162e-02,1.436530000000000029e-01,1.073000000000000065e-01,1.277600000000000124e-01,-6.237999999999999622e-03,-4.873700000000000254e-02,1.155179999999999957e-01,-4.483499999999999985e-02,-1.836240000000000094e-01,1.480100000000000027e-01,3.150300000000000322e-02,6.783999999999999753e-02,2.112199999999999842e-02,9.891500000000000292e-02,-5.550000000000000246e-03,1.012460000000000027e-01,5.288000000000000478e-01,-1.588620000000000032e-01,1.161933000000000105e+00,-3.543089999999999851e-01,6.843000000000000471e-02,2.184359999999999913e-01,8.347499999999999365e-02,-7.541870000000000518e-01,3.153989999999999849e-01,1.148328000000000015e+00,2.858129999999999837e-01,1.127520000000000050e-01,-1.203229999999999994e-01
-4.410300000000000331e-02,-1.233169999999999961e-01,8.229699999999999793e-01,7.137639999999999540e-01,-6.059599999999999709e-02,4.760999999999999607e-03,-6.977430000000000021e-01,9.143300000000000038e-02,1.433490000000000042e-01,1.069780000000000036e-01,1.278169999999999862e-01,-6.037999999999999964e-03,-4.852800000000000169e-02,1.157279999999999975e-01,-4.555399999999999727e-02,-1.849590000000000123e-01,1.482590000000000019e-01,3.299900000000000055e-02,6.793000000000000427e-02,2.109400000000000164e-02,9.855300000000000171e-02,-5.919999999999999915e-03,1.012590000000000018e-01,5.283200000000000118e-01,-1.592210000000000014e-01,1.161867999999999901e+00,-3.539539999999999909e-01,6.832599999999999785e-02,2.186079999999999968e-01,8.179899999999999671e-02,-7.532720000000000526e-01,3.157639999999999891e-01,1.151356000000000046e+00,2.870420000000000194e-01,1.121710000000000068e-01,-1.201190000000000035e-01
-4.412900000000000156e-02,-1.232010000000000050e-01,8.229809999999999626e-01,7.138360000000000261e-01,-6.064900000000000152e-02,4.700000000000000185e-03,-6.976660000000000084e-01,9.137499999999999789e-02,1.432080000000000020e-01,1.067519999999999997e-01,1.278310000000000002e-01,-5.834999999999999909e-03,-4.834700000000000109e-02,1.159069999999999961e-01,-4.619199999999999695e-02,-1.864369999999999916e-01,1.483420000000000016e-01,3.335300000000000070e-02,6.849600000000000133e-02,2.106699999999999892e-02,9.846299999999999497e-02,-6.060000000000000282e-03,1.013939999999999980e-01,5.279409999999999936e-01,-1.594949999999999979e-01,1.161545999999999967e+00,-3.534050000000000247e-01,6.814800000000000024e-02,2.187399999999999900e-01,8.068999999999999784e-02,-7.521130000000000315e-01,3.161630000000000273e-01,1.154055000000000053e+00,2.882540000000000102e-01,1.118309999999999998e-01,-1.201460000000000028e-01
-4.406899999999999706e-02,-1.230900000000000050e-01,8.229919999999999458e-01,7.139069999999999583e-01,-6.070500000000000201e-02,4.632999999999999965e-03,-6.975890000000000146e-01,9.134299999999999364e-02,1.430649999999999977e-01,1.065279999999999977e-01,1.278420000000000112e-01,-5.641000000000000181e-03,-4.816999999999999754e-02,1.160879999999999967e-01,-4.683199999999999863e-02,-1.879170000000000007e-01,1.484709999999999919e-01,3.367300000000000154e-02,6.906099999999999739e-02,2.106200000000000086e-02,9.836599999999999511e-02,-6.193999999999999853e-03,1.015579999999999955e-01,5.275720000000000409e-01,-1.597679999999999934e-01,1.161183999999999994e+00,-3.528299999999999770e-01,6.797100000000000364e-02,2.188690000000000080e-01,7.971000000000000307e-02,-7.509489999999999776e-01,3.164870000000000183e-01,1.156587999999999949e+00,2.894619999999999971e-01,1.115769999999999956e-01,-1.202450000000000047e-01
-4.407400000000000206e-02,-1.230060000000000042e-01,8.229729999999999546e-01,7.141229999999999523e-01,-6.060299999999999715e-02,4.467999999999999750e-03,-6.973780000000000534e-01,9.111199999999999855e-02,1.426570000000000060e-01,1.059289999999999954e-01,1.278169999999999862e-01,-5.127999999999999746e-03,-4.816999999999999754e-02,1.158069999999999933e-01,-4.570400000000000157e-02,-1.854300000000000115e-01,1.484010000000000051e-01,3.288900000000000157e-02,6.863299999999999956e-02,2.104500000000000121e-02,9.844999999999999585e-02,-5.952999999999999958e-03,1.016920000000000046e-01,5.274569999999999537e-01,-1.589750000000000052e-01,1.160001000000000060e+00,-3.529700000000000060e-01,6.788600000000000190e-02,2.192769999999999997e-01,7.922099999999999975e-02,-7.514939999999999953e-01,3.162440000000000251e-01,1.157121999999999984e+00,2.895499999999999741e-01,1.112569999999999948e-01,-1.200809999999999933e-01
-4.417900000000000299e-02,-1.229179999999999995e-01,8.229739999999999833e-01,7.142070000000000363e-01,-6.057900000000000090e-02,4.406000000000000194e-03,-6.972939999999999694e-01,9.087800000000000045e-02,1.425990000000000035e-01,1.057300000000000045e-01,1.278299999999999992e-01,-4.658999999999999947e-03,-4.826199999999999934e-02,1.157119999999999954e-01,-4.564300000000000301e-02,-1.855199999999999905e-01,1.485879999999999979e-01,3.271799999999999708e-02,6.928499999999999936e-02,2.124500000000000000e-02,9.874499999999999944e-02,-5.725000000000000054e-03,1.018479999999999941e-01,5.273160000000000069e-01,-1.581490000000000118e-01,1.158689000000000080e+00,-3.531500000000000195e-01,6.789699999999999902e-02,2.197550000000000059e-01,7.889999999999999791e-02,-7.520000000000000018e-01,3.158560000000000256e-01,1.157302999999999971e+00,2.894800000000000151e-01,1.111010000000000053e-01,-1.198879999999999946e-01
-4.419300000000000311e-02,-1.228329999999999977e-01,8.229750000000000121e-01,7.143019999999999925e-01,-6.054899999999999866e-02,4.344999999999999904e-03,-6.971990000000000132e-01,9.063000000000000222e-02,1.425190000000000068e-01,1.055040000000000006e-01,1.278360000000000052e-01,-4.186999999999999750e-03,-4.834600000000000009e-02,1.156220000000000026e-01,-4.560199999999999670e-02,-1.856379999999999975e-01,1.487749999999999906e-01,3.254300000000000248e-02,6.994300000000000517e-02,2.144599999999999979e-02,9.903900000000000203e-02,-5.505999999999999610e-03,1.020080000000000015e-01,5.271609999999999907e-01,-1.573509999999999909e-01,1.157332000000000027e+00,-3.533319999999999794e-01,6.793899999999999939e-02,2.202600000000000113e-01,7.867899999999999894e-02,-7.525269999999999460e-01,3.153839999999999977e-01,1.157370999999999928e+00,2.893809999999999993e-01,1.110040000000000054e-01,-1.197099999999999970e-01
-4.444599999999999940e-02,-1.229599999999999999e-01,8.229849999999999666e-01,7.142570000000000308e-01,-6.058299999999999796e-02,4.318999999999999923e-03,-6.972429999999999461e-01,9.097900000000000431e-02,1.425520000000000120e-01,1.052369999999999972e-01,1.278710000000000124e-01,-4.812000000000000305e-03,-4.857199999999999712e-02,1.157170000000000004e-01,-4.587999999999999717e-02,-1.859159999999999979e-01,1.484900000000000109e-01,3.266299999999999759e-02,6.850299999999999445e-02,2.128199999999999883e-02,9.896099999999999342e-02,-5.127999999999999746e-03,1.023899999999999949e-01,5.279019999999999824e-01,-1.571410000000000029e-01,1.153785999999999978e+00,-3.521440000000000126e-01,6.744200000000000195e-02,2.200989999999999891e-01,7.875600000000000656e-02,-7.534629999999999939e-01,3.141200000000000103e-01,1.153712999999999989e+00,2.892600000000000171e-01,1.104870000000000019e-01,-1.208680000000000032e-01
-4.461999999999999994e-02,-1.230239999999999945e-01,8.229889999999999706e-01,7.142269999999999452e-01,-6.063799999999999746e-02,4.237000000000000315e-03,-6.972690000000000277e-01,9.120599999999999541e-02,1.426199999999999968e-01,1.049530000000000046e-01,1.279430000000000012e-01,-4.747000000000000351e-03,-4.892099999999999921e-02,1.158980000000000010e-01,-4.573900000000000188e-02,-1.860660000000000092e-01,1.484479999999999966e-01,3.245699999999999974e-02,6.861499999999999544e-02,2.118700000000000097e-02,9.890100000000000280e-02,-4.883000000000000188e-03,1.028619999999999951e-01,5.287659999999999583e-01,-1.571130000000000027e-01,1.150030000000000108e+00,-3.507219999999999782e-01,6.733799999999999508e-02,2.201760000000000106e-01,7.927800000000000125e-02,-7.543879999999999475e-01,3.124460000000000015e-01,1.149321000000000037e+00,2.891790000000000194e-01,1.101410000000000028e-01,-1.218930000000000013e-01
-4.479299999999999948e-02,-1.231819999999999998e-01,8.229919999999999458e-01,7.141979999999999995e-01,-6.068300000000000083e-02,4.157000000000000105e-03,-6.972960000000000269e-01,9.143800000000000539e-02,1.426699999999999913e-01,1.046689999999999982e-01,1.279810000000000114e-01,-4.670999999999999805e-03,-4.927000000000000129e-02,1.160520000000000024e-01,-4.561599999999999683e-02,-1.862159999999999926e-01,1.484449999999999936e-01,3.222300000000000164e-02,6.873400000000000343e-02,2.117600000000000038e-02,9.882900000000000018e-02,-4.671999999999999938e-03,1.033199999999999952e-01,5.296349999999999669e-01,-1.571629999999999971e-01,1.146196999999999910e+00,-3.492819999999999814e-01,6.731800000000000284e-02,2.202890000000000126e-01,8.001700000000000479e-02,-7.553189999999999626e-01,3.105990000000000140e-01,1.144722999999999935e+00,2.890699999999999936e-01,1.098910000000000026e-01,-1.229470000000000007e-01
-4.448599999999999777e-02,-1.232260000000000022e-01,8.230129999999999946e-01,7.140859999999999985e-01,-6.048599999999999810e-02,4.356999999999999762e-03,-6.974270000000000191e-01,9.154299999999999937e-02,1.429159999999999875e-01,1.058859999999999940e-01,1.278229999999999922e-01,-4.864000000000000268e-03,-4.839899999999999758e-02,1.160439999999999944e-01,-4.577799999999999925e-02,-1.857360000000000122e-01,1.483780000000000099e-01,3.267300000000000065e-02,6.883400000000000629e-02,1.985999999999999918e-02,9.884199999999999930e-02,-5.381999999999999632e-03,1.028420000000000029e-01,5.317190000000000527e-01,-1.451820000000000055e-01,1.122695999999999916e+00,-3.532970000000000277e-01,6.287399999999999933e-02,2.268429999999999891e-01,7.973600000000000132e-02,-7.591999999999999860e-01,2.937179999999999791e-01,1.121745999999999910e+00,2.958749999999999991e-01,1.049500000000000016e-01,-1.324500000000000122e-01
-4.418400000000000105e-02,-1.234210000000000029e-01,8.230319999999999858e-01,7.139699999999999935e-01,-6.037000000000000005e-02,4.505000000000000324e-03,-6.975540000000000074e-01,9.143700000000000438e-02,1.426489999999999980e-01,1.063609999999999972e-01,1.278239999999999932e-01,-5.062999999999999792e-03,-4.823800000000000310e-02,1.157149999999999984e-01,-4.612399999999999833e-02,-1.851180000000000048e-01,1.483130000000000004e-01,3.303999999999999992e-02,6.895300000000000040e-02,1.870300000000000087e-02,9.897200000000000442e-02,-5.526999999999999795e-03,1.037629999999999941e-01,5.333769999999999900e-01,-1.325959999999999916e-01,1.095855999999999941e+00,-3.570690000000000253e-01,5.957400000000000195e-02,2.350129999999999997e-01,8.198400000000000132e-02,-7.630949999999999678e-01,2.748559999999999892e-01,1.095180000000000042e+00,3.024519999999999986e-01,1.010729999999999962e-01,-1.435970000000000024e-01
-4.379000000000000253e-02,-1.235620000000000052e-01,8.230490000000000306e-01,7.138590000000000213e-01,-6.023300000000000182e-02,4.673000000000000070e-03,-6.976790000000000491e-01,9.131899999999999740e-02,1.423669999999999936e-01,1.068280000000000063e-01,1.278140000000000109e-01,-5.296000000000000360e-03,-4.807499999999999968e-02,1.153760000000000063e-01,-4.648200000000000248e-02,-1.845130000000000103e-01,1.482449999999999879e-01,3.336599999999999983e-02,6.908599999999999464e-02,1.771400000000000058e-02,9.911100000000000465e-02,-5.753000000000000301e-03,1.051190000000000041e-01,5.347979999999999956e-01,-1.200520000000000059e-01,1.068003999999999953e+00,-3.605289999999999884e-01,5.675700000000000189e-02,2.436679999999999957e-01,8.532800000000000107e-02,-7.667629999999999724e-01,2.551899999999999724e-01,1.067385999999999946e+00,3.085760000000000169e-01,9.764200000000000657e-02,-1.552139999999999909e-01
-4.402500000000000163e-02,-1.235959999999999975e-01,8.229929999999999746e-01,7.133880000000000221e-01,-6.063500000000000140e-02,3.736000000000000171e-03,-6.981309999999999460e-01,9.235799999999999566e-02,1.418500000000000039e-01,1.079630000000000034e-01,1.310240000000000016e-01,-7.022999999999999729e-03,-4.806499999999999662e-02,1.155319999999999958e-01,-4.724699999999999733e-02,-1.829399999999999915e-01,1.521490000000000065e-01,3.082599999999999923e-02,6.981199999999999906e-02,1.753899999999999904e-02,9.826899999999999524e-02,-4.330000000000000081e-04,1.011019999999999974e-01,5.330570000000000030e-01,-1.030329999999999996e-01,1.002254999999999896e+00,-3.639189999999999925e-01,4.927399999999999836e-02,2.621189999999999909e-01,8.686699999999999977e-02,-7.700200000000000378e-01,2.264629999999999976e-01,1.019387999999999961e+00,3.141149999999999776e-01,9.226099999999999579e-02,-1.737710000000000088e-01
-4.415199999999999680e-02,-1.238189999999999985e-01,8.230220000000000313e-01,7.129280000000000062e-01,-6.042100000000000248e-02,3.834000000000000168e-03,-6.986189999999999900e-01,9.237199999999999578e-02,1.421260000000000023e-01,1.091199999999999948e-01,1.312230000000000063e-01,-7.054999999999999639e-03,-4.819199999999999873e-02,1.148200000000000054e-01,-4.705399999999999860e-02,-1.814139999999999919e-01,1.524399999999999922e-01,3.036499999999999963e-02,7.033999999999999975e-02,1.721699999999999967e-02,9.855600000000000471e-02,1.103999999999999947e-03,1.014110000000000011e-01,5.298410000000000064e-01,-8.565399999999999403e-02,9.325419999999999821e-01,-3.657529999999999948e-01,4.245499999999999968e-02,2.816710000000000047e-01,9.082199999999999995e-02,-7.736450000000000271e-01,1.978999999999999926e-01,9.693180000000000129e-01,3.182960000000000234e-01,8.664700000000000180e-02,-1.922069999999999890e-01
-4.426100000000000173e-02,-1.240949999999999970e-01,8.230629999999999891e-01,7.124589999999999534e-01,-6.005699999999999927e-02,4.129999999999999991e-03,-6.991270000000000540e-01,9.198299999999999532e-02,1.424499999999999933e-01,1.103019999999999973e-01,1.312580000000000136e-01,-7.004999999999999942e-03,-4.830600000000000172e-02,1.138490000000000058e-01,-4.676500000000000101e-02,-1.798839999999999884e-01,1.522209999999999952e-01,3.018500000000000003e-02,7.087899999999999756e-02,1.682799999999999921e-02,9.894200000000000217e-02,1.791000000000000057e-03,1.026249999999999940e-01,5.256450000000000289e-01,-6.875499999999999667e-02,8.611349999999999838e-01,-3.663330000000000197e-01,3.640899999999999692e-02,3.021420000000000217e-01,9.545900000000000218e-02,-7.766910000000000203e-01,1.692879999999999940e-01,9.180850000000000399e-01,3.216200000000000170e-01,8.176899999999999447e-02,-2.108879999999999921e-01
-4.433100000000000235e-02,-1.250719999999999887e-01,8.230969999999999676e-01,7.112870000000000026e-01,-5.733300000000000202e-02,6.712000000000000084e-03,-7.005270000000000108e-01,8.616600000000000648e-02,1.426939999999999875e-01,1.144830000000000014e-01,1.302010000000000112e-01,-7.119000000000000328e-03,-4.927100000000000229e-02,1.059569999999999956e-01,-4.656300000000000022e-02,-1.769920000000000104e-01,1.519379999999999897e-01,2.963299999999999962e-02,7.098599999999999355e-02,1.749200000000000060e-02,9.924600000000000088e-02,8.656000000000000499e-03,9.727600000000000136e-02,5.243510000000000115e-01,-7.845599999999999796e-02,7.870260000000000034e-01,-3.539349999999999996e-01,3.575099999999999806e-02,3.140549999999999731e-01,8.681200000000000028e-02,-7.832379999999999898e-01,1.653290000000000037e-01,8.686150000000000260e-01,3.131709999999999772e-01,8.144899999999999363e-02,-2.201809999999999878e-01
-4.442700000000000121e-02,-1.258509999999999907e-01,8.231239999999999668e-01,7.100870000000000237e-01,-5.438599999999999685e-02,9.433999999999999678e-03,-7.019469999999999876e-01,7.931699999999999862e-02,1.429890000000000050e-01,1.187030000000000030e-01,1.294790000000000108e-01,-7.218999999999999723e-03,-5.040599999999999942e-02,9.688099999999999490e-02,-4.644399999999999917e-02,-1.737380000000000035e-01,1.522280000000000022e-01,2.886299999999999977e-02,7.116999999999999715e-02,1.765100000000000002e-02,9.956900000000000472e-02,1.498799999999999959e-02,9.158600000000000074e-02,5.233550000000000146e-01,-8.811399999999999788e-02,7.136240000000000361e-01,-3.408640000000000003e-01,3.586600000000000205e-02,3.249070000000000014e-01,7.516399999999999471e-02,-7.898300000000000320e-01,1.635000000000000064e-01,8.217999999999999750e-01,3.045209999999999861e-01,8.102600000000000080e-02,-2.281729999999999869e-01
-4.455300000000000232e-02,-1.267069999999999863e-01,8.231460000000000443e-01,7.088740000000000041e-01,-5.137800000000000006e-02,1.218999999999999945e-02,-7.033559999999999812e-01,7.225399999999999878e-02,1.433280000000000109e-01,1.229090000000000044e-01,1.288620000000000043e-01,-7.337999999999999905e-03,-5.158000000000000085e-02,8.753299999999999970e-02,-4.632599999999999912e-02,-1.705000000000000127e-01,1.527330000000000076e-01,2.800599999999999964e-02,7.132099999999999551e-02,1.745199999999999876e-02,9.991700000000000581e-02,2.116000000000000172e-02,8.608300000000000674e-02,5.226859999999999840e-01,-9.787500000000000366e-02,6.404450000000000420e-01,-3.273240000000000038e-01,3.630200000000000093e-02,3.347109999999999808e-01,6.263299999999999423e-02,-7.963339999999999863e-01,1.626229999999999898e-01,7.757089999999999819e-01,2.957420000000000049e-01,8.048399999999999999e-02,-2.355599999999999916e-01
-4.460299999999999682e-02,-1.259659999999999946e-01,8.222699999999999454e-01,7.041809999999999459e-01,-4.470500000000000168e-02,1.998700000000000129e-02,-7.083300000000000152e-01,5.137599999999999806e-02,1.464840000000000031e-01,1.305530000000000024e-01,1.258090000000000042e-01,-1.279199999999999955e-02,-4.951099999999999945e-02,6.003900000000000209e-02,-4.287599999999999745e-02,-1.633429999999999882e-01,1.516730000000000023e-01,2.545400000000000093e-02,7.465099999999999514e-02,2.060299999999999979e-02,1.057450000000000057e-01,4.040200000000000041e-02,6.091699999999999893e-02,5.265649999999999498e-01,-1.357059999999999933e-01,5.850220000000000420e-01,-3.101200000000000068e-01,4.010099999999999776e-02,3.419059999999999877e-01,2.010899999999999840e-02,-8.111300000000000177e-01,1.901079999999999992e-01,7.309269999999999934e-01,2.819360000000000199e-01,8.073900000000000521e-02,-2.438309999999999922e-01
-4.469800000000000162e-02,-1.248749999999999999e-01,8.214019999999999655e-01,6.992500000000000382e-01,-3.755300000000000304e-02,2.803100000000000036e-02,-7.133399999999999741e-01,2.827800000000000105e-02,1.498430000000000040e-01,1.386330000000000062e-01,1.243039999999999978e-01,-1.816500000000000059e-02,-4.748299999999999743e-02,3.017399999999999943e-02,-3.984300000000000341e-02,-1.561140000000000028e-01,1.519530000000000047e-01,2.278499999999999970e-02,7.729999999999999372e-02,2.327399999999999955e-02,1.117149999999999949e-01,5.929299999999999848e-02,3.261499999999999816e-02,5.295210000000000194e-01,-1.731999999999999929e-01,5.339329999999999909e-01,-2.934180000000000121e-01,4.275500000000000134e-02,3.473160000000000136e-01,-2.837699999999999945e-02,-8.248929999999999874e-01,2.217860000000000109e-01,6.904709999999999459e-01,2.689659999999999829e-01,8.049499999999999711e-02,-2.513349999999999751e-01
-4.465500000000000025e-02,-1.237089999999999995e-01,8.205219999999999736e-01,6.942129999999999690e-01,-3.021099999999999827e-02,3.602199999999999847e-02,-7.182330000000000103e-01,4.852999999999999675e-03,1.532610000000000083e-01,1.468089999999999951e-01,1.232150000000000051e-01,-2.359999999999999945e-02,-4.552900000000000003e-02,-1.779999999999999898e-04,-3.710000000000000103e-02,-1.489040000000000086e-01,1.526849999999999874e-01,1.997499999999999970e-02,7.991600000000000092e-02,2.544599999999999987e-02,1.175810000000000050e-01,7.808400000000000063e-02,3.942000000000000191e-03,5.314780000000000060e-01,-2.099459999999999937e-01,4.835320000000000173e-01,-2.766230000000000078e-01,4.497500000000000109e-02,3.510639999999999872e-01,-7.902099999999999402e-02,-8.370009999999999950e-01,2.555040000000000089e-01,6.511799999999999811e-01,2.561890000000000001e-01,7.982599999999999418e-02,-2.580819999999999781e-01
-4.439300000000000190e-02,-1.183769999999999961e-01,8.169480000000000075e-01,6.878109999999999502e-01,-1.892500000000000085e-02,4.469399999999999762e-02,-7.242659999999999654e-01,-4.411400000000000043e-02,1.530370000000000064e-01,1.470970000000000055e-01,1.456210000000000004e-01,-4.567899999999999738e-02,-4.062899999999999845e-02,-4.452799999999999814e-02,-3.840500000000000164e-02,-1.402229999999999865e-01,1.502950000000000119e-01,5.258999999999999786e-03,8.296900000000000108e-02,2.713499999999999940e-02,1.189660000000000023e-01,1.028879999999999934e-01,-2.624599999999999850e-02,5.265840000000000520e-01,-2.556510000000000171e-01,4.343609999999999971e-01,-2.577639999999999931e-01,4.674299999999999983e-02,3.498649999999999816e-01,-1.360810000000000075e-01,-8.374070000000000125e-01,2.865869999999999806e-01,6.240310000000000024e-01,2.445009999999999961e-01,7.835999999999999910e-02,-2.693829999999999836e-01
-4.406000000000000194e-02,-1.129269999999999996e-01,8.134470000000000312e-01,6.812049999999999494e-01,-6.721000000000000411e-03,5.389900000000000246e-02,-7.300750000000000295e-01,-9.762700000000000544e-02,1.530489999999999906e-01,1.471689999999999943e-01,1.719539999999999957e-01,-6.903600000000000014e-02,-3.579000000000000237e-02,-9.254099999999999826e-02,-4.009499999999999870e-02,-1.314039999999999930e-01,1.498470000000000080e-01,-9.926000000000000795e-03,8.569899999999999740e-02,2.895599999999999910e-02,1.199029999999999957e-01,1.262020000000000086e-01,-5.716999999999999860e-02,5.198129999999999695e-01,-2.998040000000000149e-01,3.845879999999999854e-01,-2.385200000000000098e-01,4.852900000000000269e-02,3.466310000000000224e-01,-1.942119999999999957e-01,-8.343390000000000528e-01,3.173659999999999815e-01,5.979330000000000478e-01,2.325290000000000135e-01,7.618800000000000572e-02,-2.800610000000000044e-01
-4.361000000000000293e-02,-1.071349999999999941e-01,8.099340000000000428e-01,6.744400000000000395e-01,5.872999999999999748e-03,6.313299999999999468e-02,-7.356019999999999781e-01,-1.528289999999999926e-01,1.530779999999999919e-01,1.471619999999999873e-01,1.997780000000000111e-01,-9.267799999999999649e-02,-3.100899999999999837e-02,-1.418349999999999889e-01,-4.210699999999999860e-02,-1.225320000000000020e-01,1.500110000000000054e-01,-2.510099999999999831e-02,8.822099999999999387e-02,3.057199999999999848e-02,1.207050000000000067e-01,1.495559999999999945e-01,-8.814800000000000413e-02,5.102539999999999853e-01,-3.416029999999999900e-01,3.327590000000000270e-01,-2.187429999999999930e-01,5.041199999999999848e-02,3.411620000000000208e-01,-2.521249999999999880e-01,-8.277010000000000201e-01,3.469099999999999961e-01,5.707670000000000243e-01,2.201879999999999948e-01,7.416200000000000570e-02,-2.899120000000000030e-01
-4.373799999999999910e-02,-9.959899999999999309e-02,8.046320000000000139e-01,6.678300000000000347e-01,2.072699999999999890e-02,7.240499999999999714e-02,-7.404939999999999856e-01,-2.374799999999999967e-01,1.580259999999999998e-01,1.534139999999999948e-01,2.741750000000000020e-01,-1.167740000000000028e-01,-2.884499999999999911e-02,-2.285919999999999896e-01,-4.880799999999999722e-02,-1.163129999999999997e-01,2.115819999999999923e-01,-5.598899999999999710e-02,8.732800000000000284e-02,3.401300000000000157e-02,1.177150000000000002e-01,1.715899999999999925e-01,-1.197880000000000056e-01,5.053269999999999706e-01,-3.494149999999999756e-01,3.100530000000000230e-01,-2.050470000000000070e-01,5.203399999999999692e-02,3.383220000000000116e-01,-2.970329999999999915e-01,-8.127349999999999852e-01,3.653589999999999893e-01,5.579899999999999860e-01,2.081659999999999899e-01,7.221900000000000541e-02,-2.911309999999999731e-01
-4.386199999999999821e-02,-9.150099999999999900e-02,7.991989999999999927e-01,6.609969999999999457e-01,3.773300000000000265e-02,8.265500000000000624e-02,-7.448679999999999746e-01,-3.315319999999999934e-01,1.625810000000000033e-01,1.587419999999999942e-01,3.555860000000000132e-01,-1.429140000000000132e-01,-2.695699999999999832e-02,-3.252289999999999903e-01,-5.678199999999999914e-02,-1.090030000000000027e-01,2.815630000000000077e-01,-9.007099999999999829e-02,8.672399999999999554e-02,3.729999999999999982e-02,1.129369999999999957e-01,1.903120000000000089e-01,-1.527179999999999926e-01,4.972509999999999986e-01,-3.526839999999999975e-01,2.857959999999999945e-01,-1.906299999999999939e-01,5.127999999999999919e-02,3.305850000000000177e-01,-3.407330000000000081e-01,-7.930449999999999999e-01,3.803940000000000099e-01,5.431909999999999794e-01,1.953120000000000134e-01,6.922000000000000375e-02,-2.897560000000000136e-01
-4.368600000000000261e-02,-8.291300000000000059e-02,7.936480000000000201e-01,6.539580000000000393e-01,5.557800000000000240e-02,9.322099999999999831e-02,-7.487049999999999539e-01,-4.304569999999999785e-01,1.673499999999999988e-01,1.631579999999999975e-01,4.415220000000000256e-01,-1.707480000000000109e-01,-2.519400000000000112e-02,-4.254359999999999808e-01,-6.471999999999999975e-02,-1.007470000000000032e-01,3.535889999999999866e-01,-1.245679999999999982e-01,8.647699999999999831e-02,4.026099999999999818e-02,1.077339999999999964e-01,2.087360000000000049e-01,-1.858470000000000122e-01,4.847009999999999930e-01,-3.502399999999999958e-01,2.564810000000000145e-01,-1.746250000000000024e-01,4.988299999999999679e-02,3.180649999999999866e-01,-3.825230000000000019e-01,-7.681090000000000417e-01,3.909130000000000105e-01,5.247169999999999890e-01,1.816399999999999959e-01,6.558700000000000641e-02,-2.852819999999999800e-01
-4.320399999999999935e-02,-7.472499999999999976e-02,7.843080000000000052e-01,6.470909999999999718e-01,7.229700000000000015e-02,1.030819999999999931e-01,-7.519439999999999458e-01,-5.266129999999999978e-01,1.734769999999999923e-01,1.630230000000000012e-01,5.259070000000000134e-01,-1.944690000000000030e-01,-2.229000000000000078e-02,-5.332459999999999978e-01,-7.195400000000000407e-02,-9.206499999999999406e-02,4.457369999999999943e-01,-1.532010000000000038e-01,8.679499999999999715e-02,4.099599999999999772e-02,1.014840000000000048e-01,2.302240000000000120e-01,-1.868239999999999901e-01,4.578180000000000027e-01,-3.592009999999999925e-01,2.408029999999999893e-01,-1.522830000000000017e-01,4.997100000000000153e-02,2.910889999999999866e-01,-3.924770000000000203e-01,-7.342819999999999903e-01,3.873510000000000009e-01,4.839240000000000208e-01,1.657669999999999977e-01,5.982200000000000017e-02,-2.822749999999999981e-01
-4.249399999999999705e-02,-6.635599999999999832e-02,7.746570000000000400e-01,6.401069999999999816e-01,8.977699999999999569e-02,1.130150000000000043e-01,-7.546059999999999990e-01,-6.254920000000000480e-01,1.789290000000000047e-01,1.624569999999999903e-01,6.122560000000000224e-01,-2.194059999999999899e-01,-1.974499999999999866e-02,-6.439829999999999721e-01,-7.907000000000000139e-02,-8.261200000000000487e-02,5.407070000000000487e-01,-1.832120000000000137e-01,8.751000000000000445e-02,4.331000000000000127e-02,9.455099999999999616e-02,2.501269999999999882e-01,-1.871369999999999978e-01,4.254430000000000156e-01,-3.629830000000000001e-01,2.179629999999999901e-01,-1.274490000000000067e-01,4.930899999999999866e-02,2.579969999999999763e-01,-3.937069999999999736e-01,-6.939440000000000053e-01,3.737650000000000139e-01,4.327779999999999960e-01,1.475470000000000115e-01,5.480299999999999755e-02,-2.743240000000000123e-01
-4.151400000000000229e-02,-5.766799999999999704e-02,7.645819999999999839e-01,6.329399999999999471e-01,1.075910000000000061e-01,1.229190000000000005e-01,-7.567709999999999715e-01,-7.265490000000000004e-01,1.841000000000000136e-01,1.611730000000000107e-01,7.007160000000000055e-01,-2.451629999999999920e-01,-1.722399999999999973e-02,-7.563260000000000538e-01,-8.535600000000000132e-02,-7.244699999999999751e-02,6.369580000000000242e-01,-2.136699999999999988e-01,8.853700000000000458e-02,4.606199999999999878e-02,8.746199999999999808e-02,2.698999999999999733e-01,-1.866740000000000066e-01,3.874940000000000051e-01,-3.601280000000000037e-01,1.874869999999999870e-01,-1.005280000000000062e-01,4.859299999999999731e-02,2.191140000000000032e-01,-3.900089999999999946e-01,-6.457009999999999694e-01,3.520719999999999961e-01,3.728620000000000267e-01,1.274929999999999952e-01,4.988999999999999685e-02,-2.601189999999999891e-01
-4.047800000000000009e-02,-5.240100000000000313e-02,7.533339999999999481e-01,6.265420000000000433e-01,1.211669999999999969e-01,1.303209999999999924e-01,-7.588019999999999765e-01,-8.066449999999999454e-01,1.899309999999999887e-01,1.582669999999999910e-01,7.768359999999999710e-01,-2.690119999999999734e-01,-1.529100000000000077e-02,-8.438499999999999890e-01,-9.027799999999999714e-02,-6.572600000000000664e-02,7.122260000000000257e-01,-2.352090000000000014e-01,8.925800000000000400e-02,4.640600000000000280e-02,7.959900000000000309e-02,2.901549999999999963e-01,-1.667410000000000003e-01,3.395790000000000197e-01,-3.067409999999999859e-01,1.711729999999999918e-01,-8.832900000000000473e-02,4.191199999999999787e-02,1.909740000000000049e-01,-3.538259999999999739e-01,-5.782260000000000177e-01,3.138110000000000066e-01,3.413260000000000183e-01,1.184270000000000045e-01,4.226699999999999902e-02,-2.388180000000000025e-01
-3.929699999999999860e-02,-4.706599999999999673e-02,7.420830000000000481e-01,6.201100000000000501e-01,1.339229999999999865e-01,1.370589999999999864e-01,-7.607519999999999838e-01,-8.843339999999999534e-01,1.958840000000000026e-01,1.550050000000000039e-01,8.524209999999999843e-01,-2.929979999999999807e-01,-1.352599999999999983e-02,-9.283949999999999703e-01,-9.402299999999999547e-02,-5.900199999999999889e-02,7.859359999999999680e-01,-2.562630000000000186e-01,9.004399999999999904e-02,4.582900000000000168e-02,7.203900000000000581e-02,3.129759999999999764e-01,-1.454139999999999877e-01,2.881110000000000060e-01,-2.467519999999999991e-01,1.495680000000000065e-01,-7.453600000000000503e-02,3.455199999999999938e-02,1.578140000000000098e-01,-3.161519999999999886e-01,-5.021109999999999740e-01,2.696169999999999956e-01,3.024450000000000194e-01,1.075860000000000011e-01,3.319600000000000328e-02,-2.105899999999999994e-01
-3.789700000000000013e-02,-4.167499999999999677e-02,7.305319999999999592e-01,6.136049999999999560e-01,1.465760000000000118e-01,1.435379999999999989e-01,-7.624959999999999516e-01,-9.620119999999999783e-01,2.016010000000000024e-01,1.513430000000000053e-01,9.284660000000000135e-01,-3.172800000000000065e-01,-1.176699999999999968e-02,-1.012734999999999941e+00,-9.699299999999999589e-02,-5.208399999999999835e-02,8.599170000000000424e-01,-2.774889999999999857e-01,9.094199999999999506e-02,4.493599999999999678e-02,6.453399999999999415e-02,3.364420000000000188e-01,-1.235679999999999973e-01,2.348800000000000054e-01,-1.832229999999999970e-01,1.248120000000000063e-01,-5.984699999999999742e-02,2.749300000000000008e-02,1.215699999999999975e-01,-2.770320000000000005e-01,-4.194740000000000135e-01,2.189810000000000090e-01,2.558830000000000271e-01,9.495900000000000174e-02,2.408199999999999924e-02,-1.758510000000000073e-01
-3.658399999999999846e-02,-4.020599999999999868e-02,7.211410000000000320e-01,6.065669999999999673e-01,1.554119999999999946e-01,1.480370000000000019e-01,-7.655119999999999703e-01,-1.012996999999999925e+00,2.066379999999999884e-01,1.469290000000000040e-01,9.837310000000000221e-01,-3.394539999999999780e-01,-1.148099999999999989e-02,-1.069914000000000032e+00,-9.600000000000000200e-02,-4.573100000000000082e-02,9.092620000000000147e-01,-2.922330000000000205e-01,9.141100000000000614e-02,3.988699999999999884e-02,5.829499999999999960e-02,3.505759999999999987e-01,-9.299699999999999633e-02,1.760460000000000080e-01,-1.371290000000000009e-01,9.769200000000000106e-02,-4.264300000000000035e-02,2.353600000000000136e-02,8.829399999999999749e-02,-2.195409999999999862e-01,-3.329250000000000265e-01,1.860769999999999924e-01,2.052879999999999983e-01,7.058399999999999397e-02,2.053100000000000064e-02,-1.462199999999999889e-01
-3.508499999999999813e-02,-3.871200000000000335e-02,7.119240000000000013e-01,5.995230000000000281e-01,1.635610000000000119e-01,1.519709999999999950e-01,-7.685870000000000202e-01,-1.061434999999999906e+00,2.118269999999999875e-01,1.423830000000000096e-01,1.037983000000000100e+00,-3.614800000000000235e-01,-1.116400000000000031e-02,-1.124254000000000087e+00,-9.420499999999999707e-02,-3.970300000000000218e-02,9.570579999999999643e-01,-3.064930000000000154e-01,9.194199999999999595e-02,3.483499999999999791e-02,5.252899999999999930e-02,3.665100000000000025e-01,-6.325200000000000267e-02,1.202970000000000012e-01,-9.480299999999999838e-02,7.472399999999999876e-02,-2.641299999999999898e-02,2.020800000000000027e-02,5.792400000000000326e-02,-1.638689999999999869e-01,-2.461460000000000037e-01,1.504689999999999916e-01,1.513940000000000008e-01,4.500599999999999740e-02,1.784099999999999922e-02,-1.138440000000000007e-01
-3.344899999999999957e-02,-3.726100000000000245e-02,7.026449999999999640e-01,5.924779999999999491e-01,1.716139999999999888e-01,1.556659999999999988e-01,-7.715480000000000116e-01,-1.109455999999999998e+00,2.169030000000000125e-01,1.376090000000000091e-01,1.092221000000000108e+00,-3.835680000000000200e-01,-1.073999999999999955e-02,-1.178126000000000007e+00,-9.197800000000000420e-02,-3.386000000000000121e-02,1.004876000000000102e+00,-3.208300000000000041e-01,9.250600000000000489e-02,2.960099999999999884e-02,4.670500000000000346e-02,3.827479999999999771e-01,-3.537900000000000073e-02,7.083599999999999619e-02,-6.053200000000000247e-02,6.015700000000000214e-02,-1.261199999999999995e-02,1.753000000000000044e-02,3.394799999999999901e-02,-1.124990000000000018e-01,-1.630159999999999942e-01,1.151829999999999937e-01,9.807100000000000539e-02,1.920499999999999985e-02,1.649799999999999878e-02,-8.122100000000000153e-02
-3.235500000000000181e-02,-4.008799999999999863e-02,6.977680000000000549e-01,5.844190000000000218e-01,1.766220000000000012e-01,1.589980000000000004e-01,-7.758730000000000349e-01,-1.131987000000000076e+00,2.261229999999999907e-01,1.372690000000000021e-01,1.124806999999999890e+00,-3.999679999999999902e-01,-1.111400000000000061e-02,-1.203791000000000055e+00,-8.296699999999999908e-02,-2.776299999999999948e-02,1.024264999999999981e+00,-3.310910000000000242e-01,9.593799999999999550e-02,2.125499999999999959e-02,4.414200000000000068e-02,3.874340000000000006e-01,-1.799600000000000158e-02,3.992300000000000015e-02,-3.315900000000000097e-02,3.549900000000000277e-02,-7.049999999999999843e-03,1.050399999999999945e-02,1.851399999999999921e-02,-6.485299999999999399e-02,-9.563699999999999979e-02,6.715699999999999448e-02,5.532200000000000312e-02,1.078299999999999918e-02,9.478999999999999579e-03,-4.640600000000000280e-02
-3.108700000000000005e-02,-4.283100000000000102e-02,6.932120000000000504e-01,5.762180000000000080e-01,1.810209999999999875e-01,1.618209999999999926e-01,-7.803970000000000073e-01,-1.152136999999999967e+00,2.359080000000000066e-01,1.370389999999999942e-01,1.156490999999999936e+00,-4.162449999999999761e-01,-1.143599999999999998e-02,-1.226969999999999894e+00,-7.327500000000000679e-02,-2.194400000000000170e-02,1.042270000000000030e+00,-3.407890000000000086e-01,9.932599999999999763e-02,1.372699999999999962e-02,4.175899999999999751e-02,3.945560000000000178e-01,-5.258999999999999786e-03,1.977800000000000044e-02,-2.105599999999999833e-02,2.572599999999999887e-02,-6.063999999999999946e-03,4.398000000000000000e-03,1.586800000000000016e-02,-2.542600000000000068e-02,-4.009399999999999770e-02,2.577199999999999977e-02,2.179000000000000034e-02,4.176000000000000024e-03,4.023999999999999799e-03,-1.807599999999999832e-02
-2.976499999999999979e-02,-4.554199999999999915e-02,6.885609999999999786e-01,5.679480000000000084e-01,1.853819999999999912e-01,1.644690000000000041e-01,-7.848680000000000101e-01,-1.171939999999999982e+00,2.458299999999999930e-01,1.367210000000000092e-01,1.188161000000000023e+00,-4.325890000000000013e-01,-1.167100000000000082e-02,-1.249802999999999997e+00,-6.338499999999999690e-02,-1.629299999999999846e-02,1.060297000000000045e+00,-3.505050000000000110e-01,1.027200000000000057e-01,6.291999999999999850e-03,3.932800000000000185e-02,4.020429999999999837e-01,2.844999999999999873e-03,1.184600000000000063e-02,-2.527799999999999839e-02,3.289299999999999863e-02,-1.006300000000000076e-02,-1.376000000000000053e-03,2.631500000000000158e-02,5.193999999999999832e-03,9.330000000000000186e-04,-5.342000000000000394e-03,1.490999999999999921e-03,2.489999999999999809e-04,6.200000000000000270e-05,1.270999999999999994e-03
-2.831699999999999842e-02,-5.229299999999999921e-02,6.877079999999999860e-01,5.586619999999999919e-01,1.865320000000000034e-01,1.668600000000000083e-01,-7.907340000000000479e-01,-1.168811999999999962e+00,2.598449999999999926e-01,1.427879999999999983e-01,1.203824000000000005e+00,-4.483320000000000083e-01,-1.119400000000000082e-02,-1.250677999999999956e+00,-4.905899999999999844e-02,-1.035900000000000015e-02,1.060586000000000029e+00,-3.551250000000000240e-01,1.073839999999999933e-01,-4.751000000000000015e-03,4.454299999999999926e-02,3.945649999999999991e-01,-3.708600000000000091e-02,3.320800000000000141e-02,-5.077399999999999969e-02,1.799100000000000005e-02,-8.904999999999999721e-03,-5.917000000000000384e-03,3.216900000000000315e-02,1.306700000000000049e-02,2.192699999999999858e-02,-1.803499999999999895e-02,-1.713200000000000139e-02,-3.844000000000000195e-03,-1.446999999999999936e-03,1.410199999999999995e-02
-2.683899999999999827e-02,-5.886000000000000260e-02,6.870709999999999873e-01,5.492749999999999577e-01,1.870840000000000003e-01,1.688550000000000051e-01,-7.967340000000000533e-01,-1.163497000000000003e+00,2.742990000000000150e-01,1.489250000000000018e-01,1.218838000000000088e+00,-4.638860000000000205e-01,-1.067300000000000020e-02,-1.249333999999999945e+00,-3.430600000000000316e-02,-4.423999999999999981e-03,1.059817000000000009e+00,-3.592560000000000198e-01,1.120180000000000065e-01,-1.520499999999999977e-02,4.994599999999999734e-02,3.897820000000000173e-01,-8.319699999999999318e-02,6.578900000000000026e-02,-9.243600000000000427e-02,1.844600000000000059e-02,-1.286400000000000043e-02,-1.003000000000000072e-02,5.053499999999999659e-02,1.231200000000000003e-02,2.677900000000000072e-02,-1.609999999999999973e-02,-1.788899999999999865e-02,-3.710999999999999889e-03,-1.981999999999999821e-03,1.326399999999999975e-02
-2.528000000000000039e-02,-6.540100000000000080e-02,6.864540000000000086e-01,5.398260000000000280e-01,1.876029999999999920e-01,1.707819999999999894e-01,-8.026370000000000449e-01,-1.157791999999999932e+00,2.888629999999999809e-01,1.550330000000000041e-01,1.233797999999999950e+00,-4.794970000000000065e-01,-1.007000000000000083e-02,-1.247622999999999927e+00,-1.955099999999999894e-02,1.531000000000000026e-03,1.058947000000000083e+00,-3.633190000000000031e-01,1.166380000000000056e-01,-2.554000000000000020e-02,5.540400000000000186e-02,3.854299999999999948e-01,-1.339720000000000077e-01,1.076850000000000029e-01,-1.478559999999999874e-01,3.147300000000000098e-02,-2.106600000000000139e-02,-1.430400000000000074e-02,7.948399999999999910e-02,5.047000000000000271e-03,1.650799999999999837e-02,1.789000000000000009e-03,-2.489999999999999809e-04,9.409999999999999962e-04,-2.442000000000000160e-03,-1.904000000000000093e-03
-2.471999999999999892e-02,-7.540700000000000180e-02,6.884270000000000111e-01,5.324649999999999661e-01,1.850650000000000073e-01,1.724430000000000129e-01,-8.077720000000000455e-01,-1.128695000000000004e+00,3.034410000000000163e-01,1.672990000000000033e-01,1.228059999999999929e+00,-5.047660000000000480e-01,-1.154400000000000044e-02,-1.227271999999999919e+00,-7.387000000000000337e-03,4.514999999999999916e-03,1.048286999999999969e+00,-3.693670000000000009e-01,1.228299999999999947e-01,-3.762399999999999772e-02,6.952899999999999359e-02,3.692940000000000111e-01,-1.947750000000000037e-01,1.985560000000000103e-01,-1.668489999999999973e-01,1.094860000000000000e-01,-3.225700000000000095e-02,-1.829400000000000123e-02,1.078110000000000041e-01,-1.382199999999999922e-02,-3.285300000000000026e-02,1.603800000000000017e-02,1.585699999999999957e-02,2.955000000000000161e-03,2.347999999999999827e-03,-1.170500000000000013e-02
-2.403599999999999834e-02,-8.527400000000000257e-02,6.905510000000000259e-01,5.253440000000000332e-01,1.820370000000000044e-01,1.737130000000000063e-01,-8.128339999999999455e-01,-1.097664999999999891e+00,3.171649999999999747e-01,1.799370000000000136e-01,1.221664000000000083e+00,-5.294900000000000162e-01,-1.295699999999999977e-02,-1.205133000000000010e+00,4.264000000000000429e-03,7.891999999999999710e-03,1.037207999999999908e+00,-3.753949999999999787e-01,1.291730000000000100e-01,-5.029900000000000343e-02,8.365699999999999525e-02,3.557549999999999879e-01,-2.581379999999999786e-01,2.938810000000000033e-01,-1.921170000000000100e-01,1.942210000000000047e-01,-4.512399999999999745e-02,-2.448200000000000029e-02,1.394330000000000014e-01,-3.657300000000000134e-02,-9.331599999999999617e-02,4.409099999999999825e-02,4.637199999999999656e-02,8.984000000000000666e-03,6.793999999999999692e-03,-3.321099999999999747e-02
-2.338099999999999901e-02,-9.506299999999999473e-02,6.926590000000000247e-01,5.183090000000000197e-01,1.790229999999999877e-01,1.749930000000000097e-01,-8.177309999999999857e-01,-1.066381000000000023e+00,3.303200000000000025e-01,1.927619999999999889e-01,1.215155999999999903e+00,-5.540990000000000082e-01,-1.443200000000000038e-02,-1.182886000000000104e+00,1.554700000000000006e-02,1.144599999999999958e-02,1.026178999999999952e+00,-3.814750000000000085e-01,1.355719999999999981e-01,-6.322200000000000042e-02,9.782699999999999729e-02,3.427370000000000139e-01,-3.216470000000000162e-01,3.910230000000000095e-01,-2.199399999999999966e-01,2.796520000000000117e-01,-5.828699999999999853e-02,-3.121700000000000169e-02,1.719479999999999897e-01,-6.073699999999999932e-02,-1.618120000000000114e-01,8.340400000000000591e-02,8.828099999999999836e-02,1.829799999999999829e-02,1.005699999999999997e-02,-6.412199999999999844e-02
-2.346900000000000028e-02,-1.060770000000000046e-01,6.948349999999999804e-01,5.120749999999999469e-01,1.731930000000000136e-01,1.752019999999999966e-01,-8.228529999999999456e-01,-1.028645000000000032e+00,3.388379999999999725e-01,1.987049999999999927e-01,1.209549999999999903e+00,-5.743329999999999824e-01,-1.083600000000000015e-02,-1.152150999999999925e+00,2.577600000000000030e-02,1.274300000000000085e-02,1.015595999999999943e+00,-3.898050000000000126e-01,1.415530000000000121e-01,-7.043000000000000649e-02,1.051720000000000016e-01,3.194089999999999985e-01,-3.863070000000000115e-01,5.113959999999999617e-01,-2.414989999999999915e-01,3.754890000000000172e-01,-7.620000000000000384e-02,-3.280799999999999689e-02,2.154230000000000034e-01,-1.133559999999999984e-01,-2.739329999999999821e-01,1.051389999999999963e-01,1.346569999999999989e-01,3.110699999999999923e-02,1.473099999999999930e-02,-1.049800000000000039e-01
-2.343800000000000050e-02,-1.169150000000000050e-01,6.969079999999999719e-01,5.058829999999999716e-01,1.669960000000000055e-01,1.753909999999999914e-01,-8.279090000000000060e-01,-9.902670000000000083e-01,3.474700000000000011e-01,2.047619999999999996e-01,1.203972999999999960e+00,-5.947099999999999609e-01,-7.268000000000000155e-03,-1.120746999999999938e+00,3.600600000000000328e-02,1.409599999999999916e-02,1.005028000000000032e+00,-3.981049999999999867e-01,1.476280000000000092e-01,-7.770799999999999930e-02,1.128730000000000011e-01,2.977509999999999879e-01,-4.508369999999999878e-01,6.292419999999999680e-01,-2.605790000000000051e-01,4.665429999999999855e-01,-9.293700000000000572e-02,-3.483200000000000185e-02,2.541860000000000230e-01,-1.644680000000000031e-01,-3.889090000000000047e-01,1.311640000000000028e-01,1.845100000000000073e-01,4.560199999999999670e-02,1.816699999999999912e-02,-1.481210000000000027e-01
-2.350899999999999865e-02,-1.276269999999999905e-01,6.990169999999999995e-01,4.996800000000000130e-01,1.607820000000000082e-01,1.757259999999999933e-01,-8.328200000000000047e-01,-9.520950000000000246e-01,3.561369999999999814e-01,2.109119999999999884e-01,1.198504999999999932e+00,-6.150069999999999704e-01,-3.691999999999999969e-03,-1.089499999999999913e+00,4.618400000000000283e-02,1.553099999999999967e-02,9.945300000000000251e-01,-4.063499999999999890e-01,1.537389999999999868e-01,-8.512000000000000122e-02,1.207710000000000033e-01,2.765589999999999993e-01,-5.141069999999999807e-01,7.432239999999999958e-01,-2.753019999999999912e-01,5.508859999999999868e-01,-1.076840000000000019e-01,-3.708600000000000091e-02,2.869120000000000004e-01,-2.126919999999999922e-01,-5.035380000000000411e-01,1.577469999999999983e-01,2.335750000000000048e-01,6.039100000000000024e-02,2.075000000000000108e-02,-1.906519999999999881e-01
-2.334800000000000070e-02,-1.407239999999999880e-01,7.003519999999999746e-01,4.978350000000000275e-01,1.543229999999999880e-01,1.771409999999999929e-01,-8.348449999999999482e-01,-8.908289999999999820e-01,3.542759999999999798e-01,2.161980000000000013e-01,1.175742999999999983e+00,-6.520749999999999602e-01,4.310000000000000137e-04,-1.059342000000000006e+00,4.954599999999999976e-02,1.529600000000000057e-02,9.936700000000000532e-01,-4.119559999999999889e-01,1.588289999999999980e-01,-9.673299999999999954e-02,1.348340000000000094e-01,2.472209999999999963e-01,-5.895510000000000472e-01,8.668470000000000342e-01,-3.043699999999999739e-01,6.180539999999999923e-01,-1.326289999999999969e-01,-3.842399999999999982e-02,3.177820000000000089e-01,-2.669119999999999826e-01,-6.715950000000000530e-01,2.000480000000000036e-01,2.325450000000000017e-01,6.430700000000000305e-02,2.339600000000000013e-02,-2.201609999999999956e-01
-2.311399999999999913e-02,-1.535080000000000056e-01,7.016529999999999712e-01,4.964979999999999949e-01,1.477680000000000105e-01,1.782219999999999915e-01,-8.365949999999999775e-01,-8.294430000000000414e-01,3.511949999999999794e-01,2.213849999999999985e-01,1.152884999999999938e+00,-6.887539999999999774e-01,4.872999999999999728e-03,-1.029231000000000007e+00,5.165499999999999953e-02,1.514899999999999927e-02,9.941529999999999534e-01,-4.180699999999999972e-01,1.642210000000000059e-01,-1.096919999999999978e-01,1.496689999999999965e-01,2.198029999999999984e-01,-6.707199999999999829e-01,9.842170000000000085e-01,-3.343039999999999901e-01,6.779039999999999511e-01,-1.557530000000000026e-01,-3.968700000000000006e-02,3.414820000000000078e-01,-3.185640000000000138e-01,-8.372800000000000242e-01,2.384860000000000035e-01,2.234720000000000040e-01,6.823400000000000298e-02,2.665800000000000114e-02,-2.432610000000000050e-01
-2.290999999999999981e-02,-1.662500000000000089e-01,7.027219999999999578e-01,4.953139999999999765e-01,1.413709999999999967e-01,1.793250000000000122e-01,-8.381650000000000489e-01,-7.689019999999999744e-01,3.478539999999999965e-01,2.263270000000000004e-01,1.130304999999999893e+00,-7.251830000000000220e-01,9.357000000000000733e-03,-9.999099999999999655e-01,5.340600000000000208e-02,1.497500000000000046e-02,9.954370000000000163e-01,-4.243870000000000142e-01,1.696890000000000065e-01,-1.233950000000000047e-01,1.651620000000000033e-01,1.932820000000000094e-01,-7.595429999999999682e-01,1.095642999999999923e+00,-3.677670000000000106e-01,7.307759999999999811e-01,-1.767700000000000105e-01,-4.096799999999999747e-02,3.587069999999999981e-01,-3.689319999999999822e-01,-9.982100000000000417e-01,2.723690000000000278e-01,2.062809999999999921e-01,7.141200000000000325e-02,2.973299999999999901e-02,-2.591240000000000210e-01
-2.547699999999999965e-02,-1.802149999999999863e-01,7.065879999999999939e-01,4.991929999999999978e-01,1.322570000000000134e-01,1.785069999999999990e-01,-8.375259999999999927e-01,-6.802080000000000348e-01,3.367160000000000153e-01,2.333260000000000056e-01,1.066470000000000029e+00,-7.450299999999999701e-01,1.380100000000000077e-02,-9.505850000000000133e-01,4.906300000000000244e-02,5.951999999999999826e-03,9.840119999999999978e-01,-4.248399999999999954e-01,1.657279999999999864e-01,-1.343479999999999952e-01,1.784320000000000073e-01,1.524550000000000072e-01,-7.869810000000000416e-01,1.170390999999999959e+00,-4.056969999999999743e-01,7.459729999999999972e-01,-1.996269999999999989e-01,-4.483600000000000085e-02,3.795220000000000260e-01,-4.104329999999999923e-01,-1.131294000000000022e+00,2.694079999999999808e-01,1.953739999999999921e-01,9.191100000000000658e-02,2.987599999999999978e-02,-2.910170000000000257e-01
-2.793400000000000050e-02,-1.939019999999999910e-01,7.104120000000000434e-01,5.034380000000000521e-01,1.233090000000000019e-01,1.773710000000000009e-01,-8.365909999999999735e-01,-5.913399999999999768e-01,3.245250000000000079e-01,2.397150000000000114e-01,1.001230999999999982e+00,-7.639179999999999859e-01,1.856000000000000011e-02,-9.014649999999999608e-01,4.422299999999999842e-02,-3.177000000000000136e-03,9.731670000000000043e-01,-4.255740000000000078e-01,1.618539999999999979e-01,-1.471480000000000010e-01,1.917389999999999928e-01,1.134109999999999979e-01,-8.134120000000000239e-01,1.241951000000000027e+00,-4.381990000000000052e-01,7.522450000000000525e-01,-2.198890000000000011e-01,-4.752699999999999980e-02,3.976549999999999807e-01,-4.512100000000000000e-01,-1.257193999999999923e+00,2.604029999999999956e-01,1.759560000000000013e-01,1.099470000000000031e-01,2.988899999999999890e-02,-3.170350000000000112e-01
-3.196999999999999842e-02,-2.073649999999999938e-01,7.101739999999999720e-01,5.076319999999999721e-01,1.137650000000000050e-01,1.761999999999999955e-01,-8.356559999999999544e-01,-5.125830000000000108e-01,3.187530000000000086e-01,2.410440000000000083e-01,9.652539999999999454e-01,-8.010070000000000245e-01,2.030500000000000013e-02,-8.654319999999999791e-01,4.151799999999999935e-02,-1.442799999999999985e-02,9.942229999999999679e-01,-4.443159999999999887e-01,1.563940000000000052e-01,-1.601180000000000103e-01,2.052750000000000130e-01,7.791199999999999515e-02,-8.352389999999999537e-01,1.312864000000000031e+00,-4.611160000000000259e-01,7.486209999999999809e-01,-2.351199999999999957e-01,-5.143500000000000155e-02,4.166110000000000091e-01,-4.918790000000000107e-01,-1.376754000000000033e+00,2.436860000000000137e-01,1.510110000000000063e-01,1.236789999999999973e-01,2.834000000000000061e-02,-3.390819999999999945e-01
-3.273500000000000021e-02,-2.264750000000000096e-01,7.222490000000000299e-01,5.163529999999999509e-01,1.065210000000000046e-01,1.755839999999999901e-01,-8.313859999999999584e-01,-4.013399999999999745e-01,2.913399999999999879e-01,2.314849999999999963e-01,8.132749999999999702e-01,-7.419580000000000064e-01,3.440800000000000108e-02,-7.745149999999999535e-01,2.459199999999999928e-02,-3.232199999999999657e-02,9.047279999999999767e-01,-4.109869999999999912e-01,1.587099999999999900e-01,-1.755490000000000106e-01,2.268249999999999988e-01,3.004599999999999979e-02,-9.715730000000000199e-01,1.403304000000000107e+00,-5.622759999999999980e-01,7.079130000000000145e-01,-2.425660000000000038e-01,-5.216200000000000003e-02,4.210479999999999778e-01,-5.636710000000000331e-01,-1.490950999999999915e+00,2.838769999999999905e-01,1.098139999999999949e-01,1.464179999999999926e-01,2.952199999999999963e-02,-3.290719999999999756e-01
-3.408499999999999724e-02,-2.445549999999999946e-01,7.310459999999999736e-01,5.251740000000000297e-01,9.676999999999999491e-02,1.738210000000000033e-01,-8.274139999999999828e-01,-2.947699999999999765e-01,2.713579999999999881e-01,2.160910000000000053e-01,6.892289999999999806e-01,-7.002589999999999648e-01,4.769299999999999928e-02,-6.909469999999999779e-01,1.090099999999999923e-02,-5.272099999999999703e-02,8.434930000000000483e-01,-3.930500000000000105e-01,1.601339999999999986e-01,-1.832679999999999865e-01,2.497459999999999958e-01,-8.068000000000000518e-03,-1.149933000000000094e+00,1.471632999999999969e+00,-6.972509999999999541e-01,6.632390000000000230e-01,-2.417809999999999959e-01,-5.517799999999999788e-02,4.315660000000000052e-01,-6.495889999999999720e-01,-1.603094999999999937e+00,3.296129999999999893e-01,6.605199999999999960e-02,1.641680000000000084e-01,2.833700000000000108e-02,-3.185930000000000151e-01
-3.457899999999999863e-02,-2.606149999999999856e-01,7.393100000000000227e-01,5.348330000000000028e-01,8.555300000000000404e-02,1.703169999999999962e-01,-8.231800000000000228e-01,-1.901960000000000039e-01,2.528750000000000164e-01,1.962059999999999915e-01,5.770769999999999511e-01,-6.639329999999999954e-01,6.290400000000000158e-02,-6.086719999999999908e-01,-3.201999999999999985e-03,-7.425099999999999756e-02,7.920469999999999455e-01,-3.789060000000000206e-01,1.618110000000000104e-01,-1.758830000000000116e-01,2.689079999999999804e-01,-4.461699999999999694e-02,-1.404589000000000087e+00,1.492369000000000057e+00,-9.013619999999999965e-01,6.299609999999999932e-01,-2.336930000000000118e-01,-5.734800000000000314e-02,4.470560000000000089e-01,-7.404049999999999798e-01,-1.716793000000000013e+00,3.810209999999999986e-01,2.024400000000000158e-02,1.793839999999999879e-01,2.781399999999999845e-02,-3.078799999999999870e-01
-3.452600000000000113e-02,-2.785299999999999998e-01,7.571750000000000425e-01,5.447929999999999717e-01,7.460999999999999577e-02,1.684289999999999954e-01,-8.180870000000000086e-01,-8.170600000000000085e-02,2.466210000000000069e-01,1.810170000000000112e-01,4.006350000000000189e-01,-4.662229999999999985e-01,4.377500000000000141e-02,-5.379800000000000137e-01,-1.787700000000000053e-02,-9.866400000000000170e-02,7.362670000000000048e-01,-2.446840000000000126e-01,1.417529999999999901e-01,-1.701499999999999957e-01,2.571249999999999925e-01,-7.566000000000000503e-02,-1.633988999999999914e+00,1.450077999999999978e+00,-1.135909999999999975e+00,7.640069999999999917e-01,-2.534939999999999971e-01,-4.896199999999999858e-02,4.284450000000000203e-01,-8.103169999999999540e-01,-1.772056999999999993e+00,4.293000000000000149e-01,3.113700000000000148e-02,1.873400000000000065e-01,2.465900000000000036e-02,-2.964209999999999900e-01
-3.387699999999999739e-02,-2.977079999999999727e-01,7.765999999999999570e-01,5.533339999999999925e-01,6.542599999999999805e-02,1.694410000000000083e-01,-8.129150000000000542e-01,9.492999999999999702e-03,2.469109999999999916e-01,1.613400000000000112e-01,2.483450000000000102e-01,-2.814329999999999887e-01,2.598699999999999968e-02,-4.693080000000000029e-01,-2.785400000000000029e-02,-1.239019999999999982e-01,6.716910000000000380e-01,-1.058430000000000065e-01,1.221629999999999938e-01,-1.681209999999999927e-01,2.598480000000000234e-01,-1.037359999999999949e-01,-1.753816999999999959e+00,1.430614000000000052e+00,-1.257038000000000100e+00,8.624060000000000059e-01,-2.635009999999999852e-01,-3.987999999999999878e-02,4.125229999999999730e-01,-8.519349999999999978e-01,-1.834405000000000063e+00,4.439210000000000100e-01,2.201300000000000132e-02,1.899180000000000035e-01,2.128499999999999837e-02,-2.848339999999999761e-01
-3.334299999999999764e-02,-3.179390000000000271e-01,7.987750000000000128e-01,5.617710000000000203e-01,5.646999999999999936e-02,1.680169999999999997e-01,-8.080810000000000493e-01,9.449499999999999567e-02,2.451290000000000135e-01,1.380099999999999938e-01,1.158269999999999994e-01,-1.077029999999999932e-01,9.924000000000000529e-03,-3.921769999999999978e-01,-3.948299999999999726e-02,-1.469749999999999945e-01,5.971880000000000521e-01,3.700400000000000217e-02,1.029309999999999947e-01,-1.686610000000000054e-01,2.593300000000000050e-01,-1.282079999999999886e-01,-1.851175000000000015e+00,1.412503000000000064e+00,-1.356098000000000026e+00,9.551659999999999595e-01,-2.706529999999999769e-01,-3.085900000000000101e-02,3.973559999999999870e-01,-8.722429999999999906e-01,-1.896562000000000081e+00,4.382829999999999782e-01,7.511000000000000315e-03,1.905749999999999944e-01,1.852600000000000080e-02,-2.741480000000000028e-01
-3.584799999999999792e-02,-3.444479999999999764e-01,8.322739999999999583e-01,5.668680000000000385e-01,5.585500000000000187e-02,1.561019999999999908e-01,-8.069530000000000314e-01,1.199059999999999987e-01,2.248960000000000126e-01,1.416820000000000024e-01,1.172509999999999941e-01,4.039600000000000135e-02,-2.771699999999999858e-02,-3.125009999999999732e-01,-4.672199999999999964e-02,-1.254969999999999974e-01,5.190669999999999451e-01,1.473919999999999952e-01,1.022010000000000002e-01,-1.729539999999999966e-01,2.374999999999999889e-01,-1.429729999999999890e-01,-1.878692999999999946e+00,1.430148999999999893e+00,-1.399874999999999980e+00,1.007077000000000000e+00,-2.625500000000000056e-01,-2.251600000000000129e-02,3.779299999999999882e-01,-8.557970000000000299e-01,-1.956258000000000052e+00,4.228160000000000251e-01,1.479699999999999939e-02,1.906400000000000039e-01,1.538100000000000057e-02,-2.564850000000000185e-01
-3.780700000000000033e-02,-3.718500000000000139e-01,8.645599999999999952e-01,5.711549999999999683e-01,5.552200000000000191e-02,1.437289999999999957e-01,-8.062510000000000510e-01,1.449290000000000023e-01,2.018689999999999929e-01,1.407269999999999910e-01,1.178779999999999967e-01,1.897600000000000120e-01,-6.563900000000000290e-02,-2.335659999999999958e-01,-5.752499999999999974e-02,-1.024039999999999950e-01,4.440450000000000230e-01,2.558799999999999963e-01,1.034550000000000053e-01,-1.723949999999999927e-01,2.243110000000000104e-01,-1.635350000000000137e-01,-1.856827999999999923e+00,1.456650000000000000e+00,-1.399950999999999945e+00,1.048505000000000020e+00,-2.487659999999999871e-01,-1.574300000000000005e-02,3.661159999999999970e-01,-8.004909999999999526e-01,-2.026927000000000145e+00,3.732420000000000182e-01,1.979799999999999963e-02,1.932730000000000004e-01,1.264400000000000072e-02,-2.385160000000000058e-01
-3.938500000000000334e-02,-3.993959999999999733e-01,8.956870000000000109e-01,5.746879999999999766e-01,5.546899999999999747e-02,1.311140000000000083e-01,-8.058950000000000280e-01,1.683729999999999949e-01,1.765579999999999927e-01,1.342790000000000095e-01,1.180169999999999969e-01,3.407109999999999861e-01,-1.059540000000000065e-01,-1.575749999999999929e-01,-7.143800000000000150e-02,-7.823199999999999599e-02,3.744500000000000051e-01,3.618049999999999877e-01,1.063459999999999961e-01,-1.754690000000000139e-01,2.142139999999999878e-01,-1.859460000000000002e-01,-1.829358000000000040e+00,1.489611999999999936e+00,-1.399985000000000035e+00,1.089774000000000020e+00,-2.374590000000000034e-01,-8.930000000000000437e-03,3.546849999999999725e-01,-7.070720000000000338e-01,-2.096375000000000099e+00,2.864470000000000072e-01,3.307800000000000323e-02,1.996920000000000084e-01,1.077000000000000006e-02,-2.202679999999999916e-01
-4.300199999999999856e-02,-4.195220000000000060e-01,9.160439999999999694e-01,5.796820000000000306e-01,5.459200000000000164e-02,1.262119999999999909e-01,-8.031559999999999810e-01,1.780160000000000076e-01,1.668020000000000058e-01,1.127559999999999951e-01,1.221659999999999968e-01,3.553009999999999780e-01,-1.167910000000000059e-01,-1.158639999999999948e-01,-6.772300000000000542e-02,-6.295800000000000007e-02,3.338030000000000164e-01,3.852119999999999989e-01,1.053940000000000016e-01,-1.901049999999999962e-01,2.079129999999999867e-01,-1.941319999999999990e-01,-1.799968000000000012e+00,1.514853999999999923e+00,-1.399999999999999911e+00,1.121513999999999900e+00,-2.268139999999999878e-01,5.689999999999999529e-04,3.337720000000000131e-01,-6.479880000000000084e-01,-2.136442999999999870e+00,2.256110000000000060e-01,5.934999999999999998e-02,2.012450000000000072e-01,1.005600000000000070e-02,-2.116619999999999890e-01
-4.677200000000000107e-02,-4.395450000000000190e-01,9.361439999999999761e-01,5.848349999999999937e-01,5.385899999999999715e-02,1.202870000000000050e-01,-8.003740000000000299e-01,1.890469999999999928e-01,1.549319999999999864e-01,9.067400000000000460e-02,1.260169999999999901e-01,3.698420000000000041e-01,-1.276470000000000105e-01,-7.471300000000000163e-02,-6.658899999999999542e-02,-4.756200000000000011e-02,2.976759999999999962e-01,4.058169999999999833e-01,1.045399999999999940e-01,-2.092229999999999923e-01,1.990750000000000020e-01,-2.031399999999999872e-01,-1.766108999999999929e+00,1.543875000000000108e+00,-1.399999999999999911e+00,1.150471999999999939e+00,-2.159560000000000091e-01,9.875999999999999363e-03,3.144759999999999778e-01,-5.923880000000000257e-01,-2.170656999999999837e+00,1.694749999999999868e-01,8.691899999999999626e-02,1.989650000000000030e-01,9.006000000000000116e-03,-2.035649999999999959e-01
-5.052199999999999747e-02,-4.595910000000000273e-01,9.562640000000000029e-01,5.899330000000000407e-01,5.330100000000000116e-02,1.140930000000000000e-01,-7.975719999999999477e-01,2.003479999999999983e-01,1.423699999999999966e-01,6.819999999999999674e-02,1.296700000000000075e-01,3.844960000000000044e-01,-1.388550000000000062e-01,-3.404900000000000287e-02,-6.642599999999999894e-02,-3.249500000000000305e-02,2.631189999999999918e-01,4.255129999999999746e-01,1.033509999999999984e-01,-2.295389999999999930e-01,1.886009999999999909e-01,-2.131679999999999964e-01,-1.731128999999999918e+00,1.573164000000000007e+00,-1.399999999999999911e+00,1.178808000000000078e+00,-2.042630000000000001e-01,1.921399999999999844e-02,2.952069999999999972e-01,-5.467239999999999878e-01,-2.202064000000000021e+00,1.239740000000000009e-01,1.148089999999999944e-01,1.949559999999999904e-01,7.820000000000000562e-03,-1.953400000000000136e-01
-5.331299999999999928e-02,-4.760750000000000259e-01,9.669339999999999602e-01,5.936339999999999950e-01,5.171499999999999708e-02,1.113910000000000039e-01,-7.953090000000000437e-01,1.956809999999999938e-01,1.502539999999999987e-01,6.103999999999999704e-02,1.296740000000000115e-01,3.654069999999999818e-01,-1.519870000000000110e-01,-2.027299999999999935e-02,-6.339699999999999502e-02,-3.108700000000000005e-02,2.375079999999999969e-01,4.201269999999999727e-01,1.173789999999999972e-01,-2.614870000000000250e-01,1.767009999999999970e-01,-2.073820000000000108e-01,-1.680541999999999980e+00,1.621391000000000027e+00,-1.399993999999999961e+00,1.202795999999999976e+00,-2.008089999999999875e-01,2.427599999999999897e-02,2.754469999999999974e-01,-5.387899999999999912e-01,-2.199454999999999938e+00,1.094149999999999984e-01,1.286170000000000091e-01,1.906480000000000119e-01,6.504000000000000233e-03,-1.960079999999999878e-01
-5.621000000000000302e-02,-4.924140000000000184e-01,9.776850000000000263e-01,5.973540000000000516e-01,5.050600000000000228e-02,1.088390000000000052e-01,-7.929509999999999614e-01,1.890749999999999931e-01,1.584820000000000118e-01,5.342399999999999927e-02,1.313499999999999945e-01,3.458220000000000183e-01,-1.653260000000000007e-01,-8.640000000000000110e-03,-6.046399999999999691e-02,-3.018900000000000056e-02,2.141170000000000018e-01,4.139519999999999866e-01,1.306900000000000006e-01,-2.904740000000000100e-01,1.616589999999999971e-01,-2.022390000000000021e-01,-1.624762000000000040e+00,1.667955999999999994e+00,-1.391170999999999935e+00,1.224363000000000090e+00,-1.954259999999999886e-01,2.962899999999999909e-02,2.552920000000000189e-01,-5.573529999999999873e-01,-2.196393000000000040e+00,1.219500000000000028e-01,1.366789999999999949e-01,1.844610000000000138e-01,5.769999999999999955e-03,-1.978119999999999878e-01
-5.918000000000000344e-02,-5.085530000000000328e-01,9.885289999999999910e-01,6.010739999999999972e-01,4.932199999999999779e-02,1.062479999999999952e-01,-7.905619999999999870e-01,1.821250000000000091e-01,1.669559999999999933e-01,4.577400000000000219e-02,1.332969999999999988e-01,3.263249999999999762e-01,-1.786909999999999887e-01,2.482999999999999964e-03,-5.756700000000000012e-02,-2.950499999999999998e-02,1.912629999999999886e-01,4.076969999999999761e-01,1.435899999999999954e-01,-3.149299999999999877e-01,1.436630000000000129e-01,-1.976249999999999951e-01,-1.563372999999999902e+00,1.709022000000000041e+00,-1.372662000000000049e+00,1.246415000000000051e+00,-1.878620000000000012e-01,3.522600000000000037e-02,2.339269999999999960e-01,-5.976080000000000281e-01,-2.195232999999999990e+00,1.580509999999999970e-01,1.416469999999999951e-01,1.779239999999999988e-01,5.093999999999999570e-03,-2.000860000000000138e-01
-6.153399999999999842e-02,-5.221360000000000445e-01,9.922929999999999806e-01,6.012800000000000367e-01,4.669700000000000240e-02,1.054380000000000039e-01,-7.906739999999999879e-01,1.706169999999999909e-01,1.822000000000000008e-01,4.451200000000000295e-02,1.341870000000000007e-01,3.013830000000000120e-01,-1.905550000000000022e-01,-6.072000000000000140e-03,-5.475200000000000206e-02,-3.673099999999999976e-02,1.847830000000000028e-01,3.927669999999999773e-01,1.525539999999999952e-01,-3.294159999999999866e-01,1.194120000000000043e-01,-1.850350000000000050e-01,-1.491668999999999912e+00,1.717702000000000062e+00,-1.340479999999999894e+00,1.265749999999999931e+00,-1.880789999999999962e-01,4.296699999999999825e-02,2.051729999999999943e-01,-6.557840000000000336e-01,-2.173124000000000056e+00,2.097080000000000055e-01,1.498649999999999982e-01,1.752640000000000031e-01,4.904999999999999638e-03,-2.065569999999999906e-01
-6.385399999999999410e-02,-5.357560000000000100e-01,9.960769999999999902e-01,6.013770000000000504e-01,4.441900000000000015e-02,1.046490000000000059e-01,-7.908359999999999834e-01,1.581480000000000108e-01,1.970850000000000102e-01,4.369699999999999973e-02,1.355449999999999988e-01,2.763769999999999838e-01,-2.019910000000000039e-01,-1.664600000000000107e-02,-5.261699999999999711e-02,-4.362699999999999911e-02,1.806220000000000048e-01,3.766769999999999841e-01,1.615790000000000004e-01,-3.362240000000000228e-01,9.522500000000000409e-02,-1.760170000000000068e-01,-1.404555999999999916e+00,1.714645999999999892e+00,-1.292207000000000106e+00,1.288845000000000018e+00,-1.870499999999999940e-01,5.086899999999999755e-02,1.772660000000000069e-01,-7.270229999999999748e-01,-2.158811000000000035e+00,2.788129999999999775e-01,1.585620000000000085e-01,1.733270000000000088e-01,4.507999999999999854e-03,-2.130100000000000049e-01
-6.586999999999999800e-02,-5.494719999999999605e-01,9.998820000000000485e-01,6.014410000000000034e-01,4.230500000000000232e-02,1.038619999999999960e-01,-7.910070000000000157e-01,1.454040000000000055e-01,2.115279999999999938e-01,4.336500000000000077e-02,1.369319999999999982e-01,2.513599999999999723e-01,-2.127400000000000124e-01,-2.762799999999999978e-02,-5.119599999999999845e-02,-5.023400000000000087e-02,1.764999999999999902e-01,3.605360000000000231e-01,1.709400000000000086e-01,-3.329889999999999795e-01,7.359100000000000363e-02,-1.696419999999999872e-01,-1.296772999999999954e+00,1.695210000000000106e+00,-1.221764000000000072e+00,1.316780000000000062e+00,-1.844159999999999966e-01,5.850299999999999945e-02,1.517950000000000133e-01,-8.102589999999999515e-01,-2.157608999999999888e+00,3.641559999999999797e-01,1.663890000000000091e-01,1.729499999999999926e-01,3.896999999999999856e-03,-2.190189999999999915e-01
-6.627500000000000058e-02,-5.618170000000000108e-01,9.974460000000000548e-01,6.037179999999999769e-01,4.166399999999999965e-02,1.017549999999999982e-01,-7.895790000000000308e-01,1.184830000000000050e-01,2.301140000000000130e-01,4.821500000000000091e-02,1.380329999999999890e-01,2.372599999999999987e-01,-2.285780000000000034e-01,-4.427600000000000285e-02,-5.945000000000000284e-02,-5.543000000000000010e-02,1.758119999999999961e-01,3.473999999999999866e-01,1.802819999999999978e-01,-3.185239999999999738e-01,5.888299999999999784e-02,-1.583610000000000018e-01,-1.175831999999999988e+00,1.635869000000000018e+00,-1.115963000000000038e+00,1.323272999999999922e+00,-1.820900000000000019e-01,6.053299999999999653e-02,1.456820000000000059e-01,-8.904549999999999965e-01,-2.172282000000000046e+00,4.339430000000000232e-01,1.411340000000000094e-01,1.707079999999999986e-01,2.981000000000000143e-03,-2.271940000000000071e-01
-6.609600000000000197e-02,-5.747299999999999631e-01,9.951280000000000125e-01,6.056329999999999769e-01,4.191899999999999793e-02,9.994300000000000406e-02,-7.883289999999999464e-01,9.038100000000000300e-02,2.471260000000000123e-01,5.416300000000000281e-02,1.391020000000000034e-01,2.226009999999999933e-01,-2.430440000000000100e-01,-6.251900000000000512e-02,-6.927600000000000424e-02,-5.906800000000000245e-02,1.747960000000000069e-01,3.342999999999999861e-01,1.908749999999999891e-01,-3.012040000000000273e-01,5.385199999999999709e-02,-1.464129999999999876e-01,-1.030702000000000007e+00,1.569485000000000019e+00,-9.831520000000000259e-01,1.324214999999999920e+00,-1.765450000000000075e-01,6.063099999999999740e-02,1.503500000000000114e-01,-9.647799999999999709e-01,-2.198068000000000133e+00,4.935809999999999920e-01,1.068739999999999968e-01,1.674319999999999975e-01,3.586000000000000212e-03,-2.358860000000000123e-01
-6.583999999999999575e-02,-5.880549999999999944e-01,9.927679999999999838e-01,6.072490000000000387e-01,4.274100000000000121e-02,9.837100000000000011e-02,-7.872390000000000221e-01,6.180800000000000183e-02,2.637280000000000180e-01,6.069000000000000089e-02,1.401189999999999936e-01,2.073899999999999910e-01,-2.570560000000000067e-01,-8.147200000000000275e-02,-7.960100000000000509e-02,-6.191699999999999982e-02,1.731159999999999921e-01,3.213289999999999758e-01,2.017460000000000087e-01,-2.914169999999999816e-01,5.395699999999999802e-02,-1.324319999999999942e-01,-8.838629999999999542e-01,1.510259000000000018e+00,-8.483899999999999775e-01,1.314124999999999988e+00,-1.683280000000000054e-01,5.933599999999999985e-02,1.605439999999999923e-01,-1.024345000000000061e+00,-2.221118000000000148e+00,5.318319999999999714e-01,6.725299999999999334e-02,1.628690000000000138e-01,5.538000000000000388e-03,-2.453369999999999995e-01
-6.449499999999999678e-02,-6.020189999999999708e-01,9.847500000000000142e-01,6.086329999999999796e-01,4.279800000000000271e-02,9.904000000000000303e-02,-7.860819999999999474e-01,1.833699999999999913e-02,2.859809999999999852e-01,7.312399999999999456e-02,1.394259999999999944e-01,1.983300000000000063e-01,-2.616209999999999924e-01,-1.127100000000000046e-01,-8.943299999999999861e-02,-6.092100000000000293e-02,1.697940000000000005e-01,3.115729999999999889e-01,2.113690000000000013e-01,-2.954339999999999744e-01,5.691600000000000131e-02,-1.114969999999999989e-01,-7.852099999999999635e-01,1.465484999999999927e+00,-7.438940000000000552e-01,1.277444999999999942e+00,-1.630800000000000027e-01,5.641999999999999793e-02,1.762880000000000003e-01,-1.059217999999999993e+00,-2.222388000000000030e+00,5.377969999999999695e-01,3.125100000000000100e-02,1.587469999999999992e-01,9.634000000000000202e-03,-2.543849999999999723e-01
-6.178299999999999764e-02,-6.160039999999999960e-01,9.770450000000000523e-01,6.104159999999999586e-01,4.445899999999999852e-02,9.839799999999999935e-02,-7.846870000000000234e-01,-2.762600000000000125e-02,3.009229999999999960e-01,8.566300000000000303e-02,1.396350000000000091e-01,1.891889999999999961e-01,-2.617869999999999919e-01,-1.457759999999999889e-01,-1.055149999999999977e-01,-5.805199999999999944e-02,1.671509999999999940e-01,3.018669999999999964e-01,2.239400000000000002e-01,-3.055999999999999828e-01,5.325799999999999979e-02,-9.340900000000000591e-02,-7.155150000000000121e-01,1.426183999999999896e+00,-6.708309999999999551e-01,1.241427000000000058e+00,-1.594119999999999981e-01,5.637699999999999656e-02,1.852610000000000090e-01,-1.078495999999999899e+00,-2.211648999999999976e+00,5.299030000000000129e-01,2.962999999999999922e-03,1.541289999999999882e-01,1.376999999999999925e-02,-2.624969999999999803e-01
-5.923199999999999993e-02,-6.296580000000000510e-01,9.695850000000000302e-01,6.124089999999999812e-01,4.678999999999999826e-02,9.699499999999999789e-02,-7.831719999999999793e-01,-7.386900000000000410e-02,3.133810000000000207e-01,9.736899999999999722e-02,1.391189999999999927e-01,1.806399999999999950e-01,-2.617999999999999772e-01,-1.797999999999999876e-01,-1.234699999999999964e-01,-5.477800000000000030e-02,1.655719999999999970e-01,2.918169999999999931e-01,2.365359999999999963e-01,-3.169549999999999867e-01,4.450300000000000089e-02,-7.797700000000000464e-02,-6.683179999999999676e-01,1.386289000000000105e+00,-6.223649999999999460e-01,1.209821000000000035e+00,-1.567919999999999869e-01,5.741500000000000076e-02,1.904760000000000064e-01,-1.087728999999999946e+00,-2.194115000000000038e+00,5.161489999999999689e-01,-2.057799999999999907e-02,1.497269999999999990e-01,1.739900000000000127e-02,-2.700179999999999803e-01
-6.025599999999999706e-02,-6.433619999999999894e-01,9.567900000000000293e-01,6.135099999999999998e-01,4.539900000000000185e-02,9.740999999999999659e-02,-7.823400000000000354e-01,-1.335760000000000003e-01,3.338430000000000009e-01,1.005500000000000005e-01,1.368669999999999887e-01,1.697210000000000107e-01,-2.617999999999999772e-01,-2.222979999999999956e-01,-1.328439999999999899e-01,-5.358700000000000269e-02,1.629069999999999963e-01,2.688150000000000261e-01,2.378580000000000139e-01,-3.214040000000000230e-01,3.549200000000000271e-02,-5.767599999999999810e-02,-6.550700000000000411e-01,1.345793000000000017e+00,-6.102929999999999744e-01,1.143289000000000000e+00,-1.494510000000000005e-01,5.395199999999999996e-02,1.957599999999999896e-01,-1.072249000000000008e+00,-2.157493000000000105e+00,4.975459999999999883e-01,-6.060200000000000309e-02,1.428580000000000128e-01,2.169199999999999948e-02,-2.601669999999999816e-01
-6.146499999999999880e-02,-6.569080000000000474e-01,9.443799999999999972e-01,6.144060000000000077e-01,4.458899999999999669e-02,9.802400000000000002e-02,-7.816060000000000230e-01,-1.957919999999999938e-01,3.537190000000000056e-01,1.027379999999999960e-01,1.359879999999999978e-01,1.583209999999999895e-01,-2.617999999999999772e-01,-2.671859999999999791e-01,-1.414739999999999887e-01,-5.179899999999999782e-02,1.614480000000000082e-01,2.454959999999999920e-01,2.389749999999999930e-01,-3.211979999999999835e-01,2.445699999999999957e-02,-4.077200000000000268e-02,-6.550270000000000259e-01,1.300145000000000106e+00,-6.135270000000000445e-01,1.082381999999999955e+00,-1.427249999999999908e-01,5.324299999999999866e-02,1.986660000000000093e-01,-1.047600000000000087e+00,-2.117383999999999933e+00,4.763589999999999769e-01,-9.980600000000000582e-02,1.357319999999999915e-01,2.675800000000000053e-02,-2.489159999999999984e-01
-6.266499999999999848e-02,-6.701129999999999587e-01,9.323609999999999953e-01,6.151419999999999666e-01,4.408600000000000019e-02,9.859099999999999808e-02,-7.809840000000000115e-01,-2.591240000000000210e-01,3.728739999999999832e-01,1.041659999999999947e-01,1.351390000000000091e-01,1.472120000000000095e-01,-2.617999999999999772e-01,-3.133070000000000022e-01,-1.493130000000000013e-01,-4.944199999999999984e-02,1.603340000000000043e-01,2.223150000000000126e-01,2.398699999999999999e-01,-3.171629999999999727e-01,1.170999999999999992e-02,-2.537299999999999972e-02,-6.600930000000000408e-01,1.248607999999999940e+00,-6.231280000000000152e-01,1.029193999999999942e+00,-1.362329999999999930e-01,5.255200000000000149e-02,1.991590000000000027e-01,-1.014067999999999969e+00,-2.072731999999999797e+00,4.524790000000000201e-01,-1.391900000000000082e-01,1.289309999999999901e-01,3.121399999999999869e-02,-2.369469999999999910e-01
-6.465799999999999326e-02,-6.813099999999999712e-01,9.104269999999999863e-01,6.177639999999999798e-01,4.152900000000000341e-02,1.007819999999999966e-01,-7.787720000000000198e-01,-3.211800000000000210e-01,3.827439999999999731e-01,9.751200000000000145e-02,1.378800000000000026e-01,1.598729999999999873e-01,-2.615979999999999972e-01,-3.559200000000000141e-01,-1.487549999999999983e-01,-4.863100000000000062e-02,1.610469999999999957e-01,2.096800000000000053e-01,2.474190000000000000e-01,-3.000349999999999961e-01,7.673000000000000133e-03,-6.549999999999999833e-04,-6.708279999999999799e-01,1.153977000000000031e+00,-6.191020000000000412e-01,8.652739999999999876e-01,-1.466149999999999953e-01,4.010600000000000276e-02,2.035059999999999925e-01,-9.710550000000000015e-01,-1.977881000000000000e+00,4.303580000000000183e-01,-2.068589999999999873e-01,1.196920000000000067e-01,3.067100000000000035e-02,-2.380579999999999918e-01
-6.468999999999999750e-02,-6.920009999999999772e-01,8.889399999999999524e-01,6.209320000000000395e-01,4.019699999999999662e-02,1.017300000000000010e-01,-7.761949999999999683e-01,-3.850660000000000194e-01,3.849839999999999929e-01,9.244700000000000140e-02,1.411449999999999927e-01,1.729930000000000079e-01,-2.561220000000000163e-01,-3.992140000000000133e-01,-1.545050000000000034e-01,-4.589100000000000124e-02,1.598080000000000056e-01,1.994509999999999894e-01,2.583460000000000201e-01,-2.837439999999999962e-01,3.517000000000000161e-03,2.611099999999999879e-02,-6.617110000000000491e-01,1.055450999999999917e+00,-5.947639999999999594e-01,6.985799999999999788e-01,-1.548750000000000127e-01,3.251799999999999830e-02,2.097030000000000005e-01,-9.193839999999999790e-01,-1.876231999999999900e+00,4.030830000000000246e-01,-2.787049999999999805e-01,1.093660000000000049e-01,3.104600000000000068e-02,-2.395740000000000092e-01
-6.714199999999999335e-02,-7.017700000000000049e-01,8.675770000000000426e-01,6.227530000000000010e-01,3.711099999999999816e-02,1.049599999999999977e-01,-7.744579999999999798e-01,-4.501580000000000026e-01,3.984659999999999869e-01,8.433599999999999430e-02,1.433500000000000052e-01,1.883779999999999899e-01,-2.560430000000000206e-01,-4.442150000000000265e-01,-1.480650000000000022e-01,-4.666200000000000209e-02,1.593110000000000082e-01,1.894720000000000015e-01,2.617999999999999772e-01,-2.658519999999999772e-01,2.534999999999999927e-03,5.419700000000000212e-02,-6.343309999999999782e-01,9.585190000000000099e-01,-5.545750000000000401e-01,5.342160000000000242e-01,-1.584230000000000083e-01,2.397399999999999878e-02,2.142219999999999958e-01,-8.527719999999999745e-01,-1.762539000000000078e+00,3.664680000000000160e-01,-3.527580000000000160e-01,1.001569999999999960e-01,3.141499999999999848e-02,-2.406810000000000060e-01
-6.707000000000000461e-02,-7.104740000000000499e-01,8.409130000000000216e-01,6.251729999999999787e-01,4.578200000000000325e-02,9.818599999999999550e-02,-7.729310000000000347e-01,-5.328469999999999596e-01,3.601110000000000144e-01,7.870299999999999518e-02,2.582459999999999756e-01,1.511979999999999991e-01,-2.068450000000000011e-01,-5.082349999999999923e-01,-1.810910000000000020e-01,-3.138400000000000217e-02,2.000069999999999903e-01,1.726320000000000077e-01,2.581640000000000046e-01,-2.376880000000000104e-01,-2.429200000000000109e-02,8.855000000000000371e-02,-5.820450000000000346e-01,8.497259999999999813e-01,-5.301829999999999599e-01,2.977770000000000139e-01,-1.313590000000000035e-01,2.620499999999999913e-02,2.032779999999999865e-01,-7.553459999999999619e-01,-1.582824999999999926e+00,3.108000000000000207e-01,-4.255869999999999931e-01,8.586499999999999688e-02,3.437300000000000078e-02,-2.379390000000000116e-01
-6.974700000000000344e-02,-7.176609999999999934e-01,8.145449999999999635e-01,6.272060000000000413e-01,5.251900000000000318e-02,9.224100000000000354e-02,-7.715870000000000228e-01,-6.184720000000000217e-01,3.300549999999999873e-01,6.930300000000000349e-02,3.812670000000000226e-01,1.113439999999999985e-01,-1.632859999999999867e-01,-5.710159999999999680e-01,-2.039130000000000109e-01,-1.814299999999999941e-02,2.401200000000000001e-01,1.566230000000000122e-01,2.472000000000000031e-01,-2.066759999999999986e-01,-5.496100000000000291e-02,1.270179999999999920e-01,-5.312369999999999592e-01,7.463830000000000187e-01,-5.040759999999999685e-01,7.195699999999999319e-02,-1.018529999999999991e-01,2.260200000000000056e-02,1.797779999999999934e-01,-6.255319999999999769e-01,-1.392284999999999995e+00,2.268509999999999971e-01,-5.001060000000000505e-01,7.190399999999999570e-02,3.327700000000000102e-02,-2.340889999999999915e-01
-7.272699999999999998e-02,-7.243009999999999726e-01,7.880239999999999467e-01,6.291409999999999503e-01,5.838600000000000040e-02,8.716100000000000236e-02,-7.701789999999999470e-01,-7.097069999999999768e-01,3.027489999999999903e-01,5.725500000000000034e-02,5.153370000000000450e-01,6.636699999999999544e-02,-1.216720000000000024e-01,-6.332919999999999661e-01,-2.224430000000000018e-01,-4.864000000000000268e-03,2.786969999999999725e-01,1.418520000000000059e-01,2.351890000000000092e-01,-1.694749999999999868e-01,-8.632700000000000096e-02,1.700379999999999947e-01,-4.832899999999999974e-01,6.452480000000000437e-01,-4.736600000000000255e-01,-1.519580000000000097e-01,-7.356300000000000339e-02,1.783399999999999916e-02,1.456149999999999944e-01,-4.799080000000000013e-01,-1.200377999999999945e+00,1.270380000000000120e-01,-5.819379999999999553e-01,5.625499999999999945e-02,3.070000000000000159e-02,-2.279500000000000137e-01
-7.456200000000000327e-02,-7.283469999999999667e-01,7.646239999999999704e-01,6.225300000000000278e-01,6.791600000000000414e-02,8.561599999999999766e-02,-7.749279999999999502e-01,-7.951420000000000154e-01,2.967409999999999770e-01,4.470699999999999674e-02,6.546399999999999997e-01,1.276900000000000084e-02,-1.202000000000000013e-01,-7.529010000000000424e-01,-2.354680000000000106e-01,2.215200000000000155e-02,4.356820000000000137e-01,9.770900000000000418e-02,2.261140000000000094e-01,-8.841300000000000547e-02,-1.082680000000000031e-01,2.281710000000000127e-01,-4.098220000000000196e-01,5.157000000000000473e-01,-3.896020000000000039e-01,-1.246690000000000020e-01,-6.155700000000000061e-02,2.222899999999999876e-02,1.242069999999999980e-01,-4.040000000000000258e-01,-9.980740000000000167e-01,1.010130000000000056e-01,-5.133199999999999985e-01,5.692699999999999844e-02,3.219600000000000239e-02,-1.823240000000000138e-01
-7.503999999999999559e-02,-7.315150000000000263e-01,7.403349999999999653e-01,6.169339999999999824e-01,7.758800000000000419e-02,8.351799999999999502e-02,-7.787150000000000460e-01,-8.871790000000000509e-01,2.867819999999999814e-01,3.057299999999999948e-02,8.052369999999999806e-01,-4.524100000000000343e-02,-1.159560000000000035e-01,-8.772189999999999710e-01,-2.484770000000000034e-01,5.219499999999999834e-02,6.003199999999999648e-01,5.061100000000000321e-02,2.197350000000000136e-01,-2.459000000000000075e-02,-1.154759999999999953e-01,2.841400000000000037e-01,-3.287109999999999754e-01,3.844770000000000132e-01,-2.870679999999999898e-01,-9.693699999999999539e-02,-5.049700000000000022e-02,1.782200000000000104e-02,1.011719999999999980e-01,-4.174160000000000093e-01,-7.852719999999999700e-01,1.577119999999999911e-01,-4.132790000000000075e-01,5.963500000000000051e-02,3.164800000000000252e-02,-1.433800000000000074e-01
-7.487800000000000011e-02,-7.342269999999999630e-01,7.152690000000000436e-01,6.121999999999999664e-01,8.664600000000000080e-02,8.124900000000000178e-02,-7.817309999999999537e-01,-9.823589999999999822e-01,2.746410000000000240e-01,1.457800000000000068e-02,9.632570000000000299e-01,-1.064439999999999970e-01,-1.103429999999999966e-01,-1.001903999999999906e+00,-2.591319999999999735e-01,8.361699999999999688e-02,7.679070000000000062e-01,1.871000000000000050e-03,2.151830000000000132e-01,2.570899999999999921e-02,-1.124109999999999970e-01,3.410279999999999978e-01,-2.501070000000000237e-01,2.583389999999999853e-01,-1.726890000000000092e-01,-8.637400000000000633e-02,-4.083500000000000324e-02,1.276200000000000077e-02,7.572900000000000464e-02,-4.466740000000000155e-01,-5.654179999999999762e-01,2.211680000000000035e-01,-2.958830000000000071e-01,6.235700000000000270e-02,3.056100000000000136e-02,-1.099979999999999986e-01
-7.363799999999999513e-02,-7.351130000000000164e-01,6.944200000000000372e-01,6.098980000000000512e-01,9.644600000000000395e-02,8.372899999999999787e-02,-7.821200000000000374e-01,-1.066216000000000053e+00,2.726000000000000090e-01,4.041999999999999586e-03,1.065560999999999980e+00,-1.563019999999999965e-01,-1.091810000000000003e-01,-1.100373999999999963e+00,-2.682470000000000132e-01,1.117029999999999967e-01,8.778970000000000384e-01,-3.396899999999999920e-02,2.137519999999999976e-01,6.510100000000000608e-02,-1.007740000000000025e-01,3.881640000000000090e-01,-1.744509999999999950e-01,1.833299999999999930e-01,-1.205389999999999934e-01,-7.578799999999999426e-02,-3.320200000000000234e-02,7.455999999999999954e-03,5.050500000000000128e-02,-4.841880000000000073e-01,-4.399000000000000132e-01,2.816020000000000190e-01,-1.099979999999999986e-01,3.575099999999999806e-02,3.551699999999999996e-02,-6.214800000000000185e-02
-7.309899999999999731e-02,-7.361039999999999806e-01,6.738739999999999730e-01,6.074330000000000007e-01,1.055299999999999988e-01,8.607299999999999673e-02,-7.826109999999999456e-01,-1.146636999999999906e+00,2.710710000000000064e-01,-6.834999999999999930e-03,1.166153999999999913e+00,-2.063840000000000119e-01,-1.082169999999999938e-01,-1.195694000000000035e+00,-2.736430000000000251e-01,1.386759999999999937e-01,9.868120000000000225e-01,-7.066999999999999671e-02,2.113770000000000093e-01,1.073559999999999931e-01,-8.920599999999999363e-02,4.361189999999999789e-01,-1.148239999999999955e-01,1.132739999999999997e-01,-8.057200000000000473e-02,-8.568399999999999628e-02,-2.608699999999999908e-02,3.480000000000000020e-03,2.569000000000000103e-02,-5.229019999999999779e-01,-3.248880000000000101e-01,3.351299999999999835e-01,7.796200000000000352e-02,3.999999999999999819e-06,4.177199999999999663e-02,-1.968800000000000064e-02
-7.305699999999999694e-02,-7.374190000000000467e-01,6.535100000000000353e-01,6.047670000000000545e-01,1.144330000000000069e-01,8.868299999999999794e-02,-7.831329999999999680e-01,-1.225352999999999914e+00,2.698720000000000008e-01,-1.825999999999999845e-02,1.265953000000000106e+00,-2.572749999999999759e-01,-1.074009999999999965e-01,-1.289498999999999951e+00,-2.757390000000000119e-01,1.641749999999999876e-01,1.095725000000000060e+00,-1.088630000000000014e-01,2.081379999999999897e-01,1.504769999999999996e-01,-7.706999999999999962e-02,4.828399999999999914e-01,-7.016999999999999627e-02,4.772300000000000153e-02,-5.081399999999999806e-02,-1.169710000000000055e-01,-1.866200000000000150e-02,7.569999999999999689e-04,-7.100000000000000462e-05,-5.760600000000000165e-01,-2.224260000000000126e-01,3.922950000000000048e-01,2.727589999999999737e-01,-4.343099999999999739e-02,4.879100000000000104e-02,1.712599999999999886e-02
-7.270000000000000073e-02,-7.403849999999999598e-01,6.415610000000000479e-01,6.054659999999999487e-01,1.239129999999999954e-01,9.560799999999999854e-02,-7.803309999999999969e-01,-1.279111000000000109e+00,2.588779999999999970e-01,-3.266800000000000259e-02,1.310781999999999892e+00,-2.860300000000000065e-01,-1.132200000000000012e-01,-1.344767999999999963e+00,-2.802919999999999856e-01,1.782390000000000085e-01,1.141880999999999924e+00,-1.240779999999999939e-01,2.086349999999999871e-01,1.698310000000000097e-01,-6.049800000000000316e-02,5.171829999999999483e-01,-3.770400000000000140e-02,2.929999999999999966e-02,-2.049600000000000033e-02,-5.237200000000000188e-02,-9.749999999999999986e-03,8.610000000000000032e-04,-1.219999999999999974e-04,-6.340540000000000065e-01,-2.063389999999999946e-01,4.208799999999999764e-01,3.111760000000000081e-01,-6.223399999999999765e-02,4.767899999999999916e-02,1.623499999999999943e-02
-7.239800000000000402e-02,-7.447580000000000311e-01,6.283029999999999449e-01,6.052119999999999722e-01,1.393959999999999921e-01,1.082710000000000061e-01,-7.762510000000000243e-01,-1.352197000000000093e+00,2.475150000000000128e-01,-4.863900000000000168e-02,1.358886999999999956e+00,-3.156669999999999754e-01,-1.188649999999999984e-01,-1.418188000000000004e+00,-2.838680000000000092e-01,1.911849999999999938e-01,1.190136000000000083e+00,-1.398709999999999953e-01,2.090639999999999998e-01,1.900459999999999927e-01,-4.592999999999999861e-02,5.200000000000000178e-01,-7.905000000000000568e-03,8.130000000000000074e-03,-4.034000000000000259e-03,3.924999999999999670e-03,-1.910999999999999938e-03,-2.300000000000000002e-05,1.224999999999999960e-03,-7.057719999999999549e-01,-2.033200000000000007e-01,4.656830000000000136e-01,3.558390000000000164e-01,-8.253599999999999826e-02,5.052700000000000247e-02,1.545400000000000072e-02
-7.220500000000000529e-02,-7.490200000000000191e-01,6.146460000000000257e-01,6.047259999999999858e-01,1.552189999999999959e-01,1.215939999999999938e-01,-7.716399999999999926e-01,-1.427435999999999927e+00,2.351320000000000077e-01,-6.467599999999999738e-02,1.407777000000000056e+00,-3.451640000000000263e-01,-1.243780000000000024e-01,-1.493845000000000089e+00,-2.870949999999999891e-01,2.036789999999999989e-01,1.239320999999999895e+00,-1.559439999999999993e-01,2.092400000000000093e-01,2.112070000000000058e-01,-3.219899999999999846e-02,5.200000000000000178e-01,1.294200000000000038e-02,-1.378700000000000064e-02,3.278000000000000098e-03,5.421399999999999830e-02,6.707000000000000288e-03,8.989999999999999511e-04,3.311999999999999840e-03,-7.988279999999999825e-01,-2.117539999999999978e-01,5.234509999999999996e-01,4.079309999999999881e-01,-1.048909999999999981e-01,5.507200000000000290e-02,1.415199999999999965e-02
-7.278099999999999847e-02,-7.513319999999999999e-01,6.070259999999999545e-01,6.025190000000000268e-01,1.674730000000000107e-01,1.299220000000000097e-01,-7.694440000000000168e-01,-1.472439999999999971e+00,2.273330000000000073e-01,-7.587000000000000688e-02,1.432272999999999907e+00,-3.561659999999999826e-01,-1.305610000000000104e-01,-1.541900999999999966e+00,-2.920889999999999875e-01,2.045649999999999968e-01,1.260177000000000103e+00,-1.642899999999999916e-01,2.167699999999999905e-01,2.223660000000000081e-01,-3.241200000000000331e-02,5.200000000000000178e-01,9.726999999999999535e-03,-1.547800000000000044e-02,1.023300000000000078e-02,2.472600000000000145e-02,6.089999999999999927e-03,-2.697000000000000178e-03,2.116999999999999958e-03,-9.191639999999999810e-01,-2.795090000000000074e-01,6.028609999999999802e-01,4.588320000000000176e-01,-1.168300000000000033e-01,5.915800000000000225e-02,1.154000000000000078e-03
-7.513100000000000334e-02,-7.579780000000000406e-01,6.038569999999999771e-01,6.008679999999999577e-01,1.763470000000000037e-01,1.372450000000000059e-01,-7.674779999999999935e-01,-1.494032999999999944e+00,2.216639999999999999e-01,-8.916200000000000514e-02,1.449899999999999967e+00,-3.781050000000000244e-01,-1.394680000000000086e-01,-1.566856000000000027e+00,-3.002549999999999941e-01,1.972240000000000104e-01,1.278790000000000093e+00,-1.867020000000000068e-01,2.214160000000000017e-01,2.364630000000000065e-01,-3.578100000000000031e-02,5.200000000000000178e-01,1.419699999999999955e-02,-3.651999999999999864e-03,1.052699999999999990e-02,-9.879999999999999893e-03,9.579999999999999757e-04,-2.439999999999999949e-04,-4.102999999999999876e-03,-1.040291999999999994e+00,-3.605579999999999896e-01,6.776539999999999786e-01,4.987779999999999991e-01,-1.209989999999999954e-01,6.432899999999999729e-02,2.030000000000000012e-04
-7.424300000000000344e-02,-7.624870000000000259e-01,6.006259999999999932e-01,6.005589999999999540e-01,1.766830000000000067e-01,1.449090000000000100e-01,-7.662330000000000529e-01,-1.512035000000000018e+00,2.141879999999999895e-01,-1.107390000000000041e-01,1.469810000000000061e+00,-3.944810000000000261e-01,-1.443560000000000121e-01,-1.568805999999999923e+00,-3.095160000000000133e-01,1.784459999999999935e-01,1.281819000000000042e+00,-1.988790000000000002e-01,2.292569999999999886e-01,2.472779999999999978e-01,-2.004900000000000085e-02,5.200000000000000178e-01,1.967899999999999858e-02,-9.959000000000000838e-03,5.087000000000000376e-03,-9.891000000000000486e-03,2.358999999999999986e-03,3.334999999999999857e-03,-2.577999999999999996e-03,-1.149752000000000107e+00,-4.237310000000000243e-01,7.606000000000000538e-01,5.510070000000000245e-01,-1.331529999999999936e-01,7.078399999999999970e-02,-1.081299999999999970e-02
-7.409000000000000308e-02,-7.640700000000000269e-01,5.995540000000000314e-01,6.006529999999999925e-01,1.774090000000000111e-01,1.490440000000000098e-01,-7.651980000000000448e-01,-1.520316999999999918e+00,2.105930000000000024e-01,-1.204709999999999948e-01,1.474221999999999921e+00,-4.001560000000000117e-01,-1.495060000000000000e-01,-1.569474999999999953e+00,-3.113119999999999776e-01,1.715639999999999943e-01,1.280829999999999913e+00,-2.024980000000000113e-01,2.363389999999999935e-01,2.446510000000000074e-01,-1.309600000000000000e-02,5.200000000000000178e-01,1.157599999999999948e-02,-1.046300000000000008e-02,7.939999999999999142e-03,-2.452899999999999872e-02,8.300000000000000086e-04,1.150000000000000035e-04,-4.741000000000000422e-03,-1.244240000000000013e+00,-5.038719999999999866e-01,8.314089999999999536e-01,5.667149999999999688e-01,-1.290530000000000010e-01,6.800499999999999601e-02,-2.504599999999999882e-02
-7.373100000000000487e-02,-7.655870000000000175e-01,5.988560000000000549e-01,6.008489999999999664e-01,1.785120000000000040e-01,1.530350000000000044e-01,-7.639989999999999837e-01,-1.527900999999999954e+00,2.065009999999999901e-01,-1.287750000000000006e-01,1.476807999999999899e+00,-4.049150000000000249e-01,-1.540620000000000045e-01,-1.569998999999999922e+00,-3.136559999999999904e-01,1.652210000000000067e-01,1.278192999999999913e+00,-2.051830000000000043e-01,2.433240000000000125e-01,2.419250000000000012e-01,-7.285999999999999942e-03,5.200000000000000178e-01,5.257999999999999653e-03,-6.245999999999999816e-03,6.256000000000000276e-03,-2.082900000000000029e-02,-1.317999999999999944e-03,-1.263000000000000017e-03,-3.112999999999999882e-03,-1.325395000000000101e+00,-5.796559999999999491e-01,8.935579999999999634e-01,5.747409999999999464e-01,-1.237250000000000016e-01,6.655600000000000405e-02,-3.784799999999999970e-02
-7.348799999999999777e-02,-7.670420000000000016e-01,5.983800000000000230e-01,6.011630000000000029e-01,1.796560000000000101e-01,1.567630000000000134e-01,-7.627270000000000438e-01,-1.534219999999999917e+00,2.021380000000000121e-01,-1.363610000000000100e-01,1.478153000000000050e+00,-4.092830000000000079e-01,-1.584740000000000038e-01,-1.570000000000000062e+00,-3.162360000000000171e-01,1.590489999999999959e-01,1.274976000000000109e+00,-2.076860000000000095e-01,2.501619999999999955e-01,2.393230000000000079e-01,-1.598999999999999944e-03,5.200000000000000178e-01,1.000999999999999937e-03,3.259000000000000178e-03,2.779999999999999811e-04,-1.136000000000000074e-03,-4.844000000000000215e-03,-2.510000000000000078e-03,3.589000000000000176e-03,-1.390771999999999897e+00,-6.475870000000000237e-01,9.460800000000000320e-01,5.785169999999999479e-01,-1.182070000000000065e-01,6.459499999999999964e-02,-5.009500000000000064e-02
-7.237100000000000477e-02,-7.664459999999999607e-01,5.994869999999999921e-01,6.007080000000000197e-01,1.812769999999999937e-01,1.578229999999999911e-01,-7.624830000000000219e-01,-1.538213999999999970e+00,2.044310000000000016e-01,-1.299869999999999914e-01,1.473954999999999904e+00,-3.968889999999999918e-01,-1.535299999999999998e-01,-1.570000000000000062e+00,-3.133770000000000167e-01,1.620459999999999956e-01,1.264950999999999937e+00,-1.988870000000000082e-01,2.564270000000000160e-01,2.263110000000000122e-01,-7.159000000000000433e-03,5.200000000000000178e-01,-9.863000000000000239e-03,3.298000000000000150e-03,-6.139000000000000359e-03,1.572999999999999962e-03,-2.445999999999999824e-03,-2.073000000000000190e-03,-4.939999999999999730e-04,-1.424298000000000064e+00,-7.010459999999999470e-01,9.547390000000000043e-01,5.507600000000000273e-01,-1.005069999999999991e-01,6.211200000000000054e-02,-6.854699999999999682e-02
-7.157099999999999573e-02,-7.655429999999999735e-01,6.010109999999999619e-01,6.001199999999999868e-01,1.833009999999999917e-01,1.586819999999999897e-01,-7.622839999999999616e-01,-1.541271000000000058e+00,2.073530000000000095e-01,-1.226639999999999953e-01,1.467379999999999907e+00,-3.832389999999999963e-01,-1.488859999999999906e-01,-1.569981999999999989e+00,-3.101240000000000108e-01,1.648950000000000138e-01,1.253586000000000089e+00,-1.892850000000000088e-01,2.614509999999999890e-01,2.139419999999999933e-01,-1.581400000000000167e-02,5.200000000000000178e-01,-1.619100000000000053e-02,1.099999999999999936e-02,-1.219899999999999977e-02,1.981000000000000122e-03,-8.859999999999999603e-04,5.399999999999999798e-05,-9.970000000000000563e-04,-1.439311999999999925e+00,-7.478519999999999612e-01,9.486320000000000308e-01,5.155349999999999655e-01,-8.343899999999999928e-02,6.014800000000000008e-02,-8.716699999999999449e-02
-7.220200000000000229e-02,-7.641259999999999719e-01,6.030400000000000205e-01,5.991900000000000004e-01,1.852870000000000072e-01,1.596909999999999996e-01,-7.623250000000000304e-01,-1.543029999999999902e+00,2.125269999999999937e-01,-1.179790000000000005e-01,1.457087999999999939e+00,-3.674109999999999876e-01,-1.472130000000000105e-01,-1.569520999999999944e+00,-3.048239999999999839e-01,1.634599999999999942e-01,1.242266000000000092e+00,-1.799890000000000101e-01,2.617849999999999899e-01,2.036010000000000042e-01,-2.599999999999999881e-02,5.200000000000000178e-01,-1.593999999999999931e-02,2.309900000000000148e-02,-1.530100000000000036e-02,-7.713000000000000238e-03,-3.849999999999999798e-04,2.171000000000000187e-03,1.443999999999999971e-03,-1.438596999999999904e+00,-7.872620000000000173e-01,9.304219999999999713e-01,4.767710000000000004e-01,-6.674700000000000077e-02,5.743399999999999894e-02,-1.064979999999999954e-01
-6.698900000000000687e-02,-7.593469999999999942e-01,6.062159999999999771e-01,5.896510000000000362e-01,1.890280000000000016e-01,1.620580000000000076e-01,-7.683219999999999494e-01,-1.546343000000000023e+00,2.310119999999999951e-01,-1.022890000000000049e-01,1.434072000000000013e+00,-3.489320000000000199e-01,-1.413530000000000064e-01,-1.569911000000000056e+00,-2.839189999999999769e-01,1.630840000000000067e-01,1.192093000000000069e+00,-1.341120000000000090e-01,2.617999999999999772e-01,1.887909999999999866e-01,-3.964899999999999675e-02,5.200000000000000178e-01,-3.048400000000000068e-02,1.478400000000000027e-02,-1.573899999999999952e-02,3.561000000000000276e-02,2.011999999999999900e-03,2.978000000000000178e-03,6.873999999999999902e-03,-1.377380000000000049e+00,-8.074240000000000306e-01,8.570470000000000033e-01,4.043350000000000000e-01,-4.438799999999999690e-02,5.528299999999999881e-02,-1.512370000000000103e-01
-6.423199999999999743e-02,-7.591590000000000282e-01,6.119170000000000442e-01,5.800910000000000233e-01,1.930419999999999914e-01,1.622069999999999901e-01,-7.745440000000000103e-01,-1.532243999999999939e+00,2.525899999999999812e-01,-8.277500000000000135e-02,1.410503999999999980e+00,-3.443749999999999867e-01,-1.385220000000000062e-01,-1.560872000000000037e+00,-2.638510000000000022e-01,1.649670000000000025e-01,1.150111000000000105e+00,-1.045429999999999970e-01,2.617999999999999772e-01,1.786119999999999930e-01,-6.246299999999999769e-02,5.200000000000000178e-01,-2.892000000000000126e-02,1.462500000000000085e-02,-1.195099999999999982e-02,4.623100000000000126e-02,-8.909999999999999734e-04,1.968000000000000131e-03,9.202000000000000110e-03,-1.297590000000000021e+00,-8.311250000000000027e-01,7.625969999999999693e-01,3.174379999999999979e-01,-1.511499999999999996e-02,5.109799999999999759e-02,-1.867459999999999953e-01
-6.081700000000000300e-02,-7.605499999999999483e-01,6.207930000000000392e-01,5.719950000000000312e-01,1.876460000000000072e-01,1.626329999999999998e-01,-7.817680000000000184e-01,-1.499648000000000092e+00,2.749659999999999882e-01,-7.352699999999999514e-02,1.385923999999999934e+00,-3.444169999999999732e-01,-1.362530000000000130e-01,-1.518896000000000024e+00,-2.455469999999999875e-01,1.519139999999999935e-01,1.096692000000000000e+00,-7.798800000000000177e-02,2.617999999999999772e-01,1.687230000000000119e-01,-7.099700000000000455e-02,5.200000000000000178e-01,-5.490000000000000088e-03,2.396000000000000126e-03,-1.399999999999999877e-04,3.772500000000000159e-02,-2.948999999999999799e-03,1.407999999999999963e-03,1.094400000000000060e-02,-1.194987999999999939e+00,-8.377999999999999892e-01,6.628929999999999545e-01,2.297420000000000018e-01,9.856999999999999443e-03,4.502099999999999852e-02,-2.242869999999999864e-01
-5.474500000000000199e-02,-7.627340000000000231e-01,6.310249999999999471e-01,5.581089999999999662e-01,1.808490000000000097e-01,1.594949999999999979e-01,-7.939580000000000526e-01,-1.451713999999999949e+00,3.008689999999999976e-01,-5.986799999999999761e-02,1.357034000000000074e+00,-3.488240000000000229e-01,-1.293779999999999930e-01,-1.456312999999999969e+00,-2.219619999999999926e-01,1.401459999999999928e-01,1.007519000000000053e+00,-5.318599999999999717e-02,2.617999999999999772e-01,1.454830000000000012e-01,-8.545099999999999918e-02,5.200000000000000178e-01,9.303999999999999770e-03,-1.624999999999999925e-03,7.867000000000000728e-03,1.071399999999999957e-02,-2.050999999999999872e-03,1.299999999999999886e-04,1.497999999999999983e-03,-1.082940000000000014e+00,-8.697049999999999503e-01,5.805620000000000225e-01,1.196360000000000062e-01,1.385800000000000053e-02,3.964499999999999968e-02,-2.512880000000000114e-01
-4.837600000000000233e-02,-7.650900000000000478e-01,6.411329999999999529e-01,5.443090000000000428e-01,1.733989999999999976e-01,1.564190000000000025e-01,-8.057260000000000533e-01,-1.401963999999999988e+00,3.255569999999999853e-01,-4.466400000000000231e-02,1.329739999999999922e+00,-3.547859999999999903e-01,-1.220740000000000020e-01,-1.392303000000000068e+00,-1.986150000000000138e-01,1.314670000000000005e-01,9.183120000000000172e-01,-2.908099999999999921e-02,2.617999999999999772e-01,1.215299999999999991e-01,-9.858999999999999708e-02,5.200000000000000178e-01,3.125800000000000106e-02,-1.499600000000000065e-02,1.944800000000000001e-02,-2.848699999999999843e-02,3.750000000000000078e-04,-1.981999999999999821e-03,-8.625999999999999987e-03,-9.594650000000000123e-01,-8.922740000000000116e-01,4.909580000000000055e-01,5.968000000000000214e-03,1.400299999999999982e-02,3.456100000000000144e-02,-2.778860000000000219e-01
-4.199499999999999761e-02,-7.675680000000000280e-01,6.511050000000000448e-01,5.307319999999999816e-01,1.654370000000000007e-01,1.534800000000000053e-01,-8.169440000000000035e-01,-1.350916999999999923e+00,3.488180000000000169e-01,-2.836999999999999938e-02,1.304041999999999923e+00,-3.621260000000000034e-01,-1.146449999999999969e-01,-1.327749000000000068e+00,-1.759499999999999953e-01,1.253100000000000047e-01,8.301990000000000203e-01,-6.171000000000000270e-03,2.617999999999999772e-01,9.611799999999999511e-02,-1.109969999999999984e-01,5.200000000000000178e-01,5.361799999999999899e-02,-3.286100000000000132e-02,2.958900000000000072e-02,-7.076200000000000545e-02,3.543000000000000142e-03,-4.630999999999999700e-03,-1.837000000000000091e-02,-8.279140000000000388e-01,-9.040510000000000490e-01,3.968659999999999966e-01,-1.101349999999999968e-01,9.972999999999999227e-03,2.937800000000000133e-02,-3.038000000000000145e-01
-2.721200000000000008e-02,-7.751029999999999864e-01,6.608990000000000142e-01,5.180919999999999970e-01,1.623159999999999881e-01,1.491520000000000068e-01,-8.264310000000000267e-01,-1.298664000000000041e+00,3.597730000000000095e-01,1.951800000000000063e-02,1.274747999999999992e+00,-3.733890000000000264e-01,-8.808799999999999963e-02,-1.269762000000000057e+00,-1.906059999999999977e-01,1.232420000000000043e-01,7.677220000000000155e-01,2.595999999999999783e-03,2.617999999999999772e-01,6.796499999999999764e-02,-1.108080000000000037e-01,5.200000000000000178e-01,5.187699999999999950e-02,-3.839999999999999664e-02,2.658900000000000152e-02,-7.441200000000000592e-02,7.714000000000000370e-03,-2.092000000000000109e-03,-1.654999999999999874e-02,-7.181149999999999478e-01,-8.952740000000000142e-01,3.712570000000000037e-01,-4.996799999999999853e-02,2.823200000000000015e-02,3.503699999999999870e-02,-3.053429999999999755e-01
-1.273000000000000000e-02,-7.825710000000000166e-01,6.705349999999999921e-01,5.064140000000000308e-01,1.590139999999999887e-01,1.445130000000000026e-01,-8.350899999999999990e-01,-1.244837999999999889e+00,3.656289999999999818e-01,6.698600000000000387e-02,1.244556999999999913e+00,-3.842209999999999792e-01,-6.223999999999999672e-02,-1.212126999999999954e+00,-2.078299999999999870e-01,1.194859999999999950e-01,7.074719999999999898e-01,1.102099999999999955e-02,2.617999999999999772e-01,3.226600000000000301e-02,-1.093920000000000031e-01,5.200000000000000178e-01,3.331200000000000133e-02,-3.619499999999999801e-02,1.491199999999999991e-02,-5.755099999999999799e-02,9.187999999999999987e-03,-1.337999999999999997e-03,-1.189100000000000053e-02,-6.258580000000000254e-01,-8.858510000000000550e-01,3.611449999999999938e-01,2.504500000000000129e-02,5.059600000000000208e-02,3.346999999999999975e-02,-3.074609999999999843e-01
1.464000000000000024e-03,-7.902890000000000192e-01,6.797910000000000341e-01,4.952250000000000263e-01,1.557459999999999956e-01,1.396900000000000086e-01,-8.431969999999999743e-01,-1.189885000000000081e+00,3.672170000000000156e-01,1.141729999999999967e-01,1.214239999999999986e+00,-3.957479999999999887e-01,-3.701100000000000223e-02,-1.155037000000000091e+00,-2.270899999999999863e-01,1.140469999999999956e-01,6.490139999999999798e-01,1.863799999999999832e-02,2.617999999999999772e-01,-6.949999999999999581e-03,-1.078559999999999935e-01,5.200000000000000178e-01,-9.495999999999999233e-03,-1.996900000000000064e-02,-1.185499999999999922e-02,-1.374900000000000080e-02,7.675000000000000398e-03,-7.519999999999999558e-04,-3.759000000000000188e-03,-5.395050000000000123e-01,-8.773809999999999665e-01,3.558540000000000036e-01,1.035470000000000002e-01,7.429099999999999593e-02,3.067800000000000041e-02,-3.083420000000000050e-01
1.597600000000000062e-02,-7.978389999999999649e-01,6.870910000000000073e-01,4.861079999999999846e-01,1.507550000000000001e-01,1.325949999999999906e-01,-8.505239999999999467e-01,-1.137920999999999960e+00,3.607139999999999791e-01,1.580060000000000076e-01,1.188754000000000088e+00,-3.999960000000000182e-01,-1.220899999999999937e-02,-1.110427999999999971e+00,-2.776330000000000187e-01,9.030699999999999839e-02,6.712089999999999446e-01,-4.609999999999999840e-04,2.592419999999999725e-01,-4.836100000000000121e-02,-1.019810000000000022e-01,5.182590000000000252e-01,-5.127400000000000013e-02,3.770899999999999946e-02,-2.353500000000000036e-02,6.718499999999999472e-02,-8.044000000000000802e-03,3.181999999999999933e-03,1.834600000000000120e-02,-4.552410000000000068e-01,-8.870860000000000412e-01,3.178929999999999811e-01,1.823380000000000001e-01,1.062130000000000019e-01,2.290899999999999881e-02,-3.273300000000000098e-01
2.041099999999999859e-02,-7.994930000000000092e-01,6.962890000000000468e-01,4.727740000000000276e-01,1.455740000000000089e-01,1.322639999999999927e-01,-8.589520000000000488e-01,-1.096465000000000023e+00,3.782010000000000094e-01,1.756659999999999888e-01,1.151343999999999923e+00,-3.893909999999999871e-01,-9.867000000000000770e-03,-1.071172000000000013e+00,-2.996050000000000102e-01,4.030399999999999955e-02,6.994280000000000497e-01,-2.255899999999999919e-02,2.272230000000000083e-01,-7.306799999999999407e-02,-1.019309999999999938e-01,5.078000000000000291e-01,-1.210139999999999966e-01,1.324099999999999999e-01,-6.412700000000000344e-02,1.778379999999999961e-01,-2.740400000000000127e-02,6.385000000000000051e-03,3.966800000000000187e-02,-3.697719999999999896e-01,-8.780879999999999797e-01,2.773930000000000007e-01,2.640989999999999727e-01,1.391310000000000047e-01,1.532299999999999982e-02,-3.463829999999999965e-01
2.454800000000000038e-02,-8.009370000000000100e-01,7.050769999999999538e-01,4.578829999999999845e-01,1.416229999999999989e-01,1.338209999999999955e-01,-8.673969999999999736e-01,-1.060256000000000087e+00,3.990009999999999946e-01,1.924649999999999972e-01,1.116338000000000052e+00,-3.794770000000000088e-01,-8.418999999999999401e-03,-1.034999000000000002e+00,-3.179699999999999749e-01,-9.723000000000000739e-03,7.273589999999999778e-01,-4.443300000000000027e-02,1.941440000000000110e-01,-9.461200000000000165e-02,-1.007630000000000053e-01,4.909959999999999880e-01,-2.142920000000000103e-01,2.455199999999999882e-01,-1.219340000000000007e-01,3.181700000000000084e-01,-5.037699999999999817e-02,1.041500000000000065e-02,6.341499999999999915e-02,-2.832029999999999825e-01,-8.678599999999999648e-01,2.381050000000000111e-01,3.468919999999999781e-01,1.725700000000000012e-01,7.302999999999999596e-03,-3.629279999999999728e-01
2.531100000000000017e-02,-8.013489999999999780e-01,7.110370000000000301e-01,4.462309999999999888e-01,1.386270000000000002e-01,1.360800000000000065e-01,-8.735800000000000232e-01,-1.035242999999999913e+00,4.307340000000000058e-01,2.176259999999999861e-01,1.091914000000000051e+00,-3.688930000000000264e-01,-1.099400000000000030e-02,-9.901759999999999451e-01,-3.421529999999999849e-01,-4.401800000000000157e-02,7.348369999999999624e-01,-5.827700000000000241e-02,1.750430000000000041e-01,-1.087859999999999938e-01,-9.029399999999999926e-02,4.683610000000000273e-01,-3.138679999999999803e-01,3.630090000000000261e-01,-1.772680000000000089e-01,4.448389999999999844e-01,-8.457399999999999640e-02,1.042799999999999977e-02,9.969500000000000584e-02,-2.117729999999999890e-01,-8.477989999999999693e-01,2.101719999999999977e-01,4.941479999999999762e-01,2.257089999999999930e-01,2.892000000000000039e-03,-3.702119999999999855e-01
2.647100000000000147e-02,-8.014139999999999597e-01,7.168269999999999920e-01,4.339379999999999904e-01,1.356360000000000066e-01,1.390139999999999987e-01,-8.797589999999999577e-01,-1.011314000000000046e+00,4.620929999999999760e-01,2.410859999999999947e-01,1.068418000000000090e+00,-3.599140000000000117e-01,-1.121800000000000054e-02,-9.449870000000000214e-01,-3.644089999999999829e-01,-7.832500000000000573e-02,7.412480000000000180e-01,-7.166100000000000247e-02,1.561680000000000013e-01,-1.238780000000000020e-01,-7.857100000000000195e-02,4.447760000000000047e-01,-4.198879999999999835e-01,4.913640000000000230e-01,-2.331469999999999931e-01,5.838179999999999481e-01,-1.201850000000000002e-01,1.286900000000000023e-02,1.368830000000000047e-01,-1.483130000000000004e-01,-8.309279999999999999e-01,1.899409999999999987e-01,6.487540000000000529e-01,2.804360000000000186e-01,-2.990000000000000036e-03,-3.691349999999999909e-01
2.783899999999999916e-02,-8.012320000000000553e-01,7.225059999999999816e-01,4.214140000000000108e-01,1.326779999999999904e-01,1.423969999999999958e-01,-8.857369999999999965e-01,-9.881379999999999608e-01,4.936579999999999857e-01,2.647470000000000101e-01,1.045925999999999911e+00,-3.510030000000000094e-01,-1.128400000000000063e-02,-8.994750000000000245e-01,-3.856240000000000223e-01,-1.125810000000000005e-01,7.476789999999999825e-01,-8.537400000000000544e-02,1.374990000000000101e-01,-1.393189999999999984e-01,-6.608100000000000085e-02,4.211949999999999861e-01,-5.266610000000000458e-01,6.241900000000000226e-01,-2.859900000000000220e-01,7.284629999999999717e-01,-1.559999999999999998e-01,1.618199999999999847e-02,1.723010000000000097e-01,-8.853400000000000158e-02,-8.165510000000000268e-01,1.736640000000000128e-01,8.061760000000000037e-01,3.342430000000000123e-01,-6.838000000000000328e-03,-3.604189999999999894e-01
2.675500000000000100e-02,-8.003019999999999579e-01,7.274279999999999635e-01,4.069570000000000132e-01,1.273940000000000072e-01,1.438639999999999919e-01,-8.930059999999999665e-01,-9.608339999999999659e-01,5.164760000000000462e-01,2.646850000000000036e-01,1.025438999999999989e+00,-3.447819999999999774e-01,-2.292900000000000146e-02,-8.560379999999999656e-01,-4.021120000000000250e-01,-1.155759999999999982e-01,7.558489999999999931e-01,-7.716399999999999648e-02,1.082950000000000024e-01,-1.566089999999999982e-01,-6.927400000000000224e-02,3.868389999999999884e-01,-6.127350000000000296e-01,7.451780000000000070e-01,-3.544729999999999825e-01,8.105440000000000422e-01,-1.739100000000000090e-01,1.301399999999999953e-02,1.989990000000000092e-01,-6.994599999999999429e-02,-8.683140000000000303e-01,9.557499999999999329e-02,7.253849999999999465e-01,3.229259999999999908e-01,-2.364499999999999935e-02,-3.769170000000000020e-01
2.547299999999999912e-02,-7.994280000000000275e-01,7.322389999999999732e-01,3.924300000000000010e-01,1.225090000000000068e-01,1.455879999999999952e-01,-8.998859999999999637e-01,-9.338459999999999539e-01,5.389490000000000114e-01,2.651769999999999960e-01,1.005336000000000007e+00,-3.391899999999999915e-01,-3.477600000000000136e-02,-8.132019999999999804e-01,-4.194320000000000270e-01,-1.186790000000000067e-01,7.646030000000000326e-01,-6.966500000000000470e-02,7.907300000000000439e-02,-1.720309999999999895e-01,-6.903900000000000314e-02,3.538930000000000131e-01,-6.836919999999999664e-01,8.587630000000000541e-01,-4.075679999999999858e-01,8.768709999999999560e-01,-1.892580000000000096e-01,1.289700000000000048e-02,2.232939999999999925e-01,-2.861800000000000108e-02,-9.164930000000000021e-01,-1.925999999999999978e-03,6.186019999999999852e-01,3.008290000000000131e-01,-2.397900000000000031e-02,-3.998189999999999800e-01
2.408899999999999930e-02,-7.985060000000000491e-01,7.369670000000000387e-01,3.777409999999999934e-01,1.178550000000000014e-01,1.476059999999999872e-01,-9.064410000000000522e-01,-9.071799999999999864e-01,5.614930000000000199e-01,2.661209999999999964e-01,9.854850000000000554e-01,-3.336819999999999786e-01,-4.673000000000000070e-02,-7.707509999999999639e-01,-4.370800000000000241e-01,-1.221010000000000012e-01,7.734999999999999654e-01,-6.237199999999999689e-02,4.965699999999999975e-02,-1.859520000000000062e-01,-6.736200000000000521e-02,3.208829999999999738e-01,-7.391699999999999937e-01,9.622500000000000497e-01,-4.481479999999999908e-01,9.289380000000000415e-01,-2.025820000000000121e-01,1.347600000000000013e-02,2.439780000000000004e-01,2.525399999999999867e-02,-9.588430000000000009e-01,-1.103419999999999956e-01,5.041299999999999670e-01,2.736480000000000024e-01,-1.841399999999999981e-02,-4.221400000000000152e-01
1.830299999999999983e-02,-7.950279999999999569e-01,7.394659999999999567e-01,3.669180000000000219e-01,1.141999999999999960e-01,1.470019999999999938e-01,-9.114379999999999704e-01,-8.831360000000000321e-01,5.832000000000000517e-01,2.659710000000000130e-01,9.702079999999999593e-01,-3.260569999999999857e-01,-6.009599999999999664e-02,-7.080359999999999987e-01,-4.587410000000000099e-01,-1.181419999999999970e-01,7.341069999999999540e-01,-4.906100000000000044e-02,3.849799999999999750e-02,-1.864129999999999954e-01,-6.316499999999999893e-02,2.906699999999999839e-01,-8.052970000000000406e-01,1.025360000000000049e+00,-5.094379999999999464e-01,9.425499999999999989e-01,-2.045399999999999996e-01,1.400099999999999956e-02,2.560589999999999811e-01,5.126900000000000207e-02,-1.005139000000000005e+00,-1.266990000000000061e-01,3.350910000000000277e-01,2.195280000000000009e-01,-7.360000000000000006e-04,-3.934019999999999739e-01
1.293599999999999958e-02,-7.910059999999999869e-01,7.422290000000000276e-01,3.557859999999999912e-01,1.095000000000000001e-01,1.463289999999999869e-01,-9.165229999999999766e-01,-8.568210000000000548e-01,6.055970000000000519e-01,2.667359999999999731e-01,9.538870000000000404e-01,-3.172889999999999877e-01,-7.327599999999999392e-02,-6.422369999999999468e-01,-4.796599999999999753e-01,-1.160569999999999935e-01,6.916930000000000023e-01,-3.359600000000000086e-02,2.709699999999999956e-02,-1.890739999999999921e-01,-6.227200000000000096e-02,2.628280000000000061e-01,-8.612100000000000311e-01,1.082662999999999931e+00,-5.647609999999999575e-01,9.445630000000000415e-01,-2.059370000000000089e-01,1.530199999999999963e-02,2.636000000000000010e-01,6.998000000000000054e-02,-1.055125000000000091e+00,-1.340870000000000117e-01,1.732029999999999959e-01,1.685740000000000016e-01,1.988099999999999937e-02,-3.570699999999999985e-01
7.837999999999999481e-03,-7.864269999999999872e-01,7.447500000000000231e-01,3.445860000000000034e-01,1.044299999999999951e-01,1.455510000000000137e-01,-9.215039999999999898e-01,-8.302249999999999908e-01,6.279130000000000544e-01,2.679610000000000047e-01,9.380410000000000137e-01,-3.081849999999999867e-01,-8.623799999999999522e-02,-5.760830000000000117e-01,-5.011330000000000506e-01,-1.149659999999999987e-01,6.497370000000000090e-01,-1.793099999999999902e-02,1.583299999999999985e-02,-1.932119999999999949e-01,-6.253899999999999737e-02,2.363689999999999958e-01,-9.064050000000000162e-01,1.133256000000000041e+00,-6.128209999999999491e-01,9.344139999999999668e-01,-2.064699999999999869e-01,1.614300000000000110e-02,2.669369999999999798e-01,8.796700000000000352e-02,-1.110751999999999962e+00,-1.396529999999999994e-01,1.754899999999999863e-02,1.222369999999999984e-01,3.872699999999999754e-02,-3.132610000000000117e-01
1.891000000000000103e-03,-7.797009999999999774e-01,7.455969999999999542e-01,3.343749999999999778e-01,1.001879999999999993e-01,1.433339999999999892e-01,-9.260730000000000350e-01,-8.078279999999999905e-01,6.517549999999999732e-01,2.711609999999999854e-01,9.277630000000000043e-01,-2.960099999999999953e-01,-1.013359999999999955e-01,-5.352440000000000531e-01,-5.183240000000000069e-01,-1.084190000000000015e-01,6.019149999999999778e-01,4.114999999999999734e-03,2.048499999999999974e-02,-1.872929999999999873e-01,-6.106400000000000022e-02,2.175529999999999964e-01,-9.508689999999999642e-01,1.158674999999999899e+00,-6.502289999999999459e-01,9.345879999999999743e-01,-2.043250000000000066e-01,1.793900000000000008e-02,2.713900000000000201e-01,7.750600000000000545e-02,-1.143955000000000055e+00,-1.209960000000000063e-01,-4.400199999999999945e-02,1.138689999999999980e-01,4.776600000000000290e-02,-2.755650000000000044e-01
-3.824999999999999841e-03,-7.724910000000000387e-01,7.463180000000000369e-01,3.238739999999999952e-01,9.635599999999999721e-02,1.413049999999999862e-01,-9.305130000000000345e-01,-7.868340000000000334e-01,6.756280000000000063e-01,2.748820000000000152e-01,9.174149999999999805e-01,-2.829260000000000108e-01,-1.162429999999999991e-01,-4.963969999999999771e-01,-5.357359999999999900e-01,-1.018030000000000046e-01,5.550239999999999618e-01,2.632900000000000171e-02,2.486700000000000021e-02,-1.837540000000000007e-01,-6.184499999999999720e-02,1.966549999999999965e-01,-9.905089999999999728e-01,1.180079000000000100e+00,-6.863590000000000524e-01,9.300340000000000273e-01,-2.015419999999999989e-01,1.853399999999999839e-02,2.730000000000000204e-01,5.212800000000000072e-02,-1.179759000000000002e+00,-8.709200000000000275e-02,-9.273000000000000687e-02,1.092120000000000035e-01,4.964899999999999869e-02,-2.384850000000000025e-01
-9.480000000000000579e-03,-7.650019999999999598e-01,7.469559999999999533e-01,3.132579999999999809e-01,9.253699999999999426e-02,1.393790000000000029e-01,-9.348149999999999515e-01,-7.660989999999999744e-01,6.995080000000000187e-01,2.787640000000000118e-01,9.069939999999999669e-01,-2.693420000000000258e-01,-1.311569999999999958e-01,-4.580629999999999979e-01,-5.533599999999999630e-01,-9.551600000000000368e-02,5.092769999999999797e-01,4.812099999999999711e-02,2.913200000000000164e-02,-1.816949999999999954e-01,-6.355199999999999738e-02,1.754830000000000001e-01,-1.025123000000000006e+00,1.198604000000000003e+00,-7.196500000000000119e-01,9.199490000000000167e-01,-1.982869999999999910e-01,1.872100000000000153e-02,2.726419999999999955e-01,1.931199999999999931e-02,-1.216523999999999939e+00,-4.532300000000000217e-02,-1.385770000000000057e-01,1.059640000000000026e-01,5.025000000000000300e-02,-2.017079999999999984e-01
-1.741900000000000046e-02,-7.549569999999999892e-01,7.456930000000000502e-01,3.084210000000000007e-01,9.196999999999999620e-02,1.345500000000000029e-01,-9.371840000000000170e-01,-7.517920000000000158e-01,7.150990000000000402e-01,2.838430000000000120e-01,8.950000000000000178e-01,-2.511669999999999736e-01,-1.466200000000000003e-01,-4.256639999999999868e-01,-5.772450000000000081e-01,-9.234900000000000053e-02,4.504449999999999843e-01,9.001900000000000179e-02,3.380600000000000271e-02,-1.798710000000000031e-01,-7.199700000000000544e-02,1.555590000000000028e-01,-1.068445000000000089e+00,1.197287999999999908e+00,-7.516629999999999701e-01,9.119019999999999904e-01,-1.925399999999999889e-01,2.035100000000000103e-02,2.729869999999999797e-01,-1.378000000000000102e-03,-1.245481999999999978e+00,-6.891000000000000424e-03,-1.530169999999999864e-01,1.076050000000000062e-01,5.352400000000000213e-02,-1.726729999999999932e-01
-2.512400000000000050e-02,-7.446789999999999798e-01,7.442800000000000527e-01,3.031150000000000233e-01,9.008900000000000241e-02,1.299780000000000102e-01,-9.397400000000000198e-01,-7.367569999999999952e-01,7.328980000000000494e-01,2.877049999999999885e-01,8.851869999999999461e-01,-2.338379999999999903e-01,-1.626039999999999985e-01,-3.926850000000000063e-01,-5.996869999999999701e-01,-8.831400000000000361e-02,3.944289999999999741e-01,1.306289999999999951e-01,3.848800000000000138e-02,-1.767869999999999997e-01,-7.920800000000000063e-02,1.386219999999999952e-01,-1.111216999999999899e+00,1.191904999999999992e+00,-7.821919999999999984e-01,9.035140000000000393e-01,-1.862520000000000009e-01,2.216200000000000114e-02,2.723309999999999897e-01,-2.921599999999999892e-02,-1.276702999999999921e+00,3.669900000000000245e-02,-1.629079999999999973e-01,1.113780000000000048e-01,5.532200000000000312e-02,-1.427200000000000135e-01
-3.269899999999999890e-02,-7.342859999999999943e-01,7.427460000000000173e-01,2.976070000000000104e-01,8.781300000000000217e-02,1.256589999999999929e-01,-9.423000000000000265e-01,-7.214779999999999527e-01,7.514680000000000248e-01,2.910699999999999954e-01,8.752550000000000052e-01,-2.162100000000000133e-01,-1.788460000000000050e-01,-3.599490000000000189e-01,-6.214150000000000507e-01,-8.417399999999999882e-02,3.404010000000000091e-01,1.702400000000000024e-01,4.304000000000000187e-02,-1.736739999999999950e-01,-8.621199999999999697e-02,1.225689999999999974e-01,-1.152492999999999990e+00,1.184860999999999942e+00,-8.112260000000000026e-01,8.940730000000000066e-01,-1.798089999999999966e-01,2.376100000000000087e-02,2.710250000000000159e-01,-6.157900000000000179e-02,-1.307846999999999982e+00,8.436599999999999655e-02,-1.722940000000000027e-01,1.155849999999999933e-01,5.684999999999999776e-02,-1.128490000000000049e-01
-3.948700000000000127e-02,-7.221130000000000049e-01,7.409449999999999648e-01,2.937440000000000051e-01,8.644599999999999507e-02,1.199429999999999941e-01,-9.443810000000000260e-01,-7.069879999999999498e-01,7.595460000000000544e-01,2.871059999999999723e-01,8.578689999999999927e-01,-1.913529999999999953e-01,-1.987790000000000112e-01,-3.349320000000000075e-01,-6.317909999999999915e-01,-8.395500000000000185e-02,3.012880000000000003e-01,1.991080000000000072e-01,4.875999999999999779e-02,-1.704650000000000054e-01,-9.018700000000000327e-02,1.154430000000000039e-01,-1.182034999999999947e+00,1.172714000000000034e+00,-8.276890000000000081e-01,8.675960000000000338e-01,-1.741340000000000110e-01,2.321199999999999999e-02,2.687959999999999794e-01,-9.165800000000000336e-02,-1.329333000000000098e+00,1.265830000000000011e-01,-1.665230000000000044e-01,1.163020000000000026e-01,5.719899999999999984e-02,-8.830000000000000349e-02
-4.640099999999999780e-02,-7.099670000000000147e-01,7.390449999999999520e-01,2.900229999999999753e-01,8.547399999999999443e-02,1.142579999999999985e-01,-9.463219999999999965e-01,-6.930849999999999511e-01,7.667779999999999596e-01,2.828999999999999848e-01,8.397189999999999932e-01,-1.661499999999999921e-01,-2.187560000000000060e-01,-3.111200000000000077e-01,-6.425459999999999505e-01,-8.369699999999999362e-02,2.636850000000000027e-01,2.270139999999999936e-01,5.465699999999999725e-02,-1.673929999999999862e-01,-9.366399999999999726e-02,1.076870000000000049e-01,-1.208096000000000059e+00,1.160303000000000084e+00,-8.405139999999999834e-01,8.381370000000000209e-01,-1.679140000000000077e-01,2.342299999999999938e-02,2.668539999999999801e-01,-1.194009999999999933e-01,-1.350581000000000031e+00,1.665979999999999961e-01,-1.625699999999999923e-01,1.164980000000000043e-01,5.712500000000000216e-02,-6.380199999999999760e-02
-5.331500000000000128e-02,-6.979589999999999961e-01,7.371259999999999479e-01,2.865340000000000109e-01,8.499400000000000011e-02,1.083279999999999937e-01,-9.481239999999999668e-01,-6.796799999999999509e-01,7.724269999999999747e-01,2.789670000000000205e-01,8.209809999999999608e-01,-1.407380000000000020e-01,-2.384270000000000000e-01,-2.884349999999999969e-01,-6.544539999999999802e-01,-8.328399999999999692e-02,2.270240000000000036e-01,2.545390000000000152e-01,6.097000000000000336e-02,-1.648719999999999908e-01,-9.750999999999999945e-02,9.910199999999999565e-02,-1.232984000000000080e+00,1.147116000000000025e+00,-8.516690000000000094e-01,8.081279999999999575e-01,-1.614400000000000002e-01,2.380799999999999930e-02,2.648429999999999951e-01,-1.468379999999999963e-01,-1.371385000000000076e+00,2.061820000000000042e-01,-1.594190000000000051e-01,1.166739999999999999e-01,5.700199999999999712e-02,-3.921499999999999986e-02
-5.885599999999999860e-02,-6.830739999999999590e-01,7.358360000000000456e-01,2.834130000000000260e-01,8.860700000000000520e-02,1.006520000000000054e-01,-9.495759999999999756e-01,-6.605649999999999578e-01,7.700230000000000130e-01,2.898439999999999905e-01,7.799739999999999451e-01,-1.062899999999999956e-01,-2.530229999999999979e-01,-2.895650000000000168e-01,-6.584830000000000405e-01,-9.650699999999999557e-02,2.274110000000000020e-01,2.635020000000000140e-01,8.496599999999999986e-02,-1.612020000000000119e-01,-9.721100000000000574e-02,9.323499999999999843e-02,-1.213678000000000035e+00,1.123920999999999948e+00,-8.298950000000000493e-01,7.224190000000000333e-01,-1.604200000000000070e-01,2.604199999999999918e-02,2.648619999999999863e-01,-1.978380000000000138e-01,-1.385413000000000006e+00,2.499300000000000133e-01,-1.637669999999999959e-01,1.119109999999999966e-01,5.761000000000000149e-02,-2.911499999999999852e-02
-6.282500000000000584e-02,-6.690599999999999881e-01,7.333100000000000174e-01,2.820920000000000094e-01,9.431599999999999706e-02,8.974000000000000032e-02,-9.505130000000000523e-01,-6.516570000000000418e-01,7.575619999999999576e-01,3.000820000000000154e-01,7.532689999999999664e-01,-8.021300000000000652e-02,-2.617990000000000039e-01,-3.011260000000000048e-01,-6.753149999999999986e-01,-1.020110000000000045e-01,2.385879999999999945e-01,2.693309999999999871e-01,1.140260000000000024e-01,-1.603860000000000008e-01,-9.678100000000000591e-02,9.375600000000000600e-02,-1.191003999999999952e+00,1.100441000000000003e+00,-7.932069999999999954e-01,6.313539999999999708e-01,-1.575409999999999866e-01,2.641100000000000045e-02,2.680950000000000277e-01,-2.436250000000000082e-01,-1.405648000000000009e+00,2.785420000000000118e-01,-1.686169999999999891e-01,1.040610000000000007e-01,5.715800000000000047e-02,-1.946900000000000019e-02
-6.386200000000000210e-02,-6.535699999999999843e-01,7.319550000000000223e-01,2.829840000000000133e-01,1.028469999999999940e-01,7.683199999999999752e-02,-9.504939999999999500e-01,-6.461519999999999486e-01,7.321819999999999995e-01,3.161399999999999766e-01,7.126099999999999657e-01,-4.277199999999999752e-02,-2.617999999999999772e-01,-3.123279999999999945e-01,-6.981870000000000021e-01,-1.128030000000000005e-01,2.346449999999999925e-01,2.885829999999999784e-01,1.421439999999999926e-01,-1.644839999999999913e-01,-1.053639999999999993e-01,8.664199999999999680e-02,-1.178781000000000079e+00,1.073515999999999915e+00,-7.703379999999999672e-01,5.442209999999999548e-01,-1.547999999999999932e-01,2.892600000000000032e-02,2.688180000000000014e-01,-2.881719999999999837e-01,-1.418004000000000042e+00,3.097289999999999766e-01,-1.760180000000000078e-01,9.804699999999999527e-02,5.852700000000000263e-02,-9.990999999999999881e-03
-6.563800000000000190e-02,-6.394189999999999596e-01,7.325089999999999657e-01,2.844070000000000209e-01,1.076099999999999973e-01,7.061699999999999922e-02,-9.500239999999999796e-01,-6.148369999999999669e-01,7.140870000000000273e-01,3.406600000000000183e-01,6.304440000000000044e-01,-8.369999999999999619e-04,-2.617999999999999772e-01,-3.264569999999999972e-01,-6.905940000000000412e-01,-1.140990000000000060e-01,2.557710000000000261e-01,2.481289999999999885e-01,2.211950000000000027e-01,-1.676570000000000005e-01,-1.001329999999999998e-01,8.331199999999999717e-02,-1.129510000000000014e+00,1.035981000000000041e+00,-7.299900000000000277e-01,4.241059999999999830e-01,-1.455730000000000079e-01,3.483200000000000185e-02,2.642379999999999729e-01,-3.276069999999999816e-01,-1.414371000000000045e+00,3.414840000000000098e-01,-1.758909999999999918e-01,9.502099999999999436e-02,5.669199999999999934e-02,-9.570000000000000381e-03
-6.292300000000000670e-02,-6.165509999999999602e-01,7.373950000000000227e-01,2.778200000000000114e-01,1.114839999999999998e-01,8.452300000000000091e-02,-9.503909999999999858e-01,-5.987740000000000284e-01,7.358419999999999961e-01,3.525659999999999905e-01,4.987170000000000214e-01,8.680799999999999628e-02,-2.617999999999999772e-01,-3.635539999999999883e-01,-6.200360000000000316e-01,-1.338370000000000115e-01,2.705480000000000107e-01,2.208259999999999945e-01,2.617999999999999772e-01,-1.476840000000000097e-01,-6.377700000000000036e-02,8.949799999999999423e-02,-1.100243000000000082e+00,9.990949999999999553e-01,-6.957379999999999676e-01,3.073040000000000216e-01,-1.339539999999999897e-01,3.809900000000000092e-02,2.582389999999999963e-01,-3.649499999999999966e-01,-1.400592999999999977e+00,3.562830000000000163e-01,-1.749300000000000022e-01,9.108399999999999830e-02,5.564800000000000302e-02,-1.037300000000000028e-02
-5.359900000000000081e-02,-5.834089999999999554e-01,7.420520000000000449e-01,2.594259999999999899e-01,1.119529999999999970e-01,1.163639999999999952e-01,-9.521680000000000144e-01,-6.027709999999999457e-01,8.062639999999999807e-01,3.526009999999999978e-01,3.449690000000000256e-01,2.078619999999999912e-01,-2.617999999999999772e-01,-4.319669999999999899e-01,-4.888620000000000188e-01,-1.627989999999999993e-01,2.912669999999999981e-01,2.048310000000000131e-01,2.617999999999999772e-01,-9.863399999999999945e-02,-5.601000000000000076e-03,1.072280000000000039e-01,-1.098038000000000070e+00,9.661859999999999893e-01,-6.728549999999999809e-01,2.027239999999999875e-01,-1.230689999999999978e-01,3.357399999999999968e-02,2.492469999999999963e-01,-3.974800000000000000e-01,-1.373906999999999989e+00,3.503809999999999980e-01,-1.727450000000000097e-01,8.706600000000000450e-02,5.412600000000000050e-02,-1.176400000000000015e-02
-5.532999999999999724e-02,-5.610039999999999472e-01,7.429440000000000488e-01,2.443520000000000136e-01,1.081730000000000053e-01,1.328920000000000101e-01,-9.544270000000000254e-01,-5.830260000000000442e-01,8.574279999999999680e-01,3.650630000000000264e-01,2.614469999999999850e-01,2.658320000000000127e-01,-2.617999999999999772e-01,-4.646020000000000150e-01,-4.116810000000000191e-01,-1.610260000000000025e-01,3.235529999999999795e-01,1.614810000000000134e-01,2.617999999999999772e-01,-5.476099999999999718e-02,3.497299999999999714e-02,1.106800000000000006e-01,-1.008795000000000108e+00,9.086379999999999457e-01,-6.245589999999999753e-01,1.045230000000000048e-01,-1.041239999999999943e-01,4.199499999999999761e-02,2.276900000000000035e-01,-4.072259999999999769e-01,-1.334446000000000021e+00,3.549109999999999765e-01,-1.781189999999999996e-01,7.958400000000000196e-02,5.330800000000000122e-02,-1.365800000000000000e-02
-5.697699999999999987e-02,-5.385750000000000259e-01,7.430200000000000138e-01,2.296199999999999908e-01,1.037140000000000006e-01,1.464439999999999908e-01,-9.565940000000000554e-01,-5.650199999999999667e-01,9.056610000000000493e-01,3.773340000000000027e-01,1.938390000000000113e-01,3.150310000000000055e-01,-2.617999999999999772e-01,-4.951090000000000213e-01,-3.408820000000000183e-01,-1.597220000000000029e-01,3.587739999999999818e-01,1.168249999999999983e-01,2.617999999999999772e-01,-1.281500000000000000e-02,6.805200000000000138e-02,1.125680000000000014e-01,-9.269020000000000037e-01,8.454319999999999613e-01,-5.814439999999999609e-01,1.545299999999999972e-02,-8.617800000000000460e-02,4.478700000000000042e-02,2.039179999999999882e-01,-4.112830000000000097e-01,-1.286847000000000074e+00,3.541639999999999788e-01,-1.837719999999999909e-01,7.236700000000000077e-02,5.273599999999999816e-02,-1.576800000000000077e-02
-5.867499999999999799e-02,-5.159869999999999735e-01,7.424410000000000176e-01,2.154760000000000009e-01,9.939800000000000024e-02,1.568529999999999924e-01,-9.586900000000000421e-01,-5.494860000000000300e-01,9.495869999999999589e-01,3.891410000000000147e-01,1.402170000000000083e-01,3.563749999999999973e-01,-2.617999999999999772e-01,-5.254919999999999591e-01,-2.771649999999999947e-01,-1.588839999999999975e-01,3.983769999999999811e-01,6.976799999999999669e-02,2.617999999999999772e-01,2.764199999999999990e-02,9.458400000000000141e-02,1.128480000000000039e-01,-8.483530000000000237e-01,7.773280000000000189e-01,-5.381280000000000507e-01,-7.035199999999999787e-02,-6.884200000000000041e-02,4.564399999999999707e-02,1.784330000000000083e-01,-4.101909999999999723e-01,-1.232344000000000106e+00,3.473010000000000264e-01,-1.873299999999999965e-01,6.514300000000000646e-02,5.110300000000000259e-02,-1.783900000000000069e-02
-7.460400000000000365e-02,-4.997190000000000243e-01,7.451619999999999910e-01,2.119939999999999880e-01,9.697500000000000564e-02,1.562860000000000082e-01,-9.598069999999999657e-01,-5.197249999999999925e-01,9.497640000000000526e-01,4.008059999999999956e-01,1.447519999999999918e-01,3.291410000000000169e-01,-2.617999999999999772e-01,-5.275410000000000377e-01,-2.511660000000000004e-01,-1.595850000000000046e-01,4.412730000000000263e-01,8.486999999999999753e-03,2.617999999999999772e-01,4.431800000000000322e-02,1.078189999999999982e-01,1.066470000000000057e-01,-7.295369999999999910e-01,6.945829999999999504e-01,-4.961949999999999972e-01,-1.160420000000000063e-01,-5.464700000000000113e-02,5.162599999999999828e-02,1.435049999999999937e-01,-3.795129999999999892e-01,-1.142039000000000026e+00,3.440369999999999817e-01,-1.812370000000000092e-01,5.834299999999999903e-02,5.155200000000000060e-02,-1.819000000000000131e-02
-9.070400000000000684e-02,-4.832879999999999954e-01,7.477530000000000010e-01,2.089999999999999913e-01,9.445499999999999730e-02,1.552600000000000091e-01,-9.608809999999999851e-01,-4.898799999999999821e-01,9.488550000000000040e-01,4.121909999999999741e-01,1.504000000000000059e-01,3.011159999999999948e-01,-2.617999999999999772e-01,-5.275910000000000322e-01,-2.261819999999999942e-01,-1.610830000000000040e-01,4.819869999999999988e-01,-5.216599999999999709e-02,2.617999999999999772e-01,6.060200000000000309e-02,1.175490000000000007e-01,1.013119999999999993e-01,-6.212269999999999737e-01,6.078820000000000334e-01,-4.604770000000000252e-01,-1.523450000000000082e-01,-4.261999999999999816e-02,5.218600000000000322e-02,1.087550000000000044e-01,-3.432819999999999760e-01,-1.042596999999999996e+00,3.319909999999999806e-01,-1.726370000000000127e-01,5.126900000000000207e-02,5.080199999999999994e-02,-1.847599999999999937e-02
-1.070880000000000026e-01,-4.668970000000000065e-01,7.501759999999999540e-01,2.064660000000000106e-01,9.183199999999999696e-02,1.535299999999999998e-01,-9.619600000000000373e-01,-4.590629999999999988e-01,9.463660000000000405e-01,4.239870000000000028e-01,1.568630000000000024e-01,2.722870000000000013e-01,-2.617999999999999772e-01,-5.264440000000000230e-01,-2.028189999999999993e-01,-1.628880000000000050e-01,5.227749999999999897e-01,-1.135720000000000063e-01,2.617999999999999772e-01,7.679700000000000415e-02,1.254379999999999939e-01,9.621499999999999497e-02,-5.167359999999999731e-01,5.177119999999999500e-01,-4.266269999999999785e-01,-1.862310000000000076e-01,-3.079600000000000046e-02,5.128400000000000319e-02,7.425800000000000456e-02,-3.015439999999999787e-01,-9.376919999999999700e-01,3.127690000000000192e-01,-1.628469999999999918e-01,4.376700000000000035e-02,4.914099999999999718e-02,-1.880899999999999933e-02
-1.238250000000000045e-01,-4.550819999999999865e-01,7.546960000000000335e-01,2.087080000000000046e-01,8.828099999999999836e-02,1.447189999999999865e-01,-9.631739999999999746e-01,-4.391559999999999908e-01,9.049620000000000442e-01,3.897780000000000133e-01,1.917530000000000068e-01,2.199119999999999964e-01,-2.617999999999999772e-01,-4.959899999999999864e-01,-1.984059999999999990e-01,-1.660590000000000122e-01,5.251679999999999682e-01,-1.419479999999999908e-01,2.617999999999999772e-01,8.806100000000000039e-02,1.144789999999999974e-01,9.676200000000000079e-02,-4.360390000000000099e-01,4.359890000000000154e-01,-4.074909999999999921e-01,-1.720019999999999882e-01,-2.497800000000000020e-02,4.966600000000000181e-02,5.366699999999999943e-02,-2.721919999999999895e-01,-8.190269999999999495e-01,3.096849999999999881e-01,-1.570280000000000009e-01,3.663500000000000090e-02,4.705299999999999760e-02,-1.449800000000000047e-02
-1.405029999999999890e-01,-4.435839999999999783e-01,7.591020000000000545e-01,2.103609999999999924e-01,8.315599999999999381e-02,1.356020000000000003e-01,-9.645960000000000090e-01,-4.175749999999999740e-01,8.645469999999999544e-01,3.546839999999999993e-01,2.319219999999999893e-01,1.631239999999999912e-01,-2.617999999999999772e-01,-4.604139999999999899e-01,-1.930979999999999919e-01,-1.685740000000000016e-01,5.233229999999999826e-01,-1.684680000000000066e-01,2.617999999999999772e-01,9.876300000000000356e-02,1.036200000000000038e-01,1.001620000000000010e-01,-3.550809999999999800e-01,3.546650000000000080e-01,-3.870580000000000132e-01,-1.545330000000000037e-01,-1.906400000000000108e-02,4.554600000000000315e-02,3.427700000000000191e-02,-2.439489999999999992e-01,-6.969229999999999592e-01,3.070789999999999909e-01,-1.480009999999999937e-01,2.919800000000000173e-02,4.442299999999999721e-02,-1.059500000000000025e-02
-1.542449999999999932e-01,-4.322230000000000238e-01,7.639679999999999804e-01,2.121949999999999947e-01,7.864699999999999469e-02,1.244460000000000011e-01,-9.660750000000000171e-01,-4.016290000000000138e-01,8.155510000000000259e-01,3.202209999999999779e-01,2.752180000000000182e-01,1.055669999999999942e-01,-2.536070000000000269e-01,-4.281019999999999825e-01,-1.932169999999999999e-01,-1.688030000000000086e-01,5.173740000000000006e-01,-1.881230000000000124e-01,2.617999999999999772e-01,1.085980000000000001e-01,9.062000000000000610e-02,1.068349999999999994e-01,-2.773550000000000182e-01,2.729239999999999999e-01,-3.660849999999999937e-01,-1.367180000000000062e-01,-1.252999999999999947e-02,4.095800000000000135e-02,1.545200000000000046e-02,-2.162119999999999875e-01,-5.771230000000000526e-01,3.018299999999999872e-01,-1.378620000000000123e-01,2.135000000000000092e-02,4.140499999999999736e-02,-6.728999999999999738e-03
-1.645510000000000028e-01,-4.219269999999999965e-01,7.690219999999999834e-01,2.164820000000000078e-01,7.753899999999999681e-02,1.116219999999999990e-01,-9.667799999999999727e-01,-4.114309999999999912e-01,7.371510000000000007e-01,2.756359999999999921e-01,3.315969999999999751e-01,3.431300000000000322e-02,-2.464260000000000062e-01,-3.966040000000000121e-01,-2.005760000000000043e-01,-1.709279999999999966e-01,4.922460000000000169e-01,-1.909689999999999999e-01,2.617999999999999772e-01,1.128620000000000040e-01,7.132399999999999851e-02,1.170090000000000019e-01,-2.174069999999999891e-01,2.179750000000000021e-01,-3.273989999999999956e-01,-1.121069999999999983e-01,-9.570000000000000381e-03,3.526599999999999874e-02,1.173800000000000017e-02,-1.938229999999999953e-01,-4.822150000000000047e-01,2.916489999999999916e-01,-1.210559999999999969e-01,1.352500000000000056e-02,3.987999999999999878e-02,4.179999999999999688e-03
-1.739060000000000050e-01,-4.119200000000000084e-01,7.735229999999999606e-01,2.205719999999999903e-01,7.644199999999999606e-02,9.841099999999999848e-02,-9.673779999999999601e-01,-4.236699999999999910e-01,6.560669999999999558e-01,2.320679999999999965e-01,3.924480000000000190e-01,-3.787599999999999995e-02,-2.375160000000000049e-01,-3.687019999999999742e-01,-2.099340000000000095e-01,-1.723240000000000050e-01,4.718470000000000164e-01,-1.948010000000000019e-01,2.617999999999999772e-01,1.157220000000000054e-01,5.184699999999999726e-02,1.284720000000000029e-01,-1.594289999999999874e-01,1.655089999999999895e-01,-2.896380000000000066e-01,-8.790100000000000691e-02,-6.193999999999999853e-03,2.942699999999999830e-02,8.248000000000000123e-03,-1.755839999999999901e-01,-3.921510000000000273e-01,2.856560000000000210e-01,-1.041569999999999996e-01,5.552999999999999776e-03,3.834800000000000014e-02,1.559699999999999975e-02
-1.822940000000000116e-01,-4.023079999999999989e-01,7.777180000000000204e-01,2.239659999999999984e-01,7.572900000000000464e-02,8.593599999999999850e-02,-9.678430000000000089e-01,-4.361169999999999769e-01,5.738680000000000447e-01,1.918410000000000115e-01,4.514670000000000072e-01,-1.074380000000000057e-01,-2.271600000000000008e-01,-3.423410000000000064e-01,-2.182890000000000108e-01,-1.738319999999999865e-01,4.490640000000000187e-01,-1.958120000000000138e-01,2.617999999999999772e-01,1.210790000000000061e-01,3.445899999999999658e-02,1.392069999999999974e-01,-1.044729999999999964e-01,1.151760000000000006e-01,-2.569960000000000022e-01,-6.531700000000000006e-02,-3.083999999999999936e-03,2.450700000000000101e-02,5.442999999999999922e-03,-1.571829999999999894e-01,-3.101240000000000108e-01,2.810300000000000020e-01,-8.953300000000000147e-02,-2.549000000000000050e-03,3.714200000000000140e-02,2.728699999999999876e-02
-1.885809999999999986e-01,-3.954360000000000097e-01,7.812120000000000175e-01,2.308640000000000136e-01,7.616100000000000647e-02,7.700300000000000200e-02,-9.669389999999999930e-01,-4.536510000000000264e-01,4.654690000000000216e-01,1.624170000000000058e-01,4.891369999999999885e-01,-1.481020000000000114e-01,-1.999329999999999996e-01,-3.098890000000000255e-01,-2.247230000000000061e-01,-1.796850000000000114e-01,4.077149999999999941e-01,-1.842119999999999869e-01,2.617999999999999772e-01,1.165360000000000007e-01,1.581499999999999920e-02,1.342389999999999972e-01,-7.254299999999999637e-02,8.960200000000000109e-02,-2.480640000000000067e-01,-4.181800000000000100e-02,2.990000000000000036e-04,2.097399999999999959e-02,1.642999999999999929e-03,-1.167020000000000002e-01,-2.572740000000000027e-01,2.523929999999999785e-01,-6.143699999999999856e-02,-6.876000000000000167e-03,3.559899999999999870e-02,2.081900000000000070e-02
-1.949919999999999987e-01,-3.887950000000000017e-01,7.837309999999999555e-01,2.383790000000000076e-01,7.627899999999999958e-02,6.728800000000000059e-02,-9.658309999999999951e-01,-4.746299999999999963e-01,3.545730000000000270e-01,1.341009999999999980e-01,5.356330000000000258e-01,-1.930230000000000001e-01,-1.719910000000000050e-01,-2.879030000000000200e-01,-2.357080000000000009e-01,-1.832149999999999890e-01,3.928059999999999885e-01,-1.878330000000000000e-01,2.617999999999999772e-01,1.124789999999999957e-01,1.186999999999999904e-03,1.427350000000000008e-01,-5.165100000000000247e-02,7.049800000000000511e-02,-2.379300000000000026e-01,-3.027200000000000030e-02,-1.574000000000000095e-03,1.850800000000000015e-02,-3.134000000000000067e-03,-8.101600000000000468e-02,-2.277659999999999962e-01,2.164149999999999963e-01,-4.300600000000000256e-02,-6.211999999999999640e-03,3.219099999999999739e-02,1.681699999999999862e-02
-2.028480000000000005e-01,-3.794080000000000230e-01,7.865950000000000442e-01,2.415559999999999929e-01,7.641799999999999982e-02,6.277900000000000147e-02,-9.653340000000000254e-01,-4.951590000000000158e-01,2.623050000000000104e-01,1.073820000000000052e-01,5.751039999999999486e-01,-2.330550000000000122e-01,-1.515100000000000058e-01,-2.728380000000000249e-01,-2.269049999999999956e-01,-1.854639999999999900e-01,3.818610000000000060e-01,-1.939490000000000103e-01,2.525189999999999935e-01,1.122549999999999937e-01,-5.551000000000000378e-03,1.551099999999999979e-01,-3.439199999999999896e-02,6.278200000000000447e-02,-2.214599999999999902e-01,-2.663499999999999895e-02,-3.494000000000000144e-03,1.460900000000000046e-02,-8.302000000000000351e-03,-5.965100000000000263e-02,-2.050579999999999903e-01,1.887290000000000079e-01,-2.707199999999999884e-02,-5.137000000000000073e-03,3.045099999999999890e-02,1.404299999999999993e-02
-2.089350000000000096e-01,-3.687329999999999774e-01,7.883729999999999905e-01,2.380170000000000063e-01,7.285400000000000209e-02,6.534800000000000331e-02,-9.663180000000000103e-01,-5.104250000000000176e-01,1.981650000000000078e-01,6.227300000000000196e-02,5.843580000000000441e-01,-2.392440000000000122e-01,-1.252820000000000045e-01,-2.798860000000000237e-01,-1.980709999999999971e-01,-1.739219999999999933e-01,4.035299999999999998e-01,-1.799920000000000131e-01,2.512429999999999941e-01,1.214889999999999998e-01,-9.794000000000000622e-03,1.664819999999999911e-01,-2.734599999999999878e-02,6.011699999999999683e-02,-2.088029999999999886e-01,-3.187999999999999862e-02,-5.925999999999999844e-03,1.169800000000000006e-02,-9.171999999999999598e-03,-4.914999999999999925e-02,-1.874889999999999890e-01,1.672750000000000070e-01,-2.822900000000000062e-02,-3.432000000000000155e-03,2.557500000000000051e-02,1.084099999999999994e-02
-2.145640000000000047e-01,-3.571420000000000150e-01,7.901939999999999520e-01,2.335659999999999958e-01,7.039399999999999824e-02,6.872999999999999943e-02,-9.673509999999999609e-01,-5.266199999999999770e-01,1.365860000000000130e-01,1.864299999999999985e-02,5.886550000000000393e-01,-2.402189999999999881e-01,-1.001120000000000065e-01,-2.926059999999999772e-01,-1.657200000000000062e-01,-1.620350000000000124e-01,4.265619999999999967e-01,-1.648809999999999998e-01,2.493160000000000098e-01,1.327200000000000046e-01,-1.341799999999999937e-02,1.773710000000000009e-01,-2.262700000000000128e-02,6.040100000000000330e-02,-1.999450000000000116e-01,-3.978899999999999798e-02,-9.303000000000000505e-03,1.016599999999999969e-02,-8.703999999999999931e-03,-4.090499999999999692e-02,-1.748029999999999862e-01,1.494850000000000068e-01,-3.197099999999999942e-02,-1.489000000000000089e-03,2.256800000000000125e-02,7.608000000000000179e-03
-2.200280000000000014e-01,-3.453430000000000111e-01,7.921099999999999808e-01,2.290149999999999963e-01,6.857499999999999707e-02,7.236399999999999777e-02,-9.683040000000000536e-01,-5.433080000000000132e-01,7.528100000000000069e-02,-2.415099999999999886e-02,5.914359999999999618e-01,-2.390660000000000007e-01,-7.504700000000000260e-02,-3.071880000000000166e-01,-1.323590000000000044e-01,-1.508700000000000041e-01,4.493730000000000224e-01,-1.491439999999999988e-01,2.484290000000000109e-01,1.441800000000000026e-01,-1.687900000000000164e-02,1.875699999999999867e-01,-1.793499999999999955e-02,6.199799999999999756e-02,-1.941900000000000015e-01,-4.937699999999999728e-02,-1.314700000000000070e-02,9.277999999999999789e-03,-7.759000000000000272e-03,-3.268299999999999678e-02,-1.656779999999999919e-01,1.343389999999999862e-01,-3.664400000000000296e-02,4.380000000000000213e-04,2.053500000000000117e-02,4.640000000000000027e-03
-2.210729999999999917e-01,-3.346939999999999915e-01,7.908629999999999827e-01,2.264730000000000076e-01,6.801699999999999413e-02,7.822199999999999986e-02,-9.684859999999999580e-01,-5.631340000000000234e-01,7.063200000000000034e-02,-2.132200000000000067e-02,5.949710000000000276e-01,-2.082390000000000074e-01,-3.829699999999999771e-02,-3.357299999999999729e-01,-1.396719999999999906e-01,-1.687079999999999969e-01,4.990470000000000184e-01,-1.544709999999999972e-01,2.343780000000000030e-01,1.530030000000000001e-01,-1.639200000000000032e-02,1.875739999999999907e-01,-3.322900000000000159e-02,5.563300000000000189e-02,-1.976719999999999866e-01,-5.942499999999999866e-02,-1.866900000000000157e-02,1.524700000000000014e-02,-4.094000000000000417e-03,-1.571900000000000033e-02,-1.564230000000000065e-01,1.117279999999999940e-01,-4.886900000000000271e-02,6.880999999999999964e-03,2.095999999999999946e-02,-1.611000000000000019e-03
-2.246479999999999866e-01,-3.242099999999999982e-01,7.904879999999999685e-01,2.228370000000000073e-01,6.633999999999999619e-02,8.332000000000000517e-02,-9.690199999999999925e-01,-5.778489999999999460e-01,6.905600000000000627e-02,-1.561099999999999988e-02,6.025070000000000148e-01,-1.849000000000000088e-01,-2.794000000000000043e-03,-3.591469999999999940e-01,-1.459709999999999896e-01,-1.846849999999999881e-01,5.502510000000000456e-01,-1.648729999999999918e-01,2.185519999999999963e-01,1.578189999999999871e-01,-1.479300000000000059e-02,1.918789999999999940e-01,-4.326399999999999690e-02,4.978400000000000186e-02,-1.925890000000000102e-01,-7.134699999999999376e-02,-2.031600000000000072e-02,1.592599999999999918e-02,-2.608000000000000075e-03,-3.469999999999999994e-03,-1.508180000000000076e-01,9.487600000000000200e-02,-5.918299999999999950e-02,1.107299999999999951e-02,1.880099999999999827e-02,-5.906999999999999924e-03
-2.280520000000000047e-01,-3.135820000000000274e-01,7.901219999999999910e-01,2.193239999999999912e-01,6.429400000000000392e-02,8.810999999999999388e-02,-9.695359999999999534e-01,-5.924850000000000394e-01,6.796399999999999664e-02,-8.073000000000000315e-03,6.114220000000000210e-01,-1.624200000000000088e-01,3.306900000000000117e-02,-3.815910000000000135e-01,-1.530509999999999926e-01,-2.001519999999999966e-01,6.014119999999999466e-01,-1.754459999999999908e-01,2.023089999999999888e-01,1.611720000000000097e-01,-1.337999999999999953e-02,1.974730000000000096e-01,-5.124000000000000082e-02,4.400500000000000245e-02,-1.868350000000000011e-01,-8.478099999999999525e-02,-2.189800000000000080e-02,1.622399999999999884e-02,-1.547999999999999897e-03,9.979999999999999288e-03,-1.458289999999999864e-01,7.917100000000000526e-02,-6.908100000000000351e-02,1.549900000000000062e-02,1.615700000000000122e-02,-1.047299999999999967e-02
-2.313830000000000053e-01,-3.014769999999999950e-01,7.873459999999999903e-01,2.192800000000000027e-01,6.295900000000000107e-02,8.975900000000000545e-02,-9.694819999999999549e-01,-6.174720000000000208e-01,9.074300000000000421e-02,2.452999999999999885e-03,6.418270000000000364e-01,-1.604780000000000095e-01,2.756099999999999869e-02,-3.971480000000000010e-01,-1.832360000000000100e-01,-2.230119999999999880e-01,6.511470000000000313e-01,-1.824570000000000081e-01,1.889010000000000133e-01,1.625139999999999918e-01,-1.751099999999999879e-02,2.019759999999999889e-01,-5.151000000000000023e-02,4.346300000000000163e-02,-1.712009999999999921e-01,-7.747900000000000620e-02,-2.079900000000000151e-02,1.669999999999999957e-02,-3.093999999999999962e-03,1.579200000000000048e-02,-1.348040000000000072e-01,5.979600000000000193e-02,-5.964499999999999663e-02,1.693199999999999913e-02,1.469900000000000026e-02,-1.232699999999999942e-02
-2.346229999999999982e-01,-2.892970000000000264e-01,7.842829999999999524e-01,2.188720000000000110e-01,6.154599999999999654e-02,9.191699999999999871e-02,-9.694629999999999637e-01,-6.437990000000000101e-01,1.152450000000000002e-01,1.181600000000000011e-02,6.749290000000000012e-01,-1.597969999999999946e-01,2.189899999999999833e-02,-4.132689999999999975e-01,-2.123750000000000082e-01,-2.452509999999999968e-01,7.017799999999999594e-01,-1.897659999999999902e-01,1.744870000000000032e-01,1.633229999999999960e-01,-2.092799999999999869e-02,2.060919999999999974e-01,-4.954999999999999682e-02,4.312599999999999767e-02,-1.540320000000000022e-01,-7.100099999999999467e-02,-1.980399999999999869e-02,1.616300000000000028e-02,-5.401999999999999684e-03,2.412100000000000008e-02,-1.235710000000000003e-01,3.988599999999999784e-02,-4.936700000000000116e-02,1.903600000000000084e-02,1.188600000000000073e-02,-1.452499999999999972e-02
-2.377789999999999904e-01,-2.771319999999999895e-01,7.811230000000000118e-01,2.182890000000000108e-01,6.014800000000000008e-02,9.420199999999999407e-02,-9.694629999999999637e-01,-6.703200000000000269e-01,1.403699999999999948e-01,2.040600000000000053e-02,7.084390000000000409e-01,-1.592310000000000114e-01,1.637699999999999920e-02,-4.295930000000000026e-01,-2.415219999999999867e-01,-2.667860000000000231e-01,7.528000000000000247e-01,-1.971710000000000129e-01,1.593739999999999879e-01,1.640429999999999944e-01,-2.405200000000000046e-02,2.100150000000000072e-01,-4.553499999999999909e-02,4.290100000000000163e-02,-1.361209999999999920e-01,-6.629799999999999582e-02,-1.907400000000000068e-02,1.562099999999999947e-02,-8.243999999999999592e-03,3.779300000000000020e-02,-1.132940000000000058e-01,1.700799999999999881e-02,-4.075499999999999956e-02,2.196299999999999988e-02,8.411999999999999339e-03,-1.744800000000000170e-02
-2.413379999999999970e-01,-2.629520000000000191e-01,7.761649999999999938e-01,2.211039999999999950e-01,5.999100000000000266e-02,9.441299999999999693e-02,-9.688139999999999530e-01,-6.974179999999999824e-01,1.665419999999999956e-01,2.923600000000000157e-02,7.389569999999999750e-01,-1.612969999999999959e-01,4.436999999999999972e-03,-4.395410000000000150e-01,-2.923239999999999728e-01,-2.856290000000000218e-01,7.623999999999999666e-01,-1.996699999999999864e-01,1.416880000000000084e-01,1.683020000000000072e-01,-3.005199999999999885e-02,2.101419999999999955e-01,-3.234499999999999875e-02,4.373300000000000104e-02,-1.183310000000000056e-01,-5.320699999999999735e-02,-1.569100000000000009e-02,1.493899999999999915e-02,-1.280199999999999914e-02,5.682999999999999857e-02,-1.070949999999999958e-01,2.328999999999999907e-03,-5.206700000000000217e-02,1.928699999999999859e-02,5.314000000000000147e-03,-1.738900000000000168e-02
-2.469230000000000036e-01,-2.476919999999999955e-01,7.700580000000000203e-01,2.234549999999999870e-01,5.810300000000000187e-02,9.482500000000000651e-02,-9.683490000000000153e-01,-7.280450000000000532e-01,1.972700000000000009e-01,3.264399999999999941e-02,7.877819999999999823e-01,-1.755480000000000096e-01,-1.134699999999999945e-02,-4.520370000000000221e-01,-3.422689999999999899e-01,-3.028989999999999738e-01,7.912609999999999921e-01,-2.164310000000000123e-01,1.223439999999999944e-01,1.728530000000000066e-01,-3.101100000000000037e-02,2.191940000000000000e-01,-2.008899999999999922e-02,5.113299999999999790e-02,-9.471999999999999864e-02,-5.333399999999999946e-02,-1.406199999999999985e-02,1.402400000000000001e-02,-1.943100000000000036e-02,7.944600000000000273e-02,-1.127149999999999958e-01,-2.041600000000000012e-02,-7.246700000000000363e-02,2.172599999999999879e-02,1.425000000000000051e-03,-1.817699999999999871e-02
-2.504210000000000047e-01,-2.334060000000000024e-01,7.645579999999999599e-01,2.256170000000000120e-01,5.730899999999999883e-02,9.561300000000000354e-02,-9.678179999999999561e-01,-7.560019999999999518e-01,2.260780000000000012e-01,3.848000000000000032e-02,8.210600000000000120e-01,-1.785700000000000065e-01,-2.374300000000000022e-02,-4.627749999999999919e-01,-3.915850000000000164e-01,-3.198860000000000037e-01,8.038929999999999687e-01,-2.206780000000000130e-01,1.041200000000000042e-01,1.779080000000000106e-01,-3.485499999999999710e-02,2.204490000000000061e-01,-3.090999999999999998e-03,5.355399999999999744e-02,-7.640700000000000269e-02,-4.501000000000000140e-02,-1.142999999999999919e-02,1.441599999999999999e-02,-2.625699999999999909e-02,1.128630000000000050e-01,-1.126130000000000048e-01,-4.388000000000000234e-02,-9.441800000000000193e-02,2.234200000000000075e-02,-1.165000000000000020e-03,-2.105900000000000133e-02
-2.549679999999999724e-01,-2.172099999999999864e-01,7.590409999999999657e-01,2.328620000000000134e-01,5.644899999999999918e-02,9.458999999999999353e-02,-9.662509999999999710e-01,-7.792940000000000422e-01,2.416129999999999944e-01,2.208600000000000146e-02,8.421290000000000164e-01,-1.738389999999999935e-01,-3.755200000000000204e-02,-4.441470000000000140e-01,-4.198859999999999815e-01,-2.936779999999999946e-01,8.011089999999999600e-01,-2.156049999999999911e-01,1.014029999999999931e-01,1.848210000000000131e-01,-3.590499999999999942e-02,2.184480000000000033e-01,1.557300000000000004e-02,3.919600000000000167e-02,-5.100199999999999873e-02,-3.432799999999999740e-02,-8.595999999999999475e-03,1.181399999999999985e-02,-2.436500000000000124e-02,1.338489999999999958e-01,-9.820600000000000163e-02,-6.187299999999999744e-02,-1.059940000000000049e-01,2.359599999999999892e-02,-2.471000000000000106e-03,-2.539299999999999891e-02
-2.595089999999999897e-01,-2.011169999999999902e-01,7.540480000000000516e-01,2.400249999999999884e-01,5.408199999999999813e-02,9.361300000000000177e-02,-9.647280000000000300e-01,-7.983749999999999458e-01,2.573369999999999824e-01,5.212999999999999752e-03,8.605760000000000076e-01,-1.683840000000000059e-01,-5.141500000000000237e-02,-4.207609999999999961e-01,-4.469620000000000259e-01,-2.688550000000000106e-01,7.939070000000000293e-01,-2.086290000000000089e-01,9.862600000000000533e-02,1.897169999999999968e-01,-3.533700000000000035e-02,2.194139999999999979e-01,3.614400000000000251e-02,2.467799999999999855e-02,-2.521299999999999930e-02,-2.317699999999999969e-02,-5.676999999999999755e-03,9.195999999999999314e-03,-2.297199999999999936e-02,1.572220000000000006e-01,-8.522000000000000408e-02,-8.021499999999999464e-02,-1.196529999999999955e-01,2.642200000000000104e-02,-4.361000000000000293e-03,-3.228299999999999920e-02
-2.640129999999999977e-01,-1.850539999999999963e-01,7.491109999999999713e-01,2.474230000000000040e-01,5.114699999999999802e-02,9.237199999999999578e-02,-9.631370000000000209e-01,-8.157149999999999679e-01,2.720060000000000255e-01,-1.189199999999999979e-02,8.777080000000000437e-01,-1.626160000000000105e-01,-6.528599999999999681e-02,-3.957129999999999814e-01,-4.747859999999999858e-01,-2.450039999999999996e-01,7.855750000000000233e-01,-2.014559999999999962e-01,9.589000000000000301e-02,1.933920000000000083e-01,-3.461299999999999794e-02,2.218890000000000029e-01,5.837799999999999934e-02,1.068400000000000079e-02,-8.630000000000000518e-04,-1.213499999999999995e-02,-3.070999999999999945e-03,6.335999999999999618e-03,-2.311300000000000160e-02,1.861470000000000069e-01,-7.495899999999999785e-02,-1.014570000000000055e-01,-1.378099999999999881e-01,3.089799999999999838e-02,-7.255000000000000164e-03,-4.159500000000000003e-02
-2.694989999999999886e-01,-1.674110000000000043e-01,7.441189999999999749e-01,2.554609999999999936e-01,4.774899999999999978e-02,8.946800000000000586e-02,-9.614859999999999518e-01,-8.270570000000000421e-01,2.832569999999999810e-01,-3.182000000000000106e-02,8.831919999999999771e-01,-1.519999999999999962e-01,-7.932999999999999774e-02,-3.656940000000000190e-01,-4.937529999999999974e-01,-2.080359999999999987e-01,7.718159999999999465e-01,-1.970339999999999869e-01,1.098289999999999961e-01,2.045579999999999898e-01,-3.486899999999999722e-02,2.210040000000000060e-01,7.588899999999999813e-02,3.106999999999999953e-03,1.468299999999999987e-02,-5.516000000000000070e-03,-2.199999999999999943e-05,3.099999999999999891e-03,-2.245899999999999980e-02,1.912369999999999903e-01,-6.164599999999999941e-02,-1.047369999999999968e-01,-1.473679999999999990e-01,3.059299999999999867e-02,-6.570999999999999584e-03,-4.194900000000000018e-02
-2.749039999999999817e-01,-1.497739999999999905e-01,7.391590000000000105e-01,2.637300000000000200e-01,4.403499999999999776e-02,8.593299999999999550e-02,-9.597520000000000495e-01,-8.367970000000000130e-01,2.930900000000000172e-01,-5.104800000000000310e-02,8.871499999999999941e-01,-1.408770000000000022e-01,-9.328200000000000380e-02,-3.339369999999999838e-01,-5.143109999999999626e-01,-1.719130000000000102e-01,7.570099999999999607e-01,-1.922709999999999975e-01,1.235990000000000005e-01,2.128009999999999902e-01,-3.626299999999999663e-02,2.219689999999999996e-01,9.488099999999999312e-02,-3.212000000000000011e-03,2.886100000000000124e-02,-4.500000000000000283e-05,2.298999999999999828e-03,6.620000000000000450e-04,-2.241399999999999990e-02,1.965989999999999960e-01,-4.683500000000000163e-02,-1.083380000000000037e-01,-1.573390000000000066e-01,3.133600000000000274e-02,-6.522000000000000020e-03,-4.450899999999999995e-02
-2.805079999999999796e-01,-1.320540000000000047e-01,7.342880000000000518e-01,2.723419999999999730e-01,4.035699999999999704e-02,8.178299999999999459e-02,-9.578689999999999705e-01,-8.458710000000000395e-01,3.011809999999999765e-01,-6.957900000000000196e-02,8.903689999999999660e-01,-1.296970000000000067e-01,-1.071639999999999954e-01,-3.010120000000000018e-01,-5.369500000000000384e-01,-1.368729999999999947e-01,7.417380000000000084e-01,-1.875580000000000025e-01,1.375349999999999906e-01,2.196519999999999861e-01,-3.879500000000000309e-02,2.236130000000000062e-01,1.151709999999999956e-01,-9.969000000000000430e-03,3.954799999999999982e-02,5.144000000000000135e-03,4.059000000000000108e-03,-1.258999999999999920e-03,-2.324299999999999977e-02,2.044970000000000121e-01,-3.169099999999999695e-02,-1.136930000000000024e-01,-1.694299999999999973e-01,3.278400000000000064e-02,-6.279999999999999992e-03,-4.910599999999999687e-02
-2.860770000000000257e-01,-1.124649999999999955e-01,7.306070000000000064e-01,2.802749999999999964e-01,4.023800000000000293e-02,7.449600000000000666e-02,-9.561779999999999724e-01,-8.470659999999999856e-01,3.027750000000000163e-01,-8.151899999999999424e-02,8.657719999999999860e-01,-9.823999999999999400e-02,-1.288870000000000016e-01,-2.862569999999999837e-01,-5.511209999999999720e-01,-1.181839999999999974e-01,7.272790000000000088e-01,-1.888579999999999981e-01,1.775059999999999971e-01,2.367390000000000050e-01,-4.177999999999999770e-02,2.249170000000000058e-01,1.236740000000000061e-01,-2.568600000000000050e-02,4.453200000000000214e-02,-1.274600000000000039e-02,6.350000000000000392e-04,-3.729000000000000110e-03,-1.942199999999999829e-02,2.020019999999999871e-01,-1.970299999999999829e-02,-1.033479999999999954e-01,-1.189390000000000031e-01,3.054499999999999924e-02,-2.469999999999999973e-03,-4.201400000000000273e-02
-2.915789999999999771e-01,-9.282200000000000173e-02,7.272100000000000231e-01,2.884900000000000242e-01,4.094799999999999829e-02,6.671699999999999853e-02,-9.542779999999999596e-01,-8.480779999999999985e-01,3.024870000000000059e-01,-9.264799999999999425e-02,8.380779999999999896e-01,-6.490300000000000236e-02,-1.505279999999999951e-01,-2.725020000000000220e-01,-5.670610000000000372e-01,-1.001299999999999968e-01,7.121610000000000440e-01,-1.895229999999999970e-01,2.172999999999999932e-01,2.525629999999999820e-01,-4.565799999999999720e-02,2.256120000000000070e-01,1.322750000000000037e-01,-4.358299999999999674e-02,4.545600000000000335e-02,-3.178399999999999975e-02,-3.902000000000000086e-03,-4.348999999999999568e-03,-1.525400000000000020e-02,1.972079999999999944e-01,-2.487000000000000061e-03,-9.125999999999999390e-02,-6.106099999999999722e-02,2.645099999999999882e-02,-2.046000000000000076e-03,-3.613399999999999945e-02
-2.971199999999999952e-01,-7.338799999999999490e-02,7.237630000000000452e-01,2.967779999999999863e-01,4.196199999999999930e-02,5.874200000000000255e-02,-9.522140000000000049e-01,-8.490280000000000049e-01,3.013520000000000088e-01,-1.038339999999999957e-01,8.100319999999999743e-01,-3.170599999999999807e-02,-1.723520000000000052e-01,-2.586160000000000125e-01,-5.838160000000000016e-01,-8.267599999999999949e-02,6.967959999999999710e-01,-1.899879999999999902e-01,2.571590000000000265e-01,2.679840000000000000e-01,-5.009500000000000064e-02,2.260449999999999959e-01,1.403939999999999910e-01,-6.399900000000000033e-02,4.201099999999999973e-02,-5.044300000000000173e-02,-8.977999999999999869e-03,-4.539999999999999765e-03,-1.108600000000000037e-02,1.902800000000000047e-01,1.942999999999999935e-02,-7.753899999999999681e-02,1.544000000000000017e-03,2.009199999999999875e-02,-1.722999999999999922e-03,-3.121600000000000069e-02
-3.042549999999999977e-01,-4.787799999999999695e-02,7.276439999999999575e-01,2.863660000000000094e-01,3.840699999999999670e-02,7.147599999999999787e-02,-9.546780000000000266e-01,-8.272469999999999546e-01,3.715669999999999806e-01,-1.288279999999999981e-01,7.206179999999999808e-01,2.123600000000000140e-02,-2.138730000000000075e-01,-2.886699999999999822e-01,-5.093919999999999559e-01,-9.257700000000000651e-02,7.124030000000000085e-01,-2.151230000000000087e-01,2.617990000000000039e-01,3.088949999999999751e-01,-2.701200000000000129e-02,2.246229999999999893e-01,1.338360000000000105e-01,-5.950400000000000134e-02,3.504700000000000176e-02,-3.074400000000000049e-02,-7.174999999999999954e-03,-1.855000000000000095e-03,-1.272500000000000020e-02,1.676700000000000135e-01,3.043900000000000078e-02,-6.943000000000000560e-02,2.178000000000000075e-02,1.225500000000000027e-02,-4.821999999999999897e-03,-2.200799999999999979e-02
-3.116349999999999953e-01,-2.114800000000000013e-02,7.298120000000000163e-01,2.731430000000000247e-01,3.452600000000000113e-02,8.688500000000000389e-02,-9.574190000000000200e-01,-8.081209999999999782e-01,4.530000000000000138e-01,-1.543489999999999862e-01,6.279670000000000529e-01,7.766800000000000093e-02,-2.586970000000000103e-01,-3.219779999999999864e-01,-4.254370000000000096e-01,-1.033659999999999995e-01,7.302750000000000075e-01,-2.411250000000000060e-01,2.617999999999999772e-01,3.578390000000000182e-01,-1.990000000000000124e-04,2.198430000000000106e-01,1.207209999999999950e-01,-5.890800000000000203e-02,2.168600000000000042e-02,-8.030999999999999944e-03,-6.360000000000000202e-03,-5.090000000000000123e-04,-1.472299999999999998e-02,1.361759999999999915e-01,3.847400000000000125e-02,-5.901700000000000002e-02,4.341300000000000020e-02,3.853999999999999787e-03,-4.312999999999999994e-03,-1.044699999999999969e-02
-3.047839999999999994e-01,2.903999999999999897e-03,7.319039999999999990e-01,2.620460000000000012e-01,3.656199999999999728e-02,9.890999999999999792e-02,-9.592770000000000463e-01,-8.037469999999999892e-01,5.056439999999999824e-01,-1.477789999999999937e-01,5.238220000000000098e-01,1.555509999999999948e-01,-2.617999999999999772e-01,-3.735999999999999877e-01,-3.600769999999999804e-01,-1.114340000000000053e-01,7.242589999999999861e-01,-2.321950000000000125e-01,2.617999999999999772e-01,3.980710000000000082e-01,2.745099999999999971e-02,2.147799999999999987e-01,9.474399999999999489e-02,-7.234300000000000452e-02,1.001699999999999986e-02,1.700199999999999975e-02,-5.420000000000000338e-03,1.361999999999999929e-03,-1.400400000000000082e-02,8.792800000000000615e-02,3.496300000000000102e-02,-3.519300000000000206e-02,6.857399999999999607e-02,-6.762999999999999914e-03,-3.866000000000000079e-03,5.467999999999999770e-03
-3.017219999999999902e-01,1.960599999999999843e-02,7.328540000000000054e-01,2.565569999999999795e-01,4.248699999999999699e-02,9.646000000000000407e-02,-9.607649999999999801e-01,-8.013730000000000020e-01,5.178690000000000238e-01,-1.340240000000000042e-01,5.075889999999999569e-01,1.474509999999999987e-01,-2.617999999999999772e-01,-4.084539999999999837e-01,-3.376950000000000229e-01,-9.995700000000000418e-02,7.209200000000000053e-01,-2.343459999999999988e-01,2.617999999999999772e-01,4.142819999999999836e-01,3.379200000000000259e-02,2.198990000000000111e-01,5.626599999999999657e-02,-7.693899999999999351e-02,1.648000000000000159e-02,1.882299999999999945e-02,-6.726000000000000208e-03,-9.190000000000000035e-04,-7.917000000000000426e-03,5.185100000000000126e-02,2.900399999999999853e-02,-2.269799999999999943e-02,7.019000000000000239e-02,-6.067000000000000344e-03,-4.871999999999999595e-03,7.562000000000000145e-03
-2.995050000000000212e-01,3.576800000000000118e-02,7.336709999999999621e-01,2.518529999999999935e-01,4.770300000000000235e-02,9.378599999999999437e-02,-9.620279999999999943e-01,-7.985269999999999868e-01,5.289049999999999585e-01,-1.215239999999999931e-01,4.959649999999999892e-01,1.354490000000000138e-01,-2.617999999999999772e-01,-4.370620000000000061e-01,-3.162460000000000271e-01,-9.098000000000000531e-02,7.146470000000000322e-01,-2.373399999999999954e-01,2.617999999999999772e-01,4.296360000000000179e-01,3.713199999999999834e-02,2.194760000000000044e-01,1.782399999999999957e-02,-7.601600000000000024e-02,1.145999999999999970e-02,1.705999999999999878e-02,-7.769999999999999997e-03,-6.729999999999999871e-04,-2.759999999999999867e-04,9.185000000000000456e-03,2.494199999999999889e-02,-2.589000000000000155e-03,7.273699999999999610e-02,-9.591999999999999832e-03,-1.482999999999999943e-03,8.958000000000000684e-03
-2.975479999999999792e-01,5.178200000000000164e-02,7.343939999999999912e-01,2.476140000000000008e-01,5.302300000000000069e-02,9.061099999999999710e-02,-9.631539999999999546e-01,-7.958279999999999799e-01,5.384980000000000322e-01,-1.088520000000000043e-01,4.857929999999999748e-01,1.224869999999999987e-01,-2.617999999999999772e-01,-4.645469999999999877e-01,-2.965499999999999803e-01,-8.240799999999999514e-02,7.086459999999999981e-01,-2.413629999999999942e-01,2.617999999999999772e-01,4.443110000000000115e-01,3.912199999999999706e-02,2.182959999999999900e-01,-3.096700000000000147e-02,-7.151399999999999424e-02,-2.066999999999999827e-03,1.598799999999999874e-02,-8.878000000000000475e-03,3.289999999999999739e-04,9.074999999999999734e-03,-5.258499999999999980e-02,2.069500000000000159e-02,2.845299999999999913e-02,8.157000000000000361e-02,-1.550299999999999942e-02,3.428000000000000057e-03,1.336099999999999961e-02
-2.941079999999999806e-01,5.951300000000000340e-02,7.363699999999999690e-01,2.479159999999999975e-01,5.814699999999999730e-02,8.435800000000000243e-02,-9.633479999999999821e-01,-7.816130000000000022e-01,5.222470000000000168e-01,-9.741600000000000259e-02,5.179559999999999720e-01,8.885099999999999942e-02,-2.617999999999999772e-01,-4.772950000000000248e-01,-2.982560000000000211e-01,-7.065599999999999659e-02,6.961420000000000385e-01,-2.336020000000000041e-01,2.617999999999999772e-01,4.267029999999999990e-01,2.807099999999999873e-02,2.189180000000000015e-01,-7.710300000000000487e-02,-2.493400000000000130e-02,-5.380800000000000166e-02,-6.279999999999999992e-03,-8.928000000000000172e-03,2.740999999999999947e-03,6.989000000000000420e-03,-1.197460000000000052e-01,-8.640000000000000110e-03,7.590199999999999725e-02,5.452400000000000302e-02,-1.447200000000000049e-02,8.229999999999999469e-03,1.600899999999999893e-02
-2.910760000000000014e-01,6.693100000000000438e-02,7.384939999999999838e-01,2.481410000000000005e-01,6.300300000000000344e-02,7.793700000000000627e-02,-9.635259999999999936e-01,-7.670059999999999656e-01,5.062600000000000433e-01,-8.559200000000000141e-02,5.506510000000000016e-01,5.449899999999999883e-02,-2.617999999999999772e-01,-4.876059999999999839e-01,-3.001690000000000191e-01,-5.897700000000000164e-02,6.810060000000000002e-01,-2.252039999999999875e-01,2.617999999999999772e-01,4.095190000000000219e-01,1.603999999999999870e-02,2.184949999999999948e-01,-1.359279999999999933e-01,2.859300000000000036e-02,-1.161449999999999982e-01,-2.921199999999999838e-02,-8.788000000000000672e-03,6.714000000000000350e-03,6.830000000000000134e-03,-2.070309999999999928e-01,-4.043800000000000172e-02,1.346559999999999979e-01,2.871100000000000041e-02,-1.528900000000000051e-02,1.564400000000000165e-02,2.132699999999999874e-02
-2.881850000000000245e-01,7.423299999999999343e-02,7.407789999999999653e-01,2.482989999999999919e-01,6.773200000000000054e-02,7.125800000000000189e-02,-9.636820000000000386e-01,-7.528460000000000152e-01,4.903319999999999901e-01,-7.353300000000000114e-02,5.845900000000000540e-01,1.937699999999999839e-02,-2.617999999999999772e-01,-4.969330000000000136e-01,-3.026079999999999881e-01,-4.688200000000000006e-02,6.651029999999999998e-01,-2.168930000000000025e-01,2.617999999999999772e-01,3.925100000000000255e-01,3.429999999999999889e-03,2.179379999999999928e-01,-2.091429999999999956e-01,8.890499999999999792e-02,-1.878060000000000007e-01,-5.119100000000000039e-02,-8.373000000000000234e-03,1.163499999999999951e-02,8.751000000000000098e-03,-3.151760000000000117e-01,-7.489700000000000524e-02,2.048709999999999976e-01,3.847000000000000159e-03,-1.744599999999999970e-02,2.503400000000000070e-02,2.885499999999999871e-02
-2.864510000000000112e-01,7.822800000000000586e-02,7.423650000000000526e-01,2.454939999999999900e-01,6.973400000000000432e-02,6.839199999999999446e-02,-9.644650000000000167e-01,-7.335570000000000146e-01,4.814280000000000226e-01,-6.939199999999999535e-02,5.921729999999999494e-01,-1.121800000000000054e-02,-2.617999999999999772e-01,-4.991909999999999958e-01,-2.978509999999999769e-01,-3.802799999999999930e-02,6.489260000000000028e-01,-2.114340000000000108e-01,2.617999999999999772e-01,3.682070000000000065e-01,3.298000000000000150e-03,2.173380000000000034e-01,-2.748110000000000275e-01,1.801939999999999931e-01,-2.432739999999999903e-01,7.974799999999999944e-02,5.081999999999999712e-03,2.074300000000000102e-02,2.811999999999999916e-02,-3.889239999999999919e-01,-1.313310000000000033e-01,2.572420000000000262e-01,-1.904899999999999996e-02,-6.213999999999999906e-03,3.718799999999999883e-02,1.833699999999999913e-02
-2.848120000000000096e-01,8.201700000000000657e-02,7.440830000000000499e-01,2.427380000000000093e-01,7.150800000000000212e-02,6.537199999999999955e-02,-9.652420000000000444e-01,-7.134819999999999496e-01,4.721549999999999914e-01,-6.533300000000000218e-02,5.996850000000000236e-01,-4.215900000000000203e-02,-2.617999999999999772e-01,-4.998560000000000225e-01,-2.935989999999999989e-01,-2.920800000000000132e-02,6.313849999999999740e-01,-2.056179999999999952e-01,2.617999999999999772e-01,3.451139999999999763e-01,3.406000000000000173e-03,2.158980000000000066e-01,-3.496619999999999728e-01,2.739300000000000068e-01,-3.056059999999999888e-01,2.189099999999999935e-01,1.932499999999999843e-02,2.430699999999999875e-02,5.137300000000000200e-02,-4.732080000000000175e-01,-1.909760000000000069e-01,3.156050000000000244e-01,-4.383499999999999897e-02,3.627000000000000016e-03,5.001300000000000190e-02,8.255000000000000185e-03
-2.832779999999999743e-01,8.555899999999999617e-02,7.459510000000000307e-01,2.399890000000000079e-01,7.323599999999999555e-02,6.215799999999999798e-02,-9.660109999999999530e-01,-6.931599999999999984e-01,4.624329999999999830e-01,-6.132300000000000251e-02,6.074410000000000087e-01,-7.351699999999999902e-02,-2.617999999999999772e-01,-4.998250000000000193e-01,-2.899840000000000195e-01,-2.014000000000000165e-02,6.132779999999999898e-01,-1.997859999999999914e-01,2.617999999999999772e-01,3.223380000000000134e-01,3.232000000000000064e-03,2.142820000000000003e-01,-4.291050000000000142e-01,3.721439999999999748e-01,-3.712900000000000089e-01,3.595450000000000035e-01,3.308699999999999836e-02,2.769200000000000134e-02,7.876299999999999968e-02,-5.639650000000000496e-01,-2.519350000000000200e-01,3.765800000000000258e-01,-7.111800000000000066e-02,1.274400000000000012e-02,6.335999999999999965e-02,-2.004999999999999838e-03
-2.828930000000000056e-01,8.727500000000000535e-02,7.473849999999999660e-01,2.341280000000000028e-01,7.567200000000000315e-02,6.013099999999999695e-02,-9.673890000000000544e-01,-6.756799999999999473e-01,4.599880000000000080e-01,-5.654300000000000298e-02,6.095350000000000490e-01,-9.307799999999999407e-02,-2.617999999999999772e-01,-5.041459999999999830e-01,-2.857310000000000128e-01,-1.251299999999999982e-02,5.988310000000000022e-01,-1.925379999999999869e-01,2.617999999999999772e-01,2.898640000000000105e-01,-3.844000000000000195e-03,2.149089999999999889e-01,-4.569779999999999953e-01,4.676810000000000134e-01,-3.741430000000000033e-01,4.925889999999999991e-01,3.716999999999999818e-03,3.171800000000000314e-02,1.299299999999999899e-01,-6.368599999999999817e-01,-3.831339999999999746e-01,4.400789999999999980e-01,-1.061809999999999976e-01,2.379300000000000165e-02,6.378999999999999948e-02,-2.624399999999999997e-02
-2.827169999999999961e-01,8.869599999999999707e-02,7.488519999999999621e-01,2.285099999999999909e-01,7.785699999999999565e-02,5.786899999999999683e-02,-9.686960000000000015e-01,-6.580420000000000158e-01,4.567680000000000073e-01,-5.231700000000000239e-02,6.127350000000000296e-01,-1.136069999999999997e-01,-2.617999999999999772e-01,-5.077949999999999964e-01,-2.824200000000000044e-01,-4.989000000000000379e-03,5.855569999999999942e-01,-1.864949999999999941e-01,2.617999999999999772e-01,2.568610000000000060e-01,-9.081000000000000530e-03,2.129689999999999916e-01,-4.769939999999999736e-01,5.633249999999999647e-01,-3.649709999999999899e-01,6.255859999999999754e-01,-2.789099999999999913e-02,3.262600000000000222e-02,1.786310000000000120e-01,-6.987710000000000310e-01,-5.164260000000000517e-01,4.962400000000000144e-01,-1.500249999999999917e-01,3.528400000000000286e-02,6.521899999999999920e-02,-5.274000000000000216e-02
-2.826110000000000011e-01,9.004700000000000204e-02,7.503180000000000405e-01,2.229150000000000020e-01,7.995299999999999629e-02,5.543800000000000117e-02,-9.699710000000000276e-01,-6.404060000000000308e-01,4.531270000000000020e-01,-4.832800000000000290e-02,6.162539999999999685e-01,-1.343940000000000135e-01,-2.617999999999999772e-01,-5.112149999999999750e-01,-2.795810000000000239e-01,2.755000000000000070e-03,5.724280000000000479e-01,-1.806909999999999905e-01,2.617999999999999772e-01,2.238630000000000064e-01,-1.433899999999999932e-02,2.102310000000000012e-01,-4.880720000000000058e-01,6.588540000000000507e-01,-3.434550000000000103e-01,7.583790000000000253e-01,-6.184800000000000020e-02,3.224599999999999689e-02,2.237059999999999882e-01,-7.469740000000000268e-01,-6.471379999999999910e-01,5.389369999999999994e-01,-1.969210000000000127e-01,4.573100000000000082e-02,6.533899999999999431e-02,-8.083700000000000607e-02
-2.799780000000000046e-01,9.082300000000000095e-02,7.500550000000000272e-01,2.211599999999999955e-01,8.093300000000000494e-02,5.594099999999999767e-02,-9.702619999999999578e-01,-6.395199999999999774e-01,4.541930000000000134e-01,-4.196199999999999930e-02,6.156430000000000513e-01,-1.379670000000000063e-01,-2.617999999999999772e-01,-5.184720000000000439e-01,-2.767720000000000180e-01,5.270999999999999644e-03,5.703460000000000196e-01,-1.747779999999999889e-01,2.617999999999999772e-01,1.944529999999999870e-01,-8.267000000000000043e-03,2.099989999999999912e-01,-4.943339999999999956e-01,7.173399999999999777e-01,-3.433459999999999845e-01,7.463729999999999531e-01,-8.093799999999999606e-02,2.376299999999999940e-02,2.472999999999999921e-01,-7.548040000000000305e-01,-7.508080000000000309e-01,5.333240000000000203e-01,-2.270729999999999971e-01,5.837900000000000034e-02,6.520199999999999607e-02,-1.061450000000000032e-01
-2.774960000000000204e-01,9.155699999999999950e-02,7.497749999999999693e-01,2.192780000000000007e-01,8.254799999999999638e-02,5.652900000000000286e-02,-9.705190000000000206e-01,-6.395520000000000094e-01,4.553889999999999882e-01,-3.534199999999999842e-02,6.149799999999999711e-01,-1.417819999999999914e-01,-2.617999999999999772e-01,-5.270110000000000072e-01,-2.738749999999999796e-01,7.978000000000000716e-03,5.684479999999999533e-01,-1.690989999999999993e-01,2.617999999999999772e-01,1.655260000000000065e-01,-3.905000000000000051e-03,2.074890000000000068e-01,-4.848859999999999837e-01,7.722329999999999472e-01,-3.305899999999999950e-01,7.268050000000000344e-01,-9.915200000000000402e-02,2.057900000000000007e-02,2.703880000000000172e-01,-7.361360000000000126e-01,-8.452800000000000313e-01,5.036589999999999678e-01,-2.578509999999999969e-01,6.932900000000000174e-02,6.131999999999999951e-02,-1.318249999999999977e-01
-2.755489999999999884e-01,9.212900000000000256e-02,7.495260000000000256e-01,2.175539999999999974e-01,8.443199999999999317e-02,5.698700000000000293e-02,-9.707179999999999698e-01,-6.396509999999999696e-01,4.561689999999999912e-01,-2.865600000000000092e-02,6.149210000000000509e-01,-1.465420000000000056e-01,-2.617999999999999772e-01,-5.360129999999999617e-01,-2.715640000000000276e-01,1.067000000000000066e-02,5.681329999999999991e-01,-1.650119999999999920e-01,2.617999999999999772e-01,1.362539999999999862e-01,-5.439999999999999957e-04,2.023669999999999913e-01,-4.564340000000000064e-01,8.209910000000000263e-01,-3.034910000000000108e-01,7.019520000000000204e-01,-1.159710000000000046e-01,1.778300000000000020e-02,2.936019999999999741e-01,-6.839450000000000252e-01,-9.306290000000000395e-01,4.471570000000000267e-01,-2.950249999999999817e-01,7.880099999999999605e-02,5.621000000000000302e-02,-1.587099999999999900e-01
-2.745679999999999787e-01,9.283099999999999685e-02,7.484750000000000014e-01,2.183470000000000133e-01,8.586000000000000576e-02,5.768700000000000216e-02,-9.703739999999999588e-01,-6.445739999999999803e-01,4.559010000000000007e-01,-2.935099999999999862e-02,6.083809999999999496e-01,-1.383020000000000083e-01,-2.617999999999999772e-01,-5.437950000000000284e-01,-2.719659999999999855e-01,1.024399999999999963e-02,5.746909999999999519e-01,-1.677510000000000112e-01,2.617999999999999772e-01,1.218349999999999989e-01,2.886999999999999809e-03,1.971130000000000104e-01,-4.570440000000000058e-01,8.355660000000000309e-01,-3.080609999999999737e-01,6.980530000000000346e-01,-1.254250000000000087e-01,1.763400000000000037e-02,3.040889999999999982e-01,-6.691749999999999643e-01,-9.601070000000000437e-01,4.408770000000000189e-01,-3.447009999999999796e-01,8.257699999999999763e-02,5.852299999999999863e-02,-1.533079999999999998e-01
-2.736100000000000199e-01,9.383600000000000274e-02,7.473680000000000323e-01,2.192810000000000037e-01,8.715299999999999436e-02,5.830599999999999672e-02,-9.700109999999999566e-01,-6.496150000000000535e-01,4.555179999999999785e-01,-3.048400000000000068e-02,6.019740000000000091e-01,-1.298559999999999992e-01,-2.617999999999999772e-01,-5.522219999999999906e-01,-2.724059999999999815e-01,9.485000000000000375e-03,5.830180000000000362e-01,-1.714469999999999883e-01,2.617999999999999772e-01,1.066779999999999951e-01,7.511999999999999580e-03,1.923950000000000105e-01,-4.487539999999999862e-01,8.442840000000000344e-01,-3.036650000000000182e-01,6.949330000000000229e-01,-1.345389999999999919e-01,1.560899999999999961e-02,3.139410000000000256e-01,-6.414659999999999807e-01,-9.853429999999999689e-01,4.264109999999999845e-01,-3.955330000000000235e-01,8.716100000000000236e-02,6.043099999999999861e-02,-1.495289999999999953e-01
-2.725730000000000097e-01,9.475200000000000289e-02,7.463530000000000442e-01,2.202359999999999873e-01,8.845799999999999497e-02,5.891400000000000109e-02,-9.696390000000000287e-01,-6.546760000000000357e-01,4.551470000000000238e-01,-3.164700000000000152e-02,5.956230000000000135e-01,-1.214419999999999944e-01,-2.617999999999999772e-01,-5.607020000000000337e-01,-2.728849999999999887e-01,8.720000000000000320e-03,5.914599999999999858e-01,-1.752180000000000126e-01,2.617999999999999772e-01,9.127699999999999703e-02,1.234599999999999934e-02,1.877880000000000105e-01,-4.331380000000000230e-01,8.488869999999999472e-01,-2.924010000000000220e-01,6.913280000000000536e-01,-1.433909999999999907e-01,1.289099999999999968e-02,3.232389999999999985e-01,-6.020649999999999613e-01,-1.005908000000000024e+00,4.038329999999999975e-01,-4.467729999999999757e-01,9.209799999999999931e-02,6.140199999999999825e-02,-1.469689999999999885e-01
-2.712609999999999744e-01,9.635900000000000021e-02,7.452039999999999775e-01,2.213440000000000130e-01,8.946199999999999986e-02,5.865299999999999681e-02,-9.693110000000000337e-01,-6.600500000000000256e-01,4.542550000000000199e-01,-3.078099999999999933e-02,5.896679999999999700e-01,-1.118539999999999951e-01,-2.617999999999999772e-01,-5.719379999999999464e-01,-2.755690000000000084e-01,6.295000000000000248e-03,6.046089999999999520e-01,-1.779100000000000126e-01,2.617999999999999772e-01,8.425399999999999556e-02,1.380299999999999930e-02,1.841039999999999899e-01,-4.277340000000000031e-01,8.381250000000000089e-01,-3.017369999999999775e-01,6.699619999999999465e-01,-1.419189999999999896e-01,9.341999999999999610e-03,3.283550000000000080e-01,-5.672390000000000487e-01,-1.013894999999999991e+00,3.856709999999999861e-01,-4.684590000000000143e-01,8.827200000000000324e-02,6.600499999999999423e-02,-1.421000000000000041e-01
-2.697700000000000098e-01,9.817900000000000238e-02,7.441499999999999782e-01,2.223330000000000028e-01,9.044000000000000650e-02,5.847600000000000020e-02,-9.690039999999999765e-01,-6.656020000000000270e-01,4.537749999999999839e-01,-3.003899999999999973e-02,5.831199999999999717e-01,-1.014589999999999936e-01,-2.617999999999999772e-01,-5.838989999999999458e-01,-2.775790000000000202e-01,3.801999999999999824e-03,6.182060000000000333e-01,-1.801959999999999951e-01,2.617999999999999772e-01,7.803200000000000414e-02,1.540900000000000082e-02,1.809169999999999945e-01,-4.206119999999999859e-01,8.249379999999999491e-01,-3.090430000000000121e-01,6.489859999999999518e-01,-1.405119999999999980e-01,6.146999999999999686e-03,3.334139999999999882e-01,-5.283240000000000158e-01,-1.018856999999999902e+00,3.641010000000000080e-01,-4.871079999999999854e-01,8.462000000000000077e-02,6.841999999999999471e-02,-1.376020000000000021e-01
-2.682590000000000252e-01,1.000869999999999954e-01,7.430029999999999690e-01,2.233159999999999867e-01,9.139400000000000301e-02,5.829499999999999960e-02,-9.687000000000000055e-01,-6.711420000000000163e-01,4.533260000000000067e-01,-2.930400000000000019e-02,5.766320000000000334e-01,-9.109200000000000630e-02,-2.617999999999999772e-01,-5.958869999999999445e-01,-2.796159999999999757e-01,1.392999999999999924e-03,6.318610000000000060e-01,-1.824689999999999923e-01,2.617999999999999772e-01,7.187300000000000633e-02,1.707900000000000043e-02,1.778820000000000123e-01,-4.111250000000000182e-01,8.101359999999999673e-01,-3.141329999999999956e-01,6.279430000000000289e-01,-1.390889999999999904e-01,2.733000000000000186e-03,3.381919999999999926e-01,-4.854260000000000241e-01,-1.021614000000000022e+00,3.397220000000000240e-01,-5.053419999999999579e-01,8.114599999999999591e-02,7.015000000000000402e-02,-1.333670000000000133e-01
-2.682760000000000145e-01,1.020100000000000035e-01,7.419940000000000424e-01,2.234549999999999870e-01,9.201199999999999657e-02,5.825000000000000316e-02,-9.686120000000000285e-01,-6.747990000000000377e-01,4.569150000000000156e-01,-2.752399999999999985e-02,5.736799999999999677e-01,-8.402800000000000546e-02,-2.617999999999999772e-01,-6.050320000000000142e-01,-2.797129999999999894e-01,2.420000000000000005e-04,6.449300000000000033e-01,-1.879520000000000080e-01,2.617999999999999772e-01,7.593900000000000650e-02,1.767300000000000121e-02,1.749269999999999992e-01,-4.111060000000000270e-01,7.978530000000000344e-01,-3.252519999999999856e-01,6.015519999999999756e-01,-1.330699999999999938e-01,1.183999999999999940e-03,3.370980000000000087e-01,-4.653619999999999979e-01,-1.024122999999999895e+00,3.455250000000000266e-01,-5.203149999999999720e-01,7.506899999999999684e-02,7.660200000000000342e-02,-1.157640000000000058e-01
-2.681129999999999902e-01,1.040810000000000068e-01,7.408970000000000278e-01,2.235550000000000037e-01,9.230399999999999716e-02,5.821099999999999886e-02,-9.685629999999999518e-01,-6.782000000000000250e-01,4.606489999999999752e-01,-2.597899999999999862e-02,5.710530000000000328e-01,-7.690199999999999814e-02,-2.617999999999999772e-01,-6.136920000000000153e-01,-2.795869999999999744e-01,-9.409999999999999962e-04,6.578040000000000553e-01,-1.929720000000000046e-01,2.617999999999999772e-01,7.790199999999999902e-02,1.909800000000000039e-02,1.731399999999999884e-01,-4.087790000000000035e-01,7.848610000000000309e-01,-3.324980000000000158e-01,5.755149999999999988e-01,-1.270239999999999980e-01,-3.260000000000000094e-04,3.355170000000000097e-01,-4.508630000000000138e-01,-1.025644999999999918e+00,3.562480000000000091e-01,-5.319819999999999549e-01,6.927800000000000624e-02,8.255500000000000338e-02,-9.867199999999999582e-02
-2.679150000000000142e-01,1.060730000000000006e-01,7.398860000000000436e-01,2.236859999999999959e-01,9.247199999999999864e-02,5.813900000000000318e-02,-9.685209999999999653e-01,-6.814280000000000337e-01,4.643530000000000157e-01,-2.450899999999999954e-02,5.685090000000000421e-01,-6.978800000000000281e-02,-2.617999999999999772e-01,-6.221179999999999488e-01,-2.795019999999999727e-01,-2.131000000000000082e-03,6.707070000000000531e-01,-1.979779999999999873e-01,2.617999999999999772e-01,7.870299999999999518e-02,2.076499999999999874e-02,1.716890000000000083e-01,-4.046950000000000269e-01,7.715490000000000403e-01,-3.375690000000000079e-01,5.492979999999999530e-01,-1.208370000000000000e-01,-1.897000000000000032e-03,3.336339999999999861e-01,-4.381840000000000179e-01,-1.026628000000000096e+00,3.688960000000000017e-01,-5.425130000000000230e-01,6.359900000000000275e-02,8.812300000000000688e-02,-8.183500000000000496e-02
-2.663639999999999897e-01,1.073459999999999970e-01,7.392370000000000330e-01,2.266050000000000009e-01,9.208800000000000319e-02,5.859899999999999831e-02,-9.678510000000000169e-01,-6.878969999999999807e-01,4.648240000000000149e-01,-2.270700000000000149e-02,5.665270000000000028e-01,-6.235700000000000270e-02,-2.617999999999999772e-01,-6.250999999999999890e-01,-2.822700000000000209e-01,-5.909000000000000190e-03,6.769009999999999749e-01,-1.982470000000000065e-01,2.617999999999999772e-01,8.219700000000000617e-02,2.265599999999999906e-02,1.700909999999999922e-01,-4.160989999999999966e-01,7.587960000000000260e-01,-3.595679999999999987e-01,5.393270000000000008e-01,-1.146479999999999999e-01,8.400000000000000348e-04,3.240770000000000040e-01,-4.433840000000000003e-01,-1.027809999999999890e+00,3.882430000000000048e-01,-5.329559999999999853e-01,6.130599999999999938e-02,9.287499999999999922e-02,-7.206400000000000305e-02
-2.645410000000000261e-01,1.087349999999999983e-01,7.385329999999999950e-01,2.294559999999999933e-01,9.137199999999999489e-02,5.907500000000000251e-02,-9.672180000000000222e-01,-6.939380000000000548e-01,4.655179999999999874e-01,-2.101899999999999949e-02,5.644489999999999785e-01,-5.468599999999999850e-02,-2.617999999999999772e-01,-6.275089999999999835e-01,-2.847149999999999959e-01,-9.757999999999999313e-03,6.827090000000000103e-01,-1.977589999999999903e-01,2.617999999999999772e-01,8.595400000000000262e-02,2.480699999999999919e-02,1.697589999999999932e-01,-4.296789999999999776e-01,7.455009999999999692e-01,-3.819739999999999802e-01,5.321200000000000374e-01,-1.090939999999999965e-01,2.648000000000000180e-03,3.142349999999999866e-01,-4.519880000000000009e-01,-1.028510000000000035e+00,4.096279999999999921e-01,-5.201789999999999470e-01,5.935100000000000098e-02,9.622100000000000097e-02,-6.287399999999999933e-02
-2.627059999999999951e-01,1.100349999999999939e-01,7.379289999999999461e-01,2.323109999999999897e-01,9.052399999999999336e-02,5.950799999999999840e-02,-9.665899999999999492e-01,-6.997149999999999759e-01,4.662029999999999785e-01,-1.932299999999999990e-02,5.624050000000000438e-01,-4.705299999999999760e-02,-2.617999999999999772e-01,-6.295770000000000532e-01,-2.872000000000000108e-01,-1.358499999999999985e-02,6.884529999999999816e-01,-1.972750000000000059e-01,2.617999999999999772e-01,8.949100000000000110e-02,2.703399999999999900e-02,1.697780000000000122e-01,-4.431019999999999959e-01,7.319550000000000223e-01,-4.038470000000000115e-01,5.253790000000000404e-01,-1.036470000000000030e-01,4.184000000000000219e-03,3.042980000000000129e-01,-4.614770000000000261e-01,-1.028880000000000017e+00,4.317360000000000086e-01,-5.067270000000000385e-01,5.736499999999999932e-02,9.925200000000000689e-02,-5.379699999999999760e-02
-2.617249999999999854e-01,1.113279999999999964e-01,7.375410000000000021e-01,2.346409999999999885e-01,9.044099999999999362e-02,5.934999999999999998e-02,-9.660440000000000138e-01,-7.027079999999999993e-01,4.654570000000000096e-01,-1.710199999999999915e-02,5.580749999999999877e-01,-4.035500000000000198e-02,-2.617999999999999772e-01,-6.321250000000000480e-01,-2.903169999999999917e-01,-1.592800000000000119e-02,6.930640000000000134e-01,-1.981100000000000083e-01,2.617999999999999772e-01,9.270299999999999374e-02,2.913100000000000064e-02,1.681590000000000029e-01,-4.582490000000000174e-01,7.257209999999999495e-01,-4.143760000000000221e-01,5.422109999999999985e-01,-9.944799999999999474e-02,7.812000000000000367e-03,3.003660000000000219e-01,-4.672640000000000127e-01,-1.027455000000000007e+00,4.375200000000000200e-01,-4.984210000000000029e-01,5.764400000000000079e-02,1.003180000000000044e-01,-5.209799999999999848e-02
-2.606680000000000108e-01,1.126439999999999941e-01,7.371799999999999464e-01,2.370089999999999975e-01,9.034499999999999476e-02,5.908599999999999963e-02,-9.654909999999999881e-01,-7.054329999999999767e-01,4.644099999999999895e-01,-1.487899999999999986e-02,5.535259999999999625e-01,-3.365900000000000142e-02,-2.617999999999999772e-01,-6.343950000000000422e-01,-2.932139999999999747e-01,-1.794199999999999962e-02,6.976499999999999924e-01,-1.991829999999999989e-01,2.617999999999999772e-01,9.659399999999999931e-02,3.074400000000000049e-02,1.667329999999999923e-01,-4.748319999999999763e-01,7.193310000000000537e-01,-4.261440000000000228e-01,5.603599999999999692e-01,-9.537199999999999844e-02,1.052900000000000016e-02,2.963339999999999863e-01,-4.708950000000000080e-01,-1.026164999999999994e+00,4.410009999999999764e-01,-4.911599999999999855e-01,5.789500000000000202e-02,1.016709999999999975e-01,-5.026699999999999918e-02
-2.597059999999999924e-01,1.139550000000000007e-01,7.368270000000000097e-01,2.393820000000000114e-01,9.023399999999999477e-02,5.879500000000000004e-02,-9.649339999999999584e-01,-7.080769999999999564e-01,4.633309999999999929e-01,-1.261100000000000068e-02,5.489610000000000323e-01,-2.697899999999999951e-02,-2.617999999999999772e-01,-6.365870000000000140e-01,-2.961639999999999828e-01,-1.993199999999999833e-02,7.022270000000000456e-01,-2.002770000000000106e-01,2.617999999999999772e-01,1.008779999999999955e-01,3.224899999999999989e-02,1.653419999999999890e-01,-4.917920000000000069e-01,7.126630000000000464e-01,-4.383310000000000262e-01,5.787550000000000194e-01,-9.130599999999999827e-02,1.311799999999999945e-02,2.923799999999999732e-01,-4.736170000000000102e-01,-1.024976000000000109e+00,4.435760000000000258e-01,-4.842389999999999750e-01,5.810300000000000187e-02,1.030920000000000031e-01,-4.834299999999999708e-02
-2.588500000000000245e-01,1.154789999999999983e-01,7.364680000000000115e-01,2.409310000000000063e-01,9.046300000000000174e-02,5.890900000000000303e-02,-9.645200000000000440e-01,-7.115669999999999495e-01,4.659110000000000196e-01,-6.121999999999999838e-03,5.451249999999999707e-01,-1.980300000000000116e-02,-2.617999999999999772e-01,-6.401769999999999960e-01,-2.976759999999999962e-01,-2.175399999999999903e-02,7.066940000000000444e-01,-2.011469999999999925e-01,2.617999999999999772e-01,1.019909999999999983e-01,3.387500000000000233e-02,1.631950000000000067e-01,-4.962170000000000192e-01,7.082519999999999927e-01,-4.383779999999999899e-01,5.837010000000000254e-01,-9.142500000000000626e-02,1.147800000000000036e-02,2.935679999999999956e-01,-4.733370000000000077e-01,-1.027608000000000077e+00,4.197489999999999832e-01,-4.886360000000000148e-01,6.033399999999999874e-02,1.022519999999999957e-01,-6.175400000000000333e-02
-2.581200000000000161e-01,1.169459999999999944e-01,7.361400000000000166e-01,2.424429999999999918e-01,9.082500000000000295e-02,5.905099999999999932e-02,-9.640980000000000105e-01,-7.152030000000000332e-01,4.684740000000000015e-01,2.829999999999999942e-04,5.410690000000000222e-01,-1.242099999999999975e-02,-2.617999999999999772e-01,-6.439939999999999554e-01,-2.989419999999999855e-01,-2.365300000000000041e-02,7.110300000000000509e-01,-2.018189999999999984e-01,2.617999999999999772e-01,1.037880000000000053e-01,3.535699999999999954e-02,1.606080000000000008e-01,-5.000609999999999777e-01,7.040349999999999664e-01,-4.387639999999999874e-01,5.871600000000000152e-01,-9.142699999999999438e-02,1.051900000000000057e-02,2.948169999999999957e-01,-4.702549999999999786e-01,-1.030551999999999913e+00,3.936430000000000207e-01,-4.950330000000000008e-01,6.255800000000000249e-02,1.019749999999999962e-01,-7.512699999999999934e-02
-2.573369999999999824e-01,1.184780000000000000e-01,7.358230000000000048e-01,2.439459999999999962e-01,9.121100000000000041e-02,5.917599999999999943e-02,-9.636749999999999483e-01,-7.188120000000000065e-01,4.710239999999999982e-01,6.748999999999999791e-03,5.370509999999999451e-01,-5.113000000000000357e-03,-2.617999999999999772e-01,-6.477880000000000305e-01,-3.002500000000000169e-01,-2.552700000000000108e-02,7.153350000000000541e-01,-2.025260000000000116e-01,2.617999999999999772e-01,1.058899999999999980e-01,3.674800000000000288e-02,1.578360000000000041e-01,-5.039519999999999555e-01,6.997609999999999664e-01,-4.394890000000000185e-01,5.904930000000000456e-01,-9.143600000000000338e-02,9.686999999999999431e-03,2.960940000000000238e-01,-4.662839999999999763e-01,-1.033404999999999907e+00,3.668179999999999774e-01,-5.018789999999999640e-01,6.468699999999999450e-02,1.018150000000000027e-01,-8.841400000000000647e-02
-2.570189999999999975e-01,1.200589999999999991e-01,7.358710000000000528e-01,2.444199999999999984e-01,9.176399999999999835e-02,5.935300000000000298e-02,-9.634909999999999863e-01,-7.186649999999999983e-01,4.725590000000000068e-01,8.696999999999999870e-03,5.290859999999999452e-01,1.833999999999999910e-03,-2.617999999999999772e-01,-6.499540000000000317e-01,-2.992119999999999780e-01,-2.690899999999999889e-02,7.157660000000000133e-01,-2.039719999999999867e-01,2.617999999999999772e-01,1.098179999999999990e-01,3.683100000000000263e-02,1.541810000000000125e-01,-5.012489999999999446e-01,7.006200000000000205e-01,-4.403619999999999757e-01,5.874840000000000062e-01,-9.182400000000000284e-02,9.100999999999999715e-03,2.974280000000000257e-01,-4.531140000000000168e-01,-1.036189000000000027e+00,3.627610000000000001e-01,-5.060409999999999631e-01,6.585100000000000675e-02,1.032129999999999992e-01,-8.633100000000000496e-02
-2.567840000000000122e-01,1.216969999999999996e-01,7.358679999999999666e-01,2.448339999999999961e-01,9.228000000000000091e-02,5.966199999999999976e-02,-9.633180000000000076e-01,-7.183840000000000225e-01,4.743760000000000199e-01,1.041800000000000018e-02,5.207129999999999814e-01,8.782999999999999141e-03,-2.617999999999999772e-01,-6.519660000000000455e-01,-2.977969999999999784e-01,-2.859599999999999989e-02,7.158459999999999823e-01,-2.054640000000000077e-01,2.617999999999999772e-01,1.128569999999999990e-01,3.714599999999999846e-02,1.502729999999999899e-01,-4.968179999999999819e-01,7.020009999999999861e-01,-4.399620000000000197e-01,5.835350000000000259e-01,-9.211700000000000443e-02,8.826000000000000512e-03,2.987920000000000020e-01,-4.414020000000000166e-01,-1.038345999999999991e+00,3.606110000000000149e-01,-5.096239999999999659e-01,6.681399999999999839e-02,1.045390000000000069e-01,-8.418899999999999995e-02
-2.564609999999999945e-01,1.233270000000000061e-01,7.359599999999999476e-01,2.452499999999999958e-01,9.278899999999999648e-02,5.997299999999999853e-02,-9.631440000000000001e-01,-7.181119999999999726e-01,4.762049999999999894e-01,1.213099999999999942e-02,5.123839999999999506e-01,1.571300000000000127e-02,-2.617999999999999772e-01,-6.539359999999999618e-01,-2.963910000000000156e-01,-3.030400000000000107e-02,7.158809999999999896e-01,-2.069350000000000078e-01,2.617999999999999772e-01,1.155459999999999959e-01,3.749700000000000255e-02,1.463550000000000129e-01,-4.919410000000000172e-01,7.034939999999999527e-01,-4.390990000000000171e-01,5.793819999999999526e-01,-9.236500000000000266e-02,8.614000000000000129e-03,3.001460000000000239e-01,-4.303400000000000003e-01,-1.040364999999999984e+00,3.591429999999999900e-01,-5.129629999999999468e-01,6.777800000000000491e-02,1.058309999999999945e-01,-8.211100000000000343e-02
-2.559930000000000261e-01,1.237380000000000008e-01,7.361520000000000286e-01,2.466760000000000064e-01,9.231000000000000316e-02,5.970000000000000306e-02,-9.628430000000000044e-01,-7.161009999999999875e-01,4.744240000000000124e-01,1.378300000000000011e-02,5.069730000000000070e-01,1.922000000000000097e-02,-2.617999999999999772e-01,-6.516440000000000010e-01,-2.978930000000000189e-01,-3.070700000000000165e-02,7.141809999999999548e-01,-2.057479999999999865e-01,2.617999999999999772e-01,1.151900000000000007e-01,3.954699999999999882e-02,1.425559999999999883e-01,-4.912799999999999945e-01,7.059839999999999449e-01,-4.438349999999999795e-01,5.717590000000000172e-01,-9.057900000000000673e-02,9.157000000000000209e-03,2.999629999999999797e-01,-4.246139999999999914e-01,-1.036056000000000088e+00,3.519379999999999731e-01,-5.232259999999999689e-01,6.891200000000000103e-02,1.068749999999999978e-01,-8.529399999999999482e-02
-2.553159999999999874e-01,1.243820000000000064e-01,7.363889999999999603e-01,2.479889999999999872e-01,9.161099999999999799e-02,5.958700000000000108e-02,-9.625789999999999624e-01,-7.137959999999999861e-01,4.733220000000000205e-01,1.502099999999999963e-02,5.005859999999999754e-01,2.349400000000000099e-02,-2.617999999999999772e-01,-6.493090000000000250e-01,-2.983640000000000181e-01,-3.154099999999999959e-02,7.126390000000000224e-01,-2.050579999999999903e-01,2.617999999999999772e-01,1.153779999999999945e-01,4.170700000000000102e-02,1.395180000000000031e-01,-4.913509999999999822e-01,7.089140000000000441e-01,-4.488750000000000240e-01,5.641220000000000123e-01,-8.888200000000000267e-02,9.818999999999999603e-03,2.996150000000000202e-01,-4.186349999999999794e-01,-1.031492999999999993e+00,3.440239999999999965e-01,-5.338000000000000522e-01,6.997000000000000441e-02,1.081909999999999955e-01,-8.851499999999999646e-02
-2.546340000000000270e-01,1.250280000000000002e-01,7.366350000000000398e-01,2.493019999999999958e-01,9.087800000000000045e-02,5.945799999999999697e-02,-9.623169999999999780e-01,-7.114129999999999621e-01,4.722080000000000166e-01,1.627800000000000080e-02,4.942019999999999746e-01,2.776199999999999848e-02,-2.617999999999999772e-01,-6.468800000000000106e-01,-2.988359999999999905e-01,-3.237500000000000100e-02,7.110589999999999966e-01,-2.043530000000000069e-01,2.617999999999999772e-01,1.156760000000000010e-01,4.384600000000000303e-02,1.365919999999999912e-01,-4.916019999999999834e-01,7.118470000000000075e-01,-4.540609999999999924e-01,5.565210000000000434e-01,-8.721800000000000386e-02,1.048499999999999953e-02,2.992460000000000120e-01,-4.125190000000000246e-01,-1.026899999999999924e+00,3.359429999999999916e-01,-5.444660000000000055e-01,7.099900000000000655e-02,1.095320000000000044e-01,-9.171999999999999598e-02
-2.548710000000000142e-01,1.254850000000000132e-01,7.367970000000000352e-01,2.498799999999999910e-01,8.986700000000000244e-02,5.931000000000000161e-02,-9.622709999999999875e-01,-7.089370000000000394e-01,4.732270000000000088e-01,1.789500000000000118e-02,4.923230000000000106e-01,3.101699999999999943e-02,-2.617999999999999772e-01,-6.432970000000000077e-01,-2.979479999999999906e-01,-3.154900000000000065e-02,7.102739999999999609e-01,-2.057289999999999952e-01,2.617999999999999772e-01,1.162340000000000040e-01,4.492600000000000066e-02,1.358989999999999920e-01,-4.838970000000000216e-01,7.127470000000000194e-01,-4.467570000000000152e-01,5.465670000000000250e-01,-9.004600000000000104e-02,1.104300000000000073e-02,3.030590000000000228e-01,-3.999099999999999877e-01,-1.019851000000000063e+00,3.185220000000000273e-01,-5.476750000000000229e-01,7.148100000000000287e-02,1.099279999999999979e-01,-9.918399999999999439e-02
-2.551610000000000267e-01,1.259689999999999976e-01,7.369769999999999932e-01,2.504199999999999759e-01,8.881500000000000505e-02,5.919699999999999962e-02,-9.622359999999999802e-01,-7.064240000000000519e-01,4.745110000000000161e-01,1.941299999999999970e-02,4.904789999999999983e-01,3.396199999999999913e-02,-2.617999999999999772e-01,-6.396309999999999496e-01,-2.967170000000000085e-01,-3.064000000000000057e-02,7.095510000000000428e-01,-2.074390000000000123e-01,2.617999999999999772e-01,1.169449999999999934e-01,4.598100000000000104e-02,1.352599999999999913e-01,-4.757029999999999870e-01,7.136510000000000353e-01,-4.394509999999999805e-01,5.359610000000000207e-01,-9.275500000000000411e-02,1.184400000000000036e-02,3.069140000000000201e-01,-3.868730000000000224e-01,-1.012644000000000100e+00,3.008799999999999808e-01,-5.510869999999999935e-01,7.188400000000000345e-02,1.100860000000000033e-01,-1.065330000000000027e-01
-2.554549999999999876e-01,1.264480000000000048e-01,7.371569999999999512e-01,2.509560000000000124e-01,8.776100000000000567e-02,5.907899999999999957e-02,-9.622000000000000552e-01,-7.038999999999999702e-01,4.757930000000000215e-01,2.094800000000000134e-02,4.886599999999999833e-01,3.688299999999999912e-02,-2.617999999999999772e-01,-6.359449999999999825e-01,-2.954939999999999789e-01,-2.971999999999999989e-02,7.088109999999999689e-01,-2.091520000000000046e-01,2.617999999999999772e-01,1.177020000000000011e-01,4.702900000000000136e-02,1.345989999999999964e-01,-4.674570000000000114e-01,7.144949999999999912e-01,-4.321679999999999966e-01,5.252799999999999692e-01,-9.543500000000000594e-02,1.268299999999999983e-02,3.107980000000000187e-01,-3.738949999999999774e-01,-1.005316000000000098e+00,2.833249999999999935e-01,-5.545670000000000321e-01,7.226499999999999591e-02,1.102420000000000067e-01,-1.138620000000000049e-01
-2.553690000000000127e-01,1.271120000000000028e-01,7.373220000000000329e-01,2.510120000000000129e-01,8.718299999999999661e-02,5.920600000000000168e-02,-9.622300000000000297e-01,-7.019459999999999589e-01,4.779300000000000215e-01,2.411500000000000102e-02,4.850349999999999939e-01,4.078400000000000081e-02,-2.617999999999999772e-01,-6.343980000000000175e-01,-2.938500000000000001e-01,-2.958699999999999872e-02,7.077459999999999862e-01,-2.091880000000000128e-01,2.617999999999999772e-01,1.175889999999999991e-01,4.828400000000000053e-02,1.335989999999999955e-01,-4.598019999999999885e-01,7.180929999999999813e-01,-4.289270000000000027e-01,5.218329999999999913e-01,-9.541900000000000381e-02,1.468900000000000067e-02,3.101809999999999845e-01,-3.608620000000000161e-01,-1.003673000000000037e+00,2.796480000000000077e-01,-5.637109999999999621e-01,7.239700000000000302e-02,1.107469999999999982e-01,-1.120320000000000066e-01
-2.552139999999999964e-01,1.276770000000000127e-01,7.374870000000000037e-01,2.511459999999999804e-01,8.669200000000000517e-02,5.928900000000000142e-02,-9.622340000000000337e-01,-7.001380000000000381e-01,4.796920000000000073e-01,2.707899999999999890e-02,4.816579999999999750e-01,4.413899999999999768e-02,-2.617999999999999772e-01,-6.328300000000000036e-01,-2.924309999999999965e-01,-2.919300000000000020e-02,7.063329999999999886e-01,-2.092310000000000003e-01,2.617999999999999772e-01,1.169390000000000013e-01,4.947000000000000008e-02,1.322629999999999917e-01,-4.517709999999999781e-01,7.214720000000000022e-01,-4.251530000000000031e-01,5.187399999999999789e-01,-9.536100000000000132e-02,1.641499999999999904e-02,3.094770000000000021e-01,-3.486650000000000027e-01,-1.002078000000000024e+00,2.770320000000000005e-01,-5.726599999999999469e-01,7.252599999999999325e-02,1.114119999999999971e-01,-1.102410000000000057e-01
-2.551430000000000087e-01,1.282389999999999919e-01,7.376540000000000319e-01,2.512809999999999766e-01,8.620700000000000585e-02,5.937300000000000216e-02,-9.622380000000000377e-01,-6.983540000000000303e-01,4.814419999999999811e-01,3.004100000000000173e-02,4.782930000000000237e-01,4.749400000000000149e-02,-2.617999999999999772e-01,-6.312799999999999523e-01,-2.910150000000000237e-01,-2.880399999999999974e-02,7.049149999999999583e-01,-2.092690000000000106e-01,2.617999999999999772e-01,1.161470000000000002e-01,5.067900000000000182e-02,1.309120000000000006e-01,-4.435660000000000158e-01,7.248430000000000151e-01,-4.211659999999999848e-01,5.156410000000000160e-01,-9.528300000000000658e-02,1.811199999999999963e-02,3.087610000000000077e-01,-3.367829999999999990e-01,-1.000445000000000029e+00,2.747490000000000210e-01,-5.815019999999999634e-01,7.266499999999999349e-02,1.120669999999999999e-01,-1.084930000000000061e-01
-2.551410000000000067e-01,1.286150000000000071e-01,7.377770000000000161e-01,2.514259999999999828e-01,8.540499999999999481e-02,5.929100000000000342e-02,-9.622760000000000202e-01,-6.960490000000000288e-01,4.824519999999999920e-01,3.132700000000000068e-02,4.761960000000000082e-01,4.936000000000000110e-02,-2.617999999999999772e-01,-6.290700000000000180e-01,-2.907239999999999824e-01,-3.011199999999999988e-02,7.044559999999999711e-01,-2.097900000000000043e-01,2.617999999999999772e-01,1.167549999999999977e-01,5.122000000000000164e-02,1.272250000000000048e-01,-4.435319999999999818e-01,7.225070000000000103e-01,-4.252159999999999829e-01,5.231729999999999992e-01,-9.516399999999999859e-02,2.017400000000000096e-02,3.070430000000000104e-01,-3.363329999999999931e-01,-1.000607000000000024e+00,2.791359999999999952e-01,-5.890910000000000313e-01,7.058999999999999997e-02,1.140250000000000014e-01,-1.043980000000000047e-01
-2.550830000000000042e-01,1.291200000000000125e-01,7.378890000000000171e-01,2.516030000000000211e-01,8.453099999999999503e-02,5.922700000000000187e-02,-9.623110000000000275e-01,-6.937410000000000521e-01,4.835479999999999778e-01,3.256099999999999967e-02,4.741119999999999779e-01,5.142399999999999749e-02,-2.617999999999999772e-01,-6.268610000000000015e-01,-2.903089999999999837e-01,-3.135199999999999793e-02,7.040070000000000494e-01,-2.103019999999999889e-01,2.617999999999999772e-01,1.171780000000000044e-01,5.194100000000000106e-02,1.238569999999999949e-01,-4.441640000000000033e-01,7.199100000000000499e-01,-4.292469999999999897e-01,5.318439999999999834e-01,-9.515300000000000147e-02,2.175399999999999903e-02,3.052849999999999731e-01,-3.372450000000000170e-01,-1.000855000000000050e+00,2.844459999999999766e-01,-5.957679999999999643e-01,6.860700000000000132e-02,1.157989999999999992e-01,-1.004479999999999956e-01
-2.551050000000000262e-01,1.295409999999999895e-01,7.380010000000000181e-01,2.517829999999999790e-01,8.363500000000000101e-02,5.915999999999999731e-02,-9.623460000000000347e-01,-6.914000000000000146e-01,4.846409999999999885e-01,3.379000000000000059e-02,4.720329999999999804e-01,5.349399999999999988e-02,-2.617999999999999772e-01,-6.246099999999999985e-01,-2.898870000000000058e-01,-3.259100000000000191e-02,7.035540000000000127e-01,-2.108029999999999904e-01,2.617999999999999772e-01,1.174919999999999992e-01,5.269700000000000079e-02,1.205669999999999936e-01,-4.447869999999999879e-01,7.172929999999999584e-01,-4.331679999999999975e-01,5.406290000000000262e-01,-9.513599999999999834e-02,2.325500000000000136e-02,3.035180000000000100e-01,-3.385090000000000043e-01,-1.001103999999999994e+00,2.900200000000000000e-01,-6.022619999999999640e-01,6.664799999999999891e-02,1.175110000000000043e-01,-9.652199999999999669e-02
-2.549549999999999872e-01,1.293539999999999968e-01,7.382189999999999586e-01,2.520569999999999755e-01,8.271100000000000674e-02,5.929500000000000048e-02,-9.623460000000000347e-01,-6.898079999999999767e-01,4.852210000000000134e-01,3.405500000000000194e-02,4.718149999999999844e-01,5.428999999999999798e-02,-2.617999999999999772e-01,-6.202389999999999848e-01,-2.886279999999999957e-01,-3.095600000000000088e-02,6.998980000000000201e-01,-2.114920000000000133e-01,2.617999999999999772e-01,1.151869999999999977e-01,5.459699999999999970e-02,1.215050000000000019e-01,-4.464819999999999900e-01,7.163399999999999768e-01,-4.357190000000000230e-01,5.511319999999999553e-01,-9.530800000000000383e-02,2.408899999999999930e-02,3.040289999999999937e-01,-3.383490000000000109e-01,-1.002000999999999920e+00,2.906059999999999754e-01,-6.040240000000000054e-01,6.654899999999999705e-02,1.178329999999999933e-01,-9.854000000000000259e-02
-2.548420000000000130e-01,1.291819999999999913e-01,7.383939999999999948e-01,2.523420000000000107e-01,8.167399999999999660e-02,5.939699999999999841e-02,-9.623540000000000427e-01,-6.880469999999999642e-01,4.857319999999999971e-01,3.439500000000000196e-02,4.716879999999999962e-01,5.499699999999999728e-02,-2.617999999999999772e-01,-6.156150000000000233e-01,-2.873330000000000051e-01,-2.926099999999999882e-02,6.961600000000000010e-01,-2.119540000000000035e-01,2.617999999999999772e-01,1.130420000000000036e-01,5.652299999999999686e-02,1.228989999999999944e-01,-4.486510000000000220e-01,7.151969999999999716e-01,-4.386090000000000266e-01,5.617959999999999621e-01,-9.551099999999999868e-02,2.483199999999999991e-02,3.045729999999999826e-01,-3.381569999999999854e-01,-1.002996999999999916e+00,2.909209999999999852e-01,-6.056780000000000497e-01,6.653900000000000092e-02,1.179739999999999955e-01,-1.006169999999999981e-01
-2.547260000000000080e-01,1.290109999999999868e-01,7.386580000000000368e-01,2.526249999999999885e-01,8.061200000000000310e-02,5.949000000000000121e-02,-9.623629999999999685e-01,-6.862300000000000066e-01,4.862480000000000135e-01,3.473899999999999905e-02,4.715710000000000179e-01,5.568800000000000139e-02,-2.617999999999999772e-01,-6.109350000000000058e-01,-2.860429999999999917e-01,-2.755900000000000016e-02,6.924099999999999699e-01,-2.124109999999999887e-01,2.617999999999999772e-01,1.109409999999999979e-01,5.845100000000000295e-02,1.243650000000000033e-01,-4.509000000000000230e-01,7.140130000000000088e-01,-4.415640000000000120e-01,5.725090000000000456e-01,-9.571799999999999753e-02,2.556100000000000039e-02,3.051240000000000063e-01,-3.379050000000000109e-01,-1.004013000000000044e+00,2.911500000000000199e-01,-6.073399999999999910e-01,6.653599999999999792e-02,1.181050000000000016e-01,-1.026880000000000015e-01
-2.554569999999999896e-01,1.290399999999999880e-01,7.388400000000000523e-01,2.529899999999999927e-01,8.000400000000000567e-02,5.922299999999999787e-02,-9.623350000000000515e-01,-6.839210000000000012e-01,4.872790000000000177e-01,3.692200000000000343e-02,4.712489999999999735e-01,5.781800000000000134e-02,-2.617999999999999772e-01,-6.073380000000000445e-01,-2.854389999999999983e-01,-2.635499999999999995e-02,6.915459999999999940e-01,-2.131260000000000099e-01,2.617999999999999772e-01,1.121769999999999989e-01,6.061899999999999927e-02,1.231980000000000020e-01,-4.479279999999999928e-01,7.082699999999999552e-01,-4.396309999999999940e-01,5.706750000000000433e-01,-9.628899999999999959e-02,2.546400000000000052e-02,3.055229999999999890e-01,-3.389139999999999930e-01,-1.002111999999999892e+00,2.928819999999999757e-01,-6.110060000000000491e-01,6.630400000000000182e-02,1.188599999999999934e-01,-1.033489999999999964e-01
-2.561209999999999876e-01,1.291789999999999883e-01,7.390269999999999895e-01,2.532699999999999951e-01,7.953300000000000647e-02,5.907599999999999657e-02,-9.623089999999999700e-01,-6.821660000000000501e-01,4.886630000000000140e-01,3.902599999999999819e-02,4.706969999999999765e-01,6.013999999999999901e-02,-2.617999999999999772e-01,-6.045340000000000158e-01,-2.848890000000000033e-01,-2.584300000000000139e-02,6.909579999999999611e-01,-2.150700000000000112e-01,2.617999999999999772e-01,1.131130000000000052e-01,6.293500000000000483e-02,1.216870000000000035e-01,-4.441109999999999780e-01,7.027369999999999450e-01,-4.369810000000000083e-01,5.679389999999999716e-01,-9.668200000000000405e-02,2.581599999999999867e-02,3.059439999999999937e-01,-3.403169999999999806e-01,-1.000156000000000045e+00,2.951880000000000059e-01,-6.146850000000000369e-01,6.604200000000000348e-02,1.197010000000000018e-01,-1.040050000000000002e-01
-2.567949999999999955e-01,1.293140000000000123e-01,7.392109999999999514e-01,2.535519999999999996e-01,7.909900000000000264e-02,5.893000000000000321e-02,-9.622800000000000242e-01,-6.804850000000000065e-01,4.900320000000000231e-01,4.113300000000000289e-02,4.701750000000000096e-01,6.243900000000000144e-02,-2.617999999999999772e-01,-6.018170000000000464e-01,-2.843609999999999749e-01,-2.532200000000000076e-02,6.904150000000000009e-01,-2.170430000000000137e-01,2.617999999999999772e-01,1.139280000000000015e-01,6.523500000000000132e-02,1.200689999999999952e-01,-4.400970000000000160e-01,6.972450000000000037e-01,-4.341840000000000144e-01,5.650849999999999485e-01,-9.704500000000000626e-02,2.622000000000000025e-02,3.063600000000000212e-01,-3.418809999999999905e-01,-9.981670000000000265e-01,2.977150000000000074e-01,-6.183130000000000015e-01,6.578100000000000613e-02,1.205449999999999994e-01,-1.046799999999999953e-01
-2.572949999999999959e-01,1.288839999999999986e-01,7.394610000000000349e-01,2.532110000000000194e-01,7.938199999999999423e-02,5.889500000000000290e-02,-9.623479999999999812e-01,-6.793379999999999974e-01,4.911570000000000102e-01,4.457099999999999951e-02,4.695520000000000249e-01,6.316700000000000093e-02,-2.617999999999999772e-01,-6.004899999999999682e-01,-2.841750000000000109e-01,-2.449899999999999994e-02,6.878579999999999695e-01,-2.164449999999999985e-01,2.617999999999999772e-01,1.132950000000000068e-01,6.688299999999999801e-02,1.198840000000000044e-01,-4.439250000000000140e-01,6.949060000000000237e-01,-4.395689999999999875e-01,5.755169999999999453e-01,-9.666199999999999792e-02,2.791899999999999937e-02,3.062819999999999987e-01,-3.451600000000000223e-01,-9.954650000000000443e-01,3.035660000000000025e-01,-6.237169999999999659e-01,6.627900000000000458e-02,1.213260000000000033e-01,-1.050579999999999986e-01
-2.576740000000000141e-01,1.285630000000000106e-01,7.397059999999999746e-01,2.528529999999999944e-01,7.965400000000000258e-02,5.885800000000000060e-02,-9.624219999999999997e-01,-6.781899999999999595e-01,4.922960000000000114e-01,4.805799999999999655e-02,4.689639999999999920e-01,6.394700000000000384e-02,-2.617999999999999772e-01,-5.992330000000000156e-01,-2.840750000000000219e-01,-2.377800000000000052e-02,6.852939999999999587e-01,-2.158410000000000051e-01,2.617999999999999772e-01,1.129129999999999995e-01,6.819799999999999474e-02,1.197970000000000007e-01,-4.488139999999999907e-01,6.924519999999999564e-01,-4.456350000000000033e-01,5.869389999999999885e-01,-9.645800000000000207e-02,2.910499999999999893e-02,3.061889999999999890e-01,-3.484789999999999832e-01,-9.928029999999999911e-01,3.090470000000000161e-01,-6.290400000000000436e-01,6.680600000000000427e-02,1.220519999999999938e-01,-1.053980000000000056e-01
-2.580549999999999788e-01,1.281549999999999911e-01,7.400400000000000311e-01,2.524899999999999922e-01,7.991900000000000392e-02,5.881299999999999722e-02,-9.624979999999999647e-01,-6.770040000000000502e-01,4.934270000000000045e-01,5.156499999999999972e-02,4.683809999999999918e-01,6.471300000000000663e-02,-2.617999999999999772e-01,-5.979640000000000510e-01,-2.839820000000000122e-01,-2.304399999999999851e-02,6.827339999999999520e-01,-2.152419999999999889e-01,2.617999999999999772e-01,1.126159999999999939e-01,6.949400000000000022e-02,1.197320000000000051e-01,-4.538220000000000032e-01,6.899330000000000185e-01,-4.518119999999999914e-01,5.984800000000000120e-01,-9.626500000000000334e-02,3.022999999999999993e-02,3.061030000000000140e-01,-3.516690000000000094e-01,-9.901400000000000201e-01,3.143730000000000135e-01,-6.343779999999999974e-01,6.733999999999999708e-02,1.227700000000000041e-01,-1.057310000000000055e-01
-2.584790000000000143e-01,1.286009999999999931e-01,7.403650000000000508e-01,2.535999999999999921e-01,7.947300000000000197e-02,5.974299999999999750e-02,-9.621859999999999857e-01,-6.760709999999999775e-01,4.952529999999999988e-01,5.158800000000000191e-02,4.639209999999999723e-01,6.874500000000000055e-02,-2.617999999999999772e-01,-5.943829999999999947e-01,-2.810699999999999865e-01,-2.421999999999999847e-02,6.806079999999999908e-01,-2.139800000000000035e-01,2.617999999999999772e-01,1.136090000000000017e-01,7.043399999999999661e-02,1.170540000000000053e-01,-4.563920000000000199e-01,6.871939999999999715e-01,-4.570049999999999946e-01,5.996580000000000243e-01,-9.686799999999999577e-02,2.970599999999999977e-02,3.039169999999999927e-01,-3.550260000000000082e-01,-9.877430000000000376e-01,3.234400000000000053e-01,-6.368850000000000344e-01,6.678800000000000014e-02,1.237479999999999969e-01,-1.017180000000000029e-01
-2.590720000000000245e-01,1.291440000000000088e-01,7.405270000000000463e-01,2.551169999999999827e-01,7.861700000000000632e-02,6.002400000000000097e-02,-9.618379999999999708e-01,-6.748539999999999539e-01,4.955640000000000045e-01,5.085699999999999943e-02,4.612970000000000126e-01,7.153900000000000536e-02,-2.617999999999999772e-01,-5.912760000000000238e-01,-2.797140000000000182e-01,-2.500799999999999898e-02,6.823890000000000233e-01,-2.156869999999999898e-01,2.617999999999999772e-01,1.130540000000000017e-01,7.087899999999999756e-02,1.149990000000000040e-01,-4.568030000000000146e-01,6.845010000000000261e-01,-4.609500000000000264e-01,5.992960000000000509e-01,-9.726100000000000023e-02,2.942000000000000171e-02,3.018109999999999959e-01,-3.582250000000000156e-01,-9.858599999999999586e-01,3.333550000000000124e-01,-6.399620000000000308e-01,6.627900000000000458e-02,1.246779999999999972e-01,-9.797200000000000353e-02
-2.594560000000000199e-01,1.294919999999999960e-01,7.408709999999999463e-01,2.562260000000000093e-01,7.814999999999999725e-02,6.091900000000000093e-02,-9.615249999999999631e-01,-6.739749999999999908e-01,4.970450000000000146e-01,5.040100000000000136e-02,4.568980000000000263e-01,7.537900000000000156e-02,-2.617999999999999772e-01,-5.877339999999999787e-01,-2.770050000000000012e-01,-2.627499999999999974e-02,6.802939999999999543e-01,-2.150009999999999977e-01,2.617999999999999772e-01,1.135909999999999975e-01,7.183900000000000008e-02,1.121000000000000052e-01,-4.585620000000000251e-01,6.819309999999999539e-01,-4.654449999999999976e-01,5.997930000000000206e-01,-9.776700000000000668e-02,2.919000000000000067e-02,2.996059999999999834e-01,-3.622600000000000264e-01,-9.833300000000000374e-01,3.431589999999999918e-01,-6.422539999999999916e-01,6.568100000000000327e-02,1.255960000000000132e-01,-9.399000000000000410e-02
-2.599609999999999976e-01,1.297020000000000117e-01,7.409559999999999480e-01,2.555089999999999861e-01,7.803899999999999726e-02,6.152200000000000030e-02,-9.616860000000000408e-01,-6.729490000000000194e-01,4.996539999999999870e-01,4.999100000000000071e-02,4.560339999999999949e-01,7.645599999999999619e-02,-2.617999999999999772e-01,-5.864460000000000228e-01,-2.749519999999999742e-01,-2.690000000000000030e-02,6.776729999999999698e-01,-2.158460000000000101e-01,2.617999999999999772e-01,1.134779999999999955e-01,7.267099999999999949e-02,1.116980000000000056e-01,-4.586779999999999746e-01,6.820760000000000156e-01,-4.645239999999999925e-01,5.984810000000000407e-01,-9.897599999999999454e-02,2.930800000000000072e-02,2.998689999999999967e-01,-3.649270000000000014e-01,-9.825380000000000225e-01,3.481119999999999770e-01,-6.427720000000000100e-01,6.511100000000000221e-02,1.258330000000000004e-01,-9.309699999999999920e-02
-2.598500000000000254e-01,1.296289999999999942e-01,7.411299999999999555e-01,2.551269999999999927e-01,7.830800000000000261e-02,6.171700000000000103e-02,-9.617529999999999690e-01,-6.728450000000000264e-01,5.000200000000000200e-01,5.067800000000000082e-02,4.549980000000000135e-01,7.707999999999999574e-02,-2.617999999999999772e-01,-5.857980000000000409e-01,-2.739449999999999941e-01,-2.614400000000000057e-02,6.742150000000000087e-01,-2.150179999999999869e-01,2.617999999999999772e-01,1.125349999999999961e-01,7.311499999999999944e-02,1.115489999999999954e-01,-4.590699999999999781e-01,6.816330000000000444e-01,-4.633369999999999989e-01,5.968029999999999724e-01,-1.001729999999999982e-01,2.965299999999999880e-02,3.002500000000000169e-01,-3.677730000000000166e-01,-9.823990000000000222e-01,3.528089999999999837e-01,-6.433550000000000102e-01,6.454600000000000615e-02,1.260390000000000121e-01,-9.212800000000000156e-02
-2.596559999999999979e-01,1.294700000000000017e-01,7.413899999999999935e-01,2.547530000000000072e-01,7.860799999999999732e-02,6.190400000000000069e-02,-9.618160000000000043e-01,-6.727750000000000119e-01,5.003429999999999822e-01,5.138000000000000206e-02,4.539239999999999942e-01,7.772600000000000342e-02,-2.617999999999999772e-01,-5.852340000000000320e-01,-2.729820000000000024e-01,-2.537199999999999872e-02,6.708049999999999846e-01,-2.142129999999999868e-01,2.617999999999999772e-01,1.115570000000000034e-01,7.352799999999999614e-02,1.113429999999999975e-01,-4.594429999999999903e-01,6.811800000000000077e-01,-4.621210000000000040e-01,5.951070000000000526e-01,-1.013509999999999966e-01,3.002900000000000014e-02,3.006349999999999856e-01,-3.706530000000000102e-01,-9.822689999999999477e-01,3.575340000000000185e-01,-6.439420000000000144e-01,6.399799999999999933e-02,1.262510000000000021e-01,-9.116299999999999404e-02
-2.595939999999999914e-01,1.295850000000000057e-01,7.413330000000000197e-01,2.554830000000000156e-01,7.905399999999999927e-02,6.177799999999999958e-02,-9.615939999999999488e-01,-6.745240000000000125e-01,4.989179999999999726e-01,5.253100000000000130e-02,4.539199999999999902e-01,7.939499999999999336e-02,-2.617999999999999772e-01,-5.860980000000000079e-01,-2.741759999999999753e-01,-2.665500000000000161e-02,6.719580000000000553e-01,-2.147850000000000037e-01,2.617999999999999772e-01,1.103250000000000064e-01,7.306999999999999607e-02,1.106509999999999994e-01,-4.532149999999999790e-01,6.835339999999999749e-01,-4.622510000000000230e-01,5.851009999999999822e-01,-1.002890000000000031e-01,3.042800000000000019e-02,2.968839999999999812e-01,-3.670950000000000046e-01,-9.794810000000000461e-01,3.549220000000000153e-01,-6.459850000000000314e-01,6.475100000000000300e-02,1.266500000000000126e-01,-9.279199999999999948e-02
-2.601740000000000164e-01,1.297119999999999940e-01,7.413269999999999582e-01,2.557450000000000001e-01,7.945599999999999885e-02,6.217999999999999916e-02,-9.614650000000000141e-01,-6.757309999999999706e-01,4.999709999999999988e-01,5.258999999999999786e-02,4.536769999999999969e-01,8.070700000000000096e-02,-2.617999999999999772e-01,-5.862260000000000248e-01,-2.736890000000000156e-01,-2.842199999999999935e-02,6.723959999999999937e-01,-2.159500000000000031e-01,2.617999999999999772e-01,1.106509999999999994e-01,7.264500000000000124e-02,1.090150000000000008e-01,-4.473440000000000194e-01,6.865769999999999929e-01,-4.634469999999999978e-01,5.752909999999999968e-01,-9.922000000000000264e-02,3.086399999999999907e-02,2.930989999999999984e-01,-3.620650000000000257e-01,-9.757470000000000310e-01,3.512910000000000199e-01,-6.483250000000000401e-01,6.517799999999999983e-02,1.272719999999999962e-01,-9.414500000000000646e-02
-2.606600000000000028e-01,1.298700000000000132e-01,7.415150000000000352e-01,2.557749999999999746e-01,7.993699999999999417e-02,6.291700000000000070e-02,-9.613690000000000291e-01,-6.769140000000000157e-01,5.017279999999999518e-01,5.275599999999999734e-02,4.525460000000000038e-01,8.253800000000000026e-02,-2.617999999999999772e-01,-5.857930000000000081e-01,-2.723909999999999942e-01,-3.047800000000000162e-02,6.705830000000000402e-01,-2.157399999999999873e-01,2.617999999999999772e-01,1.116219999999999990e-01,7.272000000000000686e-02,1.072099999999999997e-01,-4.426479999999999859e-01,6.894040000000000168e-01,-4.651270000000000127e-01,5.666400000000000325e-01,-9.834700000000000386e-02,3.098000000000000059e-02,2.892910000000000204e-01,-3.578430000000000222e-01,-9.717339999999999867e-01,3.478559999999999985e-01,-6.499899999999999567e-01,6.550799999999999679e-02,1.279049999999999909e-01,-9.537400000000000044e-02
-2.614879999999999982e-01,1.294839999999999880e-01,7.413199999999999790e-01,2.567320000000000157e-01,8.009099999999999553e-02,6.252099999999999325e-02,-9.611269999999999536e-01,-6.786349999999999882e-01,5.009590000000000432e-01,5.310399999999999843e-02,4.566459999999999964e-01,8.166700000000000348e-02,-2.617999999999999772e-01,-5.850969999999999782e-01,-2.734249999999999736e-01,-2.792199999999999890e-02,6.732869999999999688e-01,-2.198400000000000076e-01,2.617999999999999772e-01,1.112979999999999942e-01,7.090899999999999981e-02,1.063619999999999982e-01,-4.405100000000000127e-01,6.942249999999999810e-01,-4.662290000000000045e-01,5.478420000000000512e-01,-9.715999999999999637e-02,3.122000000000000122e-02,2.881279999999999952e-01,-3.545249999999999790e-01,-9.722969999999999668e-01,3.472040000000000126e-01,-6.492780000000000218e-01,6.586400000000000587e-02,1.277149999999999952e-01,-9.559399999999999842e-02
-2.618360000000000132e-01,1.297030000000000127e-01,7.412630000000000052e-01,2.572280000000000122e-01,8.037300000000000000e-02,6.284199999999999509e-02,-9.609499999999999709e-01,-6.811960000000000237e-01,5.019510000000000360e-01,5.334699999999999859e-02,4.583539999999999837e-01,8.292099999999999471e-02,-2.617999999999999772e-01,-5.855770000000000142e-01,-2.726879999999999860e-01,-2.822600000000000109e-02,6.747670000000000057e-01,-2.219520000000000104e-01,2.617999999999999772e-01,1.117960000000000065e-01,6.992199999999999804e-02,1.057489999999999958e-01,-4.397249999999999770e-01,6.993660000000000432e-01,-4.671580000000000177e-01,5.297279999999999767e-01,-9.613199999999999523e-02,3.143100000000000060e-02,2.869610000000000216e-01,-3.534669999999999757e-01,-9.723840000000000261e-01,3.473950000000000093e-01,-6.474029999999999507e-01,6.620099999999999596e-02,1.274919999999999942e-01,-9.584199999999999664e-02
-2.622630000000000239e-01,1.299210000000000087e-01,7.411219999999999475e-01,2.577119999999999966e-01,8.065600000000000547e-02,6.318500000000000505e-02,-9.607740000000000169e-01,-6.838049999999999962e-01,5.029860000000000442e-01,5.356899999999999856e-02,4.600790000000000157e-01,8.418000000000000482e-02,-2.617999999999999772e-01,-5.860499999999999599e-01,-2.719019999999999770e-01,-2.853899999999999840e-02,6.761540000000000328e-01,-2.239919999999999967e-01,2.617999999999999772e-01,1.122370000000000034e-01,6.900799999999999990e-02,1.051409999999999983e-01,-4.389379999999999948e-01,7.044979999999999576e-01,-4.679869999999999863e-01,5.116899999999999782e-01,-9.512299999999999922e-02,3.160700000000000315e-02,2.857549999999999812e-01,-3.527190000000000047e-01,-9.724669999999999703e-01,3.478339999999999765e-01,-6.453370000000000495e-01,6.655700000000000505e-02,1.272109999999999908e-01,-9.611400000000000499e-02
-2.631859999999999755e-01,1.291410000000000058e-01,7.407770000000000188e-01,2.574319999999999942e-01,8.083799999999999319e-02,6.288799999999999946e-02,-9.608529999999999571e-01,-6.849619999999999598e-01,5.042520000000000335e-01,5.478199999999999736e-02,4.664670000000000205e-01,7.895199999999999441e-02,-2.617999999999999772e-01,-5.871539999999999537e-01,-2.738800000000000123e-01,-2.752699999999999939e-02,6.806309999999999860e-01,-2.256219999999999892e-01,2.617999999999999772e-01,1.119949999999999973e-01,6.804999999999999938e-02,1.038530000000000009e-01,-4.372949999999999893e-01,7.078780000000000072e-01,-4.669550000000000090e-01,5.045809999999999462e-01,-9.539000000000000257e-02,3.292199999999999988e-02,2.855779999999999985e-01,-3.518350000000000088e-01,-9.771649999999999503e-01,3.478859999999999730e-01,-6.403290000000000370e-01,6.545299999999999729e-02,1.280429999999999902e-01,-9.613499999999999823e-02
-2.641669999999999852e-01,1.287770000000000026e-01,7.404479999999999951e-01,2.567189999999999750e-01,8.105700000000000405e-02,6.322500000000000342e-02,-9.610039999999999694e-01,-6.864350000000000174e-01,5.073459999999999637e-01,5.516900000000000276e-02,4.710900000000000087e-01,7.547800000000000342e-02,-2.617999999999999772e-01,-5.879680000000000462e-01,-2.732100000000000084e-01,-2.729799999999999935e-02,6.829349999999999588e-01,-2.283030000000000059e-01,2.617999999999999772e-01,1.129000000000000004e-01,6.758999999999999730e-02,1.026569999999999983e-01,-4.369830000000000103e-01,7.114970000000000461e-01,-4.664079999999999893e-01,4.987619999999999831e-01,-9.577299999999999702e-02,3.362799999999999817e-02,2.853029999999999733e-01,-3.518370000000000108e-01,-9.812889999999999668e-01,3.480360000000000120e-01,-6.347899999999999654e-01,6.410499999999999532e-02,1.288590000000000013e-01,-9.594500000000000250e-02
-2.651270000000000016e-01,1.285479999999999956e-01,7.400029999999999664e-01,2.561760000000000148e-01,8.115400000000000391e-02,6.327800000000000091e-02,-9.611370000000000191e-01,-6.880509999999999682e-01,5.099270000000000191e-01,5.536699999999999955e-02,4.768959999999999866e-01,7.134100000000000164e-02,-2.617999999999999772e-01,-5.892749999999999932e-01,-2.731729999999999992e-01,-2.676600000000000160e-02,6.873529999999999918e-01,-2.322529999999999872e-01,2.617999999999999772e-01,1.134249999999999980e-01,6.685900000000000176e-02,1.017460000000000031e-01,-4.359279999999999822e-01,7.151039999999999619e-01,-4.655750000000000166e-01,4.921969999999999956e-01,-9.607899999999999774e-02,3.450999999999999901e-02,2.850710000000000188e-01,-3.513169999999999904e-01,-9.858069999999999888e-01,3.480559999999999765e-01,-6.295600000000000085e-01,6.288599999999999746e-02,1.294710000000000027e-01,-9.588199999999999501e-02
-2.651609999999999800e-01,1.294250000000000123e-01,7.399440000000000461e-01,2.565350000000000130e-01,8.178499999999999659e-02,6.454799999999999427e-02,-9.609029999999999516e-01,-6.917299999999999560e-01,5.119200000000000417e-01,5.419899999999999718e-02,4.749039999999999928e-01,7.528600000000000569e-02,-2.617999999999999772e-01,-5.911089999999999955e-01,-2.689540000000000264e-01,-2.720799999999999955e-02,6.874440000000000550e-01,-2.312220000000000109e-01,2.617999999999999772e-01,1.148480000000000056e-01,6.774600000000000066e-02,1.016969999999999957e-01,-4.375419999999999865e-01,7.166519999999999557e-01,-4.667560000000000042e-01,4.923150000000000026e-01,-9.626999999999999447e-02,3.583800000000000180e-02,2.847009999999999819e-01,-3.563540000000000041e-01,-9.851809999999999734e-01,3.499530000000000141e-01,-6.326110000000000344e-01,6.140700000000000325e-02,1.294939999999999980e-01,-9.704200000000000326e-02
-2.657889999999999975e-01,1.293330000000000035e-01,7.399470000000000214e-01,2.570169999999999955e-01,8.219300000000000217e-02,6.525100000000000344e-02,-9.606919999999999904e-01,-6.939640000000000253e-01,5.131649999999999823e-01,5.351500000000000007e-02,4.757049999999999890e-01,7.570300000000000640e-02,-2.617999999999999772e-01,-5.906479999999999508e-01,-2.672249999999999903e-01,-2.696799999999999892e-02,6.873979999999999535e-01,-2.323149999999999937e-01,2.617999999999999772e-01,1.156999999999999973e-01,6.809500000000000275e-02,1.013929999999999970e-01,-4.384020000000000139e-01,7.176350000000000229e-01,-4.681629999999999958e-01,4.931240000000000068e-01,-9.643599999999999395e-02,3.678399999999999725e-02,2.843609999999999749e-01,-3.607830000000000203e-01,-9.846399999999999597e-01,3.524309999999999943e-01,-6.358810000000000295e-01,5.983499999999999930e-02,1.299829999999999874e-01,-9.817499999999999838e-02
-2.664210000000000189e-01,1.293310000000000015e-01,7.399529999999999719e-01,2.575149999999999939e-01,8.253000000000000613e-02,6.592399999999999649e-02,-9.604840000000000044e-01,-6.960349999999999593e-01,5.143809999999999771e-01,5.283000000000000196e-02,4.765360000000000151e-01,7.607999999999999485e-02,-2.617999999999999772e-01,-5.900220000000000464e-01,-2.655279999999999863e-01,-2.672899999999999929e-02,6.873970000000000358e-01,-2.334640000000000049e-01,2.617999999999999772e-01,1.164940000000000003e-01,6.844400000000000484e-02,1.012440000000000007e-01,-4.392240000000000033e-01,7.186160000000000325e-01,-4.695389999999999842e-01,4.939629999999999854e-01,-9.658600000000000518e-02,3.767100000000000309e-02,2.840300000000000047e-01,-3.652039999999999731e-01,-9.840790000000000370e-01,3.549240000000000173e-01,-6.392069999999999697e-01,5.824599999999999916e-02,1.305179999999999951e-01,-9.931500000000000050e-02
-2.669670000000000099e-01,1.291859999999999953e-01,7.401889999999999858e-01,2.579400000000000026e-01,8.280700000000000560e-02,6.653799999999999992e-02,-9.603030000000000177e-01,-6.963540000000000285e-01,5.155110000000000525e-01,5.359300000000000175e-02,4.752149999999999985e-01,7.704199999999999937e-02,-2.617999999999999772e-01,-5.882389999999999564e-01,-2.642590000000000217e-01,-2.736999999999999850e-02,6.849319999999999853e-01,-2.346689999999999887e-01,2.617999999999999772e-01,1.166620000000000018e-01,6.876100000000000267e-02,1.004649999999999987e-01,-4.373079999999999745e-01,7.189649999999999652e-01,-4.668760000000000132e-01,4.909290000000000043e-01,-9.675100000000000366e-02,3.783199999999999757e-02,2.842859999999999832e-01,-3.662909999999999777e-01,-9.829409999999999537e-01,3.534349999999999992e-01,-6.423550000000000093e-01,5.654599999999999904e-02,1.304780000000000106e-01,-1.013339999999999935e-01
-2.674099999999999810e-01,1.290930000000000133e-01,7.404330000000000078e-01,2.582949999999999968e-01,8.307100000000000595e-02,6.718699999999999672e-02,-9.601399999999999935e-01,-6.965029999999999832e-01,5.166039999999999521e-01,5.417299999999999893e-02,4.736330000000000262e-01,7.819199999999999762e-02,-2.617999999999999772e-01,-5.863739999999999508e-01,-2.629310000000000258e-01,-2.823399999999999868e-02,6.822840000000000016e-01,-2.347380000000000022e-01,2.617999999999999772e-01,1.170589999999999964e-01,6.901300000000000490e-02,9.964199999999999446e-02,-4.349870000000000125e-01,7.192530000000000312e-01,-4.640790000000000193e-01,4.874479999999999924e-01,-9.680099999999999816e-02,3.814599999999999935e-02,2.845170000000000199e-01,-3.669520000000000004e-01,-9.818249999999999478e-01,3.515420000000000211e-01,-6.458450000000000024e-01,5.479500000000000343e-02,1.304420000000000024e-01,-1.032549999999999996e-01
-2.679409999999999847e-01,1.290850000000000053e-01,7.405939999999999745e-01,2.586450000000000138e-01,8.333200000000000329e-02,6.784400000000000153e-02,-9.599769999999999692e-01,-6.966430000000000122e-01,5.177129999999999788e-01,5.476099999999999718e-02,4.720389999999999864e-01,7.934399999999999786e-02,-2.617999999999999772e-01,-5.844780000000000530e-01,-2.615799999999999792e-01,-2.910899999999999946e-02,6.795740000000000114e-01,-2.347799999999999887e-01,2.617999999999999772e-01,1.175110000000000043e-01,6.928099999999999536e-02,9.880600000000000493e-02,-4.326510000000000078e-01,7.195279999999999454e-01,-4.613079999999999958e-01,4.839040000000000008e-01,-9.683899999999999453e-02,3.850100000000000050e-02,2.847520000000000051e-01,-3.674830000000000041e-01,-9.807200000000000362e-01,3.495409999999999906e-01,-6.494069999999999565e-01,5.303200000000000275e-02,1.304259999999999864e-01,-1.051529999999999965e-01
-2.684320000000000039e-01,1.290550000000000030e-01,7.408120000000000260e-01,2.587780000000000080e-01,8.342299999999999716e-02,6.833500000000000685e-02,-9.598980000000000290e-01,-6.964850000000000207e-01,5.200630000000000530e-01,5.622499999999999720e-02,4.698769999999999891e-01,8.197000000000000119e-02,-2.617999999999999772e-01,-5.825960000000000027e-01,-2.603320000000000078e-01,-3.022100000000000133e-02,6.770230000000000414e-01,-2.348099999999999909e-01,2.617999999999999772e-01,1.192539999999999989e-01,6.969300000000000495e-02,9.737400000000000222e-02,-4.310019999999999962e-01,7.199189999999999756e-01,-4.623419999999999752e-01,4.803259999999999752e-01,-9.672600000000000642e-02,3.887899999999999689e-02,2.830810000000000271e-01,-3.696809999999999818e-01,-9.791050000000000031e-01,3.536079999999999779e-01,-6.477749999999999897e-01,5.221900000000000153e-02,1.309130000000000016e-01,-1.051480000000000053e-01
-2.687709999999999821e-01,1.291239999999999888e-01,7.410619999999999985e-01,2.589110000000000023e-01,8.354300000000000614e-02,6.876000000000000167e-02,-9.598219999999999530e-01,-6.959929999999999728e-01,5.214250000000000274e-01,5.749200000000000144e-02,4.678720000000000101e-01,8.375499999999999612e-02,-2.617999999999999772e-01,-5.808929999999999927e-01,-2.593070000000000097e-01,-3.125900000000000206e-02,6.744390000000000107e-01,-2.346330000000000082e-01,2.617999999999999772e-01,1.206170000000000020e-01,7.004100000000000603e-02,9.601500000000000312e-02,-4.293870000000000187e-01,7.202110000000000456e-01,-4.633030000000000204e-01,4.768470000000000208e-01,-9.666500000000000092e-02,3.921999999999999792e-02,2.814099999999999935e-01,-3.727030000000000065e-01,-9.773249999999999993e-01,3.583819999999999784e-01,-6.454499999999999682e-01,5.141799999999999843e-02,1.311259999999999926e-01,-1.051979999999999998e-01
-2.691069999999999851e-01,1.291970000000000063e-01,7.413129999999999997e-01,2.590489999999999737e-01,8.365300000000000513e-02,6.917600000000000138e-02,-9.597449999999999593e-01,-6.954780000000000406e-01,5.227669999999999817e-01,5.876100000000000073e-02,4.658630000000000271e-01,8.554499999999999604e-02,-2.617999999999999772e-01,-5.791739999999999666e-01,-2.582949999999999968e-01,-3.229100000000000026e-02,6.718709999999999960e-01,-2.344640000000000057e-01,2.617999999999999772e-01,1.218550000000000050e-01,7.038700000000000512e-02,9.469500000000000139e-02,-4.276960000000000206e-01,7.205359999999999543e-01,-4.641399999999999970e-01,4.733729999999999882e-01,-9.660199999999999343e-02,3.954900000000000082e-02,2.797359999999999847e-01,-3.759850000000000136e-01,-9.754890000000000505e-01,3.633870000000000156e-01,-6.429700000000000415e-01,5.062599999999999739e-02,1.312840000000000118e-01,-1.052749999999999936e-01
-2.698999999999999733e-01,1.291819999999999913e-01,7.414460000000000495e-01,2.590470000000000272e-01,8.350299999999999390e-02,7.027500000000000413e-02,-9.596789999999999488e-01,-6.949969999999999759e-01,5.260529999999999928e-01,5.921499999999999680e-02,4.642970000000000153e-01,8.617299999999999960e-02,-2.617999999999999772e-01,-5.762680000000000025e-01,-2.544910000000000228e-01,-3.220300000000000246e-02,6.690009999999999568e-01,-2.352599999999999969e-01,2.617999999999999772e-01,1.236740000000000061e-01,7.170200000000000184e-02,9.346599999999999353e-02,-4.257819999999999938e-01,7.181610000000000493e-01,-4.607789999999999941e-01,4.750590000000000090e-01,-9.759700000000000319e-02,3.973100000000000243e-02,2.811930000000000263e-01,-3.788119999999999821e-01,-9.711760000000000392e-01,3.663890000000000202e-01,-6.419129999999999558e-01,4.922399999999999692e-02,1.315820000000000045e-01,-1.055559999999999971e-01
-2.704929999999999835e-01,1.294369999999999965e-01,7.416399999999999659e-01,2.589690000000000047e-01,8.334199999999999942e-02,7.145200000000000162e-02,-9.596270000000000078e-01,-6.948990000000000444e-01,5.297500000000000542e-01,5.938899999999999735e-02,4.625509999999999899e-01,8.702300000000000313e-02,-2.617999999999999772e-01,-5.735200000000000298e-01,-2.505069999999999797e-01,-3.310799999999999854e-02,6.657819999999999849e-01,-2.361449999999999938e-01,2.617999999999999772e-01,1.257719999999999949e-01,7.316000000000000281e-02,9.248299999999999577e-02,-4.241360000000000130e-01,7.158639999999999448e-01,-4.573320000000000163e-01,4.770150000000000223e-01,-9.858400000000000496e-02,3.969299999999999912e-02,2.826009999999999911e-01,-3.814219999999999833e-01,-9.669839999999999547e-01,3.691229999999999789e-01,-6.409420000000000117e-01,4.786200000000000176e-02,1.319720000000000060e-01,-1.057199999999999945e-01
-2.711740000000000261e-01,1.296859999999999957e-01,7.417479999999999629e-01,2.588880000000000070e-01,8.317800000000000193e-02,7.263799999999999424e-02,-9.595740000000000380e-01,-6.948239999999999972e-01,5.334640000000000493e-01,5.955200000000000077e-02,4.608320000000000194e-01,8.786199999999999566e-02,-2.617999999999999772e-01,-5.707600000000000451e-01,-2.465029999999999999e-01,-3.399200000000000138e-02,6.625189999999999690e-01,-2.370039999999999925e-01,2.617999999999999772e-01,1.279230000000000089e-01,7.464700000000000502e-02,9.148799999999999988e-02,-4.225579999999999892e-01,7.135350000000000303e-01,-4.539389999999999814e-01,4.790130000000000221e-01,-9.957699999999999885e-02,3.962899999999999756e-02,2.840030000000000054e-01,-3.839389999999999747e-01,-9.628189999999999804e-01,3.717469999999999941e-01,-6.400029999999999886e-01,4.650100000000000067e-02,1.323729999999999907e-01,-1.058729999999999949e-01
-2.709869999999999779e-01,1.285199999999999954e-01,7.420430000000000081e-01,2.603779999999999983e-01,8.278699999999999948e-02,7.196800000000000419e-02,-9.592549999999999688e-01,-6.946849999999999969e-01,5.298319999999999697e-01,6.114699999999999996e-02,4.632260000000000266e-01,8.674400000000000166e-02,-2.617999999999999772e-01,-5.668429999999999858e-01,-2.499049999999999883e-01,-3.209999999999999659e-02,6.600040000000000351e-01,-2.360849999999999893e-01,2.617999999999999772e-01,1.262999999999999956e-01,7.473399999999999488e-02,9.138000000000000289e-02,-4.190380000000000216e-01,7.094740000000000490e-01,-4.530049999999999910e-01,4.795389999999999930e-01,-9.990200000000000469e-02,4.007299999999999751e-02,2.832520000000000038e-01,-3.830180000000000251e-01,-9.592289999999999983e-01,3.712309999999999777e-01,-6.380489999999999773e-01,4.606699999999999684e-02,1.324809999999999877e-01,-1.073500000000000010e-01
-2.714520000000000266e-01,1.285870000000000068e-01,7.421950000000000491e-01,2.612439999999999762e-01,8.194400000000000295e-02,7.228600000000000303e-02,-9.590680000000000316e-01,-6.942160000000000553e-01,5.307420000000000471e-01,6.100499999999999673e-02,4.637029999999999763e-01,8.781600000000000517e-02,-2.617999999999999772e-01,-5.633049999999999446e-01,-2.482679999999999887e-01,-3.168800000000000089e-02,6.596250000000000169e-01,-2.368899999999999895e-01,2.617999999999999772e-01,1.264369999999999938e-01,7.526800000000000157e-02,9.127699999999999703e-02,-4.156230000000000202e-01,7.069069999999999521e-01,-4.523619999999999863e-01,4.798709999999999920e-01,-1.002860000000000001e-01,4.059499999999999914e-02,2.821810000000000151e-01,-3.816620000000000013e-01,-9.547470000000000123e-01,3.701829999999999843e-01,-6.363220000000000542e-01,4.564900000000000208e-02,1.326420000000000099e-01,-1.089389999999999942e-01
-2.719159999999999910e-01,1.286480000000000123e-01,7.423480000000000079e-01,2.620890000000000164e-01,8.109600000000000142e-02,7.262899999999999912e-02,-9.588839999999999586e-01,-6.937969999999999970e-01,5.317190000000000527e-01,6.083600000000000119e-02,4.642490000000000228e-01,8.884699999999999542e-02,-2.617999999999999772e-01,-5.597370000000000401e-01,-2.465620000000000034e-01,-3.128399999999999931e-02,6.591529999999999889e-01,-2.376399999999999901e-01,2.617999999999999772e-01,1.267389999999999906e-01,7.581699999999999551e-02,9.115099999999999592e-02,-4.123200000000000198e-01,7.043540000000000356e-01,-4.518759999999999999e-01,4.801810000000000245e-01,-1.007080000000000058e-01,4.114299999999999902e-02,2.811040000000000205e-01,-3.800950000000000162e-01,-9.502589999999999648e-01,3.689140000000000197e-01,-6.346600000000000019e-01,4.521000000000000019e-02,1.328070000000000084e-01,-1.104900000000000049e-01
-2.732020000000000004e-01,1.285189999999999944e-01,7.423030000000000461e-01,2.622240000000000126e-01,8.051899999999999336e-02,7.272099999999999398e-02,-9.588879999999999626e-01,-6.917950000000000488e-01,5.341730000000000089e-01,6.208400000000000030e-02,4.654079999999999884e-01,8.686900000000000177e-02,-2.617999999999999772e-01,-5.576280000000000125e-01,-2.458210000000000117e-01,-3.164700000000000152e-02,6.618439999999999879e-01,-2.405239999999999878e-01,2.617999999999999772e-01,1.265030000000000043e-01,7.655499999999999805e-02,9.058299999999999685e-02,-4.084369999999999945e-01,7.023139999999999938e-01,-4.529960000000000098e-01,4.791650000000000076e-01,-1.005110000000000031e-01,4.130799999999999750e-02,2.781930000000000236e-01,-3.781660000000000021e-01,-9.466560000000000530e-01,3.680979999999999808e-01,-6.358829999999999760e-01,4.547500000000000153e-02,1.321130000000000082e-01,-1.112630000000000008e-01
-2.740040000000000253e-01,1.286120000000000041e-01,7.422419999999999574e-01,2.625919999999999921e-01,8.034600000000000075e-02,7.259899999999999687e-02,-9.588119999999999976e-01,-6.910349999999999548e-01,5.350810000000000288e-01,6.361100000000000088e-02,4.657709999999999906e-01,8.702899999999999525e-02,-2.617999999999999772e-01,-5.566619999999999902e-01,-2.458210000000000117e-01,-3.173200000000000326e-02,6.636189999999999589e-01,-2.423540000000000139e-01,2.617999999999999772e-01,1.258569999999999967e-01,7.683700000000000252e-02,9.005199999999999316e-02,-4.050690000000000124e-01,6.998490000000000544e-01,-4.542419999999999791e-01,4.779769999999999852e-01,-1.003939999999999971e-01,4.170800000000000202e-02,2.757169999999999899e-01,-3.766709999999999781e-01,-9.434979999999999478e-01,3.670950000000000046e-01,-6.376399999999999846e-01,4.578499999999999931e-02,1.319039999999999935e-01,-1.120209999999999956e-01
-2.747229999999999950e-01,1.286200000000000121e-01,7.422659999999999814e-01,2.629630000000000023e-01,8.022799999999999376e-02,7.247699999999999976e-02,-9.587290000000000534e-01,-6.903629999999999489e-01,5.359549999999999592e-01,6.515400000000000358e-02,4.660819999999999963e-01,8.722599999999999798e-02,-2.617999999999999772e-01,-5.558410000000000295e-01,-2.458569999999999922e-01,-3.180899999999999700e-02,6.654529999999999612e-01,-2.442050000000000054e-01,2.617999999999999772e-01,1.252010000000000067e-01,7.707200000000000162e-02,8.940800000000000136e-02,-4.017200000000000215e-01,6.973799999999999999e-01,-4.555150000000000032e-01,4.767989999999999728e-01,-1.002799999999999941e-01,4.213000000000000078e-02,2.732570000000000277e-01,-3.751650000000000262e-01,-9.403470000000000439e-01,3.660869999999999957e-01,-6.394400000000000084e-01,4.610700000000000215e-02,1.317510000000000070e-01,-1.127849999999999964e-01
-2.750940000000000052e-01,1.286440000000000083e-01,7.422379999999999534e-01,2.630089999999999928e-01,7.947700000000000597e-02,7.257800000000000362e-02,-9.587710000000000399e-01,-6.887269999999999781e-01,5.373569999999999736e-01,6.574900000000000189e-02,4.664329999999999865e-01,8.670899999999999441e-02,-2.617999999999999772e-01,-5.534139999999999615e-01,-2.448059999999999958e-01,-3.166200000000000264e-02,6.653740000000000210e-01,-2.459619999999999862e-01,2.617999999999999772e-01,1.249370000000000064e-01,7.701500000000000012e-02,8.793099999999999528e-02,-4.008019999999999916e-01,6.958910000000000373e-01,-4.561810000000000032e-01,4.795579999999999843e-01,-1.010189999999999977e-01,4.236899999999999694e-02,2.724309999999999787e-01,-3.759600000000000164e-01,-9.381829999999999892e-01,3.676030000000000131e-01,-6.381539999999999990e-01,4.510600000000000026e-02,1.320919999999999872e-01,-1.128129999999999966e-01
-2.754360000000000142e-01,1.286380000000000023e-01,7.423039999999999639e-01,2.629850000000000243e-01,7.867699999999999694e-02,7.270100000000000173e-02,-9.588339999999999641e-01,-6.869840000000000391e-01,5.389089999999999714e-01,6.623800000000000521e-02,4.666770000000000085e-01,8.632700000000000096e-02,-2.617999999999999772e-01,-5.508950000000000236e-01,-2.436240000000000072e-01,-3.159599999999999909e-02,6.649699999999999500e-01,-2.469220000000000026e-01,2.617999999999999772e-01,1.245570000000000010e-01,7.712600000000000011e-02,8.678099999999999703e-02,-4.001910000000000189e-01,6.943700000000000427e-01,-4.567959999999999798e-01,4.826509999999999967e-01,-1.018290000000000028e-01,4.239799999999999819e-02,2.715170000000000083e-01,-3.773420000000000107e-01,-9.358419999999999517e-01,3.695729999999999849e-01,-6.363640000000000407e-01,4.408900000000000319e-02,1.323110000000000119e-01,-1.129880000000000051e-01
-2.757709999999999884e-01,1.287179999999999991e-01,7.423729999999999496e-01,2.629549999999999943e-01,7.785400000000000653e-02,7.282600000000000184e-02,-9.588999999999999746e-01,-6.851969999999999450e-01,5.404780000000000140e-01,6.672300000000000453e-02,4.669229999999999769e-01,8.594200000000000450e-02,-2.617999999999999772e-01,-5.483090000000000463e-01,-2.424219999999999986e-01,-3.153299999999999853e-02,6.645090000000000163e-01,-2.478480000000000127e-01,2.617999999999999772e-01,1.241300000000000042e-01,7.727699999999999847e-02,8.569999999999999840e-02,-3.995790000000000175e-01,6.928469999999999906e-01,-4.573470000000000035e-01,4.857929999999999748e-01,-1.026419999999999971e-01,4.239500000000000213e-02,2.705940000000000012e-01,-3.788900000000000046e-01,-9.334860000000000380e-01,3.716659999999999964e-01,-6.344699999999999784e-01,4.307699999999999724e-02,1.324929999999999997e-01,-1.131859999999999949e-01
-2.754909999999999859e-01,1.282820000000000071e-01,7.426719999999999988e-01,2.629440000000000111e-01,7.758900000000000519e-02,7.249999999999999500e-02,-9.589490000000000514e-01,-6.830159999999999565e-01,5.395079999999999876e-01,6.910700000000000176e-02,4.654699999999999949e-01,8.578800000000000314e-02,-2.617999999999999772e-01,-5.457300000000000484e-01,-2.424030000000000074e-01,-2.945499999999999854e-02,6.604339999999999655e-01,-2.472920000000000118e-01,2.617999999999999772e-01,1.207779999999999965e-01,7.722299999999999998e-02,8.492099999999999649e-02,-3.984659999999999869e-01,6.900680000000000147e-01,-4.560739999999999794e-01,4.974750000000000005e-01,-1.035859999999999975e-01,4.330300000000000121e-02,2.712609999999999744e-01,-3.763210000000000166e-01,-9.318959999999999466e-01,3.720310000000000006e-01,-6.292480000000000295e-01,4.293500000000000094e-02,1.322409999999999974e-01,-1.136680000000000051e-01
-2.757680000000000131e-01,1.278710000000000124e-01,7.429310000000000080e-01,2.627050000000000218e-01,7.695100000000000551e-02,7.236199999999999577e-02,-9.590769999999999573e-01,-6.797400000000000109e-01,5.404839999999999645e-01,7.146700000000000275e-02,4.647970000000000157e-01,8.496099999999999486e-02,-2.617999999999999772e-01,-5.420620000000000438e-01,-2.413559999999999872e-01,-2.757199999999999929e-02,6.573759999999999604e-01,-2.482169999999999932e-01,2.617999999999999772e-01,1.181180000000000008e-01,7.730599999999999972e-02,8.401000000000000134e-02,-3.970580000000000220e-01,6.874379999999999935e-01,-4.553050000000000153e-01,5.096990000000000132e-01,-1.045070000000000027e-01,4.384199999999999903e-02,2.718320000000000181e-01,-3.729120000000000212e-01,-9.297029999999999461e-01,3.722860000000000058e-01,-6.240959999999999841e-01,4.281499999999999889e-02,1.318920000000000092e-01,-1.141630000000000006e-01
-2.761290000000000133e-01,1.274560000000000137e-01,7.431910000000000460e-01,2.624600000000000266e-01,7.627299999999999358e-02,7.221800000000000441e-02,-9.592089999999999783e-01,-6.763860000000000428e-01,5.414809999999999901e-01,7.383399999999999685e-02,4.641750000000000043e-01,8.409099999999999908e-02,-2.617999999999999772e-01,-5.382869999999999600e-01,-2.403000000000000136e-01,-2.568300000000000097e-02,6.542750000000000510e-01,-2.491309999999999913e-01,2.617999999999999772e-01,1.155589999999999951e-01,7.739600000000000646e-02,8.317299999999999693e-02,-3.957319999999999727e-01,6.847870000000000346e-01,-4.546520000000000006e-01,5.219719999999999915e-01,-1.054429999999999951e-01,4.433600000000000041e-02,2.724039999999999795e-01,-3.693290000000000184e-01,-9.275299999999999656e-01,3.723799999999999888e-01,-6.190050000000000274e-01,4.267699999999999966e-02,1.315389999999999893e-01,-1.146380000000000038e-01
-2.764420000000000210e-01,1.282149999999999956e-01,7.432710000000000150e-01,2.625069999999999903e-01,7.590700000000000225e-02,7.285800000000000609e-02,-9.591769999999999463e-01,-6.760049999999999670e-01,5.442529999999999868e-01,7.487199999999999411e-02,4.615810000000000191e-01,8.720700000000000673e-02,-2.617999999999999772e-01,-5.370719999999999938e-01,-2.374269999999999992e-01,-2.662499999999999936e-02,6.535050000000000026e-01,-2.487689999999999901e-01,2.617999999999999772e-01,1.160869999999999957e-01,7.860599999999999532e-02,8.382299999999999474e-02,-3.923360000000000181e-01,6.839990000000000236e-01,-4.530580000000000163e-01,5.193529999999999536e-01,-1.060870000000000007e-01,4.355099999999999943e-02,2.722550000000000248e-01,-3.670780000000000154e-01,-9.261260000000000048e-01,3.716329999999999911e-01,-6.200900000000000301e-01,4.231700000000000045e-02,1.312099999999999933e-01,-1.146800000000000042e-01
-2.769599999999999840e-01,1.284919999999999951e-01,7.434359999999999857e-01,2.626660000000000106e-01,7.570100000000000440e-02,7.323100000000000442e-02,-9.591210000000000013e-01,-6.755900000000000238e-01,5.460030000000000161e-01,7.587900000000000200e-02,4.601109999999999922e-01,8.881100000000000105e-02,-2.617999999999999772e-01,-5.354670000000000263e-01,-2.357819999999999916e-01,-2.713300000000000087e-02,6.524879999999999569e-01,-2.487270000000000036e-01,2.617999999999999772e-01,1.163619999999999932e-01,7.942000000000000448e-02,8.399199999999999722e-02,-3.880890000000000173e-01,6.832080000000000375e-01,-4.512109999999999732e-01,5.156539999999999457e-01,-1.065920000000000062e-01,4.333599999999999952e-02,2.721640000000000170e-01,-3.642699999999999827e-01,-9.249450000000000172e-01,3.709129999999999927e-01,-6.216819999999999569e-01,4.198600000000000249e-02,1.312139999999999973e-01,-1.146670000000000050e-01
-2.773999999999999799e-01,1.288549999999999973e-01,7.435990000000000100e-01,2.628300000000000081e-01,7.551399999999999779e-02,7.360099999999999976e-02,-9.590619999999999701e-01,-6.752080000000000304e-01,5.477360000000000007e-01,7.689000000000000001e-02,4.586529999999999774e-01,9.040399999999999825e-02,-2.617999999999999772e-01,-5.339040000000000452e-01,-2.341550000000000020e-01,-2.763499999999999984e-02,6.515060000000000295e-01,-2.487139999999999906e-01,2.617999999999999772e-01,1.166060000000000013e-01,8.020599999999999952e-02,8.409400000000000208e-02,-3.837070000000000203e-01,6.824440000000000506e-01,-4.493170000000000219e-01,5.118009999999999504e-01,-1.070740000000000025e-01,4.321099999999999941e-02,2.720859999999999945e-01,-3.613879999999999870e-01,-9.237469999999999848e-01,3.701909999999999923e-01,-6.233630000000000004e-01,4.164400000000000046e-02,1.312689999999999968e-01,-1.146490000000000009e-01
-2.778169999999999806e-01,1.287149999999999961e-01,7.434990000000000210e-01,2.629400000000000071e-01,7.583299999999999763e-02,7.363100000000000200e-02,-9.590049999999999963e-01,-6.748830000000000107e-01,5.487600000000000255e-01,7.922600000000000475e-02,4.587959999999999816e-01,9.124200000000000366e-02,-2.617999999999999772e-01,-5.342750000000000554e-01,-2.346630000000000105e-01,-2.775100000000000136e-02,6.522940000000000405e-01,-2.491750000000000076e-01,2.617999999999999772e-01,1.158560000000000006e-01,8.076800000000000646e-02,8.459899999999999365e-02,-3.825509999999999744e-01,6.824489999999999723e-01,-4.488759999999999972e-01,5.129639999999999755e-01,-1.071050000000000058e-01,4.376800000000000135e-02,2.718149999999999733e-01,-3.611349999999999838e-01,-9.234820000000000251e-01,3.695910000000000029e-01,-6.265779999999999683e-01,4.113599999999999896e-02,1.314800000000000135e-01,-1.153399999999999981e-01
-2.781699999999999728e-01,1.288229999999999931e-01,7.434199999999999697e-01,2.629699999999999815e-01,7.615600000000000147e-02,7.370599999999999374e-02,-9.589649999999999563e-01,-6.752190000000000136e-01,5.497149999999999537e-01,8.072600000000000608e-02,4.587200000000000166e-01,9.141900000000000026e-02,-2.617999999999999772e-01,-5.349880000000000191e-01,-2.345289999999999875e-01,-2.770799999999999999e-02,6.534060000000000423e-01,-2.501079999999999970e-01,2.617999999999999772e-01,1.152389999999999942e-01,8.127500000000000002e-02,8.505999999999999672e-02,-3.820540000000000047e-01,6.825090000000000323e-01,-4.486720000000000153e-01,5.146079999999999544e-01,-1.072110000000000007e-01,4.407799999999999913e-02,2.714019999999999766e-01,-3.611730000000000218e-01,-9.230819999999999581e-01,3.690229999999999899e-01,-6.297080000000000455e-01,4.063400000000000345e-02,1.317850000000000132e-01,-1.159720000000000056e-01
-2.786089999999999955e-01,1.289329999999999921e-01,7.433380000000000543e-01,2.629960000000000075e-01,7.649400000000000643e-02,7.378800000000000636e-02,-9.589250000000000274e-01,-6.756210000000000271e-01,5.506809999999999761e-01,8.220800000000000329e-02,4.586790000000000034e-01,9.158499999999999974e-02,-2.617999999999999772e-01,-5.357579999999999565e-01,-2.343880000000000130e-01,-2.766400000000000109e-02,6.545400000000000107e-01,-2.510439999999999894e-01,2.617999999999999772e-01,1.146479999999999999e-01,8.177299999999999847e-02,8.548899999999999555e-02,-3.816260000000000208e-01,6.825620000000000021e-01,-4.485140000000000238e-01,5.163320000000000132e-01,-1.073339999999999989e-01,4.434400000000000147e-02,2.709790000000000254e-01,-3.612170000000000103e-01,-9.226739999999999942e-01,3.684399999999999897e-01,-6.328150000000000164e-01,4.013400000000000301e-02,1.320890000000000120e-01,-1.166019999999999973e-01
-2.782459999999999933e-01,1.291219999999999868e-01,7.432020000000000293e-01,2.634610000000000007e-01,7.632099999999999995e-02,7.369299999999999462e-02,-9.588179999999999481e-01,-6.763930000000000220e-01,5.502479999999999594e-01,8.224099999999999466e-02,4.584670000000000134e-01,9.170100000000000473e-02,-2.617999999999999772e-01,-5.361479999999999579e-01,-2.351469999999999949e-01,-2.798600000000000046e-02,6.557490000000000263e-01,-2.528059999999999752e-01,2.617999999999999772e-01,1.148210000000000064e-01,8.196199999999999319e-02,8.569000000000000228e-02,-3.829940000000000011e-01,6.809290000000000065e-01,-4.490210000000000035e-01,5.175089999999999968e-01,-1.080959999999999976e-01,4.446699999999999958e-02,2.706990000000000229e-01,-3.621920000000000139e-01,-9.217699999999999783e-01,3.712320000000000064e-01,-6.345020000000000104e-01,3.908500000000000169e-02,1.324430000000000052e-01,-1.160780000000000006e-01
-2.778930000000000011e-01,1.294079999999999953e-01,7.429839999999999778e-01,2.639239999999999919e-01,7.614300000000000235e-02,7.358199999999999463e-02,-9.587139999999999551e-01,-6.770059999999999967e-01,5.496600000000000374e-01,8.204799999999999593e-02,4.582930000000000059e-01,9.180699999999999972e-02,-2.617999999999999772e-01,-5.362729999999999997e-01,-2.359509999999999941e-01,-2.821500000000000050e-02,6.566629999999999967e-01,-2.545879999999999810e-01,2.617999999999999772e-01,1.147770000000000040e-01,8.226700000000000679e-02,8.583399999999999364e-02,-3.841939999999999800e-01,6.791300000000000114e-01,-4.495239999999999791e-01,5.187019999999999964e-01,-1.088620000000000004e-01,4.454500000000000126e-02,2.704980000000000162e-01,-3.635300000000000198e-01,-9.210509999999999531e-01,3.741949999999999998e-01,-6.359120000000000328e-01,3.800699999999999912e-02,1.328640000000000099e-01,-1.155970000000000053e-01
-2.775380000000000069e-01,1.296059999999999990e-01,7.427679999999999838e-01,2.643880000000000119e-01,7.595100000000000462e-02,7.347099999999999465e-02,-9.586090000000000444e-01,-6.775919999999999721e-01,5.490789999999999837e-01,8.185399999999999621e-02,4.581210000000000004e-01,9.191199999999999370e-02,-2.617999999999999772e-01,-5.363580000000000014e-01,-2.367470000000000130e-01,-2.845599999999999866e-02,6.575600000000000334e-01,-2.563630000000000075e-01,2.617999999999999772e-01,1.146960000000000063e-01,8.259800000000000475e-02,8.600499999999999812e-02,-3.853539999999999743e-01,6.773190000000000044e-01,-4.499719999999999831e-01,5.198920000000000208e-01,-1.096229999999999982e-01,4.461899999999999894e-02,2.703010000000000135e-01,-3.649549999999999739e-01,-9.203339999999999854e-01,3.772409999999999930e-01,-6.372759999999999536e-01,3.693699999999999761e-02,1.332720000000000016e-01,-1.151289999999999952e-01
-2.776319999999999899e-01,1.306090000000000029e-01,7.427719999999999878e-01,2.641780000000000239e-01,7.542899999999999605e-02,7.440599999999999992e-02,-9.586369999999999614e-01,-6.777440000000000131e-01,5.527600000000000291e-01,8.131900000000000239e-02,4.559699999999999864e-01,9.411100000000000021e-02,-2.617999999999999772e-01,-5.368920000000000359e-01,-2.320790000000000075e-01,-2.835899999999999879e-02,6.581909999999999705e-01,-2.551550000000000207e-01,2.617999999999999772e-01,1.166670000000000068e-01,8.385900000000000298e-02,8.536199999999999344e-02,-3.871319999999999761e-01,6.770639999999999992e-01,-4.485000000000000098e-01,5.281609999999999916e-01,-1.113259999999999944e-01,4.500400000000000234e-02,2.710670000000000024e-01,-3.668020000000000169e-01,-9.167039999999999633e-01,3.815979999999999928e-01,-6.338580000000000325e-01,3.616400000000000170e-02,1.332560000000000133e-01,-1.145609999999999962e-01
-2.773539999999999894e-01,1.310219999999999996e-01,7.426279999999999548e-01,2.640480000000000049e-01,7.517100000000000171e-02,7.492899999999999561e-02,-9.586519999999999486e-01,-6.780389999999999473e-01,5.543890000000000207e-01,8.139100000000000501e-02,4.547030000000000238e-01,9.454999999999999516e-02,-2.617999999999999772e-01,-5.371960000000000068e-01,-2.300490000000000035e-01,-2.842899999999999941e-02,6.577650000000000441e-01,-2.550669999999999882e-01,2.617999999999999772e-01,1.180070000000000008e-01,8.435499999999999943e-02,8.470099999999999851e-02,-3.891609999999999792e-01,6.760540000000000438e-01,-4.469230000000000147e-01,5.368760000000000199e-01,-1.131149999999999933e-01,4.512499999999999845e-02,2.718010000000000148e-01,-3.690669999999999784e-01,-9.135320000000000107e-01,3.863440000000000207e-01,-6.300109999999999877e-01,3.528900000000000092e-02,1.330979999999999941e-01,-1.138630000000000059e-01
-2.770799999999999930e-01,1.315290000000000070e-01,7.425669999999999771e-01,2.639349999999999752e-01,7.491899999999999948e-02,7.543099999999999805e-02,-9.586639999999999606e-01,-6.783270000000000133e-01,5.559650000000000425e-01,8.147699999999999387e-02,4.534239999999999937e-01,9.500300000000000411e-02,-2.617999999999999772e-01,-5.375490000000000546e-01,-2.280760000000000010e-01,-2.848600000000000090e-02,6.574440000000000284e-01,-2.550350000000000117e-01,2.617999999999999772e-01,1.192529999999999979e-01,8.480899999999999550e-02,8.405300000000000271e-02,-3.911839999999999762e-01,6.750570000000000181e-01,-4.452920000000000211e-01,5.456469999999999931e-01,-1.149010000000000031e-01,4.520300000000000012e-02,2.725159999999999805e-01,-3.714489999999999736e-01,-9.103339999999999765e-01,3.911930000000000129e-01,-6.260890000000000066e-01,3.442300000000000221e-02,1.329089999999999994e-01,-1.131830000000000058e-01
-2.777120000000000144e-01,1.305510000000000004e-01,7.426620000000000443e-01,2.646310000000000051e-01,7.420999999999999819e-02,7.489500000000000324e-02,-9.585690000000000044e-01,-6.768009999999999859e-01,5.550110000000000321e-01,8.159900000000000486e-02,4.567820000000000213e-01,9.243899999999999340e-02,-2.617999999999999772e-01,-5.335109999999999575e-01,-2.297909999999999953e-01,-2.680099999999999844e-02,6.583120000000000083e-01,-2.561339999999999728e-01,2.617999999999999772e-01,1.192899999999999933e-01,8.444300000000000417e-02,8.416700000000000570e-02,-3.905560000000000143e-01,6.732890000000000263e-01,-4.462920000000000220e-01,5.465039999999999898e-01,-1.155000000000000054e-01,4.504799999999999777e-02,2.722439999999999860e-01,-3.732739999999999947e-01,-9.086239999999999872e-01,3.960969999999999769e-01,-6.253579999999999695e-01,3.376900000000000041e-02,1.329480000000000106e-01,-1.123920000000000058e-01
-2.779320000000000124e-01,1.306759999999999866e-01,7.427040000000000308e-01,2.653079999999999883e-01,7.353899999999999326e-02,7.498000000000000498e-02,-9.584270000000000289e-01,-6.764740000000000197e-01,5.552979999999999583e-01,8.083200000000000107e-02,4.572890000000000010e-01,9.305299999999999683e-02,-2.617999999999999772e-01,-5.312360000000000415e-01,-2.291769999999999918e-01,-2.688099999999999865e-02,6.586849999999999650e-01,-2.571089999999999764e-01,2.617999999999999772e-01,1.198039999999999938e-01,8.454299999999999315e-02,8.508400000000000685e-02,-3.907360000000000277e-01,6.721909999999999830e-01,-4.468469999999999942e-01,5.466779999999999973e-01,-1.160400000000000043e-01,4.521700000000000025e-02,2.719150000000000178e-01,-3.757989999999999942e-01,-9.065940000000000110e-01,4.004969999999999919e-01,-6.247620000000000395e-01,3.328099999999999808e-02,1.332669999999999966e-01,-1.117770000000000014e-01
-2.782370000000000121e-01,1.307989999999999986e-01,7.426580000000000403e-01,2.659739999999999882e-01,7.289600000000000246e-02,7.508700000000000097e-02,-9.582829999999999959e-01,-6.762249999999999650e-01,5.556149999999999700e-01,8.004600000000000604e-02,4.577789999999999915e-01,9.368500000000000438e-02,-2.617999999999999772e-01,-5.290179999999999882e-01,-2.285280000000000089e-01,-2.696700000000000139e-02,6.590009999999999479e-01,-2.580359999999999876e-01,2.617999999999999772e-01,1.203369999999999995e-01,8.466200000000000114e-02,8.595300000000000162e-02,-3.909460000000000157e-01,6.711120000000000418e-01,-4.473889999999999811e-01,5.468239999999999768e-01,-1.165910000000000002e-01,4.543599999999999722e-02,2.715730000000000088e-01,-3.783610000000000029e-01,-9.045509999999999939e-01,4.048849999999999949e-01,-6.241569999999999618e-01,3.280600000000000183e-02,1.336060000000000025e-01,-1.111580000000000068e-01
-2.783050000000000246e-01,1.305929999999999869e-01,7.426559999999999828e-01,2.659250000000000225e-01,7.213500000000000467e-02,7.558900000000000341e-02,-9.583139999999999992e-01,-6.761819999999999498e-01,5.575200000000000156e-01,8.024199999999999389e-02,4.593909999999999938e-01,9.277799999999999936e-02,-2.617999999999999772e-01,-5.260529999999999928e-01,-2.268209999999999948e-01,-2.694699999999999873e-02,6.567410000000000192e-01,-2.587999999999999745e-01,2.617999999999999772e-01,1.204199999999999993e-01,8.526300000000000545e-02,8.588700000000000501e-02,-3.930790000000000117e-01,6.727090000000000014e-01,-4.459190000000000098e-01,5.548220000000000374e-01,-1.173249999999999987e-01,4.593599999999999767e-02,2.714010000000000034e-01,-3.787249999999999783e-01,-9.048890000000000544e-01,4.040839999999999987e-01,-6.172959999999999559e-01,3.316700000000000204e-02,1.338789999999999980e-01,-1.130069999999999963e-01
-2.781959999999999988e-01,1.304680000000000006e-01,7.426700000000000523e-01,2.658889999999999865e-01,7.143099999999999450e-02,7.610799999999999510e-02,-9.583359999999999657e-01,-6.762329999999999730e-01,5.593390000000000306e-01,8.005400000000000016e-02,4.610000000000000209e-01,9.160899999999999599e-02,-2.617999999999999772e-01,-5.231099999999999639e-01,-2.251259999999999928e-01,-2.694300000000000167e-02,6.541479999999999517e-01,-2.593099999999999850e-01,2.617999999999999772e-01,1.208020000000000066e-01,8.593699999999999950e-02,8.592299999999999938e-02,-3.958579999999999877e-01,6.741489999999999982e-01,-4.448300000000000032e-01,5.634149999999999991e-01,-1.180989999999999956e-01,4.610100000000000309e-02,2.711230000000000029e-01,-3.786220000000000141e-01,-9.055250000000000243e-01,4.026930000000000232e-01,-6.102539999999999631e-01,3.353600000000000331e-02,1.340020000000000100e-01,-1.148229999999999945e-01
-2.781719999999999748e-01,1.303400000000000114e-01,7.426859999999999573e-01,2.658479999999999732e-01,7.072199999999999320e-02,7.663000000000000367e-02,-9.583580000000000432e-01,-6.762899999999999467e-01,5.611739999999999506e-01,7.986100000000000143e-02,4.626270000000000104e-01,9.043099999999999750e-02,-2.617999999999999772e-01,-5.201529999999999765e-01,-2.234089999999999965e-01,-2.692400000000000002e-02,6.515210000000000168e-01,-2.597979999999999734e-01,2.617999999999999772e-01,1.213039999999999952e-01,8.662499999999999367e-02,8.596199999999999675e-02,-3.987800000000000233e-01,6.755219999999999558e-01,-4.438690000000000135e-01,5.721220000000000194e-01,-1.188860000000000056e-01,4.621600000000000014e-02,2.708340000000000192e-01,-3.783670000000000089e-01,-9.061930000000000263e-01,4.011219999999999786e-01,-6.032419999999999449e-01,3.391700000000000270e-02,1.341050000000000020e-01,-1.166210000000000024e-01
-2.779070000000000151e-01,1.299009999999999887e-01,7.428639999999999688e-01,2.651330000000000076e-01,6.984700000000000630e-02,7.796400000000000552e-02,-9.585129999999999484e-01,-6.767729999999999579e-01,5.650669999999999860e-01,7.969299999999999995e-02,4.645210000000000172e-01,8.817099999999999937e-02,-2.617999999999999772e-01,-5.162419999999999787e-01,-2.193839999999999957e-01,-2.740199999999999927e-02,6.454459999999999642e-01,-2.567229999999999790e-01,2.617999999999999772e-01,1.224660000000000054e-01,8.700700000000000101e-02,8.540999999999999981e-02,-4.010650000000000048e-01,6.852749999999999675e-01,-4.417130000000000223e-01,5.720439999999999969e-01,-1.194410000000000055e-01,4.540099999999999691e-02,2.700759999999999827e-01,-3.778099999999999792e-01,-9.122059999999999613e-01,4.001950000000000229e-01,-5.933079999999999465e-01,3.408800000000000024e-02,1.348679999999999879e-01,-1.182490000000000069e-01
-2.776750000000000052e-01,1.292820000000000080e-01,7.430719999999999548e-01,2.644299999999999984e-01,6.901500000000000690e-02,7.925799999999999512e-02,-9.586609999999999854e-01,-6.771439999999999682e-01,5.686890000000000001e-01,7.958999999999999408e-02,4.667669999999999875e-01,8.566600000000000603e-02,-2.617999999999999772e-01,-5.119949999999999779e-01,-2.158960000000000046e-01,-2.778200000000000114e-02,6.388730000000000242e-01,-2.539029999999999898e-01,2.617999999999999772e-01,1.234569999999999973e-01,8.753900000000000570e-02,8.475800000000000001e-02,-4.025610000000000022e-01,6.949459999999999527e-01,-4.391200000000000103e-01,5.713559999999999750e-01,-1.200559999999999961e-01,4.502500000000000252e-02,2.691540000000000044e-01,-3.774129999999999985e-01,-9.180989999999999984e-01,3.995440000000000103e-01,-5.831960000000000477e-01,3.428199999999999997e-02,1.354640000000000011e-01,-1.198000000000000037e-01
-2.773579999999999934e-01,1.286589999999999956e-01,7.432849999999999735e-01,2.637320000000000220e-01,6.817600000000000049e-02,8.054999999999999660e-02,-9.588060000000000471e-01,-6.774999999999999911e-01,5.723070000000000102e-01,7.948099999999999610e-02,4.690110000000000112e-01,8.315899999999999681e-02,-2.617999999999999772e-01,-5.077180000000000026e-01,-2.124080000000000135e-01,-2.813999999999999835e-02,6.322719999999999452e-01,-2.510689999999999866e-01,2.617999999999999772e-01,1.243579999999999963e-01,8.809300000000000463e-02,8.410900000000000321e-02,-4.038070000000000270e-01,7.044730000000000159e-01,-4.362139999999999906e-01,5.706470000000000153e-01,-1.206269999999999981e-01,4.468699999999999756e-02,2.681839999999999780e-01,-3.769810000000000105e-01,-9.237830000000000208e-01,3.988550000000000151e-01,-5.730140000000000233e-01,3.447599999999999970e-02,1.360010000000000108e-01,-1.213479999999999975e-01
-2.781379999999999963e-01,1.278390000000000082e-01,7.436880000000000157e-01,2.645739999999999759e-01,6.713199999999999723e-02,8.368799999999999850e-02,-9.583789999999999809e-01,-6.806410000000000515e-01,5.785529999999999839e-01,7.556699999999999529e-02,4.712319999999999842e-01,8.137099999999999889e-02,-2.617999999999999772e-01,-4.969089999999999896e-01,-2.057400000000000062e-01,-3.271899999999999809e-02,6.192130000000000134e-01,-2.491839999999999888e-01,2.617999999999999772e-01,1.275340000000000085e-01,8.783699999999999841e-02,8.196199999999999319e-02,-3.987459999999999893e-01,7.335399999999999698e-01,-4.280289999999999928e-01,5.831100000000000172e-01,-1.216649999999999954e-01,4.401399999999999757e-02,2.678360000000000185e-01,-3.727469999999999950e-01,-9.372209999999999708e-01,3.891839999999999744e-01,-5.777769999999999850e-01,3.631800000000000306e-02,1.348499999999999976e-01,-1.249870000000000009e-01
-2.785440000000000138e-01,1.267560000000000076e-01,7.441809999999999814e-01,2.655959999999999988e-01,6.623300000000000021e-02,8.667900000000000604e-02,-9.578929999999999945e-01,-6.842230000000000256e-01,5.835050000000000514e-01,7.206799999999999318e-02,4.732180000000000275e-01,8.008800000000000641e-02,-2.617999999999999772e-01,-4.860880000000000201e-01,-1.999700000000000089e-01,-3.706000000000000266e-02,6.047280000000000433e-01,-2.461710000000000009e-01,2.617999999999999772e-01,1.307659999999999934e-01,8.770799999999999430e-02,8.014699999999999602e-02,-3.938630000000000186e-01,7.619529999999999914e-01,-4.195280000000000120e-01,5.961520000000000152e-01,-1.227950000000000014e-01,4.281000000000000083e-02,2.671229999999999993e-01,-3.667050000000000032e-01,-9.505320000000000435e-01,3.774589999999999890e-01,-5.838320000000000176e-01,3.804199999999999943e-02,1.340699999999999947e-01,-1.283370000000000066e-01
-2.789619999999999878e-01,1.256609999999999949e-01,7.446949999999999958e-01,2.666220000000000256e-01,6.530500000000000194e-02,8.967799999999999383e-02,-9.573949999999999960e-01,-6.878069999999999462e-01,5.884679999999999911e-01,6.851000000000000145e-02,4.751270000000000215e-01,7.884800000000000142e-02,-2.617999999999999772e-01,-4.751850000000000240e-01,-1.941019999999999968e-01,-4.127900000000000319e-02,5.900659999999999794e-01,-2.430879999999999985e-01,2.617999999999999772e-01,1.341779999999999917e-01,8.757800000000000307e-02,7.832500000000000573e-02,-3.885219999999999785e-01,7.896339999999999471e-01,-4.101670000000000038e-01,6.096390000000000420e-01,-1.238100000000000034e-01,4.147100000000000092e-02,2.661959999999999882e-01,-3.593859999999999832e-01,-9.630300000000000527e-01,3.643410000000000259e-01,-5.901009999999999867e-01,3.968399999999999705e-02,1.332000000000000128e-01,-1.316039999999999988e-01
-2.809869999999999868e-01,1.240639999999999937e-01,7.454819999999999780e-01,2.711990000000000234e-01,6.295399999999999607e-02,9.420099999999999307e-02,-9.558320000000000149e-01,-6.914599999999999635e-01,5.938790000000000457e-01,5.949000000000000121e-02,4.758700000000000152e-01,7.768100000000000005e-02,-2.617999999999999772e-01,-4.524179999999999868e-01,-1.877810000000000035e-01,-5.501899999999999846e-02,5.690479999999999983e-01,-2.413210000000000077e-01,2.617999999999999772e-01,1.420160000000000033e-01,8.377400000000000124e-02,7.337899999999999978e-02,-3.673460000000000059e-01,8.187119999999999953e-01,-3.860850000000000115e-01,5.730370000000000186e-01,-1.265209999999999946e-01,3.648400000000000254e-02,2.717979999999999841e-01,-3.321410000000000196e-01,-9.880769999999999831e-01,3.290089999999999959e-01,-6.010309999999999819e-01,4.511199999999999932e-02,1.295560000000000045e-01,-1.418939999999999924e-01
-2.826940000000000008e-01,1.223100000000000021e-01,7.463490000000000402e-01,2.759889999999999843e-01,6.066400000000000264e-02,9.865100000000000258e-02,-9.541579999999999506e-01,-6.955740000000000256e-01,5.983849999999999447e-01,5.120399999999999952e-02,4.760610000000000119e-01,7.749499999999999444e-02,-2.617999999999999772e-01,-4.290889999999999982e-01,-1.817340000000000066e-01,-6.872699999999999643e-02,5.457800000000000429e-01,-2.381109999999999893e-01,2.617999999999999772e-01,1.501329999999999887e-01,8.025999999999999801e-02,6.829899999999999860e-02,-3.421850000000000169e-01,8.459820000000000118e-01,-3.583859999999999824e-01,5.324769999999999781e-01,-1.284349999999999936e-01,3.390300000000000258e-02,2.778430000000000066e-01,-2.983460000000000001e-01,-1.011786000000000074e+00,2.873149999999999871e-01,-6.143340000000000467e-01,5.029800000000000243e-02,1.257209999999999994e-01,-1.519179999999999975e-01
-2.845280000000000031e-01,1.204589999999999966e-01,7.473589999999999955e-01,2.808069999999999733e-01,5.829000000000000153e-02,1.031590000000000007e-01,-9.524219999999999908e-01,-6.998649999999999594e-01,6.030370000000000452e-01,4.266699999999999660e-02,4.759959999999999747e-01,7.750100000000000044e-02,-2.617999999999999772e-01,-4.054490000000000038e-01,-1.751310000000000089e-01,-8.231399999999999828e-02,5.218800000000000106e-01,-2.346910000000000107e-01,2.617999999999999772e-01,1.583390000000000075e-01,7.681399999999999340e-02,6.307000000000000106e-02,-3.145160000000000178e-01,8.711060000000000469e-01,-3.270109999999999961e-01,4.920999999999999819e-01,-1.297929999999999917e-01,3.148700000000000110e-02,2.836350000000000260e-01,-2.597360000000000224e-01,-1.032418999999999976e+00,2.405579999999999941e-01,-6.285129999999999884e-01,5.525499999999999856e-02,1.214530000000000054e-01,-1.618459999999999899e-01
-2.895369999999999888e-01,1.204220000000000013e-01,7.478449999999999820e-01,2.995670000000000277e-01,5.280800000000000077e-02,1.087940000000000018e-01,-9.463799999999999990e-01,-7.109689999999999621e-01,5.953880000000000283e-01,1.383099999999999954e-02,4.706179999999999808e-01,8.705899999999999750e-02,-2.617999999999999772e-01,-3.707810000000000272e-01,-1.658320000000000072e-01,-1.065789999999999932e-01,5.181440000000000490e-01,-2.416389999999999927e-01,2.617999999999999772e-01,1.689489999999999881e-01,7.496600000000000485e-02,5.884600000000000247e-02,-3.000619999999999954e-01,8.599949999999999539e-01,-3.225489999999999746e-01,2.696979999999999933e-01,-1.183629999999999960e-01,2.803500000000000089e-02,2.871179999999999843e-01,-2.135249999999999926e-01,-1.026216999999999935e+00,2.028240000000000043e-01,-6.423060000000000436e-01,5.998900000000000066e-02,1.189859999999999945e-01,-1.678939999999999877e-01
-2.948859999999999815e-01,1.193509999999999988e-01,7.484210000000000029e-01,3.187369999999999925e-01,4.733899999999999914e-02,1.135369999999999990e-01,-9.398269999999999680e-01,-7.212849999999999540e-01,5.855839999999999934e-01,-1.406699999999999964e-02,4.667069999999999830e-01,9.467599999999999627e-02,-2.617999999999999772e-01,-3.341210000000000013e-01,-1.593779999999999919e-01,-1.290669999999999873e-01,5.126979999999999871e-01,-2.489820000000000089e-01,2.617999999999999772e-01,1.775480000000000114e-01,7.112400000000000666e-02,5.411599999999999744e-02,-2.794479999999999742e-01,8.477980000000000516e-01,-3.135950000000000126e-01,4.252000000000000224e-02,-1.051900000000000057e-01,2.921100000000000085e-02,2.887310000000000154e-01,-1.636380000000000057e-01,-1.014424999999999910e+00,1.619430000000000036e-01,-6.569779999999999509e-01,6.403599999999999570e-02,1.156100000000000044e-01,-1.735440000000000038e-01
-3.003170000000000006e-01,1.180270000000000069e-01,7.491269999999999873e-01,3.377560000000000007e-01,4.180699999999999694e-02,1.182249999999999968e-01,-9.328429999999999778e-01,-7.318940000000000445e-01,5.758950000000000458e-01,-4.193700000000000205e-02,4.619289999999999785e-01,1.029820000000000041e-01,-2.617999999999999772e-01,-2.967989999999999795e-01,-1.526839999999999864e-01,-1.509759999999999991e-01,5.044790000000000108e-01,-2.548210000000000197e-01,2.617999999999999772e-01,1.849969999999999948e-01,6.624800000000000133e-02,4.887799999999999784e-02,-2.600979999999999959e-01,8.341410000000000213e-01,-3.029089999999999838e-01,-1.758730000000000016e-01,-9.242300000000000515e-02,2.443499999999999839e-02,2.870480000000000254e-01,-1.132979999999999959e-01,-9.961010000000000142e-01,1.200630000000000031e-01,-6.720869999999999900e-01,6.767700000000000105e-02,1.120379999999999987e-01,-1.796939999999999926e-01
-3.098549999999999915e-01,1.154459999999999931e-01,7.478920000000000012e-01,3.673810000000000131e-01,3.463499999999999912e-02,1.191470000000000029e-01,-9.217570000000000485e-01,-7.455899999999999750e-01,5.461890000000000356e-01,-8.544499999999999318e-02,4.766469999999999874e-01,9.994699999999999418e-02,-2.617999999999999772e-01,-2.432020000000000015e-01,-1.409779999999999922e-01,-1.582250000000000045e-01,5.064119999999999733e-01,-2.797950000000000159e-01,2.617999999999999772e-01,2.050559999999999883e-01,5.355399999999999744e-02,4.197700000000000042e-02,-2.337170000000000081e-01,7.889850000000000474e-01,-3.139759999999999773e-01,-3.099439999999999973e-01,-8.768399999999999805e-02,2.875499999999999931e-02,2.725009999999999932e-01,-8.963000000000000134e-02,-9.425959999999999894e-01,1.267320000000000113e-01,-7.089050000000000074e-01,7.430499999999999605e-02,1.065539999999999959e-01,-1.691249999999999976e-01
-3.188590000000000035e-01,1.122770000000000018e-01,7.466099999999999959e-01,3.974790000000000267e-01,2.767500000000000168e-02,1.190979999999999955e-01,-9.094280000000000141e-01,-7.600999999999999979e-01,5.132170000000000343e-01,-1.272850000000000092e-01,4.923930000000000251e-01,9.734800000000000397e-02,-2.617999999999999772e-01,-1.911069999999999991e-01,-1.325629999999999864e-01,-1.650790000000000035e-01,5.101210000000000466e-01,-3.043239999999999834e-01,2.617999999999999772e-01,2.198450000000000126e-01,4.008899999999999963e-02,3.661600000000000271e-02,-2.043689999999999951e-01,7.418289999999999607e-01,-3.173449999999999882e-01,-4.376090000000000257e-01,-8.338299999999999879e-02,2.888100000000000042e-02,2.581269999999999953e-01,-6.793599999999999639e-02,-8.841259999999999675e-01,1.346400000000000097e-01,-7.465169999999999861e-01,8.093000000000000194e-02,1.011350000000000027e-01,-1.599470000000000058e-01
-3.268619999999999859e-01,1.086369999999999975e-01,7.457540000000000280e-01,4.258560000000000123e-01,2.142499999999999960e-02,1.199260000000000048e-01,-8.965520000000000156e-01,-7.747509999999999675e-01,4.823839999999999795e-01,-1.666650000000000076e-01,5.028890000000000304e-01,9.867499999999999882e-02,-2.608469999999999955e-01,-1.415599999999999914e-01,-1.226129999999999998e-01,-1.694599999999999995e-01,5.074629999999999974e-01,-3.227090000000000236e-01,2.617999999999999772e-01,2.369050000000000045e-01,2.560600000000000029e-02,3.019399999999999862e-02,-1.763629999999999920e-01,6.955500000000000016e-01,-3.143210000000000170e-01,-5.557809999999999695e-01,-8.220900000000000429e-02,2.029399999999999954e-02,2.431919999999999915e-01,-3.898100000000000176e-02,-8.180479999999999974e-01,1.339490000000000125e-01,-7.887420000000000542e-01,8.811399999999999788e-02,9.381899999999999962e-02,-1.515350000000000030e-01
-3.250359999999999916e-01,1.018730000000000052e-01,7.434509999999999730e-01,4.484719999999999818e-01,1.673399999999999888e-02,1.172590000000000021e-01,-8.859139999999999793e-01,-7.853999999999999870e-01,4.346050000000000191e-01,-1.979329999999999978e-01,5.274780000000000024e-01,9.269199999999999662e-02,-2.502019999999999800e-01,-8.897900000000000253e-02,-1.358439999999999925e-01,-1.811589999999999867e-01,4.826409999999999867e-01,-3.344139999999999890e-01,2.617999999999999772e-01,2.800590000000000024e-01,3.930000000000000117e-04,2.775899999999999895e-02,-1.721119999999999872e-01,6.465530000000000443e-01,-3.136209999999999831e-01,-4.891010000000000080e-01,-8.169600000000000473e-02,3.789000000000000007e-02,2.223299999999999998e-01,-4.372999999999999804e-02,-7.172690000000000454e-01,1.571819999999999884e-01,-7.168550000000000200e-01,8.952799999999999647e-02,1.022740000000000038e-01,-1.373350000000000126e-01
-3.251580000000000026e-01,9.419399999999999995e-02,7.404049999999999798e-01,4.761469999999999869e-01,1.568200000000000149e-02,1.070849999999999996e-01,-8.726800000000000113e-01,-7.973519999999999497e-01,3.647270000000000234e-01,-2.217149999999999954e-01,5.709410000000000318e-01,7.481000000000000150e-02,-2.372710000000000097e-01,-4.273699999999999721e-02,-1.722660000000000025e-01,-1.969239999999999879e-01,4.916429999999999967e-01,-3.708890000000000242e-01,2.617999999999999772e-01,3.091780000000000084e-01,-2.275399999999999992e-02,3.191800000000000193e-02,-1.701390000000000124e-01,5.636170000000000346e-01,-3.052739999999999898e-01,-3.951779999999999737e-01,-7.759800000000000031e-02,3.976299999999999973e-02,2.013060000000000127e-01,-4.884499999999999953e-02,-6.308369999999999811e-01,1.800859999999999961e-01,-6.344300000000000495e-01,9.073100000000000609e-02,9.961100000000000509e-02,-1.243699999999999944e-01
-3.249799999999999911e-01,8.684000000000000052e-02,7.370130000000000292e-01,5.036420000000000341e-01,1.515400000000000080e-02,9.681599999999999928e-02,-8.583370000000000166e-01,-8.089699999999999669e-01,2.941980000000000151e-01,-2.444999999999999951e-01,6.130360000000000253e-01,5.911500000000000088e-02,-2.251769999999999883e-01,1.413999999999999892e-03,-2.102900000000000047e-01,-2.142010000000000025e-01,5.073499999999999677e-01,-4.110090000000000132e-01,2.617999999999999772e-01,3.365699999999999803e-01,-4.437900000000000178e-02,3.681600000000000150e-02,-1.603749999999999898e-01,4.740289999999999782e-01,-2.862460000000000004e-01,-2.973169999999999980e-01,-7.138600000000000501e-02,3.762200000000000266e-02,1.799209999999999976e-01,-4.209700000000000247e-02,-5.393409999999999593e-01,1.949269999999999892e-01,-5.566910000000000469e-01,9.263799999999999812e-02,9.373800000000000188e-02,-1.136540000000000050e-01
-3.213219999999999965e-01,8.032799999999999663e-02,7.316599999999999770e-01,5.240939999999999488e-01,1.603699999999999917e-02,8.519100000000000283e-02,-8.472370000000000179e-01,-8.194909999999999695e-01,2.305709999999999982e-01,-2.450390000000000068e-01,6.591169999999999529e-01,3.321400000000000047e-02,-2.083419999999999994e-01,1.664799999999999960e-02,-2.567670000000000230e-01,-2.240649999999999864e-01,5.543979999999999464e-01,-4.497860000000000191e-01,2.617999999999999772e-01,3.848900000000000099e-01,-5.288000000000000339e-02,5.040000000000000036e-02,-1.625350000000000128e-01,3.772209999999999730e-01,-2.907480000000000064e-01,-2.797100000000000142e-01,-6.513800000000000145e-02,3.012099999999999847e-02,1.454249999999999987e-01,-1.237639999999999990e-01,-4.612569999999999726e-01,2.390160000000000062e-01,-3.000030000000000197e-01,8.407100000000000684e-02,9.219399999999999817e-02,-6.425599999999999368e-02
-3.178739999999999899e-01,7.352699999999999514e-02,7.264369999999999994e-01,5.434360000000000301e-01,1.812000000000000069e-02,7.403400000000000258e-02,-8.359830000000000316e-01,-8.293059999999999876e-01,1.689170000000000116e-01,-2.432350000000000068e-01,7.007940000000000280e-01,9.416000000000000758e-03,-1.912719999999999976e-01,3.268700000000000078e-02,-3.028310000000000168e-01,-2.327940000000000009e-01,5.967310000000000114e-01,-4.863469999999999738e-01,2.617999999999999772e-01,4.319769999999999999e-01,-6.137299999999999700e-02,6.331399999999999528e-02,-1.506119999999999959e-01,2.833330000000000015e-01,-2.835900000000000087e-01,-2.735369999999999746e-01,-6.018400000000000138e-02,2.769699999999999940e-02,1.115990000000000038e-01,-1.853819999999999912e-01,-3.611469999999999958e-01,2.725469999999999837e-01,-4.640299999999999980e-02,6.412700000000000344e-02,8.688500000000000389e-02,-1.693499999999999867e-02
-3.146729999999999805e-01,6.668300000000000616e-02,7.208839999999999693e-01,5.623430000000000373e-01,2.098399999999999918e-02,6.295299999999999507e-02,-8.242369999999999974e-01,-8.396409999999999707e-01,1.078429999999999944e-01,-2.401389999999999914e-01,7.418479999999999519e-01,-1.427199999999999996e-02,-1.749620000000000064e-01,4.954700000000000076e-02,-3.493260000000000254e-01,-2.415879999999999972e-01,6.391470000000000207e-01,-5.238559999999999883e-01,2.617999999999999772e-01,4.797310000000000185e-01,-7.025700000000000001e-02,7.639500000000000457e-02,-1.318620000000000070e-01,1.898050000000000015e-01,-2.746799999999999797e-01,-2.706569999999999809e-01,-5.514100000000000251e-02,2.636700000000000155e-02,7.825799999999999423e-02,-2.238459999999999894e-01,-2.471659999999999968e-01,2.899360000000000270e-01,2.022829999999999906e-01,3.418199999999999711e-02,8.176700000000000634e-02,2.613199999999999898e-02
-3.220520000000000049e-01,6.219800000000000328e-02,7.138759999999999550e-01,5.797430000000000083e-01,2.409700000000000036e-02,5.912499999999999700e-02,-8.122939999999999605e-01,-8.666740000000000554e-01,7.710100000000000287e-02,-2.401399999999999924e-01,7.923949999999999605e-01,-4.053500000000000159e-02,-1.711280000000000023e-01,7.733099999999999696e-02,-3.521779999999999911e-01,-2.627300000000000191e-01,6.563299999999999690e-01,-5.698260000000000547e-01,2.617999999999999772e-01,5.022010000000000085e-01,-8.802000000000000102e-02,8.737100000000000422e-02,-1.088100000000000039e-01,1.482459999999999889e-01,-2.486200000000000077e-01,-1.685959999999999959e-01,-4.034100000000000186e-02,3.059800000000000020e-02,4.703399999999999942e-02,-2.178799999999999903e-01,-1.975570000000000104e-01,2.643099999999999894e-01,1.940929999999999878e-01,1.035999999999999942e-02,5.975300000000000056e-02,2.987700000000000078e-02
-3.265190000000000037e-01,5.900199999999999889e-02,7.081060000000000132e-01,5.951429999999999776e-01,2.588599999999999929e-02,5.901399999999999701e-02,-8.010319999999999663e-01,-8.925889999999999658e-01,5.320199999999999929e-02,-2.420309999999999961e-01,8.284770000000000190e-01,-5.524400000000000144e-02,-1.650149999999999950e-01,1.027649999999999952e-01,-3.459909999999999930e-01,-2.805949999999999833e-01,6.573210000000000441e-01,-6.006289999999999685e-01,2.617999999999999772e-01,5.305900000000000061e-01,-1.010260000000000047e-01,9.494400000000000062e-02,-9.741700000000000359e-02,9.603100000000000525e-02,-2.362789999999999890e-01,-4.700000000000000011e-02,-2.200900000000000079e-02,3.030800000000000161e-02,1.587600000000000122e-02,-2.202230000000000021e-01,-1.446330000000000116e-01,2.431560000000000110e-01,1.964730000000000087e-01,-1.720100000000000101e-02,4.585499999999999993e-02,3.104600000000000068e-02
-3.307459999999999845e-01,5.563799999999999996e-02,7.027740000000000098e-01,6.101459999999999662e-01,2.757300000000000029e-02,5.938700000000000229e-02,-7.895790000000000308e-01,-9.178840000000000332e-01,2.995499999999999899e-02,-2.437130000000000130e-01,8.623049999999999882e-01,-6.884400000000000241e-02,-1.588299999999999990e-01,1.284810000000000119e-01,-3.384139999999999926e-01,-2.975709999999999744e-01,6.547629999999999839e-01,-6.290040000000000076e-01,2.617999999999999772e-01,5.603449999999999820e-01,-1.132689999999999947e-01,1.024769999999999986e-01,-8.980000000000000482e-02,4.167099999999999971e-02,-2.374080000000000079e-01,7.878400000000000680e-02,-1.154000000000000078e-03,2.860499999999999848e-02,-1.374000000000000048e-02,-2.338749999999999996e-01,-9.830300000000000149e-02,2.326050000000000062e-01,2.099999999999999922e-01,-4.736800000000000038e-02,3.423099999999999754e-02,3.257600000000000079e-02
-3.359469999999999956e-01,5.852399999999999963e-02,7.013329999999999842e-01,6.115709999999999757e-01,2.384800000000000114e-02,6.375599999999999323e-02,-7.882559999999999567e-01,-9.249600000000000044e-01,4.254299999999999748e-02,-2.596950000000000092e-01,8.675040000000000529e-01,-7.536700000000000343e-02,-1.684350000000000014e-01,1.290300000000000058e-01,-3.111670000000000269e-01,-3.010860000000000203e-01,6.536410000000000275e-01,-6.333959999999999591e-01,2.617999999999999772e-01,5.734390000000000320e-01,-1.025319999999999981e-01,1.120059999999999945e-01,-8.781400000000000317e-02,2.362300000000000164e-02,-1.743319999999999870e-01,3.503200000000000064e-02,-2.324000000000000111e-03,1.531000000000000026e-03,-6.804000000000000152e-03,-1.947119999999999962e-01,-7.844299999999999884e-02,1.698280000000000067e-01,1.455329999999999957e-01,-2.476700000000000082e-02,1.699099999999999916e-02,2.417000000000000051e-02
-3.367809999999999970e-01,6.343799999999999439e-02,7.027670000000000305e-01,6.083929999999999616e-01,1.848100000000000090e-02,7.500400000000000122e-02,-7.898669999999999858e-01,-9.305080000000000018e-01,7.123500000000000665e-02,-2.786449999999999760e-01,8.469980000000000286e-01,-6.378799999999999748e-02,-1.748240000000000072e-01,1.233709999999999946e-01,-2.685910000000000242e-01,-2.960300000000000153e-01,6.218310000000000226e-01,-6.098409999999999664e-01,2.617999999999999772e-01,5.954890000000000461e-01,-8.947099999999999498e-02,1.157230000000000064e-01,-1.015230000000000021e-01,2.952700000000000116e-02,-1.331040000000000001e-01,-3.227499999999999813e-02,-1.091600000000000036e-02,-7.400999999999999593e-03,3.203999999999999817e-03,-1.780940000000000023e-01,-6.339100000000000290e-02,1.179370000000000002e-01,8.608499999999999486e-02,-3.943999999999999589e-03,1.384600000000000067e-02,1.083100000000000035e-02
-3.419229999999999769e-01,6.607899999999999885e-02,7.018290000000000362e-01,6.082440000000000069e-01,1.513800000000000041e-02,8.062500000000000222e-02,-7.894999999999999796e-01,-9.378609999999999447e-01,8.846099999999999797e-02,-2.940889999999999893e-01,8.470990000000000464e-01,-6.822400000000000686e-02,-1.842280000000000029e-01,1.237010000000000054e-01,-2.386350000000000138e-01,-2.969249999999999945e-01,6.114899999999999780e-01,-6.080250000000000377e-01,2.617999999999999772e-01,6.112889999999999713e-01,-8.358000000000000151e-02,1.225050000000000028e-01,-1.143570000000000003e-01,4.740500000000000269e-02,-1.110820000000000002e-01,-1.124259999999999982e-01,-1.984000000000000000e-02,-1.220800000000000010e-02,1.393299999999999920e-02,-1.748540000000000094e-01,-6.946800000000000197e-02,8.734599999999999309e-02,3.050200000000000133e-02,1.672399999999999928e-02,1.180299999999999926e-02,3.791999999999999798e-03
-3.430300000000000016e-01,6.891400000000000303e-02,7.037170000000000369e-01,6.036080000000000334e-01,1.032100000000000031e-02,8.504799999999999860e-02,-7.926649999999999530e-01,-9.340929999999999511e-01,1.118569999999999981e-01,-3.002449999999999841e-01,8.367269999999999985e-01,-6.241100000000000120e-02,-1.884160000000000001e-01,1.208420000000000050e-01,-2.136470000000000036e-01,-2.834059999999999913e-01,5.975869999999999793e-01,-5.868959999999999733e-01,2.617999999999999772e-01,5.857700000000000129e-01,-7.333900000000000141e-02,1.226209999999999939e-01,-1.630089999999999872e-01,1.047659999999999980e-01,-9.809299999999999964e-02,-9.640400000000000358e-02,-2.038799999999999987e-02,-3.921000000000000006e-03,3.397100000000000120e-02,-1.651340000000000030e-01,-9.266299999999999537e-02,7.409799999999999720e-02,1.624999999999999925e-03,3.842999999999999888e-02,8.711999999999999258e-03,-1.936399999999999927e-02
-3.443880000000000274e-01,7.173200000000000409e-02,7.056449999999999667e-01,5.992150000000000531e-01,5.782999999999999946e-03,8.922199999999999576e-02,-7.955799999999999539e-01,-9.295309999999999961e-01,1.347170000000000034e-01,-3.059790000000000010e-01,8.239870000000000250e-01,-5.531799999999999912e-02,-1.925119999999999887e-01,1.188120000000000009e-01,-1.894929999999999948e-01,-2.710919999999999996e-01,5.829699999999999882e-01,-5.651580000000000492e-01,2.617999999999999772e-01,5.586090000000000222e-01,-6.441099999999999604e-02,1.226150000000000018e-01,-2.272510000000000085e-01,1.691139999999999866e-01,-1.044540000000000052e-01,-7.198400000000000631e-02,-2.227600000000000066e-02,-9.929999999999999591e-04,5.482499999999999873e-02,-1.753379999999999939e-01,-1.218940000000000023e-01,7.750500000000000445e-02,-1.371799999999999929e-02,5.837400000000000228e-02,5.910999999999999588e-03,-4.442299999999999721e-02
-3.459360000000000213e-01,7.460500000000000465e-02,7.076099999999999612e-01,5.948849999999999971e-01,1.337999999999999997e-03,9.326600000000000168e-02,-7.983799999999999786e-01,-9.248669999999999947e-01,1.575080000000000091e-01,-3.116090000000000249e-01,8.109530000000000349e-01,-4.810999999999999999e-02,-1.968370000000000120e-01,1.173099999999999976e-01,-1.657899999999999929e-01,-2.593429999999999902e-01,5.686099999999999488e-01,-5.436739999999999906e-01,2.617999999999999772e-01,5.312900000000000400e-01,-5.573899999999999688e-02,1.225679999999999964e-01,-3.047250000000000236e-01,2.416899999999999882e-01,-1.271490000000000120e-01,-4.657700000000000035e-02,-2.547400000000000012e-02,1.031999999999999931e-03,7.711800000000000599e-02,-2.020089999999999941e-01,-1.576269999999999893e-01,9.393400000000000361e-02,-1.954799999999999940e-02,7.722199999999999898e-02,3.507999999999999834e-03,-7.066000000000000059e-02
-3.442549999999999777e-01,7.381200000000000261e-02,7.113150000000000306e-01,5.884960000000000191e-01,-1.659000000000000101e-03,9.379700000000000537e-02,-8.030389999999999473e-01,-9.060510000000000508e-01,1.719839999999999980e-01,-3.109580000000000122e-01,7.943550000000000333e-01,-4.637600000000000056e-02,-1.987150000000000027e-01,1.126349999999999990e-01,-1.522699999999999887e-01,-2.180559999999999998e-01,5.623150000000000093e-01,-4.973839999999999928e-01,2.617999999999999772e-01,4.628680000000000017e-01,-4.140499999999999736e-02,1.271519999999999873e-01,-3.662710000000000132e-01,3.399420000000000219e-01,-1.752259999999999929e-01,1.395939999999999959e-01,-3.234299999999999675e-02,2.059199999999999919e-02,1.010780000000000012e-01,-2.066800000000000026e-01,-1.916990000000000083e-01,1.225969999999999976e-01,-1.332000000000000024e-02,9.206799999999999706e-02,5.074999999999999650e-03,-9.779100000000000292e-02
-3.432009999999999783e-01,7.303500000000000270e-02,7.151049999999999907e-01,5.824580000000000313e-01,-4.597000000000000391e-03,9.421599999999999420e-02,-8.073690000000000033e-01,-8.862809999999999855e-01,1.863110000000000044e-01,-3.110609999999999764e-01,7.764630000000000143e-01,-4.441599999999999715e-02,-2.012970000000000037e-01,1.087639999999999996e-01,-1.385500000000000065e-01,-1.787239999999999940e-01,5.569140000000000201e-01,-4.518320000000000114e-01,2.617999999999999772e-01,3.922930000000000028e-01,-2.936899999999999927e-02,1.290139999999999898e-01,-4.405410000000000159e-01,4.409540000000000126e-01,-2.321050000000000058e-01,3.418459999999999832e-01,-4.136599999999999999e-02,2.727999999999999869e-02,1.258110000000000062e-01,-2.132620000000000071e-01,-2.266299999999999981e-01,1.567350000000000132e-01,-7.720000000000000299e-03,1.048990000000000061e-01,6.935000000000000192e-03,-1.274339999999999917e-01
-3.428189999999999849e-01,7.225700000000000178e-02,7.190499999999999670e-01,5.763369999999999882e-01,-7.490000000000000130e-03,9.497800000000000686e-02,-8.116389999999999993e-01,-8.665030000000000232e-01,2.016670000000000129e-01,-3.120919999999999805e-01,7.579360000000000541e-01,-4.256499999999999867e-02,-2.048629999999999896e-01,1.047809999999999991e-01,-1.239480000000000026e-01,-1.404249999999999943e-01,5.520549999999999624e-01,-4.064670000000000227e-01,2.617999999999999772e-01,3.218790000000000262e-01,-1.787499999999999853e-02,1.296710000000000085e-01,-5.225750000000000117e-01,5.460639999999999938e-01,-2.923939999999999872e-01,5.463090000000000446e-01,-5.253499999999999837e-02,3.057199999999999848e-02,1.507169999999999899e-01,-2.192230000000000012e-01,-2.625000000000000111e-01,1.913060000000000038e-01,-4.246999999999999907e-03,1.165110000000000035e-01,7.588000000000000127e-03,-1.584899999999999920e-01
-3.380389999999999784e-01,7.138899999999999413e-02,7.243849999999999456e-01,5.673690000000000122e-01,-7.644999999999999886e-03,9.359199999999999464e-02,-8.180920000000000414e-01,-8.419699999999999962e-01,2.230020000000000058e-01,-2.766640000000000210e-01,7.251809999999999645e-01,-3.093200000000000116e-02,-1.915789999999999993e-01,7.468800000000000439e-02,-1.306309999999999971e-01,-1.234429999999999972e-01,5.578619999999999690e-01,-3.887840000000000185e-01,2.617999999999999772e-01,2.647439999999999793e-01,-7.590999999999999658e-03,1.353620000000000101e-01,-5.409850000000000492e-01,6.253459999999999575e-01,-3.360879999999999979e-01,6.303860000000000019e-01,-7.809299999999999575e-02,1.515299999999999980e-02,1.758419999999999983e-01,-2.305669999999999942e-01,-3.233489999999999975e-01,2.320949999999999958e-01,-7.369399999999999562e-02,1.177210000000000062e-01,1.028399999999999974e-02,-1.654609999999999970e-01
-3.333780000000000077e-01,7.016000000000000014e-02,7.298280000000000323e-01,5.581199999999999495e-01,-6.128999999999999899e-03,9.284000000000000585e-02,-8.245270000000000099e-01,-8.183340000000000058e-01,2.434020000000000072e-01,-2.402600000000000013e-01,6.896160000000000068e-01,-1.876099999999999990e-02,-1.783839999999999870e-01,3.956400000000000194e-02,-1.388320000000000110e-01,-1.053700000000000053e-01,5.659739999999999771e-01,-3.724500000000000033e-01,2.617999999999999772e-01,2.056250000000000022e-01,3.595000000000000105e-03,1.381110000000000115e-01,-5.433679999999999621e-01,7.069199999999999928e-01,-3.608009999999999828e-01,6.965040000000000120e-01,-1.019169999999999937e-01,8.583999999999999617e-03,2.021189999999999931e-01,-2.317269999999999885e-01,-3.838539999999999730e-01,2.670810000000000128e-01,-1.571210000000000107e-01,1.179879999999999957e-01,1.722100000000000020e-02,-1.721290000000000042e-01
-3.287950000000000039e-01,6.872399999999999343e-02,7.354340000000000321e-01,5.489279999999999715e-01,-4.003999999999999747e-03,9.242300000000000515e-02,-8.307339999999999725e-01,-7.947950000000000292e-01,2.626410000000000133e-01,-2.042829999999999924e-01,6.534609999999999586e-01,-7.127999999999999788e-03,-1.659009999999999929e-01,2.641999999999999817e-03,-1.475349999999999995e-01,-8.688600000000000489e-02,5.750969999999999693e-01,-3.571880000000000055e-01,2.617999999999999772e-01,1.448339999999999905e-01,1.528599999999999924e-02,1.396830000000000016e-01,-5.358030000000000292e-01,7.854520000000000390e-01,-3.705300000000000260e-01,7.590959999999999930e-01,-1.251760000000000095e-01,3.847000000000000159e-03,2.275649999999999895e-01,-2.223809999999999953e-01,-4.392820000000000058e-01,2.937270000000000159e-01,-2.491949999999999998e-01,1.172789999999999944e-01,2.418599999999999917e-02,-1.794509999999999994e-01
-3.223139999999999894e-01,6.930200000000000249e-02,7.402400000000000091e-01,5.385210000000000274e-01,3.759000000000000188e-03,9.070699999999999597e-02,-8.377069999999999794e-01,-7.685330000000000217e-01,2.732660000000000089e-01,-1.571220000000000117e-01,5.943140000000000089e-01,1.714200000000000099e-02,-1.507370000000000099e-01,-3.537400000000000266e-02,-1.773409999999999986e-01,-9.745600000000000096e-02,5.717370000000000507e-01,-3.502239999999999798e-01,2.617999999999999772e-01,1.199830000000000063e-01,2.254600000000000007e-02,1.369279999999999942e-01,-5.057749999999999746e-01,8.122779999999999445e-01,-3.684419999999999917e-01,7.426469999999999461e-01,-1.357359999999999955e-01,-7.595000000000000188e-03,2.485539999999999972e-01,-1.960949999999999915e-01,-4.804579999999999962e-01,3.188130000000000130e-01,-2.944680000000000075e-01,1.177089999999999942e-01,3.904900000000000038e-02,-1.784479999999999955e-01
-3.164120000000000266e-01,6.929899999999999949e-02,7.452619999999999800e-01,5.283489999999999576e-01,1.231100000000000076e-02,8.839800000000000435e-02,-8.443230000000000457e-01,-7.406089999999999618e-01,2.795460000000000167e-01,-1.097510000000000013e-01,5.334680000000000533e-01,4.028199999999999836e-02,-1.368649999999999867e-01,-7.446400000000000241e-02,-2.094050000000000078e-01,-1.079259999999999942e-01,5.691169999999999840e-01,-3.434050000000000158e-01,2.617999999999999772e-01,9.446499999999999342e-02,2.973299999999999901e-02,1.325320000000000109e-01,-4.620980000000000087e-01,8.297060000000000546e-01,-3.527440000000000020e-01,7.180490000000000483e-01,-1.422579999999999956e-01,-1.421500000000000020e-02,2.711919999999999886e-01,-1.590930000000000122e-01,-5.156570000000000320e-01,3.333639999999999937e-01,-3.420469999999999899e-01,1.185650000000000037e-01,4.927700000000000136e-02,-1.767779999999999907e-01
-3.110490000000000199e-01,6.864399999999999669e-02,7.503549999999999942e-01,5.185560000000000169e-01,2.092400000000000163e-02,8.540100000000000469e-02,-8.505110000000000170e-01,-7.114230000000000276e-01,2.816580000000000195e-01,-6.347200000000000064e-02,4.731500000000000150e-01,6.139399999999999719e-02,-1.247980000000000061e-01,-1.134440000000000032e-01,-2.431490000000000040e-01,-1.184219999999999995e-01,5.679549999999999876e-01,-3.373579999999999912e-01,2.617999999999999772e-01,6.718399999999999372e-02,3.652699999999999697e-02,1.283130000000000104e-01,-4.093330000000000024e-01,8.387299999999999756e-01,-3.269179999999999864e-01,6.916189999999999838e-01,-1.468329999999999913e-01,-2.046299999999999855e-02,2.932549999999999879e-01,-1.122120000000000062e-01,-5.441219999999999946e-01,3.385580000000000256e-01,-3.943150000000000266e-01,1.194790000000000019e-01,5.756300000000000305e-02,-1.753069999999999906e-01
-3.099270000000000080e-01,7.134200000000000264e-02,7.537380000000000191e-01,5.035340000000000371e-01,3.015899999999999831e-02,8.694499999999999451e-02,-8.590609999999999635e-01,-6.729020000000000001e-01,3.004189999999999916e-01,-2.448799999999999935e-02,3.809219999999999828e-01,9.676200000000000079e-02,-1.257590000000000097e-01,-1.474519999999999997e-01,-2.496520000000000128e-01,-1.221020000000000022e-01,5.471340000000000092e-01,-3.207760000000000056e-01,2.617999999999999772e-01,6.401800000000000546e-02,3.721200000000000202e-02,1.216180000000000039e-01,-3.698679999999999746e-01,8.312429999999999541e-01,-3.250759999999999761e-01,6.372179999999999511e-01,-1.471099999999999908e-01,-2.430099999999999968e-02,2.973100000000000187e-01,-8.482599999999999862e-02,-5.808149999999999702e-01,3.393100000000000005e-01,-3.963840000000000141e-01,1.197570000000000023e-01,6.691099999999999826e-02,-1.780539999999999901e-01
-3.086289999999999867e-01,7.397499999999999909e-02,7.574049999999999949e-01,4.881510000000000016e-01,3.862299999999999761e-02,8.804900000000000226e-02,-8.674469999999999681e-01,-6.330029999999999824e-01,3.167730000000000268e-01,1.442200000000000079e-02,2.909459999999999824e-01,1.303809999999999969e-01,-1.281289999999999929e-01,-1.802380000000000093e-01,-2.561700000000000088e-01,-1.251639999999999975e-01,5.251369999999999649e-01,-3.028529999999999833e-01,2.617999999999999772e-01,6.310100000000000431e-02,3.872500000000000248e-02,1.173089999999999966e-01,-3.298490000000000033e-01,8.170950000000000157e-01,-3.216890000000000027e-01,5.836980000000000501e-01,-1.470420000000000060e-01,-2.701900000000000135e-02,3.007799999999999918e-01,-5.148099999999999898e-02,-6.122250000000000192e-01,3.310540000000000149e-01,-3.962339999999999751e-01,1.207609999999999933e-01,7.135600000000000276e-02,-1.803740000000000065e-01
-3.073569999999999913e-01,7.642400000000000582e-02,7.614600000000000257e-01,4.727029999999999843e-01,4.696000000000000174e-02,8.861099999999999532e-02,-8.754969999999999697e-01,-5.936960000000000015e-01,3.297869999999999968e-01,5.301000000000000156e-02,2.046810000000000018e-01,1.615499999999999992e-01,-1.320449999999999957e-01,-2.132449999999999901e-01,-2.638340000000000130e-01,-1.279270000000000129e-01,5.037160000000000526e-01,-2.847709999999999964e-01,2.617999999999999772e-01,6.232399999999999746e-02,3.997900000000000065e-02,1.142380000000000062e-01,-2.874240000000000128e-01,7.980519999999999836e-01,-3.156869999999999954e-01,5.307089999999999863e-01,-1.462769999999999904e-01,-3.010499999999999982e-02,3.036490000000000022e-01,-1.179799999999999946e-02,-6.391599999999999504e-01,3.160339999999999816e-01,-3.979400000000000159e-01,1.215109999999999940e-01,7.439300000000000079e-02,-1.824399999999999911e-01
-3.081920000000000215e-01,8.291800000000000559e-02,7.657469999999999555e-01,4.590890000000000248e-01,5.553400000000000003e-02,8.604499999999999649e-02,-8.824680000000000302e-01,-5.688050000000000050e-01,3.362330000000000041e-01,7.556400000000000616e-02,1.809109999999999885e-01,1.619810000000000139e-01,-1.568150000000000099e-01,-2.307669999999999999e-01,-2.680230000000000112e-01,-1.379190000000000138e-01,4.679459999999999731e-01,-2.559770000000000101e-01,2.617999999999999772e-01,7.558800000000000241e-02,3.165899999999999964e-02,1.106319999999999942e-01,-2.733430000000000026e-01,7.753619999999999957e-01,-3.217090000000000227e-01,4.908669999999999978e-01,-1.407450000000000090e-01,-2.768699999999999981e-02,2.989180000000000170e-01,1.820199999999999943e-02,-6.626349999999999740e-01,3.121729999999999783e-01,-4.110980000000000190e-01,1.191040000000000015e-01,7.687599999999999989e-02,-1.777479999999999893e-01
-3.087909999999999822e-01,8.930499999999999550e-02,7.700719999999999787e-01,4.451570000000000249e-01,6.344700000000000339e-02,8.375000000000000500e-02,-8.892670000000000297e-01,-5.455100000000000504e-01,3.437689999999999912e-01,9.693999999999999839e-02,1.614170000000000049e-01,1.604760000000000075e-01,-1.817449999999999899e-01,-2.476929999999999965e-01,-2.710119999999999751e-01,-1.477640000000000065e-01,4.315609999999999724e-01,-2.266539999999999944e-01,2.617999999999999772e-01,9.107200000000000017e-02,2.481300000000000172e-02,1.079340000000000022e-01,-2.609730000000000105e-01,7.497179999999999955e-01,-3.282720000000000082e-01,4.541780000000000261e-01,-1.355139999999999956e-01,-2.618200000000000041e-02,2.931639999999999802e-01,5.331299999999999928e-02,-6.831289999999999862e-01,3.025729999999999809e-01,-4.257870000000000266e-01,1.162620000000000042e-01,7.912500000000000089e-02,-1.727980000000000071e-01
