-3.389830879999999880e-02,-3.072708359999999986e-02,8.132932389000000484e-01,7.233275171999999920e-01,-6.149008470000000282e-02,-1.252697099999999916e-03,-6.877606438000000155e-01,9.140864680000000686e-02,1.449309723999999966e-01,4.875048810000000288e-02,1.243831346999999948e-01,4.219684130000000283e-02,-2.950447340000000168e-02,1.313431925000000111e-01,5.596870999999999791e-03,-2.125888739000000027e-01,1.373602523999999936e-01,4.266042519999999755e-02,1.716056729999999864e-02,3.607254199999999911e-02,1.057830149999999941e-01,-8.208824099999999582e-03,5.176931109999999975e-02,1.880774222999999912e-01,-6.710441141999999859e-01,1.241077944799999999e+00,-2.748472385999999879e-01,1.704650775000000062e-01,7.533306060000000137e-02,-6.587181920000000079e-02,-3.259869276999999843e-01,8.052634616999999606e-01,1.223020446200000055e+00,1.539791761000000037e-01,1.994972409000000113e-01,1.147130399999999988e-02
-3.371261159999999757e-02,-3.050916459999999941e-02,8.134009335999999868e-01,7.232831692000000201e-01,-6.068024100000000282e-02,-1.147410000000000048e-04,-6.878803328000000494e-01,8.937573410000000662e-02,1.449342825000000112e-01,4.992705979999999960e-02,1.215182603999999944e-01,4.391088929999999863e-02,-2.885982949999999977e-02,1.297440021000000054e-01,6.023117100000000175e-03,-2.120494478000000127e-01,1.333936366000000040e-01,4.627185959999999959e-02,1.779987079999999916e-02,3.461589410000000255e-02,1.070492449000000068e-01,-1.095497240000000046e-02,5.083131800000000033e-02,1.862746769999999996e-01,-6.693958770000000280e-01,1.244560203000000032e+00,-2.748076811999999869e-01,1.680921461999999866e-01,7.531763040000000187e-02,-6.807956199999999625e-02,-3.250237737000000182e-01,8.080489485999999832e-01,1.226292611799999932e+00,1.547809394999999921e-01,1.971676900999999871e-01,1.103339409999999979e-02
-3.367294490000000140e-02,-3.071593480000000057e-02,8.134158461999999590e-01,7.231603586999999500e-01,-6.066703119999999894e-02,1.020632000000000023e-04,-6.880106079000000152e-01,8.928869550000000099e-02,1.451727871999999864e-01,4.752094920000000250e-02,1.214367108000000001e-01,4.461195739999999910e-02,-3.003162599999999877e-02,1.297133631999999870e-01,6.893151000000000139e-03,-2.126441652999999932e-01,1.323714679000000116e-01,4.462308360000000196e-02,1.556211050000000026e-02,3.426021550000000332e-02,1.069643073999999999e-01,-1.174454529999999913e-02,5.166964699999999910e-02,1.852018658000000040e-01,-6.691303643999999551e-01,1.245459621600000011e+00,-2.744262183999999771e-01,1.677258917999999988e-01,7.470919060000000278e-02,-6.810850670000000162e-02,-3.249788328000000059e-01,8.084741944000000125e-01,1.226782839399999991e+00,1.547437019000000025e-01,1.969093772999999936e-01,1.143533960000000030e-02
-3.359157220000000277e-02,-3.085800829999999981e-02,8.134248979000000546e-01,7.230555312999999984e-01,-6.064325510000000141e-02,1.741741000000000101e-04,-6.881228552000000498e-01,8.959555859999999983e-02,1.450022300999999902e-01,4.775767589999999757e-02,1.214478699999999994e-01,4.393309039999999943e-02,-2.978466739999999918e-02,1.299451982000000005e-01,7.147559599999999715e-03,-2.118132430999999927e-01,1.321410329999999911e-01,4.445207520000000329e-02,1.528970980000000056e-02,3.405497269999999826e-02,1.068638155000000006e-01,-1.196300970000000082e-02,5.231857869999999994e-02,1.846455620999999936e-01,-6.693992256999999890e-01,1.245646104199999993e+00,-2.741816688000000002e-01,1.677632597000000003e-01,7.450397440000000593e-02,-6.788888479999999337e-02,-3.250450423999999838e-01,8.084137984000000499e-01,1.226860553999999937e+00,1.546698690999999959e-01,1.970882187999999924e-01,1.166202969999999978e-02
-3.359277900000000316e-02,-3.108782239999999947e-02,8.134331768000000462e-01,7.229349022000000069e-01,-6.064051549999999874e-02,2.135254000000000004e-04,-6.882498162000000308e-01,9.000860659999999902e-02,1.448130005000000109e-01,4.805378209999999761e-02,1.214527410000000029e-01,4.323348419999999831e-02,-2.952935099999999882e-02,1.302523886999999991e-01,7.380441199999999806e-03,-2.109319990999999894e-01,1.319160175000000101e-01,4.427884829999999966e-02,1.503122599999999996e-02,3.397337429999999769e-02,1.067331083999999986e-01,-1.209036230000000087e-02,5.295313179999999731e-02,1.841155526000000098e-01,-6.697650875999999753e-01,1.245728815299999903e+00,-2.739772285000000029e-01,1.678957322999999890e-01,7.436013180000000666e-02,-6.760908270000000331e-02,-3.251482730999999959e-01,8.082460764000000131e-01,1.226810449100000033e+00,1.545818965000000100e-01,1.973499855999999997e-01,1.186913260000000032e-02
-3.366361889999999746e-02,-3.125209129999999974e-02,8.134027241000000297e-01,7.232432431999999967e-01,-6.052427309999999783e-02,2.273621000000000030e-04,-6.879360231000000159e-01,8.997391470000000446e-02,1.453755750000000069e-01,4.743538600000000299e-02,1.215344955000000060e-01,4.379972220000000194e-02,-3.055074049999999958e-02,1.303810113999999964e-01,6.835349699999999917e-03,-2.128074527000000105e-01,1.323096451000000118e-01,4.416119760000000033e-02,1.586771630000000100e-02,3.413598250000000195e-02,1.066112201999999953e-01,-1.191641220000000043e-02,5.310567780000000071e-02,1.840686363000000048e-01,-6.699986039999999976e-01,1.245462462000000103e+00,-2.739501201000000274e-01,1.681021892000000018e-01,7.452506620000000359e-02,-6.791752530000000343e-02,-3.251980073999999887e-01,8.083122417000000448e-01,1.226735977799999988e+00,1.547593503999999953e-01,1.970924048000000095e-01,1.150417630000000017e-02
-3.366400099999999895e-02,-3.139830369999999787e-02,8.133994373999999805e-01,7.232851348000000069e-01,-6.041232009999999986e-02,2.823958999999999909e-04,-6.879017993999999581e-01,9.030426869999999551e-02,1.452968887999999958e-01,4.742552070000000120e-02,1.215525910000000015e-01,4.292273740000000087e-02,-3.109964850000000031e-02,1.305733476000000004e-01,6.827324800000000339e-03,-2.127760441000000058e-01,1.323243017000000077e-01,4.361529909999999760e-02,1.612466800000000172e-02,3.412472340000000104e-02,1.064108396999999956e-01,-1.190745179999999973e-02,5.326964590000000249e-02,1.839805619000000059e-01,-6.702208205999999890e-01,1.245215827300000022e+00,-2.739620234999999848e-01,1.683132505999999917e-01,7.472198400000000518e-02,-6.834842189999999762e-02,-3.251552900999999940e-01,8.084402725999999539e-01,1.226753327199999966e+00,1.549210785000000035e-01,1.972456900000000013e-01,1.134325429999999933e-02
-3.375228499999999993e-02,-3.163272489999999909e-02,8.133960145999999947e-01,7.233140050999999904e-01,-6.031033770000000099e-02,3.342117000000000243e-04,-6.878803686000000139e-01,9.065646250000000683e-02,1.452362701000000089e-01,4.744928770000000212e-02,1.215964162999999959e-01,4.202303839999999707e-02,-3.165461779999999975e-02,1.307976483999999939e-01,6.839663099999999767e-03,-2.127094311999999932e-01,1.323023855999999887e-01,4.309155239999999665e-02,1.637791720000000145e-02,3.414307939999999819e-02,1.062221500000000013e-01,-1.187929520000000072e-02,5.344684119999999761e-02,1.838952591000000136e-01,-6.704356630000000150e-01,1.244955346300000043e+00,-2.739752146000000166e-01,1.685268382000000009e-01,7.492530059999999437e-02,-6.879261890000000490e-02,-3.251003758000000077e-01,8.085782912000000211e-01,1.226773410500000105e+00,1.550806249999999997e-01,1.974316577999999933e-01,1.119777760000000011e-02
-3.356708769999999786e-02,-3.157072279999999925e-02,8.133873530999999879e-01,7.231488312999999613e-01,-6.053961310000000040e-02,2.316859999999999905e-04,-6.880339157999999511e-01,9.033255590000000002e-02,1.452951264000000020e-01,4.827970379999999700e-02,1.215799285000000035e-01,4.315822350000000224e-02,-2.976932779999999848e-02,1.306669364999999972e-01,6.672428499999999950e-03,-2.125352715000000114e-01,1.324855916000000078e-01,4.488082449999999946e-02,1.621981160000000172e-02,3.429013449999999963e-02,1.063577601999999983e-01,-1.159332440000000047e-02,5.353637969999999746e-02,1.841042130999999971e-01,-6.700945618000000437e-01,1.244908873700000029e+00,-2.739203521999999946e-01,1.681905965000000114e-01,7.505208929999999945e-02,-6.840187020000000617e-02,-3.250695719000000206e-01,8.085354067000000144e-01,1.226942371500000073e+00,1.548918002999999932e-01,1.970489708000000006e-01,1.113524949999999958e-02
-3.340640369999999665e-02,-3.156235240000000025e-02,8.133794402999999784e-01,7.231143989999999633e-01,-6.053105799999999870e-02,2.453787000000000025e-04,-6.880708515000000247e-01,9.047145149999999414e-02,1.449311376000000096e-01,4.906818529999999734e-02,1.215297513999999968e-01,4.207612880000000111e-02,-2.933052800000000154e-02,1.306788949000000088e-01,6.364683099999999920e-03,-2.121335843000000110e-01,1.324647747999999903e-01,4.565336910000000054e-02,1.657193540000000131e-02,3.446829009999999999e-02,1.061249363000000001e-01,-1.142648869999999921e-02,5.348995659999999930e-02,1.843554125000000099e-01,-6.696937365999999781e-01,1.245090785399999955e+00,-2.739248251999999995e-01,1.679064422000000056e-01,7.530595130000000692e-02,-6.821880099999999558e-02,-3.249281374999999916e-01,8.084968342999999669e-01,1.227176976700000033e+00,1.548701631999999939e-01,1.969930391999999975e-01,1.092375129999999944e-02
-3.324852119999999883e-02,-3.155349720000000247e-02,8.133700707000000030e-01,7.230800850999999918e-01,-6.053321879999999655e-02,2.465530999999999756e-04,-6.881067208000000157e-01,9.062282600000000354e-02,1.445739828000000005e-01,4.984777430000000148e-02,1.215324933999999968e-01,4.096308340000000270e-02,-2.889668130000000099e-02,1.307182021000000138e-01,6.061109299999999957e-03,-2.117344008000000000e-01,1.324741581999999973e-01,4.640563109999999714e-02,1.692285010000000103e-02,3.463912820000000087e-02,1.058781077000000015e-01,-1.121628340000000064e-02,5.343191559999999757e-02,1.846225955999999946e-01,-6.692934246999999726e-01,1.245280103700000085e+00,-2.739347737000000227e-01,1.676204510000000036e-01,7.555610379999999626e-02,-6.804668640000000046e-02,-3.247577920999999979e-01,8.084612263999999549e-01,1.227408536200000011e+00,1.548629935999999985e-01,1.969691949000000053e-01,1.069877760000000066e-02
-3.310624320000000315e-02,-3.141973530000000125e-02,8.133845790999999492e-01,7.231245688999999865e-01,-6.073967749999999860e-02,3.247929999999999784e-04,-6.880417457999999931e-01,9.018013510000000288e-02,1.452150600999999874e-01,4.811916480000000274e-02,1.215493309000000022e-01,4.386376489999999767e-02,-2.982832549999999902e-02,1.302934027000000050e-01,6.595146999999999989e-03,-2.114541581999999920e-01,1.324260476000000131e-01,4.548260689999999995e-02,1.577796500000000143e-02,3.406998289999999679e-02,1.065662072999999932e-01,-1.136482769999999989e-02,5.345872239999999859e-02,1.848872332000000007e-01,-6.694048038000000034e-01,1.245178224700000058e+00,-2.740513681999999784e-01,1.679309854999999907e-01,7.564694489999999882e-02,-6.829479169999999599e-02,-3.242741592000000228e-01,8.085486761000000300e-01,1.227332765099999889e+00,1.548738271000000000e-01,1.969029010999999996e-01,1.049732060000000029e-02
-3.292722690000000202e-02,-3.127902689999999958e-02,8.133823213999999968e-01,7.231428490000000320e-01,-6.074301280000000275e-02,3.535343000000000144e-04,-6.880222244000000487e-01,8.992503890000000388e-02,1.450767786000000115e-01,4.836873710000000326e-02,1.214908980999999943e-01,4.406210370000000071e-02,-2.968080589999999921e-02,1.297885186000000135e-01,6.506213999999999748e-03,-2.104075971999999906e-01,1.324443402999999908e-01,4.631044069999999679e-02,1.545006839999999923e-02,3.358954930000000033e-02,1.065712521999999940e-01,-1.135464339999999947e-02,5.343821359999999937e-02,1.852715062999999995e-01,-6.695308898999999814e-01,1.245085048500000013e+00,-2.741455764999999878e-01,1.680012566000000096e-01,7.592729049999999424e-02,-6.861786879999999533e-02,-3.236671577999999938e-01,8.087019584000000316e-01,1.227194023100000031e+00,1.549111380000000038e-01,1.968614180000000102e-01,1.029527239999999955e-02
-3.283384510000000173e-02,-3.113927710000000126e-02,8.133801667000000180e-01,7.231497403000000102e-01,-6.074837799999999871e-02,3.751394000000000018e-04,-6.880144961999999920e-01,8.967879780000000134e-02,1.449367662999999917e-01,4.865309250000000169e-02,1.214727206999999948e-01,4.422964850000000309e-02,-2.953121480000000035e-02,1.293083207999999873e-01,6.413208299999999772e-03,-2.093270778999999915e-01,1.324304515999999987e-01,4.715977310000000339e-02,1.512417639999999973e-02,3.315202099999999680e-02,1.065496288999999985e-01,-1.132736219999999974e-02,5.341959570000000268e-02,1.856784129999999866e-01,-6.696688378999999802e-01,1.244982482199999962e+00,-2.742411263000000265e-01,1.680590919000000127e-01,7.622811740000000336e-02,-6.894026910000000674e-02,-3.230466013000000136e-01,8.088438981000000139e-01,1.227046671499999908e+00,1.549520115999999947e-01,1.968237150000000102e-01,1.009335540000000017e-02
-3.287175569999999797e-02,-3.119067240000000102e-02,8.133878942000000167e-01,7.230732591999999848e-01,-6.072443240000000020e-02,4.250691999999999925e-04,-6.880969585999999749e-01,8.971414090000000285e-02,1.451527910000000032e-01,4.891548760000000162e-02,1.214869407000000040e-01,4.380513219999999930e-02,-2.982047410000000093e-02,1.299580661999999998e-01,6.491328400000000338e-03,-2.114806422999999935e-01,1.323359199999999958e-01,4.509663850000000113e-02,1.594931949999999973e-02,3.380227029999999938e-02,1.065442429000000024e-01,-1.159280050000000006e-02,5.357418969999999669e-02,1.854104803999999940e-01,-6.692060998000000094e-01,1.245212204099999997e+00,-2.740025073999999838e-01,1.679734744999999974e-01,7.583076780000000405e-02,-6.898492620000000464e-02,-3.234628203000000091e-01,8.083573546000000221e-01,1.227240982399999902e+00,1.551126871000000074e-01,1.969249050000000112e-01,9.912186999999999387e-03
-3.294910410000000123e-02,-3.126733510000000160e-02,8.133867575000000016e-01,7.230424007000000319e-01,-6.073103059999999942e-02,4.279115999999999909e-04,-6.881288002000000015e-01,8.987523259999999348e-02,1.452542719000000093e-01,4.911468489999999687e-02,1.215088091000000037e-01,4.371040570000000319e-02,-2.979820420000000095e-02,1.299991179999999968e-01,6.564447699999999969e-03,-2.112224260999999992e-01,1.323886712000000021e-01,4.501408579999999909e-02,1.592791899999999872e-02,3.371920879999999732e-02,1.063995152000000027e-01,-1.167876579999999921e-02,5.358128799999999775e-02,1.856823401999999901e-01,-6.689842233999999666e-01,1.245543306000000072e+00,-2.739289946999999836e-01,1.679768390999999972e-01,7.599857879999999399e-02,-6.899805389999999483e-02,-3.239608368999999932e-01,8.078273556999999716e-01,1.227376698600000093e+00,1.552435873999999938e-01,1.969861375999999997e-01,9.680986600000000136e-03
-3.293881719999999791e-02,-3.134318120000000041e-02,8.133865028000000219e-01,7.230051593999999859e-01,-6.073476629999999959e-02,4.367621000000000242e-04,-6.881675936000000160e-01,9.003017389999999620e-02,1.453659227000000109e-01,4.933066509999999710e-02,1.215086637000000053e-01,4.362627300000000014e-02,-2.977895579999999959e-02,1.300494014999999948e-01,6.655389299999999939e-03,-2.109492182999999910e-01,1.323701847000000043e-01,4.497565679999999955e-02,1.590459329999999866e-02,3.364942729999999965e-02,1.062516661999999973e-01,-1.177579810000000012e-02,5.358764619999999840e-02,1.859568048999999945e-01,-6.687600084000000500e-01,1.245874547000000110e+00,-2.738853522999999957e-01,1.679834722000000113e-01,7.619791310000000040e-02,-6.902009979999999822e-02,-3.244491785999999989e-01,8.073067427000000240e-01,1.227515100099999978e+00,1.553761680000000089e-01,1.970479126000000136e-01,9.450233299999999392e-03
-3.284719750000000132e-02,-3.131968140000000039e-02,8.133854180999999794e-01,7.229408090000000175e-01,-6.076277620000000018e-02,4.420477000000000130e-04,-6.882327195999999869e-01,9.022111250000000582e-02,1.453278020999999864e-01,4.926044119999999776e-02,1.215435940999999992e-01,4.355464440000000187e-02,-2.970739379999999888e-02,1.301243183000000136e-01,6.604523299999999833e-03,-2.113473599000000036e-01,1.324602792000000029e-01,4.498390490000000325e-02,1.598420719999999948e-02,3.341550399999999865e-02,1.065774361000000059e-01,-1.140407780000000058e-02,5.388878379999999940e-02,1.858006821000000031e-01,-6.690754274000000335e-01,1.245496437199999917e+00,-2.738442293000000194e-01,1.679260291000000127e-01,7.584247989999999551e-02,-6.892109019999999309e-02,-3.244158891999999739e-01,8.069838711000000275e-01,1.227483696199999974e+00,1.554185503000000135e-01,1.969964627000000135e-01,9.301695599999999786e-03
-3.284002350000000264e-02,-3.138203879999999779e-02,8.133841564999999552e-01,7.228886009999999640e-01,-6.079474490000000286e-02,4.401998999999999864e-04,-6.882847345000000505e-01,9.053418380000000099e-02,1.453384400999999937e-01,4.921479570000000109e-02,1.215705567999999931e-01,4.347786280000000281e-02,-2.964017769999999913e-02,1.301850903000000004e-01,6.564313999999999913e-03,-2.114220272000000012e-01,1.325174557000000086e-01,4.499093430000000032e-02,1.605779770000000106e-02,3.324384209999999701e-02,1.066080659000000069e-01,-1.124794489999999918e-02,5.413289410000000218e-02,1.855791219000000047e-01,-6.693784675999999711e-01,1.245125784799999913e+00,-2.737588551999999842e-01,1.679415327999999874e-01,7.584081400000000639e-02,-6.889427550000000455e-02,-3.245702751000000275e-01,8.065921489999999805e-01,1.227425642100000047e+00,1.555250901999999935e-01,1.970444862999999880e-01,8.923191400000000592e-03
-3.274522440000000173e-02,-3.144499500000000336e-02,8.133829383999999774e-01,7.228345706000000037e-01,-6.082634280000000226e-02,4.401262999999999877e-04,-6.883386853999999833e-01,9.084827400000000663e-02,1.453474089000000025e-01,4.917315089999999694e-02,1.215920191000000039e-01,4.340285089999999790e-02,-2.957643509999999948e-02,1.302451183999999984e-01,6.522551100000000164e-03,-2.114907813000000136e-01,1.325708633999999886e-01,4.500113530000000167e-02,1.613080860000000102e-02,3.308589900000000195e-02,1.066381433999999961e-01,-1.109713059999999953e-02,5.438333740000000222e-02,1.853506969000000004e-01,-6.696982056000000405e-01,1.244743330900000000e+00,-2.736788923999999845e-01,1.679708108999999894e-01,7.586516790000000232e-02,-6.885779279999999780e-02,-3.247231454999999767e-01,8.061972375999999496e-01,1.227362375400000039e+00,1.556374718000000101e-01,1.971001085000000097e-01,8.530124700000000712e-03
-3.266784159999999715e-02,-3.147006239999999844e-02,8.133882437999999659e-01,7.228033114999999897e-01,-6.082360669999999775e-02,4.767813000000000086e-04,-6.883717270000000443e-01,9.047973750000000426e-02,1.451619268999999879e-01,4.918400319999999964e-02,1.215677051000000064e-01,4.337185550000000056e-02,-2.945274139999999943e-02,1.302448327999999877e-01,6.415839500000000174e-03,-2.106989710000000127e-01,1.325444742999999925e-01,4.517926149999999808e-02,1.636435040000000160e-02,3.309050389999999842e-02,1.065315658999999998e-01,-1.114710529999999970e-02,5.465069410000000100e-02,1.854230822000000056e-01,-6.692523678999999781e-01,1.244981498300000045e+00,-2.736984148000000117e-01,1.680121943000000007e-01,7.594272709999999593e-02,-6.822807440000000501e-02,-3.245654860000000141e-01,8.063121732000000375e-01,1.227707737800000087e+00,1.555261296000000071e-01,1.972842337999999862e-01,8.914461900000000133e-03
-3.258596899999999935e-02,-3.147542720000000294e-02,8.133935150000000114e-01,7.228056748000000198e-01,-6.078197280000000036e-02,5.608107000000000413e-04,-6.883728595000000450e-01,9.041688900000000029e-02,1.450858154000000122e-01,4.930168990000000084e-02,1.215726426999999971e-01,4.333036719999999731e-02,-2.934123900000000160e-02,1.300950418000000053e-01,6.295882400000000177e-03,-2.100069347999999891e-01,1.325181702999999878e-01,4.538959020000000316e-02,1.660411300000000021e-02,3.290135980000000182e-02,1.064047595000000013e-01,-1.126572150000000085e-02,5.489069729999999925e-02,1.853221042000000041e-01,-6.690684212999999936e-01,1.245287035000000042e+00,-2.736735457999999732e-01,1.679994576999999933e-01,7.597061859999999778e-02,-6.770535340000000124e-02,-3.246483548999999913e-01,8.061018183000000503e-01,1.228028821699999940e+00,1.555655395999999968e-01,1.975365917999999943e-01,8.764998300000000075e-03
-3.250356499999999815e-02,-3.156815450000000078e-02,8.133988859999999876e-01,7.228076583000000443e-01,-6.074135850000000197e-02,6.431114999999999835e-04,-6.883742898000000388e-01,9.035572940000000108e-02,1.450131064000000081e-01,4.942351579999999800e-02,1.215759832000000012e-01,4.329486290000000154e-02,-2.922740680000000119e-02,1.299449084000000032e-01,6.176217500000000075e-03,-2.093137464000000003e-01,1.324951481999999958e-01,4.559928060000000005e-02,1.684153949999999886e-02,3.273409029999999748e-02,1.062889097000000033e-01,-1.138130430000000061e-02,5.511807199999999712e-02,1.852076928999999983e-01,-6.689090274000000225e-01,1.245599814900000046e+00,-2.736540454999999983e-01,1.679847790000000007e-01,7.599663569999999535e-02,-6.716494970000000397e-02,-3.247416358999999919e-01,8.058732275000000111e-01,1.228331906400000006e+00,1.556175509000000123e-01,1.978006626999999906e-01,8.582773400000000275e-03
-3.241151820000000294e-02,-3.144257710000000067e-02,8.133829636999999613e-01,7.226737038999999641e-01,-6.081513069999999743e-02,6.617279999999999907e-04,-6.885083874999999853e-01,9.004683319999999547e-02,1.448920522999999905e-01,4.988310289999999675e-02,1.215641652000000045e-01,4.291289840000000327e-02,-2.939800180000000027e-02,1.297919630999999907e-01,6.240539399999999945e-03,-2.101800895000000002e-01,1.324964874000000015e-01,4.583495290000000333e-02,1.653540040000000058e-02,3.325169959999999675e-02,1.064968570000000003e-01,-1.103837939999999934e-02,5.495468010000000014e-02,1.854092300999999887e-01,-6.688993568000000112e-01,1.245399225699999946e+00,-2.738101915000000219e-01,1.679221681999999993e-01,7.621603159999999766e-02,-6.758033730000000128e-02,-3.242526119999999956e-01,8.064339901999999505e-01,1.228316878400000034e+00,1.552922804999999906e-01,1.973392465999999901e-01,8.839689499999999270e-03
-3.231428470000000108e-02,-3.138586570000000131e-02,8.133779619000000016e-01,7.225606382999999466e-01,-6.087664899999999796e-02,7.664403999999999878e-04,-6.886214998999999892e-01,8.981552669999999516e-02,1.448615712999999916e-01,5.020759729999999671e-02,1.215630714999999945e-01,4.256626749999999765e-02,-2.957363790000000145e-02,1.294412926999999880e-01,6.196679000000000076e-03,-2.098313595999999892e-01,1.325366872000000029e-01,4.647335450000000118e-02,1.668110269999999867e-02,3.346416420000000030e-02,1.066274962999999992e-01,-1.091819119999999990e-02,5.479973180000000110e-02,1.854718448999999880e-01,-6.687101252999999579e-01,1.245190405100000008e+00,-2.739943019000000146e-01,1.678709499000000105e-01,7.646480890000000030e-02,-6.779478860000000273e-02,-3.237567271999999829e-01,8.068765439999999733e-01,1.228337879999999993e+00,1.550454819000000040e-01,1.973318618999999885e-01,8.859611899999999748e-03
-3.221612060000000194e-02,-3.133072399999999730e-02,8.133734234999999702e-01,7.224448066999999973e-01,-6.093079569999999834e-02,8.793838000000000219e-04,-6.887380967999999770e-01,8.956174529999999523e-02,1.448331428999999893e-01,5.053666400000000197e-02,1.215653245000000021e-01,4.221939699999999879e-02,-2.974755520000000111e-02,1.290737637000000104e-01,6.154725699999999584e-03,-2.094723215000000027e-01,1.325593652000000011e-01,4.712548250000000299e-02,1.682506489999999882e-02,3.367731420000000253e-02,1.067630227999999959e-01,-1.083317110000000041e-02,5.466062780000000010e-02,1.855284945000000019e-01,-6.685092537000000279e-01,1.244974916000000098e+00,-2.741758368000000168e-01,1.678281939000000056e-01,7.672124399999999400e-02,-6.799234070000000074e-02,-3.232669558999999859e-01,8.073353571000000395e-01,1.228320433699999992e+00,1.548063161000000076e-01,1.973766064999999958e-01,8.856247600000000456e-03
-3.226215100000000280e-02,-3.133846319999999963e-02,8.133843607999999836e-01,7.225794303000000474e-01,-6.079783700000000041e-02,7.829246999999999682e-04,-6.886087255999999712e-01,8.946129079999999567e-02,1.446394380999999896e-01,4.868884379999999928e-02,1.215632383999999955e-01,4.326272650000000108e-02,-2.876042070000000075e-02,1.292242010000000108e-01,6.124426700000000327e-03,-2.097791071000000007e-01,1.325229337999999923e-01,4.496984319999999813e-02,1.725986640000000058e-02,3.323247730000000039e-02,1.070413717999999931e-01,-1.092852000000000059e-02,5.463147570000000119e-02,1.854557457000000076e-01,-6.686542647000000006e-01,1.245157942200000090e+00,-2.740172356999999725e-01,1.678615874000000119e-01,7.674263789999999363e-02,-6.769530460000000582e-02,-3.235021713999999826e-01,8.073639108000000286e-01,1.228543899599999989e+00,1.548999383999999924e-01,1.974513169000000068e-01,8.624157199999999551e-03
-3.219785110000000089e-02,-3.139337049999999657e-02,8.133863863000000416e-01,7.225672914999999863e-01,-6.075976990000000327e-02,8.284251999999999979e-04,-6.886247695999999641e-01,8.909888169999999330e-02,1.443017411999999999e-01,4.743226479999999856e-02,1.214967899999999934e-01,4.351420560000000132e-02,-2.822760040000000040e-02,1.289763697000000098e-01,5.913097299999999640e-03,-2.096230315000000011e-01,1.326434814000000129e-01,4.415329579999999893e-02,1.804998710000000131e-02,3.285464820000000286e-02,1.072280580999999955e-01,-1.086368979999999956e-02,5.461304279999999733e-02,1.853970423999999895e-01,-6.686901446999999887e-01,1.245239208100000106e+00,-2.739559925000000229e-01,1.677823552000000107e-01,7.678980779999999839e-02,-6.737091019999999486e-02,-3.235935279000000109e-01,8.075027383999999753e-01,1.228705603200000107e+00,1.549587306999999914e-01,1.975256928999999939e-01,8.384473599999999263e-03
-3.222033960000000169e-02,-3.136181589999999936e-02,8.133890643000000198e-01,7.225472833999999622e-01,-6.071041020000000205e-02,8.919054999999999735e-04,-6.886500372999999620e-01,8.868811079999999736e-02,1.439735815000000030e-01,4.619238750000000115e-02,1.214516764999999943e-01,4.375669349999999902e-02,-2.769501980000000155e-02,1.286920300999999933e-01,5.714050499999999769e-03,-2.094471374000000108e-01,1.327289051999999969e-01,4.336512840000000119e-02,1.883456959999999999e-02,3.249219949999999912e-02,1.074162553999999936e-01,-1.084587950000000071e-02,5.461891559999999812e-02,1.853504206999999904e-01,-6.687234967999999835e-01,1.245283794499999930e+00,-2.739003533000000101e-01,1.677205250000000092e-01,7.685462930000000470e-02,-6.704816210000000276e-02,-3.236804635000000152e-01,8.076528281000000531e-01,1.228864473700000071e+00,1.550182160999999947e-01,1.976034295999999912e-01,8.138739399999999138e-03
-3.211020750000000146e-02,-3.130542120000000261e-02,8.133743047000000503e-01,7.227973581000000092e-01,-6.062844640000000090e-02,8.715644000000000472e-04,-6.883948075000000388e-01,8.915649370000000573e-02,1.444431810000000038e-01,4.881931479999999934e-02,1.215126853000000062e-01,4.342129599999999812e-02,-2.940981189999999912e-02,1.289430454999999920e-01,5.985074100000000417e-03,-2.102654223000000044e-01,1.326222263999999873e-01,4.529361450000000261e-02,1.599138350000000111e-02,3.282041100000000072e-02,1.072891997000000042e-01,-1.086508119999999959e-02,5.459797450000000024e-02,1.849130743000000077e-01,-6.690083432000000219e-01,1.244987513799999945e+00,-2.738775931999999913e-01,1.678332792999999989e-01,7.703956319999999414e-02,-6.708720790000000100e-02,-3.232264011000000048e-01,8.076021909999999693e-01,1.228343819400000037e+00,1.550845878000000067e-01,1.977345774000000000e-01,8.414881900000000664e-03
-3.214191190000000031e-02,-3.134268259999999778e-02,8.133709558999999700e-01,7.229234493999999733e-01,-6.062998160000000053e-02,8.935335000000000196e-04,-6.882622270999999570e-01,8.899423489999999659e-02,1.442554761000000019e-01,4.817406469999999802e-02,1.215097851999999978e-01,4.379585059999999835e-02,-2.975113789999999855e-02,1.290516217999999882e-01,5.930855100000000102e-03,-2.106140861999999947e-01,1.324472177000000084e-01,4.513747760000000331e-02,1.545628779999999938e-02,3.293741850000000276e-02,1.074558324000000065e-01,-1.064822389999999994e-02,5.461255780000000282e-02,1.846340961000000058e-01,-6.694315975000000307e-01,1.244625131500000093e+00,-2.738705076999999877e-01,1.679889344000000118e-01,7.722242549999999706e-02,-6.686268859999999759e-02,-3.227350364000000082e-01,8.076812460000000193e-01,1.228236439600000063e+00,1.551860865999999950e-01,1.979005135000000137e-01,8.478172500000000569e-03
-3.208562460000000116e-02,-3.129388119999999829e-02,8.133677164000000515e-01,7.230662007999999474e-01,-6.060866260000000172e-02,9.259878000000000249e-04,-6.881140906999999585e-01,8.878178200000000353e-02,1.440335778000000067e-01,4.748979130000000048e-02,1.214813450000000045e-01,4.419833089999999909e-02,-3.008479060000000121e-02,1.290858636999999975e-01,5.838900299999999835e-03,-2.110081427999999926e-01,1.323488855999999936e-01,4.493596169999999890e-02,1.492678140000000021e-02,3.298896369999999856e-02,1.076002526999999959e-01,-1.048376690000000014e-02,5.466013000000000122e-02,1.843578433999999988e-01,-6.698390133999999607e-01,1.244238684900000003e+00,-2.738703801999999854e-01,1.681549106999999932e-01,7.741820439999999581e-02,-6.663682299999999781e-02,-3.222301691000000190e-01,8.077918063000000259e-01,1.228142763499999957e+00,1.553004339999999872e-01,1.980514922999999927e-01,8.519473799999999902e-03
-3.198963319999999916e-02,-3.128012430000000343e-02,8.133729385000000311e-01,7.231134587999999974e-01,-6.051356160000000151e-02,8.531508999999999837e-04,-6.880728935000000046e-01,8.882908659999999568e-02,1.440060042999999901e-01,4.905779799999999968e-02,1.214919624000000004e-01,4.309414119999999820e-02,-2.926048480000000007e-02,1.291126612999999868e-01,5.548550400000000320e-03,-2.101008004999999901e-01,1.324248503000000077e-01,4.532598670000000107e-02,1.650830979999999906e-02,3.281175310000000039e-02,1.071276661000000047e-01,-1.041856269999999994e-02,5.439059289999999963e-02,1.843144723000000040e-01,-6.700227721000000525e-01,1.244308521500000042e+00,-2.737801772999999828e-01,1.679227345000000038e-01,7.733580040000000155e-02,-6.661732210000000098e-02,-3.231656670999999981e-01,8.074291191000000367e-01,1.228626764900000001e+00,1.552520669999999936e-01,1.980375061000000103e-01,8.215098900000000412e-03
-3.182450500000000293e-02,-3.127562069999999944e-02,8.133653105000000494e-01,7.231124052999999829e-01,-6.051051229999999947e-02,8.354245999999999634e-04,-6.880742905000000187e-01,8.884534580000000292e-02,1.437743619000000084e-01,4.920214090000000345e-02,1.215354193999999971e-01,4.298819310000000227e-02,-2.924352820000000047e-02,1.291568905000000100e-01,5.340653800000000166e-03,-2.098724654999999939e-01,1.324107294000000101e-01,4.520539459999999704e-02,1.650744289999999878e-02,3.280663030000000036e-02,1.068915591000000054e-01,-1.027492319999999924e-02,5.404325799999999680e-02,1.844593415999999930e-01,-6.700648477999999741e-01,1.244396521799999933e+00,-2.737084442000000117e-01,1.678455473000000087e-01,7.763252950000000541e-02,-6.649025860000000454e-02,-3.236895443999999733e-01,8.072496450999999684e-01,1.229088338499999988e+00,1.552697311000000024e-01,1.979563283000000118e-01,8.090635699999999472e-03
-3.166287450000000031e-02,-3.127089780000000263e-02,8.133580774999999985e-01,7.231201138999999722e-01,-6.050393169999999932e-02,8.231108000000000001e-04,-6.880667827999999986e-01,8.885333870000000633e-02,1.435460251000000020e-01,4.932148909999999747e-02,1.215543431000000035e-01,4.290201400000000220e-02,-2.923165540000000062e-02,1.291955626000000079e-01,5.134940699999999969e-03,-2.096743352000000060e-01,1.323972588000000006e-01,4.508438170000000217e-02,1.650163149999999898e-02,3.276447500000000124e-02,1.066518119000000042e-01,-1.013833329999999991e-02,5.370410049999999741e-02,1.846170411999999983e-01,-6.700942586999999451e-01,1.244472176599999980e+00,-2.736450946000000273e-01,1.677840613000000092e-01,7.794573700000000105e-02,-6.637692559999999742e-02,-3.241881204000000016e-01,8.070888372000000199e-01,1.229565521200000067e+00,1.552933846000000007e-01,1.978781971999999945e-01,7.960633499999999682e-03
-3.172926050000000192e-02,-3.104053639999999892e-02,8.133670162999999675e-01,7.231237087999999869e-01,-6.064077620000000307e-02,8.012741999999999998e-04,-6.880509836000000545e-01,8.867402689999999421e-02,1.436792031999999941e-01,4.920293919999999682e-02,1.215163410999999943e-01,4.303773649999999978e-02,-2.925191259999999904e-02,1.289130886000000031e-01,5.242987900000000041e-03,-2.098247608999999902e-01,1.324536608000000115e-01,4.552316399999999791e-02,1.651848699999999837e-02,3.264202630000000160e-02,1.069678458000000026e-01,-1.013662369999999979e-02,5.353310900000000233e-02,1.842370140000000045e-01,-6.706214926000000354e-01,1.244313639100000035e+00,-2.734976318999999823e-01,1.679706123999999967e-01,7.733194879999999438e-02,-6.674693249999999467e-02,-3.229825621999999896e-01,8.076348581000000193e-01,1.228914411999999956e+00,1.549719497000000001e-01,1.979282903000000038e-01,8.029559800000000622e-03
-3.172967010000000282e-02,-3.088768650000000074e-02,8.133554543000000026e-01,7.231256066000000260e-01,-6.069642279999999668e-02,7.399352000000000099e-04,-6.880441510999999455e-01,8.840258289999999852e-02,1.436382924999999866e-01,4.911205650000000089e-02,1.215183960000000007e-01,4.317785579999999790e-02,-2.926903159999999851e-02,1.286420761000000024e-01,5.228176499999999914e-03,-2.097264839000000103e-01,1.324026293999999992e-01,4.544337259999999684e-02,1.653171559999999998e-02,3.247709099999999960e-02,1.070436788999999944e-01,-1.016264329999999952e-02,5.354548189999999708e-02,1.838797537000000093e-01,-6.711114489999999710e-01,1.244144686999999916e+00,-2.733761957999999992e-01,1.680664808000000010e-01,7.720747860000000407e-02,-6.698082079999999328e-02,-3.222271727000000086e-01,8.080841966999999793e-01,1.228293961000000101e+00,1.546639227000000116e-01,1.980697406999999965e-01,8.045286299999999252e-03
-3.172856990000000321e-02,-3.064976000000000159e-02,8.133438460999999897e-01,7.231283912000000536e-01,-6.074728110000000153e-02,6.797568999999999834e-04,-6.880367981999999660e-01,8.812587610000000016e-02,1.435901243999999910e-01,4.902397940000000065e-02,1.215214000000000016e-01,4.331576389999999832e-02,-2.928073579999999898e-02,1.283529311999999922e-01,5.204486099999999955e-03,-2.096313613000000131e-01,1.323749072000000027e-01,4.534939770000000203e-02,1.654681859999999893e-02,3.231767599999999657e-02,1.071177578999999991e-01,-1.020294249999999930e-02,5.358676190000000172e-02,1.835168142999999974e-01,-6.716182076000000167e-01,1.243949014500000061e+00,-2.732659934000000179e-01,1.681632254000000048e-01,7.712647179999999880e-02,-6.719169329999999385e-02,-3.214897026999999907e-01,8.085327930000000274e-01,1.227646679600000068e+00,1.543530489000000117e-01,1.982180298000000007e-01,8.064169799999999777e-03
-3.171409079999999714e-02,-3.060793050000000168e-02,8.133745906999999553e-01,7.229990409000000007e-01,-6.067842450000000137e-02,8.724721999999999643e-04,-6.881785774999999994e-01,8.812435289999999422e-02,1.438729811999999997e-01,4.888376390000000182e-02,1.214559313000000002e-01,4.331554989999999994e-02,-2.919735119999999906e-02,1.282079837000000000e-01,5.415899200000000129e-03,-2.100959520000000025e-01,1.324992050999999893e-01,4.616406829999999961e-02,1.647130910000000129e-02,3.261747400000000047e-02,1.072371185000000060e-01,-1.010520959999999975e-02,5.364488220000000057e-02,1.830057008000000041e-01,-6.716592801999999862e-01,1.243846753099999924e+00,-2.734354623999999956e-01,1.680938478000000014e-01,7.727599309999999555e-02,-6.694437840000000417e-02,-3.211869131000000266e-01,8.086210393999999635e-01,1.227608661299999904e+00,1.544721360000000099e-01,1.983417195000000133e-01,7.910673400000000147e-03
-3.170833189999999746e-02,-3.063140220000000122e-02,8.133815026999999809e-01,7.229892348999999996e-01,-6.069842350000000109e-02,9.188129999999999865e-04,-6.881870555000000333e-01,8.805713440000000058e-02,1.439562167000000004e-01,4.880218759999999795e-02,1.214413711000000007e-01,4.329548440000000054e-02,-2.909366849999999935e-02,1.280992112999999877e-01,5.481804100000000311e-03,-2.102614287000000026e-01,1.325163943000000066e-01,4.640864930000000027e-02,1.655095549999999888e-02,3.286589849999999730e-02,1.073626698999999990e-01,-1.018543860000000086e-02,5.360424800000000017e-02,1.827221142000000076e-01,-6.716203862999999830e-01,1.243721427899999954e+00,-2.736399177000000127e-01,1.680509155000000088e-01,7.743715110000000401e-02,-6.668199410000000271e-02,-3.209735867999999881e-01,8.086198099000000417e-01,1.227639861499999929e+00,1.546620106000000106e-01,1.985236794999999943e-01,7.571317800000000424e-03
-3.170348580000000027e-02,-3.056665570000000054e-02,8.133882318999999805e-01,7.229805419999999483e-01,-6.072081669999999931e-02,9.595743000000000328e-04,-6.881941568999999648e-01,8.800223960000000401e-02,1.440359025999999876e-01,4.871834190000000342e-02,1.214218048999999994e-01,4.327733839999999693e-02,-2.899458740000000062e-02,1.279973799000000134e-01,5.540087899999999836e-03,-2.104305040999999987e-01,1.325442118999999863e-01,4.664903740000000271e-02,1.663130009999999950e-02,3.310842430000000142e-02,1.074831118000000030e-01,-1.025631699999999917e-02,5.354556490000000196e-02,1.824383177999999994e-01,-6.715795466999999741e-01,1.243630960800000018e+00,-2.738466246999999854e-01,1.679900435999999997e-01,7.758418440000000582e-02,-6.641845370000000470e-02,-3.207475428000000073e-01,8.086181223999999723e-01,1.227678110999999905e+00,1.548572827999999957e-01,1.987032478999999907e-01,7.220395699999999917e-03
-3.171925920000000232e-02,-3.051466699999999879e-02,8.133487692999999963e-01,7.229179957000000378e-01,-6.070848429999999712e-02,8.562466999999999821e-04,-6.882610828999999875e-01,8.811609800000000381e-02,1.438188632000000078e-01,4.874192580000000219e-02,1.214614601999999960e-01,4.316318279999999813e-02,-2.953395740000000144e-02,1.280622079000000024e-01,5.493962399999999940e-03,-2.099203746999999953e-01,1.324674550000000117e-01,4.592603759999999702e-02,1.662091779999999921e-02,3.270450800000000019e-02,1.074688000999999976e-01,-1.023495250000000002e-02,5.378596000000000071e-02,1.824339983000000109e-01,-6.720603007000000018e-01,1.243636233299999949e+00,-2.732688157000000007e-01,1.678975766999999952e-01,7.753537459999999826e-02,-6.673008749999999323e-02,-3.210493918999999807e-01,8.084019411999999738e-01,1.227560078800000065e+00,1.547264530000000138e-01,1.986956628999999863e-01,7.401782800000000252e-03
-3.173059069999999843e-02,-3.048846350000000011e-02,8.133281378000000172e-01,7.228613949000000094e-01,-6.076203200000000054e-02,7.939874000000000411e-04,-6.883158785999999862e-01,8.832248249999999357e-02,1.437777248000000063e-01,4.872625939999999933e-02,1.214418497000000069e-01,4.304580139999999999e-02,-3.010516419999999943e-02,1.281258993000000124e-01,5.562352399999999711e-03,-2.097776852999999886e-01,1.324878656000000043e-01,4.566097200000000106e-02,1.655594859999999849e-02,3.265378439999999660e-02,1.077115646000000038e-01,-1.032299570000000041e-02,5.392925429999999992e-02,1.823769675999999951e-01,-6.722056500999999962e-01,1.243508437100000030e+00,-2.729076558999999902e-01,1.677778154000000022e-01,7.754465989999999309e-02,-6.691176710000000527e-02,-3.212113134999999842e-01,8.082442579999999932e-01,1.227497900099999928e+00,1.546074403999999902e-01,1.988219818999999999e-01,7.329073600000000389e-03
-3.182920150000000115e-02,-3.046225030000000028e-02,8.133077895000000446e-01,7.228035168999999982e-01,-6.081653120000000273e-02,7.357299000000000521e-04,-6.883719083999999544e-01,8.852521110000000082e-02,1.437424969999999969e-01,4.871151409999999876e-02,1.214248034000000032e-01,4.292201939999999716e-02,-3.067382940000000155e-02,1.281914969999999876e-01,5.639162999999999988e-03,-2.096324578000000050e-01,1.324881566999999982e-01,4.540740530000000191e-02,1.648953129999999878e-02,3.261188369999999670e-02,1.079659902000000005e-01,-1.042091149999999945e-02,5.406594270000000119e-02,1.823093255000000079e-01,-6.723522391999999792e-01,1.243390589499999921e+00,-2.725571172999999847e-01,1.676563375000000022e-01,7.756046349999999590e-02,-6.708876369999999811e-02,-3.213763327999999975e-01,8.080917880000000331e-01,1.227424010800000076e+00,1.544957110999999883e-01,1.989648943000000003e-01,7.228739900000000392e-03
-3.162687639999999661e-02,-3.051121949999999888e-02,8.133472058999999810e-01,7.228749725999999987e-01,-6.081090339999999789e-02,8.642041999999999953e-04,-6.882972187000000464e-01,8.825031319999999957e-02,1.438451581000000090e-01,4.932325760000000336e-02,1.214443998000000052e-01,4.295929329999999963e-02,-2.896576160000000066e-02,1.281304407999999950e-01,5.402428699999999723e-03,-2.093577842000000078e-01,1.325271125999999966e-01,4.643208740000000223e-02,1.666336490000000156e-02,3.272052999999999767e-02,1.077196700999999979e-01,-1.013722140000000022e-02,5.392683429999999695e-02,1.822211974000000068e-01,-6.723436240000000286e-01,1.243407625799999972e+00,-2.730671480999999901e-01,1.678848085999999906e-01,7.736732209999999665e-02,-6.704760880000000534e-02,-3.213753033000000259e-01,8.086641154000000498e-01,1.227587412799999944e+00,1.544139509000000132e-01,1.989125660000000129e-01,7.291876200000000155e-03
-3.144271829999999851e-02,-3.044576209999999908e-02,8.133343439000000341e-01,7.229102686999999694e-01,-6.085559129999999761e-02,9.854279999999999984e-04,-6.882560347999999717e-01,8.812236349999999496e-02,1.437525202000000113e-01,4.937285109999999672e-02,1.214274812000000064e-01,4.265025919999999859e-02,-2.884746599999999869e-02,1.280112401999999872e-01,5.339875600000000208e-03,-2.089103039999999911e-01,1.325091609000000059e-01,4.700462620000000341e-02,1.672736509999999885e-02,3.279878199999999855e-02,1.076451489999999955e-01,-9.970572500000000199e-03,5.370931219999999784e-02,1.822969873999999990e-01,-6.723717527000000471e-01,1.243384929000000083e+00,-2.731870332999999929e-01,1.678739411999999875e-01,7.742894579999999582e-02,-6.724173819999999802e-02,-3.216029051000000027e-01,8.089861960999999990e-01,1.227810681400000048e+00,1.544226311000000129e-01,1.989347995999999896e-01,7.219137599999999808e-03
-3.125974740000000279e-02,-3.046636600000000167e-02,8.133214310999999919e-01,7.229457504999999840e-01,-6.090547389999999978e-02,1.105139999999999898e-03,-6.882141698999999502e-01,8.799619779999999503e-02,1.436679091999999991e-01,4.941886620000000147e-02,1.214244252999999996e-01,4.233285190000000281e-02,-2.873009019999999900e-02,1.278939863999999926e-01,5.290676999999999706e-03,-2.084637339000000034e-01,1.325022660000000074e-01,4.757300519999999727e-02,1.679029480000000102e-02,3.288241299999999923e-02,1.075839546999999979e-01,-9.790512600000000551e-03,5.347955769999999942e-02,1.823579026000000103e-01,-6.723973684999999811e-01,1.243388117499999890e+00,-2.732831960000000060e-01,1.678298196000000131e-01,7.748751080000000624e-02,-6.744862710000000539e-02,-3.218281990999999898e-01,8.092981807000000360e-01,1.228046654199999921e+00,1.544328906999999917e-01,1.989575540999999892e-01,7.141900300000000174e-03
-3.134417629999999844e-02,-3.030503730000000048e-02,8.133351492000000516e-01,7.229982367999999715e-01,-6.094955660000000303e-02,9.279349000000000321e-04,-6.881553894999999921e-01,8.784884149999999670e-02,1.438650234999999944e-01,4.964189559999999946e-02,1.214384582000000018e-01,4.260333480000000339e-02,-2.918924789999999964e-02,1.278791551000000026e-01,5.424884900000000350e-03,-2.093498025999999956e-01,1.325038292999999867e-01,4.647032050000000220e-02,1.670481169999999890e-02,3.290310429999999953e-02,1.078172292999999976e-01,-9.632984900000000558e-03,5.366151460000000151e-02,1.819744752999999937e-01,-6.726892859999999974e-01,1.243306265199999983e+00,-2.730857228999999942e-01,1.678874160000000115e-01,7.760990680000000308e-02,-6.735849500000000434e-02,-3.211437153000000211e-01,8.092557532999999914e-01,1.228175656199999910e+00,1.544793946999999945e-01,1.989763589999999915e-01,7.181325100000000156e-03
-3.141962789999999672e-02,-3.014874739999999845e-02,8.133169013000000058e-01,7.230473830000000435e-01,-6.106431390000000015e-02,8.911522000000000497e-04,-6.880936253999999641e-01,8.771690190000000498e-02,1.440668345999999989e-01,4.977688239999999986e-02,1.213920785999999946e-01,4.246818499999999857e-02,-2.933752720000000133e-02,1.277134262999999881e-01,5.603218800000000360e-03,-2.093693785000000085e-01,1.326221740999999898e-01,4.646066420000000141e-02,1.673001660000000140e-02,3.288437710000000069e-02,1.080898312999999944e-01,-9.500120600000000123e-03,5.361828989999999767e-02,1.815543491999999925e-01,-6.730085577000000097e-01,1.243215462100000002e+00,-2.729939606999999824e-01,1.679917368999999938e-01,7.751863550000000214e-02,-6.746415699999999682e-02,-3.206783226000000098e-01,8.094789439999999781e-01,1.228434548899999923e+00,1.545250844999999928e-01,1.990201298000000008e-01,7.135760799999999945e-03
-3.140623070000000266e-02,-2.999057910000000118e-02,8.132990645000000018e-01,7.230927308000000275e-01,-6.117786990000000091e-02,8.585577000000000486e-04,-6.880359246999999678e-01,8.757095830000000136e-02,1.442747327999999996e-01,4.992320029999999798e-02,1.213626264000000066e-01,4.232482729999999943e-02,-2.948606540000000067e-02,1.275548098000000019e-01,5.792281600000000023e-03,-2.093782842999999949e-01,1.326917750999999923e-01,4.648597530000000283e-02,1.675364080000000047e-02,3.286597890000000216e-02,1.083802118000000009e-01,-9.369803600000000537e-03,5.356287419999999910e-02,1.811245410000000000e-01,-6.733150063999999713e-01,1.243132382500000022e+00,-2.729073850000000023e-01,1.681041946000000065e-01,7.741271610000000081e-02,-6.759250540000000251e-02,-3.202238405999999760e-01,8.097185747999999794e-01,1.228713836699999895e+00,1.545842893999999912e-01,1.990512446999999907e-01,7.098551100000000287e-03
-3.157669230000000049e-02,-2.995382109999999987e-02,8.133392643000000310e-01,7.230539409999999778e-01,-6.104882629999999755e-02,7.421309000000000065e-04,-6.880882853999999993e-01,8.761020009999999358e-02,1.440491741000000103e-01,4.980114530000000206e-02,1.214952415000000036e-01,4.322873619999999945e-02,-2.904326609999999947e-02,1.278454425999999977e-01,5.833262500000000253e-03,-2.085861799000000016e-01,1.325895048999999881e-01,4.611811650000000040e-02,1.662778540000000096e-02,3.287202549999999890e-02,1.079155970000000020e-01,-9.698543999999999915e-03,5.342022920000000230e-02,1.813153046000000046e-01,-6.731843556000000062e-01,1.243374630900000000e+00,-2.730385567999999985e-01,1.680756644999999994e-01,7.761592380000000013e-02,-6.730673430000000401e-02,-3.203506443999999953e-01,8.099182003999999546e-01,1.228763724500000043e+00,1.545158701000000079e-01,1.991175799000000080e-01,6.981796400000000319e-03
-3.173690640000000063e-02,-2.993312180000000031e-02,8.133405888000000417e-01,7.230104361000000424e-01,-6.109643840000000131e-02,6.582457999999999582e-04,-6.881298578000000221e-01,8.772016030000000242e-02,1.441269920999999898e-01,4.987876559999999959e-02,1.214745923000000033e-01,4.333314189999999677e-02,-2.889203549999999968e-02,1.279885437999999931e-01,6.165992099999999948e-03,-2.078984725999999950e-01,1.325484174999999876e-01,4.568084830000000013e-02,1.647429439999999884e-02,3.281424029999999853e-02,1.078988196999999954e-01,-9.776385999999999757e-03,5.351002080000000216e-02,1.813692189999999982e-01,-6.731907333000000104e-01,1.243565193500000055e+00,-2.731084921999999970e-01,1.680266519999999986e-01,7.754900509999999858e-02,-6.700602420000000004e-02,-3.203461852999999748e-01,8.101613273000000115e-01,1.228851985499999966e+00,1.544630708999999991e-01,1.992047705999999974e-01,6.900295899999999739e-03
-3.180996579999999935e-02,-2.991268789999999844e-02,8.133414339000000215e-01,7.229640249000000018e-01,-6.115376840000000258e-02,5.743185000000000477e-04,-6.881736013000000485e-01,8.783662459999999617e-02,1.442200670000000073e-01,4.995857050000000049e-02,1.214778853999999991e-01,4.341700860000000106e-02,-2.874321770000000040e-02,1.281526769000000121e-01,6.516770300000000390e-03,-2.071999818999999965e-01,1.324958629000000110e-01,4.525010639999999668e-02,1.631766239999999854e-02,3.275535699999999883e-02,1.079063524000000024e-01,-9.836991999999999264e-03,5.361257509999999699e-02,1.814181900000000069e-01,-6.731892390999999476e-01,1.243734279399999920e+00,-2.731715277999999802e-01,1.679810679000000029e-01,7.747222369999999525e-02,-6.671346860000000600e-02,-3.203535597000000124e-01,8.104141604000000276e-01,1.228941441099999921e+00,1.544125644000000075e-01,1.992949005999999912e-01,6.818922300000000367e-03
-3.204447390000000201e-02,-2.994643339999999987e-02,8.133302727000000232e-01,7.229296418999999752e-01,-6.118477540000000214e-02,5.346348999999999589e-04,-6.882069965999999539e-01,8.832240410000000153e-02,1.446755503999999914e-01,4.933803579999999911e-02,1.214752149999999975e-01,4.324648870000000200e-02,-2.998813120000000040e-02,1.283812290000000134e-01,6.496601700000000090e-03,-2.086672907000000077e-01,1.325540856999999906e-01,4.533099019999999729e-02,1.652628680000000141e-02,3.274609590000000098e-02,1.078174513000000057e-01,-1.004234799999999955e-02,5.363097659999999794e-02,1.814404951999999960e-01,-6.731062492999999591e-01,1.243701790000000029e+00,-2.732129616999999788e-01,1.680392145999999864e-01,7.769180439999999466e-02,-6.707509700000000019e-02,-3.207234421999999863e-01,8.100345370999999517e-01,1.229154657000000039e+00,1.546935822000000127e-01,1.992764162000000006e-01,6.695407599999999779e-03
-3.218943400000000288e-02,-2.998415000000000108e-02,8.133273156000000448e-01,7.228807581999999732e-01,-6.130126639999999849e-02,4.287504999999999940e-04,-6.882480515000000132e-01,8.867703929999999624e-02,1.449896090999999998e-01,4.921236250000000229e-02,1.214724466000000058e-01,4.316561399999999799e-02,-3.081124299999999858e-02,1.287421152999999874e-01,7.022929899999999677e-03,-2.086138366999999993e-01,1.325053374999999867e-01,4.449793109999999885e-02,1.634836710000000040e-02,3.267742579999999980e-02,1.077636242999999994e-01,-1.020534619999999976e-02,5.371067840000000315e-02,1.814388966999999908e-01,-6.731694093000000212e-01,1.243531665399999930e+00,-2.732045139000000011e-01,1.681203624000000008e-01,7.792768399999999707e-02,-6.739524389999999865e-02,-3.210850905000000033e-01,8.096822800999999847e-01,1.229373557199999967e+00,1.550184954999999920e-01,1.992159555999999943e-01,6.558061100000000046e-03
-3.233450549999999923e-02,-3.011020260000000018e-02,8.133239976999999676e-01,7.228245315000000337e-01,-6.142540999999999973e-02,3.188115000000000154e-04,-6.882960946999999718e-01,8.905933430000000095e-02,1.453100392999999990e-01,4.910460319999999934e-02,1.214653103999999983e-01,4.308146460000000094e-02,-3.163688939999999977e-02,1.291203877000000055e-01,7.555786099999999700e-03,-2.085395298999999925e-01,1.324534310000000104e-01,4.366588180000000041e-02,1.617184190000000091e-02,3.263312420000000214e-02,1.077131746999999973e-01,-1.035501529999999920e-02,5.379939710000000014e-02,1.814388248000000092e-01,-6.732433233000000294e-01,1.243337861899999952e+00,-2.731991732999999867e-01,1.682118898999999945e-01,7.817264940000000217e-02,-6.771237780000000095e-02,-3.214424996999999951e-01,8.093266073999999533e-01,1.229597706599999896e+00,1.553497620000000023e-01,1.991502773999999920e-01,6.419297200000000092e-03
-3.232359089999999741e-02,-3.018261620000000159e-02,8.133226010999999867e-01,7.229772728000000148e-01,-6.121293270000000009e-02,5.390917000000000278e-04,-6.881544515999999945e-01,8.877255239999999603e-02,1.452824869000000074e-01,4.970771129999999871e-02,1.215097084999999938e-01,4.300429959999999691e-02,-3.008351459999999977e-02,1.286439245000000065e-01,6.719359500000000006e-03,-2.090369840999999895e-01,1.330423162000000104e-01,4.539364640000000117e-02,1.664998369999999908e-02,3.247409259999999714e-02,1.078599489999999966e-01,-1.000294149999999931e-02,5.372287519999999900e-02,1.815273084000000037e-01,-6.733092414000000359e-01,1.242856347100000036e+00,-2.731231874000000226e-01,1.680853559000000108e-01,7.814531519999999565e-02,-6.791349829999999976e-02,-3.212412013000000011e-01,8.094248079000000429e-01,1.229658519800000072e+00,1.552243303999999990e-01,1.991481975000000126e-01,6.462061699999999652e-03
-3.220724390000000159e-02,-3.021982650000000145e-02,8.133262090999999749e-01,7.230759786999999550e-01,-6.119490889999999739e-02,6.595795000000000434e-04,-6.880522342999999541e-01,8.853524040000000650e-02,1.453463499000000048e-01,4.989408199999999932e-02,1.215436993000000021e-01,4.287228280000000141e-02,-3.065882879999999935e-02,1.283319083999999999e-01,6.630159400000000189e-03,-2.093878631999999962e-01,1.335428963999999996e-01,4.524140859999999792e-02,1.675334519999999855e-02,3.229009809999999758e-02,1.081338688999999992e-01,-9.814332999999999738e-03,5.365106990000000076e-02,1.815931536000000013e-01,-6.733565353999999559e-01,1.242244335399999899e+00,-2.730144187999999916e-01,1.679935620000000129e-01,7.817646239999999358e-02,-6.814313349999999436e-02,-3.211065151999999978e-01,8.094454868999999553e-01,1.229714240000000069e+00,1.551574769999999881e-01,1.991893854000000019e-01,6.488177000000000354e-03
-3.218205510000000241e-02,-3.034474519999999856e-02,8.133290493999999482e-01,7.231753467000000546e-01,-6.118701110000000082e-02,7.755349000000000140e-04,-6.879483746000000233e-01,8.831398109999999413e-02,1.454248078000000000e-01,5.007050400000000179e-02,1.215848199000000018e-01,4.273199600000000126e-02,-3.124198539999999830e-02,1.280292630000000043e-01,6.552861400000000239e-03,-2.097448406999999904e-01,1.340811678000000118e-01,4.506477290000000108e-02,1.684756949999999948e-02,3.210142159999999911e-02,1.084250050999999992e-01,-9.603607300000000652e-03,5.358372019999999708e-02,1.816620428999999870e-01,-6.734016687999999640e-01,1.241622595299999965e+00,-2.729054981999999852e-01,1.679008996999999948e-01,7.820899309999999882e-02,-6.837853820000000526e-02,-3.209660751000000256e-01,8.094704754999999530e-01,1.229781036299999908e+00,1.550961986999999931e-01,1.992310471000000027e-01,6.505811499999999969e-03
-3.235355699999999807e-02,-3.013062400000000168e-02,8.133185187000000482e-01,7.234592279999999542e-01,-6.123581110000000244e-02,5.003088999999999627e-04,-6.876457448999999666e-01,8.839414869999999425e-02,1.453209105000000112e-01,4.977264690000000186e-02,1.215996688000000048e-01,4.332882300000000242e-02,-3.067530079999999937e-02,1.284003113999999945e-01,6.664519500000000429e-03,-2.092743995000000135e-01,1.342395875000000072e-01,4.478521530000000028e-02,1.657206920000000097e-02,3.295516820000000263e-02,1.083415625000000021e-01,-9.450099199999999200e-03,5.314578670000000282e-02,1.816413360999999949e-01,-6.734026122999999808e-01,1.241265794900000108e+00,-2.728311118999999785e-01,1.679514319000000033e-01,7.828763499999999431e-02,-6.906254109999999946e-02,-3.204233115999999826e-01,8.100741354999999588e-01,1.229773593100000006e+00,1.548471070000000116e-01,1.993873311000000093e-01,6.581916699999999960e-03
-3.252611610000000208e-02,-3.001015569999999910e-02,8.133078098999999561e-01,7.236913957999999703e-01,-6.134832610000000297e-02,2.803354999999999996e-04,-6.873914953999999966e-01,8.850131910000000324e-02,1.453408979999999961e-01,4.928467479999999734e-02,1.215995106999999964e-01,4.363871960000000050e-02,-3.122808750000000133e-02,1.287638056000000031e-01,6.636532100000000142e-03,-2.099293308000000080e-01,1.343790256000000072e-01,4.442244010000000187e-02,1.661427399999999832e-02,3.374669119999999800e-02,1.081482047000000002e-01,-9.170738200000000395e-03,5.251169399999999765e-02,1.815648951000000122e-01,-6.731877612000000122e-01,1.240975748100000109e+00,-2.727555004000000172e-01,1.679659461999999936e-01,7.833198299999999392e-02,-6.973109489999999855e-02,-3.198517736000000000e-01,8.106654809000000128e-01,1.229808641600000030e+00,1.545654337000000045e-01,1.995513134999999938e-01,6.701879499999999733e-03
-3.270041969999999687e-02,-2.980056739999999843e-02,8.132969447000000240e-01,7.239277390999999673e-01,-6.146242700000000003e-02,5.871830000000000327e-05,-6.871324437000000396e-01,8.860430539999999966e-02,1.453626137000000040e-01,4.877992650000000097e-02,1.216082153999999971e-01,4.394745550000000306e-02,-3.178060149999999834e-02,1.291297188999999956e-01,6.609484500000000276e-03,-2.105999006000000007e-01,1.345272630000000080e-01,4.405041660000000303e-02,1.665463219999999828e-02,3.450454819999999867e-02,1.079561785999999940e-01,-8.873508800000000710e-03,5.186584939999999699e-02,1.814919388000000022e-01,-6.729482394000000367e-01,1.240692424699999963e+00,-2.726746488999999829e-01,1.679784757999999989e-01,7.836765199999999598e-02,-7.042284719999999942e-02,-3.192700729999999876e-01,8.112673926000000257e-01,1.229857053699999980e+00,1.542800084000000016e-01,1.997129608999999861e-01,6.822014000000000376e-03
-3.333701840000000138e-02,-2.981385699999999916e-02,8.133259817000000336e-01,7.241928146999999649e-01,-6.152199030000000263e-02,-4.037539999999999971e-05,-6.868477344000000206e-01,8.853266469999999944e-02,1.459630633000000011e-01,4.817379530000000243e-02,1.215874148999999960e-01,4.433736020000000194e-02,-3.218982769999999966e-02,1.292397509000000055e-01,7.384348599999999985e-03,-2.115743542000000088e-01,1.349482062000000038e-01,4.412898380000000037e-02,1.654093319999999992e-02,3.551268939999999846e-02,1.080555856999999981e-01,-8.636164599999999331e-03,5.079163970000000194e-02,1.819399959000000122e-01,-6.734705693000000437e-01,1.240431234899999957e+00,-2.724015187000000116e-01,1.678964557000000024e-01,7.835019719999999910e-02,-7.158961549999999507e-02,-3.185358953999999909e-01,8.126768410000000387e-01,1.229420369400000101e+00,1.537417681000000091e-01,1.998393015000000106e-01,7.181852499999999591e-03
-3.389386960000000115e-02,-2.984243859999999998e-02,8.133375720000000086e-01,7.244748635000000103e-01,-6.149362099999999831e-02,-1.198954000000000041e-04,-6.865527600999999924e-01,8.836817190000000044e-02,1.464574731000000130e-01,4.807382200000000216e-02,1.216083178000000042e-01,4.468391389999999685e-02,-3.264160750000000277e-02,1.292483710000000008e-01,7.958670899999999160e-03,-2.125060011999999887e-01,1.352112295000000020e-01,4.378867449999999939e-02,1.649342859999999855e-02,3.672555959999999897e-02,1.079152850999999941e-01,-8.246973700000000129e-03,4.970056490000000077e-02,1.824140529000000122e-01,-6.739728215000000411e-01,1.240291613499999945e+00,-2.721454307999999767e-01,1.677783744000000132e-01,7.827984250000000199e-02,-7.290854149999999312e-02,-3.177682034000000044e-01,8.140918721000000025e-01,1.228964644599999989e+00,1.531811449999999908e-01,1.999999741000000053e-01,7.557869099999999646e-03
-3.453878459999999706e-02,-2.986994620000000059e-02,8.133492153000000391e-01,7.247547087000000277e-01,-6.146253270000000268e-02,-2.002616999999999939e-04,-6.862601030999999630e-01,8.820100879999999421e-02,1.469502964999999939e-01,4.798204539999999935e-02,1.216298194000000055e-01,4.503359769999999707e-02,-3.309333340000000095e-02,1.292429958000000101e-01,8.526269399999999651e-03,-2.134308075000000138e-01,1.354973020999999944e-01,4.344098240000000138e-02,1.644316620000000131e-02,3.795321489999999715e-02,1.077602014000000052e-01,-7.854043600000000860e-03,4.859984030000000232e-02,1.828943358000000019e-01,-6.744794215999999620e-01,1.240156638600000027e+00,-2.718877479999999847e-01,1.676575084999999965e-01,7.820128469999999832e-02,-7.423273639999999896e-02,-3.169896475999999796e-01,8.154899383000000501e-01,1.228510587799999998e+00,1.526203403999999986e-01,2.001648108000000092e-01,7.939407000000000755e-03
-3.467621979999999798e-02,-2.975130549999999846e-02,8.133359760999999688e-01,7.253766170000000013e-01,-6.143309629999999660e-02,-3.330663000000000200e-04,-6.856052998999999648e-01,8.764442570000000043e-02,1.472086861999999940e-01,4.458931659999999797e-02,1.215640840000000028e-01,4.596931089999999748e-02,-3.432609770000000227e-02,1.297518108999999864e-01,8.316496300000000147e-03,-2.158245431999999964e-01,1.359374737000000055e-01,4.300959659999999823e-02,1.642141360000000036e-02,4.049836340000000090e-02,1.069332243000000043e-01,-8.488922600000000512e-03,4.724275559999999846e-02,1.838996063999999986e-01,-6.758564883000000023e-01,1.240160954700000095e+00,-2.714463202999999880e-01,1.682736080999999995e-01,7.761015620000000226e-02,-8.661955970000000116e-02,-3.215365481999999941e-01,8.158982809999999475e-01,1.227638344600000098e+00,1.512193245000000019e-01,2.005344219000000094e-01,1.014766050000000079e-02
-3.493131299999999856e-02,-2.967670769999999902e-02,8.133447745999999867e-01,7.260263558999999756e-01,-6.143440409999999935e-02,-5.247404000000000217e-04,-6.849169796999999837e-01,8.725343150000000603e-02,1.469047189999999892e-01,4.270689710000000194e-02,1.215719482000000018e-01,4.653711809999999671e-02,-3.445860459999999792e-02,1.302222859000000121e-01,8.034255699999999500e-03,-2.180130701000000115e-01,1.361360812999999892e-01,4.278580669999999808e-02,1.660947819999999964e-02,4.295941500000000079e-02,1.061210241999999970e-01,-8.693592300000000522e-03,4.564792019999999728e-02,1.848003622000000123e-01,-6.770290064999999746e-01,1.240314198699999926e+00,-2.708525150000000159e-01,1.686971659000000012e-01,7.699633849999999724e-02,-9.980394280000000340e-02,-3.260387417999999760e-01,8.164167476000000478e-01,1.227297426300000049e+00,1.496485697999999920e-01,2.007845453000000058e-01,1.297678279999999948e-02
-3.509836610000000023e-02,-2.959434099999999970e-02,8.133533908000000201e-01,7.266706202999999586e-01,-6.145528590000000346e-02,-7.358624999999999498e-04,-6.842313321999999864e-01,8.692588230000000693e-02,1.466020788000000075e-01,4.084115170000000156e-02,1.215713404000000053e-01,4.710668099999999747e-02,-3.458706279999999855e-02,1.307522685999999990e-01,7.753948299999999759e-03,-2.201858141999999963e-01,1.363189630999999957e-01,4.257527950000000033e-02,1.679786549999999837e-02,4.539420489999999864e-02,1.053204502999999931e-01,-8.801190599999999739e-03,4.399168700000000154e-02,1.856721124999999861e-01,-6.781398021000000220e-01,1.240520837700000101e+00,-2.702351734999999811e-01,1.690910264000000107e-01,7.636470469999999400e-02,-1.131185150999999972e-01,-3.305091769999999873e-01,8.170083839999999764e-01,1.227084963600000078e+00,1.480557138999999967e-01,2.009665120000000138e-01,1.589122780000000110e-02
-3.548752580000000267e-02,-2.954751950000000099e-02,8.134587812000000362e-01,7.272376929999999629e-01,-6.127709550000000338e-02,-7.933353999999999667e-04,-6.836445173999999847e-01,8.635120270000000431e-02,1.462717461999999968e-01,3.817803360000000118e-02,1.212654407999999989e-01,4.855267209999999944e-02,-3.508099440000000263e-02,1.309663749999999960e-01,7.689599200000000155e-03,-2.219747448000000123e-01,1.361718543000000059e-01,4.294742070000000245e-02,1.655817299999999895e-02,4.714254119999999881e-02,1.012153137999999980e-01,-1.245729710000000046e-02,4.625561949999999756e-02,1.892849320999999974e-01,-6.779439292000000172e-01,1.241291382600000048e+00,-2.677672991999999752e-01,1.698835518000000044e-01,7.478966509999999956e-02,-1.690156824999999863e-01,-3.535219165999999857e-01,7.884937660999999931e-01,1.211475579100000033e+00,1.482845673000000031e-01,1.996276314000000052e-01,1.136073670000000042e-02
-3.585503760000000040e-02,-2.941169500000000159e-02,8.135545346000000455e-01,7.277894838999999783e-01,-6.131888860000000302e-02,-1.095102799999999980e-03,-6.830528982000000360e-01,8.608638779999999713e-02,1.459477342999999927e-01,3.577203570000000304e-02,1.213784076000000017e-01,4.991992950000000151e-02,-3.552795160000000313e-02,1.313864351000000041e-01,7.536300200000000185e-03,-2.237542865000000103e-01,1.365401129000000102e-01,4.323412279999999663e-02,1.632984130000000172e-02,4.964885260000000133e-02,9.753043610000000641e-02,-1.442613790000000021e-02,4.698771610000000015e-02,1.924648241999999954e-01,-6.779367454000000404e-01,1.242135793699999935e+00,-2.651779412999999974e-01,1.706895069999999903e-01,7.312780720000000567e-02,-2.257960475000000133e-01,-3.781793862999999756e-01,7.596777008999999747e-01,1.196362182199999902e+00,1.480071863000000099e-01,1.985677033000000091e-01,7.691401599999999825e-03
-3.613167140000000249e-02,-2.917894450000000153e-02,8.135574463000000422e-01,7.283343380000000256e-01,-6.142189220000000144e-02,-1.461090900000000048e-03,-6.824619466000000356e-01,8.601165410000000122e-02,1.456249554999999862e-01,3.338463259999999849e-02,1.215114573000000003e-01,5.125719079999999789e-02,-3.597329509999999675e-02,1.319707901999999933e-01,7.376316400000000086e-03,-2.255171978999999938e-01,1.369629129000000112e-01,4.348075359999999806e-02,1.610645109999999866e-02,5.231662129999999772e-02,9.397135489999999813e-02,-1.605950210000000114e-02,4.742424010000000079e-02,1.955122982999999981e-01,-6.780297440000000453e-01,1.243113785700000085e+00,-2.625830883999999976e-01,1.714830005000000102e-01,7.141210200000000508e-02,-2.823233184999999756e-01,-4.040548454999999817e-01,7.319097535999999904e-01,1.181455793700000090e+00,1.476553294999999877e-01,1.974999533000000029e-01,4.091767100000000094e-03
-3.604059049999999709e-02,-2.924802810000000017e-02,8.136977552999999919e-01,7.283678465999999796e-01,-6.180434740000000093e-02,-1.927021500000000069e-03,-6.823904961000000213e-01,8.737391429999999404e-02,1.453336543000000036e-01,3.246436899999999987e-02,1.217271486999999958e-01,5.219480790000000092e-02,-3.660769269999999964e-02,1.332873827999999927e-01,6.871030299999999862e-03,-2.261410497999999936e-01,1.371333191999999923e-01,4.433901440000000138e-02,1.625530990000000064e-02,5.987711419999999785e-02,9.148692780000000635e-02,-1.893208860000000077e-02,5.036115859999999722e-02,1.989095899999999972e-01,-6.774367372999999803e-01,1.244967970300000060e+00,-2.625592653000000110e-01,1.724288157999999960e-01,6.999593880000000434e-02,-3.419787573999999997e-01,-4.195904236999999926e-01,7.232429217000000410e-01,1.168572969399999995e+00,1.324166686000000093e-01,1.996354828999999942e-01,1.295230500000000033e-03
-3.596058619999999845e-02,-2.927298840000000166e-02,8.137507424000000045e-01,7.283645947000000342e-01,-6.218105139999999947e-02,-2.343396099999999795e-03,-6.823584414000000153e-01,8.877088710000000105e-02,1.450694925000000080e-01,3.166721060000000226e-02,1.218491706999999952e-01,5.295256289999999977e-02,-3.719509960000000337e-02,1.345818840000000127e-01,6.718119600000000032e-03,-2.256449768999999883e-01,1.371383586999999904e-01,4.507575979999999677e-02,1.612813839999999860e-02,6.640823369999999948e-02,8.894852020000000581e-02,-2.186933040000000120e-02,5.393305069999999868e-02,2.023199970000000014e-01,-6.758493904000000274e-01,1.246613221600000099e+00,-2.626677646000000199e-01,1.731520129000000130e-01,6.881075300000000228e-02,-4.022655078999999856e-01,-4.353049897999999862e-01,7.163110366999999590e-01,1.156408430699999990e+00,1.165746535000000000e-01,2.018410881000000101e-01,-1.235729400000000000e-03
-3.588213350000000329e-02,-2.932637410000000014e-02,8.137997106000000036e-01,7.283680728000000437e-01,-6.254658940000000500e-02,-2.748078199999999787e-03,-6.823198097999999545e-01,9.016487639999999637e-02,1.448099607999999983e-01,3.085402549999999994e-02,1.219796439999999982e-01,5.366821719999999990e-02,-3.779001929999999815e-02,1.358955958999999991e-01,6.570249200000000296e-03,-2.251653748999999927e-01,1.371204921999999993e-01,4.578211380000000302e-02,1.600663509999999956e-02,7.277451070000000299e-02,8.647935639999999868e-02,-2.476523950000000113e-02,5.761457789999999829e-02,2.057019414000000046e-01,-6.740704150999999866e-01,1.248126074800000040e+00,-2.627359537000000245e-01,1.738532955000000046e-01,6.766270000000000617e-02,-4.625418731000000006e-01,-4.518887348999999776e-01,7.103641878999999992e-01,1.144375469000000090e+00,1.007491556000000010e-01,2.038500410000000096e-01,-3.650859399999999925e-03
-3.603841259999999991e-02,-2.962041229999999928e-02,8.138789024000000483e-01,7.279300005000000073e-01,-6.273093350000000235e-02,-3.067696700000000203e-03,-6.827688726999999735e-01,9.168198519999999629e-02,1.449979141999999943e-01,3.181666090000000169e-02,1.221351212999999963e-01,5.305955880000000346e-02,-3.788615409999999961e-02,1.368400221000000139e-01,7.076057900000000053e-03,-2.231978220999999984e-01,1.378367430999999921e-01,4.563169630000000337e-02,1.583243609999999968e-02,7.789343279999999536e-02,8.507652009999999709e-02,-2.688558870000000087e-02,6.218514969999999753e-02,2.080544290999999935e-01,-6.712997724000000499e-01,1.249814779300000067e+00,-2.629776790000000197e-01,1.746885578000000050e-01,6.666446769999999356e-02,-5.114958205999999841e-01,-4.674801176999999752e-01,7.027955908999999890e-01,1.134690452699999907e+00,9.209071559999999768e-02,2.060935851000000041e-01,-1.169195980000000031e-02
-3.619835729999999752e-02,-2.998926869999999842e-02,8.139386021000000193e-01,7.274841918000000129e-01,-6.284554039999999675e-02,-3.295099899999999991e-03,-6.832322672999999735e-01,9.313672600000000301e-02,1.451780665999999886e-01,3.240092029999999679e-02,1.222382617000000032e-01,5.304498080000000226e-02,-3.860911770000000076e-02,1.375989123999999952e-01,7.538036599999999900e-03,-2.208641929000000059e-01,1.379728658000000108e-01,4.560763030000000023e-02,1.558665960000000031e-02,8.334489209999999815e-02,8.363345669999999732e-02,-2.949567809999999873e-02,6.702786719999999365e-02,2.104803417999999982e-01,-6.688561744000000031e-01,1.251373064600000085e+00,-2.632518729000000168e-01,1.753964507999999922e-01,6.580805920000000475e-02,-5.595719958999999522e-01,-4.837061960999999854e-01,6.958118648000000128e-01,1.124595336500000098e+00,8.400523470000000048e-02,2.082555722999999970e-01,-2.053332810000000133e-02
-3.626871529999999705e-02,-3.038896870000000125e-02,8.139101936999999509e-01,7.270378238000000382e-01,-6.292616980000000082e-02,-3.482686300000000131e-03,-6.836988889999999763e-01,9.452750120000000256e-02,1.453669927000000028e-01,3.299223750000000038e-02,1.223194816999999962e-01,5.300938720000000076e-02,-3.933612999999999693e-02,1.383192192999999903e-01,8.014794599999999769e-03,-2.185243675000000108e-01,1.380393930000000102e-01,4.558806080000000344e-02,1.534618939999999980e-02,8.891879310000000425e-02,8.220974670000000262e-02,-3.220472480000000082e-02,7.189207779999999548e-02,2.128997233000000100e-01,-6.665177286000000256e-01,1.252867006500000047e+00,-2.635364701999999837e-01,1.760937776000000010e-01,6.498162929999999615e-02,-6.073535243000000028e-01,-5.005567445999999920e-01,6.893846396999999682e-01,1.114371594200000093e+00,7.599654140000000613e-02,2.103635000000000088e-01,-2.947502860000000141e-02
-3.703900059999999661e-02,-3.096594130000000084e-02,8.138924210000000325e-01,7.261667051000000317e-01,-6.291416190000000130e-02,-3.569940800000000018e-03,-6.846247001999999915e-01,9.615238339999999939e-02,1.470442161999999942e-01,3.570939929999999984e-02,1.224361119000000053e-01,5.270568860000000161e-02,-3.929170910000000239e-02,1.384842773999999943e-01,8.745115700000000158e-03,-2.182274520999999967e-01,1.384235474000000132e-01,4.499882160000000242e-02,1.487495540000000060e-02,9.322075330000000049e-02,8.061942560000000257e-02,-3.497317199999999682e-02,7.701548219999999889e-02,2.156995452000000091e-01,-6.648004857999999517e-01,1.255312296799999894e+00,-2.642511679999999807e-01,1.768585669999999943e-01,6.447386659999999881e-02,-6.517608915000000502e-01,-5.150776513999999473e-01,6.832497106999999570e-01,1.102759914900000027e+00,7.253762739999999876e-02,2.125933349000000139e-01,-3.409661459999999839e-02
-3.780276550000000180e-02,-3.157816730000000127e-02,8.139558274000000537e-01,7.252910989999999947e-01,-6.285231030000000552e-02,-3.598241199999999921e-03,-6.855577739999999531e-01,9.767409069999999360e-02,1.485252267000000126e-01,3.801529309999999995e-02,1.225120387000000061e-01,5.240005749999999962e-02,-4.026835019999999710e-02,1.385510715000000115e-01,1.004847629999999943e-02,-2.157895048000000038e-01,1.388101929999999984e-01,4.433884159999999797e-02,1.398588259999999917e-02,9.750352410000000247e-02,7.896158590000000588e-02,-3.796239089999999677e-02,8.225450900000000343e-02,2.185377483000000010e-01,-6.631048366999999777e-01,1.257754306800000110e+00,-2.650143553000000041e-01,1.775956887000000040e-01,6.397116869999999733e-02,-6.959938132999999860e-01,-5.298919936000000552e-01,6.777010447000000326e-01,1.090962592199999914e+00,6.929994809999999450e-02,2.148713422000000095e-01,-3.868604350000000303e-02
-3.847941340000000238e-02,-3.221062289999999939e-02,8.139312505000000364e-01,7.244107532000000349e-01,-6.277193879999999615e-02,-3.602423100000000031e-03,-6.864952780999999948e-01,9.916041309999999720e-02,1.500180335000000087e-01,4.033298429999999934e-02,1.225884185999999987e-01,5.206805240000000196e-02,-4.124836739999999946e-02,1.385920039000000104e-01,1.136587849999999913e-02,-2.133383067999999883e-01,1.391624844000000083e-01,4.367483190000000237e-02,1.309385180000000037e-02,1.018552721999999994e-01,7.730422000000000682e-02,-4.097990480000000130e-02,8.748358990000000557e-02,2.213912141999999916e-01,-6.614359860999999841e-01,1.260158640900000071e+00,-2.657713944999999800e-01,1.783206542000000117e-01,6.347692700000000243e-02,-7.401786113999999639e-01,-5.449545216000000192e-01,6.726840959000000009e-01,1.079121506299999922e+00,6.608744689999999922e-02,2.171247487000000087e-01,-4.333257830000000060e-02
-3.862961639999999697e-02,-3.288148839999999878e-02,8.140024224999999891e-01,7.241749821999999837e-01,-6.264182359999999339e-02,-3.432188899999999952e-03,-6.867567380000000332e-01,9.982298670000000484e-02,1.505460126000000010e-01,4.177887789999999713e-02,1.226459409000000000e-01,5.212464599999999670e-02,-4.211653790000000064e-02,1.387998316000000065e-01,1.194348129999999938e-02,-2.115815310999999976e-01,1.392816621000000088e-01,4.424926400000000343e-02,1.293704050000000008e-02,1.069244740000000055e-01,7.637758199999999942e-02,-4.267903910000000328e-02,9.340621100000000288e-02,2.240793701000000082e-01,-6.600994203000000171e-01,1.263851580300000110e+00,-2.664143554000000247e-01,1.789077762999999877e-01,6.274782310000000252e-02,-7.769187170000000364e-01,-5.552677249999999898e-01,6.644407162000000033e-01,1.064495409799999903e+00,6.891548290000000521e-02,2.178074794000000036e-01,-4.920325939999999759e-02
-3.879133840000000000e-02,-3.359396690000000102e-02,8.140694901999999677e-01,7.239532148999999750e-01,-6.249807210000000307e-02,-3.204702700000000050e-03,-6.870047041000000299e-01,1.004755192000000019e-01,1.511284402999999998e-01,4.297837100000000132e-02,1.226032680000000014e-01,5.202025109999999786e-02,-4.273274039999999663e-02,1.390180286999999903e-01,1.255398710000000043e-02,-2.099134320000000109e-01,1.392800050999999928e-01,4.462587429999999994e-02,1.251378340000000068e-02,1.122305732999999972e-01,7.529153189999999995e-02,-4.464179880000000017e-02,9.938501819999999431e-02,2.270421109999999909e-01,-6.590311984000000178e-01,1.267609524999999904e+00,-2.670593714999999757e-01,1.794565311999999913e-01,6.196057380000000170e-02,-8.129477537000000531e-01,-5.657645185999999882e-01,6.561726602999999880e-01,1.049469486000000007e+00,7.199322980000000261e-02,2.184420662000000068e-01,-5.556329940000000189e-02
-3.895593940000000033e-02,-3.423364009999999708e-02,8.141366268999999933e-01,7.237326781999999792e-01,-6.233708990000000338e-02,-2.961807800000000167e-03,-6.872527376999999493e-01,1.010960773999999979e-01,1.517143128000000007e-01,4.417311370000000237e-02,1.225531942000000069e-01,5.190346679999999907e-02,-4.335195830000000000e-02,1.392133513999999905e-01,1.317295599999999955e-02,-2.082502408999999943e-01,1.392658344000000104e-01,4.499576699999999901e-02,1.208681319999999927e-02,1.176258067999999962e-01,7.416155879999999923e-02,-4.665806360000000069e-02,1.053489107000000063e-01,2.300600251999999901e-01,-6.580350622999999732e-01,1.271357175899999969e+00,-2.677113709000000230e-01,1.799944653999999977e-01,6.116325360000000183e-02,-8.488139586999999819e-01,-5.763963389999999798e-01,6.481102876000000013e-01,1.034361325699999945e+00,7.506325440000000127e-02,2.190599820999999947e-01,-6.206063900000000078e-02
-3.924825259999999844e-02,-3.508120239999999723e-02,8.142161660000000190e-01,7.234633134000000299e-01,-6.203253920000000032e-02,-2.611747700000000005e-03,-6.875652529000000346e-01,1.016850153999999951e-01,1.523585124999999874e-01,4.426703010000000021e-02,1.225034893000000041e-01,5.200474669999999994e-02,-4.382140369999999729e-02,1.393274794000000094e-01,1.373716569999999977e-02,-2.079111792999999986e-01,1.394273105999999929e-01,4.541900869999999923e-02,1.165073869999999970e-02,1.211372698999999969e-01,7.224261229999999478e-02,-4.937250220000000134e-02,1.123438204000000024e-01,2.319939169999999939e-01,-6.573219042000000290e-01,1.274056262100000003e+00,-2.681656676999999989e-01,1.811782368000000032e-01,6.021528009999999737e-02,-8.951850212999999945e-01,-5.884026407000000347e-01,6.351263656000000202e-01,1.015295752299999910e+00,8.036622670000000135e-02,2.205445352000000026e-01,-7.026097000000000592e-02
-3.954727689999999740e-02,-3.592836669999999871e-02,8.143776789000000127e-01,7.230936491999999660e-01,-6.176504359999999971e-02,-2.277775100000000146e-03,-6.879792624999999662e-01,1.022679125000000022e-01,1.530313440000000136e-01,4.421813499999999869e-02,1.224964189000000009e-01,5.197319110000000325e-02,-4.429362490000000180e-02,1.392498484999999953e-01,1.425112840000000020e-02,-2.078368660000000090e-01,1.397276749999999956e-01,4.577439409999999737e-02,1.122016259999999988e-02,1.246350199999999991e-01,7.034624000000000432e-02,-5.172787069999999765e-02,1.192424819000000025e-01,2.340491379000000094e-01,-6.564202329999999641e-01,1.276895934599999949e+00,-2.685690841999999745e-01,1.819776203000000037e-01,5.916219450000000102e-02,-9.418401623000000056e-01,-6.006481841999999904e-01,6.225898951999999653e-01,9.966060367000000308e-01,8.565242500000000425e-02,2.215908651999999868e-01,-7.833154720000000404e-02
-3.985015010000000218e-02,-3.678449450000000065e-02,8.144511321999999831e-01,7.227245276999999524e-01,-6.148882769999999831e-02,-1.936791499999999944e-03,-6.883927876000000001e-01,1.028419093000000062e-01,1.537068840999999964e-01,4.416536850000000319e-02,1.224809525000000038e-01,5.193511879999999914e-02,-4.477474239999999772e-02,1.391530215000000015e-01,1.476746020000000055e-02,-2.077682195999999981e-01,1.400383178999999867e-01,4.611076909999999723e-02,1.078365090000000040e-02,1.281312075000000106e-01,6.844689769999999507e-02,-5.403744669999999833e-02,1.260897182999999866e-01,2.361090412000000083e-01,-6.554796488999999893e-01,1.279763777699999938e+00,-2.689530792000000003e-01,1.827194426000000038e-01,5.809249259999999665e-02,-9.885230405999999581e-01,-6.129267339999999731e-01,6.105124197000000308e-01,9.780242576000000021e-01,9.085587920000000317e-02,2.224795548999999872e-01,-8.652807460000000450e-02
-4.038521230000000073e-02,-3.815728580000000286e-02,8.145148644999999910e-01,7.229379086999999648e-01,-6.080978110000000159e-02,-1.278654900000000035e-03,-6.882305686999999894e-01,1.028809157000000057e-01,1.543271516999999982e-01,4.365498739999999767e-02,1.221536126000000028e-01,5.198716049999999728e-02,-4.648951459999999675e-02,1.390360240999999886e-01,1.588336140000000049e-02,-2.077986219999999884e-01,1.400430367999999925e-01,4.569435489999999767e-02,1.032627889999999937e-02,1.312399133000000107e-01,6.339196430000000604e-02,-5.726698580000000316e-02,1.326226000999999877e-01,2.409164176999999962e-01,-6.544890505999999553e-01,1.279125562699999996e+00,-2.684009783999999899e-01,1.830640353999999914e-01,5.686378730000000298e-02,-1.047833209400000021e+00,-6.474940875000000373e-01,6.239595112000000388e-01,9.657363530000000473e-01,8.452196489999999618e-02,2.234781915999999868e-01,-8.881877539999999405e-02
-4.086325279999999949e-02,-3.940747409999999923e-02,8.145017219000000308e-01,7.230979139000000000e-01,-6.020675080000000012e-02,-6.440343999999999540e-04,-6.881163703999999548e-01,1.027807463999999976e-01,1.548292403000000039e-01,4.280992170000000319e-02,1.220044903000000042e-01,5.160939640000000023e-02,-4.699734140000000338e-02,1.389832329000000033e-01,1.652807840000000000e-02,-2.081285798999999992e-01,1.401101545000000004e-01,4.535598799999999986e-02,1.003354690000000070e-02,1.344233043999999988e-01,5.926433829999999681e-02,-5.999764760000000224e-02,1.389777171999999894e-01,2.449188224000000136e-01,-6.534206621999999465e-01,1.278086419999999945e+00,-2.677988410000000097e-01,1.836230248000000065e-01,5.570166680000000065e-02,-1.109905290299999958e+00,-6.816928932000000385e-01,6.409626825999999999e-01,9.544658470000000339e-01,7.838538690000000642e-02,2.240688118999999978e-01,-9.029962639999999929e-02
-4.133927939999999801e-02,-4.067085010000000278e-02,8.145741962000000447e-01,7.232585638999999844e-01,-5.960385709999999754e-02,-6.663799999999999624e-06,-6.880003125000000441e-01,1.026872692999999948e-01,1.553358525999999906e-01,4.196644959999999702e-02,1.218684480000000042e-01,5.120380690000000262e-02,-4.750822360000000327e-02,1.389578298999999961e-01,1.717911479999999907e-02,-2.084591493999999878e-01,1.401551172000000123e-01,4.500966499999999731e-02,9.745915100000000428e-03,1.375343034000000020e-01,5.523656779999999711e-02,-6.257300320000000471e-02,1.452603282999999912e-01,2.488047227999999889e-01,-6.522336898999999688e-01,1.276986975800000090e+00,-2.671906055000000113e-01,1.842079530000000076e-01,5.459638130000000339e-02,-1.173586302699999973e+00,-7.148461928999999548e-01,6.604896217000000291e-01,9.433825661000000418e-01,7.230008409999999497e-02,2.244533439999999991e-01,-9.182406460000000492e-02
-4.147660439999999865e-02,-4.232965069999999885e-02,8.147199586000000160e-01,7.238071685000000421e-01,-5.852343969999999895e-02,9.443772000000000017e-04,-6.875153073999999975e-01,1.018036919000000068e-01,1.558212049000000099e-01,4.093997230000000209e-02,1.215424704999999994e-01,5.130580039999999703e-02,-4.818531150000000124e-02,1.386555757000000055e-01,1.765151729999999905e-02,-2.089044914000000031e-01,1.398767932999999963e-01,4.499626040000000160e-02,9.346705599999999628e-03,1.402879878000000136e-01,4.994103040000000271e-02,-6.620229680000000450e-02,1.529425322000000087e-01,2.529394466000000063e-01,-6.511463033000000067e-01,1.277244390099999904e+00,-2.669009692000000045e-01,1.850796423999999940e-01,5.367483029999999683e-02,-1.241599999600000004e+00,-7.536451213000000537e-01,6.831418522000000104e-01,9.340165198000000002e-01,7.177739380000000557e-02,2.246291656999999942e-01,-9.405675460000000043e-02
-4.164969450000000073e-02,-4.399915339999999758e-02,8.148692711999999672e-01,7.243111036999999586e-01,-5.748038319999999868e-02,1.962659700000000083e-03,-6.870702864000000076e-01,1.008228491000000004e-01,1.559597343000000136e-01,4.000986210000000154e-02,1.212326006000000039e-01,5.139154819999999790e-02,-4.887066810000000039e-02,1.381903475000000048e-01,1.790817349999999919e-02,-2.095770550999999926e-01,1.396590855000000020e-01,4.509560549999999668e-02,8.925687099999999458e-03,1.433274824000000114e-01,4.470237960000000149e-02,-6.993455969999999577e-02,1.604512438000000041e-01,2.571907885999999976e-01,-6.502917243000000402e-01,1.277489808799999960e+00,-2.666545659999999818e-01,1.859946121000000119e-01,5.268849180000000076e-02,-1.311795335600000056e+00,-7.908810023000000244e-01,7.090998111999999853e-01,9.245476263999999889e-01,7.178017389999999387e-02,2.246353217000000013e-01,-9.658121679999999432e-02
-4.182880810000000338e-02,-4.559429789999999705e-02,8.150186454000000191e-01,7.248094703999999888e-01,-5.641381689999999671e-02,3.002946800000000100e-03,-6.866292268999999449e-01,9.979778109999999647e-02,1.561066986999999906e-01,3.909185669999999668e-02,1.209011678999999950e-01,5.147609969999999979e-02,-4.957152010000000220e-02,1.376709771000000082e-01,1.817249660000000086e-02,-2.102408649999999990e-01,1.394377820000000101e-01,4.519002280000000010e-02,8.496025399999999200e-03,1.463094355000000013e-01,3.938901010000000341e-02,-7.370068420000000509e-02,1.679444646999999902e-01,2.615008515000000200e-01,-6.493696530000000466e-01,1.277729256600000030e+00,-2.664292610999999811e-01,1.869035659999999932e-01,5.171084940000000157e-02,-1.384376255600000105e+00,-8.259129330000000158e-01,7.383185382000000407e-01,9.150158770999999858e-01,7.178159739999999400e-02,2.245552600000000065e-01,-9.937851529999999767e-02
-4.179111370000000020e-02,-4.714151650000000110e-02,8.152480144000000539e-01,7.253749342999999961e-01,-5.536956259999999824e-02,4.024010399999999876e-03,-6.861116699000000541e-01,9.835782690000000050e-02,1.555735182000000105e-01,3.757954200000000050e-02,1.206562451999999980e-01,5.228968340000000187e-02,-5.022186230000000307e-02,1.369725465999999947e-01,1.805266120000000030e-02,-2.108730088999999919e-01,1.394075157999999925e-01,4.693969209999999948e-02,8.466111099999999723e-03,1.491775126999999868e-01,3.427517370000000146e-02,-7.715865539999999800e-02,1.723825257999999916e-01,2.646636231999999755e-01,-6.461752164999999826e-01,1.277993067900000002e+00,-2.670250171999999922e-01,1.875295234000000089e-01,5.161527779999999788e-02,-1.448042468499999957e+00,-8.544598958000000355e-01,7.641878023999999492e-01,9.117565157999999448e-01,7.704961949999999948e-02,2.233931314000000001e-01,-1.061973066999999937e-01
-4.177759670000000258e-02,-4.870841229999999661e-02,8.154814862999999470e-01,7.259515102000000386e-01,-5.426258719999999675e-02,5.098545700000000139e-03,-6.855829500000000243e-01,9.694956359999999662e-02,1.552331533000000097e-01,3.613645749999999657e-02,1.202845604000000040e-01,5.311733989999999767e-02,-5.086590660000000347e-02,1.361889783999999937e-01,1.797221499999999972e-02,-2.115003946000000024e-01,1.392500287000000003e-01,4.801901150000000007e-02,8.227915400000000712e-03,1.518249962000000064e-01,2.869462810000000114e-02,-8.105165810000000692e-02,1.769165827999999996e-01,2.681377477999999925e-01,-6.428409587000000203e-01,1.278484530500000105e+00,-2.676703397999999900e-01,1.880183009999999988e-01,5.161037269999999705e-02,-1.512840240300000083e+00,-8.805838934999999923e-01,7.918936094999999842e-01,9.086821775000000212e-01,8.230987979999999926e-02,2.215717054999999935e-01,-1.137467286999999938e-01
-4.176835789999999715e-02,-5.028117790000000142e-02,8.156279969999999935e-01,7.265248033000000216e-01,-5.313429749999999674e-02,6.189335699999999607e-03,-6.850548507999999481e-01,9.549401329999999966e-02,1.548926095000000003e-01,3.469254349999999903e-02,1.198964643000000052e-01,5.395428359999999979e-02,-5.151418719999999868e-02,1.353425971999999977e-01,1.789087500000000053e-02,-2.121253443999999988e-01,1.391050849999999894e-01,4.909195999999999699e-02,7.979708199999999488e-03,1.542943941000000097e-01,2.302937550000000097e-02,-8.505661309999999753e-02,1.815425774999999964e-01,2.716765559000000052e-01,-6.393746160000000067e-01,1.278983242500000062e+00,-2.683303072000000067e-01,1.884727985000000106e-01,5.160199070000000277e-02,-1.579477075700000066e+00,-9.043243798000000222e-01,8.218993896999999826e-01,9.056240201999999906e-01,8.747179770000000631e-02,2.196081069999999968e-01,-1.215575442000000062e-01
-4.137329170000000195e-02,-5.148156389999999916e-02,8.158033304999999791e-01,7.272519187000000551e-01,-5.242175770000000179e-02,7.057508100000000131e-03,-6.843294510999999858e-01,9.439439289999999871e-02,1.543794975999999985e-01,3.292326109999999667e-02,1.197318403000000031e-01,5.281238399999999694e-02,-5.136506949999999905e-02,1.350010702999999979e-01,1.754122580000000084e-02,-2.130174424999999871e-01,1.390329223000000003e-01,4.918374939999999723e-02,7.971305700000000383e-03,1.574243455000000069e-01,1.911474690000000004e-02,-8.811469380000000462e-02,1.862943102000000073e-01,2.733032463999999773e-01,-6.358537927999999839e-01,1.280703988099999968e+00,-2.695759035999999997e-01,1.889302143000000100e-01,5.188007310000000011e-02,-1.632310754099999928e+00,-9.244371045999999481e-01,8.455982541000000019e-01,9.074369550999999978e-01,9.509903179999999734e-02,2.171089763000000061e-01,-1.281522099999999886e-01
-4.100859889999999841e-02,-5.273735680000000287e-02,8.158830836999999558e-01,7.279156269000000012e-01,-5.169820790000000110e-02,7.956408700000000556e-03,-6.836686558000000247e-01,9.333080570000000520e-02,1.539399995000000076e-01,3.128298040000000030e-02,1.194857780000000008e-01,5.223495849999999774e-02,-5.119404980000000216e-02,1.345989147999999969e-01,1.720812060000000143e-02,-2.139864967000000007e-01,1.388652425000000135e-01,5.013643489999999869e-02,8.186794000000000709e-03,1.604751041999999961e-01,1.456633839999999999e-02,-9.166591629999999713e-02,1.913627374999999908e-01,2.754863009999999890e-01,-6.324339803999999843e-01,1.282555181400000022e+00,-2.708703503000000068e-01,1.892541715999999929e-01,5.226167269999999754e-02,-1.684771202000000079e+00,-9.432358738999999659e-01,8.694023209000000252e-01,9.088232500999999797e-01,1.022597585000000059e-01,2.141207475000000138e-01,-1.350210970000000066e-01
-4.073585600000000084e-02,-5.400248009999999987e-02,8.159642203000000427e-01,7.285757846000000537e-01,-5.095132899999999659e-02,8.873429400000000522e-03,-6.830099197000000233e-01,9.223025379999999496e-02,1.534953537000000034e-01,2.965177269999999879e-02,1.192057812999999938e-01,5.167037199999999914e-02,-5.102725699999999948e-02,1.341577901999999878e-01,1.687574680000000077e-02,-2.149569168000000086e-01,1.386533333999999951e-01,5.110576000000000008e-02,8.397541300000000222e-03,1.634498581000000117e-01,9.854286099999999896e-03,-9.538531760000000526e-02,1.965448703999999880e-01,2.778279659999999818e-01,-6.289772034999999706e-01,1.284383893200000015e+00,-2.721874538999999871e-01,1.895661423999999984e-01,5.264189489999999971e-02,-1.738185396800000060e+00,-9.605022224999999469e-01,8.944132299000000508e-01,9.100333900999999504e-01,1.092479484000000028e-01,2.110647652000000041e-01,-1.420324176999999966e-01
-4.090843400000000046e-02,-5.500107580000000024e-02,8.160540726999999661e-01,7.291738558000000481e-01,-5.022714959999999979e-02,9.737995799999999563e-03,-6.824132859999999523e-01,9.081376830000000011e-02,1.534919973999999965e-01,2.693825329999999935e-02,1.190627293999999975e-01,5.266101720000000014e-02,-5.213060159999999971e-02,1.340165537000000129e-01,1.740096550000000061e-02,-2.174556944999999908e-01,1.387255210999999988e-01,5.047581279999999865e-02,7.469466299999999795e-03,1.651962389999999947e-01,6.550261600000000135e-03,-9.809680060000000590e-02,1.966801471000000079e-01,2.785274616000000258e-01,-6.269397065999999796e-01,1.282299098500000012e+00,-2.731054202000000042e-01,1.892745400999999994e-01,5.287092489999999784e-02,-1.781564422199999997e+00,-9.732695802999999923e-01,9.154265727999999491e-01,9.129601013000000487e-01,1.183750021000000013e-01,2.078913203999999959e-01,-1.469724835000000007e-01
-4.102193600000000190e-02,-5.611516980000000321e-02,8.162320399000000393e-01,7.298799428000000145e-01,-4.944824340000000124e-02,1.053567879999999998e-02,-6.817031170999999778e-01,8.942877879999999724e-02,1.534454550999999889e-01,2.427753709999999968e-02,1.188552915000000015e-01,5.311673060000000196e-02,-5.253551110000000135e-02,1.334647861999999907e-01,1.745418719999999868e-02,-2.200894734999999935e-01,1.387997273000000087e-01,5.113725079999999895e-02,7.376811100000000079e-03,1.666721277000000057e-01,2.651311999999999853e-03,-1.010328724999999955e-01,1.970567354999999965e-01,2.796175595000000014e-01,-6.248030036999999703e-01,1.280203068899999908e+00,-2.740514112999999918e-01,1.890090174000000067e-01,5.320156620000000142e-02,-1.824571626800000068e+00,-9.850170835999999541e-01,9.362146409999999586e-01,9.154999685000000387e-01,1.271627050999999953e-01,2.045378955000000110e-01,-1.520886526000000127e-01
-4.122170420000000057e-02,-5.723307500000000131e-02,8.163231269999999817e-01,7.305862810000000040e-01,-4.865192189999999889e-02,1.134934299999999958e-02,-6.809903589000000368e-01,8.799730420000000108e-02,1.533860629999999892e-01,2.161144779999999918e-02,1.186416376000000023e-01,5.357784439999999787e-02,-5.293939470000000314e-02,1.328800710999999968e-01,1.749812339999999924e-02,-2.227257487000000036e-01,1.388454255000000082e-01,5.181510500000000019e-02,7.288400900000000307e-03,1.680525931999999889e-01,-1.343188200000000002e-03,-1.040929359999999970e-01,1.975365290999999968e-01,2.807958296999999992e-01,-6.226121193000000442e-01,1.278073955700000042e+00,-2.750002589000000164e-01,1.887524801999999891e-01,5.354957450000000230e-02,-1.868082247000000029e+00,-9.956349278999999663e-01,9.576104450000000323e-01,9.179046102000000262e-01,1.358215463999999928e-01,2.011460086000000091e-01,-1.572834673999999877e-01
-4.139405179999999795e-02,-5.832558300000000029e-02,8.164806694999999781e-01,7.314003968000000189e-01,-4.801653940000000231e-02,1.205097580000000050e-02,-6.801489876999999851e-01,8.696275679999999897e-02,1.534253247000000042e-01,1.910471879999999997e-02,1.184007195000000012e-01,5.398221599999999953e-02,-5.307294590000000145e-02,1.329326861000000026e-01,1.788263920000000146e-02,-2.242157887000000016e-01,1.386836881000000077e-01,5.159330370000000249e-02,6.968194799999999876e-03,1.694160967999999989e-01,-5.963869600000000319e-03,-1.072825468000000032e-01,1.987151836000000116e-01,2.802688038999999742e-01,-6.216815199999999875e-01,1.279165338199999891e+00,-2.760977356000000049e-01,1.890504244000000000e-01,5.417265680000000333e-02,-1.912775838600000000e+00,-1.007665916799999950e+00,9.862913900999999983e-01,9.239025142000000246e-01,1.417081262000000064e-01,1.977616577999999903e-01,-1.600770585000000079e-01
-4.153766329999999951e-02,-5.931227530000000164e-02,8.165565393999999477e-01,7.322047502999999846e-01,-4.742149250000000232e-02,1.271082089999999928e-02,-6.793127708999999737e-01,8.601207090000000111e-02,1.534235788999999961e-01,1.662093159999999958e-02,1.181820157999999982e-01,5.432526320000000131e-02,-5.328112279999999701e-02,1.330551003000000065e-01,1.808625150000000084e-02,-2.262722406999999880e-01,1.385285216000000097e-01,5.192534359999999988e-02,6.910570000000000428e-03,1.710860516999999914e-01,-1.024408890000000003e-02,-1.103451819000000056e-01,1.996494162999999933e-01,2.793918073000000168e-01,-6.209671038999999837e-01,1.280476357499999995e+00,-2.774416279999999957e-01,1.890881037999999903e-01,5.469921390000000161e-02,-1.959305515999999914e+00,-1.018249957299999897e+00,1.016949279599999922e+00,9.304934816000000053e-01,1.476397353999999995e-01,1.942031713000000048e-01,-1.626225652999999938e-01
-4.166522599999999965e-02,-6.037335659999999715e-02,8.167197821999999663e-01,7.330054075999999919e-01,-4.684436930000000082e-02,1.335682250000000057e-02,-6.784764349999999888e-01,8.508870359999999577e-02,1.534057936999999872e-01,1.414618819999999971e-02,1.179776616000000056e-01,5.467219599999999929e-02,-5.346441870000000207e-02,1.332157851999999920e-01,1.827495239999999896e-02,-2.283159627000000136e-01,1.383525214999999919e-01,5.228337420000000318e-02,6.875826800000000086e-03,1.727711341000000012e-01,-1.434550230000000010e-02,-1.133256579999999958e-01,2.004969065999999966e-01,2.783543412999999744e-01,-6.202923181999999702e-01,1.281860873200000084e+00,-2.788105739999999777e-01,1.890768084999999987e-01,5.520264999999999894e-02,-2.007117527200000140e+00,-1.027283919100000054e+00,1.048925636699999941e+00,9.372999738999999719e-01,1.536256377000000117e-01,1.905911409000000112e-01,-1.651557741000000135e-01
-4.140555640000000148e-02,-6.085577439999999977e-02,8.168111856999999976e-01,7.331937620999999794e-01,-4.656152379999999730e-02,1.381053559999999986e-02,-6.782832747999999468e-01,8.438433609999999863e-02,1.531383497000000093e-01,1.375994900000000049e-02,1.179420634000000051e-01,5.456929900000000166e-02,-5.311772549999999732e-02,1.326675501000000035e-01,1.807691859999999845e-02,-2.285577907999999936e-01,1.383777210999999896e-01,5.382754309999999986e-02,7.302327100000000418e-03,1.706879205000000066e-01,-1.652070870000000094e-02,-1.144451130000000011e-01,2.000584478000000110e-01,2.765554999000000014e-01,-6.211643905999999493e-01,1.281533295200000033e+00,-2.793153463999999975e-01,1.889001627999999933e-01,5.534930980000000306e-02,-2.050832705699999980e+00,-1.034719441900000092e+00,1.079257951600000043e+00,9.418714689999999612e-01,1.568954254000000104e-01,1.869359654999999953e-01,-1.680983819999999906e-01
-4.105992039999999815e-02,-6.125921289999999853e-02,8.168220595999999833e-01,7.334049719999999883e-01,-4.630038749999999814e-02,1.426443909999999989e-02,-6.780633797999999768e-01,8.378177570000000518e-02,1.529108167000000074e-01,1.318216430000000022e-02,1.178675279000000048e-01,5.449333349999999770e-02,-5.286239060000000323e-02,1.321648320000000099e-01,1.791134919999999922e-02,-2.285756573000000125e-01,1.383304558000000017e-01,5.503697200000000345e-02,7.425360899999999646e-03,1.683627900999999927e-01,-1.878833010000000026e-02,-1.156582483000000022e-01,1.998426027999999910e-01,2.748350810999999894e-01,-6.218285097000000317e-01,1.281101232499999965e+00,-2.797555369999999986e-01,1.887815210999999882e-01,5.554125769999999906e-02,-2.094291453299999883e+00,-1.041085288999999969e+00,1.109290712199999973e+00,9.459290502999999628e-01,1.597557635000000087e-01,1.834998488000000039e-01,-1.712390712999999898e-01
-4.080291899999999999e-02,-6.175201240000000036e-02,8.169204560999999698e-01,7.336196446999999621e-01,-4.603757800000000261e-02,1.471881199999999952e-02,-6.778392988000000452e-01,8.318208850000000099e-02,1.526797035000000136e-01,1.259671360000000004e-02,1.177838873000000008e-01,5.442334790000000200e-02,-5.261185169999999661e-02,1.316669923999999881e-01,1.774172280000000171e-02,-2.286056542999999885e-01,1.382829059000000027e-01,5.624425029999999964e-02,7.547319400000000386e-03,1.659686720999999920e-01,-2.110588630000000132e-02,-1.169052802999999974e-01,1.997032223000000106e-01,2.731770446999999824e-01,-6.224302382999999939e-01,1.280621057699999898e+00,-2.801805587000000264e-01,1.886741952000000055e-01,5.574568790000000024e-02,-2.138016097399999982e+00,-1.046369811399999961e+00,1.139591017299999898e+00,9.498505220999999832e-01,1.625220186000000122e-01,1.801242359000000126e-01,-1.744635290000000061e-01
-4.074317079999999897e-02,-6.191376910000000178e-02,8.169653923999999900e-01,7.330747025999999611e-01,-4.594585030000000042e-02,1.523424739999999951e-02,-6.784234496000000059e-01,8.298845750000000132e-02,1.535866036999999906e-01,1.402801579999999985e-02,1.177574866000000026e-01,5.529914550000000067e-02,-5.323521640000000027e-02,1.311339673999999955e-01,1.884114530000000065e-02,-2.267435332000000137e-01,1.381971217999999890e-01,5.617306889999999775e-02,7.374511999999999734e-03,1.640098563000000065e-01,-2.304401320000000128e-02,-1.174794069999999940e-01,1.971247137999999899e-01,2.727243898000000222e-01,-6.254998599000000103e-01,1.279435386400000096e+00,-2.794251789000000152e-01,1.886871679999999885e-01,5.581935179999999996e-02,-2.174901978299999872e+00,-1.050328044600000066e+00,1.167079021900000013e+00,9.566094700999999700e-01,1.649211194000000102e-01,1.770385050999999932e-01,-1.764159191000000126e-01
-4.070949449999999858e-02,-6.220708099999999741e-02,8.170274196000000266e-01,7.327337363999999464e-01,-4.580717780000000128e-02,1.563362240000000167e-02,-6.787919887000000152e-01,8.270418070000000454e-02,1.543151460999999947e-01,1.525764620000000064e-02,1.176980987000000034e-01,5.621945610000000232e-02,-5.362577389999999972e-02,1.303156527999999870e-01,1.960094890000000159e-02,-2.249099317000000098e-01,1.381202776999999882e-01,5.744432449999999774e-02,7.460857300000000095e-03,1.619830131999999978e-01,-2.552264619999999873e-02,-1.182688667999999971e-01,1.947358898000000060e-01,2.727022264999999779e-01,-6.285605560000000480e-01,1.278336974799999970e+00,-2.786806184000000242e-01,1.887112408000000130e-01,5.586249229999999677e-02,-2.210806691600000207e+00,-1.053831995799999977e+00,1.193690811600000012e+00,9.631286435999999451e-01,1.669453043000000136e-01,1.737733432000000133e-01,-1.785262045000000075e-01
-4.068035460000000297e-02,-6.241797810000000030e-02,8.171780572000000298e-01,7.323974152000000126e-01,-4.564864789999999867e-02,1.604529270000000160e-02,-6.791559288999999833e-01,8.238257890000000305e-02,1.550352487999999973e-01,1.647333529999999921e-02,1.176231516999999976e-01,5.715040720000000296e-02,-5.401928660000000076e-02,1.294736049000000111e-01,2.035804910000000092e-02,-2.230942808999999971e-01,1.380092086999999967e-01,5.872759210000000341e-02,7.544837100000000019e-03,1.598854821000000037e-01,-2.813738890000000090e-02,-1.191696344000000019e-01,1.924224313000000020e-01,2.727923814000000058e-01,-6.315759525999999902e-01,1.277238128100000036e+00,-2.779365874999999986e-01,1.887270675000000120e-01,5.589370190000000210e-02,-2.246558942300000083e+00,-1.056697362600000023e+00,1.220135565000000089e+00,9.694907391999999513e-01,1.688558257999999979e-01,1.704965442999999969e-01,-1.807150772999999988e-01
-4.116373870000000074e-02,-6.259231140000000304e-02,8.172918940000000187e-01,7.319014763000000201e-01,-4.555109489999999844e-02,1.641544429999999832e-02,-6.796880607999999935e-01,8.221017040000000442e-02,1.559549751000000040e-01,1.689676420000000082e-02,1.174904429000000056e-01,5.644243110000000258e-02,-5.341633429999999988e-02,1.287424189999999968e-01,2.124607670000000156e-02,-2.221687759000000040e-01,1.379966209000000055e-01,5.881871439999999951e-02,7.190398199999999823e-03,1.558490694000000121e-01,-2.901742909999999870e-02,-1.197789996000000051e-01,1.910232474999999930e-01,2.708878565000000238e-01,-6.356490609999999597e-01,1.277022448699999924e+00,-2.777333928999999868e-01,1.889288215000000104e-01,5.523195680000000246e-02,-2.279939742099999833e+00,-1.057353888500000005e+00,1.244774810200000026e+00,9.749279454999999484e-01,1.689822983000000001e-01,1.676893221000000100e-01,-1.838878077999999971e-01
-4.151497739999999992e-02,-6.267826310000000622e-02,8.173633873000000216e-01,7.314273176000000154e-01,-4.534184649999999789e-02,1.670098559999999913e-02,-6.802053168999999677e-01,8.192081710000000128e-02,1.570463615000000090e-01,1.840761960000000114e-02,1.174898010000000048e-01,5.756466980000000261e-02,-5.356138209999999900e-02,1.277952041000000039e-01,2.231897099999999995e-02,-2.199949293000000028e-01,1.379583570000000037e-01,5.985970909999999839e-02,7.032608699999999893e-03,1.513732161000000132e-01,-3.013768140000000137e-02,-1.204284597000000040e-01,1.898815229999999965e-01,2.688080601999999764e-01,-6.394240673000000097e-01,1.276852716300000079e+00,-2.775560262999999805e-01,1.890883093999999875e-01,5.467731619999999931e-02,-2.312813134099999779e+00,-1.057110753499999944e+00,1.268841729400000062e+00,9.801994319000000289e-01,1.688473487999999911e-01,1.650616581999999888e-01,-1.872454125000000136e-01
-4.195409609999999762e-02,-6.285352889999999693e-02,8.175239577999999785e-01,7.309466905999999486e-01,-4.512027820000000244e-02,1.699808930000000148e-02,-6.807291391999999997e-01,8.162617689999999981e-02,1.581394933999999974e-01,1.993772660000000044e-02,1.174386525999999986e-01,5.871827799999999875e-02,-5.370821900000000149e-02,1.268231136999999897e-01,2.339767720000000134e-02,-2.178044276999999973e-01,1.378933129999999896e-01,6.092216799999999877e-02,6.869479599999999721e-03,1.468452976000000076e-01,-3.130060540000000058e-02,-1.211418989000000029e-01,1.888101373999999943e-01,2.667568853999999767e-01,-6.431302104999999658e-01,1.276667678699999975e+00,-2.773664570000000107e-01,1.892422049999999967e-01,5.413798029999999928e-02,-2.345446982599999952e+00,-1.056282234400000020e+00,1.292643614399999974e+00,9.853945527999999898e-01,1.686515038999999994e-01,1.624593277999999974e-01,-1.906708779000000076e-01
-4.223898439999999865e-02,-6.271793670000000431e-02,8.176843438999999991e-01,7.306060337999999987e-01,-4.520127560000000017e-02,1.715009170000000166e-02,-6.810855617000000084e-01,8.154744569999999859e-02,1.587002036999999866e-01,2.088433719999999855e-02,1.174602790999999952e-01,5.929865489999999739e-02,-5.367432770000000325e-02,1.263458524999999943e-01,2.407365300000000041e-02,-2.168843337999999954e-01,1.379327817000000067e-01,6.171499450000000192e-02,6.682301300000000402e-03,1.426760619000000119e-01,-3.097184039999999888e-02,-1.213567341999999966e-01,1.858301700999999972e-01,2.643770269999999867e-01,-6.473562403000000520e-01,1.274629505000000051e+00,-2.761521137999999875e-01,1.891426371000000106e-01,5.380832890000000063e-02,-2.371169183500000166e+00,-1.056919659000000067e+00,1.312848734299999931e+00,9.888984751999999601e-01,1.703965735000000092e-01,1.596219051999999972e-01,-1.920901335999999904e-01
-4.243327479999999680e-02,-6.268694560000000193e-02,8.179322208000000538e-01,7.302827444999999695e-01,-4.523827970000000170e-02,1.720270000000000132e-02,-6.814284103000000092e-01,8.149616810000000211e-02,1.593916401000000094e-01,2.222808899999999949e-02,1.174937176000000055e-01,6.091884599999999872e-02,-5.371150709999999995e-02,1.259312538000000037e-01,2.480541929999999923e-02,-2.151753244999999870e-01,1.379273997999999890e-01,6.338888469999999498e-02,6.464165699999999820e-03,1.382009516999999910e-01,-3.115147199999999950e-02,-1.217251054999999998e-01,1.831361096999999938e-01,2.623276736999999859e-01,-6.513333647000000282e-01,1.272676565500000079e+00,-2.749303053000000108e-01,1.890733408999999976e-01,5.348910939999999836e-02,-2.395661867499999875e+00,-1.057658907900000056e+00,1.331834533499999917e+00,9.917156486999999521e-01,1.719090691000000060e-01,1.568686461999999893e-01,-1.937392306000000064e-01
-4.263365449999999973e-02,-6.257532379999999894e-02,8.180937483000000343e-01,7.299579096999999628e-01,-4.526512860000000277e-02,1.726025249999999997e-02,-6.817731308000000157e-01,8.145322620000000624e-02,1.600808408999999932e-01,2.357239660000000001e-02,1.174790804999999994e-01,6.256174300000000299e-02,-5.375617960000000223e-02,1.255257156000000041e-01,2.554605589999999968e-02,-2.134620382999999899e-01,1.378699213000000035e-01,6.508576309999999920e-02,6.238818099999999742e-03,1.336092684000000086e-01,-3.147150440000000271e-02,-1.221979900000000063e-01,1.805701487999999966e-01,2.603936512999999731e-01,-6.552004731999999665e-01,1.270705882699999956e+00,-2.736964567999999876e-01,1.890034302999999971e-01,5.316857369999999916e-02,-2.419733106399999834e+00,-1.058185167199999999e+00,1.350372380400000072e+00,9.943244963999999797e-01,1.733051878000000101e-01,1.541625443000000095e-01,-1.954936000999999979e-01
-4.269610780000000078e-02,-6.247174149999999704e-02,8.181548766999999778e-01,7.294944896999999706e-01,-4.543582620000000127e-02,1.745621030000000032e-02,-6.822526334999999831e-01,8.179349349999999463e-02,1.610021376000000115e-01,2.600372100000000047e-02,1.173768929000000016e-01,6.258658139999999370e-02,-5.365744840000000182e-02,1.249869066000000029e-01,2.646110789999999921e-02,-2.110154375000000138e-01,1.376517939000000135e-01,6.556156439999999419e-02,5.957127599999999766e-03,1.282230255000000041e-01,-3.055918950000000023e-02,-1.228911624000000036e-01,1.782614066000000053e-01,2.587475788999999970e-01,-6.581132505000000243e-01,1.269802885200000064e+00,-2.730441678000000150e-01,1.891501221000000121e-01,5.296986929999999982e-02,-2.443966033300000174e+00,-1.061651267500000051e+00,1.367992089499999953e+00,9.943527489000000275e-01,1.742377720999999935e-01,1.513785492999999982e-01,-2.030406663000000056e-01
-4.267959050000000309e-02,-6.228142860000000086e-02,8.182286209000000365e-01,7.288903598000000539e-01,-4.555785100000000337e-02,1.758388740000000131e-02,-6.828866176000000232e-01,8.212467160000000432e-02,1.618748872999999922e-01,2.870141730000000044e-02,1.173679058000000053e-01,6.299979810000000402e-02,-5.364013880000000067e-02,1.244666917000000067e-01,2.736319759999999990e-02,-2.077435666000000125e-01,1.374443293000000010e-01,6.678616950000000607e-02,5.591546699999999995e-03,1.227393692999999980e-01,-2.998146429999999987e-02,-1.235659880000000016e-01,1.758835490000000001e-01,2.572468415999999980e-01,-6.610236779000000507e-01,1.269088102700000054e+00,-2.724032751000000085e-01,1.892795149000000010e-01,5.277581709999999704e-02,-2.467867461800000051e+00,-1.065173175700000030e+00,1.385402384300000067e+00,9.938068055000000012e-01,1.751796392999999952e-01,1.488058674999999942e-01,-2.110787352000000061e-01
-4.279508459999999820e-02,-6.215687229999999897e-02,8.183929762999999635e-01,7.282408326999999515e-01,-4.569491009999999964e-02,1.770884680000000058e-02,-6.835668668000000059e-01,8.248258719999999877e-02,1.628480737999999928e-01,3.150248320000000046e-02,1.173504216999999988e-01,6.343726780000000232e-02,-5.369552939999999719e-02,1.239136160000000042e-01,2.836203169999999829e-02,-2.043685105999999974e-01,1.372307742999999969e-01,6.805825529999999512e-02,5.145031000000000430e-03,1.163824809000000016e-01,-2.986776169999999855e-02,-1.241417340000000036e-01,1.736753229999999926e-01,2.560445376000000106e-01,-6.631514956999999821e-01,1.268434597900000016e+00,-2.718864655000000075e-01,1.893711999999999895e-01,5.266732429999999854e-02,-2.490238615500000030e+00,-1.068468739600000106e+00,1.399628182400000087e+00,9.929958518999999484e-01,1.753613713999999935e-01,1.462704239000000017e-01,-2.191576638999999938e-01
-4.269319679999999950e-02,-6.181252100000000221e-02,8.184140935000000505e-01,7.276286794999999863e-01,-4.595801289999999761e-02,1.763114329999999896e-02,-6.842028271000000217e-01,8.297502810000000062e-02,1.631020346000000010e-01,3.304123629999999867e-02,1.174206304000000034e-01,6.318933420000000245e-02,-5.352747929999999987e-02,1.236348800000000026e-01,2.850057859999999971e-02,-2.033307316999999892e-01,1.371249548000000040e-01,6.797920670000000276e-02,5.127836200000000268e-03,1.083853709999999942e-01,-3.188432089999999886e-02,-1.242888862999999983e-01,1.742072242000000104e-01,2.572249857999999723e-01,-6.597165967000000464e-01,1.267892164700000102e+00,-2.719273542000000266e-01,1.890690946999999955e-01,5.302284730000000196e-02,-2.500563257600000089e+00,-1.070359129300000101e+00,1.399986795100000014e+00,9.882580933000000289e-01,1.737206463000000034e-01,1.436663307000000112e-01,-2.228717471999999977e-01
-4.256210900000000075e-02,-6.148187270000000232e-02,8.185117777999999511e-01,7.271647886000000005e-01,-4.612454490000000157e-02,1.756593219999999858e-02,-6.846863037000000540e-01,8.350412449999999875e-02,1.633670772999999965e-01,3.487459560000000236e-02,1.173282437999999955e-01,6.334435830000000045e-02,-5.337266400000000022e-02,1.233311725000000025e-01,2.873701879999999986e-02,-2.013583841999999902e-01,1.370387611999999977e-01,6.853472989999999376e-02,4.914335799999999983e-03,9.931418760000000623e-02,-3.409805889999999867e-02,-1.256415070000000134e-01,1.761957730000000000e-01,2.587451544000000103e-01,-6.554286819000000319e-01,1.266999692700000013e+00,-2.715986079000000109e-01,1.887439032999999877e-01,5.332371300000000175e-02,-2.508687126199999895e+00,-1.072307093700000102e+00,1.399999998299999993e+00,9.826176836000000137e-01,1.717301425999999964e-01,1.412496112999999942e-01,-2.272447905999999962e-01
-4.242176749999999885e-02,-6.119063470000000310e-02,8.185217994000000274e-01,7.267415310000000517e-01,-4.622492269999999709e-02,1.754522619999999977e-02,-6.851293080000000479e-01,8.391388869999999445e-02,1.635600455000000009e-01,3.660318369999999988e-02,1.171765711000000015e-01,6.351060529999999482e-02,-5.319762010000000235e-02,1.229721708999999968e-01,2.892075449999999964e-02,-1.994914076000000036e-01,1.368845022000000078e-01,6.906571020000000505e-02,4.735407199999999706e-03,8.999661479999999936e-02,-3.634353059999999996e-02,-1.275055173999999902e-01,1.787109816999999934e-01,2.603588582999999956e-01,-6.509330313000000201e-01,1.265909419700000038e+00,-2.710701710999999792e-01,1.884255777999999937e-01,5.358299560000000239e-02,-2.516192319800000021e+00,-1.074239158899999991e+00,1.399999999999999911e+00,9.767014276000000050e-01,1.697730756999999979e-01,1.389044003000000083e-01,-2.319457990999999886e-01
-4.253315080000000248e-02,-6.111019119999999694e-02,8.185244259999999716e-01,7.263925450999999534e-01,-4.631974929999999741e-02,1.760073200000000088e-02,-6.854914773000000405e-01,8.367334079999999563e-02,1.640912193000000074e-01,3.724179340000000060e-02,1.171590465999999969e-01,6.371521700000000454e-02,-5.321920220000000284e-02,1.228008616999999997e-01,2.934516469999999891e-02,-1.989559153000000080e-01,1.368092372999999973e-01,6.926975629999999884e-02,4.796746900000000043e-03,8.888114560000000275e-02,-3.525648180000000298e-02,-1.280972853000000022e-01,1.776161245000000000e-01,2.598446468000000231e-01,-6.536489479000000546e-01,1.265101040500000051e+00,-2.702824676000000204e-01,1.886540667000000115e-01,5.338580200000000303e-02,-2.525389901200000065e+00,-1.074166393899999905e+00,1.399999999999999911e+00,9.671849659000000266e-01,1.752392097000000093e-01,1.365255491000000043e-01,-2.384567543999999983e-01
-4.263158140000000013e-02,-6.097612620000000122e-02,8.185225511000000509e-01,7.260413924999999935e-01,-4.640919500000000031e-02,1.761429789999999912e-02,-6.858569963999999741e-01,8.391366299999999945e-02,1.648022963999999924e-01,3.886829270000000114e-02,1.172127721999999955e-01,6.376691830000000283e-02,-5.291204769999999918e-02,1.225779173000000055e-01,2.984558000000000003e-02,-1.976450260000000014e-01,1.366553826999999943e-01,6.967613670000000203e-02,4.850790300000000325e-03,8.801331440000000061e-02,-3.425865260000000162e-02,-1.285171576999999954e-01,1.760793820999999870e-01,2.592219827000000199e-01,-6.566468324999999995e-01,1.264708194500000049e+00,-2.697202526999999961e-01,1.887021815000000102e-01,5.325563159999999879e-02,-2.534464483899999898e+00,-1.074435707399999940e+00,1.399999999999999911e+00,9.571750704999999471e-01,1.807713804999999951e-01,1.343979875999999907e-01,-2.452750710999999917e-01
-4.264396560000000003e-02,-6.083832100000000076e-02,8.186082788999999860e-01,7.256798315000000388e-01,-4.651758599999999966e-02,1.761074849999999872e-02,-6.862322914999999801e-01,8.421956220000000048e-02,1.655254469999999922e-01,4.052350560000000240e-02,1.172605793999999951e-01,6.381554459999999596e-02,-5.260682180000000180e-02,1.224045567999999945e-01,3.035776940000000160e-02,-1.963001702000000126e-01,1.364899905999999996e-01,7.008927030000000613e-02,4.900161899999999973e-03,8.725787590000000371e-02,-3.329370370000000329e-02,-1.288816363999999992e-01,1.744521495999999949e-01,2.586162008999999817e-01,-6.597315523000000237e-01,1.264420251500000036e+00,-2.691875798999999736e-01,1.887045925999999985e-01,5.310372649999999667e-02,-2.543477526100000219e+00,-1.074826750399999975e+00,1.399999999999999911e+00,9.470302973999999985e-01,1.862503641000000099e-01,1.323005905000000093e-01,-2.521757458000000174e-01
-4.211909750000000091e-02,-6.020967210000000014e-02,8.186067276999999809e-01,7.250390048000000531e-01,-4.693481900000000262e-02,1.754113720000000098e-02,-6.868827213000000542e-01,8.442922669999999852e-02,1.649000116000000071e-01,4.159394680000000344e-02,1.176153738000000060e-01,6.355335959999999784e-02,-5.181697889999999779e-02,1.220584963999999939e-01,3.013994119999999916e-02,-1.943757492000000031e-01,1.362456579000000112e-01,7.041782679999999961e-02,5.289499199999999658e-03,9.023054290000000199e-02,-2.813859510000000022e-02,-1.270204531999999942e-01,1.741479343000000013e-01,2.563510254999999960e-01,-6.665822553000000372e-01,1.265669384299999978e+00,-2.690814329999999810e-01,1.891543036999999983e-01,5.117307329999999654e-02,-2.546609284400000117e+00,-1.079450892399999917e+00,1.399989373399999959e+00,9.252429690000000262e-01,1.992571073000000137e-01,1.286951869000000082e-01,-2.571938199000000091e-01
-4.155903109999999762e-02,-5.959738039999999681e-02,8.186056943999999724e-01,7.244373643999999501e-01,-4.731794899999999804e-02,1.741081100000000173e-02,-6.874942766999999622e-01,8.492601830000000296e-02,1.647731473000000058e-01,4.367261929999999986e-02,1.179327274000000064e-01,6.327922499999999451e-02,-5.078898350000000256e-02,1.218377219999999955e-01,2.990916199999999955e-02,-1.921546513000000067e-01,1.359742365000000119e-01,7.102855560000000124e-02,5.705486000000000064e-03,9.326354570000000566e-02,-2.335864039999999836e-02,-1.255802296999999901e-01,1.741081610999999918e-01,2.543474088000000077e-01,-6.735435252000000483e-01,1.267136797000000037e+00,-2.690072613999999751e-01,1.894764585000000001e-01,4.926563330000000018e-02,-2.548457700999999798e+00,-1.085439717799999926e+00,1.399846222699999920e+00,9.016223773999999525e-01,2.122980158999999978e-01,1.256143121999999945e-01,-2.631929785000000077e-01
-4.103044819999999981e-02,-5.901598439999999890e-02,8.186100211000000293e-01,7.237416306999999716e-01,-4.776286250000000289e-02,1.723171479999999894e-02,-6.882004279000000224e-01,8.558033399999999402e-02,1.648808687999999967e-01,4.595285589999999892e-02,1.182524134000000060e-01,6.304659969999999725e-02,-4.995541319999999980e-02,1.216217267999999962e-01,2.989457289999999934e-02,-1.897485465000000038e-01,1.357612447000000055e-01,7.169573370000000001e-02,5.905270399999999927e-03,9.352231560000000277e-02,-1.963318730000000040e-02,-1.241664848999999987e-01,1.749430431000000008e-01,2.530884977999999785e-01,-6.779672829999999761e-01,1.268727235899999917e+00,-2.692815970999999919e-01,1.897064169999999883e-01,4.762360329999999753e-02,-2.544743704000000051e+00,-1.091632034100000093e+00,1.390560788499999978e+00,8.771349677999999983e-01,2.228808191999999966e-01,1.225492509999999979e-01,-2.694634086000000095e-01
-4.050268110000000005e-02,-5.809925140000000293e-02,8.185227372000000168e-01,7.232890412000000380e-01,-4.834412829999999717e-02,1.696604839999999934e-02,-6.886421141999999884e-01,8.532343209999999900e-02,1.643467059000000008e-01,4.674662269999999703e-02,1.184945530000000025e-01,6.257457499999999340e-02,-4.925341519999999751e-02,1.213371413000000065e-01,2.966954919999999912e-02,-1.880151482000000096e-01,1.356941381000000002e-01,7.232912850000000615e-02,6.332771499999999797e-03,9.612502450000000309e-02,-1.328023899999999924e-02,-1.211691238999999948e-01,1.757654717999999894e-01,2.559235020000000249e-01,-6.771037644999999827e-01,1.269832629199999952e+00,-2.698062508999999887e-01,1.899252924000000009e-01,4.649924589999999969e-02,-2.535804399199999892e+00,-1.099546418100000089e+00,1.370242139699999973e+00,8.224330122999999881e-01,2.279134891000000052e-01,1.163551436000000022e-01,-2.875957211999999874e-01
-4.002099220000000096e-02,-5.720490479999999767e-02,8.184383633999999796e-01,7.229041245999999754e-01,-4.889267159999999973e-02,1.661820220000000126e-02,-6.890159421999999534e-01,8.555219669999999943e-02,1.640631606999999881e-01,4.855245810000000106e-02,1.188695347000000013e-01,6.185198189999999846e-02,-4.825117739999999766e-02,1.212432009999999949e-01,2.927255570000000112e-02,-1.868757808000000020e-01,1.356850796000000081e-01,7.251948380000000638e-02,6.670408099999999667e-03,9.758468189999999765e-02,-7.875668699999999536e-03,-1.184029233000000042e-01,1.768985289999999988e-01,2.594516814000000227e-01,-6.753176448000000054e-01,1.271226965000000098e+00,-2.701781605999999947e-01,1.900670012000000020e-01,4.533195820000000126e-02,-2.521679596499999843e+00,-1.109817452199999943e+00,1.344619268099999987e+00,7.631141048999999787e-01,2.305661777999999940e-01,1.122899178999999942e-01,-3.077107565000000156e-01
-3.956616660000000091e-02,-5.630102370000000106e-02,8.183547415999999908e-01,7.225259003999999763e-01,-4.945339759999999724e-02,1.623687219999999862e-02,-6.893816422999999860e-01,8.584549439999999976e-02,1.637786318999999990e-01,5.033251279999999966e-02,1.192220135000000014e-01,6.115186460000000129e-02,-4.727977800000000147e-02,1.211867355000000035e-01,2.887423979999999973e-02,-1.857676665000000116e-01,1.357351612000000096e-01,7.266889679999999352e-02,6.970794699999999580e-03,9.848665819999999349e-02,-2.793457400000000194e-03,-1.158993004999999965e-01,1.784302429000000079e-01,2.632582345999999740e-01,-6.730812008000000013e-01,1.272664655900000108e+00,-2.705142219000000181e-01,1.901890645000000046e-01,4.412398859999999701e-02,-2.504276990900000222e+00,-1.120456832399999936e+00,1.315708914700000065e+00,7.023365528999999663e-01,2.315125117000000066e-01,1.089092073999999993e-01,-3.282406194999999971e-01
-3.907366389999999967e-02,-5.469830750000000130e-02,8.182699741000000193e-01,7.222084326000000054e-01,-5.027690640000000155e-02,1.559596469999999929e-02,-6.896694704000000398e-01,8.568327570000000559e-02,1.638460502000000096e-01,4.984975939999999883e-02,1.198136377000000030e-01,6.176636330000000175e-02,-4.680945420000000301e-02,1.206022962999999948e-01,2.862086380000000013e-02,-1.838946895000000137e-01,1.360239954999999945e-01,7.304680060000000308e-02,7.648586899999999626e-03,1.007971106999999977e-01,5.040155299999999824e-03,-1.117093792000000002e-01,1.664236252999999888e-01,2.696570233000000205e-01,-6.704563781000000278e-01,1.273387349899999910e+00,-2.712000642999999878e-01,1.901883278000000010e-01,4.406043309999999741e-02,-2.457229436099999997e+00,-1.132951380800000019e+00,1.271394821599999947e+00,6.550306898000000100e-01,2.348257981000000105e-01,1.084603732999999959e-01,-3.401524676000000080e-01
-3.868558949999999913e-02,-5.311150199999999794e-02,8.181934937999999491e-01,7.218437065999999680e-01,-5.103605039999999787e-02,1.491114739999999973e-02,-6.900106104000000018e-01,8.565192550000000349e-02,1.638319967000000099e-01,5.095537740000000149e-02,1.203314511000000003e-01,6.156670389999999854e-02,-4.555356189999999750e-02,1.201310708999999977e-01,2.815797089999999905e-02,-1.825607005999999866e-01,1.362369713000000093e-01,7.312590900000000282e-02,8.048329599999999237e-03,1.009716888999999951e-01,1.177505690000000063e-02,-1.086286008999999969e-01,1.552389312000000132e-01,2.765335274999999871e-01,-6.661775586999999499e-01,1.275518699300000058e+00,-2.721336355000000262e-01,1.900707805999999889e-01,4.323811760000000060e-02,-2.402122397199999870e+00,-1.143866428900000010e+00,1.218632504699999952e+00,6.070915498000000188e-01,2.358521822999999906e-01,1.075697241999999942e-01,-3.523083728999999997e-01
-3.832167129999999866e-02,-5.153513690000000036e-02,8.180309189000000147e-01,7.214888646999999544e-01,-5.176029880000000000e-02,1.423810460000000076e-02,-6.903419196000000202e-01,8.556268379999999729e-02,1.638052121999999944e-01,5.202249259999999764e-02,1.208170122000000041e-01,6.139068500000000039e-02,-4.432862669999999838e-02,1.195925436999999980e-01,2.768838150000000123e-02,-1.812670413999999952e-01,1.364717109999999956e-01,7.317790879999999665e-02,8.422161100000000525e-03,9.987270450000000632e-02,1.823252410000000129e-02,-1.061625459000000021e-01,1.449032684999999876e-01,2.835998417999999743e-01,-6.608579132999999883e-01,1.277848756200000047e+00,-2.730039354000000085e-01,1.897865990000000003e-01,4.229693649999999999e-02,-2.342113164200000153e+00,-1.152422682200000104e+00,1.160826381399999940e+00,5.586280555000000536e-01,2.353400810999999870e-01,1.067534467000000042e-01,-3.647534651000000072e-01
-3.836102560000000106e-02,-4.980984439999999736e-02,8.179228429999999550e-01,7.211381423999999596e-01,-5.358997800000000339e-02,1.174703939999999919e-02,-6.906155955999999652e-01,8.862254370000000048e-02,1.618169315000000108e-01,5.249032990000000037e-02,1.241001050000000022e-01,6.035872789999999904e-02,-4.515250850000000066e-02,1.222682811999999952e-01,2.661725980000000102e-02,-1.794371573999999914e-01,1.403217981000000059e-01,7.087637469999999440e-02,8.395266999999999660e-03,9.870070409999999461e-02,2.085748919999999909e-02,-1.053703564999999981e-01,8.364286059999999356e-02,3.137529448999999970e-01,-6.495570416999999486e-01,1.270455339500000003e+00,-2.624353738999999908e-01,1.911254106999999980e-01,4.015663779999999877e-02,-2.206241485600000107e+00,-1.178634981399999893e+00,1.045308881800000034e+00,4.724306862000000051e-01,2.247649496999999941e-01,1.097678158000000015e-01,-3.891802954999999953e-01
-3.814843779999999712e-02,-4.787350810000000345e-02,8.177937960000000173e-01,7.209787716000000124e-01,-5.464511410000000291e-02,1.042506359999999938e-02,-6.907205226999999503e-01,8.935959659999999360e-02,1.610229167999999988e-01,5.331452930000000340e-02,1.246718036000000057e-01,6.104172630000000155e-02,-4.434586640000000302e-02,1.226835339000000025e-01,2.582839569999999946e-02,-1.783939626000000112e-01,1.411214731000000056e-01,7.068409959999999437e-02,8.549282700000000734e-03,9.365440190000000331e-02,2.849259950000000013e-02,-1.057922495000000046e-01,2.337282729999999933e-02,3.403197224000000243e-01,-6.351959345000000035e-01,1.262735384800000027e+00,-2.508342908000000260e-01,1.923724551000000060e-01,3.844385959999999797e-02,-2.077726685100000026e+00,-1.184712672200000094e+00,9.332795502999999826e-01,3.968895674999999845e-01,2.140010351999999949e-01,1.110764691000000054e-01,-4.087485517000000179e-01
-3.788916679999999870e-02,-4.591902569999999767e-02,8.177518804000000197e-01,7.208415717999999694e-01,-5.563844999999999902e-02,9.213547199999999951e-03,-6.908016369999999684e-01,8.973065260000000209e-02,1.602259980000000084e-01,5.405867760000000050e-02,1.253153083000000112e-01,6.175389369999999961e-02,-4.346874540000000148e-02,1.229059353000000049e-01,2.505882629999999986e-02,-1.774123465999999927e-01,1.416999767000000077e-01,7.067722849999999446e-02,8.756848700000000041e-03,8.814679390000000614e-02,3.690791990000000244e-02,-1.060632940000000024e-01,-3.607758700000000124e-02,3.678034723999999978e-01,-6.214424036000000262e-01,1.254884789299999914e+00,-2.389318081000000038e-01,1.934542964000000032e-01,3.673802329999999866e-02,-1.950415585900000082e+00,-1.181008740300000026e+00,8.226243009999999467e-01,3.227482106999999822e-01,2.023091395000000126e-01,1.120222627999999943e-01,-4.270346688000000168e-01
-3.643305849999999707e-02,-4.389640119999999729e-02,8.176905507999999712e-01,7.208420210999999522e-01,-5.708765059999999780e-02,7.715052699999999826e-03,-6.907012804000000061e-01,9.113889159999999379e-02,1.581422309000000137e-01,5.439213140000000168e-02,1.262307424999999927e-01,6.235202289999999814e-02,-4.142960810000000105e-02,1.242990967999999946e-01,2.279713519999999882e-02,-1.758150871999999976e-01,1.426978237000000038e-01,7.177784809999999960e-02,1.045396460000000069e-02,8.024528479999999686e-02,5.161800729999999754e-02,-1.065444341000000017e-01,-1.241229957999999967e-01,3.833314643999999882e-01,-6.017733360000000475e-01,1.257203188799999927e+00,-2.266048059999999920e-01,1.975839268000000037e-01,4.122132600000000258e-02,-1.789412584599999967e+00,-1.173240087699999989e+00,7.078907156000000533e-01,2.189040419999999931e-01,1.775978794999999999e-01,1.115947865000000011e-01,-4.478023478000000002e-01
-3.510815810000000176e-02,-4.200597699999999990e-02,8.177185116999999837e-01,7.208515779999999928e-01,-5.852731810000000312e-02,6.121349899999999761e-03,-6.905867683999999951e-01,9.274269770000000135e-02,1.557788639999999891e-01,5.462263130000000189e-02,1.271470356999999940e-01,6.312354059999999989e-02,-3.949116059999999845e-02,1.259538426000000044e-01,2.051596279999999897e-02,-1.745440664000000031e-01,1.434721919999999984e-01,7.266522629999999650e-02,1.212347450000000014e-02,7.099932899999999991e-02,6.351665820000000628e-02,-1.073404195000000061e-01,-2.115749483000000097e-01,4.034483355999999854e-01,-5.825618496000000146e-01,1.261735844800000006e+00,-2.139271490999999914e-01,2.007842742000000014e-01,4.560325610000000307e-02,-1.620367622100000071e+00,-1.153305449499999913e+00,5.866925027999999598e-01,1.078167025999999945e-01,1.476750310999999927e-01,1.144550317999999955e-01,-4.659883541000000018e-01
-3.392324220000000196e-02,-4.016783830000000138e-02,8.176580788999999738e-01,7.208894181999999651e-01,-5.981668159999999762e-02,4.596483499999999903e-03,-6.904486104000000513e-01,9.427734620000000065e-02,1.534654560000000001e-01,5.475086789999999981e-02,1.278303658000000120e-01,6.390193199999999463e-02,-3.775946129999999817e-02,1.275210985999999935e-01,1.831089119999999848e-02,-1.734070665999999927e-01,1.441808407000000070e-01,7.336804380000000458e-02,1.362458750000000024e-02,6.111365879999999806e-02,7.285059970000000440e-02,-1.084666913000000010e-01,-2.978005691999999760e-01,4.285927219999999815e-01,-5.653002958999999716e-01,1.266096452700000041e+00,-2.011271832000000037e-01,2.036100197999999861e-01,5.007777089999999875e-02,-1.451634131000000050e+00,-1.120288352099999996e+00,4.674565827000000118e-01,-8.050213800000000780e-03,1.142937762999999968e-01,1.190055269000000054e-01,-4.798572168999999943e-01
-3.366035049999999834e-02,-3.884678779999999748e-02,8.177980091000000007e-01,7.212071979999999938e-01,-6.044496440000000220e-02,3.378973300000000062e-03,-6.900689576999999852e-01,9.514154839999999780e-02,1.517820910000000079e-01,5.312726870000000073e-02,1.277999083999999952e-01,6.608146210000000187e-02,-3.731719929999999935e-02,1.286791885999999940e-01,1.666163309999999995e-02,-1.744200397000000013e-01,1.445194803000000028e-01,7.390148679999999914e-02,1.429453070000000041e-02,5.150692650000000122e-02,7.785976059999999421e-02,-1.094367197999999985e-01,-3.775677472000000257e-01,4.595137088999999841e-01,-5.497518459000000357e-01,1.259200191399999946e+00,-1.973516915000000094e-01,2.021333988000000026e-01,5.860700569999999915e-02,-1.282135672799999959e+00,-1.077681261800000012e+00,3.820406360999999973e-01,-6.071413910000000164e-02,9.959311290000000261e-02,1.235124746999999995e-01,-4.769566805000000076e-01
-3.332332689999999847e-02,-3.775188659999999946e-02,8.178359334000000480e-01,7.214987757999999918e-01,-6.088547190000000164e-02,2.303577700000000034e-03,-6.897297799999999590e-01,9.573909410000000508e-02,1.498850770000000054e-01,5.168973119999999838e-02,1.277198415999999948e-01,6.820342170000000259e-02,-3.626886260000000001e-02,1.294782242999999999e-01,1.493796099999999960e-02,-1.747264594999999865e-01,1.449733413000000026e-01,7.429892220000000602e-02,1.575081459999999947e-02,4.351400180000000034e-02,8.382821270000000158e-02,-1.103540858999999957e-01,-4.575233156999999884e-01,4.903323323000000067e-01,-5.381818294000000336e-01,1.250620297400000025e+00,-1.943713871999999954e-01,2.010025860000000109e-01,6.764152589999999909e-02,-1.131123757299999921e+00,-1.027921407700000067e+00,3.166550738000000198e-01,-1.083041787999999978e-01,8.744710740000000149e-02,1.241399730000000007e-01,-4.736392179000000202e-01
-3.287770880000000229e-02,-3.671165769999999717e-02,8.179501665999999727e-01,7.217426902000000366e-01,-6.129529539999999804e-02,1.294708000000000100e-03,-6.894408601999999497e-01,9.628134230000000293e-02,1.479154131000000039e-01,5.044615820000000056e-02,1.276978037000000010e-01,7.018652079999999904e-02,-3.507993219999999690e-02,1.301788553000000070e-01,1.313685919999999993e-02,-1.748439960000000015e-01,1.454254898000000018e-01,7.468240919999999394e-02,1.736710160000000044e-02,3.668554389999999915e-02,9.112165549999999559e-02,-1.106640693000000009e-01,-5.384111876999999602e-01,5.200453486999999653e-01,-5.293531804000000118e-01,1.241379498599999964e+00,-1.916154776000000004e-01,2.003895467000000041e-01,7.717097230000000141e-02,-9.954869737000000551e-01,-9.729137513000000181e-01,2.688342812000000248e-01,-1.543523643999999972e-01,7.649447719999999395e-02,1.243463474999999957e-01,-4.708218832000000131e-01
-3.227134470000000283e-02,-3.602841360000000326e-02,8.179746287000000393e-01,7.221552790999999916e-01,-6.166157629999999973e-02,6.904624000000000048e-04,-6.889768691000000000e-01,9.653824660000000224e-02,1.462077132999999862e-01,4.814713169999999820e-02,1.275156285000000056e-01,7.067940699999999965e-02,-3.402943110000000021e-02,1.311212870000000030e-01,1.145008309999999939e-02,-1.770075836999999985e-01,1.451311942999999882e-01,7.490811440000000321e-02,1.703578559999999881e-02,3.221010319999999955e-02,9.486632270000000533e-02,-1.118972656999999982e-01,-6.210120162000000166e-01,5.416643767000000054e-01,-5.144843489999999520e-01,1.224347564999999971e+00,-2.035765347999999864e-01,1.966486073000000001e-01,9.209183940000000013e-02,-8.918035007000000292e-01,-9.175629703000000026e-01,2.445586265999999953e-01,-1.213492600000000005e-01,8.118638890000000330e-02,1.294657821000000097e-01,-4.676247698000000064e-01
-3.147229929999999926e-02,-3.515823540000000136e-02,8.179773112999999540e-01,7.225771645999999881e-01,-6.215035750000000303e-02,2.438079999999999872e-05,-6.884907942000000336e-01,9.688405029999999640e-02,1.443117733000000014e-01,4.599839990000000045e-02,1.276593907999999944e-01,7.158422559999999546e-02,-3.239481090000000119e-02,1.321852044999999864e-01,9.625253699999999218e-03,-1.782060698000000054e-01,1.453116395999999866e-01,7.537047430000000381e-02,1.874226010000000150e-02,2.658624240000000138e-02,1.012383632000000006e-01,-1.121856982000000030e-01,-7.028606661999999838e-01,5.621214371999999626e-01,-4.989799272000000063e-01,1.207240828400000021e+00,-2.159766372999999962e-01,1.923340054999999882e-01,1.076200501000000032e-01,-8.036587188999999576e-01,-8.605350416999999474e-01,2.363213137000000075e-01,-7.973055169999999914e-02,8.806376209999999816e-02,1.301146838999999999e-01,-4.650596584000000200e-01
-3.060222599999999973e-02,-3.437717290000000259e-02,8.180604731999999712e-01,7.229865055999999957e-01,-6.267954320000000690e-02,-6.501655000000000281e-04,-6.880126197000000499e-01,9.729625990000000113e-02,1.423767683999999922e-01,4.391677320000000190e-02,1.278676991999999901e-01,7.242396859999999936e-02,-3.066248670000000162e-02,1.333394110999999993e-01,7.758811000000000006e-03,-1.793405476000000109e-01,1.454636665000000051e-01,7.585633460000000550e-02,2.055006100000000141e-02,2.029797009999999985e-02,1.086367042000000033e-01,-1.119910080999999974e-01,-7.842801184000000037e-01,5.821486809999999457e-01,-4.839232256000000065e-01,1.189476824300000013e+00,-2.281977564999999875e-01,1.881968568000000064e-01,1.238715846000000009e-01,-7.225712288000000205e-01,-8.020963761999999608e-01,2.375193683000000056e-01,-3.632707319999999712e-02,9.523334449999999729e-02,1.302110851999999930e-01,-4.632850228000000015e-01
-2.933354629999999907e-02,-3.474953299999999912e-02,8.180685421000000179e-01,7.226623621000000108e-01,-6.270217390000000501e-02,-5.581968000000000086e-04,-6.883510994999999522e-01,9.815015809999999563e-02,1.406208700000000089e-01,4.483554950000000205e-02,1.277544426999999982e-01,7.153698529999999445e-02,-2.918805920000000151e-02,1.335754878000000034e-01,6.557837199999999589e-03,-1.774814151000000118e-01,1.446832057999999921e-01,7.582146180000000346e-02,2.092109069999999876e-02,1.415447780000000065e-02,1.203025025000000053e-01,-1.130410723999999978e-01,-8.737865832000000221e-01,6.121010837999999454e-01,-4.960990383000000170e-01,1.190553914299999905e+00,-2.348575713000000120e-01,1.875197692999999999e-01,1.304736915999999969e-01,-6.755423948000000012e-01,-7.587209300999999684e-01,2.606601614999999872e-01,2.029946739999999999e-02,1.057851813999999974e-01,1.353986413000000111e-01,-4.446053672999999984e-01
-2.800644620000000001e-02,-3.499938450000000117e-02,8.180722650999999734e-01,7.222658624000000138e-01,-6.282163970000000097e-02,-4.968121000000000472e-04,-6.887562839999999964e-01,9.901598450000000107e-02,1.388773906999999919e-01,4.586070720000000323e-02,1.278875452000000079e-01,7.102188769999999429e-02,-2.727150420000000117e-02,1.340230145999999900e-01,4.937311500000000387e-03,-1.763577252999999900e-01,1.442888941000000091e-01,7.629431929999999640e-02,2.224791630000000006e-02,7.324253000000000187e-03,1.330118167999999879e-01,-1.131586690000000034e-01,-9.652572410999999963e-01,6.398817834000000149e-01,-5.100103848999999467e-01,1.193220848599999995e+00,-2.413697656999999885e-01,1.857635464999999875e-01,1.364361970000000090e-01,-6.334117626999999917e-01,-7.150141867999999512e-01,2.886188115000000165e-01,8.062798109999999574e-02,1.167586070000000004e-01,1.395065470999999890e-01,-4.254324667000000115e-01
-2.657772690000000104e-02,-3.527407870000000278e-02,8.180719185999999477e-01,7.218748849999999662e-01,-6.294536089999999695e-02,-4.396851000000000231e-04,-6.891548001999999729e-01,9.993604409999999605e-02,1.371156672000000132e-01,4.687996829999999809e-02,1.280182800999999926e-01,7.046983710000000178e-02,-2.533622699999999936e-02,1.345398596000000058e-01,3.297679999999999882e-03,-1.752394318999999923e-01,1.438635178999999875e-01,7.674411679999999791e-02,2.360425650000000028e-02,2.370702999999999992e-04,1.460158780999999961e-01,-1.130290892000000019e-01,-1.057728551400000105e+00,6.654241919000000172e-01,-5.262373060999999685e-01,1.195703662999999972e+00,-2.477540990000000054e-01,1.836539956999999890e-01,1.425240634000000117e-01,-5.921031183999999614e-01,-6.708547185000000024e-01,3.187859279999999962e-01,1.415211816999999983e-01,1.271730711999999874e-01,1.434277009999999908e-01,-4.058153840000000012e-01
-2.528303939999999861e-02,-3.516633110000000340e-02,8.181963313000000237e-01,7.213875906000000171e-01,-6.296054800000000506e-02,2.764600000000000178e-06,-6.896636234999999893e-01,9.951143140000000276e-02,1.362558470999999938e-01,4.771997029999999751e-02,1.280521874999999976e-01,7.033849020000000618e-02,-2.401690050000000048e-02,1.338674172000000051e-01,2.419806999999999948e-03,-1.731583211000000122e-01,1.432442612000000004e-01,7.851571590000000489e-02,2.585371200000000091e-02,-3.341297200000000085e-03,1.577035125000000038e-01,-1.128531318000000061e-01,-1.147026149200000011e+00,6.984819640999999635e-01,-5.464177558999999684e-01,1.187138218799999922e+00,-2.569821116000000072e-01,1.777783051999999864e-01,1.471490699999999929e-01,-5.348591378000000507e-01,-6.343504857999999746e-01,3.436426263999999842e-01,2.243780022999999901e-01,1.379110681000000060e-01,1.438656349000000112e-01,-3.939750491999999826e-01
-2.402392039999999909e-02,-3.512020799999999998e-02,8.183503188999999844e-01,7.208825889000000098e-01,-6.285797440000000236e-02,4.640002999999999966e-04,-6.902006612000000096e-01,9.892128880000000679e-02,1.350716344000000013e-01,4.909545910000000235e-02,1.281653030999999887e-01,7.054333779999999443e-02,-2.272262239999999975e-02,1.329338674999999970e-01,1.391535300000000053e-03,-1.713283284000000073e-01,1.426084076999999950e-01,7.981499079999999913e-02,2.715776959999999934e-02,-6.364482700000000104e-03,1.692377079999999867e-01,-1.132545083999999952e-01,-1.237786009699999967e+00,7.280969310999999555e-01,-5.705094469000000501e-01,1.177647987400000096e+00,-2.664194121999999831e-01,1.719766622999999994e-01,1.522727524999999971e-01,-4.770280022999999758e-01,-5.980936072000000436e-01,3.705679641999999885e-01,3.080145283999999872e-01,1.483540047999999945e-01,1.431495318999999877e-01,-3.814023626999999972e-01
-2.286149800000000093e-02,-3.509610350000000323e-02,8.185025061999999796e-01,7.203821975999999960e-01,-6.272509019999999991e-02,9.503816000000000217e-04,-6.907344998000000125e-01,9.827550720000000073e-02,1.338869158999999864e-01,5.045861000000000096e-02,1.282616571999999899e-01,7.073818020000000040e-02,-2.144237220000000041e-02,1.319294783000000137e-01,3.606098000000000181e-04,-1.695147358999999909e-01,1.420066644999999905e-01,8.106759930000000114e-02,2.845297680000000162e-02,-9.119200900000000790e-03,1.808602011999999870e-01,-1.137939309000000065e-01,-1.330387938299999906e+00,7.540036852000000511e-01,-5.979759192000000390e-01,1.167849031400000070e+00,-2.758598024000000204e-01,1.660236220999999901e-01,1.577172796999999904e-01,-4.187828165999999963e-01,-5.621688176000000370e-01,3.995474665000000036e-01,3.917807561000000161e-01,1.582782751000000043e-01,1.423699029999999921e-01,-3.680514777000000182e-01
-2.193129350000000075e-02,-3.570180889999999968e-02,8.185311291000000322e-01,7.198254492000000226e-01,-6.217770959999999875e-02,1.845717399999999894e-03,-6.913623133999999837e-01,9.740135190000000220e-02,1.334778775999999889e-01,5.250499160000000193e-02,1.281448091000000067e-01,7.113256380000000656e-02,-2.014633190000000157e-02,1.304008134999999902e-01,-2.840076999999999879e-04,-1.681170781000000114e-01,1.412989682999999941e-01,8.318518449999999509e-02,3.003399849999999899e-02,-6.391430099999999628e-03,1.879995620000000089e-01,-1.161392938000000014e-01,-1.409318283499999991e+00,7.714481172999999581e-01,-6.275891218000000382e-01,1.169863676699999910e+00,-2.849518909000000044e-01,1.611816020999999877e-01,1.603728601999999948e-01,-3.957231945999999945e-01,-5.367400540000000220e-01,4.460862784999999886e-01,5.186095740999999704e-01,1.710173818000000068e-01,1.451913801999999976e-01,-3.399738226999999835e-01
-2.098402220000000068e-02,-3.615996739999999959e-02,8.186668225000000021e-01,7.192366092999999960e-01,-6.172563190000000116e-02,2.725070899999999883e-03,-6.920124422000000219e-01,9.639905199999999896e-02,1.329805594000000035e-01,5.391725690000000182e-02,1.282051764999999899e-01,7.112977019999999762e-02,-1.889271030000000060e-02,1.288810545000000085e-01,-8.340215999999999906e-04,-1.670137386999999973e-01,1.407169758000000048e-01,8.426392189999999671e-02,3.150447950000000163e-02,-5.247556199999999643e-03,1.961995679000000103e-01,-1.179558854999999962e-01,-1.487995042000000101e+00,7.873395587999999501e-01,-6.575139223000000532e-01,1.171178022100000105e+00,-2.938576753000000097e-01,1.564087100000000063e-01,1.635523848999999863e-01,-3.754401848000000208e-01,-5.095600890000000494e-01,4.960103072000000002e-01,6.500807376999999665e-01,1.829768069000000108e-01,1.463790329999999917e-01,-3.096681144999999802e-01
-2.015646949999999951e-02,-3.658893459999999764e-02,8.188025719000000535e-01,7.186589600999999661e-01,-6.130902480000000043e-02,3.566833000000000156e-03,-6.926454938999999644e-01,9.543934680000000503e-02,1.325184668000000121e-01,5.527237189999999883e-02,1.283021921999999981e-01,7.114871479999999859e-02,-1.768036539999999837e-02,1.274158864999999918e-01,-1.354607999999999984e-03,-1.659598744999999931e-01,1.401918077000000040e-01,8.532918009999999887e-02,3.292949099999999824e-02,-4.561973900000000290e-03,2.045749655999999916e-01,-1.195792422000000049e-01,-1.567340960199999911e+00,8.006650271999999902e-01,-6.888441214999999618e-01,1.172152687699999918e+00,-3.027372776000000210e-01,1.515727598000000120e-01,1.668822251000000034e-01,-3.538065338999999976e-01,-4.811834640000000052e-01,5.462045621000000128e-01,7.818161730999999559e-01,1.926401631999999919e-01,1.477341896999999904e-01,-2.774293044999999736e-01
-1.980838470000000073e-02,-3.694853570000000004e-02,8.189532073999999939e-01,7.189669262000000227e-01,-6.072785950000000182e-02,3.971005300000000210e-03,-6.923748386000000421e-01,9.401925129999999520e-02,1.316067425000000124e-01,5.435158989999999690e-02,1.284424144000000101e-01,7.208792949999999478e-02,-1.685903340000000084e-02,1.265254952000000044e-01,-2.112900799999999860e-03,-1.666389567999999877e-01,1.401194467999999915e-01,8.625827129999999454e-02,3.392558770000000251e-02,-2.262218900000000175e-03,2.094615779000000011e-01,-1.211956705000000051e-01,-1.641532521900000097e+00,8.081889828999999636e-01,-7.304361074999999870e-01,1.170245599300000050e+00,-3.075775634999999841e-01,1.471446629000000006e-01,1.669977339000000005e-01,-3.452757681999999995e-01,-4.772673145999999922e-01,5.881726461999999822e-01,8.633837694999999535e-01,1.942287464000000130e-01,1.461726472000000054e-01,-2.469738754999999952e-01
-1.956154560000000070e-02,-3.724242490000000128e-02,8.190258196999999907e-01,7.192442345999999764e-01,-6.015472749999999785e-02,4.427660499999999666e-03,-6.921340445000000452e-01,9.265574240000000461e-02,1.307251019000000014e-01,5.307919469999999862e-02,1.284428616000000134e-01,7.310071849999999483e-02,-1.607462180000000102e-02,1.256721724000000040e-01,-2.890282499999999831e-03,-1.676924533999999967e-01,1.399288421999999865e-01,8.659799499999999706e-02,3.466057759999999904e-02,8.314770999999999881e-04,2.143185767999999936e-01,-1.227935693999999966e-01,-1.716391275099999891e+00,8.117279426000000297e-01,-7.727492248999999758e-01,1.168103410500000106e+00,-3.123470775000000144e-01,1.429117179999999931e-01,1.671934419999999977e-01,-3.343105419999999883e-01,-4.741781858999999932e-01,6.284057490000000135e-01,9.413943820000000295e-01,1.942303556999999958e-01,1.467381908000000013e-01,-2.163296634000000107e-01
-1.926156639999999920e-02,-3.762102679999999866e-02,8.191876461000000553e-01,7.195190414000000034e-01,-5.957493950000000010e-02,4.889097099999999835e-03,-6.918954201000000470e-01,9.127865270000000419e-02,1.298878931999999931e-01,5.179998400000000031e-02,1.284297090000000030e-01,7.413210779999999944e-02,-1.534026659999999931e-02,1.247864117999999967e-01,-3.627316700000000026e-03,-1.687569227999999866e-01,1.397543582000000117e-01,8.693128290000000369e-02,3.534385410000000227e-02,4.098806200000000045e-03,2.190353087999999948e-01,-1.244055052000000022e-01,-1.791348487799999889e+00,8.117099041999999987e-01,-8.155929799000000147e-01,1.165955373300000097e+00,-3.171586135000000195e-01,1.386285733000000020e-01,1.675066548999999960e-01,-3.223665956999999804e-01,-4.710956566000000234e-01,6.678994182999999918e-01,1.018683795000000059e+00,1.930175322000000082e-01,1.475744465000000116e-01,-1.853595667999999863e-01
-1.933097500000000024e-02,-3.817381339999999929e-02,8.193373725000000496e-01,7.198339386000000006e-01,-5.877575339999999843e-02,5.382588899999999656e-03,-6.916325175999999963e-01,8.985246859999999891e-02,1.292236928000000118e-01,5.043602009999999941e-02,1.284299393999999983e-01,7.585990820000000634e-02,-1.535645000000000066e-02,1.238250218000000041e-01,-4.128981399999999587e-03,-1.700567001000000134e-01,1.396069728999999870e-01,8.833954689999999610e-02,3.614081119999999758e-02,7.919084599999999183e-03,2.220687989000000029e-01,-1.251140001999999918e-01,-1.847626438400000071e+00,8.149849058000000479e-01,-8.495808017000000545e-01,1.168969492600000049e+00,-3.190978836000000207e-01,1.362156150999999926e-01,1.656516499000000031e-01,-2.993741289999999888e-01,-4.427758807000000130e-01,7.063731615999999658e-01,1.109529073400000065e+00,1.984820170000000106e-01,1.521625112999999974e-01,-1.560357286000000065e-01
-1.940782489999999874e-02,-3.868676719999999958e-02,8.195779978999999660e-01,7.201574562000000457e-01,-5.793116940000000298e-02,5.950739499999999765e-03,-6.913622832000000384e-01,8.822909630000000392e-02,1.285565832999999991e-01,4.886441860000000081e-02,1.283599578999999880e-01,7.782183080000000530e-02,-1.531345599999999960e-02,1.227026504999999962e-01,-4.658888100000000386e-03,-1.715431344999999996e-01,1.394416672000000079e-01,8.941731229999999586e-02,3.669621320000000103e-02,1.139366959999999970e-02,2.252964527999999911e-01,-1.264451984999999945e-01,-1.902614087299999923e+00,8.170556460000000243e-01,-8.833434475000000452e-01,1.171039648200000061e+00,-3.208145636999999994e-01,1.339033155999999891e-01,1.641411731999999901e-01,-2.750540873000000275e-01,-4.149859905000000126e-01,7.456387205000000185e-01,1.200854321700000060e+00,2.029155179999999892e-01,1.566243324000000103e-01,-1.261119941000000133e-01
-1.939745220000000173e-02,-3.928794709999999801e-02,8.198186149999999728e-01,7.204796713000000130e-01,-5.707215460000000101e-02,6.536983900000000423e-03,-6.910926711999999528e-01,8.655001860000000047e-02,1.278906025999999863e-01,4.728743369999999918e-02,1.282991850999999905e-01,7.978387269999999420e-02,-1.526844970000000058e-02,1.215195277999999990e-01,-5.189538399999999753e-03,-1.730299496999999909e-01,1.392917335999999950e-01,9.049603520000000512e-02,3.724844699999999703e-02,1.477510460000000005e-02,2.285351120999999930e-01,-1.278385505999999894e-01,-1.957429381799999923e+00,8.174608416999999960e-01,-9.172943092999999992e-01,1.172926281300000095e+00,-3.225286973000000001e-01,1.316217520999999890e-01,1.627462272999999904e-01,-2.494839454999999984e-01,-3.881610287999999742e-01,7.850858492000000188e-01,1.292159179400000024e+00,2.060671833000000119e-01,1.611455052000000110e-01,-9.534954930000000273e-02
-1.957557910000000054e-02,-3.954878550000000270e-02,8.201139131000000360e-01,7.222161390000000347e-01,-5.563670829999999706e-02,7.595053699999999852e-03,-6.893843053000000554e-01,8.310352719999999915e-02,1.264871217000000103e-01,4.280434329999999871e-02,1.252432297999999944e-01,8.265754270000000292e-02,-1.585823789999999886e-02,1.205137062000000009e-01,-6.091696700000000415e-03,-1.776141605999999873e-01,1.362858993000000130e-01,9.170665240000000495e-02,3.636805919999999692e-02,1.989833950000000073e-02,2.267081723000000104e-01,-1.299354879999999879e-01,-2.012147941999999912e+00,8.127380887999999803e-01,-9.486670249999999971e-01,1.173885872300000077e+00,-3.262827574000000119e-01,1.282085805000000023e-01,1.597294411000000081e-01,-2.307699662999999901e-01,-3.743792991000000070e-01,7.969439774000000032e-01,1.323901931700000034e+00,2.120749849999999936e-01,1.632377419999999912e-01,-7.713985280000000555e-02
-1.943343339999999836e-02,-4.000266610000000056e-02,8.203039998000000166e-01,7.240064165999999801e-01,-5.479462389999999877e-02,7.891154799999999456e-03,-6.875681693999999844e-01,8.084465209999999735e-02,1.245362411999999946e-01,3.813035459999999932e-02,1.249595941000000016e-01,8.485303810000000002e-02,-1.610066250000000143e-02,1.206994266000000066e-01,-7.723873200000000092e-03,-1.819902431000000043e-01,1.361588957000000044e-01,9.214363020000000681e-02,3.646941189999999833e-02,2.552927420000000031e-02,2.268473407000000108e-01,-1.314231505000000022e-01,-2.060140076300000178e+00,8.085149507000000124e-01,-9.750204548999999998e-01,1.170498764400000002e+00,-3.304379181000000054e-01,1.242382295000000053e-01,1.595428319999999955e-01,-2.089717009000000014e-01,-3.654740092000000051e-01,8.090024242000000143e-01,1.352421315199999974e+00,2.181062953000000026e-01,1.655740112000000097e-01,-5.799853729999999985e-02
-1.930859269999999836e-02,-4.056898889999999841e-02,8.204879105000000283e-01,7.257871485000000344e-01,-5.402089689999999694e-02,8.126304000000000860e-03,-6.857468343999999494e-01,7.879132449999999566e-02,1.224942177999999993e-01,3.351531239999999690e-02,1.248060555999999932e-01,8.689871970000000168e-02,-1.624444579999999999e-02,1.210358096999999966e-01,-9.472385800000000106e-03,-1.863026171999999925e-01,1.362533237999999924e-01,9.241823239999999440e-02,3.668897360000000080e-02,3.142931219999999665e-02,2.277133034000000111e-01,-1.331207584999999916e-01,-2.105804388500000179e+00,8.037707846999999628e-01,-9.994270196000000217e-01,1.165524116899999907e+00,-3.343460214999999791e-01,1.204839283999999955e-01,1.601659568999999894e-01,-1.864502463999999915e-01,-3.583145879999999894e-01,8.211948355999999505e-01,1.380097512100000090e+00,2.239337556000000062e-01,1.682713358000000048e-01,-3.860632430000000143e-02
-1.935628539999999925e-02,-4.078852229999999773e-02,8.206873597999999603e-01,7.268547214999999673e-01,-5.338708980000000243e-02,8.190644400000000533e-03,-6.846641116999999666e-01,7.736761709999999403e-02,1.209001163999999934e-01,2.927329199999999937e-02,1.246822682999999959e-01,8.730324659999999515e-02,-1.632662749999999954e-02,1.209783403000000007e-01,-1.057412620000000060e-02,-1.896409682999999902e-01,1.363358393999999918e-01,9.234520220000000390e-02,3.649303140000000056e-02,3.533003650000000190e-02,2.270333125000000007e-01,-1.357897822999999948e-01,-2.139022818699999995e+00,8.044107272999999614e-01,-1.023189311199999896e+00,1.160610209099999901e+00,-3.398216325999999787e-01,1.164900838000000050e-01,1.600273314000000002e-01,-1.753536082999999912e-01,-3.591497248000000142e-01,8.178359561000000388e-01,1.403163037799999957e+00,2.312951897999999951e-01,1.691484266000000125e-01,-2.421812500000000007e-02
-1.937595320000000051e-02,-4.097316659999999944e-02,8.208076400999999578e-01,7.278809179999999879e-01,-5.276080159999999714e-02,8.219794100000000353e-03,-6.836213147999999906e-01,7.592655469999999573e-02,1.192320290999999977e-01,2.515166979999999830e-02,1.246660415999999993e-01,8.841098499999999749e-02,-1.641018500000000074e-02,1.209565118999999939e-01,-1.191768529999999958e-02,-1.933845902999999922e-01,1.364266083000000018e-01,9.266092330000000321e-02,3.669392209999999821e-02,3.977224370000000120e-02,2.269180556000000015e-01,-1.384431322000000131e-01,-2.170974452899999907e+00,8.050499302000000412e-01,-1.045606364099999963e+00,1.154283605700000104e+00,-3.452704732999999915e-01,1.125758280999999972e-01,1.602740417999999889e-01,-1.643252024999999894e-01,-3.608240246000000151e-01,8.140266885000000396e-01,1.426186927000000049e+00,2.382567458000000027e-01,1.702034007999999876e-01,-9.740860999999999964e-03
-1.946896680000000102e-02,-4.124114269999999693e-02,8.210163754999999508e-01,7.288989525000000302e-01,-5.213846049999999732e-02,8.252768000000000603e-03,-6.825831742000000313e-01,7.449974040000000020e-02,1.175562826000000061e-01,2.105573319999999929e-02,1.246309129000000016e-01,8.953128339999999463e-02,-1.647597510000000168e-02,1.209357563000000024e-01,-1.326986060000000071e-02,-1.971022545999999986e-01,1.364993217999999897e-01,9.299811369999999577e-02,3.691503990000000179e-02,4.431871619999999679e-02,2.269823883000000042e-01,-1.412013914999999953e-01,-2.202375100199999824e+00,8.050776244999999776e-01,-1.067631516799999902e+00,1.147503890899999934e+00,-3.506055349000000154e-01,1.087477102999999945e-01,1.607349449000000097e-01,-1.532899926000000079e-01,-3.628793144999999942e-01,8.101639704999999969e-01,1.449185774200000054e+00,2.450807835000000101e-01,1.713148804000000081e-01,4.946631200000000013e-03
-2.008496419999999949e-02,-4.109302039999999934e-02,8.210946974999999703e-01,7.302250214000000073e-01,-5.191354389999999763e-02,7.937492299999999654e-03,-6.811852892999999964e-01,7.349801549999999961e-02,1.169780683999999960e-01,1.674378829999999957e-02,1.247496460000000057e-01,9.249484889999999571e-02,-1.638650150000000097e-02,1.215589029999999959e-01,-1.370631490000000056e-02,-2.010950005999999901e-01,1.368437570000000103e-01,9.262297110000000666e-02,3.647759829999999703e-02,5.127102520000000052e-02,2.258953343000000002e-01,-1.420765921999999903e-01,-2.228532331799999877e+00,8.088328906999999734e-01,-1.082312976599999921e+00,1.135376592100000082e+00,-3.593076709999999951e-01,1.030901077000000027e-01,1.604202704999999896e-01,-1.346896254999999931e-01,-3.538487940000000220e-01,8.170541885000000004e-01,1.450265603999999930e+00,2.425852859000000028e-01,1.705395382000000071e-01,1.752817929999999844e-02
-2.071103540000000104e-02,-4.105654279999999823e-02,8.212113953999999882e-01,7.316006113999999894e-01,-5.158160430000000019e-02,7.497892299999999594e-03,-6.797379384999999719e-01,7.273509100000000172e-02,1.159318851000000067e-01,1.226652540000000048e-02,1.246081713000000007e-01,9.345052800000000492e-02,-1.667262729999999943e-02,1.225071575999999995e-01,-1.427418989999999950e-02,-2.047675881000000087e-01,1.369989652999999974e-01,9.216500169999999881e-02,3.608278909999999839e-02,5.794906519999999672e-02,2.247044108000000040e-01,-1.435325145000000135e-01,-2.252710922799999960e+00,8.127109538000000244e-01,-1.096573238900000025e+00,1.120982842100000099e+00,-3.680816525999999755e-01,9.819975220000000393e-02,1.615469391000000088e-01,-1.142494292999999966e-01,-3.459721305999999830e-01,8.241049577000000292e-01,1.446967717799999997e+00,2.396240890000000123e-01,1.728339844000000014e-01,2.871158789999999836e-02
-2.140989620000000038e-02,-4.105443980000000187e-02,8.213259888999999703e-01,7.329781966999999732e-01,-5.124029979999999984e-02,7.067476100000000087e-03,-6.782827180999999594e-01,7.197401400000000282e-02,1.148621531999999973e-01,7.785792799999999986e-03,1.245039795000000005e-01,9.433994229999999315e-02,-1.693997059999999971e-02,1.235104080999999965e-01,-1.485807349999999916e-02,-2.084415045000000133e-01,1.370938317000000017e-01,9.169093429999999878e-02,3.572061270000000122e-02,6.476485780000000581e-02,2.236693228999999949e-01,-1.452278884000000048e-01,-2.276382357200000150e+00,8.164241941000000002e-01,-1.110541867100000024e+00,1.106159778399999905e+00,-3.767159279999999777e-01,9.321794379999999436e-02,1.627325976000000007e-01,-9.292296210000000611e-02,-3.386652626000000166e-01,8.311702187999999714e-01,1.442809410900000033e+00,2.366528071000000011e-01,1.754554302000000121e-01,3.940675829999999713e-02
-2.191406070000000150e-02,-4.126444540000000216e-02,8.213272757999999785e-01,7.340301065000000014e-01,-5.094857900000000078e-02,6.969623599999999648e-03,-6.771672388999999681e-01,7.121856140000000501e-02,1.143078012000000032e-01,3.559013599999999965e-03,1.244934937999999935e-01,9.748917290000000402e-02,-1.740839320000000037e-02,1.245394127999999989e-01,-1.574066130000000008e-02,-2.142144272000000016e-01,1.372092058000000114e-01,9.036841489999999921e-02,3.533313259999999734e-02,7.067125259999999798e-02,2.215326633999999961e-01,-1.469283755000000136e-01,-2.296228067199999945e+00,8.185311255999999647e-01,-1.119969216999999961e+00,1.092179905100000070e+00,-3.866836271999999908e-01,8.846559360000000316e-02,1.644071652999999911e-01,-7.896027810000000313e-02,-3.374775470999999971e-01,8.306984411000000179e-01,1.437982956199999940e+00,2.366555767000000088e-01,1.765955948000000053e-01,4.388457679999999833e-02
-2.246876550000000139e-02,-4.144547280000000083e-02,8.213477955000000330e-01,7.351478232000000501e-01,-5.059023149999999913e-02,6.742271099999999802e-03,-6.759828757000000410e-01,7.059006040000000148e-02,1.134696174000000002e-01,-3.331407000000000205e-04,1.243209747999999976e-01,9.863422350000000671e-02,-1.794775159999999897e-02,1.252821189999999973e-01,-1.624880539999999998e-02,-2.176498115000000122e-01,1.373666128999999902e-01,8.989577949999999484e-02,3.498443059999999799e-02,7.715484429999999727e-02,2.194291413999999996e-01,-1.485395448999999868e-01,-2.315424493800000150e+00,8.202636511999999991e-01,-1.128145498899999932e+00,1.077738615899999974e+00,-3.963344285000000022e-01,8.358170920000000670e-02,1.663814557999999943e-01,-6.489900099999999783e-02,-3.366473032000000254e-01,8.294437375000000001e-01,1.433413488200000030e+00,2.368350452999999911e-01,1.775160842000000072e-01,4.797265970000000324e-02
-2.292843179999999939e-02,-4.162645990000000268e-02,8.214553060999999490e-01,7.362322220000000472e-01,-5.024474109999999688e-02,6.516385300000000075e-03,-6.748296955999999458e-01,6.996145060000000249e-02,1.126589919000000051e-01,-4.137977800000000421e-03,1.242375101999999981e-01,9.971405710000000311e-02,-1.848472639999999834e-02,1.260468305000000122e-01,-1.672474120000000050e-02,-2.209965755999999948e-01,1.374760174000000112e-01,8.946276879999999487e-02,3.463765280000000168e-02,8.396992500000000081e-02,2.174278122999999951e-01,-1.502407557000000060e-01,-2.334226914399999853e+00,8.216123663000000077e-01,-1.135960773100000099e+00,1.063064806999999945e+00,-4.057617682999999920e-01,7.862188900000000036e-02,1.685424658999999936e-01,-5.068206649999999758e-02,-3.359242813000000161e-01,8.279654667000000412e-01,1.428853574599999954e+00,2.370203935000000095e-01,1.783712310999999995e-01,5.201619090000000195e-02
-2.299690050000000041e-02,-4.162746140000000289e-02,8.214950770000000180e-01,7.369691998999999827e-01,-5.005927999999999767e-02,6.257530300000000399e-03,-6.740410301000000493e-01,6.959662919999999586e-02,1.114829596999999950e-01,-7.180233700000000080e-03,1.242182148999999985e-01,1.006251209999999979e-01,-1.860266610000000168e-02,1.268191334999999864e-01,-1.831658289999999953e-02,-2.259407139999999869e-01,1.376324042000000025e-01,8.837669019999999653e-02,3.415227099999999794e-02,8.976021950000000194e-02,2.154861200000000032e-01,-1.513569188999999982e-01,-2.349409635499999816e+00,8.235671612999999613e-01,-1.138969535700000035e+00,1.052473793100000110e+00,-4.164939451999999931e-01,7.512080379999999669e-02,1.695976228999999946e-01,-3.724388559999999848e-02,-3.375106319999999771e-01,8.269440620000000353e-01,1.423370558900000082e+00,2.367684731999999959e-01,1.791702682000000102e-01,5.347713400000000256e-02
-2.300934849999999865e-02,-4.163459729999999942e-02,8.215214336999999700e-01,7.377541598000000311e-01,-4.986425989999999919e-02,5.945724399999999590e-03,-6.731990816999999794e-01,6.936823300000000136e-02,1.101371884000000023e-01,-1.030082379999999916e-02,1.241834007999999961e-01,1.017497447000000055e-01,-1.871218789999999979e-02,1.275797395999999917e-01,-1.964458059999999937e-02,-2.295084968999999975e-01,1.378722900999999890e-01,8.791041410000000056e-02,3.384130479999999941e-02,9.567249780000000592e-02,2.138804360000000071e-01,-1.526014350999999880e-01,-2.363896723199999883e+00,8.255438546000000155e-01,-1.141116643499999972e+00,1.041867142300000104e+00,-4.269278469000000187e-01,7.130594519999999825e-02,1.704962868999999881e-01,-2.342128989999999952e-02,-3.396118560999999980e-01,8.257799303999999729e-01,1.417620885200000069e+00,2.365957720000000097e-01,1.800608848999999956e-01,5.469598130000000169e-02
-2.301072510000000057e-02,-4.173346339999999682e-02,8.215483662000000464e-01,7.385246081999999879e-01,-4.967167880000000063e-02,5.638482999999999690e-03,-6.723706825999999914e-01,6.916695059999999895e-02,1.087955500000000048e-01,-1.337928830000000013e-02,1.241276022000000062e-01,1.028704374000000005e-01,-1.881242569999999961e-02,1.283651306999999964e-01,-2.096635089999999979e-02,-2.330371831999999976e-01,1.380551792999999972e-01,8.747776409999999392e-02,3.354338850000000011e-02,1.017502742999999987e-01,2.123846497000000111e-01,-1.539551067000000106e-01,-2.378053992499999936e+00,8.273712522999999708e-01,-1.142979963599999982e+00,1.031132004799999891e+00,-4.371768030000000027e-01,6.733008410000000665e-02,1.714603913999999951e-01,-9.420228399999999377e-03,-3.418610522000000151e-01,8.244940102000000159e-01,1.411733164799999996e+00,2.364524289000000112e-01,1.810020786000000048e-01,5.586967389999999978e-02
-2.337196470000000095e-02,-4.155038230000000082e-02,8.215304280999999875e-01,7.386845459999999974e-01,-4.972740199999999694e-02,5.404299199999999630e-03,-6.721927703000000198e-01,6.939928530000000206e-02,1.087802187999999948e-01,-1.474254560000000033e-02,1.239366845000000050e-01,1.021449692000000048e-01,-1.936578809999999970e-02,1.286986105000000047e-01,-2.087181330000000001e-02,-2.349723377999999863e-01,1.382913528999999975e-01,8.706920199999999832e-02,3.321383499999999711e-02,1.050732790000000055e-01,2.103430594000000042e-01,-1.545232967999999873e-01,-2.388957543700000130e+00,8.313355999000000551e-01,-1.140329850899999942e+00,1.020732079300000095e+00,-4.474885030999999902e-01,6.355399509999999641e-02,1.740707281999999967e-01,3.744893699999999812e-03,-3.449327251000000039e-01,8.214468270000000460e-01,1.407547400699999951e+00,2.367903722999999960e-01,1.818864293999999937e-01,5.678807129999999953e-02
-2.371531699999999965e-02,-4.134997130000000326e-02,8.215275673999999917e-01,7.388144241999999862e-01,-4.983726909999999788e-02,5.107493799999999681e-03,-6.720441998999999722e-01,6.971264679999999991e-02,1.088420957999999966e-01,-1.599849089999999877e-02,1.239969268000000041e-01,1.026129885000000019e-01,-1.969267229999999841e-02,1.292574908000000133e-01,-2.102680129999999828e-02,-2.373382193999999945e-01,1.384819526999999939e-01,8.657181049999999878e-02,3.291724490000000336e-02,1.086754196000000033e-01,2.087375446999999995e-01,-1.551227642999999934e-01,-2.398815683600000082e+00,8.357827513000000152e-01,-1.136755432199999971e+00,1.009545716299999896e+00,-4.573723847000000231e-01,5.962737170000000086e-02,1.770920900000000076e-01,1.689893849999999850e-02,-3.482120070999999983e-01,8.182828516000000274e-01,1.403834036399999929e+00,2.371155385000000004e-01,1.825974301000000133e-01,5.778886860000000125e-02
-2.404890729999999838e-02,-4.123198379999999663e-02,8.215252348999999565e-01,7.389461039000000397e-01,-4.996003260000000251e-02,4.799538800000000167e-03,-6.718925622000000430e-01,7.008337609999999718e-02,1.088915914000000013e-01,-1.724826260000000139e-02,1.239985242999999959e-01,1.031127284000000061e-01,-2.000319149999999976e-02,1.298576794000000090e-01,-2.118924579999999919e-02,-2.396976805999999904e-01,1.386541279000000071e-01,8.608752000000000071e-02,3.263631890000000257e-02,1.123781090000000038e-01,2.072700113000000011e-01,-1.558004188999999873e-01,-2.408200496900000154e+00,8.403288401999999824e-01,-1.132821747900000009e+00,9.979370888999999911e-01,-4.669991479999999751e-01,5.563809339999999798e-02,1.803445596000000095e-01,3.012291900000000147e-02,-3.515558980999999861e-01,8.150038997999999868e-01,1.400246279200000110e+00,2.374388949000000026e-01,1.832232169999999938e-01,5.883887830000000124e-02
-2.403052669999999891e-02,-4.107865229999999729e-02,8.215428580000000425e-01,7.382117746999999897e-01,-4.993786749999999663e-02,4.583135399999999603e-03,-6.727024453000000070e-01,7.068350680000000386e-02,1.085222812000000009e-01,-1.673439469999999860e-02,1.239220520000000048e-01,1.025738337000000056e-01,-1.999610220000000091e-02,1.292905994000000114e-01,-2.120730159999999892e-02,-2.375666696000000022e-01,1.385333391000000136e-01,8.639183350000000094e-02,3.241789999999999949e-02,1.122678899000000008e-01,2.071441444000000076e-01,-1.560556691999999968e-01,-2.413431597399999795e+00,8.489790351999999540e-01,-1.132292642499999946e+00,9.898148791999999974e-01,-4.755416524000000145e-01,5.249831850000000188e-02,1.823894826999999941e-01,4.016758310000000110e-02,-3.556809844000000109e-01,8.090465645000000094e-01,1.395133983700000080e+00,2.374811830999999929e-01,1.833362514999999915e-01,5.850851700000000294e-02
-2.389624519999999919e-02,-4.089515030000000217e-02,8.215383549000000452e-01,7.375157957000000319e-01,-4.999580010000000130e-02,4.494595100000000135e-03,-6.734617061000000016e-01,7.119811060000000302e-02,1.085621420000000004e-01,-1.562745600000000137e-02,1.239052273000000037e-01,1.023553648999999954e-01,-2.013761309999999999e-02,1.289247343000000101e-01,-2.129187150000000014e-02,-2.364498876999999999e-01,1.384603057000000081e-01,8.641276189999999580e-02,3.211223579999999966e-02,1.117746453999999973e-01,2.076949423999999988e-01,-1.562040580999999873e-01,-2.418806850000000175e+00,8.586025859000000482e-01,-1.132273186900000006e+00,9.814312734000000260e-01,-4.840275079999999952e-01,4.914772500000000321e-02,1.842224077999999876e-01,4.984271120000000055e-02,-3.600773161999999972e-01,8.036980128999999806e-01,1.389977865999999951e+00,2.373732638000000117e-01,1.836097744999999892e-01,5.815522509999999923e-02
-2.384858020000000037e-02,-4.079051439999999834e-02,8.215336362999999809e-01,7.368280168999999935e-01,-5.007065799999999706e-02,4.399563399999999701e-03,-6.742092009000000274e-01,7.172494940000000152e-02,1.086145034000000065e-01,-1.454814299999999949e-02,1.239014479999999974e-01,1.021395793000000052e-01,-2.027986509999999895e-02,1.285899970999999919e-01,-2.136334390000000152e-02,-2.353614870000000081e-01,1.383875556999999978e-01,8.644164779999999326e-02,3.180589539999999910e-02,1.110297513000000069e-01,2.083877074999999912e-01,-1.562546224999999955e-01,-2.424283951200000065e+00,8.684933538000000341e-01,-1.132496351999999984e+00,9.728842692000000403e-01,-4.924818266000000055e-01,4.569714610000000232e-02,1.860367696999999931e-01,5.939290519999999851e-02,-3.645146980999999786e-01,7.985549988000000265e-01,1.384820364699999917e+00,2.372846482000000035e-01,1.839399304000000068e-01,5.783215139999999671e-02
-2.405533129999999978e-02,-4.042368439999999979e-02,8.215363505999999649e-01,7.361044111000000223e-01,-5.014630850000000029e-02,4.289884899999999758e-03,-6.749942521999999778e-01,7.206518820000000491e-02,1.091708873999999996e-01,-1.333913999999999933e-02,1.240969880000000053e-01,1.023238697000000003e-01,-2.074817690000000173e-02,1.279126871000000054e-01,-2.082733419999999863e-02,-2.342623020000000056e-01,1.383356226999999938e-01,8.660761840000000267e-02,3.145413049999999655e-02,1.098990412000000055e-01,2.063285890999999872e-01,-1.544102763999999905e-01,-2.421712768599999954e+00,8.741362553999999507e-01,-1.128828883800000016e+00,9.531607868000000483e-01,-4.979251285999999888e-01,4.038919419999999899e-02,1.879908493999999930e-01,6.507794960000000406e-02,-3.661480846999999872e-01,7.945766032000000090e-01,1.381442904300000052e+00,2.387725430000000038e-01,1.845515749999999955e-01,5.718206599999999667e-02
-2.440444989999999981e-02,-4.004845370000000015e-02,8.215315348999999712e-01,7.353834548000000026e-01,-5.027767930000000274e-02,4.153417000000000393e-03,-6.757707293000000393e-01,7.249357809999999736e-02,1.098049123000000016e-01,-1.223794469999999954e-02,1.241758569000000062e-01,1.023031355000000031e-01,-2.103243900000000000e-02,1.274533599000000073e-01,-2.031909020000000066e-02,-2.335480705000000101e-01,1.384146347999999915e-01,8.668831990000000487e-02,3.094872200000000143e-02,1.092693284999999986e-01,2.043999877999999881e-01,-1.530116273999999887e-01,-2.416222851000000116e+00,8.805255099000000030e-01,-1.123132606900000052e+00,9.299902543000000410e-01,-5.019256761999999483e-01,3.599000959999999749e-02,1.918315020999999954e-01,7.064879609999999421e-02,-3.670792853000000022e-01,7.904712619000000551e-01,1.379334684300000058e+00,2.406527780999999921e-01,1.850990537999999963e-01,5.649569279999999694e-02
-2.466336449999999986e-02,-3.975621630000000101e-02,8.215286364999999646e-01,7.346634586000000411e-01,-5.041502600000000167e-02,4.009405700000000412e-03,-6.765440507000000103e-01,7.294362100000000015e-02,1.104295124999999933e-01,-1.114273619999999951e-02,1.242392013999999989e-01,1.022946218999999934e-01,-2.131466469999999946e-02,1.270089775999999893e-01,-1.981941729999999943e-02,-2.328420871000000114e-01,1.384975129000000083e-01,8.677043769999999434e-02,3.044873509999999894e-02,1.089248525999999967e-01,2.026640701999999905e-01,-1.519290311000000004e-01,-2.409208405899999850e+00,8.873168504999999762e-01,-1.116322720299999904e+00,9.052744746999999981e-01,-5.052461677999999790e-01,3.211925899999999723e-02,1.965973688000000053e-01,7.636203680000000493e-02,-3.679931350999999795e-01,7.862270465999999791e-01,1.377683271300000012e+00,2.426063568999999864e-01,1.854862258999999958e-01,5.582064779999999782e-02
-2.505962210000000148e-02,-3.957619190000000176e-02,8.215260452999999519e-01,7.335344890999999645e-01,-5.069258050000000071e-02,3.907222499999999862e-03,-6.777478506999999874e-01,7.382853979999999539e-02,1.120678699000000056e-01,-7.807736000000000016e-03,1.242755306000000032e-01,1.021840054999999942e-01,-2.182391280000000114e-02,1.260969986000000098e-01,-1.869093250000000012e-02,-2.307871623999999955e-01,1.383508632999999877e-01,8.677615119999999849e-02,2.977533950000000110e-02,1.072835704000000001e-01,2.010291181999999954e-01,-1.517047011999999861e-01,-2.400605167700000209e+00,8.965249449000000093e-01,-1.107248028799999950e+00,8.848778418999999618e-01,-5.084574921000000192e-01,2.944543360000000110e-02,2.030555518999999920e-01,8.038009849999999679e-02,-3.693744666000000065e-01,7.821803736000000340e-01,1.375349861799999962e+00,2.439150958000000091e-01,1.857671284999999894e-01,5.564063949999999842e-02
-2.554876329999999918e-02,-3.949171530000000069e-02,8.215267774000000189e-01,7.323891098999999461e-01,-5.079548710000000161e-02,3.889778500000000156e-03,-6.789778198000000486e-01,7.457405390000000633e-02,1.134509431000000068e-01,-4.777395099999999853e-03,1.242973859000000014e-01,1.020656734999999954e-01,-2.234930330000000145e-02,1.253595020999999921e-01,-1.759441210000000158e-02,-2.286027962000000135e-01,1.381681582000000019e-01,8.685142129999999516e-02,2.909179920000000072e-02,1.059152794000000064e-01,1.997994265999999963e-01,-1.515626028000000014e-01,-2.391628928899999895e+00,9.058802277999999930e-01,-1.097896944900000005e+00,8.648481019000000547e-01,-5.113881889000000402e-01,2.642595219999999828e-02,2.093697042999999869e-01,8.421364839999999352e-02,-3.710018976000000190e-01,7.783299294000000090e-01,1.373141804300000102e+00,2.451224473999999987e-01,1.860943945999999904e-01,5.565925520000000043e-02
-2.594147410000000042e-02,-3.931673609999999930e-02,8.215285934999999595e-01,7.312400547999999834e-01,-5.089200940000000034e-02,3.884620499999999824e-03,-6.802079795000000040e-01,7.527703830000000151e-02,1.148328767999999972e-01,-1.745266600000000079e-03,1.243361020000000039e-01,1.019453703999999988e-01,-2.286466410000000116e-02,1.245959219000000034e-01,-1.649976599999999904e-02,-2.264130642000000138e-01,1.379650007000000067e-01,8.695248110000000641e-02,2.841616079999999961e-02,1.045585676999999936e-01,1.986330139999999966e-01,-1.514740243999999902e-01,-2.382350734000000081e+00,9.152296245000000052e-01,-1.088315781799999993e+00,8.447991899000000249e-01,-5.140975305999999634e-01,2.325700110000000070e-02,2.156507789000000064e-01,8.803816250000000287e-02,-3.726965071000000185e-01,7.744862248999999643e-01,1.370958413799999942e+00,2.463188557000000056e-01,1.864215519000000099e-01,5.574658300000000233e-02
-2.656254749999999859e-02,-3.915965180000000045e-02,8.214555402000000006e-01,7.308760052999999646e-01,-5.093231690000000339e-02,3.869242699999999972e-03,-6.805962039999999824e-01,7.523272409999999522e-02,1.160343528000000041e-01,-1.231443499999999988e-03,1.243516399999999994e-01,1.018305471999999962e-01,-2.344785179999999900e-02,1.241294212000000063e-01,-1.530742929999999967e-02,-2.258992575999999863e-01,1.378648060999999869e-01,8.627277649999999520e-02,2.759093129999999963e-02,1.054812175000000019e-01,1.953423638000000018e-01,-1.491784405999999896e-01,-2.369390706799999968e+00,9.214065280000000024e-01,-1.078433308799999990e+00,8.321811411999999741e-01,-5.139453229999999540e-01,2.275759230000000063e-02,2.201141060000000038e-01,9.283605829999999615e-02,-3.748078638999999823e-01,7.753202768000000411e-01,1.369027616499999933e+00,2.460309360000000056e-01,1.870422511000000010e-01,5.685614160000000000e-02
-2.717746609999999868e-02,-3.895536299999999980e-02,8.214641959999999798e-01,7.305863726000000336e-01,-5.097172669999999739e-02,3.820621299999999842e-03,-6.809044265000000484e-01,7.525789609999999907e-02,1.171789545999999960e-01,-7.645879000000000390e-04,1.243749460999999945e-01,1.016367804999999958e-01,-2.414091989999999840e-02,1.238245354000000048e-01,-1.427677890000000026e-02,-2.258891516000000044e-01,1.378436154999999885e-01,8.544951130000000283e-02,2.706979480000000146e-02,1.063029078999999932e-01,1.917130770000000095e-01,-1.472069292000000029e-01,-2.356199374700000071e+00,9.265045446999999879e-01,-1.068131338799999996e+00,8.206437560999999548e-01,-5.129601245999999559e-01,2.218863230000000034e-02,2.239907499999999885e-01,9.796267840000000282e-02,-3.768276859999999950e-01,7.762929360000000445e-01,1.367058563600000110e+00,2.457716782999999905e-01,1.876679998999999932e-01,5.821029219999999949e-02
-2.787931589999999987e-02,-3.885026610000000269e-02,8.213846020999999720e-01,7.303113628999999829e-01,-5.099965669999999979e-02,3.771123199999999991e-03,-6.811975680999999838e-01,7.527971270000000104e-02,1.182989992000000046e-01,-3.348108999999999829e-04,1.243799949999999932e-01,1.014460561000000011e-01,-2.482600180000000059e-02,1.235211249999999955e-01,-1.327330590000000074e-02,-2.259168967000000083e-01,1.378399562000000023e-01,8.459526200000000440e-02,2.656069960000000119e-02,1.071826869000000043e-01,1.879764104999999963e-01,-1.453316996000000028e-01,-2.342917960699999913e+00,9.311320446999999945e-01,-1.057623958800000041e+00,8.095046670000000111e-01,-5.117283254000000170e-01,2.148724100000000067e-02,2.276445112999999909e-01,1.032268734000000021e-01,-3.787864264999999953e-01,7.771840732999999446e-01,1.365063968499999891e+00,2.455245749999999949e-01,1.882811440999999919e-01,5.959707119999999719e-02
-2.852263060000000128e-02,-3.851236439999999872e-02,8.212137446999999701e-01,7.297246009000000200e-01,-5.100459350000000058e-02,3.701354000000000016e-03,-6.818261055000000015e-01,7.523109299999999888e-02,1.194955263999999961e-01,5.286295999999999573e-04,1.244510920999999937e-01,1.011942792999999952e-01,-2.566495759999999973e-02,1.229020185000000015e-01,-1.242728199999999956e-02,-2.258239207000000137e-01,1.378124661000000029e-01,8.399291909999999362e-02,2.591167349999999939e-02,1.060798243999999946e-01,1.837617545000000130e-01,-1.428331164999999958e-01,-2.322727311700000019e+00,9.347308832999999817e-01,-1.041364108300000035e+00,7.946015747000000351e-01,-5.099380940000000084e-01,2.023332530000000046e-02,2.322088761999999973e-01,1.023130918000000056e-01,-3.771818592999999775e-01,7.795250161000000233e-01,1.361109167399999986e+00,2.452902016999999879e-01,1.884940392999999992e-01,6.020863120000000124e-02
-2.926247059999999983e-02,-3.814211900000000210e-02,8.211343011999999719e-01,7.291800649999999884e-01,-5.101898430000000040e-02,3.555481899999999966e-03,-6.824081291000000382e-01,7.527205770000000573e-02,1.206362777999999969e-01,1.340628900000000049e-03,1.245314047000000007e-01,1.010380265999999971e-01,-2.632665489999999955e-02,1.223553004000000055e-01,-1.151140349999999965e-02,-2.255965735000000083e-01,1.378010877999999995e-01,8.311347289999999888e-02,2.510088980000000150e-02,1.050354218999999950e-01,1.798409796000000060e-01,-1.405533371999999892e-01,-2.300028301599999825e+00,9.388213842999999503e-01,-1.023203872799999914e+00,7.775036077000000434e-01,-5.070171841999999707e-01,1.937156459999999844e-02,2.377125494000000006e-01,1.011519344999999986e-01,-3.754323931999999919e-01,7.819460711000000286e-01,1.357895034800000067e+00,2.452401043000000114e-01,1.889887577000000096e-01,6.074617239999999946e-02
-2.990545149999999930e-02,-3.776962130000000029e-02,8.210565478000000361e-01,7.286375627000000188e-01,-5.104203449999999975e-02,3.400346700000000076e-03,-6.829864204000000161e-01,7.534496450000000012e-02,1.217632723000000028e-01,2.150169500000000122e-03,1.245908297000000026e-01,1.008986498999999981e-01,-2.697417090000000031e-02,1.218279827000000037e-01,-1.061027749999999929e-02,-2.253656495999999954e-01,1.378035147999999988e-01,8.223000660000000239e-02,2.430408430000000064e-02,1.041415489000000055e-01,1.761629819999999957e-01,-1.384799996999999949e-01,-2.275900065400000116e+00,9.429075171999999894e-01,-1.003894571800000080e+00,7.593113673000000396e-01,-5.035521200999999447e-01,1.887140600000000029e-02,2.437218949999999940e-01,1.000639980999999956e-01,-3.738012077000000266e-01,7.843274889000000361e-01,1.354936962700000080e+00,2.452459083000000095e-01,1.894749963000000037e-01,6.129288850000000344e-02
-3.031470610000000163e-02,-3.748049999999999993e-02,8.208149567000000424e-01,7.288368363999999655e-01,-5.147654050000000092e-02,3.426525299999999812e-03,-6.827410127999999911e-01,7.506158670000000199e-02,1.229885621000000040e-01,1.882438400000000086e-03,1.245629486000000008e-01,9.962027399999999477e-02,-2.855742500000000086e-02,1.215387420000000052e-01,-9.416030299999999381e-03,-2.259426429999999986e-01,1.380718794999999943e-01,8.127729470000000234e-02,2.320902039999999875e-02,1.028836593999999938e-01,1.712469551999999950e-01,-1.348268203000000109e-01,-2.242816491000000134e+00,9.414908749000000521e-01,-9.778357662000000117e-01,7.376303334999999572e-01,-5.000561384999999692e-01,1.793080340000000050e-02,2.487482273000000133e-01,9.488188009999999617e-02,-3.720297159000000020e-01,7.901715692999999874e-01,1.350471529300000029e+00,2.437097642000000119e-01,1.899037651000000104e-01,6.229009600000000313e-02
-3.080955850000000051e-02,-3.720233659999999665e-02,8.206578669999999853e-01,7.290440352000000512e-01,-5.178252950000000049e-02,3.347280199999999855e-03,-6.824970036999999934e-01,7.493180200000000568e-02,1.240469097999999937e-01,1.445025599999999943e-03,1.246849738999999957e-01,9.855435790000000029e-02,-2.967300800000000072e-02,1.216738717999999997e-01,-8.451620999999999440e-03,-2.266075325999999945e-01,1.382705901000000070e-01,8.009661270000000000e-02,2.222894660000000050e-02,1.020766476000000006e-01,1.666676197999999998e-01,-1.316674251999999934e-01,-2.206476829600000134e+00,9.395124164000000500e-01,-9.490549394999999722e-01,7.137024840000000259e-01,-4.951323079000000127e-01,1.736256079999999938e-02,2.546468557000000077e-01,9.009841879999999636e-02,-3.704950619999999861e-01,7.956478962999999904e-01,1.346489422999999963e+00,2.421565431999999907e-01,1.905252755000000076e-01,6.354638769999999826e-02
-3.118503790000000039e-02,-3.693701170000000117e-02,8.205028921999999447e-01,7.292550723999999818e-01,-5.208651899999999779e-02,3.265875000000000115e-03,-6.822487581999999717e-01,7.483966599999999914e-02,1.250513149999999962e-01,1.024691299999999985e-03,1.247709258000000015e-01,9.748978590000000055e-02,-3.073885629999999897e-02,1.218506590000000001e-01,-7.533509800000000138e-03,-2.272598238000000104e-01,1.384277197999999875e-01,7.892643450000000338e-02,2.130320590000000028e-02,1.017039861999999989e-01,1.624305439000000018e-01,-1.289090860000000061e-01,-2.168480876399999868e+00,9.367132683000000126e-01,-9.188641508999999541e-01,6.884906419999999860e-01,-4.893853253000000070e-01,1.718893930000000084e-02,2.610553556999999913e-01,8.571600009999999492e-02,-3.692845697000000094e-01,8.008000990000000430e-01,1.342613292900000088e+00,2.405796015999999982e-01,1.911247299999999927e-01,6.485899230000000126e-02
-3.143381370000000036e-02,-3.696883430000000303e-02,8.202633938000000180e-01,7.298737610000000098e-01,-5.325845099999999832e-02,1.608460300000000027e-03,-6.815021960999999573e-01,7.700583830000000407e-02,1.245902985999999962e-01,-5.789462999999999901e-04,1.291502455000000105e-01,9.386555950000000093e-02,-3.103850580000000123e-02,1.249525585999999994e-01,-8.400090299999999482e-03,-2.281859122999999878e-01,1.430885055999999989e-01,7.483383959999999335e-02,2.149444210000000036e-02,9.826965599999999690e-02,1.641914515000000019e-01,-1.261425342999999977e-01,-2.099415077200000201e+00,9.420972750999999645e-01,-8.704339687000000048e-01,6.492200657000000152e-01,-4.775838064999999855e-01,2.219847839999999906e-02,2.769022144000000130e-01,8.128124650000000118e-02,-3.735195813000000142e-01,8.105395119999999620e-01,1.341275984099999929e+00,2.397343110000000055e-01,1.922198053999999989e-01,6.693083260000000367e-02
-3.198379390000000155e-02,-3.666792879999999921e-02,8.202192460999999657e-01,7.301385141999999773e-01,-5.268062490000000042e-02,2.653870699999999819e-03,-6.812601991000000190e-01,7.529325289999999615e-02,1.260172018000000060e-01,-1.198786700000000101e-03,1.254636990000000119e-01,9.611274449999999969e-02,-3.194356489999999882e-02,1.235941950999999983e-01,-6.515199499999999901e-03,-2.287025105000000114e-01,1.393555545000000062e-01,7.669379689999999972e-02,2.033988180000000090e-02,1.012660046999999952e-01,1.591978826999999874e-01,-1.249584705000000018e-01,-2.069296549600000201e+00,9.279903250000000048e-01,-8.429982822999999570e-01,6.447390385000000279e-01,-4.763617246999999888e-01,2.444357470000000157e-02,2.751930821999999943e-01,7.610151539999999992e-02,-3.720490868999999923e-01,8.131104747999999827e-01,1.338087325700000108e+00,2.386925481000000127e-01,1.922170549999999978e-01,6.788399409999999745e-02
-3.253578559999999870e-02,-3.665479299999999802e-02,8.200945300999999965e-01,7.304835742999999937e-01,-5.259911340000000129e-02,2.842850999999999972e-03,-6.808957329000000502e-01,7.460147070000000546e-02,1.269080442999999947e-01,-2.039710299999999803e-03,1.249489735999999990e-01,9.604860760000000219e-02,-3.276995199999999803e-02,1.235705257999999973e-01,-5.461230800000000350e-03,-2.292726717000000136e-01,1.384750968000000027e-01,7.632448660000000495e-02,1.943843820000000153e-02,1.025410877000000054e-01,1.546919408999999912e-01,-1.229324140000000037e-01,-2.032615759700000080e+00,9.158498170000000105e-01,-8.136696208000000485e-01,6.345247008000000077e-01,-4.727618690000000012e-01,2.496117390000000130e-02,2.766856033999999798e-01,7.114996830000000494e-02,-3.708381340999999942e-01,8.173589037999999807e-01,1.335401472200000050e+00,2.374250428999999940e-01,1.924562817000000092e-01,6.918826899999999669e-02
-3.252326299999999670e-02,-3.614542519999999759e-02,8.198227064999999980e-01,7.306931208000000399e-01,-5.419958190000000176e-02,1.360286000000000047e-03,-6.805498645999999985e-01,7.678221259999999659e-02,1.273387217999999987e-01,-2.264601299999999869e-03,1.291950591999999898e-01,9.172770080000000603e-02,-3.297428720000000063e-02,1.262154031999999926e-01,-5.764310899999999793e-03,-2.296099775999999870e-01,1.427490945999999872e-01,7.291584489999999863e-02,1.941071999999999936e-02,9.966809869999999905e-02,1.544202625999999967e-01,-1.206135188999999941e-01,-1.960546076800000037e+00,9.097789270999999678e-01,-7.671437436000000387e-01,5.851320527000000160e-01,-4.583520796000000175e-01,2.713786010000000110e-02,2.891883459999999850e-01,5.759648810000000257e-02,-3.776978480000000027e-01,8.269620479999999496e-01,1.337730236999999933e+00,2.348014156000000074e-01,1.949506047000000020e-01,7.528359869999999565e-02
-3.284533080000000271e-02,-3.535649450000000193e-02,8.197614270999999952e-01,7.305776590000000459e-01,-5.404891240000000291e-02,2.369121100000000108e-03,-6.806830294000000281e-01,7.522075910000000643e-02,1.292447936999999991e-01,-1.758223300000000050e-03,1.256249955000000029e-01,9.388956850000000631e-02,-3.403691200000000250e-02,1.246037591000000028e-01,-3.612867000000000075e-03,-2.290902868999999953e-01,1.389591384999999957e-01,7.570740060000000216e-02,1.839476619999999910e-02,1.024055226000000068e-01,1.476203946999999905e-01,-1.195501050999999981e-01,-1.927365163699999995e+00,8.884629545000000128e-01,-7.425135146000000352e-01,5.674910944000000068e-01,-4.548446836999999743e-01,2.766125930000000108e-02,2.865416619000000220e-01,4.296551390000000192e-02,-3.794880582999999863e-01,8.303111989000000470e-01,1.338037011900000017e+00,2.320005280999999919e-01,1.963957544999999916e-01,8.028908730000000604e-02
-3.288018320000000300e-02,-3.488291689999999806e-02,8.195363692999999561e-01,7.306937275999999537e-01,-5.546300540000000112e-02,1.000846899999999987e-03,-6.804480360000000339e-01,7.709370640000000330e-02,1.295348342000000041e-01,-1.759304599999999934e-03,1.294655761999999877e-01,9.071222040000000153e-02,-3.446589349999999718e-02,1.269245046999999960e-01,-3.821636199999999851e-03,-2.286828465999999893e-01,1.424224243999999973e-01,7.313754590000000333e-02,1.840932429999999828e-02,9.985854800000000531e-02,1.470684186000000004e-01,-1.170374961999999935e-01,-1.858187789999999895e+00,8.784674406000000380e-01,-6.993432743999999923e-01,5.161687743999999745e-01,-4.395083504000000252e-01,3.182821029999999968e-02,2.988566025000000126e-01,2.753805980000000042e-02,-3.853176032999999778e-01,8.397387911999999455e-01,1.342389028399999962e+00,2.285875239000000059e-01,1.983565092000000030e-01,8.786519260000000275e-02
-3.316981019999999669e-02,-3.417669789999999708e-02,8.195519317999999664e-01,7.303794486000000363e-01,-5.621308269999999996e-02,7.866779999999999650e-04,-6.807241228999999505e-01,7.764075789999999588e-02,1.312580678999999972e-01,-1.122356900000000008e-03,1.294995962999999917e-01,8.994842890000000202e-02,-3.433365699999999660e-02,1.270425152000000113e-01,-1.969241000000000047e-03,-2.275528491000000098e-01,1.422679799999999883e-01,7.358542120000000075e-02,1.747891669999999953e-02,1.016168925000000001e-01,1.421690674999999959e-01,-1.180763848000000033e-01,-1.791399215800000055e+00,8.656755404000000542e-01,-6.687809328999999581e-01,4.592418363999999920e-01,-4.234848462999999952e-01,3.919131359999999953e-02,3.007298659000000041e-01,-2.308540040000000085e-02,-4.045495443000000080e-01,8.349867806999999864e-01,1.343498167899999984e+00,2.165229703000000061e-01,1.996314352000000125e-01,9.812906600000000090e-02
-3.352207640000000322e-02,-3.325669929999999774e-02,8.194980104000000320e-01,7.300048584999999646e-01,-5.693330919999999712e-02,6.055346000000000079e-04,-6.810661774999999807e-01,7.787679029999999836e-02,1.329406187000000128e-01,-7.236360999999999748e-04,1.295900172999999989e-01,9.013199460000000107e-02,-3.459672119999999962e-02,1.269302542000000089e-01,-5.025318000000000189e-04,-2.271461066999999889e-01,1.420642075000000115e-01,7.455095529999999915e-02,1.681304869999999951e-02,1.031455872999999940e-01,1.370963541000000119e-01,-1.178340892000000056e-01,-1.728545206399999978e+00,8.519249210999999544e-01,-6.411081508000000539e-01,4.026063551999999879e-01,-4.077734096999999780e-01,4.754743859999999850e-02,3.014537368999999911e-01,-7.610791309999999366e-02,-4.237767874000000212e-01,8.306720208000000216e-01,1.346496590499999924e+00,2.029201700000000108e-01,2.003424686999999982e-01,1.102709273000000018e-01
-3.390112829999999966e-02,-3.244669210000000054e-02,8.194367902000000425e-01,7.296361422999999569e-01,-5.765522499999999745e-02,4.154717000000000154e-04,-6.814006180999999662e-01,7.817729169999999839e-02,1.346490818999999950e-01,-3.485488999999999927e-04,1.296514169000000105e-01,9.029525730000000083e-02,-3.489729490000000045e-02,1.268690628999999959e-01,9.880013999999999897e-04,-2.267675286999999984e-01,1.418725778000000104e-01,7.546036409999999639e-02,1.611626270000000166e-02,1.042757116000000012e-01,1.318415766000000100e-01,-1.171094483999999963e-01,-1.668523203399999932e+00,8.369368887000000479e-01,-6.161563911999999865e-01,3.466904415000000017e-01,-3.922840382000000181e-01,5.617998479999999906e-02,3.012392428999999816e-01,-1.296392778000000079e-01,-4.432573284999999919e-01,8.275099356999999767e-01,1.349872025800000097e+00,1.890916753000000117e-01,2.006480610999999969e-01,1.226688197999999952e-01
-3.405964119999999734e-02,-3.161207010000000039e-02,8.194468476999999806e-01,7.287618461999999520e-01,-5.867106760000000143e-02,2.935380000000000007e-05,-6.822491308000000476e-01,7.971794290000000505e-02,1.361048859000000000e-01,5.367421999999999515e-04,1.297856779999999877e-01,9.003337879999999405e-02,-3.669875959999999854e-02,1.275322559000000022e-01,2.707656699999999930e-03,-2.248112849999999996e-01,1.414298159000000055e-01,7.659018360000000025e-02,1.563103119999999929e-02,1.046027593000000006e-01,1.248548398000000059e-01,-1.168699160000000042e-01,-1.608922000399999996e+00,8.129008305999999573e-01,-5.969534028999999853e-01,2.388469494999999887e-01,-3.641908884999999763e-01,5.906785230000000109e-02,3.065891775999999846e-01,-1.860684479999999974e-01,-4.638605964999999998e-01,8.289794816000000122e-01,1.334262437900000098e+00,1.624099626999999935e-01,2.010906148999999921e-01,1.385692624000000039e-01
-3.418351809999999741e-02,-3.099188190000000051e-02,8.193728467999999987e-01,7.278953833000000317e-01,-5.968260300000000074e-02,-3.350013000000000209e-04,-6.830857821000000385e-01,8.149657189999999496e-02,1.378254809999999997e-01,2.251864599999999893e-03,1.297802872999999912e-01,9.014016419999999752e-02,-3.695668629999999955e-02,1.283497635999999997e-01,4.285777699999999968e-03,-2.228832278000000000e-01,1.409631181000000066e-01,7.784060669999999516e-02,1.516385909999999962e-02,1.046376891999999947e-01,1.184375176999999946e-01,-1.168558323999999982e-01,-1.548634033799999976e+00,7.895631557000000189e-01,-5.795456260000000359e-01,1.250945284999999962e-01,-3.335859851999999903e-01,6.704853450000000659e-02,3.122838783999999923e-01,-2.419797385999999939e-01,-4.865992947000000179e-01,8.316458986000000442e-01,1.316481470400000076e+00,1.349726367000000093e-01,2.031168292999999958e-01,1.550550367999999901e-01
-3.433554140000000254e-02,-3.039107060000000027e-02,8.193731840000000322e-01,7.270259234000000514e-01,-6.063586070000000217e-02,-6.422223000000000124e-04,-6.839270332000000341e-01,8.327375039999999895e-02,1.395913520000000019e-01,3.976430500000000152e-03,1.297212688000000114e-01,9.013920050000000239e-02,-3.727350150000000029e-02,1.291652396000000091e-01,5.911994200000000345e-03,-2.209570872999999935e-01,1.404482793000000063e-01,7.896800019999999920e-02,1.467257809999999996e-02,1.043017361000000004e-01,1.121123963999999945e-01,-1.168663296999999934e-01,-1.491433774000000101e+00,7.666485122999999735e-01,-5.649920126999999903e-01,1.191829110000000060e-02,-3.021652589000000111e-01,7.631548350000000314e-02,3.145423471000000082e-01,-2.976833821000000047e-01,-5.104864342999999582e-01,8.358743606999999853e-01,1.298603304400000047e+00,1.076841152999999940e-01,2.043968255999999983e-01,1.716019980000000056e-01
-3.448289580000000326e-02,-3.024329530000000044e-02,8.192748077000000517e-01,7.258864148000000460e-01,-6.154310660000000127e-02,-1.132652999999999958e-03,-6.850547976999999955e-01,8.622426179999999329e-02,1.412783427000000036e-01,7.358235700000000101e-03,1.296679703999999989e-01,8.815052889999999697e-02,-3.877544770000000002e-02,1.307001181000000123e-01,7.744860800000000385e-03,-2.162029684000000007e-01,1.398475066000000044e-01,7.946129309999999668e-02,1.336432589999999969e-02,1.014276050999999984e-01,1.073629284000000017e-01,-1.172706649000000018e-01,-1.428070037699999961e+00,7.448984285999999955e-01,-5.336554328999999486e-01,1.473649469999999996e-02,-2.980053212000000062e-01,8.766819130000000349e-02,3.128860663999999958e-01,-3.521331113000000235e-01,-5.288651325000000014e-01,8.208984019999999715e-01,1.284133284199999947e+00,9.987747880000000245e-02,2.043345769000000089e-01,1.677003719999999864e-01
-3.474286370000000124e-02,-3.007018460000000087e-02,8.191577735999999721e-01,7.247240363000000407e-01,-6.253665610000000430e-02,-1.605387700000000025e-03,-6.861936027999999688e-01,8.917817810000000511e-02,1.432039062000000085e-01,1.078514289999999917e-02,1.297399106999999885e-01,8.683985069999999862e-02,-3.966761020000000165e-02,1.323084344000000079e-01,9.609771099999999192e-03,-2.119803209999999993e-01,1.392949169999999903e-01,7.970493989999999362e-02,1.245871330000000027e-02,9.950195509999999743e-02,1.020619418000000000e-01,-1.173439270999999950e-01,-1.371660217899999923e+00,7.194090670999999659e-01,-5.066267280999999789e-01,2.564922700000000014e-02,-2.957934559000000019e-01,9.363896250000000587e-02,3.087637136999999976e-01,-4.060238945999999904e-01,-5.481433305999999783e-01,8.058884940999999635e-01,1.268964243099999889e+00,9.286806570000000205e-02,2.046644140999999972e-01,1.632571839999999996e-01
-3.494128970000000278e-02,-2.999066300000000074e-02,8.190352414999999553e-01,7.235628093000000538e-01,-6.353969090000000097e-02,-2.093175799999999909e-03,-6.873246592999999738e-01,9.218252080000000070e-02,1.451532302999999913e-01,1.419027120000000003e-02,1.298100047999999895e-01,8.552229150000000002e-02,-4.059679270000000201e-02,1.339578626000000050e-01,1.149539509999999987e-02,-2.077811303000000054e-01,1.387788880999999974e-01,7.990666539999999318e-02,1.151547210000000016e-02,9.782944309999999644e-02,9.643859509999999635e-02,-1.172161617000000017e-01,-1.317868900099999907e+00,6.918177636000000241e-01,-4.822989276999999908e-01,3.771853979999999912e-02,-2.936575637000000127e-01,9.880156260000000357e-02,3.044606611999999823e-01,-4.595955482999999897e-01,-5.682316605999999659e-01,7.912610117999999693e-01,1.253675542699999923e+00,8.590332370000000606e-02,2.049859193000000135e-01,1.587799656999999975e-01
-3.591589419999999949e-02,-3.036107130000000043e-02,8.188499813999999821e-01,7.221057028999999794e-01,-6.416257760000000643e-02,-2.253991700000000133e-03,-6.887970942000000152e-01,9.519416420000000045e-02,1.483126734999999918e-01,1.840163189999999976e-02,1.296626002000000055e-01,8.442767669999999558e-02,-4.213516610000000301e-02,1.350667664000000101e-01,1.424599739999999996e-02,-2.043865199000000077e-01,1.383111381999999889e-01,7.980141289999999332e-02,1.093086530000000021e-02,9.958688259999999570e-02,8.956441719999999607e-02,-1.175840337000000069e-01,-1.256330817000000044e+00,6.609385888000000042e-01,-4.578839037999999917e-01,8.155162689999999326e-02,-2.960141768999999812e-01,1.051554221000000067e-01,3.006711042999999917e-01,-5.208140503999999504e-01,-5.714959302000000019e-01,7.968606831000000223e-01,1.252095139199999929e+00,6.966308829999999508e-02,2.077334926000000137e-01,1.540808381000000060e-01
-3.693018440000000319e-02,-3.073735390000000012e-02,8.187448065000000330e-01,7.206776349000000303e-01,-6.474696300000000460e-02,-2.409366400000000161e-03,-6.902360265000000439e-01,9.807681949999999538e-02,1.514871824000000033e-01,2.267375380000000162e-02,1.295946564999999884e-01,8.310108039999999918e-02,-4.389594489999999738e-02,1.360862654999999977e-01,1.716993979999999892e-02,-2.001469304999999865e-01,1.379069742000000043e-01,7.950692019999999749e-02,9.703621100000000416e-03,1.003499805000000050e-01,8.269636969999999421e-02,-1.179302718000000000e-01,-1.196110233099999975e+00,6.291800690000000085e-01,-4.358858096000000071e-01,1.262998308000000125e-01,-2.981102749000000274e-01,1.103508950999999988e-01,2.964204174999999775e-01,-5.832009604000000236e-01,-5.738876427000000335e-01,8.038029693999999559e-01,1.251857164300000047e+00,5.349029410000000206e-02,2.098903079999999977e-01,1.493948467000000002e-01
-3.796318630000000000e-02,-3.122176910000000125e-02,8.186363973000000405e-01,7.192568685000000350e-01,-6.532282379999999888e-02,-2.558490499999999807e-03,-6.916617237000000085e-01,1.009576981000000068e-01,1.546771286999999995e-01,2.691035640000000173e-02,1.295387466000000043e-01,8.174910359999999765e-02,-4.568459169999999903e-02,1.371192645000000043e-01,2.010884329999999831e-02,-1.959428290999999933e-01,1.375189340000000093e-01,7.916793989999999781e-02,8.450454200000000540e-03,1.010093170999999956e-01,7.580566699999999325e-02,-1.181967183999999976e-01,-1.137134773699999934e+00,5.958824721000000046e-01,-4.164645538000000258e-01,1.708783554999999954e-01,-2.996702574999999813e-01,1.153936564999999970e-01,2.921913882000000129e-01,-6.456769142999999600e-01,-5.763196480000000177e-01,8.109851095000000232e-01,1.251707805399999929e+00,3.734639420000000071e-02,2.118388676999999887e-01,1.446332217000000087e-01
-3.876189260000000025e-02,-3.175630239999999854e-02,8.185252082999999734e-01,7.187773473999999885e-01,-6.533108109999999358e-02,-2.618132899999999885e-03,-6.921590279999999540e-01,1.023197363000000054e-01,1.561313417000000092e-01,2.889357589999999934e-02,1.293441538000000002e-01,8.109200290000000144e-02,-4.696125570000000277e-02,1.379887888999999923e-01,2.160021089999999977e-02,-1.938373811000000113e-01,1.370713315000000043e-01,7.841472820000000565e-02,7.531236699999999985e-03,1.026933218999999953e-01,7.022946569999999333e-02,-1.169691040999999987e-01,-1.099908814800000023e+00,5.713382598999999784e-01,-4.090232871000000214e-01,2.254132717000000008e-01,-3.041216900000000001e-01,1.186664162999999939e-01,2.819880289999999734e-01,-6.878823272999999849e-01,-5.788499927000000378e-01,8.011508778000000497e-01,1.245871374999999892e+00,4.610557879999999803e-02,2.106727455000000082e-01,1.298467225000000114e-01
-3.952105890000000288e-02,-3.228836219999999674e-02,8.184237589999999729e-01,7.183070423999999843e-01,-6.538585480000000394e-02,-2.645344300000000096e-03,-6.926418157999999492e-01,1.037109175999999938e-01,1.577423024000000062e-01,3.058934680000000017e-02,1.290388130000000022e-01,8.059687849999999654e-02,-4.851896900000000207e-02,1.387714868000000101e-01,2.327922920000000118e-02,-1.917038983999999890e-01,1.367484157999999950e-01,7.799371920000000569e-02,6.424901099999999823e-03,1.054011016999999995e-01,6.387045689999999720e-02,-1.156661216999999992e-01,-1.065425178299999942e+00,5.452204005999999881e-01,-4.044910186999999824e-01,2.820750808999999970e-01,-3.083176175999999824e-01,1.211765243999999991e-01,2.713127866000000221e-01,-7.287510620999999578e-01,-5.817352433000000378e-01,7.898354471999999848e-01,1.239257242000000092e+00,5.523589210000000305e-02,2.095115768999999961e-01,1.142889801000000066e-01
-4.038102250000000226e-02,-3.282014949999999959e-02,8.184080928000000421e-01,7.178350668999999851e-01,-6.544199400000000333e-02,-2.676844600000000043e-03,-6.931255272999999884e-01,1.051141867999999951e-01,1.593682025000000002e-01,3.228658689999999720e-02,1.287281078999999995e-01,8.010350800000000382e-02,-5.009718590000000055e-02,1.395537440000000073e-01,2.496818959999999935e-02,-1.895737976999999908e-01,1.364463955999999922e-01,7.755715289999999540e-02,5.297643299999999986e-03,1.083132896999999956e-01,5.736651909999999910e-02,-1.143593395999999984e-01,-1.031532934799999968e+00,5.183178670000000432e-01,-4.012816321000000075e-01,3.389505476999999933e-01,-3.117004898999999885e-01,1.236268900999999976e-01,2.604192244999999906e-01,-7.693742363000000140e-01,-5.847071189000000446e-01,7.783488108999999655e-01,1.232521103599999890e+00,6.431544370000000233e-02,2.083087100000000080e-01,9.862081640000000538e-02
-4.108765310000000309e-02,-3.327104940000000233e-02,8.183948390999999933e-01,7.175715498000000414e-01,-6.558365139999999816e-02,-2.607902400000000186e-03,-6.933852135000000416e-01,1.062834180000000045e-01,1.612894139999999921e-01,3.399523010000000262e-02,1.285757694000000118e-01,7.963751560000000007e-02,-5.085480459999999758e-02,1.400948419999999972e-01,2.666127030000000134e-02,-1.879303003999999999e-01,1.363309927999999949e-01,7.725713039999999865e-02,3.675659300000000060e-03,1.096203865999999943e-01,5.058981399999999684e-02,-1.132379084999999980e-01,-9.922156904000000166e-01,4.872949147999999786e-01,-3.904495499000000258e-01,3.735465808000000276e-01,-3.149926094000000121e-01,1.207081782999999964e-01,2.615292791000000117e-01,-8.023903834000000179e-01,-5.865154470000000231e-01,7.696638056000000283e-01,1.226043910500000056e+00,7.059727209999999697e-02,2.067888398999999933e-01,8.438627190000000389e-02
-4.179053370000000017e-02,-3.369433289999999859e-02,8.182976357000000256e-01,7.173188861999999499e-01,-6.563648340000000081e-02,-2.487374000000000095e-03,-6.936420406000000094e-01,1.071497728999999954e-01,1.629820395000000088e-01,3.561656240000000279e-02,1.284028818000000072e-01,7.927961479999999506e-02,-5.191110959999999802e-02,1.405655204000000047e-01,2.833155450000000158e-02,-1.862693588000000067e-01,1.361398404999999978e-01,7.723038949999999625e-02,2.674067100000000058e-03,1.108036892999999939e-01,4.396312119999999657e-02,-1.124808347999999986e-01,-9.520774288000000141e-01,4.561091096000000067e-01,-3.806843213000000170e-01,4.065506045999999762e-01,-3.179841909000000189e-01,1.184415250000000058e-01,2.632226186000000134e-01,-8.353155861000000071e-01,-5.883444758000000441e-01,7.614166425999999710e-01,1.219456457499999980e+00,7.685295820000000167e-02,2.052509891000000031e-01,7.012254399999999499e-02
-4.250144069999999691e-02,-3.421980799999999739e-02,8.182866074000000323e-01,7.170683592000000051e-01,-6.567321880000000223e-02,-2.348428100000000095e-03,-6.938980339000000441e-01,1.079839964000000041e-01,1.646822709999999912e-01,3.723012540000000120e-02,1.282293922999999947e-01,7.890839280000000455e-02,-5.298558040000000274e-02,1.410062383000000030e-01,3.001369809999999971e-02,-1.846171779000000124e-01,1.359484384999999906e-01,7.718683549999999505e-02,1.657216100000000018e-03,1.119266723999999963e-01,3.734303829999999907e-02,-1.117890898999999993e-01,-9.121373342999999911e-01,4.247165210000000135e-01,-3.722733651999999838e-01,4.393523080999999775e-01,-3.208492244000000215e-01,1.162032818999999967e-01,2.649301949000000267e-01,-8.682441223000000319e-01,-5.901675000999999643e-01,7.533080730000000225e-01,1.212855153700000077e+00,8.309581820000000452e-02,2.036639254000000010e-01,5.582441860000000172e-02
-4.273530639999999908e-02,-3.483505209999999963e-02,8.182763918000000025e-01,7.173081517999999601e-01,-6.524381419999999987e-02,-2.061029199999999881e-03,-6.936915830000000005e-01,1.077811330999999956e-01,1.646659889000000043e-01,3.704964079999999854e-02,1.279914733999999998e-01,7.817304790000000059e-02,-5.479898550000000118e-02,1.409139906000000109e-01,3.013503379999999884e-02,-1.843068955000000120e-01,1.358724830999999966e-01,7.663452639999999982e-02,6.582489000000000395e-04,1.139077311000000065e-01,3.518344389999999988e-02,-1.127668131999999962e-01,-8.940231082999999801e-01,4.044220888999999763e-01,-3.741488943999999872e-01,4.880046725000000141e-01,-3.240713152999999958e-01,1.167121477000000046e-01,2.634365378999999896e-01,-9.038684595000000543e-01,-5.904318122999999696e-01,7.423638402000000136e-01,1.206514998100000069e+00,9.172340199999999555e-02,2.026890695000000131e-01,4.249560780000000149e-02
-4.292494220000000332e-02,-3.547748039999999714e-02,8.182598583000000314e-01,7.175609797999999984e-01,-6.483492309999999703e-02,-1.831478199999999950e-03,-6.934690466999999803e-01,1.075720562999999963e-01,1.647190947999999933e-01,3.697293000000000107e-02,1.277999089999999893e-01,7.778787630000000286e-02,-5.586211430000000144e-02,1.408162618999999893e-01,3.035952579999999859e-02,-1.838889377000000047e-01,1.359428417000000111e-01,7.615575789999999567e-02,-3.981899999999999941e-05,1.161513861999999980e-01,3.272200890000000195e-02,-1.133078821000000069e-01,-8.776013039000000182e-01,3.843034806999999775e-01,-3.770602580999999898e-01,5.387252188000000164e-01,-3.274984107999999727e-01,1.164077473999999973e-01,2.612144564000000169e-01,-9.396053406000000052e-01,-5.908386338000000126e-01,7.309264071000000085e-01,1.200323522499999962e+00,1.002563181000000053e-01,2.015985487999999992e-01,2.917910199999999843e-02
-4.321730430000000206e-02,-3.602722700000000194e-02,8.182415906000000128e-01,7.178141031000000449e-01,-6.443734900000000487e-02,-1.618820800000000037e-03,-6.932446328000000380e-01,1.074012111999999991e-01,1.647848309000000122e-01,3.688607969999999764e-02,1.276074222999999952e-01,7.740902839999999618e-02,-5.694752880000000100e-02,1.407479457999999961e-01,3.059564470000000064e-02,-1.834818889000000008e-01,1.360332552000000084e-01,7.566458319999999627e-02,-7.619200999999999491e-04,1.184680837999999986e-01,3.022966269999999983e-02,-1.138019779000000037e-01,-8.613200112000000130e-01,3.643871383000000241e-01,-3.805880065999999728e-01,5.897225998999999774e-01,-3.307163109999999850e-01,1.159968836999999975e-01,2.587756551000000016e-01,-9.752854560999999478e-01,-5.913637412000000149e-01,7.194683768999999840e-01,1.194143953600000030e+00,1.087506845000000000e-01,2.004278744999999917e-01,1.581231690000000148e-02
-4.331522680000000208e-02,-3.614396589999999826e-02,8.183173727000000452e-01,7.181079113999999652e-01,-6.359743850000000587e-02,-5.389709000000000340e-04,-6.930195544999999679e-01,1.053233794000000001e-01,1.651798545000000007e-01,3.674833479999999736e-02,1.249718075999999983e-01,7.894471109999999514e-02,-5.775789590000000168e-02,1.391741746999999862e-01,3.105634189999999933e-02,-1.845093348999999883e-01,1.332363216000000128e-01,7.737850390000000633e-02,-1.775716899999999973e-03,1.217421231000000020e-01,2.874064780000000138e-02,-1.151801518999999996e-01,-8.379651727000000383e-01,3.424836435999999984e-01,-3.817984296999999971e-01,6.200088060999999762e-01,-3.338845518999999928e-01,1.133866585000000010e-01,2.581910869999999858e-01,-1.019352818500000035e+00,-5.975347393000000062e-01,7.092556093999999867e-01,1.188002011300000049e+00,1.171097309000000003e-01,1.989650996000000005e-01,7.298355799999999699e-03
-4.368369910000000078e-02,-3.722299149999999668e-02,8.182276498999999648e-01,7.185763557000000024e-01,-6.377843910000000061e-02,-1.179027999999999934e-03,-6.925163836000000073e-01,1.068110686999999975e-01,1.647986277000000055e-01,3.579046109999999697e-02,1.273305091999999972e-01,7.567078609999999816e-02,-5.907776330000000242e-02,1.411901779999999995e-01,3.056288100000000008e-02,-1.851231798000000095e-01,1.357808567000000077e-01,7.428016379999999308e-02,-2.276143500000000174e-03,1.235789107000000026e-01,2.322540970000000135e-02,-1.156935969999999952e-01,-7.992839623999999921e-01,3.247504771999999984e-01,-3.885576229000000104e-01,6.332244691999999731e-01,-3.348006566000000239e-01,1.110698940000000023e-01,2.641975791999999768e-01,-1.053334734799999950e+00,-6.018838101000000274e-01,6.938521624000000276e-01,1.175754971399999960e+00,1.251587916999999939e-01,1.969347697999999924e-01,-7.164216299999999829e-03
-4.373332550000000318e-02,-3.742105319999999846e-02,8.182177853000000001e-01,7.188874401000000525e-01,-6.293027290000000051e-02,-3.495999999999999732e-05,-6.922720766000000081e-01,1.047809534000000015e-01,1.651736927000000132e-01,3.529464140000000000e-02,1.246229840000000061e-01,7.702663399999999660e-02,-6.011547130000000072e-02,1.395122128999999878e-01,3.135156249999999922e-02,-1.855046110999999942e-01,1.329709672999999925e-01,7.624761920000000526e-02,-2.999903400000000081e-03,1.264453665999999976e-01,2.225748530000000100e-02,-1.174051671999999935e-01,-7.736133680000000235e-01,3.033482216000000231e-01,-3.907282767999999962e-01,6.602381285999999738e-01,-3.375775162999999912e-01,1.099106140999999981e-01,2.649748111999999933e-01,-1.097614623599999950e+00,-6.079114391000000062e-01,6.849732275000000037e-01,1.169599333999999935e+00,1.334023780999999964e-01,1.954671084000000059e-01,-1.586313489999999909e-02
-4.431036609999999820e-02,-3.886963709999999989e-02,8.181214227999999977e-01,7.192137640000000331e-01,-6.283220379999999994e-02,-4.275594999999999981e-04,-6.919418278000000200e-01,1.063865571999999954e-01,1.656194626999999975e-01,3.622716310000000106e-02,1.269249590000000039e-01,7.540467929999999930e-02,-6.045710309999999948e-02,1.414181076000000092e-01,3.133322739999999662e-02,-1.847321577999999909e-01,1.356558160000000124e-01,7.328574740000000365e-02,-3.388802800000000059e-03,1.276826554000000113e-01,1.708564220000000078e-02,-1.175410001000000010e-01,-7.287508592000000451e-01,2.903570648000000087e-01,-4.108182652999999851e-01,6.954025307000000211e-01,-3.385083295999999908e-01,1.133929513999999972e-01,2.568430312000000160e-01,-1.130977194700000021e+00,-6.177970713999999530e-01,6.791150741999999463e-01,1.156955600699999920e+00,1.374763981000000079e-01,1.936459580999999874e-01,-2.738115669999999918e-02
-4.482680609999999816e-02,-3.992082310000000245e-02,8.181181538999999781e-01,7.195521359000000006e-01,-6.220732980000000245e-02,2.080300000000000055e-05,-6.916465654000000240e-01,1.061551554000000064e-01,1.660944031000000098e-01,3.614011970000000074e-02,1.265651399000000121e-01,7.454457389999999406e-02,-6.182204489999999775e-02,1.415366436999999922e-01,3.186488159999999875e-02,-1.848685773000000032e-01,1.354732086000000058e-01,7.210982970000000269e-02,-4.185262999999999831e-03,1.294100371000000138e-01,1.386973610000000016e-02,-1.183800177000000065e-01,-6.902217322999999460e-01,2.759961000000000220e-01,-4.291900288000000119e-01,7.379722036000000429e-01,-3.399624319999999811e-01,1.169776961000000004e-01,2.455973811999999923e-01,-1.169034080100000095e+00,-6.283401638000000178e-01,6.765184110999999945e-01,1.146952102900000048e+00,1.415552090999999957e-01,1.922857597000000029e-01,-3.618096839999999925e-02
-4.533770069999999708e-02,-4.093742100000000161e-02,8.181152857000000278e-01,7.198843230999999454e-01,-6.158854610000000229e-02,4.932416000000000448e-04,-6.913560363999999847e-01,1.058192986999999946e-01,1.666149898000000018e-01,3.604917669999999769e-02,1.262602361999999867e-01,7.370674859999999662e-02,-6.318262610000000001e-02,1.416149619000000026e-01,3.244955599999999746e-02,-1.849986116000000014e-01,1.351865996000000125e-01,7.105306590000000366e-02,-4.991545200000000078e-03,1.311782347999999876e-01,1.084862980000000053e-02,-1.190912481000000051e-01,-6.520310567999999529e-01,2.620691057999999796e-01,-4.480337898000000263e-01,7.814591816000000524e-01,-3.409504976000000132e-01,1.201676765000000008e-01,2.338359825000000114e-01,-1.207727082099999905e+00,-6.387392253000000464e-01,6.746741156000000128e-01,1.137317954200000036e+00,1.456971501000000058e-01,1.907805351000000094e-01,-4.484920170000000067e-02
-4.581801690000000121e-02,-4.205497230000000003e-02,8.180873292000000463e-01,7.200036332999999455e-01,-6.092250390000000099e-02,9.162692000000000059e-04,-6.912903710000000146e-01,1.058820884999999989e-01,1.670329002000000007e-01,3.684380980000000194e-02,1.259443741000000061e-01,7.357699669999999414e-02,-6.232528999999999847e-02,1.414823555999999982e-01,3.283264379999999844e-02,-1.848621537000000037e-01,1.353560533000000010e-01,7.128569070000000119e-02,-5.005943300000000214e-03,1.319394977999999996e-01,7.585598399999999956e-03,-1.210419095000000028e-01,-6.173953587999999604e-01,2.538288073000000145e-01,-4.618215191999999747e-01,8.329566296999999508e-01,-3.414238023999999760e-01,1.229426779000000053e-01,2.222939378999999882e-01,-1.250951044600000062e+00,-6.531373745999999869e-01,6.789890158000000397e-01,1.127907823499999962e+00,1.461572923999999996e-01,1.902879899999999902e-01,-5.124764799999999981e-02
-4.631636270000000222e-02,-4.305760620000000094e-02,8.180754036999999812e-01,7.202102594999999496e-01,-6.030032300000000289e-02,1.311741400000000085e-03,-6.911290274000000400e-01,1.057960867999999943e-01,1.674397747999999964e-01,3.750291879999999994e-02,1.256470764000000018e-01,7.229659219999999553e-02,-6.303333610000000364e-02,1.414945046999999956e-01,3.318731429999999955e-02,-1.852178570000000135e-01,1.353847518999999888e-01,7.041030830000000185e-02,-5.639983299999999991e-03,1.323454222000000069e-01,4.479739699999999748e-03,-1.227295907999999963e-01,-5.832370055000000164e-01,2.461123899999999864e-01,-4.760173021999999921e-01,8.854106954999999557e-01,-3.414960376000000242e-01,1.252144729999999928e-01,2.101850127999999873e-01,-1.294936982999999930e+00,-6.670476406999999996e-01,6.843178580000000011e-01,1.118734141400000048e+00,1.466348410999999963e-01,1.897956103000000005e-01,-5.754769259999999859e-02
-4.682066220000000167e-02,-4.413953389999999977e-02,8.180621836000000480e-01,7.204207586999999968e-01,-5.969102510000000306e-02,1.695640800000000050e-03,-6.909616753999999750e-01,1.057213085999999941e-01,1.678550319000000068e-01,3.814228189999999824e-02,1.253771642000000019e-01,7.101126389999999622e-02,-6.374816010000000643e-02,1.415251744999999894e-01,3.354934689999999886e-02,-1.855864399000000109e-01,1.354340908999999982e-01,6.952663060000000006e-02,-6.284337499999999820e-03,1.327545277999999940e-01,1.376969999999999930e-03,-1.243702735999999975e-01,-5.490955427999999472e-01,2.389802454000000131e-01,-4.909301134999999872e-01,9.380319408999999720e-01,-3.412191123000000159e-01,1.273773330000000092e-01,1.979359287000000134e-01,-1.339288811300000104e+00,-6.805517551999999970e-01,6.904140782000000032e-01,1.109596083900000085e+00,1.471169729000000037e-01,1.892583298000000136e-01,-6.388608490000000084e-02
-4.696645580000000098e-02,-4.518568910000000244e-02,8.180460474999999843e-01,7.206484965999999659e-01,-5.898161500000000113e-02,2.267200000000000031e-03,-6.907834487999999773e-01,1.052364038999999973e-01,1.679788789999999976e-01,3.771898860000000298e-02,1.250679578999999986e-01,7.322542310000000609e-02,-6.431467959999999373e-02,1.410421326999999891e-01,3.373818680000000014e-02,-1.850551403000000039e-01,1.355361368000000122e-01,6.935617400000000654e-02,-6.672816100000000285e-03,1.337991182000000112e-01,-1.668790799999999913e-03,-1.260430640000000102e-01,-5.156046644999999762e-01,2.388374313000000138e-01,-4.986194239000000250e-01,9.891240364000000174e-01,-3.439196699000000024e-01,1.308865053000000112e-01,1.825492401000000098e-01,-1.378516520200000040e+00,-6.981497626999999540e-01,6.989633911999999505e-01,1.107867787700000051e+00,1.505456584000000042e-01,1.888737893999999917e-01,-6.965590289999999685e-02
-4.723150980000000165e-02,-4.613879390000000247e-02,8.180307834000000167e-01,7.208940249999999939e-01,-5.823354289999999739e-02,2.823592900000000076e-03,-6.905886521999999861e-01,1.046946415000000047e-01,1.679784386000000018e-01,3.793546440000000047e-02,1.247112976000000067e-01,7.259343969999999813e-02,-6.478048629999999530e-02,1.405420998999999949e-01,3.380904779999999860e-02,-1.847149224000000090e-01,1.356143226000000035e-01,6.869687900000000236e-02,-7.084369699999999888e-03,1.346840061000000033e-01,-4.830712400000000163e-03,-1.277680258999999985e-01,-4.822828234000000047e-01,2.394203357999999948e-01,-5.065505785999999677e-01,1.040527894600000058e+00,-3.462379271000000092e-01,1.343358238000000038e-01,1.666588100999999988e-01,-1.418339757999999895e+00,-7.150085610999999952e-01,7.084495397000000194e-01,1.106356342400000026e+00,1.540689088999999956e-01,1.882660546000000101e-01,-7.547558590000000289e-02
-4.741784420000000333e-02,-4.717626400000000247e-02,8.180143814000000457e-01,7.211395532000000053e-01,-5.748754629999999755e-02,3.375993800000000149e-03,-6.903923011000000498e-01,1.041347910999999987e-01,1.679924090999999897e-01,3.814413249999999700e-02,1.243992210000000043e-01,7.194396090000000632e-02,-6.526063079999999683e-02,1.400373758000000024e-01,3.389296569999999953e-02,-1.843814208000000010e-01,1.357126572000000031e-01,6.803294520000000012e-02,-7.512084900000000343e-03,1.355678774999999892e-01,-8.000346300000000729e-03,-1.295079892000000066e-01,-4.490554259000000270e-01,2.406186657999999923e-01,-5.148042444000000550e-01,1.092094474800000103e+00,-3.481586347000000248e-01,1.377622379000000008e-01,1.505036754999999893e-01,-1.458690261799999943e+00,-7.312146378999999641e-01,7.188219567000000421e-01,1.104867466199999981e+00,1.575932680000000086e-01,1.876086525000000005e-01,-8.135429419999999634e-02
-4.767988659999999879e-02,-4.755338230000000221e-02,8.181254582000000442e-01,7.210906687999999454e-01,-5.647555340000000312e-02,4.769411900000000183e-03,-6.905186543000000343e-01,1.019484576999999947e-01,1.688840829000000099e-01,3.900396779999999730e-02,1.219743370999999965e-01,7.432462119999999617e-02,-6.568014310000000466e-02,1.378890410999999983e-01,3.499807950000000112e-02,-1.837707228999999887e-01,1.330870708999999930e-01,7.028670900000000277e-02,-7.812041700000000276e-03,1.374382299999999946e-01,-5.024362000000000099e-03,-1.322480020000000034e-01,-4.299564761999999929e-01,2.382784676999999962e-01,-5.090756937999999510e-01,1.134464222599999905e+00,-3.537928585999999820e-01,1.420181117000000048e-01,1.421512007999999883e-01,-1.503131886100000036e+00,-7.419452789999999576e-01,7.345233899999999982e-01,1.103882779699999928e+00,1.623408625999999966e-01,1.868163150999999911e-01,-8.454248920000000111e-02
-4.813806329999999883e-02,-4.835986739999999923e-02,8.181271731000000491e-01,7.211174035999999843e-01,-5.594752990000000092e-02,5.326138700000000031e-03,-6.905296491000000314e-01,1.014562603999999979e-01,1.696188238999999931e-01,3.935679999999999734e-02,1.218527395000000013e-01,7.413446249999999793e-02,-6.628327509999999700e-02,1.374897468999999872e-01,3.574454650000000178e-02,-1.833230771999999897e-01,1.328624864000000072e-01,7.023912549999999921e-02,-8.173400299999999605e-03,1.387387056999999924e-01,-5.152204999999999979e-03,-1.343235926000000136e-01,-4.076946671000000189e-01,2.401576809000000035e-01,-5.056468561000000417e-01,1.175094579500000069e+00,-3.594968378999999770e-01,1.446277779000000041e-01,1.328428388000000016e-01,-1.541650505900000079e+00,-7.524270510999999662e-01,7.457629208999999593e-01,1.099563055399999989e+00,1.673169341999999893e-01,1.854185281000000074e-01,-9.025394439999999407e-02
-4.857363940000000019e-02,-4.922181569999999756e-02,8.181191461000000276e-01,7.211744203000000075e-01,-5.545713590000000276e-02,5.770988999999999806e-03,-6.905060876999999930e-01,1.012577917000000022e-01,1.703212856999999913e-01,3.962387850000000100e-02,1.217690104000000023e-01,7.383011459999999637e-02,-6.697072980000000342e-02,1.372962456000000053e-01,3.643707250000000064e-02,-1.829724765000000086e-01,1.329638763999999862e-01,6.986846550000000433e-02,-8.592531800000000747e-03,1.399922329999999937e-01,-6.097302100000000225e-03,-1.364809107999999938e-01,-3.850086896000000092e-01,2.432577325999999984e-01,-5.031527927000000178e-01,1.215387499900000057e+00,-3.652546873999999999e-01,1.472133466999999973e-01,1.232609209999999955e-01,-1.578745815700000055e+00,-7.626943122999999547e-01,7.560910694000000376e-01,1.094024637199999983e+00,1.720154285000000116e-01,1.841483601999999997e-01,-9.649795310000000570e-02
-4.872042530000000177e-02,-5.001602370000000214e-02,8.181258296000000207e-01,7.212577945000000490e-01,-5.492769959999999757e-02,6.243213699999999866e-03,-6.904572137000000165e-01,1.007831025999999935e-01,1.708188619000000075e-01,4.151543149999999821e-02,1.217008011000000056e-01,7.346199170000000667e-02,-6.709935509999999381e-02,1.365461025999999967e-01,3.688757119999999667e-02,-1.817217329999999964e-01,1.329427206000000083e-01,6.960009529999999778e-02,-8.700641900000000151e-03,1.391184990999999871e-01,-7.429908300000000361e-03,-1.380742144000000060e-01,-3.657634436000000155e-01,2.423908361000000067e-01,-5.069692754000000301e-01,1.242736548199999902e+00,-3.679943411000000109e-01,1.484562222999999959e-01,1.167937057999999945e-01,-1.610829634099999907e+00,-7.727670099000000237e-01,7.667008560000000417e-01,1.089364983400000098e+00,1.773669220999999907e-01,1.827977191000000057e-01,-1.011410766999999988e-01
-4.885983609999999810e-02,-5.082569730000000008e-02,8.181286475000000280e-01,7.212573083000000107e-01,-5.437451630000000175e-02,6.818898900000000193e-03,-6.904960607000000250e-01,1.004194577000000060e-01,1.711464648999999894e-01,4.233634359999999958e-02,1.215183452000000025e-01,7.294496429999999809e-02,-6.727653329999999654e-02,1.359409515999999984e-01,3.722775849999999942e-02,-1.807195223999999989e-01,1.328866049999999910e-01,6.939216630000000219e-02,-8.785270200000000473e-03,1.390587877999999999e-01,-8.800429000000000238e-03,-1.399924114999999969e-01,-3.456170417000000161e-01,2.417118580000000017e-01,-5.115973609999999727e-01,1.267993345799999894e+00,-3.708015852000000057e-01,1.508829553999999906e-01,1.116391184999999953e-01,-1.642813771499999964e+00,-7.829185889999999981e-01,7.776651971000000385e-01,1.084452381900000040e+00,1.827022674000000069e-01,1.813408432999999986e-01,-1.057304919000000010e-01
-4.890921389999999813e-02,-5.164469700000000330e-02,8.181316585000000252e-01,7.212550637000000320e-01,-5.380863739999999784e-02,7.405162800000000128e-03,-6.905366951000000419e-01,1.000341346999999992e-01,1.714702251000000122e-01,4.316678000000000182e-02,1.213276731999999997e-01,7.242018359999999322e-02,-6.745091820000000127e-02,1.353180368999999938e-01,3.756809469999999873e-02,-1.797117843000000104e-01,1.328060677000000023e-01,6.918801659999999909e-02,-8.866672500000000526e-03,1.390963963000000081e-01,-1.020840779999999948e-02,-1.420142014999999924e-01,-3.252113570999999870e-01,2.413327137999999872e-01,-5.166003808000000364e-01,1.292683119899999955e+00,-3.736699562999999946e-01,1.537178214999999903e-01,1.067616853000000060e-01,-1.674946699900000002e+00,-7.926648040999999534e-01,7.890750908000000452e-01,1.079430126799999945e+00,1.880192945999999976e-01,1.798598812999999963e-01,-1.103509540000000011e-01
-4.910688469999999889e-02,-5.198556149999999931e-02,8.181323198000000074e-01,7.207083309999999798e-01,-5.342092350000000184e-02,7.866041000000000699e-03,-6.911322826000000363e-01,9.928813590000000466e-02,1.719541230999999948e-01,4.511339689999999819e-02,1.212943600999999982e-01,7.222957259999999990e-02,-6.772564779999999673e-02,1.340309258999999864e-01,3.794211060000000219e-02,-1.788042062999999904e-01,1.330059554999999949e-01,6.957607009999999814e-02,-8.541729200000000577e-03,1.388338574000000103e-01,-9.367649999999999935e-03,-1.425646741000000106e-01,-3.041705518999999747e-01,2.440938085000000091e-01,-5.143076385000000528e-01,1.307618381199999957e+00,-3.770065982999999954e-01,1.546034477999999879e-01,1.048574223999999971e-01,-1.702965909200000016e+00,-8.007310345999999468e-01,7.965989570000000519e-01,1.071282068799999987e+00,1.943110057999999918e-01,1.775429410999999902e-01,-1.156601780999999968e-01
-4.930341840000000003e-02,-5.225302679999999783e-02,8.181348746000000061e-01,7.202163745999999866e-01,-5.301109100000000324e-02,8.340149399999999963e-03,-6.916709044000000084e-01,9.877654869999999421e-02,1.725342286000000058e-01,4.669929099999999694e-02,1.212093669999999984e-01,7.202827069999999388e-02,-6.801090059999999327e-02,1.326782099999999909e-01,3.840183080000000165e-02,-1.775668505999999924e-01,1.331521703000000112e-01,6.990950540000000213e-02,-7.889686999999999395e-03,1.378451216999999895e-01,-8.679715500000000777e-03,-1.431941143999999888e-01,-2.820216889000000116e-01,2.475317324000000097e-01,-5.112758576999999471e-01,1.321013964100000049e+00,-3.801788531999999998e-01,1.559882219000000014e-01,1.036861523999999951e-01,-1.730617728199999927e+00,-8.078955969000000126e-01,8.036962118999999571e-01,1.062349642200000055e+00,2.004094394000000001e-01,1.753928641999999982e-01,-1.213054281000000012e-01
-4.950644919999999671e-02,-5.253314569999999878e-02,8.181373334000000552e-01,7.197337257999999460e-01,-5.258981199999999967e-02,8.818962799999999908e-03,-6.921993221000000140e-01,9.826404980000000289e-02,1.731108909000000085e-01,4.826253979999999694e-02,1.211026025000000034e-01,7.183000609999999619e-02,-6.830880089999999405e-02,1.313334143999999870e-01,3.886002470000000236e-02,-1.763557993000000046e-01,1.332814941999999891e-01,7.023540940000000399e-02,-7.241962799999999631e-03,1.366111066000000041e-01,-8.047866500000000478e-03,-1.438989846000000017e-01,-2.594814842000000010e-01,2.512302784000000067e-01,-5.080689411000000044e-01,1.333926982399999961e+00,-3.833306644000000207e-01,1.576010297999999865e-01,1.026811187999999986e-01,-1.758237213799999976e+00,-8.144711349000000045e-01,8.108551569999999931e-01,1.053217479199999973e+00,2.064043069000000008e-01,1.733036840000000134e-01,-1.270888598000000091e-01
-4.949714959999999830e-02,-5.266820440000000159e-02,8.181568874000000324e-01,7.193104102999999805e-01,-5.247721920000000123e-02,9.138559900000000832e-03,-6.926436038000000073e-01,9.806376999999999455e-02,1.737659336000000054e-01,5.049165779999999909e-02,1.210520868000000000e-01,7.146885020000000310e-02,-6.827798540000000471e-02,1.306350534999999868e-01,3.960206119999999663e-02,-1.737090666999999977e-01,1.331259180000000097e-01,6.976638359999999539e-02,-9.355906199999999839e-03,1.333389928000000002e-01,-8.052292600000000161e-03,-1.448031908999999895e-01,-2.362859015000000062e-01,2.528724319999999803e-01,-5.114298192999999770e-01,1.346476042599999978e+00,-3.839288116999999834e-01,1.613820411999999926e-01,9.691160990000000086e-02,-1.782228962900000102e+00,-8.240965167999999563e-01,8.228247767999999907e-01,1.048019092100000105e+00,2.097942973999999960e-01,1.718609305000000087e-01,-1.312823736000000019e-01
-4.940648920000000055e-02,-5.291610160000000118e-02,8.181603334000000505e-01,7.188611388000000213e-01,-5.231471320000000147e-02,9.471033999999999703e-03,-6.931176908999999720e-01,9.803403019999999690e-02,1.742535635000000138e-01,5.250864489999999829e-02,1.209832344000000004e-01,7.105927150000000692e-02,-6.824599110000000024e-02,1.299867235999999926e-01,4.009302249999999873e-02,-1.717915574999999972e-01,1.329803505000000108e-01,7.021795290000000522e-02,-9.280026199999999448e-03,1.308677953999999866e-01,-8.247855000000000117e-03,-1.459380070000000085e-01,-2.131136998000000005e-01,2.545415829000000074e-01,-5.155607157999999579e-01,1.358750779500000005e+00,-3.843737657999999890e-01,1.655146321000000031e-01,9.079381540000000528e-02,-1.806306550299999980e+00,-8.339828898000000157e-01,8.353892361000000433e-01,1.043080304999999930e+00,2.130765078000000090e-01,1.701492638000000057e-01,-1.352443479999999865e-01
-4.939934270000000127e-02,-5.316649229999999976e-02,8.181645618999999758e-01,7.184082191999999756e-01,-5.214351720000000301e-02,9.805366899999999261e-03,-6.935953713000000409e-01,9.800693480000000068e-02,1.747265177000000003e-01,5.454027470000000211e-02,1.208960746999999947e-01,7.065979099999999957e-02,-6.820854810000000212e-02,1.293450847000000015e-01,4.057387359999999749e-02,-1.698546995000000115e-01,1.327928262999999998e-01,7.069328260000000419e-02,-9.194553399999999543e-03,1.285629742999999936e-01,-8.485382099999999247e-03,-1.471096339999999891e-01,-1.899782537999999965e-01,2.563086725000000010e-01,-5.198746041999999790e-01,1.370996101400000056e+00,-3.847987834000000107e-01,1.697193858000000111e-01,8.465308670000000479e-02,-1.830635049999999930e+00,-8.436815290000000411e-01,8.483588502000000142e-01,1.038151619299999995e+00,2.163461217000000048e-01,1.683462166999999954e-01,-1.391726309000000106e-01
-4.964294860000000031e-02,-5.342869210000000119e-02,8.182547756000000394e-01,7.177933941999999901e-01,-5.206733530000000332e-02,1.005950830000000053e-02,-6.942337085999999990e-01,9.828995890000000180e-02,1.756120605000000001e-01,5.620501609999999787e-02,1.208948922000000065e-01,7.117409669999999466e-02,-6.819180839999999799e-02,1.287960019999999928e-01,4.122353389999999784e-02,-1.687386955000000077e-01,1.328457031999999982e-01,7.080765299999999818e-02,-9.352239999999999512e-03,1.252610631999999946e-01,-8.887780700000000311e-03,-1.477141821000000077e-01,-1.679647002999999916e-01,2.554888623000000081e-01,-5.253337064999999972e-01,1.375180542600000111e+00,-3.829824425000000199e-01,1.719868700999999944e-01,7.790660789999999392e-02,-1.853684744399999973e+00,-8.529526363999999639e-01,8.618495324999999596e-01,1.031318112799999964e+00,2.197397784000000021e-01,1.660920750000000057e-01,-1.416962316000000000e-01
-4.986672219999999794e-02,-5.370751199999999892e-02,8.183392917999999794e-01,7.172077153000000482e-01,-5.196120709999999671e-02,1.031051719999999915e-02,-6.948430177000000096e-01,9.865840010000000160e-02,1.764017498000000073e-01,5.799350300000000180e-02,1.208280501999999951e-01,7.153166889999999778e-02,-6.808641399999999788e-02,1.282981826000000047e-01,4.198031449999999748e-02,-1.668473356000000074e-01,1.329030689000000043e-01,7.144581969999999616e-02,-9.132100599999999971e-03,1.218915807000000018e-01,-9.224977900000000397e-03,-1.482387635000000092e-01,-1.452568714999999955e-01,2.547965407000000182e-01,-5.307203976000000045e-01,1.378078121299999959e+00,-3.809758565999999957e-01,1.747184454000000053e-01,7.174518489999999471e-02,-1.877017193899999992e+00,-8.619981702000000245e-01,8.757181316000000049e-01,1.024193352800000012e+00,2.231079676000000123e-01,1.639506333000000093e-01,-1.441778921000000102e-01
-5.008616350000000272e-02,-5.399481250000000288e-02,8.184236085999999633e-01,7.166153102000000219e-01,-5.185571130000000278e-02,1.056094490000000080e-02,-6.954580855999999978e-01,9.905077680000000384e-02,1.771900433999999969e-01,5.980843300000000112e-02,1.207554440999999978e-01,7.187364729999999591e-02,-6.797638799999999870e-02,1.278387283999999902e-01,4.274287189999999986e-02,-1.649306939999999888e-01,1.329066691999999938e-01,7.210578289999999835e-02,-8.908083799999999206e-03,1.184960966999999976e-01,-9.559268600000000310e-03,-1.487699973000000120e-01,-1.223005813999999969e-01,2.542268289999999875e-01,-5.360580298999999549e-01,1.380572918399999960e+00,-3.789517062000000158e-01,1.776456331000000055e-01,6.579464629999999536e-02,-1.900605062399999934e+00,-8.706547197999999765e-01,8.898878567000000350e-01,1.016995861699999892e+00,2.264635473000000121e-01,1.618426644000000025e-01,-1.466940079999999869e-01
-5.026386349999999864e-02,-5.413335169999999863e-02,8.184316715999999658e-01,7.159951669999999879e-01,-5.171898789999999912e-02,1.069470559999999987e-02,-6.961046547999999445e-01,9.928510340000000489e-02,1.778251251000000088e-01,6.197833020000000082e-02,1.206597977000000016e-01,7.208610410000000635e-02,-6.794317380000000628e-02,1.273039646999999941e-01,4.345347730000000130e-02,-1.626234769999999885e-01,1.326628430000000025e-01,7.221027750000000300e-02,-9.114863799999999364e-03,1.148399264000000003e-01,-1.038720230000000043e-02,-1.491573412999999959e-01,-1.004703455999999967e-01,2.535602873999999729e-01,-5.384670471000000402e-01,1.381590035899999958e+00,-3.767828748000000005e-01,1.804657622999999989e-01,6.056720530000000297e-02,-1.924292514300000034e+00,-8.804754249999999782e-01,9.070773569000000203e-01,1.015013083699999985e+00,2.277228300999999955e-01,1.605819424000000106e-01,-1.488599170999999888e-01
-5.042784949999999655e-02,-5.426295130000000078e-02,8.185209686000000096e-01,7.153365310000000532e-01,-5.160125780000000134e-02,1.087352909999999943e-02,-6.967874309999999571e-01,9.954228930000000308e-02,1.783982432000000007e-01,6.409310349999999823e-02,1.205899389999999932e-01,7.229314829999999859e-02,-6.788900409999999719e-02,1.267630062000000002e-01,4.413198029999999827e-02,-1.602149492000000119e-01,1.324829902999999920e-01,7.269946800000000320e-02,-9.099092600000000669e-03,1.111595538999999994e-01,-1.106334550000000021e-02,-1.493646911000000022e-01,-7.865113980000000560e-02,2.527434746000000176e-01,-5.407004477000000309e-01,1.382428245200000072e+00,-3.744852116999999869e-01,1.833940624000000019e-01,5.545868119999999846e-02,-1.949028588400000039e+00,-8.895119711000000207e-01,9.250566175000000113e-01,1.013810064300000091e+00,2.288815839999999990e-01,1.589876818000000025e-01,-1.507828086999999928e-01
-5.058592719999999848e-02,-5.438934969999999897e-02,8.185224733999999502e-01,7.146749490999999566e-01,-5.148948700000000045e-02,1.104905949999999970e-02,-6.974714819999999760e-01,9.980862960000000395e-02,1.789711626999999916e-01,6.621744590000000485e-02,1.205255434000000042e-01,7.250046300000000110e-02,-6.782480899999999979e-02,1.262424588999999930e-01,4.480966170000000304e-02,-1.577949066000000067e-01,1.322843548000000036e-01,7.320390649999999888e-02,-9.074661899999999365e-03,1.074491704000000020e-01,-1.163879469999999985e-02,-1.495061394999999960e-01,-5.681595479999999865e-02,2.518452217000000104e-01,-5.428495544000000450e-01,1.383196036700000020e+00,-3.721510539999999811e-01,1.863542770999999931e-01,5.038877430000000129e-02,-1.974390195400000048e+00,-8.979469354000000347e-01,9.436042208999999570e-01,1.012879460099999962e+00,2.300473198999999913e-01,1.572695899000000064e-01,-1.526411431999999957e-01
-5.060665699999999934e-02,-5.433833400000000202e-02,8.185240678999999853e-01,7.145275998000000239e-01,-5.164455469999999770e-02,1.102476280000000072e-02,-6.976113556999999910e-01,1.001727899000000033e-01,1.795912218999999865e-01,6.779899329999999891e-02,1.205396836000000027e-01,7.251376340000000031e-02,-6.755017530000000103e-02,1.263496583000000006e-01,4.495371279999999664e-02,-1.575139948000000012e-01,1.321619448999999946e-01,7.326827569999999623e-02,-9.169837499999999864e-03,1.039971145999999957e-01,-1.249450250000000082e-02,-1.496814465999999899e-01,-3.852533090000000160e-02,2.509588486000000063e-01,-5.458405605999999688e-01,1.382117920800000066e+00,-3.694550144000000036e-01,1.882854344000000069e-01,4.638015219999999661e-02,-1.996827419399999970e+00,-9.068206470999999880e-01,9.609621016999999599e-01,1.016174674399999978e+00,2.306475832000000059e-01,1.560217439999999900e-01,-1.543293272000000049e-01
-5.056309459999999700e-02,-5.420855410000000041e-02,8.186047653000000368e-01,7.143675386000000183e-01,-5.183307530000000329e-02,1.095361580000000015e-02,-6.977624024999999897e-01,1.005281471000000065e-01,1.799251860999999952e-01,6.896991389999999889e-02,1.205150128000000015e-01,7.254544370000000353e-02,-6.726025809999999772e-02,1.265958289999999931e-01,4.524193039999999805e-02,-1.567011336999999949e-01,1.320594174999999981e-01,7.373297970000000645e-02,-9.250539800000000604e-03,1.006141512999999960e-01,-1.365182480000000018e-02,-1.497492059999999958e-01,-2.039359110000000044e-02,2.502094937000000074e-01,-5.490509001000000167e-01,1.381275330700000081e+00,-3.668290087000000144e-01,1.901731883999999984e-01,4.246257719999999708e-02,-2.019324539599999913e+00,-9.155428988999999573e-01,9.783145045000000151e-01,1.019682756099999921e+00,2.310238550000000002e-01,1.544545060999999997e-01,-1.559187019999999924e-01
-5.060961080000000306e-02,-5.416689780000000232e-02,8.185977170999999553e-01,7.142080310999999737e-01,-5.202741699999999941e-02,1.087574160000000061e-02,-6.979124260000000302e-01,1.009140515999999987e-01,1.802585975999999868e-01,7.014517350000000484e-02,1.204709721000000039e-01,7.258347510000000280e-02,-6.696993230000000685e-02,1.268807764000000060e-01,4.553649330000000134e-02,-1.558893033000000039e-01,1.319201866999999972e-01,7.421351610000000154e-02,-9.331496200000000824e-03,9.724428120000000453e-02,-1.485989660000000025e-02,-1.498055424999999996e-01,-2.293185699999999907e-03,2.495050806000000121e-01,-5.522980080999999597e-01,1.380486238900000107e+00,-3.642195148999999854e-01,1.920365401999999944e-01,3.854351350000000120e-02,-2.042082379100000011e+00,-9.239727011999999684e-01,9.959201101000000333e-01,1.023208684399999902e+00,2.313376108000000098e-01,1.528088700999999938e-01,-1.575014680000000056e-01
-5.076705439999999736e-02,-5.402756680000000283e-02,8.185816250999999877e-01,7.142680790000000002e-01,-5.223888079999999823e-02,1.082949079999999918e-02,-6.978358923999999908e-01,1.012565155000000050e-01,1.807291819000000077e-01,6.946124709999999813e-02,1.204496049000000069e-01,7.264557430000000149e-02,-6.697950549999999448e-02,1.272897659999999986e-01,4.614583270000000015e-02,-1.559564203000000093e-01,1.316829562999999870e-01,7.369936600000000226e-02,-9.324173800000000109e-03,9.640168200000000243e-02,-1.371985679999999930e-02,-1.496166448000000038e-01,1.015526440000000079e-02,2.475847291000000117e-01,-5.553915632000000491e-01,1.379408747400000079e+00,-3.614546379999999948e-01,1.943539022000000116e-01,3.501747809999999905e-02,-2.059692112200000036e+00,-9.325945931000000355e-01,1.004487733900000013e+00,1.023037791899999993e+00,2.353353083999999984e-01,1.497588772000000013e-01,-1.627789467999999906e-01
-5.089336349999999676e-02,-5.386896869999999865e-02,8.185688415999999856e-01,7.143649152000000058e-01,-5.248401330000000004e-02,1.068873950000000066e-02,-6.977205365999999964e-01,1.015076198000000041e-01,1.811365644000000052e-01,6.933583549999999818e-02,1.204985175999999936e-01,7.284905810000000259e-02,-6.669143650000000645e-02,1.278720399000000119e-01,4.653819239999999746e-02,-1.565577653000000125e-01,1.314892508000000126e-01,7.393906270000000225e-02,-9.459963899999999926e-03,9.537173170000000366e-02,-1.336948399999999919e-02,-1.494814312999999950e-01,2.215096990000000113e-02,2.460435511999999880e-01,-5.584570287000000244e-01,1.379204621399999997e+00,-3.586785927000000207e-01,1.966327656999999896e-01,3.137309960000000258e-02,-2.075717747400000146e+00,-9.418858877000000351e-01,1.011721850500000075e+00,1.021504602600000089e+00,2.391990233000000077e-01,1.468000128999999987e-01,-1.688592751999999919e-01
-5.112114160000000296e-02,-5.380042639999999682e-02,8.185570247000000244e-01,7.144677380999999716e-01,-5.272124990000000289e-02,1.054168660000000084e-02,-6.975995942999999588e-01,1.017734222000000049e-01,1.815370748000000034e-01,6.919458990000000587e-02,1.205157572999999982e-01,7.307080119999999346e-02,-6.642091329999999516e-02,1.284788353999999910e-01,4.693367090000000186e-02,-1.571798886999999922e-01,1.312582511000000007e-01,7.418512160000000077e-02,-9.613762700000000327e-03,9.427425729999999726e-02,-1.328272919999999926e-02,-1.494462029999999997e-01,3.410029249999999706e-02,2.447003177000000029e-01,-5.615401693999999555e-01,1.379228552600000102e+00,-3.558829574999999856e-01,1.988341754999999877e-01,2.764499969999999890e-02,-2.091298335599999891e+00,-9.513404473000000028e-01,1.018606332500000100e+00,1.019456085100000076e+00,2.429134977000000084e-01,1.439542782000000076e-01,-1.751452498999999940e-01
-5.140675060000000213e-02,-5.388583389999999917e-02,8.185617027999999573e-01,7.145394865999999956e-01,-5.279947079999999793e-02,1.047935120000000053e-02,-6.975211260000000468e-01,1.021734806000000051e-01,1.820609689999999892e-01,6.906571749999999843e-02,1.204620658000000039e-01,7.296317389999999736e-02,-6.668430779999999503e-02,1.288339085999999911e-01,4.758716059999999748e-02,-1.557820172000000114e-01,1.313059134000000017e-01,7.382027780000000039e-02,-9.575115999999999836e-03,9.386025230000000219e-02,-1.272388630000000076e-02,-1.491054642999999902e-01,4.194854869999999764e-02,2.445938723999999953e-01,-5.649871099000000063e-01,1.377187207299999994e+00,-3.524446003000000216e-01,1.998805616000000063e-01,2.507662429999999928e-02,-2.104156945799999789e+00,-9.566778933999999790e-01,1.025394928699999930e+00,1.023320782699999931e+00,2.446645272000000093e-01,1.430444536999999905e-01,-1.800981557000000122e-01
-5.170274229999999999e-02,-5.396357229999999838e-02,8.185542940000000156e-01,7.145281415999999997e-01,-5.291967820000000045e-02,1.038862039999999959e-02,-6.975249953000000058e-01,1.025584441000000069e-01,1.826010429000000101e-01,6.923110870000000194e-02,1.204507566999999946e-01,7.305680790000000646e-02,-6.671133129999999578e-02,1.292952906000000013e-01,4.820020070000000101e-02,-1.552906605000000106e-01,1.312693025999999985e-01,7.366035059999999357e-02,-9.729718800000000320e-03,9.339419629999999584e-02,-1.214801450000000012e-02,-1.488520566000000045e-01,4.973379239999999729e-02,2.444864471000000039e-01,-5.682869991000000232e-01,1.375380740800000057e+00,-3.489895290999999733e-01,2.008355833000000090e-01,2.247318499999999969e-02,-2.117237019100000062e+00,-9.614204386000000380e-01,1.032085960100000088e+00,1.027821491699999923e+00,2.460207315999999866e-01,1.419244725999999901e-01,-1.849081867000000046e-01
-5.208671649999999792e-02,-5.404038910000000251e-02,8.185471721000000533e-01,7.145208263000000226e-01,-5.303886430000000207e-02,1.029879860000000071e-02,-6.975247682999999865e-01,1.029441177000000041e-01,1.831433121999999913e-01,6.938466090000000586e-02,1.204274639999999980e-01,7.315938610000000120e-02,-6.673862170000000038e-02,1.297649915000000098e-01,4.881442359999999675e-02,-1.548111789000000127e-01,1.312139298999999981e-01,7.350669079999999633e-02,-9.886199700000000701e-03,9.285927730000000102e-02,-1.153589569999999981e-02,-1.485977616999999973e-01,5.751108850000000161e-02,2.443495937000000062e-01,-5.715134944999999966e-01,1.373635911800000109e+00,-3.455206237999999819e-01,2.017456591000000021e-01,1.984126979999999846e-02,-2.130488548000000204e+00,-9.659288407999999659e-01,1.038892984799999919e+00,1.032494127699999931e+00,2.473117629000000095e-01,1.407028887000000006e-01,-1.896701083000000010e-01
-5.203935739999999976e-02,-5.388953540000000070e-02,8.185378641999999649e-01,7.150550760999999644e-01,-5.317014679999999827e-02,1.013437439999999995e-02,-6.969694886999999728e-01,1.029041812000000000e-01,1.830933013999999914e-01,6.854372540000000513e-02,1.205019645000000028e-01,7.319955729999999550e-02,-6.641972299999999996e-02,1.303465005999999982e-01,4.860618989999999917e-02,-1.562663276000000045e-01,1.310823291999999862e-01,7.352835959999999560e-02,-9.764208499999999652e-03,9.216886750000000128e-02,-1.110524159999999941e-02,-1.476779401999999963e-01,6.122683749999999897e-02,2.412967383000000077e-01,-5.759035205000000435e-01,1.371190854399999992e+00,-3.427877906999999835e-01,2.021728579000000026e-01,1.833339349999999965e-02,-2.138159190800000165e+00,-9.727561878999999578e-01,1.041164618500000083e+00,1.027719011000000071e+00,2.521920756000000097e-01,1.371660080999999864e-01,-1.960941167999999957e-01
-5.192608609999999764e-02,-5.373888529999999719e-02,8.185309304000000230e-01,7.155175829000000043e-01,-5.333547649999999946e-02,9.942404599999999509e-03,-6.964847910000000475e-01,1.028213042000000049e-01,1.828856641999999921e-01,6.758788709999999367e-02,1.205616746000000017e-01,7.326712220000000664e-02,-6.610503780000000218e-02,1.309876893999999958e-01,4.836934479999999842e-02,-1.575994438999999969e-01,1.309314477999999893e-01,7.351969540000000136e-02,-9.677884700000000118e-03,9.136251330000000337e-02,-1.102910829999999981e-02,-1.468192751000000074e-01,6.476415759999999688e-02,2.386103393000000017e-01,-5.804509812000000490e-01,1.369114911600000095e+00,-3.402442046999999969e-01,2.026641834000000031e-01,1.707174980000000092e-02,-2.143976953500000171e+00,-9.808715192000000416e-01,1.042027404399999968e+00,1.020882719300000074e+00,2.570991879999999785e-01,1.341361835999999863e-01,-2.032937864999999900e-01
-5.191355880000000228e-02,-5.359283980000000003e-02,8.185248625000000056e-01,7.159813189999999494e-01,-5.349203219999999759e-02,9.748030799999999815e-03,-6.959987997000000037e-01,1.027453148999999955e-01,1.826779681000000044e-01,6.662393980000000382e-02,1.206021708999999997e-01,7.334585529999999853e-02,-6.580521829999999572e-02,1.316298485000000074e-01,4.813630480000000156e-02,-1.589388862999999985e-01,1.307740253999999935e-01,7.350709730000000441e-02,-9.609883499999999357e-03,9.051613129999999674e-02,-1.120631499999999968e-02,-1.460831257999999910e-01,6.834812789999999971e-02,2.361455880999999979e-01,-5.850440984000000455e-01,1.367129432200000050e+00,-3.377408720999999781e-01,2.031460543999999979e-01,1.581664259999999989e-02,-2.149094885299999813e+00,-9.893565141000000285e-01,1.042329033999999988e+00,1.013360627900000033e+00,2.618560991000000171e-01,1.313285651999999970e-01,-2.107435893000000060e-01
-5.224613649999999831e-02,-5.352084509999999878e-02,8.185123173999999668e-01,7.162914325000000471e-01,-5.347821829999999804e-02,9.624909200000000137e-03,-6.956824167999999808e-01,1.027191169000000043e-01,1.825760567999999973e-01,6.539717000000000446e-02,1.205766278000000025e-01,7.360035989999999528e-02,-6.552018749999999336e-02,1.321458206999999996e-01,4.826474439999999672e-02,-1.594907362999999911e-01,1.306788144000000096e-01,7.310924030000000295e-02,-9.509515499999999372e-03,8.939596099999999601e-02,-1.017838090000000063e-02,-1.452765403000000066e-01,7.073041859999999736e-02,2.356659059000000001e-01,-5.904236457000000549e-01,1.364131607200000040e+00,-3.341419341999999904e-01,2.033919791000000088e-01,1.494019260000000078e-02,-2.153851535699999875e+00,-9.957284256999999750e-01,1.043830374299999919e+00,1.002453949700000013e+00,2.640896890000000163e-01,1.285017229000000039e-01,-2.187115621999999870e-01
-5.256743120000000047e-02,-5.352704789999999935e-02,8.185013951999999815e-01,7.166132950000000390e-01,-5.347378359999999803e-02,9.492007000000000222e-03,-6.953530338000000199e-01,1.026908348999999998e-01,1.826225609000000083e-01,6.464379829999999938e-02,1.205671678999999941e-01,7.383793080000000675e-02,-6.516582040000000464e-02,1.325747063000000114e-01,4.838777970000000123e-02,-1.600242684000000026e-01,1.305988385999999890e-01,7.271724100000000190e-02,-9.394549699999999240e-03,8.815752910000000664e-02,-9.151115300000000133e-03,-1.443786457000000023e-01,7.299086579999999880e-02,2.351180491000000039e-01,-5.957647703999999766e-01,1.361235123199999952e+00,-3.304596181000000188e-01,2.036473410000000095e-01,1.385795320000000018e-02,-2.158423550799999813e+00,-1.002152061200000110e+00,1.045229363500000064e+00,9.911109992000000091e-01,2.660008079000000247e-01,1.260292178000000096e-01,-2.268658038999999960e-01
-5.280068439999999891e-02,-5.352725120000000059e-02,8.184910975000000422e-01,7.169312652999999536e-01,-5.347422880000000239e-02,9.356249000000000510e-03,-6.950269983000000318e-01,1.026685014999999951e-01,1.826760550000000038e-01,6.389943400000000495e-02,1.205574831000000013e-01,7.408049699999999516e-02,-6.481454709999999453e-02,1.330012211000000111e-01,4.851230959999999759e-02,-1.605467825000000126e-01,1.305314613999999929e-01,7.232990649999999910e-02,-9.279052799999999712e-03,8.691194539999999580e-02,-8.130744400000000649e-03,-1.434737946000000097e-01,7.513459059999999523e-02,2.345857276999999963e-01,-6.010746578000000229e-01,1.357965309199999915e+00,-3.267833157000000210e-01,2.044768579000000031e-01,1.283133470000000047e-02,-2.162765476800000197e+00,-1.008452470800000000e+00,1.046584104799999970e+00,9.792734118999999460e-01,2.678587088000000116e-01,1.240323688000000008e-01,-2.355074109999999998e-01
-5.255599650000000039e-02,-5.287418879999999932e-02,8.184099213000000095e-01,7.172929818000000068e-01,-5.370945619999999837e-02,9.076141299999999912e-03,-6.946392561999999993e-01,1.023627270000000006e-01,1.821997552000000076e-01,6.260887760000000135e-02,1.207119571999999974e-01,7.388728610000000474e-02,-6.443798030000000288e-02,1.331502837000000106e-01,4.806960689999999897e-02,-1.608800695000000003e-01,1.305640406999999947e-01,7.197881849999999970e-02,-9.167384199999999844e-03,8.709527179999999869e-02,-5.468382499999999667e-03,-1.412072137000000005e-01,7.525012179999999995e-02,2.337148789999999865e-01,-6.058355203999999938e-01,1.354947089099999946e+00,-3.236009482000000159e-01,2.045353668000000069e-01,1.239003749999999932e-02,-2.152541102999999900e+00,-1.012389157000000095e+00,1.042506275899999890e+00,9.748839324000000417e-01,2.708787009999999995e-01,1.246518021000000004e-01,-2.363609006000000068e-01
-5.236011980000000038e-02,-5.227296380000000242e-02,8.183255053000000334e-01,7.176789812999999629e-01,-5.391119049999999746e-02,8.866595600000000757e-03,-6.942275181000000517e-01,1.021256185999999955e-01,1.817790817000000114e-01,6.213450529999999666e-02,1.208246448000000056e-01,7.364592679999999725e-02,-6.405014059999999954e-02,1.332878647999999888e-01,4.758346759999999842e-02,-1.615078541999999950e-01,1.305225456999999922e-01,7.158006960000000418e-02,-9.131835399999999742e-03,8.637116779999999550e-02,-3.386471600000000044e-03,-1.395863750000000125e-01,7.594818779999999714e-02,2.333864223999999876e-01,-6.101834567999999681e-01,1.352348429899999926e+00,-3.205753603000000007e-01,2.043863119000000061e-01,1.173504390000000043e-02,-2.139661043399999851e+00,-1.016388401299999966e+00,1.035688860800000111e+00,9.700350204000000032e-01,2.731382137999999737e-01,1.249650962999999948e-01,-2.370049677000000132e-01
-5.218699710000000019e-02,-5.169346889999999750e-02,8.182412408000000470e-01,7.180727788999999861e-01,-5.407505480000000114e-02,8.681737800000000407e-03,-6.938097722999999606e-01,1.018320303999999954e-01,1.813636651999999960e-01,6.163184430000000213e-02,1.208965892000000014e-01,7.341397310000000176e-02,-6.369468999999999825e-02,1.333676820999999957e-01,4.711081949999999796e-02,-1.621685512999999912e-01,1.304718484000000067e-01,7.115691320000000486e-02,-9.123302399999999937e-03,8.529355249999999444e-02,-1.600522799999999895e-03,-1.382704975999999863e-01,7.704526170000000618e-02,2.333695762999999923e-01,-6.142931163000000527e-01,1.350197753100000009e+00,-3.175210642999999888e-01,2.035772493000000127e-01,1.094825670000000063e-02,-2.125760941599999843e+00,-1.020497616499999927e+00,1.027617262199999937e+00,9.651849748999999923e-01,2.749954687999999758e-01,1.248355299000000057e-01,-2.373424594000000110e-01
-5.235192899999999844e-02,-5.136979099999999798e-02,8.182270734000000045e-01,7.178674726999999534e-01,-5.425846170000000329e-02,8.213503699999999408e-03,-6.940135801000000271e-01,1.014245327000000002e-01,1.810581196999999920e-01,6.164572849999999660e-02,1.208808313000000051e-01,7.333153189999999655e-02,-6.348124870000000641e-02,1.334338290000000038e-01,4.707125160000000252e-02,-1.617512335000000079e-01,1.305011028999999989e-01,7.083636209999999434e-02,-9.126803600000000377e-03,8.371270749999999705e-02,1.726542699999999986e-03,-1.375679666000000079e-01,7.293641250000000575e-02,2.346605955999999937e-01,-6.189808533999999751e-01,1.347451622799999971e+00,-3.148771039000000105e-01,2.041053234000000105e-01,1.138463640000000020e-02,-2.117999837100000171e+00,-1.021373149500000022e+00,1.014876129999999987e+00,9.357331046000000319e-01,2.751522974999999760e-01,1.197262003999999963e-01,-2.511765267000000135e-01
-5.237310089999999696e-02,-5.093343589999999727e-02,8.182162597000000037e-01,7.177726661000000119e-01,-5.448662969999999717e-02,7.950722599999999682e-03,-6.940968182000000208e-01,1.015940711999999968e-01,1.811762892999999874e-01,6.182424360000000202e-02,1.209881361999999988e-01,7.329484899999999525e-02,-6.325663650000000471e-02,1.335172394999999956e-01,4.713726879999999980e-02,-1.618079594999999871e-01,1.305336779999999863e-01,7.062078030000000506e-02,-9.120364599999999933e-03,8.198477079999999528e-02,5.010762700000000007e-03,-1.364307235999999979e-01,6.808246919999999536e-02,2.356053100000000122e-01,-6.234916373000000123e-01,1.345791198299999936e+00,-3.122634410999999832e-01,2.041863825000000132e-01,1.171240760000000040e-02,-2.108996781500000139e+00,-1.023165952000000045e+00,1.000968407800000071e+00,9.037525856000000468e-01,2.746780959999999827e-01,1.157877352999999998e-01,-2.665120335000000229e-01
-5.248900769999999966e-02,-5.039708510000000252e-02,8.181180944000000510e-01,7.176799314999999790e-01,-5.474625780000000330e-02,7.658124599999999865e-03,-6.941755658999999579e-01,1.018385373999999982e-01,1.813053629999999972e-01,6.199190110000000337e-02,1.210948017000000043e-01,7.326663880000000573e-02,-6.304176499999999961e-02,1.336905687999999925e-01,4.722060890000000233e-02,-1.618765675000000126e-01,1.305467187999999890e-01,7.041793600000000042e-02,-9.123716299999999266e-03,8.022571389999999525e-02,8.182552799999999460e-03,-1.352368109000000040e-01,6.308991980000000499e-02,2.365881971000000084e-01,-6.279864189999999624e-01,1.344430457699999915e+00,-3.096315219999999924e-01,2.041260863000000092e-01,1.195296979999999933e-02,-2.099197892999999926e+00,-1.025164552599999945e+00,9.863002195000000194e-01,8.709760318999999473e-01,2.736677100000000085e-01,1.123243575999999938e-01,-2.820884276999999773e-01
-5.248788540000000336e-02,-4.974646380000000145e-02,8.181118178999999824e-01,7.175614378000000348e-01,-5.512041389999999819e-02,7.116375500000000041e-03,-6.942742109999999744e-01,1.021064757999999989e-01,1.808240345000000082e-01,6.196316279999999899e-02,1.213761552000000021e-01,7.364735000000000031e-02,-6.207910640000000035e-02,1.338604337000000033e-01,4.690926200000000018e-02,-1.618790227999999942e-01,1.307352350000000052e-01,7.033917839999999366e-02,-8.670909299999999750e-03,7.908958089999999774e-02,1.284093709999999978e-02,-1.331735021000000074e-01,5.488058459999999722e-02,2.369674076999999934e-01,-6.336419249000000420e-01,1.342087894300000084e+00,-3.067383515000000060e-01,2.038845015000000094e-01,1.212726899999999955e-02,-2.077440839899999947e+00,-1.024884263099999915e+00,9.667754618999999661e-01,8.406470393999999624e-01,2.727486108000000131e-01,1.105873856999999988e-01,-2.933599849999999898e-01
-5.243305250000000056e-02,-4.913122389999999978e-02,8.181055648999999708e-01,7.174641194999999971e-01,-5.544287690000000018e-02,6.631937200000000143e-03,-6.943539025999999614e-01,1.024736299000000017e-01,1.803565991999999951e-01,6.193761049999999685e-02,1.215688015999999982e-01,7.403580120000000098e-02,-6.117037699999999800e-02,1.341057200000000116e-01,4.661986089999999722e-02,-1.618911338000000033e-01,1.308892769999999983e-01,7.022307730000000581e-02,-8.259478500000000389e-03,7.744471830000000667e-02,1.685058689999999887e-02,-1.316096649000000063e-01,4.707896660000000094e-02,2.378015528000000101e-01,-6.390086636999999792e-01,1.340104488699999985e+00,-3.038955601000000173e-01,2.035887621999999952e-01,1.227112770000000040e-02,-2.053087852200000007e+00,-1.024491302599999987e+00,9.447050181999999685e-01,8.092543098000000157e-01,2.708008821999999816e-01,1.089737880999999964e-01,-3.046539162999999939e-01
-5.239793310000000204e-02,-4.852810379999999979e-02,8.181002067000000544e-01,7.173739332999999885e-01,-5.574044410000000144e-02,6.159602000000000133e-03,-6.944276074999999881e-01,1.028098981999999995e-01,1.798925786999999998e-01,6.188733209999999763e-02,1.217234365999999984e-01,7.444200850000000369e-02,-6.028550130000000229e-02,1.343189367000000023e-01,4.633594540000000178e-02,-1.619300714999999946e-01,1.310338524000000116e-01,7.009390590000000310e-02,-7.873240199999999300e-03,7.551304159999999710e-02,2.056112360000000167e-02,-1.302891529000000104e-01,3.952675790000000078e-02,2.389167513000000076e-01,-6.442030667000000488e-01,1.338137714299999947e+00,-3.010473633999999898e-01,2.032542639999999901e-01,1.239615929999999915e-02,-2.027496665200000159e+00,-1.023780419299999966e+00,9.214001988000000143e-01,7.772745813000000448e-01,2.682027741999999937e-01,1.075133345000000018e-01,-3.160022459999999866e-01
-5.195929870000000339e-02,-4.777603350000000221e-02,8.181094653999999577e-01,7.173674199999999779e-01,-5.615800890000000045e-02,5.667398700000000379e-03,-6.944048844000000331e-01,1.030348465999999935e-01,1.794477328999999899e-01,6.251436890000000579e-02,1.218633789999999939e-01,7.443046720000000283e-02,-6.013958829999999783e-02,1.345687077000000120e-01,4.531818180000000279e-02,-1.613875107999999947e-01,1.311877019999999894e-01,7.029521319999999796e-02,-7.394935000000000050e-03,7.340804920000000566e-02,2.560724069999999880e-02,-1.300401535000000053e-01,1.355338300000000044e-02,2.466604344999999976e-01,-6.350880859999999961e-01,1.335341693199999957e+00,-3.014951942999999912e-01,2.029158423999999905e-01,1.482827670000000028e-02,-1.993220882299999941e+00,-1.026007058500000069e+00,8.980590445999999671e-01,7.355339157000000405e-01,2.653708397999999802e-01,1.043129175000000047e-01,-3.283788004000000038e-01
-5.156711600000000312e-02,-4.690631659999999759e-02,8.181155531999999564e-01,7.173441278000000088e-01,-5.666881659999999793e-02,5.082998000000000030e-03,-6.943919720000000240e-01,1.033756613999999990e-01,1.787518106000000051e-01,6.288599590000000517e-02,1.221898582999999955e-01,7.475804789999999922e-02,-5.964570579999999705e-02,1.348815936999999965e-01,4.463343560000000015e-02,-1.608775436000000059e-01,1.314517142000000138e-01,7.055808919999999318e-02,-7.040504099999999980e-03,7.079923209999999800e-02,2.981601929999999970e-02,-1.291458632999999967e-01,-1.409427710000000014e-02,2.548261321999999995e-01,-6.253930479000000542e-01,1.334896831200000022e+00,-3.016631496000000134e-01,2.021519005999999896e-01,1.655236100000000155e-02,-1.956334474800000001e+00,-1.028778519200000074e+00,8.718014129000000167e-01,6.912747189000000292e-01,2.617129713999999940e-01,1.018822826999999931e-01,-3.412954174999999757e-01
-5.110892260000000215e-02,-4.602083349999999684e-02,8.181218221999999596e-01,7.173316843000000498e-01,-5.720620330000000114e-02,4.456591299999999867e-03,-6.943650651999999646e-01,1.038047433999999963e-01,1.780564081000000076e-01,6.321571080000000509e-02,1.224949560000000021e-01,7.511618520000000465e-02,-5.917570629999999859e-02,1.352767205000000028e-01,4.395049890000000264e-02,-1.604064278000000010e-01,1.317476515999999875e-01,7.080167140000000192e-02,-6.712485800000000079e-03,6.800842179999999626e-02,3.367351770000000244e-02,-1.281767449000000003e-01,-4.192827810000000072e-02,2.634648801999999734e-01,-6.157415278000000214e-01,1.335120803699999970e+00,-3.017039301000000173e-01,2.010933847999999968e-01,1.800543480000000099e-02,-1.917958996999999943e+00,-1.031117789899999915e+00,8.440821075000000118e-01,6.460342955000000220e-01,2.572737865999999984e-01,9.990663669999999552e-02,-3.541983269000000267e-01
-5.076537899999999937e-02,-4.512860219999999950e-02,8.180364521999999861e-01,7.173713081000000491e-01,-5.775205299999999764e-02,3.718542799999999867e-03,-6.942832844999999864e-01,1.043568420999999996e-01,1.770932424999999977e-01,6.324146360000000577e-02,1.226705072000000007e-01,7.533065220000000062e-02,-5.878675719999999771e-02,1.359309854999999900e-01,4.299268550000000244e-02,-1.594011283000000001e-01,1.320784777000000021e-01,7.086167009999999600e-02,-6.234023800000000268e-03,6.617621599999999604e-02,3.699209889999999917e-02,-1.280932791999999931e-01,-8.055973110000000381e-02,2.702539843999999802e-01,-6.053596158999999810e-01,1.331452840799999926e+00,-2.999272225999999875e-01,1.997291854999999894e-01,2.180421100000000043e-02,-1.874886594299999931e+00,-1.031823818699999951e+00,8.122686327999999456e-01,6.305290419000000313e-01,2.543127385000000240e-01,1.032551812999999985e-01,-3.658335085000000153e-01
-5.044754089999999719e-02,-4.414077599999999962e-02,8.180298592000000424e-01,7.173846628000000170e-01,-5.827408559999999738e-02,2.935654399999999917e-03,-6.942296151000000304e-01,1.049392595000000067e-01,1.761970768999999992e-01,6.322660350000000595e-02,1.228518128999999959e-01,7.554782929999999397e-02,-5.843616869999999908e-02,1.365258222000000077e-01,4.209933479999999895e-02,-1.589964875000000055e-01,1.323672089000000052e-01,7.084604329999999450e-02,-5.826847700000000255e-03,6.427088320000000354e-02,4.005773039999999813e-02,-1.278268649000000035e-01,-1.195309179000000055e-01,2.775610785000000025e-01,-5.951008113000000321e-01,1.328320391299999903e+00,-2.980746412999999984e-01,1.985171732000000078e-01,2.562905199999999939e-02,-1.833064830799999934e+00,-1.030740801699999931e+00,7.810356386000000262e-01,6.181099689000000286e-01,2.514194305999999934e-01,1.046186454999999960e-01,-3.765135504000000077e-01
-5.012410070000000023e-02,-4.323625200000000279e-02,8.180206074000000438e-01,7.174023347000000328e-01,-5.880383780000000143e-02,2.145621999999999807e-03,-6.941695722999999818e-01,1.055332080000000033e-01,1.752913732999999974e-01,6.320163680000000228e-02,1.230434034999999954e-01,7.576480319999999435e-02,-5.807354170000000176e-02,1.371318626999999957e-01,4.119452469999999866e-02,-1.586111269000000101e-01,1.326814738000000049e-01,7.081664099999999962e-02,-5.412692999999999671e-03,6.229908759999999712e-02,4.320331709999999936e-02,-1.274522020999999949e-01,-1.584919425999999909e-01,2.852277615000000099e-01,-5.850322258000000275e-01,1.325274255899999920e+00,-2.961962951000000066e-01,1.972542566999999913e-01,2.940806820000000169e-02,-1.791950724699999942e+00,-1.028491450600000023e+00,7.504062140999999686e-01,6.065009835000000349e-01,2.485397428999999991e-01,1.053697797999999936e-01,-3.869021485999999954e-01
-5.011508709999999700e-02,-4.241263089999999791e-02,8.180235241000000102e-01,7.175530132999999866e-01,-5.937655590000000261e-02,1.383264599999999922e-03,-6.939669908000000165e-01,1.062521144000000001e-01,1.745712483999999898e-01,6.231676650000000234e-02,1.232609850000000035e-01,7.714026969999999983e-02,-5.666360339999999829e-02,1.379381242999999924e-01,4.070438789999999973e-02,-1.588919256999999918e-01,1.330175982000000034e-01,7.099838349999999798e-02,-5.060794999999999877e-03,6.133283230000000086e-02,4.605789660000000202e-02,-1.283515890999999964e-01,-1.999148108000000090e-01,2.910503795000000116e-01,-5.713584629000000303e-01,1.318922275200000049e+00,-2.967138071000000044e-01,1.950056223999999949e-01,3.650403840000000094e-02,-1.757547772599999947e+00,-1.018183570099999935e+00,7.205306749000000011e-01,5.889409879000000458e-01,2.470629310999999939e-01,1.046443098999999960e-01,-3.962046087000000161e-01
-5.014727790000000213e-02,-4.157213559999999725e-02,8.180215247000000023e-01,7.176736525000000366e-01,-5.988995290000000138e-02,5.672726999999999804e-04,-6.937992507000000364e-01,1.069062504999999941e-01,1.739458630999999866e-01,6.157761340000000166e-02,1.234126205999999948e-01,7.771838659999999455e-02,-5.626648480000000230e-02,1.387073340999999960e-01,4.016322149999999869e-02,-1.592137030999999925e-01,1.333035479999999939e-01,7.092649489999999779e-02,-4.652401300000000121e-03,5.977432650000000236e-02,4.923133100000000317e-02,-1.288826130999999875e-01,-2.410822957000000044e-01,2.969520480000000240e-01,-5.571822366999999998e-01,1.312252795800000094e+00,-2.974077399000000232e-01,1.928511464999999869e-01,4.422254059999999876e-02,-1.725036053099999966e+00,-1.006415922600000012e+00,6.921253795999999792e-01,5.713844725000000180e-01,2.454864588000000014e-01,1.043702229999999981e-01,-4.054834654999999732e-01
-5.017124430000000079e-02,-4.073556190000000160e-02,8.180163919999999811e-01,7.177948845999999605e-01,-6.041539270000000073e-02,-2.540522999999999935e-04,-6.936284446999999576e-01,1.075688731000000037e-01,1.733198306000000022e-01,6.082449689999999687e-02,1.236162759000000028e-01,7.825810249999999579e-02,-5.586148280000000077e-02,1.395057531999999989e-01,3.962326070000000283e-02,-1.595385641000000021e-01,1.336009840000000060e-01,7.083915009999999790e-02,-4.230263500000000336e-03,5.808156209999999764e-02,5.256468720000000150e-02,-1.292817256000000081e-01,-2.820697504999999938e-01,3.032400538000000201e-01,-5.430713244999999523e-01,1.305442068200000083e+00,-2.980856604000000076e-01,1.907129801999999930e-01,5.208324200000000181e-02,-1.693713150000000001e+00,-9.937796660000000060e-01,6.648108777000000247e-01,5.539536664999999971e-01,2.438707065000000063e-01,1.041876443000000069e-01,-4.147268219999999950e-01
-4.999491650000000009e-02,-4.016617160000000158e-02,8.180024589000000068e-01,7.180027695999999793e-01,-6.106257009999999791e-02,-1.101137299999999965e-03,-6.933557332999999989e-01,1.088902573999999956e-01,1.725805521999999870e-01,6.005205210000000293e-02,1.240384119000000063e-01,7.929889199999999583e-02,-5.500876939999999743e-02,1.411384414000000087e-01,3.883782150000000127e-02,-1.599642098000000068e-01,1.340471370000000106e-01,7.070989229999999348e-02,-3.790947600000000011e-03,5.695198120000000142e-02,5.766378839999999895e-02,-1.283374465999999881e-01,-3.196925097000000160e-01,3.188058140000000207e-01,-5.243671713999999984e-01,1.306825410999999937e+00,-3.012528468999999820e-01,1.902029809000000127e-01,6.028251779999999754e-02,-1.649727048299999943e+00,-9.836190469000000158e-01,6.431285224999999661e-01,5.460276925000000503e-01,2.411656510000000087e-01,1.059075723000000024e-01,-4.175070878000000096e-01
-4.995168090000000338e-02,-3.958213790000000148e-02,8.179869932000000121e-01,7.181961942000000265e-01,-6.170897990000000222e-02,-2.015657100000000160e-03,-6.930960724000000406e-01,1.103751537000000060e-01,1.719024429999999881e-01,5.942508459999999715e-02,1.243315177999999993e-01,7.980618790000000573e-02,-5.480374300000000198e-02,1.428206434000000025e-01,3.822166280000000027e-02,-1.603657400000000066e-01,1.343831954999999967e-01,7.051532509999999809e-02,-3.417896799999999968e-03,5.548271359999999708e-02,6.196191549999999909e-02,-1.277064485000000138e-01,-3.570416876999999989e-01,3.354012498999999758e-01,-5.063744170999999739e-01,1.308978977500000029e+00,-3.044577279999999830e-01,1.893871444000000126e-01,6.809503799999999663e-02,-1.604527211700000011e+00,-9.723137631999999586e-01,6.206588310999999747e-01,5.376685850000000322e-01,2.382091043000000019e-01,1.072951127000000004e-01,-4.202340708000000258e-01
-4.992926339999999991e-02,-3.911163420000000196e-02,8.179695493999999956e-01,7.183929920999999608e-01,-6.233645589999999709e-02,-2.919698699999999890e-03,-6.928327001999999846e-01,1.118584977000000036e-01,1.712398690999999973e-01,5.878713700000000320e-02,1.245993412000000050e-01,8.030107170000000405e-02,-5.463045529999999844e-02,1.445053628999999895e-01,3.762689699999999943e-02,-1.607853603000000131e-01,1.347024720999999980e-01,7.028633180000000424e-02,-3.069290200000000194e-03,5.391874700000000298e-02,6.596676279999999504e-02,-1.271876728000000123e-01,-3.940781406000000153e-01,3.527246967000000066e-01,-4.890051652999999887e-01,1.311604890099999920e+00,-3.076111034999999827e-01,1.880067095999999882e-01,7.568538060000000456e-02,-1.559395124899999985e+00,-9.602117332999999810e-01,5.981534980999999584e-01,5.292462897999999916e-01,2.349557557999999990e-01,1.083425316999999943e-01,-4.225032175999999806e-01
-4.940346419999999683e-02,-3.827381640000000057e-02,8.179693679999999745e-01,7.183273704999999509e-01,-6.316113969999999356e-02,-3.816042200000000027e-03,-6.928216920999999973e-01,1.133626783999999998e-01,1.705392793000000129e-01,5.909020699999999876e-02,1.248394990000000065e-01,8.054684589999999700e-02,-5.361961529999999948e-02,1.460242757000000113e-01,3.675677649999999769e-02,-1.606720919000000081e-01,1.349073452000000006e-01,7.064748149999999782e-02,-2.468996700000000016e-03,4.975786050000000071e-02,6.982989109999999944e-02,-1.269690535999999925e-01,-4.382797744999999967e-01,3.577241398000000072e-01,-4.842149620999999793e-01,1.305946920100000019e+00,-3.080151749999999744e-01,1.853988558999999925e-01,8.148005319999999940e-02,-1.512608171499999932e+00,-9.388281577999999516e-01,5.719031741000000224e-01,5.306699823999999621e-01,2.353849631000000109e-01,1.095714537000000016e-01,-4.257704229000000007e-01
-4.896665680000000104e-02,-3.747111270000000327e-02,8.179599467000000512e-01,7.182178259000000509e-01,-6.397318150000000370e-02,-4.681213800000000314e-03,-6.928554488000000511e-01,1.149287467000000007e-01,1.696870961999999983e-01,5.872737670000000021e-02,1.250423901000000115e-01,8.082370960000000160e-02,-5.264159969999999966e-02,1.474068127000000006e-01,3.598953390000000224e-02,-1.605340033000000055e-01,1.350470185000000045e-01,7.100713109999999550e-02,-1.880456900000000058e-03,4.625843319999999731e-02,7.353263020000000427e-02,-1.270082456000000137e-01,-4.823313927999999806e-01,3.625774657999999984e-01,-4.806276910999999763e-01,1.299481532499999981e+00,-3.087271729000000131e-01,1.835918246000000087e-01,8.798863930000000444e-02,-1.467049363799999950e+00,-9.168230711999999505e-01,5.472396773000000048e-01,5.329119095000000028e-01,2.357961001999999973e-01,1.099392138000000047e-01,-4.289670192999999743e-01
-4.852599500000000232e-02,-3.677470869999999864e-02,8.179492502999999859e-01,7.181022165999999540e-01,-6.476202409999999576e-02,-5.521784000000000067e-03,-6.928958050000000313e-01,1.164544024000000039e-01,1.688353139000000058e-01,5.838181159999999981e-02,1.252358755999999906e-01,8.108375760000000043e-02,-5.166196289999999691e-02,1.487410788999999900e-01,3.521908060000000090e-02,-1.603767902000000078e-01,1.351777304000000013e-01,7.135880329999999550e-02,-1.286040900000000103e-03,4.294336060000000094e-02,7.719686089999999723e-02,-1.270944239000000031e-01,-5.263076781000000093e-01,3.674092890999999805e-01,-4.775382430999999817e-01,1.292729088600000020e+00,-3.095549993000000222e-01,1.819710797999999907e-01,9.470831679999999753e-02,-1.422891607399999980e+00,-8.940268797999999517e-01,5.241727806999999517e-01,5.352927733000000243e-01,2.362194874999999916e-01,1.100562853000000008e-01,-4.321400779999999830e-01
-4.824284449999999974e-02,-3.629680240000000141e-02,8.179348283999999802e-01,7.179479129000000404e-01,-6.544922599999999924e-02,-6.202967499999999940e-03,-6.929853651999999808e-01,1.181087635000000052e-01,1.685483023999999885e-01,5.887832049999999762e-02,1.253987874999999974e-01,8.102419530000000425e-02,-5.145167660000000281e-02,1.503235994000000075e-01,3.478884060000000250e-02,-1.600829957000000081e-01,1.353659641000000136e-01,7.154536820000000075e-02,-8.722381000000000405e-04,3.988116640000000102e-02,8.094156630000000352e-02,-1.263039686999999911e-01,-5.605556444000000527e-01,3.767204583000000051e-01,-4.729216775999999789e-01,1.293897266100000110e+00,-3.124827901000000185e-01,1.820648236999999892e-01,1.002207088000000024e-01,-1.378181602900000025e+00,-8.699415968000000499e-01,5.106008423000000240e-01,5.391732257000000361e-01,2.363686855000000087e-01,1.111007173999999931e-01,-4.270652206000000173e-01
-4.802794099999999761e-02,-3.597076899999999966e-02,8.179201833999999449e-01,7.178216748000000313e-01,-6.609807380000000399e-02,-6.855412299999999633e-03,-6.930484045999999454e-01,1.197981256999999938e-01,1.681896589000000108e-01,5.919063670000000027e-02,1.255414105999999863e-01,8.096700799999999310e-02,-5.077869489999999736e-02,1.517570760999999990e-01,3.443281079999999800e-02,-1.597751044000000065e-01,1.354493247000000122e-01,7.172073969999999410e-02,-4.331924000000000234e-04,3.628654939999999968e-02,8.500652459999999411e-02,-1.258537534999999985e-01,-5.940506147999999875e-01,3.861820290999999905e-01,-4.680226997999999972e-01,1.295118230099999934e+00,-3.154926522000000011e-01,1.816240014999999930e-01,1.053831818999999975e-01,-1.335372105400000065e+00,-8.443519650999999904e-01,4.992548430000000037e-01,5.436519681000000492e-01,2.365048302999999963e-01,1.120361225000000016e-01,-4.213906828999999798e-01
-4.771842030000000151e-02,-3.566089769999999937e-02,8.179049929999999691e-01,7.177003104000000411e-01,-6.672589280000000567e-02,-7.481212200000000173e-03,-6.931074600000000085e-01,1.214266628999999958e-01,1.678233137000000041e-01,5.949231139999999751e-02,1.256823338999999984e-01,8.089673749999999608e-02,-5.009626319999999772e-02,1.531447316000000003e-01,3.407168619999999953e-02,-1.594797588000000099e-01,1.355161595999999913e-01,7.189112070000000521e-02,1.726950000000000127e-05,3.251931529999999709e-02,8.921144540000000567e-02,-1.254182336999999925e-01,-6.273705366999999811e-01,3.956512963000000105e-01,-4.631745060999999941e-01,1.296282746199999947e+00,-3.184653067000000060e-01,1.810389329000000047e-01,1.105282192999999941e-01,-1.294097890199999989e+00,-8.178669338999999816e-01,4.896865952000000188e-01,5.483969837000000069e-01,2.366171576999999970e-01,1.128740272000000044e-01,-4.157108949000000164e-01
-4.734097460000000201e-02,-3.612934119999999805e-02,8.178243792999999595e-01,7.174728575000000053e-01,-6.789468020000000159e-02,-9.289296000000000705e-03,-6.932075591999999897e-01,1.258149355000000025e-01,1.663914514000000011e-01,6.022428319999999918e-02,1.285670117999999917e-01,7.844311630000000424e-02,-5.014161539999999889e-02,1.574276826000000074e-01,3.230600170000000326e-02,-1.584991115999999922e-01,1.386250562999999936e-01,6.916100020000000292e-02,6.697216999999999884e-04,2.832379330000000042e-02,8.661797879999999505e-02,-1.238683812000000023e-01,-6.557500948000000163e-01,4.072132599000000130e-01,-4.501420594000000164e-01,1.281768362300000019e+00,-3.272104748999999924e-01,1.752879733999999912e-01,1.256865209999999955e-01,-1.229167375300000087e+00,-7.954803451999999941e-01,4.638563151000000273e-01,5.322165408000000264e-01,2.312464827999999861e-01,1.135562985999999941e-01,-4.151934939999999963e-01
-4.647967790000000210e-02,-3.559996509999999864e-02,8.179312646999999936e-01,7.171920280000000369e-01,-6.768162649999999447e-02,-8.585892700000000155e-03,-6.935279913999999879e-01,1.250677766999999940e-01,1.658445635999999945e-01,6.120649060000000335e-02,1.259869530000000126e-01,8.074353820000000626e-02,-4.911693059999999722e-02,1.561516483000000011e-01,3.205427420000000333e-02,-1.574855190999999988e-01,1.360197072000000063e-01,7.204102619999999679e-02,1.376975500000000071e-03,2.390878210000000129e-02,9.374797690000000183e-02,-1.239988026999999937e-01,-6.907831988000000534e-01,4.136147460999999859e-01,-4.301546568999999876e-01,1.273533128099999967e+00,-3.356352093000000147e-01,1.704528781000000104e-01,1.372333431999999964e-01,-1.193756111099999906e+00,-7.717147908999999473e-01,4.602169635000000203e-01,5.364595718000000346e-01,2.327275326000000089e-01,1.127636521999999947e-01,-4.095427405000000021e-01
-4.582120819999999789e-02,-3.608573350000000152e-02,8.178494539999999757e-01,7.169414178999999887e-01,-6.872244439999999899e-02,-1.007648249999999919e-02,-6.936646837000000065e-01,1.288545768999999896e-01,1.644369521000000056e-01,6.204644279999999706e-02,1.288692690000000085e-01,7.796174799999999738e-02,-4.846404139999999777e-02,1.596642192999999932e-01,3.042027909999999932e-02,-1.563706682999999875e-01,1.387049328999999942e-01,6.969163120000000655e-02,2.253644700000000198e-03,1.914322519999999903e-02,9.352333009999999613e-02,-1.225347677999999996e-01,-7.169845004999999549e-01,4.243093712000000073e-01,-4.151047343000000001e-01,1.256450920000000027e+00,-3.439995543000000100e-01,1.648285093999999895e-01,1.541781567999999936e-01,-1.135540542600000036e+00,-7.468586906999999941e-01,4.422451792000000048e-01,5.222308125000000301e-01,2.282815531999999870e-01,1.129892891999999954e-01,-4.090177717999999851e-01
-4.522899579999999781e-02,-3.586788209999999810e-02,8.178384095999999825e-01,7.166054818000000548e-01,-6.918480370000000546e-02,-1.038015020000000038e-02,-6.939613094000000038e-01,1.301196085000000113e-01,1.640088732999999965e-01,6.339675190000000626e-02,1.288831920000000075e-01,7.735078239999999827e-02,-4.795698849999999874e-02,1.604194791000000120e-01,2.992849640000000075e-02,-1.555056162000000020e-01,1.387621061000000044e-01,6.993686109999999734e-02,2.987645100000000178e-03,1.725260760000000074e-02,9.698735960000000322e-02,-1.218206361000000043e-01,-7.428450800000000465e-01,4.325538089000000030e-01,-4.066641410999999873e-01,1.238803833199999982e+00,-3.504646602000000000e-01,1.607953676999999970e-01,1.643678469000000031e-01,-1.086937428199999944e+00,-7.190945631999999810e-01,4.334887775999999859e-01,5.261370075000000313e-01,2.288004184999999913e-01,1.132575318999999997e-01,-4.074202497000000145e-01
-4.468937340000000286e-02,-3.573133760000000297e-02,8.178530255000000526e-01,7.162493851000000245e-01,-6.950413610000000242e-02,-1.059176300000000057e-02,-6.942937475999999553e-01,1.309479467000000119e-01,1.634182821999999868e-01,6.412842859999999534e-02,1.289995761000000130e-01,7.720078850000000603e-02,-4.726435050000000332e-02,1.607186082000000016e-01,2.947656790000000027e-02,-1.545807876999999997e-01,1.386062466000000104e-01,7.040765420000000274e-02,3.750078000000000005e-03,1.545534099999999918e-02,1.009642372000000010e-01,-1.212487745999999977e-01,-7.686162317000000410e-01,4.405452295999999768e-01,-3.978916851000000032e-01,1.221168031299999956e+00,-3.567829658000000181e-01,1.567060955000000033e-01,1.744196225000000100e-01,-1.041172808600000055e+00,-6.906998492000000489e-01,4.279112783999999836e-01,5.323020814000000156e-01,2.300208115000000053e-01,1.123484951999999953e-01,-4.056509328999999831e-01
-4.405320480000000233e-02,-3.559662040000000083e-02,8.178678497000000380e-01,7.158916683999999586e-01,-6.980721489999999751e-02,-1.077881449999999915e-02,-6.946293178000000346e-01,1.316959346000000086e-01,1.628280132999999907e-01,6.486406949999999616e-02,1.291435327000000077e-01,7.704411290000000301e-02,-4.656055800000000189e-02,1.609524307000000098e-01,2.902366690000000166e-02,-1.536500744000000029e-01,1.384428349999999863e-01,7.089124950000000314e-02,4.524065199999999926e-03,1.360484110000000080e-02,1.050936766999999994e-01,-1.206558073999999953e-01,-7.943186738999999941e-01,4.484924652999999761e-01,-3.891669994999999993e-01,1.203477327299999899e+00,-3.629595670999999912e-01,1.525203715000000015e-01,1.845286107000000120e-01,-9.965989745000000122e-01,-6.618363040000000419e-01,4.241579272000000067e-01,5.389039691000000465e-01,2.313355584000000020e-01,1.111540877999999954e-01,-4.038927684999999990e-01
-4.297201679999999857e-02,-3.537702560000000052e-02,8.178804659999999727e-01,7.158883762000000095e-01,-6.994921249999999646e-02,-1.070589509999999960e-02,-6.946195536000000503e-01,1.318048330999999906e-01,1.619219729999999968e-01,6.636914139999999795e-02,1.291767983000000064e-01,7.641169379999999955e-02,-4.524525299999999917e-02,1.615202424000000136e-01,2.757398889999999880e-02,-1.525875607000000134e-01,1.382530250000000016e-01,7.144788159999999888e-02,5.567689500000000402e-03,1.160994570000000066e-02,1.085387443000000035e-01,-1.204458927999999956e-01,-8.267531900000000267e-01,4.554584199000000222e-01,-3.793654765000000206e-01,1.161606871500000082e+00,-3.695444992999999956e-01,1.461267085000000077e-01,1.978550302000000038e-01,-9.541506452000000360e-01,-6.399996347999999946e-01,4.253809513999999847e-01,5.526236653999999637e-01,2.333403773999999931e-01,1.129338626000000040e-01,-3.948126899000000134e-01
-4.192826289999999900e-02,-3.518401909999999827e-02,8.179054583000000545e-01,7.158401762999999640e-01,-7.004638450000000294e-02,-1.070542709999999960e-02,-6.946594416000000383e-01,1.317701407999999907e-01,1.608147890999999940e-01,6.700910440000000523e-02,1.293015654999999930e-01,7.603744950000000669e-02,-4.391728930000000225e-02,1.615000212999999907e-01,2.641485270000000149e-02,-1.517670808000000093e-01,1.380239400999999921e-01,7.206067350000000538e-02,6.650821999999999810e-03,9.982935499999999809e-03,1.121649715000000019e-01,-1.199826850000000056e-01,-8.583201395999999761e-01,4.621024565999999889e-01,-3.698158615000000093e-01,1.117725456200000078e+00,-3.758350578999999914e-01,1.407286809999999944e-01,2.123426399999999992e-01,-9.127673526999999787e-01,-6.183400721999999794e-01,4.279256983999999986e-01,5.671918563000000191e-01,2.355588187000000056e-01,1.142864108000000017e-01,-3.852098674000000167e-01
-4.079099869999999739e-02,-3.499398439999999721e-02,8.179302143000000136e-01,7.157918883999999649e-01,-7.013475040000000105e-02,-1.069016279999999985e-02,-6.947005179999999891e-01,1.316950785000000068e-01,1.597070156000000019e-01,6.764586609999999334e-02,1.294331961000000086e-01,7.565996490000000130e-02,-4.258292810000000039e-02,1.614344028999999958e-01,2.525434650000000017e-02,-1.509489075000000069e-01,1.378121636999999899e-01,7.267083420000000626e-02,7.744221400000000054e-03,8.392715000000000244e-03,1.158497426999999941e-01,-1.195425875000000054e-01,-8.896613795000000158e-01,4.686256867999999964e-01,-3.607762190000000091e-01,1.073406600500000030e+00,-3.817186277999999877e-01,1.353968087999999903e-01,2.271226339000000094e-01,-8.717663554000000259e-01,-5.965501670999999728e-01,4.314331282000000156e-01,5.819267997000000525e-01,2.377468481999999994e-01,1.155158121999999982e-01,-3.755617008000000090e-01
-4.046601870000000184e-02,-3.511367399999999750e-02,8.179634743000000485e-01,7.156482522999999540e-01,-7.017709110000000527e-02,-1.032809359999999933e-02,-6.948496854000000278e-01,1.314426865999999972e-01,1.586793623999999958e-01,6.809368409999999594e-02,1.294058151999999962e-01,7.564208880000000690e-02,-4.204891110000000265e-02,1.612154463000000093e-01,2.451971609999999829e-02,-1.508890536999999976e-01,1.375193688000000136e-01,7.311560820000000127e-02,8.499216900000000283e-03,8.988143599999999858e-03,1.183342757999999995e-01,-1.198577269000000028e-01,-9.248889719999999759e-01,4.861316735000000278e-01,-3.513612670999999854e-01,1.020456347299999900e+00,-3.860813362000000137e-01,1.290301456000000069e-01,2.463755784999999976e-01,-8.314376721999999775e-01,-5.806546427000000010e-01,4.404381742999999849e-01,6.107908531000000307e-01,2.389309813999999921e-01,1.183568363000000040e-01,-3.601201231000000225e-01
-4.001146579999999980e-02,-3.527530169999999743e-02,8.179922281000000517e-01,7.156731568999999960e-01,-7.005623510000000276e-02,-1.010139070000000069e-02,-6.948395630000000489e-01,1.310838525999999948e-01,1.580981422999999941e-01,6.767573590000000583e-02,1.295060292999999918e-01,7.563719620000000643e-02,-4.133494039999999897e-02,1.610489434000000053e-01,2.404465650000000079e-02,-1.508062725000000048e-01,1.372609156000000052e-01,7.329093940000000473e-02,9.274624699999999347e-03,9.345037400000000619e-03,1.207228124999999985e-01,-1.199807026999999970e-01,-9.598216895000000193e-01,5.036893650999999528e-01,-3.425167445000000255e-01,9.669816588999999851e-01,-3.897875050999999869e-01,1.227925564999999969e-01,2.658890259999999728e-01,-7.923557658000000004e-01,-5.645110361999999826e-01,4.506455054999999876e-01,6.412757790999999985e-01,2.401035363000000034e-01,1.202633949000000008e-01,-3.440314657999999914e-01
-3.955790630000000085e-02,-3.542357659999999936e-02,8.180201754000000491e-01,7.157036250999999627e-01,-6.995116419999999890e-02,-9.889431699999999548e-03,-6.948218150999999621e-01,1.307347815000000080e-01,1.575171411999999882e-01,6.723291859999999676e-02,1.296356409999999959e-01,7.563234509999999799e-02,-4.061995460000000085e-02,1.609033665000000057e-01,2.356968959999999891e-02,-1.507459556999999895e-01,1.370284253000000063e-01,7.346447490000000691e-02,1.004739550000000037e-02,9.636897300000000707e-03,1.231588804999999981e-01,-1.200551975999999965e-01,-9.946226256000000321e-01,5.211458051999999785e-01,-3.344858081000000039e-01,9.133308361999999958e-01,-3.927413958000000038e-01,1.164833286000000051e-01,2.854452765000000114e-01,-7.535221584000000306e-01,-5.482911853999999918e-01,4.616388975999999866e-01,6.720798357999999695e-01,2.411033626999999901e-01,1.219540488000000061e-01,-3.278153227000000225e-01
-3.865305389999999786e-02,-3.585242799999999869e-02,8.180430227999999637e-01,7.159223899000000113e-01,-6.961624859999999970e-02,-9.356084799999999160e-03,-6.946374400999999477e-01,1.298459542000000022e-01,1.566198320999999949e-01,6.788575500000000595e-02,1.294525716000000104e-01,7.451145700000000316e-02,-3.912822690000000020e-02,1.603861309999999873e-01,2.233729070000000164e-02,-1.515996934999999934e-01,1.365593626000000116e-01,7.408094179999999418e-02,1.182523190000000016e-02,1.030593810000000020e-02,1.288604752999999992e-01,-1.215534795000000057e-01,-1.046352274600000021e+00,5.478339547999999670e-01,-3.455265511000000234e-01,8.897154961000000029e-01,-3.927858991000000022e-01,1.177715337999999945e-01,2.914685108999999774e-01,-7.143602324000000170e-01,-5.295019145999999566e-01,4.844335218999999970e-01,7.232543451999999817e-01,2.418378422999999944e-01,1.246559099999999948e-01,-3.116908896999999734e-01
-3.775679650000000193e-02,-3.617592549999999740e-02,8.180701208999999752e-01,7.161581661000000487e-01,-6.927416740000000295e-02,-8.902216500000000726e-03,-6.944345334999999508e-01,1.288378634000000023e-01,1.554543143999999877e-01,6.777389059999999743e-02,1.295158996999999923e-01,7.381014269999999766e-02,-3.785954879999999662e-02,1.598409566000000004e-01,2.108254019999999951e-02,-1.521002690999999907e-01,1.362079331000000115e-01,7.463226450000000345e-02,1.345062820000000013e-02,1.085570110000000019e-02,1.338996225000000095e-01,-1.225225486000000030e-01,-1.102025516599999921e+00,5.741114494000000290e-01,-3.593927303000000184e-01,8.709264974999999520e-01,-3.932990695999999953e-01,1.170881166000000001e-01,2.950959227000000129e-01,-6.761759402000000474e-01,-5.102118565000000050e-01,5.078348955000000498e-01,7.764983112000000132e-01,2.423825018999999914e-01,1.260573060000000079e-01,-2.952257891000000245e-01
-3.696994099999999922e-02,-3.638415219999999867e-02,8.180947981999999730e-01,7.163995073000000158e-01,-6.896201339999999402e-02,-8.487079200000000739e-03,-6.942218350000000093e-01,1.278860696999999935e-01,1.542994638999999890e-01,6.762939419999999813e-02,1.295968567000000127e-01,7.313622140000000660e-02,-3.661952710000000027e-02,1.593396904999999919e-01,1.983753569999999883e-02,-1.526297084999999887e-01,1.359185517000000010e-01,7.516910150000000179e-02,1.504263190000000062e-02,1.142084240000000063e-02,1.388494127999999883e-01,-1.232732218999999935e-01,-1.159006179499999956e+00,5.995068595000000444e-01,-3.752430614999999747e-01,8.530196957000000246e-01,-3.938864575000000090e-01,1.157792698000000009e-01,2.983307762999999890e-01,-6.379272261999999749e-01,-4.910547796999999992e-01,5.318277799999999722e-01,8.300900756000000325e-01,2.424338953000000074e-01,1.271836499000000009e-01,-2.785485443999999866e-01
-3.621357690000000240e-02,-3.667512259999999857e-02,8.181829873999999503e-01,7.169973469000000543e-01,-6.865462059999999367e-02,-8.005873400000000292e-03,-6.936405796000000290e-01,1.266210506000000069e-01,1.531881753999999873e-01,6.600749579999999617e-02,1.296182325000000135e-01,7.441125480000000680e-02,-3.661388129999999796e-02,1.590172591000000024e-01,1.917274769999999934e-02,-1.534493653000000013e-01,1.357581931999999880e-01,7.507053090000000151e-02,1.438243730000000019e-02,1.114416579999999955e-02,1.442232324000000121e-01,-1.236610528000000042e-01,-1.217587299000000067e+00,6.249887291000000289e-01,-3.988682477000000115e-01,8.427106149999999962e-01,-3.945129299999999839e-01,1.151045656000000000e-01,2.979966982999999736e-01,-5.887740612999999845e-01,-4.756078260000000113e-01,5.650677452000000267e-01,8.959042334000000274e-01,2.405824897000000129e-01,1.310481344999999964e-01,-2.515036693000000101e-01
-3.549526160000000125e-02,-3.700272079999999963e-02,8.182879160999999568e-01,7.175899127000000544e-01,-6.821251159999999758e-02,-7.553769299999999777e-03,-6.930762662999999657e-01,1.252115286000000105e-01,1.518992865000000081e-01,6.459608610000000528e-02,1.296693905000000091e-01,7.483696310000000074e-02,-3.575204059999999989e-02,1.584995314000000044e-01,1.793027390000000165e-02,-1.550414012000000119e-01,1.356027298999999964e-01,7.569544840000000385e-02,1.545327179999999960e-02,1.103592049999999915e-02,1.493274926000000002e-01,-1.242990872999999996e-01,-1.277239631200000058e+00,6.488584174000000537e-01,-4.244957731999999817e-01,8.330435269000000531e-01,-3.952186015999999968e-01,1.138008189999999975e-01,2.973370007999999731e-01,-5.390076978000000185e-01,-4.606595821000000202e-01,5.989194716000000307e-01,9.623783768000000460e-01,2.378029973999999935e-01,1.341238488000000006e-01,-2.238417916999999868e-01
-3.479379820000000345e-02,-3.742002910000000182e-02,8.183928110000000533e-01,7.181854282999999839e-01,-6.775301770000000112e-02,-7.091278700000000143e-03,-6.925091572999999556e-01,1.237513328000000024e-01,1.506187216000000051e-01,6.316153770000000611e-02,1.297310466000000106e-01,7.526770400000000472e-02,-3.491678589999999693e-02,1.579362803000000093e-01,1.669450830000000080e-02,-1.566475702000000025e-01,1.354592944000000132e-01,7.631100109999999770e-02,1.649873040000000152e-02,1.097247200000000047e-02,1.544306361999999988e-01,-1.249788507999999992e-01,-1.337878893500000110e+00,6.710594208000000283e-01,-4.519134020999999724e-01,8.233714474000000116e-01,-3.959064925999999929e-01,1.122979452999999933e-01,2.967106495999999871e-01,-4.886257863999999840e-01,-4.463838835000000227e-01,6.332895772000000090e-01,1.028907226200000080e+00,2.341345482999999950e-01,1.369569523999999983e-01,-1.961091779999999951e-01
-3.428807660000000174e-02,-3.773883360000000048e-02,8.184747046000000470e-01,7.187637569000000504e-01,-6.730703570000000358e-02,-6.499259400000000422e-03,-6.919582243999999882e-01,1.222077896999999996e-01,1.497583393999999957e-01,6.163214689999999690e-02,1.297894498999999924e-01,7.546946020000000477e-02,-3.434974539999999937e-02,1.572207454000000004e-01,1.610163490000000169e-02,-1.573248506999999907e-01,1.353427158000000130e-01,7.641634090000000434e-02,1.689116369999999964e-02,1.081162410000000018e-02,1.594127713999999862e-01,-1.266079371999999925e-01,-1.392052656399999977e+00,6.953428579999999526e-01,-4.781381565999999750e-01,8.211528699000000264e-01,-3.983776439000000225e-01,1.101918048999999955e-01,2.973562876999999993e-01,-4.536818510999999776e-01,-4.387104807000000162e-01,6.556366153999999558e-01,1.086564624800000045e+00,2.346771474000000079e-01,1.396087306999999889e-01,-1.756221729000000120e-01
-3.369670730000000336e-02,-3.801983069999999992e-02,8.186491391000000339e-01,7.193229435000000338e-01,-6.686191860000000042e-02,-5.940127899999999780e-03,-6.914251236999999772e-01,1.206189522999999986e-01,1.488793870000000019e-01,6.031084490000000048e-02,1.299028795000000125e-01,7.587044989999999767e-02,-3.378670629999999675e-02,1.564693735999999891e-01,1.535159969999999943e-02,-1.583137424999999932e-01,1.352333064000000029e-01,7.691723379999999832e-02,1.761611589999999977e-02,1.066268480000000067e-02,1.644706136000000096e-01,-1.279270550000000117e-01,-1.447689922899999981e+00,7.180721351000000086e-01,-5.059419565999999646e-01,8.192561019999999861e-01,-4.008524374999999917e-01,1.077075368000000033e-01,2.977854563999999815e-01,-4.189149152000000154e-01,-4.317957244999999777e-01,6.784100334999999538e-01,1.143942200399999942e+00,2.350188914000000129e-01,1.427646833000000004e-01,-1.550912510000000133e-01
-3.319792409999999805e-02,-3.838302970000000147e-02,8.187352632000000074e-01,7.198821165000000022e-01,-6.642479119999999959e-02,-5.388892900000000034e-03,-6.908896043000000153e-01,1.190480529000000065e-01,1.480056885000000100e-01,5.897923399999999844e-02,1.300163407999999909e-01,7.627945780000000564e-02,-3.323364000000000179e-02,1.557419102000000000e-01,1.460408740000000011e-02,-1.593150734000000068e-01,1.351122204999999910e-01,7.742499760000000342e-02,1.833400430000000150e-02,1.052228260000000019e-02,1.695168344000000105e-01,-1.292122156999999938e-01,-1.504523435599999903e+00,7.389910640000000308e-01,-5.354678997999999801e-01,8.173414552000000111e-01,-4.032819047000000268e-01,1.050974254999999941e-01,2.982699127999999811e-01,-3.840082367000000052e-01,-4.254955020999999782e-01,7.014308310000000324e-01,1.201299292799999918e+00,2.349457192000000139e-01,1.459486717000000044e-01,-1.343791148000000046e-01
-3.300327819999999968e-02,-3.829475479999999710e-02,8.189495152000000333e-01,7.206782886999999471e-01,-6.511743100000000339e-02,-3.941911499999999936e-03,-6.901934408000000021e-01,1.152193078000000037e-01,1.474747422999999891e-01,5.677340449999999927e-02,1.268328970000000000e-01,7.967470670000000033e-02,-3.289679129999999868e-02,1.529875625999999877e-01,1.455354529999999987e-02,-1.612855109000000120e-01,1.319535773999999939e-01,8.077061600000000341e-02,1.875578589999999865e-02,1.376655270000000028e-02,1.719507949000000091e-01,-1.308358628999999884e-01,-1.559089531899999992e+00,7.589258463000000399e-01,-5.635777404999999796e-01,8.136639830999999878e-01,-4.091136525999999884e-01,9.870917190000000341e-02,2.950710441000000128e-01,-3.563545254000000106e-01,-4.146684392000000163e-01,7.145075183000000330e-01,1.241379133699999970e+00,2.390772149000000013e-01,1.501648020999999944e-01,-1.173473074999999977e-01
-3.273024509999999943e-02,-3.882007710000000278e-02,8.188687627999999830e-01,7.216062306999999620e-01,-6.527087669999999398e-02,-4.595601300000000042e-03,-6.892046438000000164e-01,1.152063071999999966e-01,1.459601419000000067e-01,5.443897989999999659e-02,1.302354179999999917e-01,7.762373679999999554e-02,-3.229384629999999812e-02,1.542846683999999913e-01,1.286677120000000001e-02,-1.630209447000000034e-01,1.353953642000000068e-01,7.802531410000000667e-02,1.972317770000000040e-02,1.446601129999999964e-02,1.758690219000000055e-01,-1.311036268000000116e-01,-1.595872236399999977e+00,7.808360149999999944e-01,-5.871010427999999726e-01,7.929512636000000114e-01,-4.149053556000000254e-01,9.231364390000000586e-02,3.018791310000000228e-01,-3.241615876000000229e-01,-4.060606010000000210e-01,7.310409120999999955e-01,1.282062516199999891e+00,2.434225242999999983e-01,1.501968851000000105e-01,-9.905800319999999437e-02
-3.249555369999999888e-02,-3.879397760000000139e-02,8.190875273000000067e-01,7.223961080999999895e-01,-6.399815179999999992e-02,-3.158501699999999995e-03,-6.885042653999999818e-01,1.116210712999999993e-01,1.454398691999999882e-01,5.251218430000000048e-02,1.269176938999999893e-01,8.097238800000000625e-02,-3.191399159999999680e-02,1.516552022000000055e-01,1.284043779999999996e-02,-1.647005357999999919e-01,1.322802393999999993e-01,8.072661629999999811e-02,1.999564419999999912e-02,1.776208220000000115e-02,1.788458822000000004e-01,-1.332083833000000106e-01,-1.649766254600000037e+00,7.979470432999999918e-01,-6.164886236000000075e-01,7.865886328000000205e-01,-4.202630485000000138e-01,8.627448599999999745e-02,2.992914805999999928e-01,-2.952803153999999930e-01,-3.970763492000000117e-01,7.448584835999999543e-01,1.321221764099999918e+00,2.471254088000000015e-01,1.546726588000000013e-01,-8.221459500000000142e-02
-3.258186910000000075e-02,-3.910919289999999909e-02,8.192003066999999916e-01,7.235805068999999756e-01,-6.332365750000000515e-02,-2.741421999999999869e-03,-6.873236858000000282e-01,1.094217979000000063e-01,1.445369516999999993e-01,4.928791180000000050e-02,1.267286900000000049e-01,8.230855659999999907e-02,-3.212173000000000112e-02,1.511081334000000109e-01,1.213591529999999939e-02,-1.679413733000000020e-01,1.321285040000000077e-01,8.112185510000000099e-02,1.993533709999999876e-02,2.283010980000000148e-02,1.767562927999999922e-01,-1.330220659000000138e-01,-1.687613090900000001e+00,8.065609403000000288e-01,-6.335718363000000242e-01,7.808969238999999840e-01,-4.268885551000000111e-01,8.101535249999999855e-02,2.992700543999999852e-01,-2.664755826999999910e-01,-3.797033639999999877e-01,7.668782929999999887e-01,1.344520688400000052e+00,2.443429168000000040e-01,1.586018563999999909e-01,-5.900427409999999678e-02
-3.258575949999999860e-02,-3.944172940000000016e-02,8.192991016999999765e-01,7.248304849000000161e-01,-6.271581989999999718e-02,-2.458677800000000097e-03,-6.860622777999999533e-01,1.076486316999999970e-01,1.433931432999999978e-01,4.597605920000000235e-02,1.266641463000000023e-01,8.355947819999999526e-02,-3.205370920000000234e-02,1.509658563000000064e-01,1.119348899999999918e-02,-1.711823734000000041e-01,1.323503382000000006e-01,8.108538660000000342e-02,2.009371449999999837e-02,2.748703599999999941e-02,1.755431956000000071e-01,-1.332935356000000127e-01,-1.721850671699999946e+00,8.151082685999999633e-01,-6.485802205999999792e-01,7.724798245999999757e-01,-4.324047771999999790e-01,7.595557270000000138e-02,3.001769509000000169e-01,-2.360188672000000099e-01,-3.641255540000000179e-01,7.897833497999999786e-01,1.365768329700000061e+00,2.405897805999999972e-01,1.639173959000000125e-01,-3.573744150000000147e-02
-3.255003719999999962e-02,-3.989258689999999885e-02,8.193975011999999891e-01,7.260864873000000275e-01,-6.210816970000000020e-02,-2.174200600000000035e-03,-6.847892091999999709e-01,1.059369849000000030e-01,1.421851729999999980e-01,4.267061400000000254e-02,1.265617850000000100e-01,8.478068360000000359e-02,-3.192822149999999942e-02,1.508740527000000109e-01,1.019033689999999936e-02,-1.744191639000000071e-01,1.325813791999999880e-01,8.100184709999999622e-02,2.032230189999999909e-02,3.210797230000000252e-02,1.747831177999999985e-01,-1.338100218000000119e-01,-1.754835348300000097e+00,8.233114588000000067e-01,-6.629181069999999787e-01,7.627810711000000410e-01,-4.374464227000000038e-01,7.113157330000000056e-02,3.015002905999999983e-01,-2.047781003999999960e-01,-3.497671180999999963e-01,8.132363643000000142e-01,1.386306713199999985e+00,2.365271791999999929e-01,1.696707363000000135e-01,-1.254236409999999989e-02
-3.270098030000000155e-02,-4.008327130000000071e-02,8.195851536999999576e-01,7.275558147999999781e-01,-6.150920199999999893e-02,-2.113001000000000202e-03,-6.832822912999999554e-01,1.040179036999999973e-01,1.409909366000000053e-01,3.890382970000000329e-02,1.265277276000000006e-01,8.571452590000000482e-02,-3.250853699999999707e-02,1.508619636000000097e-01,9.174946099999999397e-03,-1.785056760000000020e-01,1.329272780000000098e-01,8.080690120000000309e-02,2.005316310000000019e-02,3.648599360000000236e-02,1.716444263000000137e-01,-1.344462943999999993e-01,-1.776976469799999903e+00,8.319491380000000325e-01,-6.713256333999999548e-01,7.353440024999999824e-01,-4.432513154000000122e-01,6.266138379999999786e-02,3.060976582000000112e-01,-1.856187035000000096e-01,-3.430261546000000217e-01,8.203231067999999793e-01,1.392682035600000034e+00,2.356080566000000043e-01,1.706596773000000067e-01,6.685384100000000412e-03
-3.286643680000000262e-02,-4.020301149999999657e-02,8.196877199000000003e-01,7.290180728999999804e-01,-6.097132930000000173e-02,-2.088192600000000204e-03,-6.817703322000000510e-01,1.021742338999999944e-01,1.397141141000000086e-01,3.509144439999999782e-02,1.265395984999999890e-01,8.723753459999999960e-02,-3.283694919999999989e-02,1.509149278999999955e-01,8.063540100000000585e-03,-1.826620280000000041e-01,1.333419520999999941e-01,8.071177679999999577e-02,2.007311590000000062e-02,4.203680619999999868e-02,1.694967940999999867e-01,-1.348138711999999906e-01,-1.795689383700000086e+00,8.405180461000000269e-01,-6.769082939999999660e-01,7.028978326000000498e-01,-4.480410977000000017e-01,5.525997280000000123e-02,3.127686500999999897e-01,-1.657176291000000135e-01,-3.382256511999999771e-01,8.260522727000000343e-01,1.397454814500000086e+00,2.342837630000000060e-01,1.722635697999999882e-01,2.549629930000000058e-02
-3.298730490000000015e-02,-4.032299560000000144e-02,8.197930677000000443e-01,7.304600839999999540e-01,-6.045037749999999932e-02,-2.062439799999999952e-03,-6.802716839000000348e-01,1.003960824999999973e-01,1.383978996000000128e-01,3.135051860000000190e-02,1.265120321000000048e-01,8.875868269999999394e-02,-3.310174560000000293e-02,1.510088357000000103e-01,6.914262000000000012e-03,-1.867455795000000085e-01,1.337177427000000030e-01,8.065546590000000071e-02,2.015231680000000025e-02,4.800171500000000036e-02,1.678347568999999928e-01,-1.353951556000000112e-01,-1.812669982599999896e+00,8.487900231999999656e-01,-6.813526334999999712e-01,6.684387620999999724e-01,-4.518781573000000273e-01,4.850103139999999841e-02,3.203297527000000255e-01,-1.453022196000000044e-01,-3.342884378000000045e-01,8.315773035000000313e-01,1.401637415900000017e+00,2.327848976000000125e-01,1.741506117999999936e-01,4.422132200000000041e-02
-3.314312640000000032e-02,-4.030303959999999991e-02,8.198924946000000213e-01,7.312825949000000270e-01,-6.018998250000000272e-02,-2.206312199999999838e-03,-6.794100857999999521e-01,9.937972759999999517e-02,1.372672914999999993e-01,2.808064470000000076e-02,1.266419787999999991e-01,9.015765280000000159e-02,-3.291504540000000228e-02,1.510718665999999932e-01,5.804942999999999909e-03,-1.904897989999999874e-01,1.341130355000000052e-01,8.035800079999999568e-02,2.047230950000000077e-02,5.403371669999999793e-02,1.644716120999999975e-01,-1.349526484000000137e-01,-1.819510486900000057e+00,8.521615108000000216e-01,-6.795469312999999900e-01,6.292774920999999466e-01,-4.543270732999999950e-01,4.186053060000000103e-02,3.279439456000000086e-01,-1.304205374999999889e-01,-3.295515761000000210e-01,8.388248421999999760e-01,1.398083421599999987e+00,2.280512467999999959e-01,1.745939344999999920e-01,5.629493969999999764e-02
-3.316580999999999696e-02,-4.020618220000000270e-02,8.199982827999999779e-01,7.320787477000000321e-01,-5.996332179999999679e-02,-2.416516899999999936e-03,-6.785714904999999852e-01,9.864379850000000449e-02,1.360598879999999899e-01,2.499532200000000037e-02,1.266636781000000100e-01,9.133538089999999887e-02,-3.264331670000000102e-02,1.513226360000000104e-01,4.572316499999999617e-03,-1.941882967999999932e-01,1.345150414999999877e-01,8.004852910000000155e-02,2.091375969999999945e-02,6.044082540000000198e-02,1.618203188000000015e-01,-1.347305957999999915e-01,-1.823077091700000096e+00,8.558154103999999762e-01,-6.753883281000000460e-01,5.870745894000000131e-01,-4.549645862999999735e-01,3.590855949999999935e-02,3.364187934999999796e-01,-1.147767744000000034e-01,-3.255658555000000010e-01,8.460255142999999478e-01,1.393661548999999944e+00,2.231530506000000136e-01,1.757020328999999992e-01,6.725532820000000578e-02
-3.315414080000000235e-02,-4.011820569999999947e-02,8.200188682000000284e-01,7.328644570000000247e-01,-5.974540650000000064e-02,-2.628867999999999917e-03,-6.777412951000000296e-01,9.796737789999999946e-02,1.348217894000000028e-01,2.196189889999999867e-02,1.266556524999999933e-01,9.250249589999999522e-02,-3.232303140000000047e-02,1.516275575000000098e-01,3.309644100000000075e-03,-1.978388651000000109e-01,1.348697416999999898e-01,7.975783470000000208e-02,2.140354519999999872e-02,6.703630139999999793e-02,1.595728462000000070e-01,-1.347462701999999901e-01,-1.824937147900000056e+00,8.594721881000000341e-01,-6.701786851000000045e-01,5.433369762999999963e-01,-4.543812374000000265e-01,3.044547870000000045e-02,3.453470305999999934e-01,-9.873382969999999759e-02,-3.221131609999999812e-01,8.532813169999999836e-01,1.388851131500000058e+00,2.182651035000000017e-01,1.770692020999999894e-01,7.798238350000000207e-02
-3.310346270000000257e-02,-4.013121730000000081e-02,8.200762746999999964e-01,7.332593396000000041e-01,-5.942419580000000284e-02,-2.670728199999999886e-03,-6.773421388999999460e-01,9.731874190000000535e-02,1.338181704999999999e-01,2.008329229999999965e-02,1.264783835999999939e-01,9.115718120000000646e-02,-3.263986209999999999e-02,1.514985728000000087e-01,2.499715999999999917e-03,-1.995781556000000012e-01,1.349030830000000070e-01,7.902576279999999620e-02,2.100279990000000069e-02,7.133050230000000103e-02,1.565911899999999912e-01,-1.344862511999999899e-01,-1.824964597699999969e+00,8.582549447999999748e-01,-6.612137372999999929e-01,4.855702110999999821e-01,-4.488599919999999854e-01,2.268418339999999853e-02,3.576812122999999954e-01,-8.751246710000000484e-02,-3.186982983000000158e-01,8.570145345999999886e-01,1.384081620999999984e+00,2.149403018000000110e-01,1.786708567999999997e-01,8.443335350000000239e-02
-3.297907039999999762e-02,-4.007937229999999906e-02,8.200471378999999450e-01,7.335910408000000382e-01,-5.924048259999999816e-02,-2.731941099999999917e-03,-6.769987345000000323e-01,9.669429240000000647e-02,1.329717327000000116e-01,1.826067160000000023e-02,1.265570139999999955e-01,9.016020939999999650e-02,-3.273010359999999758e-02,1.514459870000000041e-01,1.398446000000000021e-03,-2.024552302000000026e-01,1.350406479000000048e-01,7.806491520000000128e-02,2.145929070000000133e-02,7.638706139999999756e-02,1.539985875000000060e-01,-1.340422873999999875e-01,-1.822279849000000063e+00,8.568240652999999929e-01,-6.506768135999999592e-01,4.238323952999999977e-01,-4.404690642999999906e-01,1.666608610000000143e-02,3.716588895999999864e-01,-7.648352910000000282e-02,-3.151669187999999733e-01,8.602062086999999746e-01,1.379749439000000022e+00,2.118080598000000037e-01,1.804112313000000023e-01,9.030484540000000004e-02
-3.292074379999999911e-02,-4.010763170000000016e-02,8.200197765000000194e-01,7.339220373999999492e-01,-5.907031909999999747e-02,-2.805985400000000126e-03,-6.766544663000000348e-01,9.610457910000000381e-02,1.320908935000000006e-01,1.645121479999999900e-02,1.266392030000000057e-01,8.916710799999999493e-02,-3.278960410000000131e-02,1.514177512000000059e-01,2.607489000000000269e-04,-2.053194603999999868e-01,1.352084239999999937e-01,7.710292089999999654e-02,2.194815079999999988e-02,8.163161339999999710e-02,1.516564004000000021e-01,-1.336956897999999894e-01,-1.817999711599999957e+00,8.552265344999999686e-01,-6.394050959999999506e-01,3.601629531000000162e-01,-4.300521811999999944e-01,1.195433410000000009e-02,3.860080705000000223e-01,-6.536349630000000410e-02,-3.118115148000000225e-01,8.633279829000000127e-01,1.375542473799999943e+00,2.086813915999999880e-01,1.821368902000000123e-01,9.609067970000000070e-02
-3.296758460000000224e-02,-3.984140790000000043e-02,8.199097169000000296e-01,7.340595837000000179e-01,-5.908440489999999823e-02,-2.906195900000000179e-03,-6.765035954000000462e-01,9.589106029999999725e-02,1.316231210000000096e-01,1.456478899999999986e-02,1.270593449000000097e-01,9.172358220000000062e-02,-3.315276219999999802e-02,1.511646983999999916e-01,4.978453000000000088e-04,-2.043218877999999905e-01,1.355352800999999885e-01,7.770621079999999459e-02,2.078805170000000077e-02,8.439374830000000161e-02,1.488039616999999870e-01,-1.328105796000000061e-01,-1.807756728300000004e+00,8.539313283999999671e-01,-6.309656619000000299e-01,2.905420649000000077e-01,-4.144978056999999994e-01,9.649560800000000008e-03,3.979999437999999778e-01,-5.511051079999999824e-02,-3.123615040000000120e-01,8.646099015000000554e-01,1.368025782199999929e+00,2.050184124999999968e-01,1.830385955999999925e-01,9.845832590000000439e-02
-3.305642820000000148e-02,-3.971257119999999780e-02,8.198719473000000146e-01,7.341142389000000490e-01,-5.905953480000000061e-02,-3.031656900000000068e-03,-6.764459066000000353e-01,9.572010290000000643e-02,1.311980523999999870e-01,1.366149550000000067e-02,1.269735626999999867e-01,9.108794729999999951e-02,-3.373620139999999878e-02,1.511151035999999948e-01,-8.947429999999999815e-05,-2.055603514000000076e-01,1.354861044000000014e-01,7.659948460000000348e-02,2.053244190000000011e-02,8.726983250000000525e-02,1.462642933999999950e-01,-1.320400784000000105e-01,-1.795293437200000009e+00,8.532795414999999606e-01,-6.216880012000000066e-01,2.180111723000000001e-01,-3.965705856999999779e-01,9.439361400000000415e-03,4.097693340999999934e-01,-4.442140289999999686e-02,-3.133607362999999979e-01,8.661523083000000067e-01,1.359660411399999935e+00,2.012845604000000066e-01,1.842477251000000094e-01,1.003057729000000065e-01
-3.312716909999999931e-02,-3.961110820000000171e-02,8.198300388000000494e-01,7.341774304999999501e-01,-5.903980019999999912e-02,-3.170210100000000163e-03,-6.763784091000000220e-01,9.554907629999999374e-02,1.307356895000000019e-01,1.274097849999999976e-02,1.270282332999999875e-01,9.033104840000000246e-02,-3.429215129999999695e-02,1.510999298000000046e-01,-7.263521000000000213e-04,-2.068073820000000118e-01,1.355283576000000101e-01,7.539441249999999373e-02,2.031892420000000130e-02,9.007515739999999438e-02,1.440009006999999897e-01,-1.313553413000000114e-01,-1.781660927899999969e+00,8.528710769999999775e-01,-6.120807511000000423e-01,1.440494968999999903e-01,-3.769757778999999753e-01,1.079869999999999962e-02,4.208167972999999895e-01,-3.350989929999999978e-02,-3.146763485999999888e-01,8.678298513000000103e-01,1.350978653599999912e+00,1.975895686999999956e-01,1.856468275000000001e-01,1.020084383999999983e-01
-3.333679040000000343e-02,-3.966673460000000317e-02,8.196302827000000457e-01,7.343901491000000004e-01,-5.994252049999999887e-02,-5.012216300000000430e-03,-6.760568622000000527e-01,9.831870659999999984e-02,1.303190891999999879e-01,1.185361029999999934e-02,1.314148794999999981e-01,8.894598820000000627e-02,-3.345176729999999737e-02,1.539905829000000059e-01,-1.136094299999999922e-03,-2.066436859999999931e-01,1.402828792999999963e-01,7.273953880000000316e-02,2.088776720000000073e-02,8.682576879999999442e-02,1.461404903999999894e-01,-1.295555375000000120e-01,-1.735451563200000047e+00,8.595889643999999885e-01,-5.905104729000000274e-01,4.017629660000000130e-02,-3.444433767999999785e-01,2.694215800000000077e-02,4.407969802000000215e-01,-2.556836570000000156e-02,-3.232004446000000253e-01,8.675442187999999888e-01,1.345548834999999999e+00,1.984825511999999959e-01,1.877644934999999904e-01,1.006286512000000022e-01
-3.384235800000000294e-02,-3.943326020000000043e-02,8.197429827000000113e-01,7.342889979000000178e-01,-5.926916039999999969e-02,-4.072917199999999752e-03,-6.762323902000000331e-01,9.696047970000000460e-02,1.314684043000000080e-01,1.160583509999999971e-02,1.276827204000000049e-01,9.180773679999999770e-02,-3.416091920000000060e-02,1.524336837999999972e-01,3.290742000000000146e-04,-2.073746545000000052e-01,1.365880412999999904e-01,7.497078460000000666e-02,2.019106609999999843e-02,9.086326840000000238e-02,1.439592550000000082e-01,-1.313129027000000115e-01,-1.730581198599999926e+00,8.539487046999999498e-01,-5.855115159999999541e-01,-1.666334599999999902e-02,-3.293498904000000116e-01,2.885585259999999888e-02,4.398251845000000215e-01,-1.985457850000000093e-02,-3.266439212000000203e-01,8.603315007999999819e-01,1.343770132199999967e+00,2.000875446000000002e-01,1.885301769999999932e-01,9.984491900000000419e-02
-3.434366970000000269e-02,-3.939754089999999986e-02,8.196835864000000527e-01,7.342435183000000087e-01,-5.909942110000000054e-02,-4.059471499999999997e-03,-6.762967063000000500e-01,9.666299100000000366e-02,1.321512206999999883e-01,1.112609259999999996e-02,1.273004439000000043e-01,9.226817240000000087e-02,-3.492063589999999662e-02,1.522426708000000073e-01,1.027500499999999938e-03,-2.081667718000000111e-01,1.359027918999999862e-01,7.485797569999999568e-02,1.961525089999999888e-02,9.342602220000000013e-02,1.413356675000000118e-01,-1.312318828000000048e-01,-1.718220007700000052e+00,8.507149821999999695e-01,-5.798226418999999909e-01,-8.347521110000000188e-02,-3.088885621999999942e-01,3.277792219999999673e-02,4.423220636999999900e-01,-1.356404620000000068e-02,-3.298361830000000050e-01,8.538802068999999939e-01,1.341439906500000001e+00,2.014210225999999992e-01,1.888506293999999974e-01,9.881074439999999737e-02
-3.458355440000000086e-02,-3.949669880000000050e-02,8.196180953999999685e-01,7.339397581000000059e-01,-5.910277760000000324e-02,-3.838635700000000203e-03,-6.766273405999999602e-01,9.692283000000000148e-02,1.327067650000000043e-01,1.241235679999999966e-02,1.272912664999999999e-01,9.153215709999999727e-02,-3.438561779999999707e-02,1.521405744000000060e-01,1.349659000000000015e-03,-2.077444387000000059e-01,1.357290716000000008e-01,7.460251930000000309e-02,1.944312139999999911e-02,9.369028869999999898e-02,1.384237909000000100e-01,-1.305311848000000052e-01,-1.703890304700000025e+00,8.478624062999999822e-01,-5.704106299000000213e-01,-1.377231650000000085e-01,-2.900315323000000056e-01,4.238883799999999813e-02,4.451929303000000115e-01,-7.851812399999999817e-03,-3.328140841000000183e-01,8.507594567999999802e-01,1.338117795100000063e+00,2.014474700999999979e-01,1.887919039000000021e-01,9.785015060000000486e-02
-3.479584980000000050e-02,-3.970383339999999928e-02,8.195454014999999925e-01,7.336144749999999881e-01,-5.908860820000000347e-02,-3.781320700000000146e-03,-6.769815656000000015e-01,9.731156920000000321e-02,1.332752571999999969e-01,1.340938619999999977e-02,1.273317550999999992e-01,9.062613799999999498e-02,-3.464844639999999781e-02,1.521279758000000093e-01,1.698678899999999997e-03,-2.073090348999999943e-01,1.355997161999999978e-01,7.430568299999999737e-02,1.934706790000000065e-02,9.354533880000000245e-02,1.359306926999999943e-01,-1.297901576000000112e-01,-1.690450995900000031e+00,8.455042153999999810e-01,-5.612222089999999719e-01,-1.903011099999999955e-01,-2.716396909000000082e-01,5.190249820000000097e-02,4.463845678000000206e-01,-2.245549600000000100e-03,-3.361159328000000168e-01,8.483047146000000094e-01,1.334690744400000018e+00,2.015186253000000038e-01,1.887549628999999896e-01,9.695001670000000238e-02
-3.501751670000000094e-02,-3.983891660000000307e-02,8.194685452000000092e-01,7.332942059999999485e-01,-5.908554669999999814e-02,-3.730238900000000177e-03,-6.773290123999999857e-01,9.774067790000000311e-02,1.338634058000000016e-01,1.438082679999999960e-02,1.273877975000000107e-01,8.969053030000000148e-02,-3.493140050000000107e-02,1.521731316000000112e-01,2.070763599999999975e-03,-2.068943307999999981e-01,1.354680330999999960e-01,7.397594350000000207e-02,1.923853619999999973e-02,9.320439989999999841e-02,1.334583960000000069e-01,-1.289223983999999990e-01,-1.677647181700000045e+00,8.434327562000000222e-01,-5.523985680999999870e-01,-2.421967389999999942e-01,-2.533475486000000276e-01,6.135641309999999987e-02,4.463215764999999835e-01,3.254025900000000106e-03,-3.394265904000000056e-01,8.460253416999999887e-01,1.331206419799999985e+00,2.016448704000000092e-01,1.887342288999999951e-01,9.605942729999999985e-02
-3.535904470000000160e-02,-4.008877029999999980e-02,8.194095700000000315e-01,7.329665300000000050e-01,-5.891321830000000037e-02,-3.816814999999999878e-03,-6.776981117000000499e-01,9.814043549999999783e-02,1.342370365999999982e-01,1.490565330000000015e-02,1.274114085999999979e-01,8.978368690000000651e-02,-3.498246289999999703e-02,1.522269505000000134e-01,2.604594899999999880e-03,-2.063444630000000057e-01,1.353720409999999985e-01,7.219007909999999861e-02,1.829098779999999841e-02,9.387640240000000302e-02,1.317308976999999881e-01,-1.278928233999999942e-01,-1.661557945800000047e+00,8.423599551999999546e-01,-5.424659343000000078e-01,-2.890270332000000053e-01,-2.377467075999999957e-01,7.024812749999999328e-02,4.461655131000000218e-01,7.030327500000000014e-03,-3.414952481999999900e-01,8.435672310999999812e-01,1.327962329300000022e+00,2.021263436000000080e-01,1.887093786000000051e-01,9.400548320000000346e-02
-3.560304699999999878e-02,-4.034841799999999701e-02,8.192591563000000132e-01,7.326241864000000437e-01,-5.874315050000000066e-02,-3.838496099999999869e-03,-6.780828192000000199e-01,9.867226619999999726e-02,1.346768308999999886e-01,1.591072829999999952e-02,1.273413532000000070e-01,8.912183649999999568e-02,-3.528548570000000079e-02,1.521687835999999960e-01,2.861171699999999832e-03,-2.059964789000000018e-01,1.354464002999999916e-01,7.123121860000000694e-02,1.791421309999999961e-02,9.443689809999999962e-02,1.300314196000000033e-01,-1.269347181999999907e-01,-1.645529909800000024e+00,8.415892909000000088e-01,-5.324212758999999906e-01,-3.352143906999999756e-01,-2.225869879000000051e-01,7.850248460000000539e-02,4.450890601999999974e-01,1.069167069999999928e-02,-3.435660501999999727e-01,8.413249513999999651e-01,1.324949855400000098e+00,2.026934183000000111e-01,1.886769764000000016e-01,9.176682980000000489e-02
-3.593895579999999840e-02,-4.062259359999999958e-02,8.191942955000000026e-01,7.322767369999999554e-01,-5.856293840000000028e-02,-3.849546799999999970e-03,-6.784735393999999920e-01,9.918533179999999838e-02,1.351260612000000083e-01,1.692132979999999912e-02,1.272952360999999866e-01,8.842487000000000263e-02,-3.560205749999999919e-02,1.521087450999999979e-01,3.129122299999999909e-03,-2.056366635999999914e-01,1.354923000000000100e-01,7.026850020000000030e-02,1.753156250000000027e-02,9.492215980000000275e-02,1.283723643999999942e-01,-1.259757995000000130e-01,-1.629699595099999954e+00,8.409664835000000283e-01,-5.225071955000000212e-01,-3.810993315000000270e-01,-2.074964860999999883e-01,8.662752790000000092e-02,4.431831673000000138e-01,1.429535269999999969e-02,-3.456346278999999910e-01,8.391840364000000552e-01,1.321989676699999894e+00,2.032917446999999989e-01,1.886158403000000039e-01,8.950351850000000387e-02
-3.618082499999999979e-02,-4.069293179999999843e-02,8.191056588999999777e-01,7.319451465999999851e-01,-5.865930779999999761e-02,-3.756700300000000072e-03,-6.788234492000000397e-01,9.933650450000000576e-02,1.356280890999999877e-01,1.752727440000000081e-02,1.272028038999999944e-01,8.791925629999999825e-02,-3.582111000000000323e-02,1.518172742999999991e-01,3.744789300000000206e-03,-2.052544733999999982e-01,1.353125517000000055e-01,6.945535369999999986e-02,1.716516670000000147e-02,9.587310799999999855e-02,1.262118982000000056e-01,-1.245647675000000065e-01,-1.609687734300000006e+00,8.400464194000000218e-01,-5.125097636000000012e-01,-4.197142359000000100e-01,-1.953040198000000061e-01,9.591049990000000136e-02,4.403379272999999872e-01,1.671814240000000021e-02,-3.469653541000000119e-01,8.395116876999999533e-01,1.316758535499999994e+00,2.016715196999999959e-01,1.885786050000000103e-01,8.884907370000000304e-02
-3.651838279999999881e-02,-4.088270239999999833e-02,8.190213087000000058e-01,7.316132394000000039e-01,-5.856736769999999759e-02,-3.649970000000000211e-03,-6.791896709000000421e-01,9.955196319999999599e-02,1.361984364000000114e-01,1.826277730000000141e-02,1.270934887000000069e-01,8.731206029999999396e-02,-3.606900670000000309e-02,1.514977395000000060e-01,4.346784700000000043e-03,-2.049893445000000036e-01,1.350265539000000126e-01,6.869646799999999665e-02,1.681414070000000066e-02,9.657437990000000694e-02,1.242651166000000029e-01,-1.233494950000000034e-01,-1.589867013399999918e+00,8.393948231000000204e-01,-5.025052651000000425e-01,-4.574437298999999846e-01,-1.837086212000000052e-01,1.045587899000000043e-01,4.367359344000000254e-01,1.914458900000000005e-02,-3.484869617999999947e-01,8.401123431999999447e-01,1.311292684100000105e+00,1.998181011000000062e-01,1.887653189000000065e-01,8.844355310000000248e-02
-3.677388560000000028e-02,-4.099871089999999885e-02,8.190227931000000350e-01,7.312829305000000391e-01,-5.846207939999999853e-02,-3.527457400000000038e-03,-6.795550146000000069e-01,9.973524500000000015e-02,1.367780453999999923e-01,1.899084620000000140e-02,1.269889244999999889e-01,8.669088090000000302e-02,-3.632787309999999797e-02,1.511568923000000120e-01,4.959942499999999907e-03,-2.047303560000000022e-01,1.347347580000000100e-01,6.792370949999999852e-02,1.645697039999999972e-02,9.717494440000000455e-02,1.223517461000000056e-01,-1.221616405999999960e-01,-1.570275240299999986e+00,8.388424844999999852e-01,-4.925902858999999800e-01,-4.948083920999999941e-01,-1.723344713999999944e-01,1.129574512000000031e-01,4.325669474000000125e-01,2.154800340000000147e-02,-3.500699932999999930e-01,8.408183138000000501e-01,1.305736052299999894e+00,1.979416026999999967e-01,1.890252429000000012e-01,8.807381829999999523e-02
-3.717567389999999750e-02,-4.102780150000000237e-02,8.190249291000000209e-01,7.309257094000000121e-01,-5.838067160000000311e-02,-3.571242400000000216e-03,-6.799459909999999718e-01,9.981804730000000403e-02,1.373143219000000081e-01,1.927145800000000173e-02,1.269597863999999965e-01,8.729601010000000161e-02,-3.659926589999999702e-02,1.509777391999999885e-01,4.943535300000000306e-03,-2.043875367999999915e-01,1.354348569000000113e-01,6.874172929999999848e-02,1.643079009999999854e-02,9.830053850000000648e-02,1.206474691999999960e-01,-1.201233258999999942e-01,-1.541198299800000004e+00,8.363369164999999716e-01,-4.792833839999999790e-01,-5.208673851999999771e-01,-1.666490529000000109e-01,1.195610312999999952e-01,4.289338136999999995e-01,2.199972780000000044e-02,-3.509978879999999801e-01,8.404070923999999998e-01,1.301479701799999944e+00,1.970883005999999882e-01,1.894347192999999985e-01,8.698367160000000653e-02
-3.744435680000000183e-02,-4.111265580000000169e-02,8.189457464999999603e-01,7.305911757999999923e-01,-5.826033679999999965e-02,-3.548849099999999788e-03,-6.803158624999999793e-01,9.998764359999999518e-02,1.377553044000000004e-01,2.014136290000000107e-02,1.267755647999999902e-01,8.729996389999999939e-02,-3.682026010000000182e-02,1.506240950999999939e-01,5.238626100000000167e-03,-2.037914610000000071e-01,1.355131499999999989e-01,6.859697739999999488e-02,1.625514180000000100e-02,9.947420319999999982e-02,1.194980657999999973e-01,-1.184148267000000032e-01,-1.511235893200000069e+00,8.336301538999999483e-01,-4.649243243000000247e-01,-5.462277468999999774e-01,-1.617608322000000098e-01,1.247218419000000050e-01,4.247537585999999754e-01,2.252775460000000160e-02,-3.522466142999999827e-01,8.401796581999999569e-01,1.297633183399999890e+00,1.963371680000000064e-01,1.897189549999999947e-01,8.580219649999999698e-02
-3.770524139999999885e-02,-4.121068349999999769e-02,8.189535681999999817e-01,7.302457553000000212e-01,-5.813291999999999765e-02,-3.502133000000000156e-03,-6.806977562999999565e-01,1.001279030999999986e-01,1.382197061999999865e-01,2.104023639999999876e-02,1.266163060000000118e-01,8.727039649999999982e-02,-3.703934400000000182e-02,1.502466225000000100e-01,5.558779899999999677e-03,-2.031636216999999911e-01,1.355568516000000001e-01,6.846722619999999482e-02,1.608444900000000066e-02,1.006199651000000000e-01,1.185342825000000044e-01,-1.168141092000000020e-01,-1.481124902099999918e+00,8.306262141000000376e-01,-4.504064758999999918e-01,-5.714366423000000195e-01,-1.570631888000000032e-01,1.294791399999999926e-01,4.202656609000000043e-01,2.307233770000000073e-02,-3.536458238999999892e-01,8.400640081000000370e-01,1.293847498999999956e+00,1.956118555999999953e-01,1.899391749000000074e-01,8.462050640000000346e-02
-3.823453300000000110e-02,-4.121531030000000206e-02,8.188762584000000011e-01,7.297947125999999507e-01,-5.811958670000000327e-02,-3.474508600000000055e-03,-6.811825885000000191e-01,1.003124497000000004e-01,1.387629324999999914e-01,2.180594979999999836e-02,1.264319194000000091e-01,8.691367179999999470e-02,-3.739405180000000134e-02,1.496910626000000077e-01,6.637848400000000149e-03,-2.016059716999999973e-01,1.355135360999999983e-01,6.762625519999999890e-02,1.560449920000000004e-02,1.017642346000000031e-01,1.165625374999999936e-01,-1.149642072999999959e-01,-1.448835058500000050e+00,8.252218362000000029e-01,-4.334721555000000115e-01,-5.954087869999999949e-01,-1.511878533000000080e-01,1.340518609999999944e-01,4.175272347000000273e-01,2.326382609999999920e-02,-3.550691221000000231e-01,8.414810480000000092e-01,1.288901332000000011e+00,1.936728976000000046e-01,1.898341363000000115e-01,8.390196419999999822e-02
-3.867017240000000106e-02,-4.122768450000000029e-02,8.187946462999999842e-01,7.293129295000000401e-01,-5.809254330000000049e-02,-3.437188299999999978e-03,-6.817008824000000411e-01,1.004857289000000015e-01,1.392971685000000126e-01,2.260710700000000128e-02,1.262756225999999982e-01,8.652044640000000619e-02,-3.774464079999999971e-02,1.492706731000000009e-01,7.471057899999999571e-03,-2.006797505000000037e-01,1.355211094999999866e-01,6.715787260000000147e-02,1.524212659999999928e-02,1.029483687000000008e-01,1.148119291000000014e-01,-1.132628088999999977e-01,-1.416184851899999986e+00,8.193098105999999659e-01,-4.163866916000000251e-01,-6.196202145000000439e-01,-1.451805396999999997e-01,1.385054916000000025e-01,4.145916077999999838e-01,2.352055419999999827e-02,-3.567612532000000169e-01,8.429968479999999653e-01,1.283852603900000000e+00,1.916362045999999986e-01,1.897599905000000031e-01,8.330692350000000468e-02
-3.910471480000000249e-02,-4.124788809999999778e-02,8.187127406999999968e-01,7.288327919000000543e-01,-5.805773709999999949e-02,-3.392660599999999804e-03,-6.822173777000000161e-01,1.006457077000000033e-01,1.398277884000000137e-01,2.340258699999999900e-02,1.261167054000000010e-01,8.612013100000000254e-02,-3.809257039999999761e-02,1.488502274000000070e-01,8.307002200000000031e-03,-1.997550610999999920e-01,1.355048604999999906e-01,6.669162400000000490e-02,1.488385539999999979e-02,1.040859340000000050e-01,1.131365614999999963e-01,-1.116061274000000048e-01,-1.383637291499999922e+00,8.129025053999999750e-01,-3.994614157999999970e-01,-6.439095565000000354e-01,-1.392196111000000014e-01,1.429250750000000125e-01,4.114384291000000027e-01,2.378999819999999890e-02,-3.585564994000000061e-01,8.445647120999999480e-01,1.278767625800000030e+00,1.895866623999999945e-01,1.897017826000000074e-01,8.273100279999999473e-02
-3.938185830000000276e-02,-4.107112990000000297e-02,8.186603179000000452e-01,7.285751727000000511e-01,-5.793938209999999894e-02,-3.545909800000000139e-03,-6.825017746000000551e-01,1.010924123000000036e-01,1.411954967999999866e-01,2.505328050000000042e-02,1.260262963000000069e-01,8.537016440000000372e-02,-3.845100900000000127e-02,1.483428518000000085e-01,8.345193100000000350e-03,-1.991581678000000077e-01,1.354583823999999936e-01,6.508220289999999686e-02,1.432273230000000001e-02,1.050097811000000048e-01,1.114684167000000031e-01,-1.091117508000000041e-01,-1.341269728000000105e+00,8.013418409000000464e-01,-3.811352989999999830e-01,-6.626499488999999521e-01,-1.362948532000000101e-01,1.456933857999999915e-01,4.083723226000000039e-01,2.307173850000000109e-02,-3.598879786999999997e-01,8.467807948000000140e-01,1.273538331399999946e+00,1.867168556999999895e-01,1.897826602000000085e-01,8.269825040000000627e-02
-3.965490160000000042e-02,-4.106243080000000073e-02,8.185200128999999825e-01,7.282367110999999893e-01,-5.792771869999999851e-02,-3.641365100000000174e-03,-6.828633923000000383e-01,1.013666879000000021e-01,1.416793778000000059e-01,2.601366169999999936e-02,1.258486444999999954e-01,8.458453579999999916e-02,-3.873197739999999917e-02,1.478494143000000094e-01,8.723681999999999964e-03,-1.983173087000000001e-01,1.355274492000000108e-01,6.406992329999999791e-02,1.403368330000000046e-02,1.059270437999999953e-01,1.105687602999999991e-01,-1.069759683999999961e-01,-1.297647124899999893e+00,7.890403405000000481e-01,-3.622618338999999965e-01,-6.821811411999999519e-01,-1.334108524000000018e-01,1.480130839000000087e-01,4.049011366999999972e-01,2.256944469999999994e-02,-3.617204638000000028e-01,8.493407723000000464e-01,1.268379104799999935e+00,1.837558290000000094e-01,1.898903335999999886e-01,8.280178909999999504e-02
-3.991314060000000080e-02,-4.098174889999999654e-02,8.184680703000000168e-01,7.278976174000000299e-01,-5.789604450000000041e-02,-3.707928599999999863e-03,-6.832271641999999590e-01,1.015883518999999985e-01,1.421549713999999964e-01,2.698234529999999839e-02,1.256679850000000098e-01,8.378307990000000149e-02,-3.899274710000000255e-02,1.473253751999999972e-01,9.100009399999999318e-03,-1.974654799999999988e-01,1.355407393999999988e-01,6.307689430000000541e-02,1.376518889999999926e-02,1.067129156999999939e-01,1.098634200000000033e-01,-1.049652969999999991e-01,-1.254089077699999999e+00,7.759219934000000096e-01,-3.437579517000000084e-01,-7.020623945999999727e-01,-1.305417212999999965e-01,1.502972328999999940e-01,4.012317860999999874e-01,2.207371329999999882e-02,-3.637747249000000127e-01,8.520802184000000334e-01,1.263191007899999940e+00,1.807976333000000102e-01,1.899936278999999895e-01,8.293810579999999488e-02
-3.982598419999999750e-02,-4.130827520000000114e-02,8.183164920000000064e-01,7.278192829999999836e-01,-5.847053759999999711e-02,-4.723223700000000157e-03,-6.832554270999999790e-01,1.037655023000000065e-01,1.412028351000000070e-01,2.781742010000000029e-02,1.284050793000000024e-01,8.138129730000000228e-02,-3.908466619999999975e-02,1.498134636000000020e-01,7.613625100000000201e-03,-1.971822906000000042e-01,1.387373509000000005e-01,6.036902119999999761e-02,1.386340030000000022e-02,1.008525427000000058e-01,1.129276926999999986e-01,-9.965427270000000448e-02,-1.158215737699999970e+00,7.557186765000000195e-01,-3.139448988999999912e-01,-7.386145012999999482e-01,-1.286323818000000008e-01,1.577403722999999869e-01,3.951014084999999731e-01,1.733125569999999921e-02,-3.671764639999999802e-01,8.601907237000000483e-01,1.259743624399999984e+00,1.798631888999999984e-01,1.909742987999999975e-01,8.252433430000000181e-02
-3.976275549999999659e-02,-4.156179589999999674e-02,8.183686707999999754e-01,7.276161383999999455e-01,-5.832426880000000230e-02,-4.630684000000000362e-03,-6.834848876000000351e-01,1.041499592999999974e-01,1.412941470999999893e-01,2.954403220000000052e-02,1.279586444999999961e-01,8.032362379999999358e-02,-3.951556789999999958e-02,1.498450104999999866e-01,7.516109200000000053e-03,-1.959019616999999880e-01,1.383830345000000017e-01,5.960135879999999692e-02,1.336918869999999954e-02,1.000921659999999963e-01,1.133149940000000022e-01,-9.682552690000000017e-02,-1.080545826700000100e+00,7.281710003000000375e-01,-2.954859434000000062e-01,-7.594510370999999482e-01,-1.316694459999999955e-01,1.592821547999999920e-01,3.889952696000000265e-01,1.439377730000000050e-02,-3.687948683999999755e-01,8.634265782000000167e-01,1.256194059300000054e+00,1.791791244000000005e-01,1.908121158999999956e-01,8.195017749999999879e-02
-3.975785910000000090e-02,-4.181143379999999882e-02,8.183300810000000425e-01,7.273888631999999577e-01,-5.811590640000000030e-02,-4.464236600000000103e-03,-6.837456060000000058e-01,1.043177312999999939e-01,1.414871074999999867e-01,3.129816600000000226e-02,1.275157755000000115e-01,7.930073490000000280e-02,-4.004101730000000220e-02,1.496563790999999866e-01,7.525727599999999622e-03,-1.945905709000000094e-01,1.379706491999999896e-01,5.889627039999999897e-02,1.276974510000000035e-02,1.003847275000000067e-01,1.127325410999999999e-01,-9.398701639999999802e-02,-1.008067930099999954e+00,6.978895005999999901e-01,-2.822608914999999996e-01,-7.776747805000000513e-01,-1.352940478999999918e-01,1.595362851000000082e-01,3.832139258999999742e-01,1.175486880000000019e-02,-3.695764401000000143e-01,8.654619690999999504e-01,1.252602452399999899e+00,1.783447545999999884e-01,1.905402116000000090e-01,8.129514629999999575e-02
-3.968509099999999873e-02,-4.202828310000000095e-02,8.182524702000000261e-01,7.276882630000000018e-01,-5.794740329999999856e-02,-4.255103799999999936e-03,-6.834425977000000429e-01,1.040321609999999980e-01,1.409279227000000134e-01,2.822002549999999901e-02,1.271352007000000062e-01,8.049734999999999530e-02,-3.918473199999999990e-02,1.495784333999999882e-01,7.334233100000000366e-03,-1.981572332000000047e-01,1.380538367999999960e-01,5.935391219999999746e-02,1.359497060000000070e-02,9.864505040000000335e-02,1.116405956000000033e-01,-8.999960360000000548e-02,-9.426328160000000400e-01,6.439088352999999820e-01,-2.847192537000000079e-01,-7.960188191000000524e-01,-1.421796382000000136e-01,1.580036361000000111e-01,3.769723483999999902e-01,7.729619699999999878e-03,-3.706489961000000166e-01,8.714988734999999931e-01,1.244156469300000012e+00,1.744626301999999962e-01,1.903389184000000012e-01,8.276551000000000047e-02
-3.954669599999999924e-02,-4.235858859999999670e-02,8.182140704000000486e-01,7.278308926000000012e-01,-5.776548139999999887e-02,-4.115558899999999937e-03,-6.833069610999999988e-01,1.041923497000000060e-01,1.406212944999999936e-01,2.750946140000000081e-02,1.267128020000000133e-01,7.934827649999999510e-02,-3.915497939999999788e-02,1.497358051999999884e-01,7.021693600000000063e-03,-1.988255126000000039e-01,1.379854675999999947e-01,5.824975219999999759e-02,1.356805510000000034e-02,9.722817570000000242e-02,1.103095676000000053e-01,-8.597861380000000608e-02,-8.797875665000000067e-01,5.886970810999999637e-01,-2.917984569000000028e-01,-8.144425433999999964e-01,-1.487631178999999915e-01,1.567893216000000034e-01,3.707786137999999898e-01,3.988926200000000345e-03,-3.716552235999999731e-01,8.769563718999999757e-01,1.235387317400000073e+00,1.704426508999999923e-01,1.901943388000000013e-01,8.408429670000000522e-02
-3.950619749999999958e-02,-4.263397139999999808e-02,8.180810707000000237e-01,7.279656522999999879e-01,-5.757736990000000138e-02,-3.971722300000000115e-03,-6.831801234000000056e-01,1.043852851000000026e-01,1.403366779999999925e-01,2.681991120000000103e-02,1.263090122999999954e-01,7.813925929999999964e-02,-3.914941899999999780e-02,1.499153447000000083e-01,6.730159999999999788e-03,-1.994715368999999960e-01,1.379326975999999871e-01,5.709047679999999791e-02,1.353054560000000080e-02,9.585980049999999475e-02,1.088281395999999984e-01,-8.186976170000000164e-02,-8.188550440999999847e-01,5.329760525000000193e-01,-3.028764782000000211e-01,-8.327332965999999503e-01,-1.553506327999999992e-01,1.555677409000000011e-01,3.646577842000000014e-01,2.177028999999999922e-04,-3.725590082999999941e-01,8.823408258999999587e-01,1.226569490699999987e+00,1.663913885999999953e-01,1.900456255999999899e-01,8.537935550000000373e-02
-3.947452650000000257e-02,-4.276660709999999949e-02,8.180154614000000324e-01,7.280140928999999650e-01,-5.733856460000000266e-02,-3.751316499999999936e-03,-6.831498351000000469e-01,1.035187932999999949e-01,1.405518128000000089e-01,2.660330210000000015e-02,1.257692689999999891e-01,7.891931839999999365e-02,-3.931316490000000274e-02,1.494932797000000091e-01,6.928946499999999800e-03,-1.996566183000000050e-01,1.367501282999999956e-01,5.793463010000000218e-02,1.387136570000000076e-02,9.514199869999999393e-02,1.077066348000000062e-01,-7.729924870000000336e-02,-7.672092430000000407e-01,4.928518150000000264e-01,-3.536711704000000123e-01,-8.507609781999999621e-01,-1.809027451000000120e-01,1.527259544000000024e-01,3.418806890000000154e-01,-4.248097699999999963e-03,-3.829247296000000134e-01,8.993823587999999480e-01,1.201870308700000001e+00,1.461980800999999885e-01,1.912265989999999971e-01,9.373298160000000101e-02
-3.951353070000000051e-02,-4.293560960000000065e-02,8.179802563000000415e-01,7.282135748000000408e-01,-5.707815019999999684e-02,-3.530537099999999859e-03,-6.829601815000000409e-01,1.029910946999999938e-01,1.406517834999999883e-01,2.595621379999999909e-02,1.252941435999999908e-01,7.785177170000000257e-02,-3.942646970000000112e-02,1.492679246999999987e-01,6.905588499999999567e-03,-2.002799996999999887e-01,1.362191386999999920e-01,5.731893049999999684e-02,1.392927730000000086e-02,9.443948100000000567e-02,1.061467712999999979e-01,-7.263384159999999867e-02,-7.155120026000000300e-01,4.544646972999999979e-01,-4.068260796000000012e-01,-8.681349978000000300e-01,-2.066230728000000016e-01,1.494773091000000109e-01,3.191858626999999893e-01,-8.686424400000000018e-03,-3.932298050999999961e-01,9.163531132000000134e-01,1.177216560299999992e+00,1.257872516000000107e-01,1.920252766999999972e-01,1.020578144999999964e-01
-3.957865160000000049e-02,-4.305796840000000042e-02,8.178446199000000139e-01,7.284089315999999759e-01,-5.682395009999999941e-02,-3.327080200000000123e-03,-6.827740458000000068e-01,1.025222224000000015e-01,1.407783257999999926e-01,2.530492520000000162e-02,1.249143553999999962e-01,7.666703240000000141e-02,-3.958490729999999957e-02,1.490925713000000041e-01,6.896087700000000202e-03,-2.009010186000000087e-01,1.358044976999999987e-01,5.656548790000000271e-02,1.396038479999999957e-02,9.356059229999999505e-02,1.044894667000000055e-01,-6.789992799999999828e-02,-6.634731418999999519e-01,4.179744403000000275e-01,-4.621972361000000196e-01,-8.859847892000000114e-01,-2.324805940999999931e-01,1.470026846999999970e-01,2.972027364000000005e-01,-1.362201319999999972e-02,-4.037474164000000032e-01,9.334867040000000005e-01,1.152159869699999950e+00,1.053414812999999978e-01,1.933810187999999985e-01,1.108100481999999970e-01
-3.964994539999999734e-02,-4.360128249999999789e-02,8.178472653999999675e-01,7.285903602000000090e-01,-5.649577590000000316e-02,-2.920934200000000099e-03,-6.826095388999999791e-01,1.021855215000000011e-01,1.404291658000000054e-01,2.483084890000000072e-02,1.244834058999999965e-01,7.723508789999999902e-02,-3.964395219999999886e-02,1.490473532999999906e-01,7.138683600000000039e-03,-2.015320976999999958e-01,1.352723211999999897e-01,5.571092689999999903e-02,1.388032470000000011e-02,9.203143589999999985e-02,1.031351581999999933e-01,-6.332746420000000265e-02,-6.034075595000000236e-01,3.851074595000000267e-01,-5.107398252999999499e-01,-8.767994125000000416e-01,-2.497629903999999956e-01,1.487923401000000034e-01,2.718526090000000228e-01,-1.903587840000000100e-02,-4.081341258999999777e-01,9.452613088000000330e-01,1.141319432900000042e+00,9.476906659999999316e-02,1.956611436000000037e-01,1.223203504999999941e-01
-3.972046469999999940e-02,-4.409601230000000094e-02,8.177725197999999862e-01,7.287741999000000304e-01,-5.610746579999999900e-02,-2.585088299999999811e-03,-6.824466537000000166e-01,1.018639920999999948e-01,1.403630138999999999e-01,2.384308279999999836e-02,1.240993610000000053e-01,7.653001619999999505e-02,-4.012689419999999896e-02,1.490503873000000035e-01,7.191543300000000430e-03,-2.020695292999999948e-01,1.347604595999999932e-01,5.495888740000000328e-02,1.388235799999999916e-02,9.027267710000000389e-02,1.014744821999999935e-01,-5.864152949999999753e-02,-5.425985835000000090e-01,3.537010769999999749e-01,-5.608983665000000229e-01,-8.666844941000000357e-01,-2.666227442999999919e-01,1.501240568999999969e-01,2.457153356000000011e-01,-2.481148500000000118e-02,-4.122840292000000129e-01,9.574091554000000448e-01,1.131044729899999934e+00,8.428985279999999525e-02,1.975117821000000051e-01,1.338903768999999966e-01
-3.981135610000000047e-02,-4.464467190000000196e-02,8.176860644000000233e-01,7.289559143999999602e-01,-5.570733890000000021e-02,-2.240059300000000076e-03,-6.822865595999999533e-01,1.015738107999999973e-01,1.403317470000000067e-01,2.285525730000000089e-02,1.237571987000000012e-01,7.572399239999999532e-02,-4.064805209999999835e-02,1.490929206999999923e-01,7.275170000000000074e-03,-2.026101872999999942e-01,1.342749081000000066e-01,5.410781580000000035e-02,1.386354059999999992e-02,8.830238329999999525e-02,9.968388370000000331e-02,-5.389472110000000094e-02,-4.807262064000000223e-01,3.240932367000000092e-01,-6.127883133000000537e-01,-8.564086377999999833e-01,-2.830473661999999835e-01,1.516043343000000043e-01,2.191806949000000004e-01,-3.076762469999999930e-02,-4.163840722000000105e-01,9.697517721999999729e-01,1.120800398799999931e+00,7.379065370000000013e-02,1.992679350000000071e-01,1.454917890999999908e-01
-3.956550030000000051e-02,-4.482418850000000066e-02,8.176986031999999849e-01,7.290737067000000460e-01,-5.543641860000000227e-02,-1.971752199999999861e-03,-6.821835867000000109e-01,1.008900964000000039e-01,1.398636755000000065e-01,2.310116740000000071e-02,1.234924993999999970e-01,7.573052349999999378e-02,-4.000445440000000019e-02,1.485644483999999932e-01,6.811632100000000224e-03,-2.032938648000000015e-01,1.340991266999999876e-01,5.417126679999999944e-02,1.392929600000000073e-02,8.496455009999999419e-02,9.753483949999999791e-02,-4.995414799999999683e-02,-4.443684546000000180e-01,3.249384137999999922e-01,-6.721774294000000260e-01,-8.094643333000000052e-01,-2.977914818999999880e-01,1.600721374999999891e-01,1.662604562999999980e-01,-4.766708769999999928e-02,-4.489042059999999723e-01,9.966528163000000218e-01,1.050503295900000023e+00,3.646461320000000256e-02,1.993414333999999899e-01,1.808398330000000054e-01
-3.934645440000000133e-02,-4.487591290000000205e-02,8.177035661999999538e-01,7.291767487000000436e-01,-5.534617490000000306e-02,-1.890193700000000103e-03,-6.820810049000000097e-01,1.005739298000000032e-01,1.392810191999999947e-01,2.253664569999999992e-02,1.235067861000000017e-01,7.538358859999999551e-02,-4.006477740000000121e-02,1.484540350000000120e-01,6.313840999999999724e-03,-2.039858142000000041e-01,1.341405626000000129e-01,5.408431390000000005e-02,1.396407749999999982e-02,8.147418210000000049e-02,9.553519929999999827e-02,-4.563734149999999767e-02,-4.078576728000000151e-01,3.259980550000000088e-01,-7.307375315999999899e-01,-7.602476279000000003e-01,-3.109962511000000096e-01,1.674493046999999957e-01,1.110511227000000045e-01,-6.577983079999999427e-02,-4.840227488000000133e-01,1.024550129100000095e+00,9.782897570999999903e-01,-4.174030999999999813e-04,1.994387917999999871e-01,2.181799584999999930e-01
-3.912092419999999710e-02,-4.494922619999999758e-02,8.176126567999999484e-01,7.292671187999999471e-01,-5.535768249999999807e-02,-1.902829700000000001e-03,-6.819834130999999910e-01,1.004087517000000068e-01,1.387148645999999874e-01,2.199719160000000034e-02,1.236869025999999955e-01,7.499104090000000000e-02,-4.011387289999999994e-02,1.484984423000000053e-01,5.816162599999999926e-03,-2.046407161999999891e-01,1.343112200000000089e-01,5.398842699999999856e-02,1.399991599999999940e-02,7.770088690000000187e-02,9.353530760000000610e-02,-4.142509469999999805e-02,-3.704051446000000136e-01,3.279060782000000063e-01,-7.889673100999999855e-01,-7.106290567999999919e-01,-3.224496899000000028e-01,1.749846778999999963e-01,5.466792549999999890e-02,-8.563303270000000023e-02,-5.205405952999999641e-01,1.053639834299999967e+00,9.058273727000000219e-01,-3.641078600000000054e-02,1.985728850000000045e-01,2.570407207000000027e-01
-3.950881810000000244e-02,-4.515450759999999758e-02,8.175732364000000141e-01,7.295181337999999682e-01,-5.529798460000000249e-02,-1.910607300000000033e-03,-6.817197187000000325e-01,1.007743381999999938e-01,1.393925027000000039e-01,2.086577319999999985e-02,1.234133748999999974e-01,7.459085520000000025e-02,-4.073981299999999972e-02,1.488083162999999931e-01,6.260523100000000077e-03,-2.050296078000000133e-01,1.342739629999999962e-01,5.336836570000000335e-02,1.351109300000000006e-02,7.727236910000000181e-02,9.422427419999999942e-02,-4.008497660000000240e-02,-3.238503490999999901e-01,3.463134955000000126e-01,-8.086529013000000043e-01,-6.094729227999999832e-01,-3.216205496999999802e-01,1.889107154999999927e-01,-7.427603300000000172e-03,-1.010396503000000057e-01,-5.416625426000000187e-01,1.047536544199999975e+00,8.572471448999999799e-01,-4.096392759999999827e-02,2.051171108000000021e-01,2.866214787999999958e-01
-3.990043010000000195e-02,-4.527765499999999999e-02,8.175472214000000237e-01,7.296933199999999786e-01,-5.530514529999999707e-02,-2.000706200000000167e-03,-6.815313616000000518e-01,1.010820099999999999e-01,1.398357829000000108e-01,1.988596249999999982e-02,1.232730050000000049e-01,7.449231289999999617e-02,-4.134701949999999848e-02,1.491770940000000101e-01,6.691952000000000143e-03,-2.055761560999999904e-01,1.343479005000000059e-01,5.289952099999999796e-02,1.297189820000000000e-02,7.678650569999999342e-02,9.453432280000000076e-02,-3.863695019999999897e-02,-2.778917770000000065e-01,3.636266082999999871e-01,-8.273359388000000036e-01,-5.035953636000000122e-01,-3.160241408999999724e-01,1.995908634999999931e-01,-7.289610030000000240e-02,-1.168406528999999944e-01,-5.618661546000000007e-01,1.042309971599999940e+00,8.106758423000000047e-01,-4.466838740000000224e-02,2.102958404999999975e-01,3.153250316999999803e-01
-4.026965450000000168e-02,-4.537801889999999727e-02,8.175188620000000128e-01,7.298651440000000212e-01,-5.534238229999999953e-02,-2.113025599999999917e-03,-6.813439861000000208e-01,1.014241292000000044e-01,1.402602511999999912e-01,1.891756749999999945e-02,1.231811118000000066e-01,7.437991080000000421e-02,-4.192214980000000257e-02,1.495824313000000128e-01,7.100612899999999943e-03,-2.061008233999999939e-01,1.344539412000000100e-01,5.243931760000000025e-02,1.246243240000000085e-02,7.626162590000000463e-02,9.469734439999999420e-02,-3.713250629999999969e-02,-2.315063049999999956e-01,3.809681893999999902e-01,-8.453176035999999671e-01,-3.967307290000000042e-01,-3.058634850999999988e-01,2.091769770999999944e-01,-1.393844116999999883e-01,-1.327976164000000125e-01,-5.822744877000000097e-01,1.037563628500000057e+00,7.641696620000000273e-01,-4.800100479999999670e-02,2.151771215999999931e-01,3.439594702000000059e-01
-4.091621110000000228e-02,-4.526573939999999768e-02,8.174528421000000211e-01,7.299516539999999498e-01,-5.551025960000000037e-02,-2.310117200000000055e-03,-6.812370051999999676e-01,1.015371813000000012e-01,1.410727199000000043e-01,1.775937890000000088e-02,1.231136932999999933e-01,7.426854289999999803e-02,-4.257184029999999675e-02,1.500117709000000077e-01,8.105755500000000682e-03,-2.061021786999999994e-01,1.346829126000000099e-01,5.208368630000000110e-02,1.145923289999999962e-02,7.481648450000000228e-02,9.463057860000000099e-02,-3.670865379999999761e-02,-1.977891193999999908e-01,4.036663424999999972e-01,-8.605948251999999687e-01,-2.579690030999999828e-01,-2.758087102999999818e-01,2.231555410999999933e-01,-2.069607518999999896e-01,-1.419132210999999866e-01,-6.123795812000000227e-01,1.024421846399999891e+00,7.292834057999999509e-01,-5.112816249999999757e-02,2.199118918000000089e-01,3.725938522999999725e-01
-4.153502919999999682e-02,-4.501661500000000288e-02,8.173948304999999470e-01,7.300693925000000251e-01,-5.573319730000000222e-02,-2.548868699999999946e-03,-6.810917678000000253e-01,1.018258756000000043e-01,1.419888159999999899e-01,1.732987370000000152e-02,1.232044174999999964e-01,7.415388520000000538e-02,-4.342002159999999722e-02,1.503189608000000121e-01,8.851988099999999471e-03,-2.062526754000000018e-01,1.350029989000000041e-01,5.181781330000000130e-02,1.065190289999999942e-02,7.408210739999999961e-02,9.443216290000000512e-02,-3.594203990000000015e-02,-1.643941364000000016e-01,4.245847191000000076e-01,-8.769654607000000324e-01,-1.165720873000000019e-01,-2.381752874999999992e-01,2.333859900999999959e-01,-2.736007671999999835e-01,-1.505040652000000090e-01,-6.428036137000000538e-01,1.010330614599999954e+00,6.942387443999999963e-01,-5.457434829999999876e-02,2.245207277999999862e-01,4.017160116999999864e-01
-4.198963330000000244e-02,-4.477904469999999942e-02,8.173356284999999666e-01,7.301750350000000278e-01,-5.596655059999999793e-02,-2.778778100000000011e-03,-6.809584729000000003e-01,1.021252599999999955e-01,1.428330499999999892e-01,1.697217980000000070e-02,1.233545917999999963e-01,7.396617549999999486e-02,-4.415803449999999852e-02,1.506479018999999919e-01,9.522625300000000376e-03,-2.063293719000000026e-01,1.353143682999999875e-01,5.156560510000000180e-02,9.958121000000000334e-03,7.346157520000000385e-02,9.404342079999999937e-02,-3.500255139999999821e-02,-1.302158333000000001e-01,4.451445016999999726e-01,-8.941169520999999731e-01,2.576886650000000112e-02,-1.946524126999999993e-01,2.397853769000000135e-01,-3.368312520999999782e-01,-1.584681075000000106e-01,-6.733837847000000432e-01,9.962000036999999475e-01,6.594571195999999746e-01,-5.788049420000000028e-02,2.284088281999999970e-01,4.304009662000000125e-01
-4.240321429999999864e-02,-4.465361999999999804e-02,8.173228165000000489e-01,7.300435250000000265e-01,-5.622939490000000012e-02,-3.009381499999999945e-03,-6.810768314999999795e-01,1.024335249999999975e-01,1.430724906999999990e-01,1.658982869999999984e-02,1.237130778999999958e-01,7.431661539999999400e-02,-4.444351039999999697e-02,1.509546224999999964e-01,1.013833989999999956e-02,-2.060190738000000077e-01,1.357892830000000106e-01,5.135900370000000270e-02,9.655209799999999939e-03,7.347318129999999559e-02,9.437979800000000086e-02,-3.477758119999999759e-02,-1.200815288000000036e-01,4.492269582000000261e-01,-9.075733618000000336e-01,9.883733429999999598e-02,-1.620006082999999875e-01,2.406749713999999929e-01,-3.766017466000000091e-01,-1.667509909000000068e-01,-6.843089984000000348e-01,9.941562149999999543e-01,6.424058353999999582e-01,-6.224439880000000314e-02,2.325570583999999885e-01,4.477537990000000079e-01
-4.289068179999999675e-02,-4.463840919999999962e-02,8.172967302000000434e-01,7.300307629000000187e-01,-5.640102179999999937e-02,-3.111305400000000110e-03,-6.810758619000000236e-01,1.026879928000000025e-01,1.438897785999999901e-01,1.625195070000000006e-02,1.238719127999999975e-01,7.429870880000000177e-02,-4.483338030000000307e-02,1.511357088999999987e-01,1.079290779999999943e-02,-2.060255820999999932e-01,1.360874863000000046e-01,5.123234139999999909e-02,9.248287900000000741e-03,7.293189649999999580e-02,9.447601519999999919e-02,-3.445735149999999691e-02,-1.089909664000000000e-01,4.561215168000000153e-01,-9.218068966000000364e-01,1.662607167000000052e-01,-1.310421730999999923e-01,2.446187908999999938e-01,-4.119527372999999826e-01,-1.763336667000000024e-01,-6.939543541999999565e-01,9.931348657999999885e-01,6.274550436000000397e-01,-6.629647819999999470e-02,2.354638236999999912e-01,4.644120286999999792e-01
-4.337345670000000014e-02,-4.455014859999999882e-02,8.172696296000000471e-01,7.300216430000000534e-01,-5.656277650000000184e-02,-3.202585100000000014e-03,-6.810717997999999884e-01,1.029243326999999958e-01,1.446988931000000034e-01,1.590325700000000050e-02,1.240414108000000015e-01,7.425612819999999337e-02,-4.521588459999999893e-02,1.513142511999999995e-01,1.143835240000000072e-02,-2.060364895000000030e-01,1.363683011000000056e-01,5.109480980000000172e-02,8.852547500000000277e-03,7.223059969999999497e-02,9.441983630000000405e-02,-3.411616120000000169e-02,-9.750537400000000576e-02,4.634247074999999771e-01,-9.363859607000000196e-01,2.328828032999999964e-01,-9.957037770000000398e-02,2.482435785000000061e-01,-4.455263581000000195e-01,-1.861151195999999897e-01,-7.034157961000000459e-01,9.923554902000000233e-01,6.127539780999999852e-01,-7.031564610000000382e-02,2.381397638999999955e-01,4.810266527000000014e-01
-4.314666050000000308e-02,-4.464151229999999831e-02,8.172287053000000245e-01,7.297124636999999803e-01,-5.655977610000000044e-02,-2.988682299999999986e-03,-6.814042704999999644e-01,1.029490396000000002e-01,1.449665150999999985e-01,1.653246499999999966e-02,1.239346612000000042e-01,7.358520550000000049e-02,-4.519486550000000047e-02,1.511920733000000072e-01,1.215985900000000029e-02,-2.057357920000000007e-01,1.362528540999999871e-01,5.129770609999999981e-02,8.734392000000000544e-03,7.036462949999999772e-02,9.467229209999999950e-02,-3.349286679999999988e-02,-8.695749070000000081e-02,4.590454749999999806e-01,-9.419175422000000131e-01,3.179050773000000052e-01,-7.235672669999999862e-02,2.531541815000000195e-01,-4.654527949999999747e-01,-1.884700666999999941e-01,-7.028148334999999580e-01,9.803535826000000508e-01,6.243657644000000229e-01,-6.739094830000000313e-02,2.416957385999999874e-01,4.842796475999999739e-01
-4.302277449999999948e-02,-4.469295630000000297e-02,8.171979085999999670e-01,7.294410830999999984e-01,-5.659240649999999762e-02,-2.757376199999999819e-03,-6.816930413999999772e-01,1.029519329999999955e-01,1.452426840999999913e-01,1.723528339999999895e-02,1.238474023000000063e-01,7.294702649999999788e-02,-4.519532040000000250e-02,1.510906515999999866e-01,1.239559439999999950e-02,-2.055263291999999964e-01,1.361732363000000001e-01,5.155088990000000065e-02,8.642474600000000021e-03,6.881677690000000125e-02,9.481863190000000552e-02,-3.296474370000000015e-02,-7.728247409999999817e-02,4.541519450000000013e-01,-9.477899094999999718e-01,4.043559629999999849e-01,-4.472534429999999728e-02,2.571401268999999878e-01,-4.838179792000000257e-01,-1.912703148999999880e-01,-7.013263569000000031e-01,9.681886259999999966e-01,6.376928456999999550e-01,-6.458717890000000017e-02,2.442919781000000012e-01,4.873921657999999990e-01
-4.280174359999999734e-02,-4.474074499999999843e-02,8.171672130999999561e-01,7.291686099999999948e-01,-5.662889840000000230e-02,-2.528616799999999862e-03,-6.819823400000000202e-01,1.029561063000000026e-01,1.455056259999999990e-01,1.794518310000000130e-02,1.237706024999999932e-01,7.230497950000000507e-02,-4.518102739999999701e-02,1.509928161000000102e-01,1.262106600000000023e-02,-2.053076641999999896e-01,1.360962894999999950e-01,5.181143869999999679e-02,8.566732299999999314e-03,6.727181270000000268e-02,9.492139380000000348e-02,-3.240552919999999809e-02,-6.771479040000000227e-02,4.495072265999999761e-01,-9.541247596999999914e-01,4.911469437000000049e-01,-1.721276210000000084e-02,2.602995229000000244e-01,-4.999366534999999945e-01,-1.940285992000000126e-01,-6.997551360999999526e-01,9.561943574000000279e-01,6.515385178999999471e-01,-6.161371160000000263e-02,2.462625814000000135e-01,4.900617663999999873e-01
-4.304956280000000329e-02,-4.505242839999999693e-02,8.171374754000000351e-01,7.291892483999999897e-01,-5.637079529999999838e-02,-2.176734599999999818e-03,-6.819828703000000436e-01,1.028158393999999975e-01,1.457895201999999946e-01,1.794959230000000086e-02,1.234320247000000037e-01,7.214680960000000032e-02,-4.549594790000000000e-02,1.498492134999999947e-01,1.300551450000000074e-02,-2.041093099999999882e-01,1.358853076000000049e-01,5.150343990000000316e-02,8.408294199999999385e-03,6.631782260000000651e-02,9.463634980000000529e-02,-3.144919239999999921e-02,-5.814643039999999735e-02,4.455603083999999936e-01,-9.439872796999999593e-01,5.918358948999999924e-01,1.025441300000000085e-03,2.602347053999999882e-01,-4.878734130999999863e-01,-1.927776120999999954e-01,-6.882011201000000078e-01,9.450624098000000028e-01,6.721571466000000328e-01,-5.259631120000000243e-02,2.453402557999999900e-01,4.802928196999999844e-01
-4.322035550000000170e-02,-4.530614279999999744e-02,8.170974068999999895e-01,7.290780100000000541e-01,-5.613333420000000268e-02,-1.821302899999999994e-03,-6.821224135000000244e-01,1.026704110999999975e-01,1.461946252999999918e-01,1.822846189999999950e-02,1.231261121000000042e-01,7.176756669999999338e-02,-4.579091440000000041e-02,1.493632977000000084e-01,1.351576359999999942e-02,-2.037988907999999932e-01,1.358064568000000027e-01,5.125294710000000142e-02,8.225820999999999480e-03,6.515535309999999358e-02,9.432818839999999871e-02,-3.054447479999999882e-02,-4.948853639999999804e-02,4.424142918000000257e-01,-9.344764839000000434e-01,6.930340243000000511e-01,1.744782950000000124e-02,2.594308245999999984e-01,-4.730925758999999786e-01,-1.923822504000000100e-01,-6.760746082999999906e-01,9.347824258000000386e-01,6.938331507999999648e-01,-4.319493969999999711e-02,2.438021912999999985e-01,4.701675515000000027e-01
-4.348387410000000008e-02,-4.545021190000000239e-02,8.170561514999999941e-01,7.289701782999999935e-01,-5.592310219999999804e-02,-1.495683299999999924e-03,-6.822557062999999866e-01,1.025695461000000058e-01,1.466064433000000000e-01,1.849484310000000173e-02,1.228432029999999980e-01,7.139839430000000098e-02,-4.608736979999999983e-02,1.489307199000000081e-01,1.403132720000000062e-02,-2.034977867999999968e-01,1.357456505000000091e-01,5.101201639999999871e-02,8.037119500000000291e-03,6.398026480000000571e-02,9.401972299999999949e-02,-2.964555669999999893e-02,-4.155256999999999701e-02,4.403494765000000033e-01,-9.261189053999999699e-01,7.939264269000000374e-01,3.193021669999999979e-02,2.584247000000000072e-01,-4.558750704000000264e-01,-1.920232685000000106e-01,-6.639202007000000183e-01,9.247626699000000006e-01,7.159660700000000100e-01,-3.357429499999999706e-02,2.416642598000000031e-01,4.597030846999999865e-01
-4.354377489999999851e-02,-4.599760280000000229e-02,8.170944405000000188e-01,7.289350318999999745e-01,-5.540002599999999805e-02,-1.117619100000000068e-03,-6.823366524999999738e-01,1.013117003000000016e-01,1.471590107000000092e-01,1.932539139999999919e-02,1.224233071999999978e-01,7.186951440000000080e-02,-4.663065839999999684e-02,1.477954747000000124e-01,1.432687529999999987e-02,-2.023129872999999967e-01,1.352672966000000032e-01,5.105714459999999982e-02,7.807048900000000333e-03,6.304928690000000113e-02,9.392646679999999693e-02,-2.827944320000000053e-02,-3.430212059999999952e-02,4.423229900000000270e-01,-9.155894424999999615e-01,8.577229334999999510e-01,3.483175300000000002e-02,2.549138226000000063e-01,-4.361449090000000250e-01,-1.848778285999999882e-01,-6.542086966000000281e-01,8.892945813999999505e-01,7.564053353999999896e-01,-3.432023299999999860e-03,2.378621152000000016e-01,4.301232995000000003e-01
-4.367850310000000180e-02,-4.638381340000000130e-02,8.170930255999999670e-01,7.288677220000000512e-01,-5.500283730000000287e-02,-6.184781999999999563e-04,-6.824413154999999787e-01,1.007392505000000021e-01,1.476069043000000081e-01,1.996972990000000017e-02,1.219792856000000009e-01,7.166983309999999663e-02,-4.712361100000000275e-02,1.470061655999999883e-01,1.478258730000000035e-02,-2.017819284000000046e-01,1.349690353999999926e-01,5.114065660000000069e-02,7.610910499999999981e-03,6.272969059999999875e-02,9.402264629999999845e-02,-2.724474249999999861e-02,-2.734533160000000157e-02,4.457797284000000193e-01,-9.062044416000000213e-01,9.195899587000000430e-01,3.635356730000000036e-02,2.526145370999999806e-01,-4.159378550999999757e-01,-1.783722725999999925e-01,-6.448687757000000076e-01,8.537287615999999968e-01,7.973189352999999757e-01,2.694563250000000035e-02,2.328329450999999939e-01,4.010153228000000181e-01
-4.368819429999999671e-02,-4.685083129999999957e-02,8.171540081999999483e-01,7.287839968999999529e-01,-5.388279640000000204e-02,9.160245999999999710e-04,-6.826197265000000236e-01,9.818401840000000325e-02,1.482848612000000066e-01,2.072076470000000156e-02,1.195958354999999973e-01,7.290304640000000447e-02,-4.749027969999999876e-02,1.444518160999999912e-01,1.573112089999999935e-02,-2.012326802999999942e-01,1.321150070999999870e-01,5.305811039999999701e-02,7.434762499999999878e-03,6.092129450000000057e-02,9.567616029999999328e-02,-2.905257290000000034e-02,-1.794829980000000116e-02,4.510435497999999988e-01,-8.954146930999999920e-01,9.745610751000000072e-01,3.677997570000000188e-02,2.550120504999999760e-01,-3.963290674000000124e-01,-1.729395337999999893e-01,-6.398943568999999609e-01,8.201305121999999947e-01,8.323509157999999797e-01,5.684912730000000330e-02,2.315282603999999911e-01,3.751011307000000072e-01
-4.372327329999999707e-02,-4.688318830000000326e-02,8.170611153000000293e-01,7.285504554999999716e-01,-5.425917450000000003e-02,2.260607999999999888e-04,-6.828397504000000007e-01,9.926981140000000481e-02,1.479924891999999936e-01,2.089542210000000164e-02,1.214972138000000035e-01,7.130572659999999396e-02,-4.780274450000000092e-02,1.452948317999999961e-01,1.519455999999999932e-02,-2.009730995000000020e-01,1.343996583000000022e-01,5.081152709999999656e-02,7.342428100000000270e-03,6.187019850000000099e-02,9.346264760000000393e-02,-2.594524559999999980e-02,-2.542769099999999879e-03,4.630415587000000222e-01,-8.470820491999999646e-01,1.041131391399999995e+00,1.672761279999999962e-02,2.490534413000000113e-01,-3.709330480999999957e-01,-1.736128359999999926e-01,-6.516947540999999955e-01,7.865320829999999930e-01,8.519812766000000037e-01,7.421047660000000545e-02,2.206447904000000126e-01,3.458367545000000098e-01
-4.371470969999999984e-02,-4.696629179999999709e-02,8.170517646999999606e-01,7.283490979000000198e-01,-5.410670229999999664e-02,4.761379999999999736e-04,-6.830664898999999624e-01,9.877919029999999989e-02,1.481060238999999945e-01,2.136739420000000056e-02,1.214178251999999958e-01,7.119316459999999736e-02,-4.802849079999999687e-02,1.446194986000000071e-01,1.530191650000000021e-02,-2.006901245999999917e-01,1.343315126999999887e-01,5.088954319999999809e-02,7.464527000000000315e-03,6.103891759999999916e-02,9.301310220000000295e-02,-2.521831570000000050e-02,1.483594430000000075e-02,4.767061801999999959e-01,-7.966214556999999807e-01,1.101842945800000084e+00,-3.967170400000000034e-03,2.465440654999999925e-01,-3.473158050999999857e-01,-1.745606198999999914e-01,-6.676135787000000432e-01,7.549914945000000266e-01,8.656601505000000030e-01,9.103253930000000660e-02,2.139397483999999905e-01,3.192020291000000065e-01
-4.372670750000000328e-02,-4.701440380000000002e-02,8.170412880999999850e-01,7.281522210999999967e-01,-5.397155690000000200e-02,7.143587000000000287e-04,-6.832868385000000488e-01,9.822764539999999378e-02,1.482539750000000101e-01,2.180030360000000111e-02,1.214483276000000028e-01,7.107343570000000665e-02,-4.828260169999999685e-02,1.439301759000000125e-01,1.544115589999999968e-02,-2.004294869999999895e-01,1.342853810999999897e-01,5.099708149999999940e-02,7.548180600000000025e-03,6.029604980000000114e-02,9.260726819999999526e-02,-2.472487630000000033e-02,3.205892519999999773e-02,4.912433499000000148e-01,-7.465230043999999676e-01,1.162527089699999960e+00,-2.516961659999999990e-02,2.433685074999999975e-01,-3.243053964000000011e-01,-1.749039404999999936e-01,-6.837847583999999701e-01,7.236513333999999853e-01,8.795432278000000492e-01,1.078827217000000033e-01,2.066726529000000034e-01,2.924480112999999770e-01
-4.364461919999999828e-02,-4.740476419999999774e-02,8.170324375999999944e-01,7.282201987999999959e-01,-5.359772830000000127e-02,1.126868700000000076e-03,-6.832432625000000037e-01,9.775723370000000134e-02,1.484134383000000057e-01,2.215929709999999928e-02,1.215532765000000015e-01,7.077519620000000122e-02,-4.759247810000000189e-02,1.433764348000000077e-01,1.545491119999999920e-02,-1.999905906999999983e-01,1.341928403000000047e-01,5.087403089999999878e-02,7.692957299999999936e-03,6.201464680000000340e-02,9.374603739999999574e-02,-2.556609049999999939e-02,3.994859369999999993e-02,5.071481797000000347e-01,-6.469503241999999821e-01,1.200796593800000034e+00,-8.876076130000000453e-02,2.362631189000000131e-01,-2.670189485999999723e-01,-1.636295208000000112e-01,-7.008020410999999950e-01,6.706268833999999845e-01,9.306626734999999817e-01,1.376552101000000083e-01,1.997587791999999862e-01,2.480280066999999977e-01
-4.360908630000000230e-02,-4.771205059999999998e-02,8.170195231000000335e-01,7.282541912000000117e-01,-5.342237839999999793e-02,1.334744899999999995e-03,-6.832203896999999859e-01,9.729992319999999917e-02,1.484446634000000098e-01,2.209936300000000034e-02,1.220522141000000005e-01,7.040574430000000328e-02,-4.758830609999999822e-02,1.431052966999999954e-01,1.541457419999999953e-02,-2.001911137000000063e-01,1.345398780000000016e-01,5.069323109999999966e-02,7.833446799999999391e-03,6.374785460000000070e-02,9.478001939999999848e-02,-2.656559650000000009e-02,4.846554720000000038e-02,5.254550595000000435e-01,-5.483142480999999568e-01,1.239821025399999943e+00,-1.524352213999999872e-01,2.263291813999999957e-01,-2.110886952999999899e-01,-1.524862003000000132e-01,-7.183471000000000162e-01,6.184335842999999500e-01,9.833303529000000376e-01,1.676472109000000099e-01,1.912048055999999996e-01,2.043541714000000065e-01
-4.360658829999999875e-02,-4.794172769999999889e-02,8.169984737000000052e-01,7.282854217999999991e-01,-5.335005140000000090e-02,1.427156499999999908e-03,-6.831925640999999549e-01,9.696092920000000392e-02,1.485106552000000080e-01,2.201110350000000035e-02,1.228080933000000041e-01,6.996944389999999736e-02,-4.762392649999999672e-02,1.429775745000000098e-01,1.538706150000000022e-02,-2.004038056000000123e-01,1.350924448999999972e-01,5.046411969999999719e-02,7.917611999999999220e-03,6.572698120000000643e-02,9.595159429999999823e-02,-2.786337750000000141e-02,5.776344950000000117e-02,5.464236953000000119e-01,-4.505734477000000182e-01,1.278839859200000095e+00,-2.154748568000000031e-01,2.153606124000000122e-01,-1.575627641000000023e-01,-1.411142485000000113e-01,-7.372746344999999701e-01,5.665553786000000480e-01,1.035940523400000091e+00,1.975613928000000130e-01,1.828781157999999907e-01,1.622778146999999949e-01
-4.375742140000000308e-02,-4.811275100000000221e-02,8.169692361000000513e-01,7.285974423000000089e-01,-5.331911329999999838e-02,1.418871300000000037e-03,-6.828622305999999531e-01,9.683072580000000318e-02,1.486499655999999892e-01,2.162585189999999963e-02,1.236612146999999939e-01,6.966420759999999990e-02,-4.797430639999999968e-02,1.431471263999999910e-01,1.545314430000000079e-02,-2.010614407000000103e-01,1.357896835000000080e-01,5.006660250000000145e-02,7.877988500000000435e-03,6.665839190000000247e-02,9.743408130000000278e-02,-2.891415250000000173e-02,6.911551859999999492e-02,5.678669039999999502e-01,-3.794738242999999844e-01,1.323157017099999999e+00,-2.640558990999999911e-01,2.042603487000000106e-01,-9.469463129999999840e-02,-1.350618378000000008e-01,-7.512485995000000027e-01,5.201587028999999918e-01,1.077901826600000001e+00,2.288778757000000108e-01,1.731497237999999883e-01,1.046013452999999954e-01
-4.394113699999999817e-02,-4.826752769999999998e-02,8.169355567999999623e-01,7.288967353999999954e-01,-5.332922169999999851e-02,1.362987800000000022e-03,-6.825420760000000531e-01,9.666794820000000621e-02,1.488363605999999950e-01,2.122231980000000018e-02,1.245142890999999946e-01,6.937783100000000092e-02,-4.837340429999999886e-02,1.434777271000000076e-01,1.555102600000000078e-02,-2.016584536000000094e-01,1.364596084999999959e-01,4.968164500000000344e-02,7.789143000000000108e-03,6.801671460000000002e-02,9.903165129999999539e-02,-3.038757569999999894e-02,8.128087840000000619e-02,5.912654145000000305e-01,-3.096456730000000102e-01,1.367595324400000090e+00,-3.121787896000000062e-01,1.929243804000000118e-01,-3.365140920000000285e-02,-1.280389620999999867e-01,-7.667880829000000009e-01,4.738768595999999778e-01,1.119092332399999945e+00,2.602050479999999943e-01,1.636238208999999943e-01,4.778382510000000333e-02
-4.415979340000000114e-02,-4.850170599999999860e-02,8.168945864000000112e-01,7.291934954000000024e-01,-5.336109929999999918e-02,1.280045100000000088e-03,-6.822226915000000336e-01,9.656076460000000139e-02,1.490655954000000005e-01,2.080595589999999911e-02,1.253921943999999900e-01,6.908329439999999488e-02,-4.882299009999999800e-02,1.438663364999999972e-01,1.569132720000000064e-02,-2.022637646000000067e-01,1.371449686000000001e-01,4.927709759999999994e-02,7.646939099999999767e-03,6.948703879999999777e-02,1.007474861000000055e-01,-3.204126940000000257e-02,9.484103750000000277e-02,6.164563054999999681e-01,-2.406998858000000130e-01,1.413399751800000104e+00,-3.597809234000000078e-01,1.799838447000000063e-01,2.531002250000000120e-02,-1.202647453000000033e-01,-7.835837109000000078e-01,4.281069158999999957e-01,1.160946461300000010e+00,2.913786751999999924e-01,1.528045231000000059e-01,-8.020485399999999210e-03
-4.454561630000000022e-02,-4.860682510000000067e-02,8.168846432999999907e-01,7.297221847000000539e-01,-5.328818980000000344e-02,1.110822700000000047e-03,-6.816631631999999774e-01,9.581338809999999373e-02,1.491658841000000069e-01,1.972025479999999983e-02,1.260330581999999922e-01,6.907023610000000147e-02,-4.895809539999999849e-02,1.440526889000000033e-01,1.574497279999999971e-02,-2.033134453999999869e-01,1.377201855000000086e-01,4.881336299999999850e-02,7.474465700000000254e-03,7.070280560000000158e-02,1.011407170000000050e-01,-3.205746930000000217e-02,1.070258590999999954e-01,6.324523891000000120e-01,-1.988038146999999978e-01,1.421760933600000110e+00,-3.879877588000000266e-01,1.674973129000000005e-01,4.779133609999999810e-02,-1.052981338999999933e-01,-7.992351020000000306e-01,4.020731300000000008e-01,1.191572225100000049e+00,3.081663601999999891e-01,1.478311543999999977e-01,-3.017040370000000082e-02
-4.487601439999999720e-02,-4.878961839999999828e-02,8.168799491999999551e-01,7.302217609000000165e-01,-5.310784450000000101e-02,1.152041099999999950e-03,-6.811419893000000281e-01,9.514952679999999496e-02,1.493251087999999949e-01,1.872206020000000137e-02,1.264570054999999971e-01,6.907290870000000471e-02,-4.904534409999999900e-02,1.441707462000000051e-01,1.581998260000000087e-02,-2.044612201000000073e-01,1.380630183999999872e-01,4.862355320000000258e-02,7.456338800000000128e-03,7.223681839999999965e-02,1.019734521000000005e-01,-3.287772349999999733e-02,1.213123534999999975e-01,6.485826397999999715e-01,-1.563377079999999919e-01,1.427399862199999925e+00,-4.150105431000000178e-01,1.569113283000000136e-01,6.939982270000000231e-02,-8.893815350000000564e-02,-8.161318237000000364e-01,3.749240643000000262e-01,1.221257826700000049e+00,3.239358574000000268e-01,1.438386644000000103e-01,-5.024162239999999807e-02
-4.511001020000000167e-02,-4.899153850000000088e-02,8.168744938999999983e-01,7.307157774000000439e-01,-5.289916289999999771e-02,1.231766299999999910e-03,-6.806281025999999512e-01,9.442228639999999951e-02,1.494883623000000106e-01,1.774421249999999853e-02,1.268560156999999911e-01,6.907157299999999722e-02,-4.912714380000000186e-02,1.442362218000000085e-01,1.590377850000000010e-02,-2.055881214999999984e-01,1.383431240999999923e-01,4.845827459999999670e-02,7.448143499999999688e-03,7.383087570000000655e-02,1.028573638000000040e-01,-3.388846799999999798e-02,1.364961675999999957e-01,6.645968786000000517e-01,-1.135720872000000048e-01,1.432691449700000064e+00,-4.417417858000000086e-01,1.464608096999999998e-01,9.091467879999999557e-02,-7.196474740000000092e-02,-8.332598732999999536e-01,3.474727442000000166e-01,1.250891140700000070e+00,3.395407035999999934e-01,1.400064067000000023e-01,-6.983313230000000316e-02
-4.498639659999999901e-02,-4.904634070000000318e-02,8.169570680000000085e-01,7.309536940999999954e-01,-5.194158859999999794e-02,2.609920300000000051e-03,-6.804424713000000180e-01,9.206269209999999592e-02,1.494048581999999903e-01,1.598628159999999909e-02,1.232113777999999937e-01,7.192137869999999655e-02,-5.000080640000000021e-02,1.422903481999999997e-01,1.678220279999999981e-02,-2.063281487999999997e-01,1.346271514999999863e-01,5.038129909999999878e-02,7.055457799999999627e-03,7.445219710000000601e-02,1.050740123999999998e-01,-3.791921089999999994e-02,1.465925536000000085e-01,6.698729879000000498e-01,-9.102668889999999957e-02,1.437476284099999946e+00,-4.590524272000000017e-01,1.420270520999999952e-01,1.025602476000000013e-01,-6.044530020000000309e-02,-8.391761427999999690e-01,3.350004529999999758e-01,1.279564437099999896e+00,3.510268268999999774e-01,1.423837138999999863e-01,-7.345015909999999537e-02
-4.495049000000000267e-02,-4.923241770000000295e-02,8.169664161999999896e-01,7.312002609000000097e-01,-5.149223039999999835e-02,3.129256200000000033e-03,-6.802094798000000164e-01,9.079980949999999496e-02,1.491585953000000020e-01,1.505153279999999968e-02,1.228050817999999933e-01,7.212845160000000422e-02,-5.013312400000000113e-02,1.417727517000000048e-01,1.680530389999999874e-02,-2.071226193000000049e-01,1.337657278000000116e-01,5.090809720000000205e-02,7.103665500000000063e-03,7.541719610000000018e-02,1.063177631999999984e-01,-4.059544109999999734e-02,1.556949596999999963e-01,6.752512191999999747e-01,-7.009923960000000176e-02,1.443850131100000045e+00,-4.772779326000000100e-01,1.371567814000000107e-01,1.164982700000000010e-01,-4.996322520000000267e-02,-8.434401725000000294e-01,3.236441836999999766e-01,1.311921921099999944e+00,3.630005638000000090e-01,1.437564085999999963e-01,-7.787168780000000567e-02
-4.484046500000000296e-02,-4.945915299999999876e-02,8.169595725999999614e-01,7.314405512999999637e-01,-5.122177680000000038e-02,3.411837699999999834e-03,-6.799701528999999578e-01,8.991329550000000392e-02,1.488616580000000078e-01,1.411696490000000082e-02,1.229183207000000000e-01,7.203026960000000201e-02,-5.026784549999999824e-02,1.415704516999999885e-01,1.671017179999999963e-02,-2.078896644000000071e-01,1.335557344999999951e-01,5.106371650000000179e-02,7.158528499999999677e-03,7.644575269999999423e-02,1.073898144999999998e-01,-4.258027529999999783e-02,1.643320256999999951e-01,6.807968027999999894e-01,-4.956384309999999765e-02,1.450738197700000010e+00,-4.958137819999999807e-01,1.320960154999999969e-01,1.306708383999999890e-01,-4.017720179999999947e-02,-8.476160969999999573e-01,3.128590928000000160e-01,1.345498035599999920e+00,3.751544454999999889e-01,1.445775353000000041e-01,-8.202479399999999810e-02
-4.493788199999999844e-02,-4.977077950000000084e-02,8.169722474999999706e-01,7.316519519999999943e-01,-5.097388399999999709e-02,3.705536499999999896e-03,-6.797597761000000460e-01,8.923364459999999498e-02,1.489754454999999977e-01,1.284505109999999929e-02,1.230992166999999998e-01,7.218584540000000382e-02,-5.005136090000000121e-02,1.407675479999999923e-01,1.651731689999999877e-02,-2.092185021999999894e-01,1.334355671000000132e-01,5.108941019999999750e-02,7.397055999999999944e-03,7.644743140000000159e-02,1.077957134000000067e-01,-4.260261459999999806e-02,1.703699342999999977e-01,6.802400221000000080e-01,-5.225350160000000188e-02,1.451596722399999928e+00,-4.991856907000000176e-01,1.305069708000000106e-01,1.337704254000000037e-01,-3.491790220000000333e-02,-8.431308983999999951e-01,3.175401005999999859e-01,1.363876509400000048e+00,3.785010563999999800e-01,1.429738412000000070e-01,-7.821545309999999862e-02
-4.511238280000000322e-02,-5.008701399999999915e-02,8.169820598999999461e-01,7.319103635000000496e-01,-5.072589730000000297e-02,3.983654199999999736e-03,-6.794985163000000217e-01,8.855358939999999346e-02,1.489025405999999940e-01,1.105982120000000013e-02,1.231705072999999956e-01,7.236446520000000548e-02,-5.031419429999999665e-02,1.405239383000000120e-01,1.661312200000000100e-02,-2.102671190000000023e-01,1.334875769999999962e-01,5.115241279999999807e-02,7.561208500000000422e-03,7.652701900000000168e-02,1.083298579000000067e-01,-4.294167640000000341e-02,1.758839094999999908e-01,6.800266828000000041e-01,-5.530802049999999914e-02,1.452622474800000063e+00,-5.008976910000000338e-01,1.304276504999999919e-01,1.354112869000000108e-01,-2.918497399999999894e-02,-8.389874747000000133e-01,3.221537899999999954e-01,1.381234874300000026e+00,3.809312702000000050e-01,1.426954700999999992e-01,-7.400888440000000235e-02
-4.520386430000000039e-02,-5.040476590000000229e-02,8.169909445999999908e-01,7.321756547000000115e-01,-5.049179220000000329e-02,4.251440500000000164e-03,-6.792284701999999896e-01,8.791642519999999517e-02,1.488396205999999999e-01,9.248074000000000225e-03,1.232322601000000045e-01,7.254593380000000369e-02,-5.058283050000000197e-02,1.403455173000000000e-01,1.672112280000000173e-02,-2.113376168999999971e-01,1.335006780999999920e-01,5.122223640000000272e-02,7.720782199999999887e-03,7.671806289999999473e-02,1.088701137000000069e-01,-4.328607129999999942e-02,1.811445607000000124e-01,6.800006889999999915e-01,-5.844660260000000135e-02,1.453797484399999895e+00,-5.022237867000000078e-01,1.306743484000000011e-01,1.366601526000000011e-01,-2.313055140000000107e-02,-8.349622034000000470e-01,3.265134007000000116e-01,1.398150497400000081e+00,3.831658094000000014e-01,1.428811312000000111e-01,-6.975240859999999599e-02
-4.503759890000000321e-02,-5.062004900000000029e-02,8.169931816000000069e-01,7.325138991999999849e-01,-5.025359530000000213e-02,4.362878100000000189e-03,-6.788806440000000331e-01,8.754455930000000496e-02,1.484721073999999974e-01,1.053245969999999990e-02,1.232014911999999990e-01,7.134401440000000261e-02,-4.914769179999999710e-02,1.405304990000000032e-01,1.595831899999999859e-02,-2.128316180000000002e-01,1.333520507000000022e-01,5.097323250000000000e-02,8.514411600000000580e-03,7.678227420000000025e-02,1.085374456999999987e-01,-4.398664900000000266e-02,1.798154012000000024e-01,6.724937703000000155e-01,-6.946837209999999485e-02,1.450319555000000094e+00,-4.999509811999999775e-01,1.306676663000000127e-01,1.345180591000000037e-01,-2.329134290000000121e-02,-8.239262881000000149e-01,3.391133135000000132e-01,1.400164858399999934e+00,3.789802031999999765e-01,1.408389754999999910e-01,-6.021096339999999769e-02
-4.474714679999999833e-02,-5.078922810000000010e-02,8.170117479999999821e-01,7.328350225999999967e-01,-5.017373339999999654e-02,4.447833299999999664e-03,-6.785393452000000325e-01,8.724348789999999965e-02,1.477743994000000061e-01,9.931359600000000051e-03,1.232167601000000029e-01,7.047098470000000281e-02,-4.853526550000000078e-02,1.408350854000000041e-01,1.524892779999999920e-02,-2.141045069999999995e-01,1.334846107000000059e-01,5.123248770000000257e-02,9.392405499999999241e-03,7.658125320000000458e-02,1.085480719999999955e-01,-4.399483540000000137e-02,1.783112850999999943e-01,6.644374762000000434e-01,-8.005519049999999803e-02,1.446621846900000063e+00,-4.975000551000000049e-01,1.311532649000000106e-01,1.328665370999999873e-01,-2.353894130000000126e-02,-8.131326271000000050e-01,3.515562233999999786e-01,1.400670442600000065e+00,3.739005939000000223e-01,1.401364569999999921e-01,-5.081423639999999714e-02
-4.445157980000000175e-02,-5.085753500000000232e-02,8.170298997999999591e-01,7.331836081000000505e-01,-5.013427460000000058e-02,4.494538499999999916e-03,-6.781652825999999745e-01,8.702635429999999728e-02,1.470627328000000122e-01,9.257751499999999564e-03,1.232367116000000068e-01,6.961308360000000028e-02,-4.791101200000000282e-02,1.412756121000000031e-01,1.453248530000000004e-02,-2.154525015000000043e-01,1.335930787999999869e-01,5.149676269999999695e-02,1.028292920000000062e-02,7.620242010000000121e-02,1.086456989999999984e-01,-4.374808830000000148e-02,1.768831824000000053e-01,6.562243166000000238e-01,-9.042883020000000438e-02,1.442751994900000057e+00,-4.949982092999999916e-01,1.318069433999999873e-01,1.313965387999999901e-01,-2.367894720000000147e-02,-8.024534705000000434e-01,3.637917399000000218e-01,1.400615605899999894e+00,3.686320263999999791e-01,1.399918360000000084e-01,-4.155707079999999831e-02
-4.439292100000000185e-02,-5.099605489999999713e-02,8.170059498999999725e-01,7.334311237999999733e-01,-5.010831760000000051e-02,4.544757200000000032e-03,-6.778991726999999967e-01,8.712626880000000351e-02,1.475628908999999933e-01,9.259813800000000691e-03,1.233411256000000039e-01,7.150066369999999449e-02,-4.895937510000000076e-02,1.411929729999999994e-01,1.516155869999999926e-02,-2.144846049999999948e-01,1.334838449999999899e-01,5.035277879999999762e-02,8.687893599999999689e-03,7.449629030000000374e-02,1.085149903999999971e-01,-4.353259639999999819e-02,1.730385768999999907e-01,6.460340610000000483e-01,-1.039963309999999974e-01,1.440371392399999895e+00,-4.913884996999999810e-01,1.332511768999999902e-01,1.262159773000000040e-01,-2.585826180000000071e-02,-7.936765770000000497e-01,3.751711506000000029e-01,1.401377632500000026e+00,3.633541135000000200e-01,1.400930041000000015e-01,-3.456611150000000326e-02
-4.441588900000000006e-02,-5.108059940000000271e-02,8.170207668000000201e-01,7.335498509000000222e-01,-5.008950720000000106e-02,4.590766199999999665e-03,-6.777717774999999500e-01,8.723552869999999515e-02,1.475210154000000107e-01,8.658130300000000529e-03,1.231923515999999996e-01,7.150919170000000213e-02,-4.868372420000000034e-02,1.413846907000000097e-01,1.515890519999999950e-02,-2.151244189000000029e-01,1.335971234999999979e-01,4.980772719999999876e-02,9.357958600000000626e-03,7.331350550000000077e-02,1.087264245999999962e-01,-4.312601070000000175e-02,1.682083376000000075e-01,6.358233040999999863e-01,-1.180820060000000032e-01,1.439068579399999992e+00,-4.876440747999999936e-01,1.347216643999999963e-01,1.201988843000000029e-01,-2.823614450000000095e-02,-7.849164787000000310e-01,3.863681924999999850e-01,1.402587188400000073e+00,3.581175567000000060e-01,1.402291412999999987e-01,-2.783520860000000124e-02
-4.442973029999999768e-02,-5.123449859999999745e-02,8.170347159999999942e-01,7.336869972999999767e-01,-5.009366950000000013e-02,4.591446300000000431e-03,-6.776230020000000298e-01,8.736403530000000361e-02,1.474222122999999940e-01,8.008262199999999567e-03,1.231598520000000002e-01,7.147774619999999746e-02,-4.838352080000000305e-02,1.416715782999999895e-01,1.509906809999999981e-02,-2.158040609000000110e-01,1.337193311000000051e-01,4.926369910000000241e-02,1.005399459999999946e-02,7.224383659999999985e-02,1.089579331000000012e-01,-4.259112649999999972e-02,1.629658368000000135e-01,6.255872482000000012e-01,-1.324044809000000100e-01,1.438358956799999921e+00,-4.838656504000000136e-01,1.360622508999999869e-01,1.138637351000000020e-01,-3.049584909999999982e-02,-7.761855122999999912e-01,3.973316264000000264e-01,1.403916180800000024e+00,3.528993699999999900e-01,1.403184509000000024e-01,-2.110844350000000078e-02
-4.450252019999999947e-02,-5.103803259999999814e-02,8.169406958999999580e-01,7.335079262000000488e-01,-5.021744389999999864e-02,4.388754199999999987e-03,-6.778090212999999808e-01,8.751332339999999543e-02,1.474901922999999893e-01,8.305584300000000073e-03,1.231083964999999947e-01,7.128165820000000041e-02,-4.863812719999999895e-02,1.413649627000000131e-01,1.510840620000000051e-02,-2.149306189000000089e-01,1.338075793000000069e-01,5.036011349999999775e-02,7.935298400000000488e-03,7.044783860000000675e-02,1.093780391999999990e-01,-4.292060159999999680e-02,1.570471467000000010e-01,6.201688915999999940e-01,-1.386743414999999924e-01,1.439213589600000009e+00,-4.816929616000000247e-01,1.367562475999999916e-01,1.100686941999999974e-01,-3.480790639999999797e-02,-7.697549926000000209e-01,4.015200689999999795e-01,1.399750362000000026e+00,3.496887195000000226e-01,1.380248500000000045e-01,-1.570572320000000049e-02
-4.461990639999999925e-02,-5.088241660000000083e-02,8.168669540999999867e-01,7.333217443999999752e-01,-5.034371599999999669e-02,4.283172299999999690e-03,-6.780017579999999544e-01,8.770528260000000353e-02,1.477631262999999917e-01,8.642780200000000149e-03,1.230896692000000014e-01,7.092538360000000264e-02,-4.844244689999999826e-02,1.413051174000000132e-01,1.536195060000000029e-02,-2.144740394000000105e-01,1.337766740000000121e-01,5.000737269999999679e-02,7.767686400000000345e-03,6.874580969999999347e-02,1.096971072999999991e-01,-4.295121830000000335e-02,1.507921138999999966e-01,6.149666760999999982e-01,-1.442356696000000049e-01,1.440466443899999893e+00,-4.792159726999999925e-01,1.371013470000000123e-01,1.061286614000000045e-01,-3.861329819999999996e-02,-7.631239949000000466e-01,4.050430964999999772e-01,1.394217127799999956e+00,3.464110865999999733e-01,1.358934415999999978e-01,-1.080307259999999971e-02
-4.474197559999999740e-02,-5.064309899999999698e-02,8.167907146999999757e-01,7.331453634000000275e-01,-5.048574670000000042e-02,4.144494299999999971e-03,-6.781827840999999912e-01,8.796617240000000060e-02,1.480167109999999953e-01,8.953949600000000314e-03,1.230933773999999953e-01,7.054170260000000581e-02,-4.825074420000000086e-02,1.412935634999999968e-01,1.558807849999999974e-02,-2.140437513000000014e-01,1.338483045999999954e-01,4.957320330000000025e-02,7.601222999999999834e-03,6.708046080000000522e-02,1.099518864000000040e-01,-4.285673450000000023e-02,1.444256943999999987e-01,6.098056285999999826e-01,-1.497460479999999927e-01,1.441876484100000022e+00,-4.766055231999999919e-01,1.373122720000000130e-01,1.020729684000000054e-01,-4.206147610000000175e-02,-7.564828488999999490e-01,4.082365739000000104e-01,1.388178762299999924e+00,3.430908333000000088e-01,1.339759460000000124e-01,-6.126964300000000037e-03
-4.461228810000000128e-02,-5.063656610000000224e-02,8.167287975999999450e-01,7.330479197999999474e-01,-5.055673129999999765e-02,4.088593800000000014e-03,-6.782831618000000340e-01,8.827998230000000390e-02,1.480081518999999957e-01,9.486302599999999613e-03,1.231364873999999943e-01,6.991713489999999698e-02,-4.860220159999999873e-02,1.414199079000000026e-01,1.552801340000000037e-02,-2.134579111999999890e-01,1.339456474999999869e-01,4.902711059999999982e-02,7.575805799999999965e-03,6.605031549999999807e-02,1.095182009999999956e-01,-4.249963489999999955e-02,1.402370102999999923e-01,6.065472540999999884e-01,-1.527436121000000091e-01,1.439816469499999974e+00,-4.748226575000000227e-01,1.346513805000000008e-01,1.022622252000000009e-01,-4.417593730000000246e-02,-7.550174915999999792e-01,4.077981589999999934e-01,1.384066842600000014e+00,3.422527240000000082e-01,1.324442462000000043e-01,-8.889912700000000487e-03
-4.454396399999999839e-02,-5.056904959999999893e-02,8.165733421999999964e-01,7.329516891999999784e-01,-5.065311060000000226e-02,4.030020199999999678e-03,-6.783803082999999567e-01,8.861985930000000622e-02,1.480005064000000092e-01,1.004049540000000011e-02,1.231424891000000021e-01,6.911883389999999572e-02,-4.840514580000000039e-02,1.415205820000000059e-01,1.548354969999999990e-02,-2.128112477999999919e-01,1.340419805999999991e-01,4.845521500000000287e-02,7.586014599999999636e-03,6.511120110000000183e-02,1.091685584000000042e-01,-4.211108350000000028e-02,1.368386345000000004e-01,6.028816686000000313e-01,-1.556198548000000126e-01,1.436478527200000022e+00,-4.731779850000000232e-01,1.318059238000000022e-01,1.035166342999999933e-01,-4.564798590000000017e-02,-7.534932173999999705e-01,4.069559896000000121e-01,1.379537490899999996e+00,3.418486225999999850e-01,1.308078518999999940e-01,-1.271909000000000060e-02
-4.437944669999999842e-02,-5.060739799999999788e-02,8.165048918999999739e-01,7.328511792999999885e-01,-5.073898550000000007e-02,3.980617500000000267e-03,-6.784827624999999474e-01,8.896469630000000683e-02,1.479830876999999878e-01,1.061369820000000047e-02,1.231441016999999943e-01,6.829717479999999896e-02,-4.819923849999999815e-02,1.416236898000000077e-01,1.543013619999999975e-02,-2.121515642000000035e-01,1.341244231000000009e-01,4.787173849999999675e-02,7.610725599999999813e-03,6.421604309999999483e-02,1.088288010000000028e-01,-4.176444289999999698e-02,1.337815160999999975e-01,5.991025030000000084e-01,-1.584274015000000091e-01,1.432589155400000092e+00,-4.715897746000000113e-01,1.290847509999999976e-01,1.051707067000000051e-01,-4.684816440000000304e-02,-7.519741412999999541e-01,4.059891944999999835e-01,1.374718352899999996e+00,3.415191522000000091e-01,1.292072680999999945e-01,-1.681996129999999839e-02
-4.399194110000000102e-02,-5.051163000000000181e-02,8.165167054999999952e-01,7.325926672000000472e-01,-5.084915859999999954e-02,3.949567699999999987e-03,-6.787538198000000467e-01,8.923401799999999828e-02,1.476374605000000118e-01,1.123583509999999917e-02,1.231621596999999957e-01,6.770972159999999462e-02,-4.789782459999999964e-02,1.416583740000000036e-01,1.492656889999999931e-02,-2.115240610999999937e-01,1.342509209999999953e-01,4.782340610000000020e-02,7.642254099999999835e-03,6.394759020000000127e-02,1.087209088999999962e-01,-4.155777709999999847e-02,1.317363846000000061e-01,5.990575656000000082e-01,-1.584584065000000097e-01,1.430922638400000002e+00,-4.712365465000000198e-01,1.274862237000000120e-01,1.076474565000000022e-01,-4.797920420000000019e-02,-7.536031026999999716e-01,4.050716550999999832e-01,1.369914370899999900e+00,3.400381545000000227e-01,1.282717956999999964e-01,-2.145904059999999974e-02
-4.352410589999999857e-02,-5.042077229999999965e-02,8.164416147999999929e-01,7.324209037000000144e-01,-5.093133660000000174e-02,3.935584500000000388e-03,-6.789330821000000293e-01,8.945292990000000555e-02,1.473008198000000102e-01,1.189777189999999957e-02,1.231393038999999967e-01,6.714367450000000015e-02,-4.761121559999999947e-02,1.416186472000000030e-01,1.443015689999999941e-02,-2.108684275000000108e-01,1.343590611000000101e-01,4.779094760000000136e-02,7.659927100000000003e-03,6.339520190000000333e-02,1.086787012000000052e-01,-4.136969979999999963e-02,1.296541845999999998e-01,5.990488815000000189e-01,-1.582846079000000128e-01,1.429687009400000042e+00,-4.709250213999999768e-01,1.258667955999999977e-01,1.097585697999999971e-01,-4.925134330000000005e-02,-7.552226866000000260e-01,4.043466091999999845e-01,1.365041970200000065e+00,3.383524338000000187e-01,1.275023033000000083e-01,-2.592838340000000116e-02
-4.305787719999999708e-02,-5.023981150000000201e-02,8.163668304000000209e-01,7.322551071999999772e-01,-5.100998179999999965e-02,3.923997999999999722e-03,-6.791060609000000303e-01,8.965331740000000160e-02,1.469609439000000017e-01,1.253690889999999926e-02,1.231198584000000040e-01,6.658269120000000207e-02,-4.732115679999999991e-02,1.415662521999999923e-01,1.393127400000000043e-02,-2.102294544999999959e-01,1.344707575999999905e-01,4.775766580000000150e-02,7.675918900000000197e-03,6.274923220000000468e-02,1.086355382000000064e-01,-4.118376130000000329e-02,1.275550038999999913e-01,5.990597364999999952e-01,-1.580418281000000036e-01,1.428602464099999914e+00,-4.705877888000000175e-01,1.241764310999999982e-01,1.117435588999999979e-01,-5.061816699999999863e-02,-7.568499283999999827e-01,4.037180431999999874e-01,1.360171339299999893e+00,3.366234616000000068e-01,1.267916812999999865e-01,-3.035922900000000146e-02
-4.326511920000000039e-02,-5.032112849999999943e-02,8.163690649000000521e-01,7.319556243999999490e-01,-5.104642329999999756e-02,3.867533199999999890e-03,-6.794264263000000525e-01,9.002034200000000319e-02,1.467363150999999866e-01,1.320193639999999932e-02,1.231063399999999947e-01,6.630425830000000187e-02,-4.710494020000000059e-02,1.413627634000000077e-01,1.412316849999999992e-02,-2.095619213000000092e-01,1.343792722999999911e-01,4.742009700000000133e-02,7.622922499999999595e-03,6.248007850000000113e-02,1.084409699999999976e-01,-4.137136319999999701e-02,1.247117449000000045e-01,6.013420597999999950e-01,-1.545223632000000125e-01,1.426757018900000062e+00,-4.722518850999999906e-01,1.220431309000000047e-01,1.147000147999999997e-01,-5.092902450000000303e-02,-7.604731369999999657e-01,4.024349171000000114e-01,1.356313129399999928e+00,3.353123551000000147e-01,1.265558705000000006e-01,-3.551713869999999912e-02
-4.336286760000000046e-02,-5.041369429999999902e-02,8.163769389999999682e-01,7.316800247000000423e-01,-5.100507640000000176e-02,3.859824699999999786e-03,-6.797263607000000318e-01,9.025401160000000311e-02,1.468758514000000071e-01,1.364052429999999989e-02,1.230547528999999946e-01,6.604158649999999908e-02,-4.690477490000000138e-02,1.411946819000000075e-01,1.433774649999999991e-02,-2.086526162000000018e-01,1.343560594000000052e-01,4.709766230000000248e-02,7.516441900000000315e-03,6.231029190000000190e-02,1.083240013999999946e-01,-4.149292279999999833e-02,1.221468688000000025e-01,6.036928143999999996e-01,-1.509335532999999951e-01,1.424878674599999950e+00,-4.740823418999999816e-01,1.198993399999999931e-01,1.177014901000000002e-01,-5.122474590000000022e-02,-7.640196993000000214e-01,4.011967745000000196e-01,1.352426325299999954e+00,3.340585548000000182e-01,1.262855871000000130e-01,-4.069327670000000285e-02
-4.354928179999999899e-02,-5.050876990000000011e-02,8.163847790999999576e-01,7.314022379000000296e-01,-5.095776590000000023e-02,3.861214100000000000e-03,-6.800287959999999909e-01,9.045866639999999848e-02,1.470237269000000124e-01,1.408542389999999957e-02,1.230187712000000017e-01,6.577077970000000384e-02,-4.671140829999999994e-02,1.410061864999999914e-01,1.456305660000000064e-02,-2.077393201000000134e-01,1.343279022999999961e-01,4.677531430000000240e-02,7.406855399999999652e-03,6.212912269999999737e-02,1.082043973000000048e-01,-4.164863430000000089e-02,1.196482333999999981e-01,6.060526526999999719e-01,-1.473253499000000133e-01,1.422955124100000024e+00,-4.759348512000000087e-01,1.177442608000000002e-01,1.207171442999999955e-01,-5.151601570000000074e-02,-7.675550863000000223e-01,3.999875156000000098e-01,1.348529118799999926e+00,3.328138102000000043e-01,1.260133964000000051e-01,-4.587728549999999655e-02
-4.364481209999999944e-02,-5.050784280000000098e-02,8.163789955000000376e-01,7.310043621999999797e-01,-5.083692389999999728e-02,3.859452299999999864e-03,-6.804655276000000086e-01,9.083625709999999798e-02,1.474131374000000050e-01,1.538249969999999980e-02,1.230673575999999964e-01,6.550143440000000261e-02,-4.671712019999999660e-02,1.407564295000000021e-01,1.448855190000000043e-02,-2.080358419999999986e-01,1.343690053000000106e-01,4.677221919999999949e-02,7.428018699999999579e-03,6.153337720000000288e-02,1.081199657000000008e-01,-4.162408120000000294e-02,1.185397242999999962e-01,6.081137400999999665e-01,-1.442859431000000081e-01,1.425146496300000010e+00,-4.782496214999999995e-01,1.172407163000000058e-01,1.230906486999999994e-01,-5.066405649999999872e-02,-7.693065828999999800e-01,3.998771997000000189e-01,1.346856213299999938e+00,3.313681329000000009e-01,1.266646486999999932e-01,-4.756121960000000287e-02
-4.367890359999999916e-02,-5.052879820000000244e-02,8.162933809000000318e-01,7.307217590000000262e-01,-5.074926779999999749e-02,3.840222099999999941e-03,-6.807756425000000000e-01,9.107153869999999596e-02,1.475334272000000113e-01,1.625453060000000075e-02,1.230258607000000032e-01,6.480856629999999508e-02,-4.641950499999999979e-02,1.405347083000000052e-01,1.451557929999999948e-02,-2.074468218999999947e-01,1.343472286999999876e-01,4.646569240000000128e-02,7.331687600000000131e-03,6.082904979999999989e-02,1.080207943000000004e-01,-4.179137849999999682e-02,1.173421570000000025e-01,6.103797189999999873e-01,-1.414446343000000106e-01,1.428086454600000055e+00,-4.806671423000000165e-01,1.166323509999999952e-01,1.250141465000000063e-01,-5.004574099999999776e-02,-7.709698071999999680e-01,4.001435405000000056e-01,1.345673749099999927e+00,3.298632818000000189e-01,1.272247578000000046e-01,-4.859456999999999666e-02
-4.380279079999999797e-02,-5.054684100000000208e-02,8.162949599000000056e-01,7.304409965000000504e-01,-5.066060829999999987e-02,3.820157499999999977e-03,-6.810835924000000485e-01,9.128365350000000600e-02,1.476528998999999953e-01,1.711727919999999833e-02,1.230204210000000048e-01,6.410546970000000067e-02,-4.612364909999999707e-02,1.403050103000000048e-01,1.454002819999999918e-02,-2.068601915000000124e-01,1.343382303000000000e-01,4.615494779999999853e-02,7.231741899999999737e-03,6.008457529999999824e-02,1.079059723999999942e-01,-4.199110489999999946e-02,1.160583275000000025e-01,6.127021709000000094e-01,-1.386386481999999920e-01,1.431306054800000060e+00,-4.831014947999999753e-01,1.159063198000000044e-01,1.267471020000000004e-01,-4.958178380000000107e-02,-7.726173922000000305e-01,4.005469065999999745e-01,1.344731363099999966e+00,3.283541428000000262e-01,1.276893956000000052e-01,-4.946100169999999990e-02
-4.392037189999999786e-02,-5.062865899999999947e-02,8.162830473000000087e-01,7.302205712999999543e-01,-5.082931219999999722e-02,3.884044200000000193e-03,-6.813069885000000436e-01,9.165451339999999836e-02,1.481175634999999935e-01,1.694861560000000128e-02,1.231286040999999970e-01,6.553084639999999517e-02,-4.660455139999999941e-02,1.405050660000000118e-01,1.514103749999999929e-02,-2.067932862000000094e-01,1.345763228999999894e-01,4.645521109999999759e-02,7.589635600000000162e-03,5.972621770000000052e-02,1.082017484000000057e-01,-4.246119310000000258e-02,1.132532259999999985e-01,6.126212947000000408e-01,-1.387023937999999901e-01,1.433333814500000081e+00,-4.847620927999999885e-01,1.151781328999999937e-01,1.282784961000000001e-01,-5.002250440000000076e-02,-7.699110098000000457e-01,4.026576518000000160e-01,1.347838843799999964e+00,3.280396012999999833e-01,1.292128972000000098e-01,-5.010780520000000099e-02
-4.408132089999999836e-02,-5.076189150000000316e-02,8.162841414999999490e-01,7.300420233000000092e-01,-5.088231819999999850e-02,3.830754699999999822e-03,-6.814946509000000541e-01,9.212016080000000329e-02,1.484180143999999923e-01,1.726472030000000130e-02,1.230575970000000047e-01,6.542617620000000522e-02,-4.630653020000000120e-02,1.407728819999999881e-01,1.549667130000000059e-02,-2.066641804999999887e-01,1.345868072999999998e-01,4.631760120000000258e-02,7.599659499999999665e-03,5.926421009999999906e-02,1.083158307000000042e-01,-4.289485059999999933e-02,1.101300132000000015e-01,6.126637105000000139e-01,-1.390590250000000028e-01,1.435238598600000026e+00,-4.865249430999999958e-01,1.146634309000000018e-01,1.301521549999999916e-01,-5.109053940000000266e-02,-7.667064547999999924e-01,4.051988088999999849e-01,1.352077661400000075e+00,3.280364143000000232e-01,1.305145035999999981e-01,-5.076029650000000309e-02
-4.424577259999999679e-02,-5.079930130000000210e-02,8.162842021999999753e-01,7.298580122000000170e-01,-5.095412550000000262e-02,3.750745800000000046e-03,-6.816867983000000075e-01,9.261548540000000274e-02,1.487131774999999878e-01,1.758935999999999833e-02,1.230632234000000047e-01,6.528483590000000447e-02,-4.601366540000000060e-02,1.410877074000000120e-01,1.584456290000000114e-02,-2.065173452999999881e-01,1.346287087999999965e-01,4.616635260000000185e-02,7.606321200000000157e-03,5.875869930000000158e-02,1.083822819999999965e-01,-4.324911929999999960e-02,1.069819115999999931e-01,6.127363220999999527e-01,-1.394068052999999918e-01,1.437156007000000013e+00,-4.883420493000000251e-01,1.142207303000000035e-01,1.320999180000000106e-01,-5.245043939999999988e-02,-7.633748726000000318e-01,4.079547170000000222e-01,1.356726416299999904e+00,3.281167620000000062e-01,1.316400034000000108e-01,-5.135980440000000036e-02
-4.419319420000000082e-02,-5.080979480000000215e-02,8.162901726000000302e-01,7.297983227000000017e-01,-5.107579589999999836e-02,3.675969800000000124e-03,-6.817420028999999770e-01,9.280642159999999419e-02,1.488647647000000129e-01,1.813598309999999922e-02,1.230506341999999947e-01,6.548413299999999992e-02,-4.682402339999999774e-02,1.409509090000000131e-01,1.560522909999999958e-02,-2.063152923999999888e-01,1.346321423000000073e-01,4.652054559999999755e-02,7.445137200000000177e-03,5.859417530000000235e-02,1.081352924999999937e-01,-4.334703220000000329e-02,1.021651980999999931e-01,6.044608465999999902e-01,-1.473554958000000137e-01,1.437678245799999921e+00,-4.904404982000000190e-01,1.128766603999999951e-01,1.334177290000000127e-01,-5.812826580000000215e-02,-7.526828441999999786e-01,4.144674358000000058e-01,1.353667177399999977e+00,3.300411662000000135e-01,1.296322336999999880e-01,-5.239710379999999723e-02
-4.412948790000000010e-02,-5.078750709999999696e-02,8.162978214999999649e-01,7.296896696000000349e-01,-5.116396670000000063e-02,3.627756900000000083e-03,-6.818519443999999652e-01,9.296479030000000254e-02,1.489581348000000027e-01,1.879748239999999918e-02,1.230227777999999966e-01,6.544206769999999507e-02,-4.695446279999999917e-02,1.409880305000000000e-01,1.561997809999999924e-02,-2.059910802999999901e-01,1.346689232999999930e-01,4.667328200000000343e-02,7.308586100000000196e-03,5.810455550000000191e-02,1.081155448999999991e-01,-4.332776070000000229e-02,9.719120600000000221e-02,5.956492897999999814e-01,-1.556287436999999885e-01,1.437785063500000016e+00,-4.931483945999999841e-01,1.116164381000000067e-01,1.355691262000000008e-01,-6.344985540000000479e-02,-7.418297596999999799e-01,4.209284006999999828e-01,1.350086345200000038e+00,3.325855321000000253e-01,1.278813272999999862e-01,-5.435724919999999905e-02
-4.405961359999999855e-02,-5.076634420000000064e-02,8.163050439000000269e-01,7.295804127999999666e-01,-5.126122129999999971e-02,3.571682300000000171e-03,-6.819618402999999551e-01,9.314153499999999752e-02,1.490426421000000112e-01,1.946369699999999855e-02,1.230214082000000014e-01,6.538045030000000368e-02,-4.707859500000000086e-02,1.410553353000000010e-01,1.562915990000000172e-02,-2.056664337999999925e-01,1.347030982000000099e-01,4.682440809999999926e-02,7.181528399999999659e-03,5.764985000000000248e-02,1.081382991999999960e-01,-4.326350679999999699e-02,9.232994619999999875e-02,5.866739555000000106e-01,-1.639109095000000071e-01,1.437745927699999982e+00,-4.960261308000000202e-01,1.104401103999999995e-01,1.379915757999999881e-01,-6.849079160000000333e-02,-7.309579251000000166e-01,4.272376763999999882e-01,1.346245960899999927e+00,3.352815836999999966e-01,1.262763057000000078e-01,-5.658643289999999715e-02
-4.402244290000000004e-02,-5.077924319999999742e-02,8.163072846000000160e-01,7.297362212000000348e-01,-5.126659380000000293e-02,3.651260199999999990e-03,-6.817942888000000368e-01,9.337804909999999903e-02,1.491377758000000109e-01,1.933308900000000122e-02,1.229321030000000009e-01,6.520907739999999564e-02,-4.697736859999999959e-02,1.412224374999999921e-01,1.579966689999999854e-02,-2.056677809000000134e-01,1.346853927999999978e-01,4.703242509999999710e-02,7.044345700000000272e-03,5.731522160000000060e-02,1.080246940000000044e-01,-4.323821290000000317e-02,8.355050799999999556e-02,5.705611016999999618e-01,-1.829827243999999908e-01,1.436635761300000036e+00,-4.958423215000000162e-01,1.107479321999999961e-01,1.358642585000000014e-01,-7.489292969999999938e-02,-7.110286841999999830e-01,4.435562585999999752e-01,1.343952283299999939e+00,3.350638642000000056e-01,1.269903820000000128e-01,-5.484071930000000011e-02
-4.409018979999999865e-02,-5.076806410000000297e-02,8.163117934000000409e-01,7.298055439999999727e-01,-5.137833330000000226e-02,3.622347100000000188e-03,-6.817118258000000042e-01,9.353207580000000299e-02,1.492477376999999938e-01,1.915610430000000072e-02,1.228652476999999993e-01,6.506512690000000598e-02,-4.689753890000000064e-02,1.414045180000000068e-01,1.595486880000000079e-02,-2.055400088000000069e-01,1.347008588999999978e-01,4.725464449999999816e-02,6.897712700000000093e-03,5.679843109999999778e-02,1.080215751999999974e-01,-4.322302470000000119e-02,7.462821669999999963e-02,5.542888741999999480e-01,-2.024832031000000088e-01,1.436105595499999943e+00,-4.958298453000000161e-01,1.115868022999999959e-01,1.335276787000000132e-01,-8.192527489999999746e-02,-6.906191063000000074e-01,4.604193353000000100e-01,1.343080874199999997e+00,3.349038765999999834e-01,1.281243468000000107e-01,-5.271381609999999801e-02
-4.407641810000000049e-02,-5.073865400000000109e-02,8.163164129000000102e-01,7.298711017000000245e-01,-5.150644690000000248e-02,3.577482400000000021e-03,-6.816322046999999662e-01,9.370398850000000168e-02,1.493703165999999971e-01,1.897922289999999859e-02,1.228182683000000053e-01,6.492980260000000281e-02,-4.682530709999999791e-02,1.415997430000000001e-01,1.611865259999999828e-02,-2.054038941999999923e-01,1.347301549999999903e-01,4.748958229999999947e-02,6.740525699999999620e-03,5.619562079999999848e-02,1.080301708000000055e-01,-4.313208670000000244e-02,6.589840939999999647e-02,5.378765640999999542e-01,-2.217610522000000028e-01,1.435838456399999963e+00,-4.959042558999999795e-01,1.125015877999999969e-01,1.310835563999999953e-01,-8.901162070000000204e-02,-6.700025432999999753e-01,4.772892194000000199e-01,1.342761708300000079e+00,3.348114241999999852e-01,1.292049425000000029e-01,-5.040726890000000321e-02
-4.425332950000000071e-02,-5.070745959999999747e-02,8.162012237000000336e-01,7.297254949999999463e-01,-5.254446849999999669e-02,1.915131999999999945e-03,-6.817155660999999478e-01,9.630584120000000581e-02,1.487042329000000107e-01,1.901049739999999960e-02,1.270177799999999968e-01,6.244393749999999771e-02,-4.684405529999999956e-02,1.443721461999999955e-01,1.506531919999999983e-02,-2.052126065000000055e-01,1.387876674999999893e-01,4.436228030000000100e-02,7.088368000000000273e-03,5.675792600000000021e-02,1.063051562000000005e-01,-3.963890910000000128e-02,4.888733779999999973e-02,5.140598164999999886e-01,-2.538123023000000145e-01,1.432892181099999940e+00,-4.919851590000000052e-01,1.131612797000000059e-01,1.282496911999999878e-01,-1.017594614000000008e-01,-6.398202429999999552e-01,5.042695048999999985e-01,1.335463572199999893e+00,3.286407162000000159e-01,1.298965569999999958e-01,-4.735615359999999913e-02
-4.428473899999999658e-02,-5.052811980000000008e-02,8.162000187000000295e-01,7.296234579999999470e-01,-5.293241869999999738e-02,1.486721400000000012e-03,-6.817958333000000426e-01,9.726141280000000222e-02,1.487357112999999897e-01,1.885733269999999989e-02,1.271957277000000108e-01,6.242030030000000201e-02,-4.665528320000000145e-02,1.451417640000000064e-01,1.508589180000000085e-02,-2.053301597999999950e-01,1.394762918000000129e-01,4.420996690000000146e-02,7.067178700000000154e-03,5.641798459999999849e-02,1.059602691999999985e-01,-3.815941519999999781e-02,3.393602989999999764e-02,4.896456056999999862e-01,-2.835947435000000239e-01,1.428177392999999906e+00,-4.874466430000000128e-01,1.139239466000000062e-01,1.242295838999999957e-01,-1.132391353999999961e-01,-6.118118326000000495e-01,5.302590909000000075e-01,1.325395264500000003e+00,3.216868096000000121e-01,1.310037333999999887e-01,-4.286636039999999759e-02
-4.437593730000000125e-02,-5.030889239999999929e-02,8.162121572999999630e-01,7.295194509000000327e-01,-5.313715640000000323e-02,1.307271800000000097e-03,-6.818915635000000197e-01,9.773236520000000427e-02,1.488179977999999903e-01,1.872339879999999901e-02,1.270548318999999982e-01,6.258771779999999785e-02,-4.644457429999999942e-02,1.455521379999999976e-01,1.521611800000000070e-02,-2.054463589999999951e-01,1.395507522999999972e-01,4.441811100000000317e-02,7.059434199999999916e-03,5.599314529999999818e-02,1.058328860999999954e-01,-3.746840709999999658e-02,2.027523059999999933e-02,4.647521485000000174e-01,-3.126922771000000267e-01,1.423112917599999916e+00,-4.827317333999999738e-01,1.147942951999999933e-01,1.202028707000000057e-01,-1.236960019999999993e-01,-5.840302572000000136e-01,5.559333309999999750e-01,1.314817029799999926e+00,3.146310552000000094e-01,1.324278392999999887e-01,-3.820164329999999747e-02
-4.449655959999999910e-02,-5.039870369999999850e-02,8.162376252999999915e-01,7.297905377000000193e-01,-5.312276579999999915e-02,1.195353599999999898e-03,-6.816027538000000163e-01,9.821113880000000018e-02,1.489638181000000061e-01,1.805555920000000147e-02,1.267180052999999917e-01,6.316668429999999779e-02,-4.709055129999999839e-02,1.457745832000000019e-01,1.524898369999999961e-02,-2.056303228999999955e-01,1.392436421999999896e-01,4.437719379999999908e-02,7.013221000000000038e-03,5.571487180000000289e-02,1.056229114000000052e-01,-3.672987059999999887e-02,-2.065866100000000004e-03,4.322624348999999921e-01,-3.639509879999999753e-01,1.407081197799999961e+00,-4.648692482999999820e-01,1.159050910000000018e-01,1.138398511999999946e-01,-1.408621340000000000e-01,-5.488753397000000200e-01,5.948951945999999547e-01,1.304138322300000041e+00,3.009110179000000218e-01,1.351260501999999863e-01,-2.936133460000000042e-02
-4.471338529999999839e-02,-5.047291560000000121e-02,8.162670931000000074e-01,7.298785891000000303e-01,-5.310108189999999950e-02,1.157982799999999948e-03,-6.815102195000000140e-01,9.849907380000000323e-02,1.490598039999999902e-01,1.783073879999999903e-02,1.264387858999999892e-01,6.376006759999999773e-02,-4.716377640000000288e-02,1.461078349000000109e-01,1.537010670000000037e-02,-2.057343717000000016e-01,1.390467022999999913e-01,4.448735670000000114e-02,6.894297599999999956e-03,5.572284420000000321e-02,1.055987639999999977e-01,-3.566518020000000039e-02,-2.346042430000000109e-02,3.991925882999999842e-01,-4.149393833999999726e-01,1.390753079000000003e+00,-4.467767885999999744e-01,1.179934482999999978e-01,1.077192344999999968e-01,-1.575687705000000105e-01,-5.134117759999999864e-01,6.328732301999999699e-01,1.294774127199999958e+00,2.870087863999999933e-01,1.376522142999999920e-01,-1.979216749999999914e-02
