-1.286299999999999943e-02,-7.444499999999999729e-02,8.162939999999999641e-01,7.123859999999999637e-01,-5.165100000000000247e-02,1.280799999999999994e-02,-6.997670000000000279e-01,5.306000000000000300e-02,1.322480000000000044e-01,6.728000000000000647e-02,1.278160000000000129e-01,-3.710999999999999889e-03,-3.878000000000000197e-02,8.969799999999999995e-02,-3.007900000000000157e-02,-1.893459999999999865e-01,1.476659999999999917e-01,1.601599999999999899e-02,5.176700000000000051e-02,2.978599999999999998e-02,9.333900000000000530e-02,1.196000000000000014e-02,7.916600000000000026e-02,5.092940000000000245e-01,-2.612860000000000182e-01,1.186045000000000016e+00,-3.032360000000000055e-01,9.670499999999999929e-02,1.585679999999999867e-01,7.090699999999999781e-02,-7.448489999999999833e-01,4.196500000000000230e-01,1.154312000000000005e+00,2.131540000000000101e-01,1.455510000000000137e-01,-5.079499999999999987e-02
-1.303499999999999971e-02,-7.420100000000000307e-02,8.163529999999999953e-01,7.122969999999999580e-01,-5.111899999999999777e-02,1.397200000000000004e-02,-6.998750000000000249e-01,5.111899999999999777e-02,1.333409999999999873e-01,6.713199999999999723e-02,1.252870000000000095e-01,-1.958999999999999804e-03,-3.908600000000000269e-02,8.871300000000000019e-02,-2.864399999999999932e-02,-1.891450000000000076e-01,1.430909999999999960e-01,1.854799999999999852e-02,5.143500000000000155e-02,2.677200000000000066e-02,9.497600000000000486e-02,8.082000000000000642e-03,8.210399999999999643e-02,5.086669999999999803e-01,-2.570749999999999980e-01,1.188169999999999948e+00,-3.040439999999999809e-01,9.228500000000000592e-02,1.580860000000000043e-01,6.788900000000000490e-02,-7.477629999999999555e-01,4.239809999999999968e-01,1.158474000000000004e+00,2.151889999999999914e-01,1.412740000000000107e-01,-5.063299999999999745e-02
-1.305300000000000037e-02,-7.417799999999999394e-02,8.164080000000000226e-01,7.123199999999999532e-01,-5.084999999999999937e-02,1.400299999999999982e-02,-6.998710000000000209e-01,5.062300000000000133e-02,1.333300000000000041e-01,6.720800000000000385e-02,1.252669999999999895e-01,-1.623000000000000094e-03,-3.882300000000000334e-02,8.819599999999999662e-02,-2.808099999999999832e-02,-1.900320000000000065e-01,1.424590000000000023e-01,1.943299999999999889e-02,5.134600000000000275e-02,2.623599999999999891e-02,9.525999999999999746e-02,7.439000000000000300e-03,8.305400000000000282e-02,5.060160000000000213e-01,-2.572710000000000274e-01,1.189184000000000019e+00,-3.042199999999999904e-01,9.152799999999999825e-02,1.575729999999999908e-01,6.612700000000000522e-02,-7.470550000000000246e-01,4.251570000000000071e-01,1.162457000000000074e+00,2.173700000000000077e-01,1.405299999999999883e-01,-5.089500000000000274e-02
-1.315599999999999929e-02,-7.399999999999999634e-02,8.163949999999999818e-01,7.123270000000000435e-01,-5.086299999999999849e-02,1.397200000000000004e-02,-6.998630000000000129e-01,5.047999999999999710e-02,1.333360000000000101e-01,6.687800000000000689e-02,1.252780000000000005e-01,-1.654000000000000088e-03,-3.883999999999999952e-02,8.811499999999999888e-02,-2.810400000000000051e-02,-1.905999999999999917e-01,1.423939999999999928e-01,1.932999999999999996e-02,5.142599999999999949e-02,2.626099999999999962e-02,9.536699999999999344e-02,7.040000000000000251e-03,8.325799999999999867e-02,5.035549999999999748e-01,-2.581490000000000173e-01,1.189936000000000105e+00,-3.045880000000000254e-01,9.135300000000000364e-02,1.573589999999999989e-01,6.507799999999999696e-02,-7.462680000000000424e-01,4.251809999999999756e-01,1.165834000000000037e+00,2.194089999999999929e-01,1.402100000000000013e-01,-5.132300000000000056e-02
-1.317199999999999968e-02,-7.390800000000000147e-02,8.163789999999999658e-01,7.123329999999999940e-01,-5.090100000000000180e-02,1.390699999999999922e-02,-6.998550000000000049e-01,5.043999999999999873e-02,1.333229999999999971e-01,6.655300000000000105e-02,1.252759999999999985e-01,-1.688999999999999963e-03,-3.885399999999999965e-02,8.808699999999999863e-02,-2.814799999999999941e-02,-1.911599999999999966e-01,1.424189999999999900e-01,1.916700000000000001e-02,5.151300000000000323e-02,2.649800000000000072e-02,9.545099999999999418e-02,6.740000000000000331e-03,8.327199999999999880e-02,5.011269999999999891e-01,-2.592690000000000272e-01,1.190666999999999920e+00,-3.050059999999999993e-01,9.128200000000000203e-02,1.571859999999999924e-01,6.432400000000000617e-02,-7.454779999999999740e-01,4.248500000000000054e-01,1.169008999999999965e+00,2.213859999999999995e-01,1.399700000000000111e-01,-5.178699999999999970e-02
-1.306900000000000076e-02,-7.380399999999999461e-02,8.164150000000000018e-01,7.124239999999999462e-01,-5.097700000000000148e-02,1.387500000000000018e-02,-6.997579999999999911e-01,5.039699999999999736e-02,1.332160000000000011e-01,6.673300000000000065e-02,1.253460000000000130e-01,-1.214999999999999934e-03,-3.896100000000000257e-02,8.820899999999999574e-02,-2.825599999999999987e-02,-1.909700000000000009e-01,1.424690000000000123e-01,1.967199999999999852e-02,5.143799999999999761e-02,2.673299999999999982e-02,9.508300000000000085e-02,6.695000000000000430e-03,8.328199999999999492e-02,5.012520000000000309e-01,-2.590700000000000225e-01,1.191163999999999890e+00,-3.049060000000000104e-01,9.117999999999999716e-02,1.573299999999999976e-01,6.447999999999999565e-02,-7.448580000000000201e-01,4.236730000000000218e-01,1.172901999999999889e+00,2.228360000000000063e-01,1.398429999999999951e-01,-5.205800000000000011e-02
-1.288599999999999988e-02,-7.378500000000000336e-02,8.164120000000000266e-01,7.125190000000000135e-01,-5.106999999999999734e-02,1.386100000000000006e-02,-6.996550000000000269e-01,5.041000000000000342e-02,1.331269999999999953e-01,6.657899999999999929e-02,1.253430000000000100e-01,-1.250999999999999942e-03,-3.896700000000000164e-02,8.837299999999999323e-02,-2.834000000000000061e-02,-1.911789999999999878e-01,1.424769999999999925e-01,1.981799999999999881e-02,5.147299999999999792e-02,2.704000000000000153e-02,9.467000000000000415e-02,6.607000000000000026e-03,8.321900000000000130e-02,5.014089999999999936e-01,-2.588969999999999883e-01,1.191759999999999931e+00,-3.048009999999999886e-01,9.106300000000000505e-02,1.573630000000000029e-01,6.457400000000000639e-02,-7.440970000000000084e-01,4.225849999999999884e-01,1.176782999999999912e+00,2.241889999999999994e-01,1.396830000000000016e-01,-5.227600000000000302e-02
-1.279300000000000055e-02,-7.367700000000000637e-02,8.164090000000000513e-01,7.126169999999999449e-01,-5.116799999999999821e-02,1.384299999999999940e-02,-6.995479999999999476e-01,5.042100000000000054e-02,1.330389999999999906e-01,6.641099999999999781e-02,1.253569999999999962e-01,-1.297999999999999892e-03,-3.897400000000000170e-02,8.854199999999999571e-02,-2.842099999999999835e-02,-1.913970000000000116e-01,1.425019999999999898e-01,1.995200000000000098e-02,5.150699999999999723e-02,2.733599999999999919e-02,9.424799999999999844e-02,6.525999999999999683e-03,8.314499999999999669e-02,5.015760000000000218e-01,-2.587240000000000095e-01,1.192376000000000102e+00,-3.046909999999999896e-01,9.093500000000000194e-02,1.573819999999999941e-01,6.465899999999999426e-02,-7.433279999999999887e-01,4.214990000000000125e-01,1.180677999999999894e+00,2.255359999999999865e-01,1.395180000000000031e-01,-5.248699999999999893e-02
-1.273499999999999979e-02,-7.363000000000000100e-02,8.164150000000000018e-01,7.127050000000000329e-01,-5.124200000000000282e-02,1.374900000000000080e-02,-6.994550000000000489e-01,5.052999999999999853e-02,1.329170000000000074e-01,6.629300000000000470e-02,1.253529999999999922e-01,-1.229999999999999974e-03,-3.902400000000000313e-02,8.870200000000000307e-02,-2.852299999999999974e-02,-1.914720000000000033e-01,1.425420000000000020e-01,2.006300000000000097e-02,5.116300000000000014e-02,2.717299999999999924e-02,9.447099999999999942e-02,6.349999999999999742e-03,8.385499999999999898e-02,5.012480000000000269e-01,-2.577280000000000126e-01,1.191680000000000073e+00,-3.049919999999999853e-01,9.072500000000000009e-02,1.576249999999999873e-01,6.476700000000000512e-02,-7.435349999999999460e-01,4.195889999999999898e-01,1.180917999999999912e+00,2.263880000000000059e-01,1.388719999999999954e-01,-5.319800000000000223e-02
-1.275100000000000018e-02,-7.350800000000000389e-02,8.164200000000000346e-01,7.127700000000000147e-01,-5.131100000000000244e-02,1.366599999999999933e-02,-6.993850000000000344e-01,5.064400000000000152e-02,1.327780000000000071e-01,6.617099999999999371e-02,1.253450000000000120e-01,-1.180999999999999975e-03,-3.905499999999999944e-02,8.887699999999999767e-02,-2.863800000000000026e-02,-1.915479999999999960e-01,1.425579999999999903e-01,2.017199999999999896e-02,5.084600000000000231e-02,2.701100000000000029e-02,9.475100000000000189e-02,6.185999999999999659e-03,8.464199999999999502e-02,5.010050000000000336e-01,-2.566019999999999968e-01,1.190727000000000091e+00,-3.052759999999999918e-01,9.059300000000000685e-02,1.579599999999999893e-01,6.514399999999999358e-02,-7.438820000000000432e-01,4.175440000000000262e-01,1.180668999999999969e+00,2.271829999999999961e-01,1.384640000000000037e-01,-5.401100000000000345e-02
-1.267899999999999930e-02,-7.347700000000000065e-02,8.164240000000000386e-01,7.128360000000000252e-01,-5.138000000000000206e-02,1.358299999999999959e-02,-6.993150000000000199e-01,5.075699999999999656e-02,1.326380000000000059e-01,6.605199999999999960e-02,1.253350000000000020e-01,-1.134999999999999941e-03,-3.908500000000000169e-02,8.905399999999999427e-02,-2.875199999999999978e-02,-1.916249999999999898e-01,1.425669999999999993e-01,2.027800000000000089e-02,5.052800000000000347e-02,2.686300000000000146e-02,9.503599999999999548e-02,6.009999999999999717e-03,8.544300000000000506e-02,5.007549999999999502e-01,-2.554850000000000176e-01,1.189726999999999979e+00,-3.055530000000000190e-01,9.048699999999999799e-02,1.583140000000000103e-01,6.560000000000000553e-02,-7.442450000000000454e-01,4.154470000000000107e-01,1.180309999999999970e+00,2.279690000000000050e-01,1.381209999999999938e-01,-5.484900000000000192e-02
-1.283899999999999972e-02,-7.329299999999999704e-02,8.164010000000000433e-01,7.128290000000000459e-01,-5.142399999999999749e-02,1.343899999999999956e-02,-6.993209999999999704e-01,5.076900000000000163e-02,1.327889999999999904e-01,6.616900000000000559e-02,1.253430000000000100e-01,-1.061000000000000094e-03,-3.897099999999999870e-02,8.917899999999999439e-02,-2.845200000000000159e-02,-1.914579999999999893e-01,1.424549999999999983e-01,1.987999999999999837e-02,5.109099999999999753e-02,2.683200000000000168e-02,9.486300000000000288e-02,6.105000000000000183e-03,8.547499999999999543e-02,5.009670000000000512e-01,-2.560819999999999763e-01,1.189772999999999969e+00,-3.053270000000000151e-01,9.067699999999999372e-02,1.582979999999999943e-01,6.566400000000000015e-02,-7.446650000000000214e-01,4.156869999999999732e-01,1.179756000000000027e+00,2.277099999999999957e-01,1.380780000000000063e-01,-5.468499999999999750e-02
-1.307999999999999961e-02,-7.310600000000000431e-02,8.163899999999999491e-01,7.128219999999999557e-01,-5.151300000000000323e-02,1.332099999999999951e-02,-6.993239999999999457e-01,5.081999999999999712e-02,1.330490000000000006e-01,6.627099999999999658e-02,1.253390000000000060e-01,-9.790000000000000525e-04,-3.886900000000000077e-02,8.927999999999999825e-02,-2.805500000000000008e-02,-1.913719999999999866e-01,1.424199999999999910e-01,1.977900000000000144e-02,5.107799999999999840e-02,2.677500000000000019e-02,9.478399999999999326e-02,6.217999999999999569e-03,8.541100000000000081e-02,5.011769999999999836e-01,-2.566899999999999737e-01,1.190017000000000102e+00,-3.051189999999999736e-01,9.080399999999999583e-02,1.582050000000000123e-01,6.555500000000000216e-02,-7.450529999999999653e-01,4.159860000000000224e-01,1.179324000000000039e+00,2.274460000000000093e-01,1.380440000000000000e-01,-5.444199999999999734e-02
-1.323399999999999924e-02,-7.300399999999999945e-02,8.163799999999999946e-01,7.128139999999999477e-01,-5.160700000000000010e-02,1.320400000000000046e-02,-6.993270000000000319e-01,5.086899999999999755e-02,1.333179999999999921e-01,6.636899999999999744e-02,1.253400000000000070e-01,-8.980000000000000352e-04,-3.876899999999999791e-02,8.938699999999999424e-02,-2.764899999999999997e-02,-1.912870000000000126e-01,1.423750000000000016e-01,1.968599999999999864e-02,5.105900000000000022e-02,2.670900000000000010e-02,9.471599999999999464e-02,6.342000000000000415e-03,8.532599999999999907e-02,5.013879999999999448e-01,-2.572909999999999919e-01,1.190303000000000111e+00,-3.049149999999999916e-01,9.090700000000000169e-02,1.580940000000000123e-01,6.540300000000000280e-02,-7.454399999999999915e-01,4.163089999999999846e-01,1.178927000000000058e+00,2.271849999999999981e-01,1.380000000000000115e-01,-5.418800000000000006e-02
-1.318300000000000027e-02,-7.291400000000000658e-02,8.164169999999999483e-01,7.128520000000000412e-01,-5.161999999999999922e-02,1.315900000000000056e-02,-6.992890000000000494e-01,5.100400000000000073e-02,1.329869999999999941e-01,6.573299999999999976e-02,1.253960000000000075e-01,-3.539999999999999853e-04,-3.928199999999999747e-02,8.947199999999999598e-02,-2.838699999999999904e-02,-1.915679999999999883e-01,1.424320000000000030e-01,1.994900000000000145e-02,5.117000000000000021e-02,2.642900000000000110e-02,9.498600000000000099e-02,6.226999999999999896e-03,8.529200000000000670e-02,5.005429999999999602e-01,-2.580669999999999908e-01,1.192452000000000067e+00,-3.048549999999999871e-01,9.137499999999999789e-02,1.576529999999999876e-01,6.468400000000000538e-02,-7.448780000000000401e-01,4.168700000000000183e-01,1.179896000000000056e+00,2.270919999999999883e-01,1.382319999999999938e-01,-5.394199999999999690e-02
-1.303299999999999945e-02,-7.280599999999999572e-02,8.164339999999999931e-01,7.129109999999999614e-01,-5.167999999999999677e-02,1.308699999999999967e-02,-6.992249999999999854e-01,5.111999999999999877e-02,1.327399999999999969e-01,6.572400000000000464e-02,1.253910000000000025e-01,-8.899999999999999491e-05,-3.932100000000000178e-02,8.963100000000000234e-02,-2.865900000000000045e-02,-1.918430000000000135e-01,1.425250000000000128e-01,2.019200000000000161e-02,5.124599999999999989e-02,2.600600000000000134e-02,9.532699999999999507e-02,6.080000000000000335e-03,8.504799999999999860e-02,4.998879999999999990e-01,-2.591359999999999775e-01,1.194876000000000049e+00,-3.047230000000000216e-01,9.179500000000000159e-02,1.571059999999999957e-01,6.376900000000000623e-02,-7.442029999999999479e-01,4.176779999999999937e-01,1.180859000000000103e+00,2.269230000000000136e-01,1.383969999999999922e-01,-5.360499999999999987e-02
-1.288500000000000062e-02,-7.269599999999999673e-02,8.164510000000000378e-01,7.129670000000000174e-01,-5.174800000000000233e-02,1.301000000000000073e-02,-6.991650000000000365e-01,5.124700000000000089e-02,1.325020000000000087e-01,6.572000000000000064e-02,1.253950000000000065e-01,1.720000000000000066e-04,-3.936499999999999722e-02,8.980699999999999794e-02,-2.892199999999999979e-02,-1.921140000000000070e-01,1.426080000000000125e-01,2.043899999999999884e-02,5.131499999999999950e-02,2.558699999999999863e-02,9.566199999999999704e-02,5.948000000000000162e-03,8.476200000000000401e-02,4.992389999999999883e-01,-2.602119999999999989e-01,1.197375000000000078e+00,-3.045930000000000026e-01,9.217599999999999405e-02,1.565269999999999995e-01,6.281899999999999984e-02,-7.435199999999999587e-01,4.185039999999999871e-01,1.181858000000000075e+00,2.267569999999999864e-01,1.385510000000000075e-01,-5.326299999999999785e-02
-1.290799999999999934e-02,-7.270999999999999686e-02,8.164050000000000473e-01,7.129560000000000342e-01,-5.181199999999999695e-02,1.283399999999999992e-02,-6.991739999999999622e-01,5.140800000000000231e-02,1.323610000000000064e-01,6.567199999999999427e-02,1.253779999999999895e-01,-2.990000000000000036e-04,-3.913500000000000312e-02,8.995300000000000518e-02,-2.903299999999999978e-02,-1.920840000000000047e-01,1.425510000000000110e-01,1.982400000000000134e-02,5.121799999999999964e-02,2.545000000000000040e-02,9.563599999999999879e-02,5.786000000000000344e-03,8.441099999999999992e-02,4.991160000000000041e-01,-2.608800000000000008e-01,1.196347000000000049e+00,-3.037179999999999880e-01,9.196799999999999420e-02,1.559969999999999968e-01,6.297700000000000520e-02,-7.432549999999999990e-01,4.198749999999999982e-01,1.180317999999999978e+00,2.253979999999999873e-01,1.385919999999999930e-01,-5.220400000000000040e-02
-1.283199999999999966e-02,-7.267800000000000649e-02,8.163989999999999858e-01,7.129170000000000229e-01,-5.185300000000000326e-02,1.277400000000000063e-02,-6.992119999999999447e-01,5.158299999999999691e-02,1.322599999999999887e-01,6.570700000000000152e-02,1.253930000000000045e-01,-3.620000000000000171e-04,-3.926899999999999835e-02,9.008199999999999541e-02,-2.914599999999999830e-02,-1.921090000000000020e-01,1.425629999999999953e-01,1.969699999999999923e-02,5.115800000000000208e-02,2.551300000000000096e-02,9.542799999999999894e-02,5.686000000000000082e-03,8.435299999999999743e-02,4.990660000000000096e-01,-2.613570000000000060e-01,1.194954999999999989e+00,-3.027699999999999836e-01,9.187599999999999933e-02,1.556230000000000113e-01,6.352099999999999413e-02,-7.431370000000000475e-01,4.210209999999999786e-01,1.178471999999999964e+00,2.239220000000000099e-01,1.388070000000000137e-01,-5.113999999999999796e-02
-1.275500000000000071e-02,-7.265099999999999336e-02,8.163920000000000066e-01,7.128750000000000364e-01,-5.188600000000000156e-02,1.272299999999999993e-02,-6.992530000000000134e-01,5.174600000000000033e-02,1.321589999999999987e-01,6.575000000000000289e-02,1.253940000000000055e-01,-4.200000000000000174e-04,-3.939999999999999752e-02,9.020400000000000640e-02,-2.926000000000000129e-02,-1.921319999999999972e-01,1.425530000000000130e-01,1.958299999999999971e-02,5.109699999999999659e-02,2.560499999999999929e-02,9.521999999999999909e-02,5.549000000000000113e-03,8.434700000000000530e-02,4.990229999999999944e-01,-2.618429999999999924e-01,1.193456000000000072e+00,-3.018120000000000247e-01,9.184100000000000597e-02,1.552830000000000044e-01,6.414899999999999769e-02,-7.430269999999999930e-01,4.221110000000000140e-01,1.176544999999999952e+00,2.224220000000000086e-01,1.390589999999999882e-01,-5.008399999999999658e-02
-1.282499999999999959e-02,-7.252200000000000313e-02,8.163979999999999571e-01,7.128299999999999637e-01,-5.193899999999999906e-02,1.275100000000000018e-02,-6.992949999999999999e-01,5.170099999999999696e-02,1.324369999999999992e-01,6.605900000000000660e-02,1.253259999999999930e-01,-3.959999999999999762e-04,-3.946299999999999808e-02,9.001099999999999379e-02,-2.889200000000000101e-02,-1.911819999999999908e-01,1.425490000000000090e-01,1.990700000000000108e-02,5.102399999999999991e-02,2.525799999999999920e-02,9.535699999999999732e-02,5.912999999999999853e-03,8.474600000000000188e-02,4.986999999999999766e-01,-2.620310000000000139e-01,1.194495000000000084e+00,-3.022469999999999879e-01,9.210799999999999543e-02,1.551490000000000091e-01,6.389100000000000334e-02,-7.444840000000000346e-01,4.216989999999999905e-01,1.178029999999999911e+00,2.227349999999999886e-01,1.394350000000000034e-01,-4.977199999999999680e-02
-1.289900000000000074e-02,-7.244299999999999351e-02,8.163890000000000313e-01,7.127740000000000187e-01,-5.196800000000000030e-02,1.272399999999999920e-02,-6.993500000000000272e-01,5.163500000000000034e-02,1.325979999999999936e-01,6.642000000000000681e-02,1.253229999999999900e-01,-3.649999999999999816e-04,-3.950499999999999845e-02,8.987599999999999756e-02,-2.867000000000000104e-02,-1.904129999999999989e-01,1.424719999999999875e-01,1.988900000000000043e-02,5.097200000000000342e-02,2.502000000000000057e-02,9.542499999999999594e-02,6.158000000000000279e-03,8.499199999999999811e-02,4.983079999999999732e-01,-2.621330000000000049e-01,1.195805999999999925e+00,-3.027830000000000243e-01,9.224699999999999567e-02,1.549490000000000034e-01,6.323399999999999854e-02,-7.458019999999999650e-01,4.214879999999999738e-01,1.179902999999999924e+00,2.231980000000000075e-01,1.395409999999999984e-01,-4.951799999999999952e-02
-1.297500000000000042e-02,-7.227400000000000491e-02,8.163799999999999946e-01,7.127200000000000202e-01,-5.199700000000000155e-02,1.269200000000000016e-02,-6.994040000000000257e-01,5.156999999999999779e-02,1.327520000000000089e-01,6.677900000000000502e-02,1.253199999999999870e-01,-3.299999999999999982e-04,-3.954699999999999882e-02,8.973399999999999432e-02,-2.844999999999999959e-02,-1.896470000000000100e-01,1.424150000000000138e-01,1.986399999999999971e-02,5.091899999999999898e-02,2.475400000000000170e-02,9.548399999999999943e-02,6.419000000000000226e-03,8.522100000000000508e-02,4.979210000000000025e-01,-2.622180000000000066e-01,1.197176000000000018e+00,-3.033239999999999825e-01,9.234799999999999953e-02,1.547280000000000044e-01,6.248499999999999888e-02,-7.470959999999999823e-01,4.213540000000000063e-01,1.181883999999999935e+00,2.236849999999999949e-01,1.395849999999999869e-01,-4.925100000000000311e-02
-1.303299999999999945e-02,-7.181600000000000483e-02,8.163850000000000273e-01,7.126139999999999697e-01,-5.215700000000000197e-02,1.257400000000000011e-02,-6.995019999999999571e-01,5.133200000000000263e-02,1.329069999999999974e-01,6.683300000000000352e-02,1.253299999999999970e-01,6.000000000000000152e-05,-3.946100000000000302e-02,8.957199999999999884e-02,-2.849700000000000150e-02,-1.903380000000000072e-01,1.424360000000000070e-01,2.022699999999999845e-02,5.079999999999999793e-02,2.492400000000000171e-02,9.563599999999999879e-02,6.454999999999999800e-03,8.543299999999999506e-02,4.992460000000000231e-01,-2.619349999999999734e-01,1.196215999999999946e+00,-3.025809999999999889e-01,9.227499999999999591e-02,1.544959999999999944e-01,6.290400000000000158e-02,-7.476390000000000535e-01,4.218830000000000080e-01,1.178018000000000010e+00,2.221589999999999954e-01,1.394380000000000064e-01,-4.877499999999999891e-02
-1.301399999999999953e-02,-7.137300000000000588e-02,8.163730000000000153e-01,7.125669999999999504e-01,-5.231000000000000233e-02,1.249899999999999969e-02,-6.995400000000000507e-01,5.104899999999999716e-02,1.330919999999999881e-01,6.687700000000000589e-02,1.253009999999999957e-01,1.930000000000000021e-04,-3.930100000000000260e-02,8.935300000000000187e-02,-2.839200000000000057e-02,-1.905540000000000012e-01,1.424429999999999863e-01,2.047099999999999961e-02,5.070899999999999713e-02,2.495899999999999855e-02,9.569199999999999928e-02,6.827999999999999868e-03,8.588300000000000101e-02,5.006690000000000307e-01,-2.616359999999999797e-01,1.195028999999999897e+00,-3.017259999999999942e-01,9.227499999999999591e-02,1.542679999999999885e-01,6.408500000000000307e-02,-7.482130000000000170e-01,4.220709999999999740e-01,1.173367999999999967e+00,2.204849999999999866e-01,1.396759999999999946e-01,-4.853999999999999981e-02
-1.308199999999999988e-02,-7.093599999999999905e-02,8.163610000000000033e-01,7.125190000000000135e-01,-5.246399999999999675e-02,1.242500000000000028e-02,-6.995789999999999509e-01,5.077600000000000169e-02,1.332760000000000056e-01,6.692199999999999538e-02,1.252769999999999995e-01,3.119999999999999944e-04,-3.914200000000000318e-02,8.914600000000000302e-02,-2.828800000000000064e-02,-1.907679999999999931e-01,1.424439999999999873e-01,2.071100000000000024e-02,5.061399999999999927e-02,2.504500000000000129e-02,9.574399999999999578e-02,7.192999999999999741e-03,8.634999999999999620e-02,5.021050000000000235e-01,-2.613719999999999932e-01,1.193773999999999891e+00,-3.008620000000000183e-01,9.231100000000000416e-02,1.540509999999999935e-01,6.543699999999999517e-02,-7.488059999999999716e-01,4.221300000000000052e-01,1.168514999999999970e+00,2.187850000000000072e-01,1.400240000000000096e-01,-4.835600000000000315e-02
-1.332299999999999977e-02,-7.042600000000000249e-02,8.163719999999999866e-01,7.124070000000000125e-01,-5.254199999999999843e-02,1.230700000000000023e-02,-6.996890000000000054e-01,5.043700000000000266e-02,1.335540000000000060e-01,6.701699999999999324e-02,1.252939999999999887e-01,9.849999999999999815e-04,-3.945200000000000096e-02,8.855699999999999683e-02,-2.798199999999999993e-02,-1.900729999999999920e-01,1.423669999999999936e-01,2.099099999999999924e-02,5.070500000000000007e-02,2.570199999999999915e-02,9.546300000000000618e-02,7.779999999999999589e-03,8.742900000000000671e-02,5.033640000000000336e-01,-2.587690000000000268e-01,1.189542000000000099e+00,-3.009539999999999993e-01,9.172600000000000198e-02,1.551569999999999894e-01,6.601799999999999335e-02,-7.491060000000000496e-01,4.214570000000000261e-01,1.161056000000000088e+00,2.177209999999999979e-01,1.393790000000000029e-01,-4.932700000000000279e-02
-1.347300000000000060e-02,-6.990699999999999692e-02,8.163650000000000073e-01,7.122770000000000490e-01,-5.267700000000000160e-02,1.220800000000000010e-02,-6.998130000000000184e-01,5.007299999999999945e-02,1.339400000000000035e-01,6.722300000000000497e-02,1.252739999999999965e-01,1.332000000000000068e-03,-3.964800000000000268e-02,8.826900000000000024e-02,-2.777800000000000061e-02,-1.899800000000000100e-01,1.423510000000000053e-01,2.116200000000000025e-02,5.065700000000000064e-02,2.622400000000000078e-02,9.527099999999999458e-02,8.413000000000000339e-03,8.885800000000000642e-02,5.046410000000000062e-01,-2.558779999999999943e-01,1.184822000000000042e+00,-3.010379999999999723e-01,9.132099999999999940e-02,1.564840000000000120e-01,6.706700000000000161e-02,-7.493149999999999533e-01,4.206019999999999759e-01,1.153442999999999996e+00,2.168650000000000022e-01,1.390659999999999952e-01,-5.034600000000000186e-02
-1.362200000000000043e-02,-6.930600000000000649e-02,8.163580000000000281e-01,7.121499999999999497e-01,-5.281600000000000183e-02,1.210600000000000044e-02,-6.999330000000000274e-01,4.972200000000000231e-02,1.343229999999999980e-01,6.742599999999999982e-02,1.252679999999999905e-01,1.662999999999999982e-03,-3.984399999999999747e-02,8.800900000000000389e-02,-2.757899999999999935e-02,-1.898970000000000102e-01,1.423290000000000111e-01,2.132500000000000021e-02,5.061000000000000221e-02,2.673000000000000029e-02,9.507799999999999585e-02,9.053000000000000283e-03,9.036700000000000288e-02,5.059169999999999501e-01,-2.529660000000000242e-01,1.179985999999999979e+00,-3.011110000000000175e-01,9.097700000000000231e-02,1.578509999999999913e-01,6.817399999999999849e-02,-7.495349999999999513e-01,4.197310000000000207e-01,1.145734000000000030e+00,2.160060000000000036e-01,1.388119999999999910e-01,-5.138500000000000012e-02
-1.287899999999999982e-02,-6.820400000000000074e-02,8.164949999999999708e-01,7.108630000000000226e-01,-5.220500000000000140e-02,1.269600000000000069e-02,-7.012760000000000105e-01,4.706500000000000267e-02,1.316450000000000120e-01,5.327199999999999991e-02,1.245689999999999992e-01,3.778999999999999807e-03,-4.301900000000000168e-02,8.266999999999999349e-02,-2.785999999999999935e-02,-1.863229999999999886e-01,1.425039999999999918e-01,2.374799999999999828e-02,5.195000000000000312e-02,2.717800000000000077e-02,9.378699999999999537e-02,1.161099999999999979e-02,9.376800000000000412e-02,5.055530000000000301e-01,-2.453299999999999925e-01,1.162628999999999913e+00,-3.015059999999999962e-01,8.876699999999999868e-02,1.598380000000000078e-01,7.035500000000000087e-02,-7.489959999999999951e-01,4.127529999999999810e-01,1.108773999999999926e+00,2.165430000000000132e-01,1.347440000000000027e-01,-5.289800000000000058e-02
-1.212700000000000063e-02,-6.716300000000000048e-02,8.166120000000000045e-01,7.096369999999999623e-01,-5.143999999999999961e-02,1.349200000000000052e-02,-7.025580000000000158e-01,4.385200000000000209e-02,1.290769999999999973e-01,3.937999999999999834e-02,1.239729999999999999e-01,5.394000000000000357e-03,-4.621999999999999720e-02,7.734000000000000596e-02,-2.850099999999999856e-02,-1.826750000000000040e-01,1.430559999999999887e-01,2.588700000000000029e-02,5.335399999999999865e-02,2.770500000000000046e-02,9.264000000000000012e-02,1.371700000000000003e-02,9.789499999999999591e-02,5.053159999999999874e-01,-2.374419999999999864e-01,1.143834999999999935e+00,-3.016240000000000032e-01,8.687100000000000377e-02,1.621209999999999873e-01,7.503400000000000347e-02,-7.488080000000000291e-01,4.042609999999999815e-01,1.068699000000000066e+00,2.165400000000000102e-01,1.318999999999999895e-01,-5.508600000000000302e-02
-1.137299999999999943e-02,-6.605900000000000660e-02,8.166459999999999830e-01,7.084080000000000377e-01,-5.061600000000000127e-02,1.432600000000000019e-02,-7.038400000000000212e-01,4.052599999999999952e-02,1.264879999999999893e-01,2.550399999999999889e-02,1.234500000000000042e-01,6.942000000000000254e-03,-4.942099999999999965e-02,7.186800000000000133e-02,-2.916399999999999895e-02,-1.790170000000000095e-01,1.436439999999999939e-01,2.799199999999999952e-02,5.477800000000000030e-02,2.846600000000000172e-02,9.148399999999999588e-02,1.559499999999999949e-02,1.020960000000000062e-01,5.048989999999999867e-01,-2.298520000000000008e-01,1.124316000000000093e+00,-3.017230000000000190e-01,8.561599999999999766e-02,1.648930000000000118e-01,8.032799999999999663e-02,-7.486599999999999921e-01,3.953800000000000092e-01,1.027292000000000094e+00,2.163460000000000105e-01,1.301960000000000062e-01,-5.742300000000000182e-02
-9.825000000000000400e-03,-6.342599999999999627e-02,8.159490000000000354e-01,7.034230000000000205e-01,-5.060699999999999921e-02,1.666499999999999926e-02,-7.087719999999999576e-01,3.625400000000000150e-02,1.272179999999999978e-01,9.971000000000000696e-03,1.212690000000000018e-01,1.626999999999999974e-03,-4.798700000000000188e-02,5.969000000000000000e-02,-2.605700000000000030e-02,-1.711830000000000018e-01,1.450579999999999925e-01,3.114400000000000154e-02,5.720900000000000291e-02,3.122700000000000128e-02,9.460100000000000453e-02,2.378900000000000112e-02,1.047369999999999968e-01,4.973529999999999895e-01,-2.190429999999999877e-01,1.081944999999999935e+00,-3.078110000000000013e-01,7.867799999999999794e-02,1.742660000000000042e-01,7.960799999999999821e-02,-7.466890000000000471e-01,3.799930000000000252e-01,9.555569999999999897e-01,2.213489999999999902e-01,1.223680000000000045e-01,-6.813800000000000412e-02
-8.273000000000000839e-03,-6.080499999999999794e-02,8.151800000000000157e-01,6.982810000000000406e-01,-5.059000000000000302e-02,1.903399999999999884e-02,-7.137799999999999701e-01,3.177599999999999869e-02,1.281239999999999879e-01,-5.215000000000000017e-03,1.199360000000000009e-01,-4.161999999999999901e-03,-4.658299999999999941e-02,4.718900000000000178e-02,-2.289199999999999915e-02,-1.630530000000000035e-01,1.469360000000000110e-01,3.398999999999999938e-02,5.928499999999999742e-02,3.448500000000000176e-02,9.808200000000000252e-02,3.259999999999999704e-02,1.083419999999999939e-01,4.890120000000000022e-01,-2.080710000000000059e-01,1.036475000000000035e+00,-3.136929999999999996e-01,7.297399999999999720e-02,1.855070000000000052e-01,8.082100000000000395e-02,-7.445899999999999741e-01,3.632070000000000021e-01,8.800139999999999629e-01,2.256370000000000042e-01,1.164120000000000016e-01,-8.042299999999999449e-02
-6.668999999999999581e-03,-5.828499999999999653e-02,8.144259999999999833e-01,6.930830000000000046e-01,-5.050400000000000028e-02,2.141300000000000148e-02,-7.187670000000000448e-01,2.723799999999999832e-02,1.290429999999999910e-01,-2.031000000000000166e-02,1.188469999999999943e-01,-1.011100000000000020e-02,-4.522500000000000131e-02,3.460499999999999687e-02,-1.976800000000000085e-02,-1.549339999999999884e-01,1.489010000000000056e-01,3.678599999999999925e-02,6.138300000000000006e-02,3.798399999999999693e-02,1.015780000000000016e-01,4.127700000000000119e-02,1.122449999999999976e-01,4.803140000000000187e-01,-1.973920000000000119e-01,9.901769999999999738e-01,-3.191180000000000128e-01,6.761899999999999855e-02,1.972420000000000007e-01,8.297599999999999421e-02,-7.418789999999999552e-01,3.460199999999999942e-01,8.033299999999999885e-01,2.289349999999999996e-01,1.109919999999999934e-01,-9.305299999999999683e-02
-5.002999999999999635e-03,-5.426299999999999873e-02,8.134959999999999969e-01,6.862340000000000106e-01,-4.748800000000000243e-02,2.080999999999999864e-02,-7.255310000000000370e-01,4.943000000000000345e-03,1.193540000000000018e-01,-3.842500000000000082e-02,1.497759999999999925e-01,-4.254600000000000048e-02,-4.764600000000000085e-02,1.786799999999999847e-02,-2.484700000000000103e-02,-1.408089999999999897e-01,1.523370000000000002e-01,3.201699999999999685e-02,6.409600000000000020e-02,4.445400000000000046e-02,9.440600000000000380e-02,5.945600000000000190e-02,1.089989999999999987e-01,4.769959999999999756e-01,-1.886099999999999999e-01,9.367720000000000491e-01,-3.227559999999999873e-01,6.197899999999999937e-02,2.163259999999999905e-01,7.959499999999999909e-02,-7.341290000000000315e-01,3.301919999999999855e-01,6.970929999999999627e-01,2.254809999999999870e-01,1.099610000000000032e-01,-1.137500000000000039e-01
-3.420999999999999996e-03,-5.049200000000000216e-02,8.125980000000000425e-01,6.794120000000000159e-01,-4.356700000000000156e-02,2.117600000000000038e-02,-7.321560000000000290e-01,-1.978900000000000103e-02,1.094220000000000054e-01,-5.653799999999999798e-02,1.799880000000000091e-01,-7.440700000000000092e-02,-5.024800000000000100e-02,1.279999999999999942e-04,-2.927300000000000041e-02,-1.269919999999999938e-01,1.520380000000000065e-01,2.924699999999999869e-02,6.655999999999999417e-02,5.043799999999999673e-02,8.757700000000000207e-02,7.266799999999999649e-02,1.078289999999999943e-01,4.734369999999999967e-01,-1.802660000000000096e-01,8.847819999999999574e-01,-3.254960000000000075e-01,5.455399999999999833e-02,2.341449999999999920e-01,7.713399999999999423e-02,-7.256329999999999725e-01,3.161340000000000261e-01,5.929290000000000393e-01,2.200090000000000101e-01,1.072280000000000039e-01,-1.325340000000000129e-01
-1.907000000000000058e-03,-4.668300000000000227e-02,8.118469999999999853e-01,6.725769999999999804e-01,-3.943499999999999783e-02,2.158500000000000002e-02,-7.386599999999999833e-01,-4.530399999999999705e-02,9.882900000000000018e-02,-7.440099999999999492e-02,2.111040000000000139e-01,-1.066860000000000031e-01,-5.293099999999999888e-02,-1.790200000000000125e-02,-3.373199999999999810e-02,-1.132169999999999982e-01,1.514310000000000100e-01,2.666200000000000167e-02,6.888500000000000179e-02,5.624400000000000233e-02,8.054000000000000048e-02,8.533699999999999619e-02,1.069360000000000033e-01,4.696150000000000047e-01,-1.719179999999999875e-01,8.327900000000000302e-01,-3.273739999999999983e-01,4.688099999999999906e-02,2.518839999999999968e-01,7.505699999999999872e-02,-7.158790000000000431e-01,3.023819999999999841e-01,4.886679999999999913e-01,2.124790000000000012e-01,1.045890000000000014e-01,-1.503819999999999879e-01
7.899999999999999579e-05,-4.231300000000000339e-02,8.093249999999999611e-01,6.650620000000000420e-01,-3.409299999999999831e-02,2.188299999999999967e-02,-7.456890000000000462e-01,-7.900400000000000478e-02,9.274300000000000599e-02,-5.770100000000000229e-02,2.548560000000000270e-01,-1.294849999999999890e-01,-4.753899999999999793e-02,-3.916499999999999843e-02,-3.984800000000000147e-02,-1.009869999999999934e-01,1.492189999999999905e-01,1.512800000000000082e-02,7.559899999999999953e-02,6.162000000000000116e-02,7.036599999999999799e-02,9.371699999999999475e-02,9.997599999999999543e-02,4.704949999999999966e-01,-1.799459999999999948e-01,8.018790000000000084e-01,-3.247680000000000011e-01,4.372100000000000292e-02,2.625509999999999788e-01,6.100599999999999773e-02,-7.010830000000000117e-01,3.159799999999999831e-01,4.315120000000000067e-01,2.026050000000000073e-01,1.075119999999999965e-01,-1.531859999999999888e-01
2.121000000000000055e-03,-3.771900000000000253e-02,8.068220000000000391e-01,6.574820000000000109e-01,-2.849700000000000150e-02,2.224500000000000088e-02,-7.526019999999999932e-01,-1.145160000000000067e-01,8.680300000000000515e-02,-4.065699999999999870e-02,3.005840000000000178e-01,-1.529500000000000026e-01,-4.205199999999999910e-02,-6.168099999999999972e-02,-4.632599999999999912e-02,-8.846299999999999997e-02,1.476030000000000120e-01,3.518999999999999993e-03,8.210299999999999543e-02,6.566600000000000215e-02,5.940499999999999947e-02,1.015469999999999984e-01,9.237499999999999878e-02,4.718379999999999797e-01,-1.869619999999999893e-01,7.735319999999999974e-01,-3.223579999999999779e-01,3.932100000000000178e-02,2.720350000000000268e-01,4.225199999999999789e-02,-6.856240000000000112e-01,3.330179999999999807e-01,3.808139999999999858e-01,1.936319999999999986e-01,1.074159999999999976e-01,-1.543210000000000137e-01
4.086000000000000222e-03,-3.302200000000000274e-02,8.043109999999999982e-01,6.499319999999999542e-01,-2.293200000000000099e-02,2.257599999999999885e-02,-7.593109999999999582e-01,-1.510620000000000018e-01,8.119999999999999440e-02,-2.354300000000000143e-02,3.482799999999999785e-01,-1.773389999999999966e-01,-3.644100000000000117e-02,-8.440000000000000280e-02,-5.300200000000000050e-02,-7.596700000000000674e-02,1.462499999999999911e-01,-8.250999999999999654e-03,8.845500000000000584e-02,6.883400000000000629e-02,4.836200000000000221e-02,1.095919999999999950e-01,8.470900000000000651e-02,4.732029999999999847e-01,-1.935010000000000063e-01,7.455950000000000077e-01,-3.197869999999999879e-01,3.466700000000000337e-02,2.812330000000000108e-01,2.238499999999999865e-02,-6.699760000000000160e-01,3.509249999999999869e-01,3.316479999999999984e-01,1.848990000000000078e-01,1.066330000000000056e-01,-1.548529999999999907e-01
5.932999999999999906e-03,-2.711699999999999874e-02,8.006480000000000263e-01,6.436840000000000339e-01,-1.882699999999999999e-02,2.530400000000000010e-02,-7.646420000000000439e-01,-1.825330000000000008e-01,8.560900000000000454e-02,-5.871000000000000350e-03,3.765560000000000018e-01,-1.866949999999999998e-01,-3.341199999999999726e-02,-1.298910000000000065e-01,-5.485399999999999998e-02,-7.646999999999999631e-02,1.873509999999999898e-01,-2.897399999999999975e-02,8.555000000000000104e-02,7.207399999999999918e-02,4.411999999999999950e-02,1.188189999999999941e-01,5.802899999999999725e-02,4.837679999999999758e-01,-2.041930000000000134e-01,7.467749999999999666e-01,-3.189000000000000168e-01,3.433900000000000147e-02,2.838930000000000065e-01,-9.169000000000000067e-03,-6.535590000000000011e-01,3.681030000000000135e-01,3.136869999999999936e-01,1.809979999999999922e-01,1.091150000000000037e-01,-1.535440000000000138e-01
7.755999999999999873e-03,-2.082799999999999929e-02,7.968979999999999952e-01,6.375589999999999868e-01,-1.420000000000000082e-02,2.782899999999999957e-02,-7.697680000000000078e-01,-2.147600000000000064e-01,8.939199999999999924e-02,1.162000000000000012e-02,4.040179999999999882e-01,-1.948830000000000007e-01,-3.022899999999999893e-02,-1.788980000000000015e-01,-5.793600000000000139e-02,-7.655399999999999705e-02,2.336010000000000031e-01,-5.211500000000000160e-02,8.387699999999999323e-02,7.500600000000000322e-02,3.862199999999999661e-02,1.285060000000000091e-01,2.761600000000000166e-02,4.944040000000000101e-01,-2.154590000000000116e-01,7.523779999999999912e-01,-3.187090000000000201e-01,3.214199999999999696e-02,2.848899999999999766e-01,-4.312200000000000061e-02,-6.361700000000000133e-01,3.851879999999999749e-01,2.993399999999999950e-01,1.778079999999999938e-01,1.097270000000000051e-01,-1.516059999999999908e-01
9.669000000000000511e-03,-1.438399999999999922e-02,7.932339999999999947e-01,6.315190000000000525e-01,-9.339000000000000079e-03,3.023800000000000099e-02,-7.747140000000000137e-01,-2.474089999999999900e-01,9.309199999999999420e-02,2.890200000000000061e-02,4.314700000000000202e-01,-2.027650000000000008e-01,-2.691199999999999842e-02,-2.291030000000000011e-01,-6.158999999999999891e-02,-7.648499999999999743e-02,2.814539999999999820e-01,-7.599000000000000199e-02,8.277400000000000035e-02,7.749200000000000532e-02,3.251600000000000323e-02,1.385000000000000120e-01,-3.762999999999999852e-03,5.045520000000000005e-01,-2.270939999999999903e-01,7.583769999999999678e-01,-3.186459999999999848e-01,2.976099999999999926e-02,2.861779999999999879e-01,-7.743600000000000483e-02,-6.181929999999999925e-01,4.016939999999999955e-01,2.852020000000000111e-01,1.748129999999999962e-01,1.105679999999999996e-01,-1.495110000000000050e-01
1.157000000000000042e-02,-8.019000000000000086e-03,7.899669999999999748e-01,6.235420000000000407e-01,-6.166999999999999739e-03,3.120200000000000057e-02,-7.811430000000000318e-01,-2.712649999999999784e-01,1.006670000000000065e-01,5.109000000000000347e-02,4.536290000000000044e-01,-2.062970000000000081e-01,-2.865200000000000038e-02,-2.671720000000000206e-01,-6.647999999999999743e-02,-9.302100000000000646e-02,3.147159999999999958e-01,-8.534899999999999431e-02,8.822299999999999587e-02,7.739600000000000646e-02,2.416099999999999845e-02,1.416020000000000056e-01,-3.775200000000000083e-02,5.222280000000000255e-01,-2.545419999999999905e-01,7.897760000000000336e-01,-3.119339999999999891e-01,3.429600000000000010e-02,2.743360000000000243e-01,-9.067300000000000360e-02,-5.923249999999999904e-01,4.163020000000000054e-01,3.078020000000000200e-01,1.805309999999999970e-01,1.139730000000000049e-01,-1.458059999999999912e-01
1.358900000000000038e-02,-1.631000000000000071e-03,7.867309999999999581e-01,6.155599999999999961e-01,-3.226999999999999834e-03,3.183300000000000018e-02,-7.874400000000000288e-01,-2.940980000000000261e-01,1.086649999999999977e-01,7.304299999999999682e-02,4.754590000000000205e-01,-2.096530000000000060e-01,-3.045799999999999896e-02,-3.040760000000000129e-01,-7.162399999999999323e-02,-1.092749999999999971e-01,3.466330000000000244e-01,-9.416299999999999670e-02,9.312600000000000044e-02,7.854800000000000670e-02,1.527899999999999918e-02,1.451550000000000062e-01,-7.451000000000000678e-02,5.397129999999999983e-01,-2.844320000000000181e-01,8.240809999999999524e-01,-3.052320000000000033e-01,3.732599999999999807e-02,2.612039999999999917e-01,-1.029950000000000032e-01,-5.655949999999999589e-01,4.292110000000000092e-01,3.325259999999999883e-01,1.864159999999999984e-01,1.153600000000000042e-01,-1.415970000000000006e-01
1.570799999999999974e-02,4.938999999999999814e-03,7.834680000000000533e-01,6.076549999999999452e-01,-2.420000000000000005e-04,3.221099999999999658e-02,-7.935480000000000311e-01,-3.167530000000000068e-01,1.166289999999999966e-01,9.472500000000000364e-02,4.973560000000000203e-01,-2.128939999999999999e-01,-3.216999999999999721e-02,-3.412970000000000170e-01,-7.762499999999999956e-02,-1.253569999999999962e-01,3.790450000000000208e-01,-1.031409999999999966e-01,9.832000000000000461e-02,7.966199999999999670e-02,5.902000000000000128e-03,1.491250000000000075e-01,-1.122950000000000059e-01,5.563059999999999672e-01,-3.151840000000000197e-01,8.586700000000000443e-01,-2.981170000000000209e-01,3.990300000000000097e-02,2.480630000000000057e-01,-1.148870000000000030e-01,-5.386509999999999909e-01,4.411970000000000058e-01,3.574700000000000100e-01,1.922449999999999992e-01,1.164830000000000032e-01,-1.371439999999999881e-01
1.691000000000000142e-02,1.047799999999999947e-02,7.837730000000000530e-01,6.018590000000000328e-01,-6.920000000000000153e-04,3.479600000000000054e-02,-7.978439999999999976e-01,-3.246789999999999954e-01,1.280040000000000067e-01,1.008119999999999988e-01,4.951220000000000065e-01,-1.995850000000000124e-01,-3.214299999999999796e-02,-3.533009999999999762e-01,-9.138400000000000689e-02,-1.470629999999999993e-01,4.106870000000000243e-01,-1.224309999999999982e-01,1.137660000000000060e-01,8.144300000000000150e-02,5.611999999999999801e-03,1.464239999999999986e-01,-1.393770000000000009e-01,5.692300000000000137e-01,-3.659669999999999868e-01,8.662769999999999637e-01,-2.724420000000000175e-01,4.465600000000000125e-02,2.246239999999999903e-01,-1.252500000000000002e-01,-5.269559999999999800e-01,4.645299999999999985e-01,3.619439999999999880e-01,1.834949999999999914e-01,1.204309999999999964e-01,-1.300159999999999927e-01
1.822500000000000162e-02,1.583299999999999985e-02,7.841799999999999882e-01,5.962340000000000417e-01,-1.824000000000000100e-03,3.668199999999999933e-02,-8.019699999999999607e-01,-3.292970000000000064e-01,1.386219999999999952e-01,1.068540000000000045e-01,4.911579999999999835e-01,-1.858120000000000049e-01,-3.187600000000000156e-02,-3.622429999999999817e-01,-1.061809999999999976e-01,-1.691080000000000083e-01,4.415589999999999793e-01,-1.416580000000000061e-01,1.293279999999999985e-01,8.282100000000000573e-02,5.965999999999999949e-03,1.454249999999999987e-01,-1.645479999999999998e-01,5.807489999999999597e-01,-4.164919999999999733e-01,8.706150000000000277e-01,-2.455549999999999955e-01,5.059799999999999714e-02,2.021040000000000059e-01,-1.337869999999999893e-01,-5.162170000000000369e-01,4.872440000000000104e-01,3.639910000000000090e-01,1.741689999999999905e-01,1.256460000000000077e-01,-1.230409999999999976e-01
1.966899999999999898e-02,2.118199999999999944e-02,7.845769999999999689e-01,5.906179999999999763e-01,-3.116999999999999979e-03,3.834599999999999814e-02,-8.060340000000000282e-01,-3.331910000000000149e-01,1.490009999999999946e-01,1.128849999999999992e-01,4.870510000000000117e-01,-1.720009999999999872e-01,-3.151999999999999941e-02,-3.705120000000000080e-01,-1.216239999999999960e-01,-1.912760000000000016e-01,4.725820000000000021e-01,-1.607889999999999875e-01,1.447199999999999875e-01,8.414099999999999357e-02,6.276000000000000328e-03,1.449409999999999865e-01,-1.896249999999999880e-01,5.919990000000000530e-01,-4.670119999999999827e-01,8.746310000000000473e-01,-2.183269999999999933e-01,5.599400000000000210e-02,1.791550000000000087e-01,-1.419729999999999881e-01,-5.054370000000000251e-01,5.098009999999999486e-01,3.662420000000000120e-01,1.647309999999999885e-01,1.303310000000000024e-01,-1.161070000000000019e-01
1.784200000000000022e-02,2.573999999999999899e-02,7.878370000000000095e-01,5.881189999999999474e-01,-5.510000000000000141e-03,4.177100000000000257e-02,-8.076769999999999783e-01,-3.244409999999999794e-01,1.639170000000000071e-01,1.143809999999999966e-01,4.569570000000000021e-01,-1.413699999999999957e-01,-3.419200000000000017e-02,-3.569459999999999855e-01,-1.322450000000000014e-01,-1.965010000000000090e-01,4.854180000000000161e-01,-1.667929999999999968e-01,1.448429999999999995e-01,8.810800000000000576e-02,9.858000000000000443e-03,1.377190000000000081e-01,-1.899000000000000132e-01,6.068449999999999678e-01,-5.031619999999999981e-01,8.019589999999999774e-01,-2.006819999999999993e-01,5.646700000000000330e-02,1.543680000000000052e-01,-1.378369999999999873e-01,-5.222059999999999480e-01,5.365480000000000249e-01,2.902060000000000195e-01,1.531589999999999896e-01,1.352629999999999943e-01,-8.193000000000000282e-02
1.599400000000000127e-02,3.010499999999999982e-02,7.912390000000000256e-01,5.855000000000000204e-01,-8.616000000000000394e-03,4.517399999999999888e-02,-8.093669999999999476e-01,-3.137710000000000221e-01,1.794469999999999954e-01,1.158359999999999945e-01,4.265369999999999995e-01,-1.108689999999999953e-01,-3.690199999999999730e-02,-3.401190000000000047e-01,-1.419420000000000126e-01,-2.020180000000000031e-01,4.950899999999999745e-01,-1.716999999999999915e-01,1.451330000000000120e-01,9.144599999999999951e-02,1.512999999999999935e-02,1.309059999999999946e-01,-1.856619999999999937e-01,6.241120000000000001e-01,-5.378619999999999512e-01,7.224559999999999871e-01,-1.836039999999999894e-01,6.032699999999999868e-02,1.297800000000000065e-01,-1.310860000000000081e-01,-5.428870000000000084e-01,5.642169999999999686e-01,2.086760000000000004e-01,1.423030000000000128e-01,1.430170000000000052e-01,-4.725599999999999939e-02
1.427400000000000023e-02,3.443199999999999733e-02,7.946990000000000443e-01,5.828569999999999585e-01,-1.196499999999999994e-02,4.851500000000000257e-02,-8.110370000000000079e-01,-3.030729999999999813e-01,1.950580000000000092e-01,1.171520000000000061e-01,3.969489999999999963e-01,-8.073299999999999921e-02,-3.966700000000000087e-02,-3.227050000000000196e-01,-1.515920000000000045e-01,-2.075500000000000123e-01,5.045199999999999685e-01,-1.764539999999999997e-01,1.454020000000000035e-01,9.463199999999999390e-02,2.075300000000000061e-02,1.242299999999999932e-01,-1.815579999999999972e-01,6.433900000000000174e-01,-5.730830000000000091e-01,6.421930000000000138e-01,-1.675460000000000005e-01,6.453899999999999915e-02,1.044240000000000029e-01,-1.248660000000000048e-01,-5.656729999999999814e-01,5.927799999999999736e-01,1.268090000000000050e-01,1.328110000000000124e-01,1.508579999999999921e-01,-1.227400000000000019e-02
1.185600000000000022e-02,3.845599999999999713e-02,7.988779999999999770e-01,5.835209999999999564e-01,-1.598199999999999968e-02,5.439700000000000091e-02,-8.101159999999999473e-01,-2.784639999999999893e-01,2.098019999999999885e-01,1.082160000000000066e-01,3.323139999999999983e-01,-3.971899999999999736e-02,-4.678000000000000214e-02,-2.895280000000000076e-01,-1.495479999999999865e-01,-1.995810000000000084e-01,5.095910000000000162e-01,-1.644780000000000131e-01,1.379670000000000063e-01,9.453000000000000291e-02,3.597199999999999703e-02,1.141759999999999997e-01,-1.557350000000000123e-01,6.423630000000000173e-01,-5.655259999999999732e-01,5.309880000000000155e-01,-1.782990000000000130e-01,6.329999999999999516e-02,1.045190000000000008e-01,-9.833899999999999586e-02,-5.820689999999999475e-01,5.931159999999999766e-01,1.700000000000000122e-04,1.327260000000000106e-01,1.535440000000000138e-01,7.419000000000000247e-03
9.537000000000000338e-03,4.220000000000000140e-02,8.031199999999999450e-01,5.843699999999999450e-01,-2.041899999999999965e-02,5.983600000000000030e-02,-8.090209999999999901e-01,-2.533270000000000244e-01,2.244460000000000066e-01,9.949500000000000011e-02,2.698639999999999928e-01,-3.130000000000000187e-04,-5.299999999999999850e-02,-2.538130000000000108e-01,-1.486329999999999874e-01,-1.918729999999999880e-01,5.130759999999999765e-01,-1.523440000000000072e-01,1.307740000000000014e-01,9.350700000000000678e-02,5.161199999999999816e-02,1.055389999999999939e-01,-1.273630000000000040e-01,6.410289999999999599e-01,-5.576229999999999798e-01,4.157449999999999757e-01,-1.881569999999999909e-01,6.381499999999999673e-02,1.072239999999999999e-01,-7.029599999999999738e-02,-6.006679999999999797e-01,5.938010000000000232e-01,-1.313610000000000055e-01,1.328350000000000086e-01,1.593819999999999959e-01,2.628300000000000081e-02
7.255000000000000164e-03,4.601500000000000035e-02,8.073090000000000543e-01,5.853899999999999659e-01,-2.476300000000000029e-02,6.484099999999999586e-02,-8.077750000000000208e-01,-2.293000000000000038e-01,2.384890000000000065e-01,9.083299999999999708e-02,2.105720000000000092e-01,3.737000000000000044e-02,-5.901800000000000102e-02,-2.173579999999999957e-01,-1.491659999999999930e-01,-1.837219999999999964e-01,5.159510000000000485e-01,-1.401749999999999940e-01,1.238100000000000034e-01,9.199799999999999645e-02,6.646699999999999831e-02,9.756499999999999895e-02,-9.861000000000000321e-02,6.395690000000000541e-01,-5.500599999999999934e-01,2.998230000000000062e-01,-1.969490000000000129e-01,6.411899999999999544e-02,1.108060000000000017e-01,-4.221699999999999758e-02,-6.200290000000000523e-01,5.950379999999999558e-01,-2.631319999999999770e-01,1.330300000000000094e-01,1.648179999999999923e-01,4.440100000000000297e-02
4.631999999999999833e-03,5.008200000000000152e-02,8.108060000000000267e-01,5.865040000000000253e-01,-2.684599999999999834e-02,6.843000000000000471e-02,-8.066039999999999877e-01,-2.242359999999999909e-01,2.495489999999999930e-01,8.343200000000000616e-02,1.847300000000000053e-01,7.579600000000000226e-02,-6.529799999999999494e-02,-1.753609999999999891e-01,-1.501800000000000079e-01,-1.786149999999999960e-01,5.095840000000000369e-01,-1.147719999999999990e-01,1.094350000000000045e-01,9.772999999999999743e-02,7.709699999999999886e-02,9.493799999999999462e-02,-3.546500000000000347e-02,6.361440000000000428e-01,-5.447279999999999900e-01,1.554659999999999931e-01,-2.054549999999999987e-01,6.796800000000000064e-02,8.836499999999999910e-02,-8.847999999999999962e-03,-6.263659999999999783e-01,5.938080000000000025e-01,-3.169460000000000055e-01,1.484020000000000061e-01,1.721860000000000057e-01,6.930799999999999461e-02
2.011999999999999900e-03,5.429300000000000098e-02,8.142470000000000541e-01,5.875930000000000319e-01,-2.849199999999999997e-02,7.215699999999999892e-02,-8.054289999999999505e-01,-2.211990000000000067e-01,2.607410000000000005e-01,7.568300000000000027e-02,1.610320000000000085e-01,1.136339999999999989e-01,-7.191799999999999582e-02,-1.339720000000000077e-01,-1.518190000000000095e-01,-1.735379999999999978e-01,5.022950000000000470e-01,-8.894199999999999329e-02,9.468699999999999339e-02,1.021849999999999981e-01,8.659400000000000430e-02,9.127499999999999503e-02,3.011799999999999894e-02,6.344680000000000319e-01,-5.391719999999999846e-01,6.816000000000000010e-03,-2.126830000000000109e-01,7.358900000000000163e-02,6.746199999999999419e-02,2.190399999999999986e-02,-6.310700000000000198e-01,5.946770000000000111e-01,-3.667869999999999742e-01,1.640979999999999939e-01,1.768730000000000024e-01,9.441800000000000193e-02
-6.890000000000000508e-04,5.859700000000000325e-02,8.177799999999999514e-01,5.887999999999999901e-01,-2.979599999999999957e-02,7.562599999999999878e-02,-8.041810000000000347e-01,-2.189180000000000015e-01,2.711580000000000101e-01,6.781900000000000428e-02,1.381860000000000033e-01,1.510960000000000081e-01,-7.867100000000000481e-02,-9.293099999999999972e-02,-1.550060000000000049e-01,-1.685109999999999941e-01,4.950030000000000263e-01,-6.323499999999999954e-02,7.983600000000000418e-02,1.060750000000000026e-01,9.489599999999999425e-02,8.757600000000000107e-02,9.542699999999999794e-02,6.335060000000000136e-01,-5.345929999999999849e-01,-1.428310000000000135e-01,-2.186190000000000078e-01,7.896899999999999753e-02,4.761499999999999760e-02,5.199800000000000255e-02,-6.356140000000000123e-01,5.965909999999999824e-01,-4.157370000000000232e-01,1.798869999999999914e-01,1.804060000000000108e-01,1.184069999999999984e-01
-3.834999999999999867e-03,6.439699999999999591e-02,8.179440000000000044e-01,5.914350000000000440e-01,-2.949699999999999891e-02,7.549699999999999467e-02,-8.022690000000000099e-01,-2.289470000000000116e-01,2.721520000000000050e-01,4.868900000000000311e-02,1.386300000000000032e-01,1.656279999999999974e-01,-7.904799999999999327e-02,-5.913999999999999813e-02,-1.641050000000000009e-01,-1.527810000000000001e-01,4.822750000000000092e-01,-5.673099999999999671e-02,7.192600000000000382e-02,1.055070000000000036e-01,9.834199999999999886e-02,8.664299999999999780e-02,1.569190000000000029e-01,6.298810000000000242e-01,-5.208709999999999729e-01,-2.156969999999999998e-01,-2.257889999999999897e-01,8.943299999999999861e-02,3.917999999999999955e-02,7.243199999999999639e-02,-6.387300000000000200e-01,5.929200000000000026e-01,-4.636230000000000073e-01,1.888100000000000056e-01,1.822020000000000028e-01,1.324180000000000079e-01
-6.926999999999999998e-03,7.043399999999999661e-02,8.181619999999999449e-01,5.940959999999999575e-01,-2.888299999999999895e-02,7.535400000000000431e-02,-8.003360000000000474e-01,-2.406369999999999898e-01,2.725290000000000212e-01,2.934200000000000003e-02,1.405379999999999963e-01,1.803970000000000018e-01,-7.944700000000000373e-02,-2.685699999999999893e-02,-1.742299999999999960e-01,-1.372780000000000111e-01,4.703649999999999776e-01,-5.022700000000000081e-02,6.390099999999999947e-02,1.051939999999999958e-01,1.014909999999999979e-01,8.534799999999999331e-02,2.143930000000000002e-01,6.236310000000000464e-01,-5.085370000000000168e-01,-2.825119999999999854e-01,-2.327829999999999899e-01,9.569199999999999928e-02,2.975799999999999973e-02,9.206200000000000494e-02,-6.417990000000000084e-01,5.897289999999999477e-01,-5.107190000000000341e-01,1.976700000000000124e-01,1.836089999999999944e-01,1.455549999999999899e-01
-1.010999999999999920e-02,7.656999999999999917e-02,8.182530000000000081e-01,5.967770000000000019e-01,-2.809800000000000145e-02,7.508700000000000097e-02,-7.983919999999999906e-01,-2.526399999999999757e-01,2.723110000000000253e-01,1.012900000000000085e-02,1.426699999999999913e-01,1.952460000000000029e-01,-8.004500000000000504e-02,4.760000000000000342e-03,-1.853160000000000085e-01,-1.221030000000000032e-01,4.589610000000000078e-01,-4.392100000000000171e-02,5.582700000000000162e-02,1.050100000000000061e-01,1.041040000000000021e-01,8.398999999999999522e-02,2.705339999999999967e-01,6.162870000000000292e-01,-4.967530000000000001e-01,-3.492179999999999729e-01,-2.394499999999999962e-01,1.015139999999999931e-01,2.047500000000000014e-02,1.115400000000000003e-01,-6.447060000000000013e-01,5.864390000000000436e-01,-5.581249999999999822e-01,2.064850000000000019e-01,1.854049999999999865e-01,1.585870000000000057e-01
-1.385600000000000026e-02,8.540000000000000369e-02,8.130749999999999922e-01,5.975289999999999768e-01,-2.610900000000000026e-02,7.247699999999999976e-02,-7.981380000000000141e-01,-2.647900000000000253e-01,2.672979999999999801e-01,6.000000000000000152e-05,1.782299999999999995e-01,1.388530000000000042e-01,-7.636300000000000032e-02,2.397699999999999831e-02,-1.986620000000000053e-01,-1.062509999999999982e-01,4.507570000000000188e-01,-6.957499999999999796e-02,7.912600000000000189e-02,1.091389999999999999e-01,9.659600000000000131e-02,8.762999999999999956e-02,2.933009999999999784e-01,5.925129999999999564e-01,-4.775209999999999733e-01,-3.754890000000000172e-01,-2.460440000000000127e-01,1.047389999999999988e-01,2.579499999999999849e-02,1.169479999999999964e-01,-6.282860000000000111e-01,5.805979999999999475e-01,-5.876019999999999577e-01,2.208589999999999998e-01,1.848899999999999988e-01,1.647619999999999918e-01
-1.753700000000000050e-02,9.449299999999999367e-02,8.079479999999999995e-01,5.981429999999999803e-01,-2.420900000000000135e-02,6.961599999999999733e-02,-7.979920000000000346e-01,-2.789960000000000218e-01,2.619730000000000114e-01,-1.037599999999999981e-02,2.185429999999999873e-01,8.020499999999999852e-02,-7.307700000000000307e-02,4.180699999999999694e-02,-2.128440000000000054e-01,-9.099500000000000643e-02,4.450749999999999984e-01,-9.570199999999999541e-02,1.022119999999999973e-01,1.143730000000000024e-01,8.861800000000000233e-02,9.255700000000000038e-02,3.109850000000000114e-01,5.669020000000000170e-01,-4.591299999999999826e-01,-3.975910000000000277e-01,-2.526639999999999997e-01,1.052209999999999951e-01,3.029499999999999901e-02,1.200660000000000061e-01,-6.106599999999999806e-01,5.749119999999999786e-01,-6.144049999999999789e-01,2.353480000000000016e-01,1.830100000000000060e-01,1.707829999999999904e-01
-2.134099999999999886e-02,1.036939999999999945e-01,8.029060000000000086e-01,5.986679999999999779e-01,-2.238300000000000012e-02,6.672999999999999765e-02,-7.978990000000000249e-01,-2.941570000000000018e-01,2.565700000000000203e-01,-2.100000000000000130e-02,2.612369999999999970e-01,2.024799999999999864e-02,-7.015799999999999814e-02,5.915000000000000119e-02,-2.273870000000000058e-01,-7.668300000000000116e-02,4.401419999999999777e-01,-1.216480000000000061e-01,1.252149999999999930e-01,1.200569999999999971e-01,8.062600000000000322e-02,9.779500000000000692e-02,3.269409999999999816e-01,5.399009999999999643e-01,-4.403859999999999997e-01,-4.199640000000000040e-01,-2.588650000000000118e-01,1.050389999999999935e-01,3.439600000000000296e-02,1.225490000000000052e-01,-5.928440000000000376e-01,5.696719999999999562e-01,-6.407810000000000450e-01,2.497129999999999905e-01,1.807010000000000005e-01,1.765690000000000037e-01
-2.704600000000000060e-02,1.151699999999999946e-01,7.953660000000000174e-01,5.967519999999999492e-01,-1.827600000000000058e-02,6.016300000000000120e-02,-7.999579999999999469e-01,-3.301990000000000203e-01,2.491069999999999951e-01,-1.186800000000000008e-02,3.602350000000000274e-01,-4.413799999999999668e-02,-7.708600000000000174e-02,6.085800000000000237e-02,-2.378959999999999964e-01,-6.867399999999999893e-02,4.391079999999999983e-01,-2.124999999999999944e-01,1.652049999999999907e-01,1.264810000000000101e-01,6.080800000000000094e-02,1.065559999999999979e-01,3.084799999999999764e-01,5.151139999999999608e-01,-4.062700000000000200e-01,-3.573160000000000225e-01,-2.508009999999999962e-01,1.045350000000000029e-01,5.539600000000000080e-02,9.926200000000000301e-02,-5.791650000000000409e-01,5.533569999999999878e-01,-6.162609999999999477e-01,2.500419999999999865e-01,1.818029999999999924e-01,1.682849999999999902e-01
-3.259299999999999697e-02,1.270429999999999893e-01,7.877049999999999885e-01,5.946470000000000367e-01,-1.423100000000000059e-02,5.345199999999999951e-02,-8.020819999999999617e-01,-3.727949999999999875e-01,2.430769999999999875e-01,-3.282000000000000195e-03,4.723379999999999801e-01,-1.146490000000000009e-01,-8.356299999999999839e-02,5.890700000000000103e-02,-2.505979999999999874e-01,-6.340999999999999415e-02,4.448699999999999877e-01,-3.058980000000000032e-01,2.060819999999999874e-01,1.336150000000000115e-01,4.086200000000000249e-02,1.168339999999999934e-01,2.826679999999999748e-01,4.884209999999999940e-01,-3.711470000000000047e-01,-2.863189999999999902e-01,-2.423430000000000029e-01,9.818200000000000538e-02,7.419299999999999506e-02,7.152400000000000424e-02,-5.636759999999999549e-01,5.367849999999999566e-01,-5.853730000000000322e-01,2.504919999999999924e-01,1.797999999999999876e-01,1.609279999999999877e-01
-3.811599999999999711e-02,1.388129999999999920e-01,7.797349999999999559e-01,5.923159999999999537e-01,-1.082400000000000029e-02,4.716000000000000053e-02,-8.042510000000000492e-01,-4.183410000000000184e-01,2.404189999999999938e-01,4.530000000000000172e-03,5.919889999999999874e-01,-1.890959999999999863e-01,-8.992500000000000493e-02,5.642899999999999999e-02,-2.636290000000000022e-01,-6.186699999999999838e-02,4.528809999999999780e-01,-3.999110000000000165e-01,2.484250000000000069e-01,1.414620000000000044e-01,2.265800000000000106e-02,1.273670000000000080e-01,2.555129999999999901e-01,4.615549999999999931e-01,-3.346020000000000105e-01,-2.158420000000000061e-01,-2.333629999999999871e-01,9.042400000000000437e-02,9.248000000000000664e-02,4.359699999999999687e-02,-5.485970000000000013e-01,5.197289999999999965e-01,-5.536820000000000075e-01,2.509399999999999964e-01,1.770770000000000122e-01,1.537870000000000070e-01
-4.149599999999999816e-02,1.492779999999999940e-01,7.735260000000000469e-01,5.883249999999999869e-01,-1.250199999999999922e-02,4.451900000000000301e-02,-8.073010000000000463e-01,-4.392719999999999958e-01,2.540189999999999948e-01,1.164600000000000010e-02,6.404710000000000125e-01,-2.098399999999999987e-01,-9.679200000000000303e-02,4.110899999999999971e-02,-2.542960000000000220e-01,-4.773499999999999965e-02,4.734059999999999935e-01,-4.369830000000000103e-01,2.526639999999999997e-01,1.491200000000000025e-01,2.140399999999999942e-02,1.345050000000000134e-01,2.074400000000000133e-01,4.316829999999999834e-01,-3.250060000000000171e-01,-7.144499999999999462e-02,-2.240070000000000117e-01,8.285800000000000110e-02,1.025780000000000025e-01,-1.021599999999999939e-02,-5.394980000000000331e-01,5.270909999999999762e-01,-4.935530000000000195e-01,2.352579999999999949e-01,1.788150000000000017e-01,1.357299999999999895e-01
-4.487100000000000116e-02,1.599859999999999893e-01,7.677589999999999693e-01,5.841110000000000468e-01,-1.430999999999999980e-02,4.117099999999999926e-02,-8.105019999999999447e-01,-4.560819999999999874e-01,2.668749999999999734e-01,1.986500000000000071e-02,6.823979999999999491e-01,-2.268590000000000051e-01,-1.032430000000000014e-01,2.838500000000000051e-02,-2.456409999999999982e-01,-3.415300000000000280e-02,4.903669999999999973e-01,-4.719140000000000001e-01,2.565399999999999903e-01,1.569299999999999862e-01,1.993299999999999933e-02,1.432920000000000027e-01,1.560660000000000103e-01,4.002979999999999872e-01,-3.144250000000000100e-01,7.565500000000000003e-02,-2.130019999999999969e-01,7.200299999999999756e-02,1.118009999999999976e-01,-6.512800000000000533e-02,-5.298059999999999992e-01,5.348030000000000284e-01,-4.318330000000000224e-01,2.192510000000000014e-01,1.792539999999999967e-01,1.159319999999999934e-01
-4.827200000000000241e-02,1.708939999999999904e-01,7.619829999999999659e-01,5.798959999999999670e-01,-1.628399999999999986e-02,3.752500000000000280e-02,-8.136630000000000251e-01,-4.721350000000000269e-01,2.797689999999999899e-01,2.803599999999999842e-02,7.240550000000000042e-01,-2.436810000000000087e-01,-1.095050000000000051e-01,1.626999999999999974e-02,-2.371550000000000047e-01,-2.075199999999999961e-02,5.078080000000000371e-01,-5.073039999999999772e-01,2.601700000000000124e-01,1.648620000000000085e-01,1.838199999999999903e-02,1.530080000000000051e-01,1.040660000000000057e-01,3.686840000000000117e-01,-3.032679999999999820e-01,2.207939999999999903e-01,-2.005909999999999915e-01,6.083500000000000019e-02,1.220360000000000056e-01,-1.199299999999999949e-01,-5.194349999999999801e-01,5.419469999999999565e-01,-3.707090000000000107e-01,2.032700000000000062e-01,1.799090000000000134e-01,9.538099999999999357e-02
-5.091600000000000292e-02,1.807080000000000075e-01,7.628380000000000161e-01,5.747780000000000111e-01,-1.667599999999999985e-02,3.709400000000000197e-02,-8.172979999999999690e-01,-4.641339999999999910e-01,2.904109999999999747e-01,2.859199999999999936e-02,6.860469999999999624e-01,-2.125019999999999964e-01,-1.175410000000000066e-01,3.065000000000000016e-03,-2.249869999999999925e-01,-1.631200000000000011e-02,5.014459999999999473e-01,-4.833850000000000091e-01,2.532200000000000006e-01,1.648439999999999905e-01,2.074700000000000155e-02,1.554059999999999886e-01,7.685699999999999477e-02,3.547910000000000230e-01,-3.150439999999999907e-01,2.809969999999999968e-01,-1.862989999999999924e-01,5.105099999999999916e-02,1.176750000000000018e-01,-1.655850000000000100e-01,-5.281970000000000276e-01,5.627170000000000227e-01,-3.502939999999999943e-01,1.801169999999999993e-01,1.790319999999999967e-01,9.085400000000000420e-02
-5.371100000000000180e-02,1.902639999999999887e-01,7.638960000000000194e-01,5.698229999999999684e-01,-1.673099999999999934e-02,3.621400000000000313e-02,-8.207980000000000276e-01,-4.540129999999999999e-01,2.994319999999999760e-01,3.009099999999999969e-02,6.448220000000000063e-01,-1.802050000000000041e-01,-1.254049999999999887e-01,-8.196000000000000160e-03,-2.144060000000000132e-01,-1.290499999999999980e-02,4.920499999999999874e-01,-4.581600000000000117e-01,2.467459999999999931e-01,1.640939999999999899e-01,2.160099999999999867e-02,1.570419999999999872e-01,5.385000000000000203e-02,3.407990000000000186e-01,-3.264880000000000004e-01,3.341919999999999891e-01,-1.709900000000000031e-01,4.538400000000000073e-02,1.155660000000000021e-01,-2.090809999999999891e-01,-5.358570000000000277e-01,5.841100000000000181e-01,-3.329579999999999762e-01,1.562600000000000100e-01,1.795720000000000094e-01,8.574299999999999977e-02
-5.653500000000000192e-02,1.992859999999999909e-01,7.653020000000000378e-01,5.650889999999999525e-01,-1.592599999999999918e-02,3.525099999999999761e-02,-8.241230000000000500e-01,-4.424069999999999947e-01,3.066429999999999989e-01,3.262799999999999728e-02,5.992600000000000149e-01,-1.462179999999999869e-01,-1.329879999999999951e-01,-1.811300000000000063e-02,-2.054900000000000060e-01,-1.071399999999999957e-02,4.784329999999999972e-01,-4.311329999999999885e-01,2.407819999999999960e-01,1.620209999999999984e-01,2.049600000000000033e-02,1.553730000000000111e-01,3.692000000000000143e-02,3.276870000000000061e-01,-3.378300000000000192e-01,3.816620000000000013e-01,-1.544379999999999920e-01,4.262400000000000216e-02,1.154260000000000008e-01,-2.488269999999999926e-01,-5.421270000000000255e-01,6.064469999999999583e-01,-3.190359999999999863e-01,1.314450000000000063e-01,1.811149999999999982e-01,8.061100000000000210e-02
-5.846200000000000008e-02,2.073059999999999903e-01,7.696410000000000196e-01,5.600640000000000063e-01,-1.240199999999999983e-02,3.647999999999999854e-02,-8.275529999999999831e-01,-4.188000000000000056e-01,3.133179999999999854e-01,4.581500000000000156e-02,5.181270000000000042e-01,-7.979300000000000281e-02,-1.288509999999999933e-01,-9.587000000000000036e-03,-1.938199999999999923e-01,-1.396000000000000105e-03,4.111070000000000002e-01,-3.843969999999999887e-01,2.376600000000000101e-01,1.653050000000000075e-01,1.792600000000000096e-02,1.470170000000000088e-01,4.512100000000000138e-02,3.127869999999999817e-01,-3.376129999999999964e-01,3.646499999999999742e-01,-1.471159999999999968e-01,3.506599999999999995e-02,1.092899999999999983e-01,-2.621560000000000001e-01,-5.473430000000000240e-01,6.428019999999999845e-01,-3.236100000000000088e-01,1.299210000000000087e-01,1.801699999999999968e-01,9.384499999999999786e-02
-6.055699999999999972e-02,2.147959999999999869e-01,7.742449999999999610e-01,5.549830000000000041e-01,-9.312000000000000832e-03,3.749299999999999855e-02,-8.309640000000000359e-01,-3.928710000000000258e-01,3.193920000000000092e-01,5.958399999999999808e-02,4.361689999999999734e-01,-1.396000000000000019e-02,-1.249989999999999990e-01,2.295000000000000165e-03,-1.831500000000000072e-01,7.726000000000000228e-03,3.399300000000000099e-01,-3.361370000000000191e-01,2.344680000000000097e-01,1.675770000000000037e-01,1.544000000000000060e-02,1.383699999999999930e-01,5.918299999999999950e-02,3.010929999999999995e-01,-3.381210000000000049e-01,3.429200000000000026e-01,-1.403050000000000130e-01,3.116599999999999926e-02,1.048749999999999960e-01,-2.736000000000000099e-01,-5.528239999999999821e-01,6.804740000000000233e-01,-3.305319999999999925e-01,1.288469999999999893e-01,1.796669999999999934e-01,1.070099999999999940e-01
-6.261200000000000099e-02,2.220060000000000089e-01,7.790749999999999620e-01,5.498100000000000209e-01,-6.636000000000000405e-03,3.845900000000000013e-02,-8.343779999999999530e-01,-3.672420000000000129e-01,3.252869999999999928e-01,7.303900000000000670e-02,3.568500000000000005e-01,5.009999999999999870e-02,-1.215190000000000020e-01,1.460900000000000046e-02,-1.731570000000000054e-01,1.712899999999999839e-02,2.695600000000000218e-01,-2.883729999999999905e-01,2.310979999999999979e-01,1.696719999999999895e-01,1.348599999999999972e-02,1.301219999999999877e-01,7.478300000000000225e-02,2.919039999999999968e-01,-3.411859999999999893e-01,3.227249999999999841e-01,-1.345429999999999959e-01,2.843599999999999947e-02,1.019499999999999990e-01,-2.849909999999999943e-01,-5.579769999999999452e-01,7.184180000000000010e-01,-3.383099999999999996e-01,1.277570000000000094e-01,1.798949999999999994e-01,1.203990000000000060e-01
-6.635900000000000132e-02,2.312390000000000001e-01,7.888669999999999849e-01,5.418410000000000171e-01,-1.069999999999999988e-03,3.866499999999999798e-02,-8.395899999999999475e-01,-3.545349999999999890e-01,3.194919999999999982e-01,8.330200000000000105e-02,3.300020000000000175e-01,6.716999999999999360e-02,-1.116820000000000035e-01,3.115000000000000147e-03,-1.660959999999999936e-01,7.727999999999999627e-03,2.278090000000000115e-01,-1.942609999999999892e-01,2.194659999999999944e-01,1.688689999999999913e-01,6.943999999999999652e-03,1.288459999999999883e-01,7.791499999999999815e-02,2.843359999999999776e-01,-3.354440000000000199e-01,3.188940000000000108e-01,-1.370840000000000114e-01,2.786200000000000135e-02,1.022630000000000067e-01,-2.889180000000000081e-01,-5.500230000000000397e-01,7.330160000000000009e-01,-3.443519999999999914e-01,1.335060000000000136e-01,1.793279999999999874e-01,1.224699999999999955e-01
-7.020200000000000051e-02,2.403029999999999888e-01,7.986649999999999583e-01,5.337499999999999467e-01,5.130000000000000011e-03,3.973399999999999849e-02,-8.446930000000000271e-01,-3.446879999999999944e-01,3.146729999999999805e-01,9.259499999999999675e-02,3.042199999999999904e-01,8.368299999999999350e-02,-1.022320000000000034e-01,-1.168199999999999968e-02,-1.583400000000000085e-01,-3.105000000000000121e-03,1.885499999999999954e-01,-1.012340000000000045e-01,2.086270000000000069e-01,1.686189999999999911e-01,1.041999999999999958e-03,1.238179999999999975e-01,8.291500000000000259e-02,2.797439999999999927e-01,-3.343260000000000121e-01,3.195200000000000262e-01,-1.406519999999999992e-01,2.658100000000000046e-02,1.035459999999999992e-01,-2.900309999999999833e-01,-5.423080000000000123e-01,7.473560000000000203e-01,-3.514820000000000166e-01,1.384100000000000052e-01,1.789439999999999920e-01,1.244849999999999984e-01
-7.404299999999999771e-02,2.492250000000000021e-01,8.085419999999999829e-01,5.255490000000000439e-01,1.124999999999999958e-02,4.097900000000000154e-02,-8.497019999999999573e-01,-3.350079999999999725e-01,3.103949999999999765e-01,1.015039999999999970e-01,2.785409999999999831e-01,1.000000000000000056e-01,-9.301600000000000146e-02,-2.712200000000000027e-02,-1.502979999999999872e-01,-1.521899999999999989e-02,1.504439999999999944e-01,-8.701000000000000401e-03,1.985810000000000075e-01,1.685300000000000131e-01,-4.277000000000000419e-03,1.183140000000000025e-01,8.906600000000000628e-02,2.783930000000000016e-01,-3.372390000000000110e-01,3.236729999999999885e-01,-1.457380000000000064e-01,2.551000000000000142e-02,1.059859999999999969e-01,-2.906159999999999854e-01,-5.346509999999999874e-01,7.616530000000000244e-01,-3.587339999999999973e-01,1.432190000000000130e-01,1.785970000000000057e-01,1.264609999999999901e-01
-7.705499999999999849e-02,2.602590000000000181e-01,8.152080000000000437e-01,5.183990000000000542e-01,1.576500000000000123e-02,4.345399999999999957e-02,-8.538879999999999804e-01,-3.386870000000000158e-01,2.966690000000000160e-01,8.714099999999999624e-02,2.979700000000000126e-01,9.215500000000000080e-02,-1.038700000000000040e-01,-3.539599999999999691e-02,-1.618070000000000064e-01,-4.604400000000000159e-02,1.492370000000000085e-01,2.371900000000000050e-02,1.715490000000000070e-01,1.700820000000000110e-01,-5.519999999999999733e-03,1.181510000000000060e-01,9.622899999999999510e-02,2.970490000000000075e-01,-3.530079999999999885e-01,2.916960000000000108e-01,-1.460380000000000011e-01,2.773400000000000171e-02,9.970299999999999996e-02,-2.907529999999999837e-01,-5.248939999999999717e-01,7.728129999999999722e-01,-3.756909999999999972e-01,1.489580000000000071e-01,1.785499999999999865e-01,1.295870000000000077e-01
-8.007100000000000328e-02,2.712649999999999784e-01,8.218440000000000190e-01,5.111689999999999845e-01,2.042800000000000171e-02,4.610899999999999721e-02,-8.579989999999999561e-01,-3.442879999999999829e-01,2.831110000000000015e-01,7.241000000000000214e-02,3.202229999999999799e-01,8.254699999999999538e-02,-1.151269999999999932e-01,-4.489200000000000135e-02,-1.732390000000000041e-01,-7.760699999999999543e-02,1.504810000000000036e-01,5.447799999999999865e-02,1.441030000000000089e-01,1.720379999999999965e-01,-6.790000000000000029e-03,1.177679999999999977e-01,1.046699999999999992e-01,3.197949999999999959e-01,-3.724379999999999913e-01,2.601620000000000044e-01,-1.479330000000000089e-01,3.183300000000000018e-02,9.472899999999999376e-02,-2.906699999999999839e-01,-5.151660000000000128e-01,7.834029999999999605e-01,-3.930870000000000197e-01,1.547840000000000049e-01,1.788369999999999960e-01,1.327699999999999991e-01
-8.288700000000000234e-02,2.823140000000000094e-01,8.286210000000000520e-01,5.038639999999999786e-01,2.521500000000000130e-02,4.873500000000000054e-02,-8.620379999999999709e-01,-3.501009999999999955e-01,2.691910000000000136e-01,5.798999999999999988e-02,3.426449999999999774e-01,7.249099999999999988e-02,-1.266180000000000083e-01,-5.422899999999999943e-02,-1.849699999999999955e-01,-1.100089999999999957e-01,1.518599999999999950e-01,8.478099999999999525e-02,1.162929999999999936e-01,1.740869999999999918e-01,-8.073000000000000315e-03,1.171750000000000014e-01,1.139659999999999979e-01,3.453109999999999791e-01,-3.950219999999999843e-01,2.302130000000000010e-01,-1.510150000000000103e-01,3.652699999999999697e-02,9.087199999999999445e-02,-2.904660000000000020e-01,-5.054819999999999869e-01,7.938260000000000316e-01,-4.109180000000000055e-01,1.605959999999999888e-01,1.797529999999999961e-01,1.361499999999999932e-01
-8.511699999999999822e-02,2.931830000000000269e-01,8.282789999999999875e-01,4.984140000000000237e-01,2.730799999999999894e-02,5.190100000000000269e-02,-8.649529999999999719e-01,-3.574999999999999845e-01,2.681149999999999922e-01,5.914699999999999819e-02,3.650059999999999971e-01,5.113800000000000290e-02,-1.350320000000000131e-01,-5.030799999999999855e-02,-2.005129999999999968e-01,-1.264619999999999911e-01,1.629009999999999903e-01,8.140999999999999626e-02,9.171700000000000685e-02,1.729960000000000109e-01,-4.928000000000000089e-03,1.156289999999999957e-01,1.204630000000000006e-01,3.653939999999999966e-01,-4.043579999999999952e-01,1.878660000000000052e-01,-1.576869999999999938e-01,4.076400000000000162e-02,9.426400000000000057e-02,-2.908450000000000202e-01,-5.035560000000000036e-01,7.912479999999999514e-01,-4.344709999999999961e-01,1.685989999999999989e-01,1.799910000000000121e-01,1.341529999999999945e-01
-8.720500000000000473e-02,3.041090000000000182e-01,8.280769999999999520e-01,4.928679999999999728e-01,2.909300000000000080e-02,5.495200000000000085e-02,-8.678799999999999848e-01,-3.644729999999999914e-01,2.672959999999999781e-01,6.063199999999999840e-02,3.878639999999999866e-01,2.942399999999999877e-02,-1.434690000000000132e-01,-4.578100000000000225e-02,-2.158480000000000121e-01,-1.426099999999999868e-01,1.745109999999999995e-01,7.720000000000000473e-02,6.699499999999999900e-02,1.720689999999999997e-01,-1.270000000000000078e-03,1.150749999999999967e-01,1.274990000000000012e-01,3.865540000000000087e-01,-4.151839999999999975e-01,1.454870000000000052e-01,-1.645409999999999928e-01,4.555700000000000027e-02,9.830400000000000249e-02,-2.914990000000000081e-01,-5.021480000000000388e-01,7.889950000000000019e-01,-4.585460000000000091e-01,1.767779999999999907e-01,1.804119999999999890e-01,1.317450000000000010e-01
-8.917899999999999439e-02,3.149779999999999802e-01,8.278499999999999748e-01,4.872420000000000084e-01,3.081300000000000011e-02,5.801900000000000113e-02,-8.707920000000000105e-01,-3.714810000000000056e-01,2.666700000000000181e-01,6.240400000000000114e-02,4.108530000000000237e-01,7.555000000000000084e-03,-1.519169999999999965e-01,-4.094300000000000023e-02,-2.309779999999999889e-01,-1.586349999999999982e-01,1.860970000000000124e-01,7.249300000000000188e-02,4.210300000000000153e-02,1.713290000000000091e-01,2.622000000000000199e-03,1.146859999999999963e-01,1.348380000000000134e-01,4.082770000000000010e-01,-4.267630000000000035e-01,1.028939999999999994e-01,-1.713490000000000013e-01,5.044499999999999679e-02,1.025400000000000061e-01,-2.922120000000000273e-01,-5.007989999999999942e-01,7.869239999999999569e-01,-4.826619999999999799e-01,1.848930000000000018e-01,1.807910000000000073e-01,1.291100000000000025e-01
-9.102699999999999680e-02,3.255239999999999800e-01,8.230629999999999891e-01,4.830599999999999894e-01,3.206699999999999828e-02,6.117500000000000021e-02,-8.728590000000000515e-01,-3.877959999999999741e-01,2.752479999999999927e-01,7.626399999999999846e-02,4.450160000000000227e-01,-3.910299999999999887e-02,-1.398280000000000078e-01,-4.311899999999999761e-02,-2.426989999999999981e-01,-1.596269999999999911e-01,2.101409999999999945e-01,3.753900000000000292e-02,6.181899999999999895e-02,1.660629999999999884e-01,7.202000000000000068e-03,1.170059999999999989e-01,1.248240000000000044e-01,4.260470000000000090e-01,-4.373319999999999985e-01,1.095649999999999957e-01,-1.792370000000000074e-01,5.422199999999999936e-02,1.119020000000000015e-01,-3.039939999999999864e-01,-5.027110000000000190e-01,7.819850000000000412e-01,-4.939930000000000154e-01,1.878730000000000122e-01,1.812370000000000092e-01,1.221750000000000058e-01
-9.262499999999999900e-02,3.361339999999999884e-01,8.183070000000000066e-01,4.787410000000000276e-01,3.333499999999999658e-02,6.448500000000000065e-02,-8.749500000000000055e-01,-4.048970000000000069e-01,2.842390000000000194e-01,8.934599999999999487e-02,4.803279999999999772e-01,-8.618499999999999772e-02,-1.277040000000000119e-01,-4.649500000000000161e-02,-2.545899999999999830e-01,-1.608890000000000042e-01,2.358689999999999953e-01,2.226999999999999813e-03,8.163800000000000223e-02,1.613390000000000102e-01,1.257100000000000058e-02,1.194989999999999941e-01,1.119700000000000001e-01,4.415180000000000216e-01,-4.476459999999999884e-01,1.197899999999999937e-01,-1.868769999999999876e-01,5.503099999999999659e-02,1.200060000000000016e-01,-3.164950000000000263e-01,-5.047979999999999690e-01,7.769909999999999872e-01,-5.041360000000000285e-01,1.908640000000000059e-01,1.809860000000000080e-01,1.152659999999999935e-01
-9.407699999999999396e-02,3.467149999999999954e-01,8.136029999999999651e-01,4.743370000000000086e-01,3.453300000000000120e-02,6.793299999999999339e-02,-8.770390000000000130e-01,-4.221500000000000252e-01,2.936819999999999986e-01,1.015759999999999996e-01,5.161580000000000057e-01,-1.335850000000000093e-01,-1.156230000000000036e-01,-4.997700000000000059e-02,-2.664369999999999794e-01,-1.627069999999999905e-01,2.618860000000000077e-01,-3.295000000000000012e-02,1.015339999999999993e-01,1.568960000000000077e-01,1.846000000000000071e-02,1.220200000000000035e-01,9.843599999999999572e-02,4.554409999999999847e-01,-4.566379999999999884e-01,1.294029999999999903e-01,-1.938529999999999975e-01,5.501600000000000240e-02,1.272860000000000102e-01,-3.289929999999999799e-01,-5.071360000000000312e-01,7.721909999999999608e-01,-5.137420000000000320e-01,1.938419999999999865e-01,1.799650000000000138e-01,1.081050000000000066e-01
-9.680300000000000016e-02,3.587139999999999773e-01,8.054000000000000048e-01,4.689519999999999800e-01,3.883099999999999746e-02,6.765100000000000280e-02,-8.797719999999999985e-01,-4.608979999999999744e-01,2.985909999999999953e-01,8.570800000000000640e-02,5.593249999999999611e-01,-1.597349999999999881e-01,-1.214640000000000025e-01,-6.531099999999999406e-02,-2.833030000000000270e-01,-1.469749999999999945e-01,2.875840000000000063e-01,-8.652700000000000669e-02,1.640050000000000119e-01,1.513490000000000113e-01,1.251900000000000061e-02,1.302760000000000029e-01,7.335200000000000053e-02,4.731330000000000258e-01,-4.610899999999999999e-01,1.495950000000000057e-01,-1.982559999999999878e-01,5.295300000000000007e-02,1.329100000000000004e-01,-3.506549999999999945e-01,-5.158390000000000475e-01,7.602630000000000221e-01,-5.236990000000000256e-01,1.940969999999999918e-01,1.791919999999999902e-01,1.046580000000000010e-01
-9.933899999999999675e-02,3.706340000000000190e-01,7.972050000000000525e-01,4.635920000000000041e-01,4.343700000000000339e-02,6.780999999999999528e-02,-8.823819999999999997e-01,-5.012510000000000021e-01,3.033529999999999838e-01,6.902800000000000602e-02,6.029510000000000147e-01,-1.860729999999999884e-01,-1.272919999999999885e-01,-8.304100000000000370e-02,-3.008680000000000243e-01,-1.346660000000000079e-01,3.156599999999999961e-01,-1.411729999999999929e-01,2.261509999999999909e-01,1.459650000000000114e-01,7.009999999999999738e-03,1.376920000000000088e-01,4.647799999999999848e-02,4.887619999999999743e-01,-4.640619999999999745e-01,1.696020000000000028e-01,-2.019459999999999866e-01,4.990100000000000091e-02,1.375290000000000123e-01,-3.723569999999999935e-01,-5.247979999999999867e-01,7.478529999999999900e-01,-5.335760000000000502e-01,1.944230000000000125e-01,1.784040000000000070e-01,1.014570000000000055e-01
-1.097790000000000016e-01,3.881470000000000198e-01,7.913219999999999699e-01,4.554460000000000175e-01,4.200199999999999767e-02,7.582500000000000351e-02,-8.860329999999999595e-01,-5.331609999999999960e-01,3.428979999999999806e-01,3.616099999999999870e-02,6.283919999999999506e-01,-2.011189999999999922e-01,-1.528019999999999934e-01,-9.758000000000000007e-02,-2.775969999999999827e-01,-1.310999999999999943e-01,3.431969999999999743e-01,-1.988939999999999875e-01,2.617110000000000269e-01,1.488909999999999956e-01,1.069299999999999938e-02,1.494050000000000100e-01,2.081399999999999917e-02,5.148730000000000251e-01,-4.619599999999999818e-01,1.817819999999999991e-01,-2.035019999999999885e-01,4.727900000000000158e-02,1.417239999999999889e-01,-3.960119999999999751e-01,-5.229500000000000259e-01,7.325409999999999977e-01,-5.411420000000000119e-01,1.917530000000000068e-01,1.764489999999999947e-01,9.801899999999999502e-02
-1.110010000000000024e-01,4.033050000000000246e-01,7.823290000000000521e-01,4.433770000000000211e-01,4.003700000000000314e-02,8.797499999999999765e-02,-8.911080000000000112e-01,-5.845089999999999453e-01,3.958610000000000184e-01,2.201699999999999838e-02,6.715969999999999995e-01,-2.039690000000000114e-01,-1.685780000000000056e-01,-1.472370000000000068e-01,-2.401669999999999916e-01,-1.110509999999999969e-01,3.998809999999999865e-01,-2.550250000000000017e-01,2.617999999999999772e-01,1.596849999999999936e-01,2.282000000000000001e-02,1.565370000000000095e-01,-2.382400000000000143e-02,5.303400000000000336e-01,-4.531950000000000145e-01,2.266680000000000084e-01,-2.048510000000000053e-01,4.186100000000000237e-02,1.430289999999999895e-01,-4.188299999999999801e-01,-5.143619999999999859e-01,7.092410000000000103e-01,-5.314309999999999867e-01,1.878950000000000065e-01,1.792499999999999927e-01,9.080499999999999683e-02
-1.137549999999999950e-01,4.175349999999999895e-01,7.738930000000000531e-01,4.323719999999999786e-01,3.878899999999999709e-02,9.642399999999999582e-02,-8.956849999999999534e-01,-6.268010000000000526e-01,4.408730000000000149e-01,1.016500000000000042e-02,7.070340000000000513e-01,-2.059509999999999952e-01,-1.840569999999999984e-01,-1.913219999999999921e-01,-2.095670000000000033e-01,-9.399200000000000610e-02,4.593439999999999745e-01,-3.164899999999999936e-01,2.617999999999999772e-01,1.681279999999999997e-01,3.059999999999999873e-02,1.653989999999999905e-01,-6.336500000000000465e-02,5.410359999999999614e-01,-4.440819999999999768e-01,2.663360000000000172e-01,-2.024749999999999883e-01,3.556100000000000233e-02,1.448540000000000105e-01,-4.373719999999999830e-01,-5.096330000000000027e-01,6.862019999999999786e-01,-5.221289999999999543e-01,1.820789999999999909e-01,1.799850000000000061e-01,8.426000000000000156e-02
-1.165619999999999989e-01,4.319279999999999786e-01,7.654849999999999710e-01,4.214399999999999813e-01,3.783899999999999764e-02,1.035859999999999975e-01,-9.001259999999999817e-01,-6.679829999999999934e-01,4.829769999999999897e-01,-2.245000000000000034e-03,7.407839999999999980e-01,-2.071659999999999890e-01,-1.991590000000000027e-01,-2.350180000000000047e-01,-1.807330000000000048e-01,-7.817599999999999549e-02,5.215469999999999828e-01,-3.799629999999999952e-01,2.617999999999999772e-01,1.762569999999999970e-01,3.531399999999999817e-02,1.757460000000000133e-01,-1.028519999999999990e-01,5.510279999999999623e-01,-4.331260000000000110e-01,3.037949999999999817e-01,-1.989529999999999910e-01,2.922599999999999851e-02,1.464169999999999916e-01,-4.558440000000000270e-01,-5.048230000000000217e-01,6.628290000000000015e-01,-5.132029999999999648e-01,1.760899999999999965e-01,1.806349999999999900e-01,7.759299999999999531e-02
-1.175260000000000055e-01,4.450399999999999912e-01,7.587739999999999485e-01,4.122899999999999898e-01,3.869899999999999729e-02,1.047000000000000014e-01,-9.041890000000000205e-01,-6.856520000000000392e-01,5.084779999999999855e-01,-4.131000000000000123e-03,7.419919999999999849e-01,-1.923420000000000130e-01,-2.087130000000000096e-01,-2.834820000000000118e-01,-1.629309999999999925e-01,-5.695200000000000262e-02,5.800380000000000535e-01,-4.027200000000000224e-01,2.617999999999999772e-01,1.841710000000000014e-01,3.822500000000000203e-02,1.856230000000000102e-01,-1.258589999999999987e-01,5.514559999999999462e-01,-4.270920000000000272e-01,3.407080000000000108e-01,-1.925640000000000129e-01,2.483000000000000138e-02,1.482400000000000106e-01,-4.796030000000000015e-01,-4.902250000000000218e-01,6.592459999999999987e-01,-4.619050000000000100e-01,1.619510000000000116e-01,1.834629999999999872e-01,6.798600000000000476e-02
-1.187450000000000033e-01,4.584420000000000162e-01,7.521430000000000060e-01,4.033840000000000203e-01,3.955800000000000288e-02,1.051109999999999961e-01,-9.081129999999999480e-01,-7.011619999999999520e-01,5.328549999999999676e-01,-5.393000000000000224e-03,7.400830000000000464e-01,-1.758319999999999883e-01,-2.186200000000000088e-01,-3.307829999999999937e-01,-1.448319999999999885e-01,-3.714599999999999846e-02,6.383330000000000393e-01,-4.256750000000000256e-01,2.617999999999999772e-01,1.899430000000000007e-01,3.881500000000000228e-02,1.967240000000000100e-01,-1.475690000000000057e-01,5.516760000000000552e-01,-4.173250000000000015e-01,3.751700000000000035e-01,-1.851490000000000080e-01,2.051299999999999998e-02,1.499369999999999870e-01,-5.052499999999999769e-01,-4.730309999999999793e-01,6.569749999999999757e-01,-4.079340000000000188e-01,1.470859999999999945e-01,1.845030000000000003e-01,5.772599999999999953e-02
-1.201630000000000059e-01,4.721650000000000014e-01,7.455300000000000260e-01,3.944989999999999886e-01,4.038800000000000029e-02,1.052960000000000007e-01,-9.119500000000000384e-01,-7.164639999999999898e-01,5.571720000000000006e-01,-7.152000000000000371e-03,7.375540000000000429e-01,-1.588239999999999930e-01,-2.290399999999999936e-01,-3.779660000000000242e-01,-1.255390000000000117e-01,-1.858500000000000082e-02,6.976510000000000211e-01,-4.494070000000000009e-01,2.617999999999999772e-01,1.954339999999999966e-01,3.837100000000000233e-02,2.085110000000000019e-01,-1.693580000000000085e-01,5.512569999999999970e-01,-4.053080000000000016e-01,4.078499999999999903e-01,-1.770110000000000017e-01,1.608100000000000154e-02,1.512270000000000003e-01,-5.312280000000000335e-01,-4.551390000000000158e-01,6.544659999999999922e-01,-3.538240000000000274e-01,1.321050000000000002e-01,1.852149999999999908e-01,4.651799999999999685e-02
-1.202369999999999967e-01,4.800699999999999967e-01,7.423939999999999984e-01,3.907709999999999795e-01,4.253099999999999936e-02,9.998999999999999555e-02,-9.140519999999999756e-01,-7.119400000000000173e-01,5.562599999999999767e-01,-9.200000000000000007e-05,7.242709999999999981e-01,-1.393129999999999924e-01,-2.299319999999999975e-01,-4.038910000000000000e-01,-1.287949999999999928e-01,-1.242200000000000075e-02,7.237360000000000460e-01,-4.515319999999999889e-01,2.617999999999999772e-01,1.970139999999999947e-01,3.443399999999999933e-02,2.149310000000000109e-01,-1.612230000000000052e-01,5.176209999999999978e-01,-4.020949999999999802e-01,4.455509999999999748e-01,-1.774290000000000034e-01,1.245199999999999953e-02,1.590910000000000102e-01,-5.509699999999999598e-01,-4.402849999999999819e-01,6.679880000000000262e-01,-2.862120000000000219e-01,1.184059999999999974e-01,1.853829999999999922e-01,3.954699999999999882e-02
-1.204009999999999941e-01,4.879439999999999888e-01,7.395519999999999872e-01,3.872860000000000191e-01,4.415299999999999780e-02,9.430399999999999894e-02,-9.160610000000000142e-01,-7.054890000000000327e-01,5.547879999999999479e-01,7.310999999999999791e-03,7.097350000000000048e-01,-1.192779999999999951e-01,-2.308729999999999949e-01,-4.278210000000000068e-01,-1.321029999999999982e-01,-6.106999999999999582e-03,7.484199999999999742e-01,-4.530989999999999740e-01,2.617999999999999772e-01,1.972720000000000029e-01,3.070300000000000112e-02,2.225850000000000051e-01,-1.523869999999999947e-01,4.823520000000000030e-01,-3.962280000000000246e-01,4.815900000000000181e-01,-1.770559999999999912e-01,8.685999999999999277e-03,1.665689999999999948e-01,-5.705789999999999473e-01,-4.248689999999999967e-01,6.828370000000000273e-01,-2.176400000000000001e-01,1.043290000000000051e-01,1.840579999999999994e-01,3.141499999999999848e-02
-1.205569999999999975e-01,4.958389999999999742e-01,7.368259999999999810e-01,3.838710000000000178e-01,4.562200000000000283e-02,8.846299999999999997e-02,-9.180059999999999887e-01,-6.989630000000000010e-01,5.530760000000000121e-01,1.457199999999999988e-02,6.952779999999999516e-01,-9.923700000000000576e-02,-2.319060000000000010e-01,-4.516740000000000199e-01,-1.352129999999999999e-01,6.909999999999999910e-04,7.733179999999999499e-01,-4.547439999999999816e-01,2.617999999999999772e-01,1.972039999999999904e-01,2.683400000000000021e-02,2.307510000000000117e-01,-1.438719999999999999e-01,4.458630000000000093e-01,-3.889270000000000227e-01,5.164079999999999782e-01,-1.762980000000000103e-01,4.878999999999999657e-03,1.739680000000000115e-01,-5.899379999999999624e-01,-4.089579999999999882e-01,6.977879999999999638e-01,-1.497580000000000022e-01,9.012699999999999878e-02,1.833140000000000047e-01,2.237799999999999859e-02
-1.210009999999999974e-01,4.988290000000000224e-01,7.389050000000000340e-01,3.823779999999999957e-01,4.793399999999999744e-02,8.480400000000000438e-02,-9.188570000000000348e-01,-6.761829999999999785e-01,5.469450000000000145e-01,2.979199999999999904e-02,6.566279999999999895e-01,-7.300199999999999745e-02,-2.297119999999999995e-01,-4.495649999999999924e-01,-1.385889999999999900e-01,2.694999999999999913e-03,7.528869999999999729e-01,-4.404299999999999882e-01,2.617999999999999772e-01,1.979970000000000063e-01,2.598999999999999921e-02,2.235300000000000065e-01,-1.178010000000000029e-01,4.254669999999999841e-01,-3.850230000000000041e-01,4.861960000000000170e-01,-1.660349999999999882e-01,4.245999999999999774e-03,1.661219999999999919e-01,-5.788130000000000219e-01,-4.121059999999999723e-01,7.141579999999999595e-01,-1.600640000000000118e-01,8.619300000000000572e-02,1.804020000000000068e-01,2.912299999999999958e-02
-1.215640000000000054e-01,5.017639999999999878e-01,7.408209999999999518e-01,3.809310000000000196e-01,4.984100000000000336e-02,8.063499999999999834e-02,-9.197309999999999652e-01,-6.530679999999999819e-01,5.400610000000000133e-01,4.447500000000000064e-02,6.199750000000000538e-01,-4.811200000000000199e-02,-2.277859999999999885e-01,-4.474429999999999796e-01,-1.427329999999999988e-01,5.048999999999999669e-03,7.353779999999999761e-01,-4.279350000000000098e-01,2.617999999999999772e-01,2.002559999999999896e-01,2.561400000000000135e-02,2.180850000000000011e-01,-9.119399999999999729e-02,4.041850000000000165e-01,-3.814420000000000033e-01,4.505629999999999913e-01,-1.548019999999999952e-01,6.976999999999999695e-03,1.587000000000000077e-01,-5.654310000000000169e-01,-4.200050000000000172e-01,7.287449999999999761e-01,-1.769449999999999912e-01,8.409500000000000308e-02,1.806339999999999890e-01,3.588800000000000323e-02
-1.222250000000000003e-01,5.046519999999999895e-01,7.426749999999999741e-01,3.794350000000000223e-01,5.166599999999999665e-02,7.637099999999999445e-02,-9.206119999999999859e-01,-6.301229999999999887e-01,5.327370000000000161e-01,5.869300000000000211e-02,5.837569999999999704e-01,-2.350199999999999859e-02,-2.259599999999999942e-01,-4.454279999999999906e-01,-1.471089999999999898e-01,7.448999999999999892e-03,7.183969999999999523e-01,-4.156679999999999819e-01,2.617999999999999772e-01,2.030260000000000120e-01,2.523800000000000002e-02,2.129000000000000059e-01,-6.501600000000000434e-02,3.828079999999999816e-01,-3.783489999999999909e-01,4.144530000000000158e-01,-1.434539999999999982e-01,1.036399999999999995e-02,1.513019999999999921e-01,-5.515759999999999552e-01,-4.287920000000000065e-01,7.427789999999999671e-01,-1.951319999999999999e-01,8.224099999999999466e-02,1.816480000000000039e-01,4.257500000000000173e-02
-1.215269999999999961e-01,5.048169999999999602e-01,7.466310000000000446e-01,3.792920000000000180e-01,5.322999999999999954e-02,7.216200000000000392e-02,-9.209220000000000184e-01,-5.926709999999999479e-01,5.141620000000000079e-01,6.732000000000000484e-02,5.267199999999999660e-01,1.961000000000000069e-03,-2.144749999999999990e-01,-4.329080000000000150e-01,-1.591829999999999912e-01,1.087999999999999991e-03,6.867170000000000218e-01,-3.912769999999999859e-01,2.617999999999999772e-01,2.117120000000000113e-01,2.864900000000000085e-02,2.041330000000000089e-01,-3.001200000000000048e-02,3.591940000000000133e-01,-3.731780000000000097e-01,3.732469999999999954e-01,-1.330639999999999878e-01,1.355300000000000081e-02,1.410480000000000067e-01,-5.243370000000000530e-01,-4.291260000000000074e-01,7.515070000000000361e-01,-2.124099999999999877e-01,8.725700000000000123e-02,1.815469999999999862e-01,4.659800000000000053e-02
-1.208680000000000032e-01,5.048839999999999995e-01,7.508839999999999959e-01,3.791280000000000205e-01,5.428000000000000186e-02,6.761799999999999755e-02,-9.212730000000000086e-01,-5.536250000000000338e-01,4.952110000000000123e-01,7.545799999999999730e-02,4.689289999999999847e-01,2.740899999999999934e-02,-2.028129999999999933e-01,-4.183620000000000116e-01,-1.715210000000000068e-01,-5.616999999999999597e-03,6.542350000000000110e-01,-3.666769999999999752e-01,2.617999999999999772e-01,2.206660000000000010e-01,3.170300000000000201e-02,1.963010000000000033e-01,5.536000000000000122e-03,3.374090000000000145e-01,-3.702610000000000068e-01,3.325770000000000115e-01,-1.229159999999999975e-01,1.715399999999999911e-02,1.311460000000000126e-01,-4.960919999999999774e-01,-4.294319999999999804e-01,7.597749999999999782e-01,-2.299799999999999900e-01,9.208299999999999819e-02,1.812779999999999947e-01,5.048400000000000110e-02
-1.203599999999999948e-01,5.049930000000000252e-01,7.551050000000000262e-01,3.788639999999999786e-01,5.512399999999999939e-02,6.293400000000000383e-02,-9.216630000000000100e-01,-5.148490000000000011e-01,4.761730000000000129e-01,8.264199999999999324e-02,4.120969999999999911e-01,5.226900000000000296e-02,-1.909800000000000109e-01,-4.034389999999999921e-01,-1.838960000000000039e-01,-1.240199999999999983e-02,6.222269999999999746e-01,-3.422649999999999859e-01,2.617999999999999772e-01,2.300059999999999882e-01,3.450899999999999801e-02,1.889750000000000041e-01,4.117900000000000033e-02,3.179560000000000164e-01,-3.702639999999999820e-01,2.935809999999999809e-01,-1.134109999999999979e-01,2.093199999999999922e-02,1.217919999999999975e-01,-4.674860000000000126e-01,-4.297920000000000074e-01,7.677370000000000028e-01,-2.476949999999999985e-01,9.673600000000000254e-02,1.809790000000000010e-01,5.421200000000000324e-02
-1.213090000000000002e-01,5.050109999999999877e-01,7.605659999999999643e-01,3.819750000000000090e-01,5.953699999999999964e-02,5.520100000000000007e-02,-9.205999999999999739e-01,-5.039449999999999763e-01,4.377289999999999792e-01,7.161499999999999810e-02,4.138609999999999789e-01,3.953700000000000270e-02,-1.948860000000000037e-01,-3.838599999999999790e-01,-2.030770000000000075e-01,-1.232699999999999942e-02,5.805399999999999450e-01,-3.232280000000000153e-01,2.617999999999999772e-01,2.372170000000000112e-01,1.952500000000000069e-02,1.939049999999999940e-01,5.469799999999999662e-02,3.149660000000000237e-01,-3.665169999999999817e-01,2.573449999999999904e-01,-1.112479999999999997e-01,2.321399999999999852e-02,1.114720000000000016e-01,-4.516490000000000227e-01,-4.448980000000000157e-01,7.580329999999999568e-01,-2.587499999999999800e-01,1.033440000000000053e-01,1.805209999999999870e-01,5.358600000000000169e-02
-1.213400000000000034e-01,5.060400000000000453e-01,7.676300000000000345e-01,3.839589999999999947e-01,6.288199999999999346e-02,5.063000000000000139e-02,-9.198140000000000205e-01,-4.762129999999999974e-01,4.057220000000000271e-01,6.520700000000000107e-02,3.763929999999999776e-01,4.998699999999999671e-02,-1.994990000000000097e-01,-3.517770000000000064e-01,-2.127539999999999987e-01,-1.800200000000000064e-02,5.066199999999999593e-01,-2.836779999999999857e-01,2.591030000000000277e-01,2.403150000000000008e-01,1.428500000000000082e-02,1.763109999999999955e-01,9.274699999999999611e-02,3.055289999999999950e-01,-3.707829999999999737e-01,2.222310000000000119e-01,-1.040869999999999990e-01,2.916900000000000048e-02,1.061819999999999986e-01,-4.166960000000000108e-01,-4.558349999999999902e-01,7.633550000000000058e-01,-2.696720000000000228e-01,1.066890000000000061e-01,1.820759999999999879e-01,5.272000000000000297e-02
-1.236769999999999953e-01,5.073640000000000372e-01,7.733970000000000011e-01,3.857369999999999965e-01,6.633000000000000007e-02,4.582800000000000068e-02,-9.190789999999999793e-01,-4.655050000000000021e-01,3.775589999999999780e-01,5.021199999999999969e-02,3.749259999999999815e-01,3.944899999999999796e-02,-2.068570000000000131e-01,-3.321069999999999856e-01,-2.208890000000000020e-01,-2.144499999999999879e-02,4.638349999999999973e-01,-2.640089999999999937e-01,2.532840000000000091e-01,2.505089999999999817e-01,1.523999999999999964e-03,1.802219999999999933e-01,1.066140000000000004e-01,3.119890000000000163e-01,-3.729299999999999837e-01,1.910679999999999878e-01,-1.044240000000000029e-01,3.209900000000000253e-02,9.786000000000000254e-02,-4.012519999999999976e-01,-4.663129999999999775e-01,7.528340000000000032e-01,-2.795449999999999879e-01,1.125319999999999931e-01,1.813559999999999894e-01,5.129199999999999732e-02
-1.236990000000000034e-01,5.124400000000000066e-01,7.787460000000000493e-01,3.896649999999999836e-01,6.562999999999999390e-02,4.412800000000000056e-02,-9.175550000000000095e-01,-4.525799999999999823e-01,3.641269999999999785e-01,5.506899999999999989e-02,3.812479999999999758e-01,2.405600000000000099e-02,-2.164329999999999865e-01,-3.078299999999999925e-01,-2.222189999999999999e-01,-4.682000000000000051e-02,4.139579999999999926e-01,-2.237069999999999892e-01,2.460829999999999962e-01,2.526530000000000165e-01,-3.047999999999999928e-03,1.701539999999999997e-01,1.148649999999999949e-01,3.146930000000000005e-01,-3.925259999999999860e-01,1.604260000000000130e-01,-1.032280000000000003e-01,3.950200000000000239e-02,9.679799999999999516e-02,-3.721740000000000048e-01,-4.693060000000000009e-01,7.569590000000000485e-01,-2.978500000000000036e-01,1.175479999999999997e-01,1.819919999999999871e-01,5.328499999999999903e-02
-1.243709999999999954e-01,5.170609999999999928e-01,7.835779999999999967e-01,3.937849999999999961e-01,6.610599999999999810e-02,4.191299999999999887e-02,-9.158640000000000114e-01,-4.499940000000000051e-01,3.491839999999999944e-01,5.791799999999999726e-02,4.062140000000000195e-01,-2.455999999999999850e-03,-2.255800000000000027e-01,-2.906509999999999927e-01,-2.257869999999999877e-01,-7.032099999999999462e-02,3.779230000000000089e-01,-1.924559999999999882e-01,2.396030000000000104e-01,2.556100000000000039e-01,-1.094299999999999960e-02,1.676610000000000045e-01,1.123999999999999999e-01,3.218779999999999974e-01,-4.123220000000000218e-01,1.363229999999999997e-01,-1.053299999999999931e-01,4.291799999999999782e-02,9.567699999999999816e-02,-3.524920000000000275e-01,-4.724999999999999756e-01,7.570369999999999600e-01,-3.142670000000000186e-01,1.224810000000000065e-01,1.816560000000000119e-01,5.455299999999999733e-02
-1.250610000000000055e-01,5.216450000000000253e-01,7.883059999999999512e-01,3.978849999999999887e-01,6.683100000000000152e-02,3.952100000000000057e-02,-9.141439999999999566e-01,-4.488400000000000167e-01,3.338260000000000116e-01,6.112499999999999878e-02,4.329169999999999963e-01,-2.985399999999999859e-02,-2.346020000000000050e-01,-2.748160000000000047e-01,-2.295810000000000073e-01,-9.356499999999999539e-02,3.440810000000000257e-01,-1.623940000000000106e-01,2.333189999999999986e-01,2.586479999999999890e-01,-1.948599999999999985e-02,1.654899999999999982e-01,1.096720000000000056e-01,3.310960000000000014e-01,-4.346160000000000023e-01,1.140420000000000045e-01,-1.083510000000000029e-01,4.603499999999999953e-02,9.497200000000000086e-02,-3.333539999999999837e-01,-4.755599999999999827e-01,7.567469999999999475e-01,-3.303320000000000145e-01,1.275799999999999990e-01,1.811530000000000085e-01,5.577900000000000219e-02
-1.251539999999999875e-01,5.261860000000000426e-01,7.890220000000000011e-01,4.022680000000000144e-01,6.490799999999999348e-02,3.968399999999999705e-02,-9.123559999999999448e-01,-4.490410000000000235e-01,3.283209999999999740e-01,4.881800000000000028e-02,4.597589999999999733e-01,-5.525800000000000156e-02,-2.399779999999999969e-01,-2.684340000000000059e-01,-2.368460000000000010e-01,-9.761499999999999344e-02,3.633600000000000163e-01,-1.802489999999999926e-01,2.383059999999999901e-01,2.576200000000000156e-01,-1.887700000000000142e-02,1.649190000000000100e-01,9.013799999999999590e-02,3.384409999999999918e-01,-4.464040000000000230e-01,1.010059999999999986e-01,-1.135300000000000059e-01,4.692999999999999949e-02,1.024179999999999952e-01,-3.186510000000000176e-01,-4.745280000000000054e-01,7.416639999999999899e-01,-3.471850000000000214e-01,1.316809999999999925e-01,1.797150000000000136e-01,4.682999999999999663e-02
-1.252070000000000127e-01,5.308329999999999993e-01,7.896440000000000126e-01,4.068680000000000074e-01,6.330700000000000216e-02,3.939200000000000340e-02,-9.104389999999999983e-01,-4.500709999999999988e-01,3.214299999999999935e-01,3.677500000000000213e-02,4.874310000000000032e-01,-8.084800000000000320e-02,-2.452459999999999918e-01,-2.648110000000000186e-01,-2.460019999999999984e-01,-1.012050000000000033e-01,3.875210000000000043e-01,-2.004460000000000131e-01,2.434469999999999967e-01,2.561579999999999968e-01,-1.929700000000000165e-02,1.650270000000000070e-01,6.965999999999999970e-02,3.459300000000000153e-01,-4.589619999999999811e-01,8.929700000000000137e-02,-1.189879999999999965e-01,4.715199999999999947e-02,1.098819999999999936e-01,-3.046510000000000051e-01,-4.733470000000000177e-01,7.263530000000000264e-01,-3.638660000000000228e-01,1.358379999999999865e-01,1.782050000000000023e-01,3.767600000000000116e-02
-1.252419999999999922e-01,5.354510000000000103e-01,7.902970000000000272e-01,4.115510000000000002e-01,6.194399999999999906e-02,3.886900000000000077e-02,-9.084480000000000333e-01,-4.512709999999999777e-01,3.136669999999999736e-01,2.520800000000000124e-02,5.150529999999999831e-01,-1.063970000000000055e-01,-2.504029999999999867e-01,-2.618809999999999749e-01,-2.563019999999999743e-01,-1.047170000000000045e-01,4.124309999999999921e-01,-2.209160000000000013e-01,2.487280000000000046e-01,2.543980000000000130e-01,-2.033000000000000085e-02,1.650959999999999928e-01,4.927999999999999742e-02,3.530130000000000212e-01,-4.713689999999999825e-01,7.734499999999999709e-02,-1.242469999999999963e-01,4.725900000000000239e-02,1.172600000000000031e-01,-2.906719999999999859e-01,-4.719920000000000226e-01,7.110880000000000534e-01,-3.805769999999999986e-01,1.398880000000000123e-01,1.766250000000000042e-01,2.848699999999999843e-02
-1.262929999999999886e-01,5.393069999999999808e-01,7.856330000000000258e-01,4.160650000000000182e-01,5.825899999999999829e-02,4.044099999999999778e-02,-9.065649999999999542e-01,-4.672520000000000007e-01,3.230239999999999778e-01,2.037800000000000028e-02,5.687269999999999825e-01,-1.568350000000000022e-01,-2.503190000000000137e-01,-2.725339999999999985e-01,-2.627599999999999936e-01,-1.011149999999999965e-01,4.829740000000000144e-01,-2.828069999999999751e-01,2.561410000000000076e-01,2.516100000000000003e-01,-1.540099999999999976e-02,1.743939999999999935e-01,5.211000000000000354e-03,3.628060000000000174e-01,-4.794300000000000228e-01,8.726299999999999335e-02,-1.285840000000000038e-01,4.721399999999999902e-02,1.289980000000000016e-01,-3.085010000000000252e-01,-4.765400000000000191e-01,6.945219999999999727e-01,-3.979010000000000047e-01,1.413200000000000012e-01,1.751209999999999989e-01,2.071399999999999977e-02
-1.263759999999999883e-01,5.449859999999999705e-01,7.813539999999999930e-01,4.206889999999999796e-01,5.583099999999999868e-02,4.271599999999999703e-02,-9.044769999999999754e-01,-4.807980000000000032e-01,3.322680000000000078e-01,1.651499999999999843e-02,6.033030000000000337e-01,-1.929259999999999864e-01,-2.507099999999999884e-01,-2.851319999999999966e-01,-2.675779999999999825e-01,-9.949299999999999811e-02,5.438899999999999846e-01,-3.355060000000000264e-01,2.617990000000000039e-01,2.460469999999999879e-01,-9.154999999999999943e-03,1.750049999999999939e-01,-3.536700000000000260e-02,3.656240000000000046e-01,-4.873669999999999947e-01,1.024639999999999995e-01,-1.302300000000000124e-01,4.562900000000000289e-02,1.409729999999999872e-01,-3.230379999999999918e-01,-4.801239999999999952e-01,6.836889999999999912e-01,-4.130340000000000122e-01,1.417829999999999924e-01,1.738989999999999980e-01,1.285500000000000011e-02
-1.278130000000000099e-01,5.522799999999999931e-01,7.774999999999999689e-01,4.247949999999999782e-01,5.335700000000000165e-02,4.637199999999999656e-02,-9.025260000000000504e-01,-4.942520000000000246e-01,3.471319999999999961e-01,1.042399999999999924e-02,6.319559999999999622e-01,-2.244710000000000039e-01,-2.546950000000000047e-01,-2.993379999999999930e-01,-2.654500000000000193e-01,-9.978599999999999970e-02,6.041800000000000503e-01,-3.875970000000000248e-01,2.617999999999999772e-01,2.413359999999999950e-01,-3.170000000000000075e-03,1.746369999999999867e-01,-7.655399999999999705e-02,3.690249999999999919e-01,-4.926840000000000108e-01,1.171940000000000065e-01,-1.310179999999999956e-01,4.349700000000000094e-02,1.526089999999999947e-01,-3.384610000000000118e-01,-4.812330000000000219e-01,6.730310000000000459e-01,-4.283330000000000193e-01,1.419030000000000014e-01,1.732249999999999901e-01,4.795999999999999916e-03
-1.272550000000000070e-01,5.588640000000000274e-01,7.702149999999999830e-01,4.250369999999999981e-01,5.279299999999999965e-02,4.550799999999999984e-02,-9.024879999999999569e-01,-5.148509999999999476e-01,3.499050000000000216e-01,-8.909999999999999734e-04,6.649009999999999643e-01,-2.375089999999999979e-01,-2.598239999999999994e-01,-3.350819999999999910e-01,-2.720569999999999933e-01,-9.533200000000000007e-02,6.752580000000000249e-01,-4.126219999999999888e-01,2.617999999999999772e-01,2.397249999999999936e-01,-3.588000000000000043e-03,1.794290000000000052e-01,-1.133760000000000046e-01,3.785859999999999781e-01,-4.920939999999999759e-01,1.278489999999999904e-01,-1.286039999999999961e-01,3.967500000000000193e-02,1.598680000000000101e-01,-3.614680000000000115e-01,-4.780590000000000117e-01,6.615769999999999706e-01,-4.272020000000000262e-01,1.370609999999999884e-01,1.752420000000000089e-01,-2.159999999999999919e-04
-1.258090000000000042e-01,5.657990000000000519e-01,7.632109999999999728e-01,4.257079999999999753e-01,5.370500000000000274e-02,4.417900000000000299e-02,-9.021839999999999860e-01,-5.382080000000000197e-01,3.483080000000000065e-01,-1.057499999999999933e-02,6.955149999999999944e-01,-2.476780000000000093e-01,-2.617999999999999772e-01,-3.751019999999999910e-01,-2.815360000000000085e-01,-8.982600000000000307e-02,7.462140000000000439e-01,-4.357030000000000070e-01,2.617999999999999772e-01,2.361749999999999960e-01,-6.525000000000000418e-03,1.835720000000000129e-01,-1.506979999999999986e-01,3.871339999999999781e-01,-4.887449999999999850e-01,1.369029999999999969e-01,-1.255239999999999967e-01,3.581800000000000261e-02,1.665149999999999963e-01,-3.865589999999999860e-01,-4.740710000000000202e-01,6.503360000000000252e-01,-4.238620000000000165e-01,1.318199999999999927e-01,1.762479999999999880e-01,-4.572999999999999808e-03
-1.236099999999999977e-01,5.728980000000000183e-01,7.564250000000000140e-01,4.266759999999999997e-01,5.523900000000000338e-02,4.267699999999999966e-02,-9.017060000000000075e-01,-5.630140000000000144e-01,3.443140000000000089e-01,-1.940800000000000164e-02,7.251069999999999460e-01,-2.563360000000000083e-01,-2.617999999999999772e-01,-4.169280000000000208e-01,-2.922649999999999970e-01,-8.366400000000000226e-02,8.161950000000000038e-01,-4.571089999999999876e-01,2.617999999999999772e-01,2.314940000000000053e-01,-1.004200000000000058e-02,1.877630000000000132e-01,-1.887620000000000131e-01,3.942300000000000249e-01,-4.834200000000000164e-01,1.451300000000000090e-01,-1.219309999999999977e-01,3.187000000000000249e-02,1.728560000000000096e-01,-4.125759999999999983e-01,-4.705750000000000210e-01,6.391419999999999879e-01,-4.201010000000000022e-01,1.265199999999999936e-01,1.769590000000000052e-01,-8.812000000000000388e-03
-1.218469999999999970e-01,5.802110000000000323e-01,7.506479999999999819e-01,4.251610000000000111e-01,5.940999999999999753e-02,4.139500000000000124e-02,-9.022170000000000467e-01,-5.843930000000000513e-01,3.404479999999999729e-01,-2.515200000000000075e-02,7.296960000000000113e-01,-2.463849999999999929e-01,-2.617999999999999772e-01,-4.562840000000000229e-01,-2.962049999999999961e-01,-8.052800000000000236e-02,8.519889999999999963e-01,-4.655150000000000121e-01,2.617999999999999772e-01,2.349620000000000042e-01,-1.391300000000000002e-02,1.916360000000000008e-01,-2.193950000000000067e-01,3.993530000000000135e-01,-4.826159999999999894e-01,1.669339999999999991e-01,-1.196450000000000014e-01,2.894800000000000151e-02,1.787729999999999875e-01,-4.464910000000000267e-01,-4.668669999999999765e-01,6.367709999999999759e-01,-3.951459999999999972e-01,1.197519999999999973e-01,1.783039999999999903e-01,-1.345200000000000042e-02
-1.199410000000000059e-01,5.873589999999999645e-01,7.451330000000000453e-01,4.235459999999999781e-01,6.322400000000000242e-02,4.026500000000000218e-02,-9.027680000000000149e-01,-6.041149999999999576e-01,3.373160000000000047e-01,-3.048199999999999868e-02,7.323469999999999702e-01,-2.357539999999999913e-01,-2.617999999999999772e-01,-4.935530000000000195e-01,-2.991019999999999790e-01,-7.788599999999999690e-02,8.842900000000000205e-01,-4.722330000000000139e-01,2.617999999999999772e-01,2.384519999999999973e-01,-1.693800000000000167e-02,1.957490000000000063e-01,-2.501920000000000255e-01,4.031970000000000276e-01,-4.807919999999999972e-01,1.891009999999999913e-01,-1.170149999999999940e-01,2.528199999999999892e-02,1.845529999999999948e-01,-4.810189999999999744e-01,-4.626040000000000152e-01,6.348510000000000542e-01,-3.682000000000000273e-01,1.128460000000000019e-01,1.783679999999999988e-01,-1.827399999999999858e-02
-1.181050000000000016e-01,5.946080000000000254e-01,7.397040000000000282e-01,4.219620000000000037e-01,6.690999999999999726e-02,3.910099999999999687e-02,-9.032949999999999591e-01,-6.235110000000000374e-01,3.342579999999999996e-01,-3.575500000000000206e-02,7.349059999999999482e-01,-2.251019999999999965e-01,-2.617999999999999772e-01,-5.303510000000000169e-01,-3.017279999999999962e-01,-7.533900000000000319e-02,9.159509999999999597e-01,-4.786380000000000079e-01,2.617999999999999772e-01,2.418069999999999942e-01,-1.977900000000000144e-02,2.002899999999999958e-01,-2.812109999999999888e-01,4.063649999999999762e-01,-4.782040000000000179e-01,2.109850000000000059e-01,-1.141439999999999955e-01,2.143600000000000019e-02,1.902179999999999982e-01,-5.156009999999999760e-01,-4.583499999999999797e-01,6.328519999999999701e-01,-3.410679999999999823e-01,1.058499999999999996e-01,1.781520000000000048e-01,-2.327200000000000102e-02
-1.170429999999999943e-01,6.002859999999999863e-01,7.385739999999999528e-01,4.211130000000000151e-01,7.175600000000000034e-02,3.676800000000000207e-02,-9.034170000000000256e-01,-6.272180000000000533e-01,3.303309999999999858e-01,-2.618399999999999894e-02,7.107769999999999921e-01,-1.989380000000000037e-01,-2.617999999999999772e-01,-5.531700000000000506e-01,-3.075200000000000156e-01,-7.702000000000000512e-02,9.217910000000000270e-01,-4.721920000000000006e-01,2.617999999999999772e-01,2.431300000000000128e-01,-2.285099999999999978e-02,2.002510000000000123e-01,-2.813260000000000205e-01,4.157649999999999957e-01,-4.787870000000000181e-01,2.341370000000000118e-01,-1.182700000000000001e-01,1.986299999999999871e-02,1.893400000000000083e-01,-5.345239999999999991e-01,-4.603970000000000007e-01,6.410519999999999552e-01,-3.311790000000000012e-01,1.031600000000000017e-01,1.786389999999999922e-01,-1.865500000000000144e-02
-1.159749999999999948e-01,6.057789999999999564e-01,7.378670000000000506e-01,4.203219999999999734e-01,7.626900000000000346e-02,3.432799999999999740e-02,-9.035119999999999818e-01,-6.284809999999999564e-01,3.262510000000000132e-01,-1.594299999999999884e-02,6.839739999999999709e-01,-1.716149999999999898e-01,-2.617999999999999772e-01,-5.737409999999999455e-01,-3.132300000000000084e-01,-7.907599999999999352e-02,9.248859999999999859e-01,-4.645710000000000117e-01,2.617999999999999772e-01,2.438690000000000024e-01,-2.563599999999999907e-02,1.996809999999999974e-01,-2.789050000000000140e-01,4.251179999999999959e-01,-4.786230000000000206e-01,2.555640000000000134e-01,-1.222079999999999972e-01,1.853399999999999839e-02,1.881849999999999912e-01,-5.511279999999999513e-01,-4.625619999999999732e-01,6.499519999999999742e-01,-3.234799999999999898e-01,1.001189999999999997e-01,1.801740000000000008e-01,-1.397600000000000058e-02
-1.148880000000000040e-01,6.113290000000000113e-01,7.370830000000000437e-01,4.195510000000000073e-01,8.064499999999999447e-02,3.185899999999999843e-02,-9.035809999999999675e-01,-6.294340000000000490e-01,3.220569999999999822e-01,-5.824000000000000184e-03,6.571069999999999967e-01,-1.443389999999999951e-01,-2.617999999999999772e-01,-5.940699999999999870e-01,-3.189469999999999805e-01,-8.105099999999999805e-02,9.278170000000000028e-01,-4.568010000000000126e-01,2.617999999999999772e-01,2.444739999999999969e-01,-2.825899999999999940e-02,1.992200000000000082e-01,-2.761759999999999771e-01,4.343119999999999759e-01,-4.780579999999999830e-01,2.765580000000000260e-01,-1.260000000000000009e-01,1.733000000000000165e-02,1.869190000000000018e-01,-5.674400000000000555e-01,-4.646799999999999820e-01,6.589720000000000022e-01,-3.161510000000000153e-01,9.696499999999999564e-02,1.819129999999999914e-01,-9.313999999999999363e-03
-1.162360000000000060e-01,6.158120000000000260e-01,7.396810000000000329e-01,4.163040000000000074e-01,8.370099999999999763e-02,3.116899999999999879e-02,-9.048279999999999657e-01,-6.109649999999999803e-01,3.241339999999999777e-01,3.302999999999999946e-03,6.071579999999999755e-01,-1.098709999999999964e-01,-2.617999999999999772e-01,-5.989630000000000232e-01,-3.124910000000000188e-01,-8.442900000000000404e-02,9.107539999999999525e-01,-4.420470000000000232e-01,2.617999999999999772e-01,2.443160000000000054e-01,-2.508600000000000066e-02,1.934909999999999963e-01,-2.626450000000000173e-01,4.540810000000000124e-01,-4.700389999999999846e-01,2.824860000000000149e-01,-1.274909999999999932e-01,1.576999999999999930e-02,1.861379999999999979e-01,-5.701410000000000089e-01,-4.622680000000000122e-01,6.709009999999999696e-01,-3.381669999999999954e-01,1.003269999999999995e-01,1.811220000000000052e-01,-1.781999999999999947e-03
-1.176210000000000033e-01,6.200080000000000036e-01,7.425260000000000193e-01,4.127609999999999890e-01,8.572899999999999965e-02,3.058900000000000161e-02,-9.062799999999999745e-01,-5.897000000000000020e-01,3.272539999999999893e-01,1.242099999999999975e-02,5.566320000000000157e-01,-7.582999999999999463e-02,-2.617999999999999772e-01,-6.000980000000000203e-01,-3.047039999999999749e-01,-8.867600000000000482e-02,8.906690000000000440e-01,-4.262079999999999758e-01,2.617999999999999772e-01,2.444739999999999969e-01,-2.049799999999999886e-02,1.885989999999999889e-01,-2.465700000000000114e-01,4.741270000000000207e-01,-4.611649999999999916e-01,2.861310000000000242e-01,-1.286819999999999908e-01,1.507999999999999965e-02,1.854030000000000122e-01,-5.708210000000000228e-01,-4.603800000000000114e-01,6.832219999999999960e-01,-3.630650000000000266e-01,1.035650000000000043e-01,1.819340000000000124e-01,5.492999999999999619e-03
-1.188469999999999943e-01,6.241139999999999466e-01,7.454239999999999755e-01,4.091090000000000004e-01,8.742999999999999383e-02,3.001300000000000148e-02,-9.077910000000000146e-01,-5.682120000000000504e-01,3.305069999999999952e-01,2.129400000000000043e-02,5.071830000000000505e-01,-4.250899999999999818e-02,-2.617999999999999772e-01,-6.005099999999999882e-01,-2.965840000000000143e-01,-9.305299999999999683e-02,8.703039999999999665e-01,-4.102500000000000036e-01,2.617999999999999772e-01,2.449099999999999888e-01,-1.535100000000000006e-02,1.842179999999999929e-01,-2.299559999999999937e-01,4.939589999999999814e-01,-4.518610000000000126e-01,2.893149999999999888e-01,-1.298050000000000037e-01,1.460499999999999993e-02,1.846830000000000138e-01,-5.712519999999999820e-01,-4.587990000000000124e-01,6.956539999999999946e-01,-3.884750000000000147e-01,1.067899999999999960e-01,1.830610000000000015e-01,1.259799999999999982e-02
-1.253160000000000107e-01,6.219799999999999773e-01,7.475559999999999983e-01,4.059389999999999943e-01,8.565399999999999403e-02,2.726599999999999857e-02,-9.094689999999999719e-01,-5.221179999999999710e-01,3.346560000000000090e-01,2.815900000000000000e-02,4.573110000000000230e-01,-2.611199999999999979e-02,-2.617999999999999772e-01,-5.788769999999999749e-01,-3.037300000000000000e-01,-1.108600000000000002e-01,8.571849999999999747e-01,-4.095150000000000179e-01,2.617999999999999772e-01,2.394719999999999904e-01,-1.024599999999999990e-02,1.735659999999999981e-01,-2.038109999999999922e-01,5.256319999999999881e-01,-4.521519999999999984e-01,2.794329999999999870e-01,-1.297750000000000015e-01,1.392499999999999988e-02,1.813120000000000009e-01,-5.635059999999999514e-01,-4.692959999999999909e-01,7.072530000000000205e-01,-4.065360000000000085e-01,1.127179999999999988e-01,1.845229999999999926e-01,1.478999999999999933e-02
-1.322119999999999962e-01,6.205509999999999637e-01,7.501849999999999907e-01,4.029179999999999984e-01,8.280700000000000560e-02,2.420699999999999935e-02,-9.111609999999999987e-01,-4.733580000000000010e-01,3.392020000000000035e-01,3.493700000000000278e-02,4.058280000000000221e-01,-8.796999999999999265e-03,-2.617999999999999772e-01,-5.542909999999999782e-01,-3.092429999999999901e-01,-1.308989999999999876e-01,8.438590000000000257e-01,-4.091259999999999897e-01,2.597470000000000057e-01,2.341630000000000100e-01,-5.341000000000000261e-03,1.657780000000000087e-01,-1.772360000000000047e-01,5.589399999999999924e-01,-4.523300000000000098e-01,2.672709999999999808e-01,-1.299649999999999972e-01,1.416899999999999930e-02,1.785629999999999995e-01,-5.559340000000000392e-01,-4.795559999999999823e-01,7.180050000000000043e-01,-4.253669999999999951e-01,1.188909999999999967e-01,1.862399999999999889e-01,1.653599999999999862e-02
-1.373159999999999936e-01,6.249609999999999888e-01,7.548989999999999867e-01,3.965770000000000128e-01,7.821500000000000674e-02,2.863500000000000073e-02,-9.142149999999999999e-01,-4.189910000000000023e-01,3.629379999999999828e-01,4.294200000000000100e-02,3.183460000000000178e-01,3.674700000000000188e-02,-2.617999999999999772e-01,-5.299899999999999611e-01,-2.859200000000000075e-01,-1.639460000000000084e-01,8.063230000000000119e-01,-3.873110000000000164e-01,2.389090000000000102e-01,2.311449999999999894e-01,1.561500000000000041e-02,1.471860000000000113e-01,-1.438669999999999949e-01,5.864150000000000196e-01,-4.497909999999999964e-01,2.573210000000000219e-01,-1.284649999999999959e-01,1.548199999999999923e-02,1.771079999999999877e-01,-5.471580000000000332e-01,-4.866829999999999767e-01,7.383319999999999883e-01,-4.409170000000000034e-01,1.243940000000000046e-01,1.886029999999999929e-01,1.849100000000000049e-02
-1.417480000000000129e-01,6.291240000000000165e-01,7.572860000000000147e-01,3.958550000000000124e-01,7.660000000000000142e-02,3.165699999999999764e-02,-9.145649999999999613e-01,-4.121460000000000123e-01,3.786109999999999753e-01,5.629900000000000182e-02,3.052699999999999858e-01,4.689399999999999819e-02,-2.617709999999999759e-01,-5.159979999999999567e-01,-2.884470000000000089e-01,-1.648789999999999978e-01,7.868279999999999719e-01,-3.819130000000000025e-01,2.458349999999999980e-01,2.265369999999999884e-01,2.798399999999999846e-02,1.452229999999999910e-01,-1.346670000000000089e-01,5.987000000000000099e-01,-4.374589999999999868e-01,2.201889999999999958e-01,-1.317069999999999907e-01,1.472599999999999951e-02,1.820910000000000029e-01,-5.505409999999999471e-01,-4.895720000000000072e-01,7.448609999999999953e-01,-4.665880000000000027e-01,1.312250000000000083e-01,1.890680000000000138e-01,2.205800000000000122e-02
-1.468039999999999901e-01,6.334899999999999975e-01,7.582210000000000338e-01,3.962700000000000111e-01,7.744600000000000095e-02,3.148800000000000210e-02,-9.143200000000000216e-01,-4.196380000000000110e-01,3.863280000000000047e-01,6.698700000000000487e-02,3.170939999999999870e-01,4.388500000000000040e-02,-2.609810000000000185e-01,-5.143140000000000489e-01,-3.013919999999999932e-01,-1.593970000000000109e-01,7.880970000000000475e-01,-3.882660000000000000e-01,2.542409999999999948e-01,2.244659999999999989e-01,2.679799999999999890e-02,1.552389999999999881e-01,-1.394610000000000016e-01,6.202109999999999568e-01,-4.251219999999999999e-01,1.810440000000000105e-01,-1.368179999999999952e-01,1.376499999999999946e-02,1.858509999999999884e-01,-5.625609999999999777e-01,-4.934910000000000130e-01,7.397190000000000154e-01,-4.940180000000000127e-01,1.385770000000000057e-01,1.883370000000000044e-01,2.496900000000000161e-02
-1.510740000000000138e-01,6.382290000000000463e-01,7.600580000000000114e-01,3.957669999999999799e-01,7.806599999999999651e-02,3.426900000000000085e-02,-9.143850000000000033e-01,-4.206860000000000044e-01,3.995659999999999767e-01,7.948700000000000210e-02,3.086780000000000079e-01,5.322699999999999654e-02,-2.606310000000000016e-01,-5.096460000000000434e-01,-3.066829999999999834e-01,-1.582600000000000118e-01,7.756290000000000129e-01,-3.850310000000000121e-01,2.610870000000000135e-01,2.206470000000000098e-01,3.486399999999999916e-02,1.517409999999999870e-01,-1.337490000000000068e-01,6.341010000000000257e-01,-4.140170000000000239e-01,1.438180000000000014e-01,-1.406630000000000102e-01,1.425700000000000058e-02,1.912230000000000041e-01,-5.677619999999999889e-01,-4.960459999999999869e-01,7.438470000000000359e-01,-5.196629999999999860e-01,1.461159999999999959e-01,1.892749999999999988e-01,2.843499999999999847e-02
-1.540489999999999915e-01,6.460989999999999789e-01,7.578200000000000491e-01,3.913200000000000012e-01,7.578300000000000314e-02,4.122399999999999676e-02,-9.162019999999999609e-01,-4.348520000000000163e-01,4.289240000000000275e-01,7.045400000000000273e-02,3.201019999999999976e-01,4.467399999999999843e-02,-2.603119999999999878e-01,-5.204450000000000465e-01,-2.930119999999999947e-01,-1.387660000000000005e-01,7.934930000000000039e-01,-3.966859999999999831e-01,2.617999999999999772e-01,2.086590000000000111e-01,4.572999999999999982e-02,1.533480000000000121e-01,-1.372069999999999956e-01,6.333220000000000516e-01,-4.076069999999999971e-01,9.732399999999999385e-02,-1.421520000000000006e-01,1.344799999999999988e-02,1.996340000000000059e-01,-5.634219999999999784e-01,-5.051729999999999832e-01,7.304129999999999789e-01,-5.387589999999999879e-01,1.539320000000000133e-01,1.888890000000000013e-01,2.212499999999999883e-02
-1.572040000000000104e-01,6.542010000000000325e-01,7.553159999999999874e-01,3.865319999999999867e-01,7.394499999999999684e-02,4.870100000000000123e-02,-9.180160000000000542e-01,-4.523449999999999971e-01,4.594820000000000015e-01,5.979399999999999993e-02,3.344809999999999728e-01,3.486399999999999916e-02,-2.605830000000000091e-01,-5.338669999999999805e-01,-2.780389999999999806e-01,-1.195029999999999981e-01,8.146459999999999813e-01,-4.098800000000000221e-01,2.617999999999999772e-01,1.989450000000000107e-01,5.702499999999999930e-02,1.539240000000000053e-01,-1.418439999999999979e-01,6.320949999999999624e-01,-4.031399999999999983e-01,5.057899999999999896e-02,-1.430230000000000112e-01,1.329800000000000079e-02,2.085629999999999984e-01,-5.581920000000000215e-01,-5.151909999999999545e-01,7.155059999999999754e-01,-5.579250000000000043e-01,1.619899999999999951e-01,1.878950000000000065e-01,1.552800000000000014e-02
-1.603650000000000075e-01,6.620890000000000386e-01,7.528700000000000392e-01,3.816019999999999968e-01,7.225600000000000078e-02,5.633799999999999919e-02,-9.197739999999999805e-01,-4.702210000000000001e-01,4.900709999999999789e-01,4.851599999999999663e-02,3.484149999999999747e-01,2.510099999999999831e-02,-2.609290000000000220e-01,-5.475929999999999964e-01,-2.626330000000000053e-01,-1.006500000000000034e-01,8.368740000000000068e-01,-4.237090000000000023e-01,2.617999999999999772e-01,1.899480000000000057e-01,6.838500000000000134e-02,1.540249999999999952e-01,-1.463839999999999864e-01,6.306540000000000479e-01,-3.994229999999999725e-01,3.874999999999999972e-03,-1.435460000000000069e-01,1.319500000000000013e-02,2.176039999999999919e-01,-5.521139999999999937e-01,-5.251770000000000049e-01,7.002049999999999663e-01,-5.772570000000000201e-01,1.699739999999999862e-01,1.867679999999999896e-01,8.805999999999999592e-03
-1.606009999999999938e-01,6.683959999999999901e-01,7.484589999999999854e-01,3.768619999999999748e-01,7.412499999999999645e-02,5.878900000000000098e-02,-9.214250000000000496e-01,-4.995060000000000056e-01,4.982630000000000114e-01,4.240499999999999825e-02,3.844400000000000039e-01,1.085799999999999960e-02,-2.617999999999999772e-01,-5.671859999999999680e-01,-2.540279999999999760e-01,-7.683600000000000152e-02,8.565009999999999568e-01,-4.317219999999999946e-01,2.617999999999999772e-01,1.822709999999999886e-01,7.023600000000000676e-02,1.556520000000000126e-01,-1.633850000000000025e-01,6.128759999999999764e-01,-3.964170000000000194e-01,-1.127599999999999957e-02,-1.388429999999999942e-01,1.556899999999999951e-02,2.232270000000000088e-01,-5.500310000000000477e-01,-5.220289999999999653e-01,6.804029999999999800e-01,-5.797350000000000003e-01,1.698109999999999897e-01,1.861700000000000021e-01,-2.602999999999999845e-03
-1.605199999999999960e-01,6.749519999999999964e-01,7.441069999999999629e-01,3.722699999999999898e-01,7.669399999999999828e-02,6.094700000000000117e-02,-9.229399999999999826e-01,-5.308140000000000081e-01,5.047009999999999552e-01,3.612699999999999939e-02,4.209490000000000176e-01,-3.037000000000000203e-03,-2.617999999999999772e-01,-5.888139999999999485e-01,-2.461909999999999932e-01,-5.265600000000000142e-02,8.774049999999999905e-01,-4.397360000000000158e-01,2.617999999999999772e-01,1.746759999999999979e-01,7.083299999999999319e-02,1.569200000000000039e-01,-1.835839999999999972e-01,5.944939999999999669e-01,-3.940509999999999846e-01,-2.210099999999999912e-02,-1.339670000000000027e-01,1.589799999999999894e-02,2.280840000000000090e-01,-5.492160000000000375e-01,-5.178059999999999885e-01,6.601839999999999931e-01,-5.797619999999999996e-01,1.689380000000000048e-01,1.843970000000000053e-01,-1.346900000000000007e-02
-1.604230000000000100e-01,6.814879999999999827e-01,7.398320000000000451e-01,3.677259999999999973e-01,7.940800000000000636e-02,6.306499999999999606e-02,-9.243890000000000162e-01,-5.626269999999999882e-01,5.107939999999999703e-01,2.941799999999999971e-02,4.577200000000000157e-01,-1.708399999999999849e-02,-2.617999999999999772e-01,-6.103870000000000129e-01,-2.380390000000000006e-01,-2.880599999999999827e-02,8.987260000000000248e-01,-4.480149999999999966e-01,2.617999999999999772e-01,1.671650000000000080e-01,7.111800000000000066e-02,1.580799999999999983e-01,-2.042289999999999939e-01,5.763070000000000137e-01,-3.913150000000000239e-01,-3.204499999999999710e-02,-1.291440000000000088e-01,1.558000000000000010e-02,2.323580000000000090e-01,-5.484970000000000123e-01,-5.133450000000000513e-01,6.397789999999999866e-01,-5.788480000000000292e-01,1.679269999999999929e-01,1.815589999999999982e-01,-2.420800000000000035e-02
-1.583839999999999970e-01,6.867539999999999756e-01,7.367730000000000112e-01,3.673100000000000254e-01,8.132300000000000639e-02,6.225200000000000178e-02,-9.244430000000000147e-01,-5.888820000000000165e-01,5.058570000000000011e-01,2.171299999999999966e-02,4.812190000000000079e-01,-1.921899999999999997e-02,-2.617999999999999772e-01,-6.261520000000000419e-01,-2.366590000000000082e-01,-1.860900000000000054e-02,9.091129999999999489e-01,-4.461769999999999903e-01,2.617999999999999772e-01,1.589969999999999994e-01,6.924800000000000400e-02,1.648380000000000123e-01,-2.185560000000000003e-01,5.476659999999999862e-01,-4.036219999999999808e-01,-3.370100000000000179e-02,-1.221880000000000049e-01,1.514000000000000068e-02,2.347229999999999872e-01,-5.394889999999999963e-01,-5.035500000000000531e-01,6.304889999999999661e-01,-5.603059999999999707e-01,1.635089999999999877e-01,1.786550000000000082e-01,-3.209300000000000347e-02
-1.563839999999999952e-01,6.920209999999999972e-01,7.339820000000000233e-01,3.671519999999999784e-01,8.278199999999999448e-02,6.124099999999999683e-02,-9.244440000000000435e-01,-6.129160000000000164e-01,5.005220000000000224e-01,1.454399999999999964e-02,5.027209999999999734e-01,-2.047200000000000061e-02,-2.617999999999999772e-01,-6.399409999999999821e-01,-2.354700000000000126e-01,-8.975000000000000339e-03,9.184050000000000269e-01,-4.440890000000000115e-01,2.617999999999999772e-01,1.502690000000000137e-01,6.769999999999999629e-02,1.721340000000000092e-01,-2.324340000000000017e-01,5.185140000000000304e-01,-4.156949999999999812e-01,-3.478200000000000042e-02,-1.148900000000000060e-01,1.428199999999999956e-02,2.372549999999999937e-01,-5.304170000000000273e-01,-4.933359999999999967e-01,6.216369999999999951e-01,-5.405680000000000485e-01,1.584830000000000128e-01,1.747650000000000037e-01,-3.967999999999999999e-02
-1.543940000000000035e-01,6.972979999999999734e-01,7.312469999999999803e-01,3.670880000000000254e-01,8.408100000000000296e-02,6.019399999999999751e-02,-9.244210000000000482e-01,-6.364239999999999897e-01,4.950700000000000101e-01,7.568000000000000074e-03,5.240390000000000326e-01,-2.170300000000000007e-02,-2.617999999999999772e-01,-6.530839999999999979e-01,-2.342380000000000018e-01,4.360000000000000269e-04,9.274179999999999646e-01,-4.419609999999999927e-01,2.617999999999999772e-01,1.413250000000000062e-01,6.626899999999999458e-02,1.797559999999999991e-01,-2.460920000000000052e-01,4.893250000000000099e-01,-4.271710000000000229e-01,-3.581999999999999768e-02,-1.075990000000000002e-01,1.333200000000000010e-02,2.397529999999999939e-01,-5.215809999999999613e-01,-4.830590000000000162e-01,6.130109999999999726e-01,-5.206730000000000524e-01,1.533670000000000033e-01,1.706840000000000024e-01,-4.733799999999999814e-02
-1.516250000000000098e-01,6.993489999999999984e-01,7.306380000000000097e-01,3.693520000000000136e-01,8.437500000000000555e-02,5.907400000000000151e-02,-9.235640000000000516e-01,-6.390439999999999454e-01,4.872879999999999989e-01,3.399000000000000112e-03,5.162900000000000267e-01,-1.470100000000000053e-02,-2.617999999999999772e-01,-6.539650000000000185e-01,-2.376389999999999891e-01,-2.116999999999999958e-03,9.196809999999999707e-01,-4.344700000000000228e-01,2.617999999999999772e-01,1.409150000000000125e-01,6.577299999999999813e-02,1.803710000000000035e-01,-2.466009999999999869e-01,4.563749999999999751e-01,-4.436649999999999761e-01,-2.251699999999999882e-02,-1.037239999999999968e-01,1.137400000000000043e-02,2.384699999999999875e-01,-5.040799999999999725e-01,-4.643349999999999977e-01,6.011900000000000022e-01,-5.030790000000000539e-01,1.501929999999999932e-01,1.658810000000000007e-01,-5.897299999999999764e-02
-1.489020000000000066e-01,7.012969999999999482e-01,7.302450000000000330e-01,3.715410000000000101e-01,8.403700000000000059e-02,5.779800000000000215e-02,-9.227969999999999784e-01,-6.387519999999999865e-01,4.798640000000000128e-01,-6.999999999999999895e-06,5.066559999999999953e-01,-7.157000000000000167e-03,-2.617999999999999772e-01,-6.522719999999999629e-01,-2.407160000000000133e-01,-4.919999999999999894e-03,9.101380000000000026e-01,-4.264600000000000057e-01,2.617999999999999772e-01,1.411729999999999929e-01,6.558999999999999553e-02,1.815299999999999969e-01,-2.465940000000000076e-01,4.231790000000000274e-01,-4.608809999999999851e-01,-8.422000000000000666e-03,-9.986499999999999544e-02,8.564000000000000432e-03,2.371369999999999867e-01,-4.853390000000000204e-01,-4.456860000000000266e-01,5.893239999999999590e-01,-4.860590000000000188e-01,1.467640000000000056e-01,1.611849999999999949e-01,-7.063600000000000434e-02
-1.461800000000000044e-01,7.033040000000000402e-01,7.298599999999999532e-01,3.736619999999999941e-01,8.349700000000000177e-02,5.647400000000000336e-02,-9.220709999999999740e-01,-6.378740000000000521e-01,4.726569999999999938e-01,-3.308999999999999875e-03,4.971090000000000231e-01,2.079999999999999872e-04,-2.617999999999999772e-01,-6.499489999999999990e-01,-2.436240000000000072e-01,-7.683999999999999858e-03,9.003609999999999669e-01,-4.184240000000000181e-01,2.617999999999999772e-01,1.416989999999999916e-01,6.561200000000000365e-02,1.830249999999999932e-01,-2.463319999999999954e-01,3.898070000000000146e-01,-4.781309999999999727e-01,5.767000000000000424e-03,-9.602499999999999925e-02,5.636999999999999650e-03,2.358540000000000081e-01,-4.666159999999999752e-01,-4.271889999999999854e-01,5.777259999999999618e-01,-4.692040000000000100e-01,1.433290000000000119e-01,1.565269999999999995e-01,-8.235499999999999765e-02
-1.461580000000000101e-01,7.010570000000000412e-01,7.316639999999999810e-01,3.781100000000000017e-01,8.149800000000000100e-02,5.541700000000000098e-02,-9.204999999999999849e-01,-6.199419999999999931e-01,4.613450000000000051e-01,-1.338300000000000080e-02,4.736929999999999752e-01,5.753000000000000301e-03,-2.617999999999999772e-01,-6.286530000000000173e-01,-2.507139999999999924e-01,-1.719700000000000048e-02,8.788010000000000543e-01,-4.114570000000000172e-01,2.617999999999999772e-01,1.530819999999999959e-01,6.684600000000000264e-02,1.775960000000000039e-01,-2.202419999999999933e-01,3.819560000000000177e-01,-4.813839999999999786e-01,1.282400000000000033e-02,-9.237299999999999678e-02,5.823000000000000051e-03,2.261739999999999862e-01,-4.458570000000000033e-01,-4.140510000000000024e-01,5.724949999999999761e-01,-4.867349999999999732e-01,1.468019999999999881e-01,1.517499999999999960e-01,-8.287500000000000422e-02
-1.460740000000000094e-01,6.986639999999999517e-01,7.337740000000000373e-01,3.824819999999999887e-01,7.883700000000000430e-02,5.431600000000000317e-02,-9.189899999999999736e-01,-5.998179999999999623e-01,4.506189999999999918e-01,-2.327699999999999908e-02,4.491930000000000089e-01,1.160800000000000026e-02,-2.617999999999999772e-01,-6.046289999999999720e-01,-2.568460000000000187e-01,-2.728999999999999829e-02,8.555409999999999959e-01,-4.040159999999999862e-01,2.617999999999999772e-01,1.638630000000000086e-01,6.817800000000000249e-02,1.729509999999999936e-01,-1.917820000000000080e-01,3.750589999999999757e-01,-4.837739999999999818e-01,1.749900000000000067e-02,-8.871700000000000419e-02,6.650999999999999794e-03,2.158559999999999923e-01,-4.234669999999999823e-01,-4.006270000000000109e-01,5.680730000000000501e-01,-5.075119999999999632e-01,1.500970000000000082e-01,1.490400000000000058e-01,-8.353199999999999514e-02
-1.460889999999999966e-01,6.962739999999999485e-01,7.358339999999999881e-01,3.867869999999999919e-01,7.598599999999999799e-02,5.322299999999999948e-02,-9.174909999999999455e-01,-5.793530000000000069e-01,4.403449999999999864e-01,-3.334700000000000164e-02,4.248629999999999907e-01,1.722699999999999926e-02,-2.617999999999999772e-01,-5.798370000000000468e-01,-2.623739999999999961e-01,-3.759300000000000141e-02,8.320689999999999475e-01,-3.967029999999999723e-01,2.617999999999999772e-01,1.746939999999999882e-01,6.971600000000000019e-02,1.685850000000000126e-01,-1.630379999999999885e-01,3.680280000000000218e-01,-4.862569999999999948e-01,2.174099999999999991e-02,-8.497999999999999998e-02,7.644999999999999886e-03,2.055019999999999902e-01,-4.009650000000000158e-01,-3.869759999999999867e-01,5.640119999999999578e-01,-5.287669999999999870e-01,1.532100000000000128e-01,1.466989999999999961e-01,-8.432099999999999318e-02
-1.485259999999999914e-01,6.930079999999999574e-01,7.376850000000000351e-01,3.967979999999999841e-01,7.155200000000000449e-02,5.507499999999999896e-02,-9.134539999999999882e-01,-5.643049999999999455e-01,4.405529999999999724e-01,-2.961799999999999849e-02,4.014840000000000075e-01,2.412800000000000014e-02,-2.617999999999999772e-01,-5.440779999999999506e-01,-2.671169999999999933e-01,-6.057799999999999990e-02,8.098159999999999803e-01,-3.942809999999999926e-01,2.617999999999999772e-01,1.926289999999999947e-01,7.207900000000000418e-02,1.600489999999999968e-01,-1.510019999999999973e-01,3.770819999999999728e-01,-4.941059999999999897e-01,2.499699999999999839e-02,-8.721600000000000186e-02,7.822000000000000827e-03,1.949770000000000114e-01,-3.924030000000000018e-01,-3.757710000000000217e-01,5.794470000000000454e-01,-5.363109999999999822e-01,1.552840000000000054e-01,1.476739999999999997e-01,-7.957100000000000284e-02
-1.508309999999999929e-01,6.896139999999999493e-01,7.397139999999999826e-01,4.068209999999999882e-01,6.676500000000000490e-02,5.686700000000000088e-02,-9.092879999999999852e-01,-5.490859999999999630e-01,4.411370000000000013e-01,-2.609399999999999914e-02,3.782909999999999884e-01,3.119299999999999851e-02,-2.617999999999999772e-01,-5.067850000000000410e-01,-2.708139999999999992e-01,-8.394799999999999485e-02,7.864590000000000192e-01,-3.913960000000000217e-01,2.617999999999999772e-01,2.102050000000000030e-01,7.446999999999999453e-02,1.526909999999999934e-01,-1.401820000000000010e-01,3.868480000000000252e-01,-5.014410000000000256e-01,2.876099999999999837e-02,-9.035999999999999588e-02,7.799999999999999642e-03,1.845060000000000033e-01,-3.854009999999999936e-01,-3.638319999999999887e-01,5.948909999999999476e-01,-5.426050000000000040e-01,1.573779999999999901e-01,1.482789999999999941e-01,-7.489400000000000224e-02
-1.531039999999999901e-01,6.861949999999999994e-01,7.419000000000000039e-01,4.168569999999999776e-01,6.179500000000000270e-02,5.861299999999999844e-02,-9.049730000000000274e-01,-5.338129999999999820e-01,4.421089999999999742e-01,-2.261799999999999922e-02,3.552000000000000157e-01,3.819600000000000078e-02,-2.617999999999999772e-01,-4.682859999999999800e-01,-2.734699999999999909e-01,-1.075659999999999950e-01,7.621580000000000021e-01,-3.883739999999999970e-01,2.617999999999999772e-01,2.276070000000000038e-01,7.694600000000000051e-02,1.455909999999999982e-01,-1.296390000000000042e-01,3.968729999999999758e-01,-5.085579999999999545e-01,3.261300000000000310e-02,-9.356599999999999639e-02,7.722999999999999830e-03,1.739900000000000058e-01,-3.786590000000000233e-01,-3.516599999999999726e-01,6.102769999999999584e-01,-5.486149999999999638e-01,1.594420000000000004e-01,1.487469999999999903e-01,-7.023699999999999388e-02
-1.539570000000000105e-01,6.832629999999999537e-01,7.448219999999999841e-01,4.247670000000000057e-01,5.906700000000000145e-02,5.904500000000000026e-02,-9.014419999999999655e-01,-5.347779999999999756e-01,4.352130000000000165e-01,-2.012699999999999906e-02,3.642639999999999767e-01,2.975200000000000067e-02,-2.617999999999999772e-01,-4.362130000000000174e-01,-2.798680000000000057e-01,-1.308189999999999908e-01,7.331069999999999531e-01,-3.764799999999999813e-01,2.617999999999999772e-01,2.407130000000000103e-01,7.113099999999999978e-02,1.426409999999999900e-01,-1.362200000000000077e-01,4.146469999999999878e-01,-5.100069999999999881e-01,3.336800000000000183e-02,-9.628699999999999759e-02,8.390999999999999154e-03,1.728230000000000044e-01,-3.951939999999999897e-01,-3.597029999999999950e-01,6.252499999999999725e-01,-5.481510000000000549e-01,1.584959999999999980e-01,1.517679999999999862e-01,-6.376900000000000623e-02
-1.546269999999999867e-01,6.803759999999999808e-01,7.477129999999999610e-01,4.324959999999999916e-01,5.663900000000000184e-02,5.975199999999999956e-02,-8.978690000000000282e-01,-5.384550000000000169e-01,4.287509999999999932e-01,-1.842999999999999847e-02,3.757690000000000197e-01,2.049199999999999980e-02,-2.617999999999999772e-01,-4.056339999999999946e-01,-2.852359999999999896e-01,-1.540289999999999992e-01,7.047930000000000028e-01,-3.645539999999999892e-01,2.617999999999999772e-01,2.539060000000000206e-01,6.560699999999999865e-02,1.403330000000000133e-01,-1.447930000000000050e-01,4.323000000000000176e-01,-5.108829999999999760e-01,3.444900000000000045e-02,-9.945600000000000274e-02,9.365999999999999326e-03,1.719950000000000090e-01,-4.146909999999999763e-01,-3.676809999999999801e-01,6.402020000000000488e-01,-5.464229999999999920e-01,1.582929999999999893e-01,1.544580000000000120e-01,-5.755500000000000199e-02
-1.552370000000000139e-01,6.775120000000000031e-01,7.505180000000000184e-01,4.401479999999999837e-01,5.423800000000000149e-02,6.054199999999999859e-02,-8.942379999999999773e-01,-5.427440000000000042e-01,4.225700000000000012e-01,-1.694999999999999979e-02,3.876749999999999918e-01,1.112800000000000074e-02,-2.617999999999999772e-01,-3.750680000000000125e-01,-2.897040000000000171e-01,-1.774070000000000091e-01,6.763540000000000108e-01,-3.525789999999999758e-01,2.617999999999999772e-01,2.671749999999999958e-01,6.022299999999999875e-02,1.380119999999999958e-01,-1.537429999999999908e-01,4.499580000000000246e-01,-5.117720000000000047e-01,3.564900000000000013e-02,-1.027020000000000016e-01,1.035200000000000009e-02,1.711320000000000063e-01,-4.347820000000000018e-01,-3.754040000000000155e-01,6.552229999999999999e-01,-5.443850000000000078e-01,1.581970000000000043e-01,1.570179999999999909e-01,-5.137599999999999806e-02
-1.529290000000000094e-01,6.764200000000000212e-01,7.501679999999999460e-01,4.488840000000000052e-01,5.152999999999999942e-02,5.909899999999999876e-02,-8.901430000000000176e-01,-5.544059999999999544e-01,4.085739999999999927e-01,-2.534000000000000141e-02,4.109650000000000247e-01,2.700000000000000035e-04,-2.617999999999999772e-01,-3.675019999999999953e-01,-3.010189999999999810e-01,-1.841770000000000074e-01,6.873839999999999950e-01,-3.440039999999999765e-01,2.617999999999999772e-01,2.683010000000000117e-01,5.325499999999999678e-02,1.400470000000000048e-01,-1.837179999999999924e-01,4.683050000000000268e-01,-5.212999999999999856e-01,4.941299999999999859e-02,-1.030719999999999970e-01,1.115200000000000045e-02,1.726860000000000062e-01,-4.655569999999999986e-01,-3.847869999999999902e-01,6.664919999999999733e-01,-5.359840000000000160e-01,1.568229999999999902e-01,1.591950000000000032e-01,-4.773499999999999965e-02
-1.506359999999999921e-01,6.756910000000000416e-01,7.494420000000000526e-01,4.579849999999999755e-01,4.993000000000000216e-02,5.699099999999999999e-02,-8.857249999999999845e-01,-5.685160000000000213e-01,3.919679999999999831e-01,-3.335599999999999676e-02,4.357309999999999794e-01,-1.072299999999999989e-02,-2.617999999999999772e-01,-3.647369999999999779e-01,-3.157150000000000234e-01,-1.897179999999999978e-01,7.050689999999999458e-01,-3.387100000000000111e-01,2.617999999999999772e-01,2.688249999999999806e-01,4.364799999999999930e-02,1.423979999999999968e-01,-2.168650000000000022e-01,4.861070000000000113e-01,-5.317539999999999489e-01,6.559399999999999953e-02,-1.037639999999999951e-01,1.094499999999999987e-02,1.743280000000000107e-01,-4.982380000000000142e-01,-3.935339999999999949e-01,6.772660000000000347e-01,-5.263590000000000213e-01,1.557810000000000028e-01,1.608050000000000035e-01,-4.418600000000000305e-02
-1.483079999999999954e-01,6.748330000000000162e-01,7.485319999999999752e-01,4.671620000000000217e-01,4.868600000000000011e-02,5.474400000000000099e-02,-8.811309999999999976e-01,-5.832540000000000502e-01,3.745089999999999808e-01,-4.100999999999999784e-02,4.610960000000000059e-01,-2.198200000000000154e-02,-2.617999999999999772e-01,-3.630570000000000186e-01,-3.315719999999999779e-01,-1.948550000000000004e-01,7.243429999999999591e-01,-3.343709999999999738e-01,2.617999999999999772e-01,2.691350000000000131e-01,3.335400000000000170e-02,1.445099999999999996e-01,-2.507150000000000212e-01,5.034939999999999971e-01,-5.428319999999999812e-01,8.221100000000000629e-02,-1.045340000000000019e-01,1.046700000000000061e-02,1.759380000000000110e-01,-5.311430000000000318e-01,-4.018379999999999730e-01,6.881669999999999732e-01,-5.165399999999999991e-01,1.547610000000000097e-01,1.622689999999999966e-01,-4.061100000000000126e-02
-1.457539999999999947e-01,6.747549999999999937e-01,7.450630000000000308e-01,4.728049999999999753e-01,4.690799999999999831e-02,5.253499999999999837e-02,-8.783480000000000176e-01,-6.030389999999999917e-01,3.622400000000000064e-01,-5.181000000000000189e-02,4.937799999999999967e-01,-2.834400000000000114e-02,-2.617999999999999772e-01,-3.676380000000000203e-01,-3.529120000000000035e-01,-1.942309999999999870e-01,7.597140000000000004e-01,-3.499900000000000233e-01,2.617999999999999772e-01,2.696910000000000140e-01,2.650399999999999978e-02,1.477769999999999917e-01,-3.021809999999999774e-01,5.311010000000000453e-01,-5.530300000000000216e-01,1.237899999999999973e-01,-9.939399999999999624e-02,1.130100000000000028e-02,1.711719999999999908e-01,-5.729149999999999521e-01,-4.235959999999999726e-01,7.002540000000000431e-01,-4.892059999999999742e-01,1.507400000000000129e-01,1.652109999999999967e-01,-2.894400000000000098e-02
-1.430029999999999912e-01,6.747379999999999489e-01,7.413290000000000157e-01,4.785789999999999766e-01,4.544200000000000322e-02,5.005500000000000227e-02,-8.754380000000000495e-01,-6.240400000000000391e-01,3.486110000000000042e-01,-6.249899999999999900e-02,5.280139999999999834e-01,-3.518799999999999706e-02,-2.617999999999999772e-01,-3.741670000000000273e-01,-3.757420000000000204e-01,-1.925989999999999924e-01,7.975919999999999677e-01,-3.665410000000000057e-01,2.617999999999999772e-01,2.704019999999999757e-01,1.918500000000000066e-02,1.520859999999999990e-01,-3.568359999999999865e-01,5.569520000000000026e-01,-5.647529999999999495e-01,1.683570000000000066e-01,-9.405399999999999872e-02,1.045699999999999928e-02,1.658360000000000112e-01,-6.163600000000000190e-01,-4.450839999999999796e-01,7.124409999999999910e-01,-4.603030000000000177e-01,1.464789999999999981e-01,1.670179999999999998e-01,-1.678899999999999837e-02
-1.402760000000000118e-01,6.747090000000000032e-01,7.376329999999999831e-01,4.844319999999999737e-01,4.412100000000000050e-02,4.747900000000000037e-02,-8.724250000000000060e-01,-6.453849999999999865e-01,3.340989999999999793e-01,-7.295799999999999508e-02,5.628509999999999902e-01,-4.231499999999999845e-02,-2.617999999999999772e-01,-3.812229999999999785e-01,-3.993789999999999840e-01,-1.905030000000000057e-01,8.359199999999999964e-01,-3.832570000000000143e-01,2.617999999999999772e-01,2.710319999999999951e-01,1.169000000000000074e-02,1.567099999999999882e-01,-4.123299999999999743e-01,5.817499999999999893e-01,-5.777269999999999905e-01,2.133079999999999976e-01,-8.833000000000000573e-02,9.180999999999999925e-03,1.606819999999999915e-01,-6.601280000000000481e-01,-4.662510000000000265e-01,7.252999999999999448e-01,-4.312819999999999987e-01,1.417950000000000044e-01,1.685369999999999924e-01,-4.621000000000000107e-03
-1.384749999999999870e-01,6.774750000000000494e-01,7.341499999999999693e-01,4.817660000000000275e-01,4.350300000000000000e-02,4.691499999999999837e-02,-8.739609999999999879e-01,-6.631249999999999645e-01,3.358849999999999891e-01,-7.746400000000000508e-02,5.894580000000000375e-01,-4.157999999999999891e-02,-2.617999999999999772e-01,-4.001919999999999922e-01,-4.060179999999999900e-01,-1.846059999999999923e-01,8.622739999999999849e-01,-3.958699999999999997e-01,2.617999999999999772e-01,2.772930000000000117e-01,9.846999999999999850e-03,1.614549999999999874e-01,-4.485060000000000158e-01,6.046559999999999713e-01,-5.767590000000000217e-01,2.282480000000000064e-01,-8.424299999999999844e-02,3.197999999999999888e-03,1.583309999999999995e-01,-6.859499999999999487e-01,-4.707270000000000065e-01,7.285390000000000477e-01,-4.229310000000000014e-01,1.413200000000000012e-01,1.689080000000000026e-01,2.629999999999999959e-04
-1.367289999999999894e-01,6.798819999999999864e-01,7.308689999999999909e-01,4.787420000000000009e-01,4.307300000000000018e-02,4.690300000000000025e-02,-8.756429999999999492e-01,-6.811939999999999662e-01,3.387899999999999801e-01,-8.183500000000000496e-02,6.157650000000000068e-01,-4.127299999999999719e-02,-2.617999999999999772e-01,-4.188859999999999806e-01,-4.109940000000000260e-01,-1.789860000000000062e-01,8.861649999999999805e-01,-4.072910000000000141e-01,2.617999999999999772e-01,2.836210000000000120e-01,8.203000000000000222e-03,1.639529999999999876e-01,-4.806889999999999774e-01,6.288439999999999586e-01,-5.753200000000000536e-01,2.392289999999999972e-01,-7.958700000000000496e-02,-1.178999999999999927e-03,1.562580000000000080e-01,-7.097679999999999545e-01,-4.748049999999999771e-01,7.325490000000000057e-01,-4.164320000000000244e-01,1.404030000000000000e-01,1.703439999999999954e-01,4.944999999999999743e-03
-1.350590000000000124e-01,6.823150000000000048e-01,7.277390000000000247e-01,4.757149999999999990e-01,4.273699999999999721e-02,4.693499999999999756e-02,-8.773060000000000302e-01,-6.994559999999999667e-01,3.415400000000000102e-01,-8.619499999999999384e-02,6.421670000000000433e-01,-4.111100000000000171e-02,-2.617999999999999772e-01,-4.375000000000000000e-01,-4.157879999999999909e-01,-1.735919999999999963e-01,9.094940000000000246e-01,-4.184760000000000146e-01,2.617999999999999772e-01,2.896980000000000111e-01,6.440999999999999677e-03,1.661310000000000009e-01,-5.121170000000000444e-01,6.532050000000000356e-01,-5.741370000000000084e-01,2.494580000000000131e-01,-7.474999999999999700e-02,-5.199999999999999761e-03,1.543069999999999997e-01,-7.332589999999999941e-01,-4.787560000000000149e-01,7.368479999999999475e-01,-4.102720000000000256e-01,1.393199999999999994e-01,1.719590000000000007e-01,9.596000000000000363e-03
-1.333999999999999908e-01,6.839749999999999996e-01,7.267099999999999671e-01,4.702589999999999826e-01,4.359099999999999780e-02,4.763599999999999779e-02,-8.801630000000000287e-01,-7.044089999999999518e-01,3.479439999999999755e-01,-8.331199999999999717e-02,6.471740000000000270e-01,-4.058599999999999708e-02,-2.617999999999999772e-01,-4.495759999999999756e-01,-4.072580000000000089e-01,-1.637939999999999952e-01,9.066880000000000495e-01,-4.184019999999999961e-01,2.617999999999999772e-01,2.917429999999999746e-01,7.692000000000000053e-03,1.662220000000000086e-01,-5.097570000000000157e-01,6.740399999999999725e-01,-5.715729999999999977e-01,2.170860000000000012e-01,-8.035399999999999487e-02,-1.150999999999999940e-02,1.521099999999999952e-01,-7.401489999999999458e-01,-4.796050000000000035e-01,7.371619999999999839e-01,-4.221369999999999845e-01,1.420069999999999943e-01,1.721189999999999942e-01,1.571099999999999927e-02
-1.319400000000000017e-01,6.853150000000000075e-01,7.258940000000000392e-01,4.646609999999999907e-01,4.401399999999999757e-02,4.849500000000000338e-02,-8.830630000000000424e-01,-7.074869999999999770e-01,3.553080000000000127e-01,-8.031699999999999950e-02,6.508960000000000301e-01,-4.032999999999999780e-02,-2.617999999999999772e-01,-4.586399999999999921e-01,-3.975589999999999957e-01,-1.550489999999999924e-01,9.007319999999999771e-01,-4.174450000000000105e-01,2.617999999999999772e-01,2.930989999999999984e-01,9.815000000000000807e-03,1.652280000000000137e-01,-5.018629999999999480e-01,6.963240000000000540e-01,-5.669389999999999707e-01,1.792580000000000007e-01,-8.576499999999999402e-02,-1.529999999999999936e-02,1.505549999999999944e-01,-7.448240000000000416e-01,-4.802089999999999970e-01,7.385699999999999488e-01,-4.358779999999999877e-01,1.444000000000000006e-01,1.732200000000000129e-01,2.178899999999999934e-02
-1.305989999999999929e-01,6.866440000000000321e-01,7.248909999999999521e-01,4.591279999999999806e-01,4.457499999999999657e-02,4.910500000000000281e-02,-8.858909999999999840e-01,-7.118440000000000323e-01,3.621809999999999752e-01,-7.754900000000000682e-02,6.572759999999999714e-01,-4.146099999999999786e-02,-2.617999999999999772e-01,-4.686730000000000063e-01,-3.885990000000000277e-01,-1.457499999999999907e-01,8.973510000000000097e-01,-4.180860000000000132e-01,2.617999999999999772e-01,2.934740000000000126e-01,1.074400000000000008e-02,1.647289999999999865e-01,-4.909859999999999780e-01,7.213640000000000052e-01,-5.601819999999999578e-01,1.364710000000000090e-01,-9.184199999999999309e-02,-1.684300000000000033e-02,1.491659999999999930e-01,-7.492779999999999996e-01,-4.810209999999999764e-01,7.398580000000000156e-01,-4.520000000000000129e-01,1.473609999999999920e-01,1.755170000000000063e-01,2.772200000000000011e-02
-1.315550000000000053e-01,6.866700000000000026e-01,7.263030000000000319e-01,4.537769999999999859e-01,4.472099999999999687e-02,4.859600000000000031e-02,-8.886650000000000382e-01,-6.990809999999999524e-01,3.725840000000000263e-01,-6.422600000000000531e-02,6.450099999999999723e-01,-3.588199999999999723e-02,-2.617999999999999772e-01,-4.647859999999999769e-01,-3.798570000000000002e-01,-1.416969999999999896e-01,8.803830000000000267e-01,-4.142970000000000264e-01,2.617999999999999772e-01,2.897460000000000035e-01,1.557000000000000051e-02,1.603580000000000005e-01,-4.497769999999999824e-01,7.419289999999999496e-01,-5.455170000000000297e-01,9.420199999999999407e-02,-9.395100000000000673e-02,-1.649000000000000118e-02,1.523269999999999902e-01,-7.318510000000000293e-01,-4.850700000000000012e-01,7.359700000000000131e-01,-4.672430000000000194e-01,1.519689999999999930e-01,1.755990000000000051e-01,2.919400000000000120e-02
-1.325890000000000124e-01,6.866430000000000033e-01,7.278559999999999475e-01,4.484779999999999878e-01,4.450799999999999895e-02,4.800999999999999712e-02,-8.913929999999999909e-01,-6.849220000000000308e-01,3.828739999999999921e-01,-5.074300000000000338e-02,6.321600000000000552e-01,-3.038300000000000028e-02,-2.617999999999999772e-01,-4.593010000000000148e-01,-3.710879999999999734e-01,-1.379920000000000035e-01,8.621940000000000159e-01,-4.102399999999999936e-01,2.617999999999999772e-01,2.853780000000000205e-01,2.109700000000000117e-02,1.561089999999999978e-01,-4.057399999999999896e-01,7.616349999999999509e-01,-5.286520000000000108e-01,5.086500000000000049e-02,-9.528999999999999970e-02,-1.592999999999999972e-02,1.556389999999999996e-01,-7.136489999999999778e-01,-4.889879999999999782e-01,7.327569999999999917e-01,-4.828210000000000002e-01,1.562669999999999892e-01,1.756169999999999953e-01,3.057899999999999854e-02
-1.335919999999999885e-01,6.864590000000000414e-01,7.294289999999999941e-01,4.432170000000000276e-01,4.424999999999999767e-02,4.737999999999999851e-02,-8.940669999999999451e-01,-6.705339999999999634e-01,3.928510000000000058e-01,-3.715299999999999853e-02,6.194560000000000066e-01,-2.505100000000000035e-02,-2.617999999999999772e-01,-4.535529999999999839e-01,-3.626300000000000079e-01,-1.342919999999999947e-01,8.438679999999999515e-01,-4.061830000000000163e-01,2.617999999999999772e-01,2.808300000000000241e-01,2.673000000000000029e-02,1.520209999999999895e-01,-3.605169999999999764e-01,7.804950000000000498e-01,-5.103159999999999918e-01,7.355999999999999692e-03,-9.633400000000000296e-02,-1.534300000000000073e-02,1.589800000000000102e-01,-6.953549999999999454e-01,-4.928230000000000111e-01,7.295110000000000205e-01,-4.983609999999999984e-01,1.604569999999999885e-01,1.755919999999999981e-01,3.189299999999999774e-02
-1.353070000000000106e-01,6.863590000000000524e-01,7.317379999999999995e-01,4.399600000000000177e-01,4.290999999999999676e-02,4.804400000000000337e-02,-8.957039999999999447e-01,-6.543520000000000447e-01,4.054369999999999918e-01,-2.284399999999999972e-02,6.009799999999999587e-01,-1.460400000000000066e-02,-2.617999999999999772e-01,-4.396090000000000275e-01,-3.511369999999999769e-01,-1.348660000000000136e-01,8.197839999999999572e-01,-4.006399999999999961e-01,2.617999999999999772e-01,2.782979999999999898e-01,3.867099999999999704e-02,1.460660000000000014e-01,-3.125459999999999905e-01,7.666789999999999994e-01,-4.821529999999999982e-01,-7.889999999999999444e-03,-9.682100000000000428e-02,-1.016300000000000016e-02,1.673820000000000030e-01,-6.768229999999999524e-01,-4.912440000000000140e-01,7.257059999999999622e-01,-5.204379999999999562e-01,1.671539999999999970e-01,1.754060000000000064e-01,3.287099999999999744e-02
-1.369390000000000052e-01,6.861800000000000122e-01,7.343429999999999680e-01,4.366499999999999826e-01,4.153599999999999653e-02,4.896999999999999964e-02,-8.973370000000000513e-01,-6.374710000000000099e-01,4.182060000000000222e-01,-8.028000000000000413e-03,5.811629999999999852e-01,-3.340999999999999786e-03,-2.617999999999999772e-01,-4.248500000000000054e-01,-3.390679999999999805e-01,-1.355059999999999876e-01,7.933139999999999636e-01,-3.936350000000000127e-01,2.617999999999999772e-01,2.769940000000000180e-01,5.146400000000000280e-02,1.399299999999999988e-01,-2.685670000000000002e-01,7.502119999999999900e-01,-4.567749999999999866e-01,-1.888300000000000048e-02,-9.740500000000000547e-02,-6.701000000000000359e-03,1.755809999999999871e-01,-6.586560000000000192e-01,-4.893500000000000072e-01,7.212720000000000242e-01,-5.402280000000000415e-01,1.733230000000000048e-01,1.743359999999999910e-01,3.378799999999999859e-02
-1.384660000000000057e-01,6.857900000000000107e-01,7.368190000000000017e-01,4.333739999999999815e-01,3.975999999999999673e-02,4.967599999999999794e-02,-8.989650000000000141e-01,-6.200059999999999460e-01,4.307050000000000045e-01,6.962999999999999572e-03,5.631540000000000434e-01,6.671999999999999979e-03,-2.617999999999999772e-01,-4.093379999999999797e-01,-3.272849999999999926e-01,-1.357069999999999943e-01,7.675309999999999633e-01,-3.872160000000000046e-01,2.617999999999999772e-01,2.749369999999999870e-01,6.490500000000000436e-02,1.346440000000000137e-01,-2.222490000000000021e-01,7.325859999999999594e-01,-4.298549999999999871e-01,-3.196299999999999836e-02,-9.729300000000000448e-02,-2.709000000000000036e-03,1.836210000000000064e-01,-6.393029999999999546e-01,-4.882009999999999961e-01,7.172039999999999527e-01,-5.618290000000000228e-01,1.796500000000000041e-01,1.737910000000000010e-01,3.448699999999999682e-02
-1.394170000000000131e-01,6.857079999999999842e-01,7.385089999999999710e-01,4.289140000000000175e-01,4.064500000000000057e-02,4.932999999999999885e-02,-9.010810000000000208e-01,-6.055930000000000479e-01,4.344040000000000123e-01,1.415699999999999945e-02,5.465769999999999795e-01,1.257100000000000058e-02,-2.617999999999999772e-01,-4.078680000000000083e-01,-3.214250000000000163e-01,-1.304089999999999971e-01,7.541179999999999550e-01,-3.795169999999999932e-01,2.617999999999999772e-01,2.679529999999999967e-01,7.328900000000000692e-02,1.331529999999999936e-01,-1.784340000000000093e-01,7.045029999999999903e-01,-4.025980000000000114e-01,-7.147699999999999887e-02,-1.015309999999999963e-01,-2.890000000000000208e-03,1.904609999999999914e-01,-6.144810000000000549e-01,-4.879229999999999956e-01,7.036839999999999762e-01,-5.755730000000000013e-01,1.854770000000000030e-01,1.719630000000000047e-01,2.868700000000000069e-02
-1.405619999999999925e-01,6.856989999999999474e-01,7.399620000000000086e-01,4.245800000000000129e-01,4.226400000000000295e-02,4.882700000000000234e-02,-9.030839999999999979e-01,-5.926169999999999494e-01,4.371840000000000170e-01,2.155899999999999830e-02,5.302649999999999864e-01,1.861700000000000160e-02,-2.617999999999999772e-01,-4.089039999999999897e-01,-3.167880000000000140e-01,-1.245860000000000023e-01,7.430010000000000225e-01,-3.729169999999999985e-01,2.617999999999999772e-01,2.606959999999999833e-01,8.012500000000000178e-02,1.308749999999999913e-01,-1.342279999999999862e-01,6.754339999999999788e-01,-3.757179999999999964e-01,-1.127719999999999972e-01,-1.053189999999999960e-01,-1.775000000000000102e-03,1.972220000000000084e-01,-5.892330000000000068e-01,-4.865289999999999893e-01,6.889849999999999586e-01,-5.879429999999999934e-01,1.910250000000000004e-01,1.692579999999999918e-01,2.299899999999999861e-02
-1.417229999999999879e-01,6.856100000000000527e-01,7.414730000000000487e-01,4.202670000000000017e-01,4.410599999999999937e-02,4.827800000000000147e-02,-9.050409999999999844e-01,-5.801190000000000513e-01,4.396749999999999825e-01,2.894400000000000098e-02,5.140679999999999694e-01,2.464099999999999971e-02,-2.617999999999999772e-01,-4.106949999999999767e-01,-3.125370000000000092e-01,-1.186249999999999943e-01,7.324389999999999512e-01,-3.665490000000000137e-01,2.617999999999999772e-01,2.532659999999999911e-01,8.643499999999999794e-02,1.283390000000000086e-01,-8.994599999999999818e-02,6.446460000000000523e-01,-3.491150000000000087e-01,-1.541490000000000082e-01,-1.085659999999999958e-01,-4.719999999999999803e-04,2.037039999999999962e-01,-5.632249999999999757e-01,-4.838629999999999876e-01,6.731470000000000509e-01,-5.991079999999999739e-01,1.960739999999999983e-01,1.661289999999999989e-01,1.748900000000000107e-02
-1.416040000000000076e-01,6.854679999999999662e-01,7.410600000000000520e-01,4.212400000000000033e-01,4.473400000000000293e-02,4.722599999999999715e-02,-9.046130000000000004e-01,-5.796390000000000153e-01,4.351949999999999985e-01,2.797499999999999987e-02,5.128160000000000496e-01,2.224999999999999895e-02,-2.617999999999999772e-01,-4.125750000000000250e-01,-3.135519999999999974e-01,-1.107080000000000009e-01,7.358620000000000161e-01,-3.684629999999999850e-01,2.617999999999999772e-01,2.380019999999999913e-01,8.991799999999999793e-02,1.284119999999999984e-01,-7.605099999999999361e-02,6.037799999999999834e-01,-3.330350000000000255e-01,-1.850400000000000100e-01,-1.104099999999999943e-01,1.544999999999999932e-03,2.100370000000000015e-01,-5.333470000000000155e-01,-4.708809999999999940e-01,6.480240000000000444e-01,-6.013089999999999824e-01,1.966660000000000075e-01,1.616080000000000017e-01,5.269000000000000246e-03
-1.414400000000000102e-01,6.854459999999999997e-01,7.404539999999999456e-01,4.224140000000000117e-01,4.553700000000000109e-02,4.594299999999999773e-02,-9.040920000000000067e-01,-5.803840000000000110e-01,4.299749999999999961e-01,2.651200000000000084e-02,5.128460000000000241e-01,1.966100000000000139e-02,-2.617999999999999772e-01,-4.160059999999999869e-01,-3.154429999999999734e-01,-1.023850000000000038e-01,7.418879999999999919e-01,-3.716039999999999899e-01,2.617999999999999772e-01,2.240949999999999886e-01,9.257400000000000351e-02,1.291529999999999900e-01,-6.588199999999999612e-02,5.610479999999999912e-01,-3.188289999999999735e-01,-2.120690000000000075e-01,-1.121199999999999974e-01,2.696000000000000046e-03,2.160489999999999911e-01,-5.027679999999999927e-01,-4.567080000000000028e-01,6.194770000000000554e-01,-6.010170000000000234e-01,1.964140000000000053e-01,1.561069999999999958e-01,-6.414000000000000430e-03
-1.413449999999999984e-01,6.855639999999999512e-01,7.398150000000000004e-01,4.235880000000000201e-01,4.640799999999999786e-02,4.462700000000000000e-02,-9.035640000000000338e-01,-5.814019999999999744e-01,4.246500000000000274e-01,2.503000000000000017e-02,5.130529999999999813e-01,1.709600000000000009e-02,-2.617999999999999772e-01,-4.198850000000000082e-01,-3.174489999999999812e-01,-9.383500000000000174e-02,7.484420000000000517e-01,-3.749950000000000228e-01,2.617999999999999772e-01,2.107269999999999976e-01,9.499299999999999411e-02,1.299140000000000017e-01,-5.571299999999999863e-02,5.164750000000000174e-01,-3.042309999999999737e-01,-2.377869999999999984e-01,-1.134339999999999932e-01,3.442999999999999880e-03,2.214929999999999954e-01,-4.710960000000000147e-01,-4.410459999999999936e-01,5.887379999999999836e-01,-5.988520000000000509e-01,1.955199999999999994e-01,1.500400000000000067e-01,-1.761700000000000071e-02
-1.416020000000000056e-01,6.875200000000000200e-01,7.385840000000000183e-01,4.253600000000000159e-01,4.709599999999999898e-02,4.474299999999999805e-02,-9.026899999999999924e-01,-5.898590000000000222e-01,4.239149999999999863e-01,2.164999999999999911e-02,5.161799999999999722e-01,1.890700000000000019e-02,-2.617999999999999772e-01,-4.280059999999999976e-01,-3.152479999999999727e-01,-8.833599999999999786e-02,7.606779999999999653e-01,-3.815399999999999903e-01,2.617999999999999772e-01,1.968769999999999964e-01,9.788499999999999979e-02,1.340490000000000015e-01,-7.124800000000000577e-02,5.004619999999999624e-01,-3.049189999999999956e-01,-2.351959999999999884e-01,-1.057690000000000019e-01,6.324999999999999893e-03,2.185280000000000000e-01,-4.471939999999999804e-01,-4.266280000000000072e-01,5.657529999999999504e-01,-5.832730000000000414e-01,1.906190000000000107e-01,1.445410000000000028e-01,-2.605299999999999977e-02
-1.417229999999999879e-01,6.896440000000000348e-01,7.372100000000000319e-01,4.271610000000000129e-01,4.788400000000000295e-02,4.481099999999999667e-02,-9.017939999999999845e-01,-5.990189999999999682e-01,4.228720000000000256e-01,1.805999999999999966e-02,5.197420000000000373e-01,2.088200000000000126e-02,-2.617999999999999772e-01,-4.370140000000000136e-01,-3.132710000000000217e-01,-8.251500000000000501e-02,7.737410000000000121e-01,-3.882260000000000155e-01,2.617999999999999772e-01,1.842989999999999906e-01,9.999299999999999855e-02,1.389019999999999977e-01,-9.036199999999999788e-02,4.831449999999999911e-01,-3.058139999999999747e-01,-2.275540000000000063e-01,-9.874600000000000044e-02,7.046000000000000180e-03,2.148329999999999962e-01,-4.233350000000000168e-01,-4.105969999999999898e-01,5.395489999999999453e-01,-5.647809999999999775e-01,1.851140000000000008e-01,1.381249999999999978e-01,-3.389600000000000252e-02
-1.418310000000000126e-01,6.918119999999999825e-01,7.359160000000000146e-01,4.289580000000000060e-01,4.866899999999999699e-02,4.486199999999999910e-02,-9.008960000000000301e-01,-6.082149999999999501e-01,4.218029999999999835e-01,1.448900000000000014e-02,5.233539999999999859e-01,2.288600000000000009e-02,-2.617999999999999772e-01,-4.461629999999999763e-01,-3.112619999999999831e-01,-7.659799999999999942e-02,7.870420000000000194e-01,-3.949949999999999850e-01,2.617999999999999772e-01,1.721290000000000042e-01,1.019650000000000001e-01,1.439060000000000061e-01,-1.096450000000000063e-01,4.645000000000000240e-01,-3.057110000000000105e-01,-2.186259999999999870e-01,-9.174799999999999622e-02,7.121999999999999859e-03,2.103089999999999959e-01,-3.989510000000000001e-01,-3.938470000000000026e-01,5.118970000000000464e-01,-5.444210000000000438e-01,1.792479999999999907e-01,1.305640000000000134e-01,-4.130000000000000338e-02
-1.419950000000000101e-01,6.933380000000000098e-01,7.351529999999999454e-01,4.337289999999999757e-01,4.877499999999999891e-02,4.514800000000000063e-02,-8.985889999999999711e-01,-6.173189999999999511e-01,4.181719999999999882e-01,9.707999999999999616e-03,5.247049999999999770e-01,2.998800000000000077e-02,-2.617999999999999772e-01,-4.463019999999999765e-01,-3.137980000000000214e-01,-8.074900000000000133e-02,7.937539999999999596e-01,-4.008510000000000129e-01,2.617999999999999772e-01,1.659229999999999872e-01,9.728399999999999548e-02,1.428659999999999930e-01,-1.503269999999999884e-01,4.480850000000000111e-01,-3.206769999999999898e-01,-2.113539999999999863e-01,-8.473100000000000076e-02,7.407000000000000389e-03,1.987170000000000047e-01,-3.852320000000000189e-01,-3.760640000000000094e-01,4.924899999999999833e-01,-5.188519999999999799e-01,1.699749999999999872e-01,1.245369999999999949e-01,-4.891700000000000215e-02
-1.424549999999999983e-01,6.947740000000000027e-01,7.343009999999999815e-01,4.384629999999999916e-01,4.848899999999999738e-02,4.528499999999999887e-02,-8.962970000000000104e-01,-6.253440000000000110e-01,4.146710000000000118e-01,4.206999999999999802e-03,5.260810000000000208e-01,3.656700000000000228e-02,-2.617999999999999772e-01,-4.451849999999999974e-01,-3.162809999999999788e-01,-8.513600000000000334e-02,8.004400000000000404e-01,-4.070280000000000009e-01,2.617999999999999772e-01,1.608060000000000045e-01,9.251199999999999701e-02,1.428109999999999935e-01,-1.933850000000000013e-01,4.311499999999999777e-01,-3.369860000000000078e-01,-2.029710000000000125e-01,-7.810699999999999588e-02,7.552999999999999818e-03,1.874860000000000138e-01,-3.721450000000000036e-01,-3.587290000000000201e-01,4.723979999999999846e-01,-4.934859999999999802e-01,1.608150000000000135e-01,1.186500000000000055e-01,-5.675100000000000283e-02
-1.427869999999999973e-01,6.961580000000000545e-01,7.335469999999999491e-01,4.432019999999999849e-01,4.807199999999999668e-02,4.535000000000000142e-02,-8.939820000000000544e-01,-6.331200000000000161e-01,4.111879999999999979e-01,-1.296000000000000060e-03,5.275520000000000209e-01,4.311199999999999755e-02,-2.617999999999999772e-01,-4.437150000000000261e-01,-3.188059999999999783e-01,-8.954299999999999760e-02,8.071019999999999861e-01,-4.131850000000000245e-01,2.617999999999999772e-01,1.559210000000000040e-01,8.770799999999999430e-02,1.431209999999999982e-01,-2.376999999999999946e-01,4.144680000000000031e-01,-3.542640000000000233e-01,-1.949009999999999909e-01,-7.176100000000000534e-02,7.575000000000000136e-03,1.769370000000000109e-01,-3.602589999999999959e-01,-3.427259999999999751e-01,4.535279999999999867e-01,-4.697490000000000276e-01,1.522020000000000040e-01,1.131149999999999933e-01,-6.485200000000000686e-02
-1.446999999999999953e-01,6.970190000000000552e-01,7.335260000000000113e-01,4.494859999999999967e-01,4.784599999999999964e-02,4.661300000000000165e-02,-8.907859999999999667e-01,-6.360299999999999843e-01,4.099389999999999978e-01,-3.021999999999999947e-03,5.179179999999999895e-01,5.085300000000000237e-02,-2.617999999999999772e-01,-4.359620000000000162e-01,-3.201289999999999969e-01,-1.016669999999999935e-01,8.075999999999999845e-01,-4.194499999999999895e-01,2.617999999999999772e-01,1.593900000000000039e-01,8.497599999999999598e-02,1.430859999999999910e-01,-2.558860000000000023e-01,4.093870000000000009e-01,-3.573999999999999955e-01,-1.713999999999999968e-01,-6.848600000000000521e-02,6.877000000000000300e-03,1.703890000000000127e-01,-3.375730000000000119e-01,-3.258199999999999985e-01,4.371579999999999910e-01,-4.591390000000000193e-01,1.476600000000000135e-01,1.067329999999999945e-01,-7.492400000000000448e-02
-1.466909999999999881e-01,6.977069999999999661e-01,7.335770000000000346e-01,4.557419999999999805e-01,4.749400000000000149e-02,4.799099999999999894e-02,-8.875469999999999748e-01,-6.382120000000000015e-01,4.090670000000000139e-01,-4.782999999999999925e-03,5.073339999999999517e-01,5.875500000000000167e-02,-2.617999999999999772e-01,-4.269430000000000169e-01,-3.209009999999999918e-01,-1.143440000000000012e-01,8.065179999999999572e-01,-4.251139999999999919e-01,2.617999999999999772e-01,1.619349999999999956e-01,8.222300000000000442e-02,1.422740000000000116e-01,-2.740409999999999791e-01,4.078539999999999943e-01,-3.624209999999999932e-01,-1.492459999999999898e-01,-6.579100000000000226e-02,5.181999999999999974e-03,1.647689999999999988e-01,-3.157800000000000051e-01,-3.109720000000000262e-01,4.253359999999999919e-01,-4.535420000000000007e-01,1.438689999999999969e-01,1.019020000000000065e-01,-8.589700000000000113e-02
-1.486780000000000046e-01,6.982789999999999830e-01,7.337679999999999758e-01,4.619900000000000118e-01,4.709599999999999898e-02,4.939099999999999741e-02,-8.842560000000000420e-01,-6.403429999999999955e-01,4.083459999999999868e-01,-6.616999999999999618e-03,4.966809999999999836e-01,6.667499999999999816e-02,-2.617999999999999772e-01,-4.174709999999999810e-01,-3.215259999999999785e-01,-1.272040000000000115e-01,8.049570000000000336e-01,-4.306110000000000215e-01,2.617999999999999772e-01,1.642800000000000094e-01,7.949100000000000610e-02,1.413959999999999939e-01,-2.942719999999999780e-01,4.097819999999999796e-01,-3.704810000000000048e-01,-1.284240000000000104e-01,-6.361400000000000388e-02,3.425999999999999792e-03,1.605930000000000135e-01,-2.965149999999999730e-01,-2.988589999999999858e-01,4.176679999999999837e-01,-4.521419999999999884e-01,1.411660000000000137e-01,9.815000000000000113e-02,-9.769799999999999318e-02
-1.514979999999999938e-01,6.984799999999999898e-01,7.346749999999999670e-01,4.662870000000000070e-01,4.755000000000000199e-02,5.103800000000000003e-02,-8.818789999999999685e-01,-6.346319999999999739e-01,4.073640000000000039e-01,-1.130800000000000034e-02,4.750909999999999855e-01,7.663599999999999579e-02,-2.617999999999999772e-01,-4.075119999999999854e-01,-3.193630000000000080e-01,-1.397629999999999983e-01,7.968330000000000135e-01,-4.343150000000000066e-01,2.617999999999999772e-01,1.738460000000000005e-01,7.289700000000000346e-02,1.407249999999999890e-01,-2.986509999999999998e-01,4.042879999999999807e-01,-3.738810000000000189e-01,-1.006930000000000047e-01,-6.654999999999999805e-02,4.739999999999999747e-04,1.658149999999999902e-01,-2.920579999999999843e-01,-3.008930000000000216e-01,4.230129999999999724e-01,-4.428119999999999834e-01,1.408830000000000082e-01,9.746599999999999708e-02,-1.015279999999999933e-01
-1.543019999999999947e-01,6.986630000000000340e-01,7.356179999999999941e-01,4.705500000000000238e-01,4.771199999999999747e-02,5.272199999999999803e-02,-8.795039999999999525e-01,-6.281320000000000237e-01,4.068089999999999762e-01,-1.592500000000000165e-02,4.529299999999999993e-01,8.676699999999999691e-02,-2.617999999999999772e-01,-3.964110000000000134e-01,-3.166240000000000165e-01,-1.525229999999999919e-01,7.875860000000000083e-01,-4.374080000000000190e-01,2.617999999999999772e-01,1.824149999999999938e-01,6.743799999999999795e-02,1.403770000000000018e-01,-3.041300000000000114e-01,4.015989999999999838e-01,-3.789520000000000111e-01,-7.419000000000000594e-02,-6.977999999999999481e-02,-2.873999999999999819e-03,1.724299999999999999e-01,-2.912779999999999814e-01,-3.059259999999999757e-01,4.333679999999999755e-01,-4.357429999999999914e-01,1.421560000000000046e-01,9.688199999999999590e-02,-1.059409999999999935e-01
-1.572010000000000074e-01,6.987710000000000310e-01,7.366949999999999887e-01,4.748189999999999911e-01,4.772699999999999859e-02,5.442099999999999715e-02,-8.771020000000000483e-01,-6.215420000000000389e-01,4.065079999999999805e-01,-2.063999999999999863e-02,4.309020000000000072e-01,9.683200000000000141e-02,-2.617999999999999772e-01,-3.847789999999999822e-01,-3.135879999999999779e-01,-1.654370000000000007e-01,7.779270000000000351e-01,-4.403630000000000044e-01,2.617999999999999772e-01,1.907139999999999946e-01,6.220799999999999941e-02,1.402629999999999988e-01,-3.114279999999999826e-01,4.018329999999999957e-01,-3.862800000000000122e-01,-4.852100000000000163e-02,-7.345500000000000640e-02,-6.249000000000000214e-03,1.801069999999999893e-01,-2.929180000000000117e-01,-3.131479999999999819e-01,4.470729999999999982e-01,-4.315039999999999987e-01,1.444640000000000091e-01,9.679100000000000203e-02,-1.110759999999999942e-01
-1.587050000000000127e-01,6.990720000000000267e-01,7.368179999999999730e-01,4.786839999999999984e-01,4.822400000000000297e-02,5.497099999999999903e-02,-8.749360000000000470e-01,-6.211900000000000199e-01,4.035409999999999831e-01,-2.357700000000000073e-02,4.205360000000000209e-01,1.032079999999999942e-01,-2.617999999999999772e-01,-3.808159999999999878e-01,-3.167229999999999768e-01,-1.775509999999999866e-01,7.788159999999999528e-01,-4.428039999999999754e-01,2.617999999999999772e-01,2.026260000000000006e-01,5.858499999999999819e-02,1.388449999999999962e-01,-3.212849999999999873e-01,4.186469999999999914e-01,-4.011410000000000253e-01,-1.255700000000000045e-02,-7.607800000000000673e-02,-7.518999999999999642e-03,1.824969999999999926e-01,-3.269980000000000109e-01,-3.341290000000000093e-01,4.658019999999999938e-01,-4.329509999999999748e-01,1.478559999999999874e-01,9.954699999999999660e-02,-1.121769999999999989e-01
-1.602359999999999896e-01,6.994460000000000122e-01,7.367420000000000080e-01,4.825340000000000185e-01,4.906300000000000244e-02,5.550100000000000172e-02,-8.727390000000000425e-01,-6.223819999999999908e-01,4.004090000000000149e-01,-2.662700000000000136e-02,4.114889999999999937e-01,1.090750000000000053e-01,-2.617999999999999772e-01,-3.787610000000000143e-01,-3.203920000000000101e-01,-1.892010000000000081e-01,7.819639999999999924e-01,-4.462180000000000035e-01,2.617999999999999772e-01,2.142330000000000068e-01,5.422899999999999943e-02,1.380039999999999878e-01,-3.336359999999999881e-01,4.369279999999999831e-01,-4.165130000000000221e-01,2.437599999999999836e-02,-7.925599999999999312e-02,-9.466000000000000456e-03,1.849069999999999880e-01,-3.643830000000000124e-01,-3.553649999999999864e-01,4.859870000000000023e-01,-4.346079999999999943e-01,1.524369999999999892e-01,1.027799999999999964e-01,-1.137849999999999973e-01
-1.618630000000000069e-01,6.999319999999999986e-01,7.365450000000000053e-01,4.863879999999999870e-01,5.002000000000000196e-02,5.602900000000000241e-02,-8.705089999999999772e-01,-6.239740000000000286e-01,3.971790000000000043e-01,-2.966600000000000140e-02,4.027000000000000024e-01,1.149010000000000031e-01,-2.617999999999999772e-01,-3.770720000000000183e-01,-3.242610000000000214e-01,-2.007529999999999870e-01,7.855590000000000073e-01,-4.498550000000000049e-01,2.617999999999999772e-01,2.257379999999999942e-01,4.958400000000000307e-02,1.371549999999999991e-01,-3.464960000000000262e-01,4.554579999999999740e-01,-4.321349999999999913e-01,6.163799999999999835e-02,-8.243899999999999839e-02,-1.158400000000000055e-02,1.872949999999999893e-01,-4.024519999999999764e-01,-3.763210000000000166e-01,5.067030000000000145e-01,-4.362260000000000026e-01,1.571889999999999954e-01,1.059940000000000049e-01,-1.155159999999999937e-01
-1.598080000000000056e-01,7.012530000000000152e-01,7.355679999999999996e-01,4.857190000000000119e-01,5.156899999999999679e-02,5.482100000000000167e-02,-8.708690000000000042e-01,-6.299400000000000555e-01,3.916700000000000181e-01,-3.070700000000000165e-02,4.074800000000000089e-01,1.124480000000000063e-01,-2.617999999999999772e-01,-3.909969999999999835e-01,-3.302840000000000220e-01,-1.946599999999999997e-01,7.987940000000000040e-01,-4.487659999999999982e-01,2.617999999999999772e-01,2.340029999999999888e-01,4.831699999999999884e-02,1.390969999999999984e-01,-3.517410000000000259e-01,4.624070000000000125e-01,-4.501240000000000241e-01,1.143180000000000029e-01,-8.815900000000000125e-02,-1.104300000000000073e-02,1.924269999999999869e-01,-4.638539999999999885e-01,-3.990639999999999743e-01,5.332679999999999643e-01,-4.304009999999999780e-01,1.617010000000000114e-01,1.109910000000000063e-01,-1.101120000000000015e-01
-1.577830000000000066e-01,7.027280000000000193e-01,7.342990000000000350e-01,4.849260000000000237e-01,5.363199999999999912e-02,5.366599999999999843e-02,-8.712579999999999769e-01,-6.380160000000000275e-01,3.859009999999999940e-01,-3.172300000000000120e-02,4.139709999999999779e-01,1.094429999999999986e-01,-2.617999999999999772e-01,-4.076060000000000239e-01,-3.368189999999999795e-01,-1.876639999999999975e-01,8.142850000000000366e-01,-4.484429999999999805e-01,2.617999999999999772e-01,2.416240000000000054e-01,4.712100000000000316e-02,1.407629999999999992e-01,-3.567910000000000248e-01,4.673399999999999777e-01,-4.657959999999999878e-01,1.685840000000000116e-01,-9.336099999999999954e-02,-1.117300000000000064e-02,1.969700000000000062e-01,-5.270730000000000137e-01,-4.202529999999999877e-01,5.603719999999999812e-01,-4.209800000000000209e-01,1.660530000000000062e-01,1.149600000000000066e-01,-1.042899999999999938e-01
-1.557610000000000106e-01,7.042289999999999939e-01,7.329820000000000224e-01,4.841500000000000248e-01,5.586900000000000199e-02,5.255900000000000155e-02,-8.716159999999999464e-01,-6.467060000000000031e-01,3.799939999999999984e-01,-3.275900000000000339e-02,4.207540000000000169e-01,1.063820000000000043e-01,-2.617999999999999772e-01,-4.248999999999999999e-01,-3.434099999999999930e-01,-1.804890000000000105e-01,8.301939999999999875e-01,-4.482729999999999770e-01,2.617999999999999772e-01,2.489899999999999891e-01,4.588500000000000217e-02,1.421840000000000048e-01,-3.607739999999999836e-01,4.705639999999999823e-01,-4.797980000000000023e-01,2.234690000000000010e-01,-9.807100000000000539e-02,-1.144000000000000052e-02,2.006769999999999943e-01,-5.897069999999999812e-01,-4.395240000000000258e-01,5.867569999999999730e-01,-4.094630000000000214e-01,1.696979999999999877e-01,1.182700000000000001e-01,-9.809800000000000464e-02
-1.511579999999999868e-01,7.064780000000000504e-01,7.316510000000000513e-01,4.802679999999999727e-01,5.832699999999999690e-02,5.167999999999999677e-02,-8.736530000000000129e-01,-6.575710000000000166e-01,3.762210000000000276e-01,-3.101200000000000137e-02,4.314709999999999934e-01,1.027450000000000030e-01,-2.617999999999999772e-01,-4.488599999999999812e-01,-3.473100000000000076e-01,-1.657839999999999869e-01,8.417649999999999855e-01,-4.430129999999999901e-01,2.617999999999999772e-01,2.497479999999999978e-01,5.098599999999999660e-02,1.455829999999999902e-01,-3.626440000000000219e-01,4.766719999999999846e-01,-4.919000000000000039e-01,2.437999999999999889e-01,-9.984200000000000019e-02,-1.503600000000000075e-02,2.030240000000000100e-01,-6.419010000000000549e-01,-4.582269999999999954e-01,6.132619999999999738e-01,-3.969019999999999770e-01,1.731020000000000059e-01,1.209689999999999932e-01,-8.620999999999999497e-02
-1.465980000000000061e-01,7.086470000000000269e-01,7.303880000000000372e-01,4.759079999999999977e-01,6.093500000000000305e-02,5.120399999999999952e-02,-8.758860000000000534e-01,-6.692770000000000108e-01,3.732539999999999747e-01,-2.953300000000000022e-02,4.422499999999999765e-01,9.887200000000000155e-02,-2.617999999999999772e-01,-4.731420000000000070e-01,-3.496750000000000136e-01,-1.511409999999999976e-01,8.523410000000000153e-01,-4.374310000000000143e-01,2.617999999999999772e-01,2.505820000000000269e-01,5.662099999999999772e-02,1.479910000000000114e-01,-3.607480000000000131e-01,4.820679999999999965e-01,-5.016150000000000331e-01,2.602809999999999846e-01,-1.009239999999999998e-01,-1.626599999999999921e-02,2.050099999999999978e-01,-6.924209999999999532e-01,-4.751759999999999873e-01,6.388660000000000450e-01,-3.830999999999999961e-01,1.753709999999999991e-01,1.232619999999999966e-01,-7.353099999999999914e-02
-1.420540000000000136e-01,7.107799999999999674e-01,7.290780000000000038e-01,4.715219999999999967e-01,6.357400000000000551e-02,5.085499999999999743e-02,-8.780879999999999797e-01,-6.812639999999999807e-01,3.705300000000000260e-01,-2.817499999999999866e-02,4.531490000000000240e-01,9.489100000000000312e-02,-2.617999999999999772e-01,-4.971610000000000196e-01,-3.515079999999999871e-01,-1.367599999999999927e-01,8.623300000000000409e-01,-4.316440000000000277e-01,2.617999999999999772e-01,2.513489999999999891e-01,6.247500000000000275e-02,1.500309999999999977e-01,-3.571610000000000062e-01,4.861960000000000170e-01,-5.097690000000000277e-01,2.761959999999999971e-01,-1.016299999999999981e-01,-1.688200000000000117e-02,2.064529999999999976e-01,-7.417059999999999764e-01,-4.904430000000000178e-01,6.635579999999999812e-01,-3.678739999999999788e-01,1.767170000000000130e-01,1.252310000000000090e-01,-6.046100000000000085e-02
-1.406699999999999895e-01,7.117130000000000400e-01,7.289189999999999836e-01,4.666319999999999912e-01,6.582200000000000550e-02,5.036700000000000205e-02,-8.805600000000000094e-01,-6.833749999999999547e-01,3.730709999999999860e-01,-2.216100000000000014e-02,4.554739999999999900e-01,9.656099999999999406e-02,-2.617999999999999772e-01,-5.121879999999999766e-01,-3.497569999999999846e-01,-1.254250000000000087e-01,8.656270000000000353e-01,-4.267299999999999982e-01,2.617999999999999772e-01,2.503420000000000090e-01,6.552499999999999991e-02,1.502350000000000074e-01,-3.473780000000000201e-01,4.940599999999999992e-01,-5.072459999999999747e-01,2.723240000000000105e-01,-1.032060000000000061e-01,-1.875699999999999937e-02,2.063889999999999891e-01,-7.622839999999999616e-01,-4.904870000000000063e-01,6.808779999999999832e-01,-3.681570000000000120e-01,1.787499999999999922e-01,1.280209999999999959e-01,-5.006900000000000239e-02
-1.393560000000000076e-01,7.125559999999999672e-01,7.289440000000000364e-01,4.617060000000000053e-01,6.780500000000000416e-02,4.985599999999999754e-02,-8.830320000000000391e-01,-6.839809999999999501e-01,3.760539999999999994e-01,-1.591800000000000159e-02,4.563360000000000194e-01,9.846000000000000585e-02,-2.617999999999999772e-01,-5.253630000000000244e-01,-3.471650000000000014e-01,-1.144789999999999974e-01,8.671010000000000106e-01,-4.215900000000000203e-01,2.617999999999999772e-01,2.492240000000000011e-01,6.793799999999999839e-02,1.499109999999999887e-01,-3.342410000000000103e-01,5.027049999999999574e-01,-5.037150000000000238e-01,2.657900000000000262e-01,-1.045240000000000058e-01,-1.933199999999999849e-02,2.059030000000000027e-01,-7.793200000000000127e-01,-4.890939999999999732e-01,6.964639999999999720e-01,-3.702599999999999780e-01,1.794489999999999974e-01,1.320199999999999985e-01,-3.943900000000000183e-02
-1.381580000000000030e-01,7.133680000000000021e-01,7.290090000000000181e-01,4.567709999999999826e-01,6.971099999999999519e-02,4.934399999999999897e-02,-8.854750000000000121e-01,-6.843150000000000066e-01,3.791599999999999970e-01,-9.693000000000000227e-03,4.569829999999999726e-01,1.004079999999999973e-01,-2.617999999999999772e-01,-5.380380000000000162e-01,-3.443780000000000174e-01,-1.036979999999999985e-01,8.681499999999999773e-01,-4.163390000000000146e-01,2.617999999999999772e-01,2.480900000000000050e-01,7.032199999999999562e-02,1.495219999999999883e-01,-3.200629999999999864e-01,5.108850000000000335e-01,-4.994219999999999771e-01,2.587900000000000200e-01,-1.057020000000000043e-01,-1.954799999999999940e-02,2.051820000000000033e-01,-7.953449999999999687e-01,-4.870530000000000137e-01,7.111269999999999536e-01,-3.721450000000000036e-01,1.796560000000000101e-01,1.361989999999999867e-01,-2.861800000000000108e-02
-1.383719999999999950e-01,7.142490000000000228e-01,7.302750000000000075e-01,4.506709999999999883e-01,6.978600000000000081e-02,5.111600000000000171e-02,-8.884889999999999732e-01,-6.775240000000000151e-01,3.918880000000000141e-01,-1.685000000000000083e-03,4.480210000000000026e-01,1.058169999999999944e-01,-2.617999999999999772e-01,-5.442700000000000315e-01,-3.291069999999999829e-01,-9.273699999999999999e-02,8.621550000000000047e-01,-4.051960000000000006e-01,2.617999999999999772e-01,2.439030000000000087e-01,7.341300000000000603e-02,1.467670000000000086e-01,-3.097320000000000073e-01,5.211799999999999766e-01,-4.895369999999999999e-01,2.360329999999999928e-01,-1.077169999999999933e-01,-1.966700000000000045e-02,2.090670000000000028e-01,-7.916419999999999568e-01,-4.872440000000000104e-01,7.150509999999999922e-01,-3.831720000000000126e-01,1.794199999999999962e-01,1.393040000000000112e-01,-2.352399999999999977e-02
-1.385599999999999887e-01,7.150050000000000017e-01,7.316420000000000146e-01,4.443779999999999952e-01,6.941999999999999560e-02,5.307300000000000212e-02,-8.915680000000000271e-01,-6.693270000000000053e-01,4.054159999999999986e-01,6.585999999999999840e-03,4.384549999999999836e-01,1.111199999999999966e-01,-2.617999999999999772e-01,-5.483679999999999666e-01,-3.127900000000000125e-01,-8.212899999999999368e-02,8.541360000000000063e-01,-3.932220000000000160e-01,2.617999999999999772e-01,2.409330000000000083e-01,7.721799999999999498e-02,1.440529999999999866e-01,-2.983370000000000188e-01,5.312900000000000400e-01,-4.801739999999999897e-01,2.117189999999999905e-01,-1.096270000000000022e-01,-1.867100000000000010e-02,2.133440000000000059e-01,-7.855830000000000313e-01,-4.881699999999999928e-01,7.176360000000000516e-01,-3.959199999999999942e-01,1.787600000000000022e-01,1.430099999999999982e-01,-1.845700000000000118e-02
-1.386419999999999875e-01,7.156630000000000491e-01,7.330560000000000409e-01,4.380279999999999729e-01,6.892800000000000316e-02,5.508300000000000002e-02,-8.946209999999999996e-01,-6.607100000000000195e-01,4.191329999999999778e-01,1.497500000000000046e-02,4.287900000000000045e-01,1.163909999999999945e-01,-2.617999999999999772e-01,-5.517849999999999699e-01,-2.962940000000000018e-01,-7.165199999999999347e-02,8.456820000000000448e-01,-3.810919999999999863e-01,2.617999999999999772e-01,2.383180000000000021e-01,8.131900000000000239e-02,1.414539999999999964e-01,-2.866290000000000227e-01,5.409720000000000084e-01,-4.707379999999999898e-01,1.871790000000000120e-01,-1.113809999999999939e-01,-1.745400000000000076e-02,2.176929999999999976e-01,-7.789329999999999865e-01,-4.892460000000000142e-01,7.197500000000000009e-01,-4.089019999999999877e-01,1.779719999999999913e-01,1.468599999999999905e-01,-1.334100000000000043e-02
-1.401749999999999940e-01,7.150710000000000122e-01,7.342999999999999527e-01,4.349199999999999733e-01,6.775399999999999479e-02,5.555299999999999822e-02,-8.961959999999999926e-01,-6.464659999999999851e-01,4.282340000000000035e-01,2.325999999999999943e-02,4.160340000000000149e-01,1.197339999999999932e-01,-2.617999999999999772e-01,-5.430350000000000454e-01,-2.912339999999999929e-01,-7.364099999999999813e-02,8.334489999999999954e-01,-3.802170000000000272e-01,2.617999999999999772e-01,2.324579999999999980e-01,8.474900000000000488e-02,1.372089999999999976e-01,-2.856639999999999735e-01,5.554379999999999873e-01,-4.580549999999999899e-01,1.564059999999999895e-01,-1.112009999999999943e-01,-1.724399999999999891e-02,2.274079999999999990e-01,-7.679280000000000550e-01,-4.918509999999999827e-01,7.101169999999999982e-01,-4.095380000000000131e-01,1.779409999999999881e-01,1.489360000000000128e-01,-1.919200000000000073e-02
-1.416620000000000101e-01,7.145209999999999617e-01,7.355660000000000531e-01,4.320169999999999844e-01,6.611400000000000610e-02,5.559599999999999959e-02,-8.977190000000000447e-01,-6.303499999999999659e-01,4.365990000000000149e-01,3.197900000000000048e-02,4.026049999999999907e-01,1.232029999999999931e-01,-2.617999999999999772e-01,-5.328060000000000018e-01,-2.867319999999999869e-01,-7.574000000000000177e-02,8.211079999999999490e-01,-3.794739999999999780e-01,2.617999999999999772e-01,2.264460000000000084e-01,8.762599999999999556e-02,1.346600000000000019e-01,-2.853559999999999985e-01,5.700969999999999649e-01,-4.459569999999999923e-01,1.255920000000000092e-01,-1.109919999999999934e-01,-1.681699999999999862e-02,2.374560000000000004e-01,-7.571639999999999482e-01,-4.941720000000000002e-01,6.996050000000000324e-01,-4.092399999999999927e-01,1.780279999999999918e-01,1.501010000000000122e-01,-2.505699999999999941e-02
-1.432519999999999905e-01,7.140379999999999505e-01,7.369189999999999907e-01,4.291329999999999867e-01,6.434099999999999542e-02,5.551199999999999884e-02,-8.992350000000000065e-01,-6.134990000000000165e-01,4.446479999999999877e-01,4.110699999999999771e-02,3.889850000000000252e-01,1.265759999999999941e-01,-2.617999999999999772e-01,-5.220369999999999733e-01,-2.824099999999999944e-01,-7.787199999999999678e-02,8.084630000000000427e-01,-3.786200000000000121e-01,2.617999999999999772e-01,2.203940000000000066e-01,9.041799999999999837e-02,1.326140000000000096e-01,-2.850770000000000248e-01,5.844740000000000490e-01,-4.338810000000000167e-01,9.477700000000000014e-02,-1.106000000000000039e-01,-1.636299999999999907e-02,2.475160000000000138e-01,-7.464079999999999604e-01,-4.964910000000000156e-01,6.889220000000000343e-01,-4.087970000000000215e-01,1.781089999999999895e-01,1.510940000000000061e-01,-3.084500000000000089e-02
-1.436330000000000107e-01,7.167489999999999695e-01,7.369839999999999725e-01,4.223819999999999797e-01,6.211099999999999954e-02,5.652499999999999886e-02,-9.025189999999999602e-01,-6.031630000000000047e-01,4.586600000000000121e-01,4.360599999999999893e-02,3.817389999999999950e-01,1.296990000000000087e-01,-2.617999999999999772e-01,-5.264910000000000423e-01,-2.707910000000000039e-01,-7.894199999999999828e-02,8.083919999999999995e-01,-3.750530000000000252e-01,2.617999999999999772e-01,2.137930000000000108e-01,9.148599999999999788e-02,1.340729999999999977e-01,-3.055899999999999728e-01,6.055180000000000007e-01,-4.329450000000000243e-01,8.165799999999999448e-02,-1.081160000000000038e-01,-1.486799999999999927e-02,2.501869999999999927e-01,-7.340449999999999475e-01,-4.976679999999999993e-01,6.858600000000000252e-01,-3.777639999999999887e-01,1.723830000000000084e-01,1.523480000000000112e-01,-3.448199999999999876e-02
-1.439769999999999939e-01,7.195329999999999782e-01,7.368869999999999587e-01,4.155539999999999790e-01,6.038700000000000317e-02,5.759999999999999842e-02,-9.057319999999999816e-01,-5.946850000000000191e-01,4.724280000000000146e-01,4.604099999999999859e-02,3.758889999999999731e-01,1.324049999999999949e-01,-2.617999999999999772e-01,-5.329059999999999908e-01,-2.595990000000000242e-01,-7.958899999999999308e-02,8.097339999999999538e-01,-3.718159999999999799e-01,2.617999999999999772e-01,2.081530000000000047e-01,9.177299999999999347e-02,1.349450000000000094e-01,-3.292129999999999779e-01,6.262619999999999854e-01,-4.338710000000000067e-01,7.170100000000000084e-02,-1.063159999999999938e-01,-1.467899999999999934e-02,2.524319999999999897e-01,-7.228120000000000100e-01,-4.982759999999999967e-01,6.820929999999999493e-01,-3.437100000000000155e-01,1.662059999999999926e-01,1.516389999999999960e-01,-3.763600000000000279e-02
-1.443270000000000108e-01,7.224939999999999696e-01,7.367620000000000280e-01,4.086919999999999997e-01,5.884600000000000247e-02,5.870600000000000124e-02,-9.088800000000000212e-01,-5.866479999999999473e-01,4.860689999999999733e-01,4.854699999999999988e-02,3.702309999999999768e-01,1.350550000000000084e-01,-2.617999999999999772e-01,-5.398300000000000320e-01,-2.485410000000000119e-01,-8.016500000000000015e-02,8.113679999999999781e-01,-3.686559999999999837e-01,2.617999999999999772e-01,2.027519999999999878e-01,9.178200000000000247e-02,1.355770000000000031e-01,-3.536239999999999939e-01,6.469240000000000546e-01,-4.356110000000000260e-01,6.239100000000000201e-02,-1.046470000000000039e-01,-1.485099999999999962e-02,2.546300000000000230e-01,-7.117379999999999818e-01,-4.989319999999999866e-01,6.782740000000000435e-01,-3.092199999999999949e-01,1.599949999999999983e-01,1.504999999999999949e-01,-4.085500000000000242e-02
-1.465539999999999898e-01,7.258970000000000145e-01,7.351529999999999454e-01,4.074070000000000191e-01,5.795000000000000151e-02,5.829499999999999960e-02,-9.095400000000000151e-01,-5.871100000000000207e-01,4.918589999999999907e-01,4.267200000000000160e-02,3.708560000000000190e-01,1.381769999999999943e-01,-2.617999999999999772e-01,-5.473099999999999632e-01,-2.388299999999999867e-01,-7.237100000000000477e-02,8.265169999999999462e-01,-3.785459999999999936e-01,2.617999999999999772e-01,1.976910000000000056e-01,8.785800000000000554e-02,1.365649999999999920e-01,-3.686099999999999932e-01,6.357030000000000181e-01,-4.325039999999999996e-01,6.195500000000000312e-02,-1.071339999999999931e-01,-1.436899999999999983e-02,2.567900000000000182e-01,-7.027609999999999690e-01,-4.993549999999999933e-01,6.629279999999999617e-01,-2.770690000000000097e-01,1.583829999999999960e-01,1.472360000000000058e-01,-5.351899999999999713e-02
-1.489270000000000038e-01,7.293500000000000538e-01,7.335040000000000449e-01,4.063359999999999750e-01,5.739299999999999957e-02,5.775099999999999678e-02,-9.100890000000000368e-01,-5.885650000000000048e-01,4.969970000000000221e-01,3.645099999999999729e-02,3.720459999999999878e-01,1.410949999999999982e-01,-2.617999999999999772e-01,-5.560669999999999780e-01,-2.296120000000000105e-01,-6.436600000000000654e-02,8.434540000000000370e-01,-3.898980000000000223e-01,2.617999999999999772e-01,1.923600000000000032e-01,8.381500000000000061e-02,1.368630000000000124e-01,-3.834859999999999935e-01,6.235089999999999799e-01,-4.292989999999999862e-01,6.190099999999999769e-02,-1.090300000000000019e-01,-1.404799999999999972e-02,2.587849999999999873e-01,-6.937170000000000281e-01,-5.008209999999999607e-01,6.480390000000000317e-01,-2.452239999999999975e-01,1.573819999999999941e-01,1.439850000000000019e-01,-6.677199999999999802e-02
-1.512479999999999936e-01,7.329059999999999464e-01,7.317500000000000115e-01,4.052950000000000164e-01,5.694199999999999956e-02,5.719899999999999984e-02,-9.106159999999999810e-01,-5.902870000000000061e-01,5.020289999999999475e-01,3.020499999999999921e-02,3.732670000000000154e-01,1.440319999999999934e-01,-2.617999999999999772e-01,-5.651080000000000547e-01,-2.204369999999999941e-01,-5.642699999999999799e-02,8.607230000000000159e-01,-4.014360000000000150e-01,2.617999999999999772e-01,1.869850000000000123e-01,7.963800000000000046e-02,1.369269999999999932e-01,-3.982899999999999774e-01,6.112919999999999465e-01,-4.259729999999999905e-01,6.189100000000000157e-02,-1.108740000000000003e-01,-1.377199999999999952e-02,2.607539999999999858e-01,-6.847480000000000233e-01,-5.025199999999999667e-01,6.332290000000000418e-01,-2.134689999999999921e-01,1.565529999999999977e-01,1.407470000000000110e-01,-8.017199999999999327e-02
-1.514020000000000088e-01,7.350809999999999844e-01,7.310809999999999809e-01,4.041529999999999845e-01,5.732099999999999695e-02,5.565400000000000208e-02,-9.111960000000000059e-01,-5.896789999999999532e-01,5.000440000000000440e-01,2.720500000000000002e-02,3.714899999999999869e-01,1.491010000000000113e-01,-2.617999999999999772e-01,-5.728959999999999608e-01,-2.178190000000000126e-01,-4.905799999999999744e-02,8.693440000000000056e-01,-4.036680000000000268e-01,2.617999999999999772e-01,1.812819999999999987e-01,7.265699999999999936e-02,1.397990000000000066e-01,-3.967809999999999948e-01,5.912469999999999670e-01,-4.339339999999999864e-01,6.147500000000000187e-02,-1.098129999999999939e-01,-1.338400000000000006e-02,2.594980000000000064e-01,-6.760720000000000063e-01,-5.018040000000000278e-01,6.283480000000000176e-01,-2.111190000000000011e-01,1.589649999999999952e-01,1.365439999999999987e-01,-8.512999999999999734e-02
-1.518249999999999877e-01,7.371820000000000039e-01,7.304819999999999647e-01,4.029639999999999889e-01,5.759399999999999936e-02,5.417099999999999693e-02,-9.117939999999999934e-01,-5.881880000000000441e-01,4.985040000000000027e-01,2.411500000000000102e-02,3.691909999999999914e-01,1.540169999999999872e-01,-2.617999999999999772e-01,-5.796540000000000026e-01,-2.148239999999999872e-01,-4.193600000000000105e-02,8.774680000000000257e-01,-4.061199999999999810e-01,2.617999999999999772e-01,1.754960000000000131e-01,6.592000000000000637e-02,1.421080000000000121e-01,-3.935810000000000142e-01,5.711889999999999468e-01,-4.412460000000000271e-01,5.997899999999999759e-02,-1.081899999999999945e-01,-1.272299999999999993e-02,2.577550000000000119e-01,-6.656929999999999792e-01,-5.015669999999999851e-01,6.235810000000000519e-01,-2.107819999999999971e-01,1.612850000000000117e-01,1.333169999999999911e-01,-9.009499999999999453e-02
-1.522090000000000110e-01,7.391539999999999777e-01,7.299229999999999885e-01,4.017640000000000100e-01,5.781499999999999834e-02,5.269499999999999879e-02,-9.123959999999999848e-01,-5.865970000000000351e-01,4.970910000000000051e-01,2.104100000000000067e-02,3.669239999999999724e-01,1.589009999999999867e-01,-2.617999999999999772e-01,-5.860980000000000079e-01,-2.116949999999999943e-01,-3.482999999999999985e-02,8.853990000000000471e-01,-4.086099999999999732e-01,2.617999999999999772e-01,1.697160000000000057e-01,5.924900000000000305e-02,1.443639999999999923e-01,-3.901249999999999996e-01,5.511500000000000288e-01,-4.485489999999999755e-01,5.826699999999999935e-02,-1.064829999999999943e-01,-1.198300000000000060e-02,2.559779999999999833e-01,-6.550920000000000076e-01,-5.013509999999999911e-01,6.188369999999999704e-01,-2.107630000000000059e-01,1.635429999999999939e-01,1.302909999999999902e-01,-9.510499999999999510e-02
-1.534750000000000003e-01,7.402069999999999483e-01,7.303659999999999597e-01,4.019710000000000227e-01,5.858499999999999819e-02,5.246300000000000269e-02,-9.122689999999999966e-01,-5.781739999999999657e-01,4.963899999999999979e-01,2.182500000000000065e-02,3.492620000000000169e-01,1.686920000000000086e-01,-2.617999999999999772e-01,-5.841480000000000006e-01,-2.115740000000000121e-01,-3.816300000000000248e-02,8.806329999999999991e-01,-4.119920000000000249e-01,2.617999999999999772e-01,1.756639999999999868e-01,6.009899999999999964e-02,1.461550000000000071e-01,-3.501310000000000255e-01,5.216089999999999893e-01,-4.415789999999999993e-01,5.738300000000000345e-02,-1.026310000000000000e-01,-1.186199999999999928e-02,2.564239999999999853e-01,-6.127310000000000256e-01,-4.842119999999999758e-01,6.053500000000000547e-01,-2.256219999999999892e-01,1.674400000000000055e-01,1.253160000000000107e-01,-1.070910000000000056e-01
-1.548589999999999967e-01,7.408909999999999663e-01,7.310579999999999856e-01,4.021000000000000130e-01,5.926200000000000218e-02,5.243300000000000044e-02,-9.121700000000000363e-01,-5.688269999999999715e-01,4.963110000000000022e-01,2.298299999999999996e-02,3.310159999999999769e-01,1.782559999999999978e-01,-2.617999999999999772e-01,-5.808130000000000237e-01,-2.110470000000000124e-01,-4.196899999999999936e-02,8.743300000000000516e-01,-4.151989999999999847e-01,2.617999999999999772e-01,1.814969999999999917e-01,6.137200000000000294e-02,1.461550000000000071e-01,-3.072690000000000143e-01,4.913680000000000270e-01,-4.354410000000000225e-01,5.445300000000000140e-02,-9.782200000000000617e-02,-1.149200000000000048e-02,2.567960000000000242e-01,-5.673259999999999970e-01,-4.665050000000000030e-01,5.930339999999999501e-01,-2.427809999999999968e-01,1.702950000000000019e-01,1.211519999999999958e-01,-1.193519999999999998e-01
-1.563640000000000030e-01,7.416070000000000162e-01,7.317820000000000435e-01,4.022169999999999912e-01,5.995199999999999835e-02,5.244399999999999756e-02,-9.120730000000000226e-01,-5.595769999999999911e-01,4.963629999999999987e-01,2.410400000000000043e-02,3.130970000000000142e-01,1.875360000000000082e-01,-2.617999999999999772e-01,-5.773070000000000146e-01,-2.104890000000000094e-01,-4.579600000000000337e-02,8.678200000000000358e-01,-4.183999999999999941e-01,2.617999999999999772e-01,1.873319999999999985e-01,6.274599999999999622e-02,1.459080000000000099e-01,-2.645950000000000246e-01,4.604579999999999784e-01,-4.304220000000000268e-01,5.110100000000000059e-02,-9.285999999999999810e-02,-1.099499999999999957e-02,2.571709999999999829e-01,-5.216539999999999511e-01,-4.484060000000000268e-01,5.814890000000000336e-01,-2.603739999999999943e-01,1.727730000000000099e-01,1.171610000000000013e-01,-1.316879999999999995e-01
-1.580719999999999903e-01,7.417700000000000404e-01,7.331830000000000291e-01,4.010610000000000008e-01,6.051900000000000335e-02,5.488900000000000029e-02,-9.124010000000000176e-01,-5.371120000000000339e-01,5.005589999999999762e-01,2.634500000000000036e-02,2.706250000000000044e-01,2.030440000000000023e-01,-2.617999999999999772e-01,-5.722840000000000149e-01,-2.016930000000000112e-01,-4.878799999999999804e-02,8.548649999999999860e-01,-4.146360000000000046e-01,2.617999999999999772e-01,1.906559999999999921e-01,7.037000000000000199e-02,1.421469999999999956e-01,-2.158470000000000111e-01,4.470839999999999814e-01,-4.281320000000000126e-01,5.745499999999999913e-02,-9.296100000000000196e-02,-1.026299999999999955e-02,2.565270000000000050e-01,-4.922309999999999741e-01,-4.448010000000000019e-01,5.762420000000000320e-01,-2.754630000000000134e-01,1.709279999999999966e-01,1.172730000000000022e-01,-1.355709999999999971e-01
-1.597880000000000134e-01,7.420799999999999619e-01,7.348470000000000280e-01,3.999679999999999902e-01,6.065099999999999658e-02,5.712199999999999916e-02,-9.127349999999999630e-01,-5.134499999999999620e-01,5.052020000000000399e-01,2.903700000000000031e-02,2.285909999999999886e-01,2.180819999999999981e-01,-2.617999999999999772e-01,-5.654280000000000417e-01,-1.928149999999999864e-01,-5.176300000000000345e-02,8.403159999999999519e-01,-4.101690000000000058e-01,2.617999999999999772e-01,1.932899999999999896e-01,7.828699999999999548e-02,1.398629999999999873e-01,-1.675200000000000022e-01,4.332909999999999817e-01,-4.256030000000000091e-01,6.435599999999999654e-02,-9.355299999999999727e-02,-1.022900000000000025e-02,2.557269999999999821e-01,-4.638829999999999898e-01,-4.407909999999999884e-01,5.716120000000000090e-01,-2.899160000000000070e-01,1.691169999999999896e-01,1.173840000000000022e-01,-1.392140000000000044e-01
-1.616579999999999961e-01,7.424690000000000456e-01,7.366939999999999600e-01,3.990090000000000026e-01,6.070699999999999708e-02,5.910300000000000276e-02,-9.130239999999999467e-01,-4.899120000000000141e-01,5.098589999999999511e-01,3.189700000000000174e-02,1.881160000000000054e-01,2.322029999999999927e-01,-2.617999999999999772e-01,-5.578990000000000338e-01,-1.842949999999999866e-01,-5.454799999999999927e-02,8.251549999999999718e-01,-4.054740000000000011e-01,2.617999999999999772e-01,1.955449999999999966e-01,8.579699999999999827e-02,1.382899999999999963e-01,-1.195630000000000026e-01,4.191050000000000053e-01,-4.234399999999999831e-01,7.137599999999999500e-02,-9.409499999999999809e-02,-1.033300000000000017e-02,2.548929999999999807e-01,-4.358299999999999952e-01,-4.364529999999999799e-01,5.671079999999999455e-01,-3.042259999999999964e-01,1.671789999999999943e-01,1.174319999999999947e-01,-1.428449999999999998e-01
-1.632840000000000125e-01,7.424169999999999936e-01,7.390400000000000302e-01,4.007089999999999819e-01,5.971800000000000025e-02,6.064300000000000246e-02,-9.122440000000000548e-01,-4.863709999999999978e-01,5.145920000000000494e-01,3.854400000000000187e-02,1.834480000000000000e-01,2.441629999999999912e-01,-2.617999999999999772e-01,-5.472529999999999895e-01,-1.793939999999999979e-01,-5.920099999999999668e-02,8.123029999999999973e-01,-3.943960000000000243e-01,2.617999999999999772e-01,1.957010000000000138e-01,9.402699999999999947e-02,1.392700000000000049e-01,-9.326600000000000168e-02,4.052439999999999931e-01,-4.160329999999999862e-01,6.362700000000000300e-02,-9.933599999999999375e-02,-1.154699999999999997e-02,2.564440000000000053e-01,-4.070799999999999974e-01,-4.258319999999999883e-01,5.573679999999999746e-01,-3.272530000000000161e-01,1.667520000000000113e-01,1.164110000000000006e-01,-1.492610000000000048e-01
-1.648880000000000068e-01,7.423779999999999824e-01,7.412670000000000092e-01,4.023740000000000094e-01,5.899100000000000177e-02,6.237999999999999795e-02,-9.114409999999999457e-01,-4.851670000000000149e-01,5.193820000000000103e-01,4.426999999999999685e-02,1.812610000000000054e-01,2.551950000000000052e-01,-2.617999999999999772e-01,-5.375569999999999515e-01,-1.742779999999999885e-01,-6.376999999999999336e-02,7.993639999999999635e-01,-3.829940000000000011e-01,2.617999999999999772e-01,1.963600000000000068e-01,1.021449999999999997e-01,1.405540000000000123e-01,-6.855799999999999395e-02,3.916870000000000074e-01,-4.089840000000000142e-01,5.562899999999999789e-02,-1.052000000000000018e-01,-1.200799999999999958e-02,2.581269999999999953e-01,-3.788199999999999901e-01,-4.151810000000000223e-01,5.471489999999999965e-01,-3.511810000000000209e-01,1.661090000000000066e-01,1.160110000000000030e-01,-1.557739999999999958e-01
-1.663209999999999966e-01,7.423349999999999671e-01,7.436220000000000052e-01,4.040560000000000263e-01,5.854999999999999788e-02,6.408500000000000307e-02,-9.106060000000000265e-01,-4.845329999999999915e-01,5.236629999999999896e-01,5.009799999999999670e-02,1.788859999999999895e-01,2.666529999999999734e-01,-2.616970000000000129e-01,-5.284280000000000088e-01,-1.694070000000000020e-01,-6.812300000000000300e-02,7.859110000000000262e-01,-3.710840000000000249e-01,2.617999999999999772e-01,1.970359999999999889e-01,1.098760000000000014e-01,1.416090000000000126e-01,-4.434699999999999753e-02,3.779609999999999914e-01,-4.022640000000000104e-01,4.771199999999999747e-02,-1.111179999999999946e-01,-1.236899999999999979e-02,2.598960000000000159e-01,-3.506679999999999797e-01,-4.043499999999999872e-01,5.371000000000000218e-01,-3.752889999999999837e-01,1.652540000000000120e-01,1.157389999999999947e-01,-1.622260000000000091e-01
-1.672609999999999930e-01,7.455089999999999772e-01,7.442060000000000342e-01,4.087040000000000117e-01,5.614299999999999846e-02,6.864299999999999569e-02,-9.083480000000000443e-01,-4.901639999999999886e-01,5.315360000000000085e-01,4.982000000000000317e-02,1.905040000000000067e-01,2.429979999999999918e-01,-2.617780000000000107e-01,-5.251200000000000312e-01,-1.699940000000000062e-01,-5.621199999999999808e-02,7.872270000000000101e-01,-3.723580000000000223e-01,2.617999999999999772e-01,1.911460000000000103e-01,1.261619999999999964e-01,1.392339999999999967e-01,-5.111999999999999877e-02,3.904759999999999898e-01,-4.002950000000000119e-01,4.536599999999999661e-02,-1.112469999999999987e-01,-1.228199999999999951e-02,2.631020000000000025e-01,-3.373120000000000007e-01,-3.912109999999999754e-01,5.333579999999999988e-01,-4.005389999999999784e-01,1.637939999999999952e-01,1.144799999999999984e-01,-1.701969999999999872e-01
-1.682720000000000049e-01,7.488150000000000084e-01,7.446519999999999806e-01,4.135530000000000039e-01,5.390199999999999853e-02,7.278500000000000247e-02,-9.059639999999999915e-01,-4.980269999999999975e-01,5.383689999999999864e-01,4.848700000000000232e-02,2.054509999999999947e-01,2.178599999999999981e-01,-2.617970000000000019e-01,-5.234659999999999869e-01,-1.717390000000000028e-01,-4.405400000000000288e-02,7.916860000000000008e-01,-3.750640000000000085e-01,2.617999999999999772e-01,1.848400000000000043e-01,1.407370000000000010e-01,1.388119999999999910e-01,-6.156400000000000067e-02,4.038439999999999808e-01,-3.981339999999999879e-01,4.571200000000000263e-02,-1.124070000000000069e-01,-1.302400000000000085e-02,2.663380000000000192e-01,-3.263769999999999727e-01,-3.770009999999999750e-01,5.291609999999999925e-01,-4.249859999999999749e-01,1.623610000000000053e-01,1.132650000000000046e-01,-1.785110000000000030e-01
-1.693939999999999890e-01,7.521409999999999485e-01,7.452999999999999625e-01,4.184860000000000246e-01,5.171100000000000002e-02,7.678899999999999615e-02,-9.034919999999999618e-01,-5.060759999999999703e-01,5.447859999999999925e-01,4.704400000000000248e-02,2.205320000000000058e-01,1.926529999999999909e-01,-2.617999999999999772e-01,-5.221569999999999823e-01,-1.739050000000000040e-01,-3.203099999999999697e-02,7.970800000000000107e-01,-3.782369999999999899e-01,2.617999999999999772e-01,1.783089999999999953e-01,1.548750000000000127e-01,1.387839999999999907e-01,-7.269100000000000561e-02,4.173049999999999815e-01,-3.960469999999999824e-01,4.678100000000000314e-02,-1.137480000000000019e-01,-1.414400000000000032e-02,2.695139999999999758e-01,-3.158679999999999821e-01,-3.624379999999999824e-01,5.250340000000000007e-01,-4.491439999999999877e-01,1.607800000000000062e-01,1.119860000000000022e-01,-1.867280000000000051e-01
-1.672170000000000045e-01,7.583360000000000101e-01,7.446260000000000101e-01,4.218299999999999828e-01,5.035400000000000292e-02,7.916800000000000226e-02,-9.018070000000000253e-01,-5.321329999999999671e-01,5.433480000000000532e-01,2.828599999999999864e-02,2.479079999999999895e-01,1.844590000000000118e-01,-2.617999999999999772e-01,-5.237779999999999658e-01,-1.751260000000000039e-01,-1.812899999999999928e-02,7.935740000000000016e-01,-3.777769999999999739e-01,2.617999999999999772e-01,1.721409999999999885e-01,1.656529999999999947e-01,1.431080000000000130e-01,-1.082990000000000064e-01,4.328879999999999950e-01,-3.902200000000000113e-01,6.872999999999999943e-02,-1.158190000000000053e-01,-1.428399999999999982e-02,2.757450000000000179e-01,-3.102960000000000163e-01,-3.528589999999999782e-01,5.382580000000000142e-01,-4.570589999999999931e-01,1.585459999999999925e-01,1.128439999999999999e-01,-1.841359999999999941e-01
-1.653920000000000112e-01,7.647549999999999626e-01,7.440299999999999692e-01,4.262389999999999790e-01,4.956399999999999695e-02,8.069099999999999884e-02,-8.996399999999999952e-01,-5.612719999999999931e-01,5.383729999999999905e-01,7.505000000000000386e-03,2.798039999999999972e-01,1.739529999999999965e-01,-2.617999999999999772e-01,-5.268669999999999742e-01,-1.794060000000000099e-01,-4.674000000000000203e-03,7.939410000000000078e-01,-3.797559999999999825e-01,2.617999999999999772e-01,1.626499999999999890e-01,1.747009999999999952e-01,1.500950000000000062e-01,-1.510080000000000033e-01,4.470999999999999974e-01,-3.838349999999999818e-01,9.926599999999999313e-02,-1.194970000000000060e-01,-1.777700000000000113e-02,2.814809999999999812e-01,-3.084089999999999887e-01,-3.437330000000000108e-01,5.519669999999999854e-01,-4.638109999999999733e-01,1.566639999999999977e-01,1.130540000000000017e-01,-1.815239999999999909e-01
-1.638999999999999901e-01,7.705269999999999619e-01,7.442889999999999784e-01,4.304609999999999825e-01,4.846500000000000113e-02,8.247699999999999476e-02,-8.975260000000000460e-01,-5.861340000000000439e-01,5.338349999999999485e-01,-1.107799999999999931e-02,3.074339999999999851e-01,1.644639999999999991e-01,-2.617999999999999772e-01,-5.259559999999999791e-01,-1.828539999999999888e-01,7.868999999999999259e-03,7.882369999999999655e-01,-3.791720000000000090e-01,2.617999999999999772e-01,1.538059999999999983e-01,1.848480000000000123e-01,1.553489999999999871e-01,-1.897580000000000100e-01,4.611669999999999936e-01,-3.784299999999999886e-01,1.270040000000000058e-01,-1.222629999999999967e-01,-2.097399999999999959e-02,2.870349999999999846e-01,-3.048799999999999844e-01,-3.342899999999999761e-01,5.659250000000000114e-01,-4.690280000000000005e-01,1.547099999999999864e-01,1.124320000000000042e-01,-1.784060000000000090e-01
-1.647349999999999925e-01,7.743700000000000028e-01,7.414760000000000240e-01,4.322909999999999808e-01,4.737600000000000144e-02,8.046200000000000574e-02,-8.968869999999999898e-01,-5.948309999999999986e-01,5.296769999999999534e-01,-2.722600000000000020e-02,3.123600000000000265e-01,1.751459999999999961e-01,-2.617999999999999772e-01,-5.300329999999999764e-01,-1.877830000000000055e-01,1.064999999999999974e-02,8.018889999999999629e-01,-3.868789999999999729e-01,2.617999999999999772e-01,1.507380000000000109e-01,1.855060000000000042e-01,1.542630000000000112e-01,-2.274410000000000043e-01,4.739840000000000164e-01,-3.764560000000000128e-01,1.638989999999999891e-01,-1.270169999999999910e-01,-2.604499999999999871e-02,2.855480000000000240e-01,-3.386290000000000133e-01,-3.406950000000000256e-01,5.590209999999999901e-01,-4.409529999999999839e-01,1.528190000000000104e-01,1.143770000000000064e-01,-1.810130000000000072e-01
-1.656449999999999867e-01,7.784919999999999618e-01,7.387559999999999683e-01,4.342650000000000121e-01,4.622600000000000320e-02,7.794500000000000040e-02,-8.962149999999999839e-01,-6.022030000000000438e-01,5.247709999999999875e-01,-4.249700000000000005e-02,3.163659999999999806e-01,1.865600000000000036e-01,-2.617999999999999772e-01,-5.343769999999999909e-01,-1.934980000000000033e-01,1.401200000000000015e-02,8.167879999999999585e-01,-3.950830000000000175e-01,2.617999999999999772e-01,1.476609999999999867e-01,1.851959999999999995e-01,1.549480000000000024e-01,-2.672149999999999803e-01,4.866590000000000082e-01,-3.749469999999999748e-01,2.018610000000000126e-01,-1.318189999999999917e-01,-3.157599999999999990e-02,2.836799999999999877e-01,-3.754419999999999980e-01,-3.463419999999999832e-01,5.512679999999999803e-01,-4.090409999999999879e-01,1.519919999999999882e-01,1.141899999999999998e-01,-1.832060000000000077e-01
-1.665780000000000038e-01,7.825069999999999526e-01,7.361069999999999558e-01,4.362420000000000186e-01,4.499199999999999727e-02,7.531599999999999406e-02,-8.955419999999999492e-01,-6.089970000000000105e-01,5.198420000000000263e-01,-5.740499999999999770e-02,3.203940000000000121e-01,1.978880000000000083e-01,-2.617999999999999772e-01,-5.383280000000000287e-01,-1.992990000000000039e-01,1.751499999999999932e-02,8.314840000000000009e-01,-4.032720000000000193e-01,2.617999999999999772e-01,1.445089999999999986e-01,1.847310000000000063e-01,1.561230000000000118e-01,-3.073339999999999961e-01,4.991289999999999893e-01,-3.736309999999999909e-01,2.399840000000000029e-01,-1.365389999999999937e-01,-3.717800000000000271e-02,2.816250000000000142e-01,-4.126929999999999765e-01,-3.517989999999999728e-01,5.435910000000000464e-01,-3.765850000000000031e-01,1.512789999999999968e-01,1.135869999999999935e-01,-1.853130000000000055e-01
-1.669350000000000001e-01,7.870719999999999938e-01,7.337900000000000533e-01,4.335519999999999929e-01,4.549099999999999672e-02,7.272499999999999798e-02,-8.970359999999999445e-01,-6.022499999999999520e-01,5.216490000000000293e-01,-5.400900000000000145e-02,3.037529999999999952e-01,2.146299999999999875e-01,-2.617999999999999772e-01,-5.509920000000000373e-01,-1.992470000000000074e-01,1.466499999999999922e-02,8.428139999999999521e-01,-4.026210000000000067e-01,2.617999999999999772e-01,1.487169999999999881e-01,1.808099999999999985e-01,1.551829999999999876e-01,-3.233770000000000255e-01,5.125520000000000076e-01,-3.906149999999999900e-01,2.291970000000000118e-01,-1.380899999999999905e-01,-4.161399999999999821e-02,2.694849999999999746e-01,-4.471300000000000274e-01,-3.591190000000000215e-01,5.481399999999999606e-01,-3.559289999999999954e-01,1.531089999999999951e-01,1.124610000000000054e-01,-1.790529999999999899e-01
-1.675570000000000115e-01,7.914130000000000331e-01,7.316639999999999810e-01,4.308000000000000163e-01,4.637299999999999756e-02,7.012100000000000277e-02,-8.985229999999999606e-01,-5.955040000000000333e-01,5.231500000000000039e-01,-5.002299999999999802e-02,2.868020000000000014e-01,2.312710000000000043e-01,-2.617999999999999772e-01,-5.640570000000000306e-01,-1.993620000000000114e-01,1.203599999999999982e-02,8.536179999999999879e-01,-4.018950000000000022e-01,2.617999999999999772e-01,1.529729999999999979e-01,1.762710000000000110e-01,1.523380000000000012e-01,-3.353169999999999762e-01,5.267579999999999485e-01,-4.074740000000000029e-01,2.130690000000000084e-01,-1.392230000000000134e-01,-4.291099999999999776e-02,2.580419999999999936e-01,-4.793510000000000271e-01,-3.660760000000000125e-01,5.531570000000000098e-01,-3.364610000000000101e-01,1.546190000000000064e-01,1.118460000000000010e-01,-1.726560000000000039e-01
-1.681799999999999962e-01,7.956830000000000291e-01,7.295899999999999608e-01,4.280950000000000033e-01,4.738300000000000151e-02,6.740699999999999470e-02,-8.999700000000000477e-01,-5.890720000000000400e-01,5.242029999999999745e-01,-4.607800000000000090e-02,2.703949999999999965e-01,2.475710000000000133e-01,-2.617999999999999772e-01,-5.773449999999999971e-01,-1.996979999999999866e-01,9.542000000000000134e-03,8.644960000000000422e-01,-4.012279999999999736e-01,2.617999999999999772e-01,1.570380000000000109e-01,1.713800000000000046e-01,1.491329999999999878e-01,-3.465670000000000139e-01,5.411909999999999776e-01,-4.242940000000000045e-01,1.961320000000000008e-01,-1.404600000000000015e-01,-4.365499999999999936e-02,2.466800000000000104e-01,-5.110059999999999603e-01,-3.726209999999999800e-01,5.583679999999999755e-01,-3.171140000000000070e-01,1.558710000000000095e-01,1.113350000000000034e-01,-1.661650000000000071e-01
-1.732630000000000003e-01,7.982669999999999488e-01,7.289759999999999573e-01,4.249709999999999877e-01,4.689900000000000319e-02,6.784900000000000653e-02,-9.014419999999999655e-01,-5.630209999999999937e-01,5.396269999999999678e-01,-3.544100000000000028e-02,2.287939999999999974e-01,2.802749999999999964e-01,-2.617999999999999772e-01,-5.757309999999999928e-01,-1.877240000000000020e-01,5.320000000000000076e-03,8.643610000000000460e-01,-4.049369999999999914e-01,2.617999999999999772e-01,1.663459999999999939e-01,1.711100000000000121e-01,1.387750000000000095e-01,-3.297149999999999803e-01,5.458579999999999544e-01,-4.294270000000000032e-01,1.796760000000000024e-01,-1.383909999999999862e-01,-4.424100000000000255e-02,2.426369999999999916e-01,-5.154769999999999630e-01,-3.754480000000000040e-01,5.674909999999999677e-01,-3.223489999999999966e-01,1.567340000000000122e-01,1.095620000000000066e-01,-1.579939999999999956e-01
-1.788069999999999937e-01,8.007880000000000553e-01,7.289090000000000291e-01,4.224740000000000162e-01,4.602599999999999747e-02,6.687200000000000089e-02,-9.027319999999999789e-01,-5.336499999999999577e-01,5.517840000000000522e-01,-2.293900000000000106e-02,1.877530000000000032e-01,3.115530000000000244e-01,-2.617999999999999772e-01,-5.713789999999999702e-01,-1.782690000000000108e-01,1.482999999999999943e-03,8.646979999999999666e-01,-4.100960000000000161e-01,2.617999999999999772e-01,1.736999999999999933e-01,1.692740000000000078e-01,1.292679999999999940e-01,-3.081070000000000197e-01,5.502510000000000456e-01,-4.335479999999999889e-01,1.596130000000000049e-01,-1.353119999999999878e-01,-4.389400000000000246e-02,2.388859999999999872e-01,-5.157089999999999730e-01,-3.792840000000000100e-01,5.772570000000000201e-01,-3.313189999999999746e-01,1.574039999999999884e-01,1.090840000000000004e-01,-1.500950000000000062e-01
-1.846490000000000076e-01,8.032340000000000035e-01,7.292130000000000001e-01,4.202250000000000152e-01,4.514499999999999763e-02,6.531800000000000106e-02,-9.039399999999999658e-01,-5.034690000000000554e-01,5.618429999999999813e-01,-9.499999999999999764e-03,1.473550000000000137e-01,3.419630000000000170e-01,-2.617999999999999772e-01,-5.657280000000000086e-01,-1.699670000000000070e-01,-2.409999999999999816e-03,8.638869999999999605e-01,-4.149729999999999808e-01,2.617999999999999772e-01,1.801590000000000136e-01,1.664390000000000036e-01,1.204360000000000014e-01,-2.852430000000000243e-01,5.544790000000000552e-01,-4.370069999999999788e-01,1.387780000000000125e-01,-1.319019999999999915e-01,-4.326499999999999790e-02,2.354680000000000106e-01,-5.150510000000000366e-01,-3.827809999999999824e-01,5.869680000000000453e-01,-3.411580000000000168e-01,1.578620000000000023e-01,1.094849999999999990e-01,-1.425059999999999938e-01
-1.938960000000000128e-01,8.082270000000000287e-01,7.334840000000000249e-01,4.171880000000000033e-01,4.625699999999999951e-02,6.280499999999999972e-02,-9.054670000000000218e-01,-4.876159999999999939e-01,5.670049999999999812e-01,1.311299999999999966e-02,1.442890000000000006e-01,3.500400000000000178e-01,-2.617999999999999772e-01,-5.533179999999999765e-01,-1.606519999999999893e-01,-1.050099999999999992e-02,8.439879999999999605e-01,-4.106810000000000183e-01,2.617999999999999772e-01,1.919309999999999905e-01,1.554899999999999893e-01,1.171800000000000064e-01,-2.462670000000000137e-01,5.436480000000000201e-01,-4.282259999999999955e-01,9.936200000000000587e-02,-1.317099999999999937e-01,-4.306700000000000111e-02,2.350440000000000029e-01,-5.022980000000000222e-01,-3.781329999999999969e-01,5.924570000000000114e-01,-3.595809999999999840e-01,1.568360000000000032e-01,1.078889999999999988e-01,-1.382549999999999890e-01
-2.033310000000000117e-01,8.126109999999999722e-01,7.380269999999999886e-01,4.136520000000000197e-01,4.736100000000000032e-02,6.104799999999999810e-02,-9.071500000000000119e-01,-4.721730000000000094e-01,5.737210000000000365e-01,3.566600000000000326e-02,1.436149999999999927e-01,3.557279999999999887e-01,-2.617999999999999772e-01,-5.392850000000000144e-01,-1.496500000000000052e-01,-1.921399999999999844e-02,8.210669999999999913e-01,-4.056379999999999986e-01,2.617999999999999772e-01,2.041840000000000044e-01,1.457660000000000067e-01,1.119590000000000030e-01,-2.030109999999999970e-01,5.322080000000000144e-01,-4.180400000000000227e-01,5.644099999999999812e-02,-1.304279999999999884e-01,-4.123000000000000276e-02,2.350109999999999977e-01,-4.868370000000000197e-01,-3.728210000000000135e-01,5.981090000000000018e-01,-3.793030000000000013e-01,1.550219999999999931e-01,1.073039999999999966e-01,-1.341640000000000055e-01
-2.130879999999999996e-01,8.164379999999999971e-01,7.426880000000000148e-01,4.098550000000000249e-01,4.824900000000000022e-02,5.958700000000000108e-02,-9.089230000000000365e-01,-4.555839999999999890e-01,5.811300000000000354e-01,5.868999999999999911e-02,1.438020000000000131e-01,3.600200000000000067e-01,-2.617999999999999772e-01,-5.234220000000000539e-01,-1.378240000000000021e-01,-2.815600000000000047e-02,7.961949999999999861e-01,-4.003079999999999972e-01,2.617999999999999772e-01,2.168210000000000137e-01,1.367760000000000087e-01,1.061109999999999970e-01,-1.582040000000000113e-01,5.195100000000000273e-01,-4.068700000000000094e-01,1.310900000000000086e-02,-1.285489999999999966e-01,-3.892000000000000320e-02,2.345029999999999892e-01,-4.697069999999999856e-01,-3.667119999999999824e-01,6.029200000000000115e-01,-3.984159999999999924e-01,1.527669999999999861e-01,1.067229999999999984e-01,-1.297399999999999942e-01
-2.196599999999999941e-01,8.203869999999999774e-01,7.492999999999999661e-01,4.160690000000000222e-01,4.959800000000000320e-02,5.616899999999999671e-02,-9.062400000000000455e-01,-4.541680000000000161e-01,5.562730000000000175e-01,7.115399999999999503e-02,1.909579999999999889e-01,3.008120000000000238e-01,-2.617599999999999927e-01,-5.003929999999999767e-01,-1.406979999999999897e-01,-3.640899999999999692e-02,7.623410000000000464e-01,-3.810999999999999943e-01,2.617999999999999772e-01,2.059940000000000104e-01,1.280920000000000114e-01,1.050520000000000065e-01,-1.185400000000000065e-01,4.989140000000000241e-01,-4.141440000000000121e-01,-1.964099999999999874e-02,-1.253499999999999892e-01,-3.523899999999999949e-02,2.279980000000000062e-01,-4.378739999999999855e-01,-3.664569999999999772e-01,5.935829999999999718e-01,-4.003619999999999957e-01,1.500569999999999959e-01,1.068329999999999974e-01,-1.284420000000000006e-01
-2.229250000000000120e-01,8.250669999999999948e-01,7.566739999999999577e-01,4.234430000000000138e-01,5.298699999999999938e-02,5.097999999999999754e-02,-9.029340000000000144e-01,-4.619469999999999965e-01,5.197659999999999503e-01,8.741400000000000559e-02,2.431500000000000050e-01,2.421689999999999954e-01,-2.494750000000000023e-01,-4.821699999999999875e-01,-1.509810000000000041e-01,-4.315100000000000185e-02,7.240640000000000409e-01,-3.548350000000000115e-01,2.617999999999999772e-01,1.929960000000000009e-01,1.175080000000000013e-01,1.058069999999999983e-01,-8.329799999999999705e-02,4.735790000000000277e-01,-4.211010000000000031e-01,-5.013900000000000301e-02,-1.216259999999999980e-01,-3.171999999999999820e-02,2.211450000000000082e-01,-4.076080000000000259e-01,-3.688600000000000212e-01,5.813310000000000421e-01,-4.003539999999999877e-01,1.472249999999999948e-01,1.056710000000000010e-01,-1.259319999999999884e-01
-2.256759999999999877e-01,8.297109999999999763e-01,7.638719999999999954e-01,4.308739999999999792e-01,5.701900000000000024e-02,4.528399999999999787e-02,-8.994699999999999918e-01,-4.727029999999999843e-01,4.813660000000000161e-01,1.045419999999999960e-01,2.991409999999999902e-01,1.818400000000000016e-01,-2.354340000000000044e-01,-4.654659999999999909e-01,-1.628269999999999995e-01,-4.959199999999999720e-02,6.867699999999999916e-01,-3.286399999999999877e-01,2.617999999999999772e-01,1.798410000000000009e-01,1.058869999999999950e-01,1.064869999999999983e-01,-4.885400000000000159e-02,4.466350000000000042e-01,-4.272630000000000039e-01,-7.930299999999999849e-02,-1.176259999999999944e-01,-2.828599999999999864e-02,2.134550000000000058e-01,-3.770890000000000075e-01,-3.707409999999999872e-01,5.670809999999999462e-01,-3.987680000000000113e-01,1.442749999999999866e-01,1.040630000000000027e-01,-1.228489999999999999e-01
-2.314900000000000013e-01,8.393300000000000205e-01,7.650400000000000533e-01,4.369910000000000183e-01,5.576699999999999713e-02,4.992800000000000016e-02,-8.963459999999999761e-01,-4.894069999999999809e-01,4.872529999999999917e-01,1.076519999999999977e-01,3.438100000000000045e-01,1.427599999999999980e-01,-2.418690000000000007e-01,-4.552990000000000093e-01,-1.563269999999999937e-01,-5.027000000000000218e-02,6.833810000000000162e-01,-3.383999999999999786e-01,2.617999999999999772e-01,1.671739999999999893e-01,1.084220000000000045e-01,1.097510000000000013e-01,-4.110699999999999771e-02,4.162139999999999729e-01,-4.271539999999999782e-01,-1.014049999999999951e-01,-1.115840000000000026e-01,-2.440799999999999914e-02,2.093109999999999971e-01,-3.391640000000000210e-01,-3.549089999999999745e-01,5.492500000000000160e-01,-4.149630000000000263e-01,1.420359999999999956e-01,1.000769999999999993e-01,-1.222479999999999956e-01
-2.373190000000000022e-01,8.488590000000000302e-01,7.662660000000000027e-01,4.431510000000000171e-01,5.450800000000000090e-02,5.434200000000000141e-02,-8.931369999999999587e-01,-5.080489999999999728e-01,4.929259999999999753e-01,1.101300000000000057e-01,3.916680000000000161e-01,1.023030000000000050e-01,-2.480970000000000120e-01,-4.456919999999999771e-01,-1.502300000000000024e-01,-5.062400000000000233e-02,6.811080000000000467e-01,-3.486210000000000142e-01,2.617999999999999772e-01,1.552290000000000059e-01,1.107699999999999935e-01,1.138850000000000001e-01,-3.492100000000000065e-02,3.846870000000000012e-01,-4.269290000000000029e-01,-1.215139999999999970e-01,-1.056789999999999952e-01,-2.101099999999999843e-02,2.046169999999999933e-01,-3.004620000000000068e-01,-3.388280000000000181e-01,5.300040000000000306e-01,-4.319549999999999779e-01,1.392369999999999997e-01,9.702600000000000113e-02,-1.214660000000000045e-01
-2.432840000000000003e-01,8.584509999999999641e-01,7.676359999999999850e-01,4.493389999999999884e-01,5.351600000000000107e-02,5.847200000000000314e-02,-8.898380000000000178e-01,-5.278059999999999974e-01,4.978600000000000247e-01,1.128890000000000032e-01,4.404669999999999974e-01,6.173599999999999921e-02,-2.538569999999999993e-01,-4.365269999999999984e-01,-1.448639999999999928e-01,-5.058200000000000196e-02,6.785029999999999673e-01,-3.583999999999999964e-01,2.617999999999999772e-01,1.433230000000000059e-01,1.123139999999999972e-01,1.180080000000000018e-01,-2.869299999999999976e-02,3.529530000000000167e-01,-4.266889999999999850e-01,-1.413010000000000099e-01,-9.976300000000000445e-02,-1.774399999999999936e-02,1.997349999999999959e-01,-2.616749999999999909e-01,-3.223289999999999766e-01,5.107380000000000253e-01,-4.490779999999999772e-01,1.363409999999999900e-01,9.413599999999999746e-02,-1.205640000000000045e-01
-2.458940000000000015e-01,8.655270000000000463e-01,7.658549999999999525e-01,4.523440000000000238e-01,5.290999999999999870e-02,6.202799999999999980e-02,-8.881090000000000373e-01,-5.535480000000000400e-01,5.001499999999999835e-01,1.097869999999999957e-01,5.019249999999999545e-01,1.745499999999999829e-02,-2.472650000000000126e-01,-4.385339999999999794e-01,-1.485440000000000094e-01,-4.223799999999999777e-02,6.988370000000000415e-01,-3.845149999999999957e-01,2.617999999999999772e-01,1.338020000000000043e-01,1.195429999999999965e-01,1.238220000000000015e-01,-3.565299999999999719e-02,3.371580000000000132e-01,-4.280129999999999768e-01,-1.668270000000000031e-01,-9.217000000000000193e-02,-1.675400000000000153e-02,1.968050000000000077e-01,-2.465499999999999914e-01,-3.206319999999999726e-01,4.851500000000000257e-01,-4.456459999999999866e-01,1.287480000000000013e-01,9.196100000000000108e-02,-1.285820000000000018e-01
-2.483400000000000052e-01,8.728160000000000363e-01,7.638220000000000010e-01,4.553880000000000150e-01,5.286199999999999927e-02,6.533600000000000518e-02,-8.863170000000000215e-01,-5.816059999999999564e-01,5.012830000000000341e-01,1.062189999999999940e-01,5.654460000000000042e-01,-2.735599999999999837e-02,-2.405299999999999938e-01,-4.433219999999999938e-01,-1.532239999999999991e-01,-3.339799999999999713e-02,7.222340000000000426e-01,-4.116299999999999959e-01,2.617999999999999772e-01,1.242140000000000050e-01,1.255969999999999864e-01,1.302119999999999944e-01,-4.447899999999999771e-02,3.225069999999999881e-01,-4.306530000000000080e-01,-1.926769999999999872e-01,-8.518900000000000083e-02,-1.577399999999999983e-02,1.946559999999999957e-01,-2.349849999999999994e-01,-3.196160000000000112e-01,4.606979999999999964e-01,-4.411640000000000006e-01,1.222219999999999973e-01,8.870300000000000407e-02,-1.373080000000000134e-01
-2.507300000000000084e-01,8.800270000000000037e-01,7.618289999999999784e-01,4.583380000000000232e-01,5.285399999999999820e-02,6.866200000000000081e-02,-8.845439999999999969e-01,-6.106099999999999861e-01,5.023370000000000335e-01,1.020630000000000009e-01,6.306920000000000304e-01,-7.311499999999999944e-02,-2.339789999999999925e-01,-4.486330000000000040e-01,-1.578140000000000098e-01,-2.437999999999999889e-02,7.464790000000000036e-01,-4.391499999999999848e-01,2.617999999999999772e-01,1.146770000000000012e-01,1.315989999999999938e-01,1.365840000000000110e-01,-5.373700000000000004e-02,3.094379999999999908e-01,-4.354279999999999817e-01,-2.194510000000000072e-01,-7.863299999999999457e-02,-1.488899999999999946e-02,1.934760000000000091e-01,-2.249879999999999936e-01,-3.202459999999999751e-01,4.387400000000000189e-01,-4.386700000000000044e-01,1.163809999999999983e-01,8.566200000000000203e-02,-1.468059999999999921e-01
-2.519689999999999985e-01,8.867599999999999927e-01,7.565509999999999735e-01,4.556509999999999727e-01,5.323800000000000060e-02,7.069300000000000583e-02,-8.857490000000000085e-01,-6.389409999999999812e-01,5.109320000000000528e-01,9.221899999999999542e-02,6.856360000000000232e-01,-1.046760000000000052e-01,-2.341940000000000133e-01,-4.665329999999999755e-01,-1.573060000000000014e-01,-1.156599999999999989e-02,7.871669999999999501e-01,-4.638729999999999798e-01,2.617999999999999772e-01,1.102240000000000025e-01,1.312740000000000018e-01,1.436719999999999942e-01,-8.910800000000000665e-02,3.093699999999999783e-01,-4.254930000000000101e-01,-1.875020000000000020e-01,-7.367999999999999550e-02,-1.256200000000000025e-02,1.990020000000000122e-01,-2.269809999999999883e-01,-3.216030000000000277e-01,4.384979999999999989e-01,-4.253480000000000039e-01,1.112059999999999993e-01,8.433599999999999430e-02,-1.508269999999999889e-01
-2.514850000000000141e-01,8.948319999999999608e-01,7.530050000000000354e-01,4.512619999999999965e-01,5.451399999999999996e-02,7.624400000000000621e-02,-8.874560000000000226e-01,-6.655109999999999637e-01,5.239509999999999446e-01,8.512200000000000322e-02,7.196209999999999551e-01,-1.216440000000000021e-01,-2.329549999999999954e-01,-4.826949999999999852e-01,-1.494620000000000115e-01,-1.482000000000000027e-03,8.031920000000000170e-01,-4.700550000000000006e-01,2.617999999999999772e-01,1.085440000000000016e-01,1.281400000000000039e-01,1.435690000000000022e-01,-1.286839999999999928e-01,3.168059999999999765e-01,-4.187190000000000079e-01,-1.435819999999999874e-01,-6.882000000000000617e-02,-1.640099999999999891e-02,2.051280000000000048e-01,-2.338480000000000003e-01,-3.090019999999999989e-01,4.452650000000000219e-01,-4.055440000000000156e-01,1.014499999999999985e-01,8.264199999999999324e-02,-1.543519999999999892e-01
-2.524290000000000145e-01,9.019810000000000327e-01,7.479259999999999797e-01,4.483920000000000128e-01,5.486300000000000204e-02,7.827900000000000136e-02,-8.887110000000000287e-01,-6.946409999999999529e-01,5.323309999999999986e-01,7.437100000000000655e-02,7.744969999999999910e-01,-1.526599999999999902e-01,-2.330089999999999939e-01,-5.012140000000000484e-01,-1.479610000000000092e-01,1.118300000000000023e-02,8.439980000000000260e-01,-4.941670000000000229e-01,2.617999999999999772e-01,1.038000000000000034e-01,1.262240000000000029e-01,1.522219999999999962e-01,-1.700329999999999897e-01,3.225740000000000274e-01,-4.151159999999999850e-01,-1.072789999999999994e-01,-6.627500000000000058e-02,-1.920300000000000132e-02,2.135080000000000033e-01,-2.430599999999999983e-01,-3.119819999999999816e-01,4.527030000000000221e-01,-3.952169999999999850e-01,9.696699999999999764e-02,8.129200000000000315e-02,-1.606350000000000000e-01
-2.525310000000000055e-01,9.062419999999999920e-01,7.429590000000000360e-01,4.427740000000000009e-01,5.657600000000000129e-02,8.071299999999999308e-02,-8.911989999999999634e-01,-7.122779999999999667e-01,5.448380000000000445e-01,7.214900000000000480e-02,7.985090000000000243e-01,-1.645199999999999996e-01,-2.331650000000000111e-01,-5.222499999999999920e-01,-1.395770000000000066e-01,1.887600000000000042e-02,8.651410000000000489e-01,-5.010240000000000249e-01,2.617999999999999772e-01,1.023160000000000042e-01,1.240639999999999937e-01,1.574260000000000104e-01,-1.965280000000000082e-01,3.316049999999999831e-01,-4.151199999999999890e-01,-5.159400000000000097e-02,-7.260199999999999987e-02,-2.587800000000000170e-02,2.217030000000000112e-01,-2.691239999999999744e-01,-3.132320000000000104e-01,4.515580000000000149e-01,-3.557379999999999987e-01,9.824499999999999900e-02,7.886300000000000254e-02,-1.735790000000000111e-01
-2.526209999999999845e-01,9.106549999999999923e-01,7.381510000000000016e-01,4.371280000000000165e-01,5.812400000000000205e-02,8.296699999999999908e-02,-8.936760000000000259e-01,-7.288219999999999699e-01,5.572089999999999543e-01,7.027799999999999325e-02,8.213230000000000253e-01,-1.758470000000000033e-01,-2.331380000000000119e-01,-5.422799999999999843e-01,-1.310640000000000138e-01,2.644699999999999829e-02,8.851590000000000291e-01,-5.072769999999999779e-01,2.617999999999999772e-01,1.006429999999999964e-01,1.215839999999999976e-01,1.631440000000000112e-01,-2.240179999999999949e-01,3.425830000000000264e-01,-4.175110000000000210e-01,3.921000000000000006e-03,-7.939200000000000423e-02,-3.323700000000000265e-02,2.306999999999999884e-01,-2.975229999999999819e-01,-3.157820000000000071e-01,4.529420000000000113e-01,-3.166669999999999763e-01,1.003190000000000054e-01,7.555900000000000116e-02,-1.872739999999999960e-01
-2.527340000000000142e-01,9.150209999999999733e-01,7.333490000000000286e-01,4.314799999999999747e-01,5.961299999999999932e-02,8.511699999999999822e-02,-8.961170000000000524e-01,-7.452619999999999800e-01,5.695210000000000550e-01,6.823899999999999411e-02,8.441180000000000350e-01,-1.872040000000000093e-01,-2.330250000000000099e-01,-5.620549999999999713e-01,-1.224429999999999963e-01,3.389199999999999852e-02,9.052609999999999824e-01,-5.136100000000000110e-01,2.617999999999999772e-01,9.888199999999999767e-02,1.188980000000000037e-01,1.690899999999999903e-01,-2.521289999999999920e-01,3.548589999999999800e-01,-4.215459999999999763e-01,5.897199999999999664e-02,-8.638099999999999945e-02,-4.066600000000000076e-02,2.401480000000000004e-01,-3.269819999999999949e-01,-3.195629999999999860e-01,4.558710000000000262e-01,-2.789610000000000145e-01,1.028649999999999981e-01,7.243299999999999739e-02,-2.016189999999999927e-01
-2.499450000000000005e-01,9.177779999999999827e-01,7.315479999999999761e-01,4.237449999999999828e-01,6.125300000000000189e-02,8.659999999999999643e-02,-8.995490000000000430e-01,-7.487059999999999826e-01,5.729809999999999626e-01,6.192299999999999888e-02,8.404139999999999944e-01,-1.807789999999999953e-01,-2.305399999999999949e-01,-5.769830000000000236e-01,-1.134750000000000064e-01,3.746200000000000224e-02,8.978350000000000497e-01,-4.998719999999999830e-01,2.617999999999999772e-01,1.046020000000000005e-01,1.164690000000000031e-01,1.700770000000000060e-01,-2.844789999999999819e-01,4.010360000000000036e-01,-4.377849999999999797e-01,8.139599999999999613e-02,-9.061700000000000310e-02,-4.793100000000000138e-02,2.422809999999999964e-01,-3.725240000000000218e-01,-3.223880000000000079e-01,4.616179999999999728e-01,-2.768700000000000050e-01,1.071949999999999986e-01,7.240699999999999914e-02,-2.119449999999999945e-01
-2.471629999999999938e-01,9.205649999999999666e-01,7.298839999999999772e-01,4.159970000000000057e-01,6.268700000000000661e-02,8.789399999999999991e-02,-9.029350000000000431e-01,-7.508449999999999847e-01,5.763810000000000322e-01,5.619500000000000189e-02,8.357630000000000337e-01,-1.740669999999999995e-01,-2.280069999999999875e-01,-5.908520000000000438e-01,-1.046180000000000027e-01,4.103300000000000003e-02,8.895469999999999766e-01,-4.857600000000000251e-01,2.617999999999999772e-01,1.103330000000000005e-01,1.135580000000000062e-01,1.719950000000000090e-01,-3.168230000000000213e-01,4.475939999999999919e-01,-4.542669999999999764e-01,1.026439999999999991e-01,-9.475899999999999601e-02,-5.412100000000000244e-02,2.439119999999999899e-01,-4.177669999999999995e-01,-3.246569999999999734e-01,4.664119999999999933e-01,-2.753050000000000219e-01,1.112299999999999955e-01,7.295699999999999408e-02,-2.218400000000000094e-01
-2.443780000000000119e-01,9.233909999999999618e-01,7.282239999999999824e-01,4.082270000000000065e-01,6.407599999999999407e-02,8.914900000000000602e-02,-9.062550000000000328e-01,-7.528120000000000367e-01,5.798130000000000228e-01,5.051300000000000234e-02,8.310739999999999794e-01,-1.673779999999999990e-01,-2.255040000000000100e-01,-6.045770000000000310e-01,-9.578399999999999415e-02,4.456100000000000338e-02,8.812919999999999643e-01,-4.716679999999999762e-01,2.617999999999999772e-01,1.160500000000000004e-01,1.106079999999999980e-01,1.741389999999999882e-01,-3.491360000000000019e-01,4.933609999999999940e-01,-4.706029999999999935e-01,1.240990000000000010e-01,-9.854899999999999771e-02,-6.017900000000000332e-02,2.450920000000000043e-01,-4.625770000000000159e-01,-3.262010000000000187e-01,4.700449999999999906e-01,-2.729920000000000124e-01,1.150130000000000041e-01,7.337100000000000566e-02,-2.314460000000000128e-01
-2.407070000000000043e-01,9.227060000000000262e-01,7.293439999999999923e-01,4.039090000000000180e-01,6.270499999999999685e-02,9.180000000000000659e-02,-9.080190000000000206e-01,-7.420719999999999539e-01,5.797029999999999683e-01,4.659300000000000247e-02,8.128419999999999535e-01,-1.680889999999999884e-01,-2.202070000000000138e-01,-5.978639999999999510e-01,-8.895599999999999341e-02,4.197200000000000236e-02,8.522969999999999713e-01,-4.494690000000000074e-01,2.617999999999999772e-01,1.181640000000000051e-01,1.147249999999999936e-01,1.722269999999999912e-01,-3.694680000000000186e-01,5.401920000000000055e-01,-4.858120000000000216e-01,1.228680000000000050e-01,-1.019469999999999960e-01,-6.681600000000000039e-02,2.475340000000000040e-01,-4.760769999999999724e-01,-3.341310000000000113e-01,4.847540000000000182e-01,-2.611990000000000145e-01,1.206770000000000065e-01,7.306600000000000594e-02,-2.322319999999999940e-01
-2.369870000000000032e-01,9.220350000000000490e-01,7.306110000000000104e-01,3.995469999999999855e-01,6.090399999999999980e-02,9.438599999999999768e-02,-9.098039999999999461e-01,-7.299299999999999677e-01,5.799140000000000406e-01,4.292699999999999988e-02,7.943289999999999518e-01,-1.691100000000000103e-01,-2.152119999999999866e-01,-5.894369999999999887e-01,-8.164499999999999535e-02,3.933299999999999991e-02,8.220370000000000177e-01,-4.267920000000000047e-01,2.617999999999999772e-01,1.200080000000000036e-01,1.194059999999999983e-01,1.709400000000000086e-01,-3.884460000000000135e-01,5.857710000000000417e-01,-4.996079999999999965e-01,1.208179999999999948e-01,-1.047399999999999998e-01,-7.261800000000000199e-02,2.494609999999999883e-01,-4.880499999999999838e-01,-3.410179999999999878e-01,4.983259999999999912e-01,-2.484280000000000099e-01,1.256690000000000029e-01,7.245000000000000051e-02,-2.323389999999999900e-01
-2.332879999999999954e-01,9.213219999999999743e-01,7.318080000000000140e-01,3.952200000000000157e-01,5.909699999999999676e-02,9.690000000000000002e-02,-9.115480000000000249e-01,-7.176709999999999479e-01,5.799910000000000343e-01,3.941800000000000165e-02,7.759479999999999711e-01,-1.704189999999999872e-01,-2.103750000000000064e-01,-5.809060000000000334e-01,-7.425600000000000256e-02,3.677099999999999813e-02,7.917689999999999451e-01,-4.041339999999999932e-01,2.617999999999999772e-01,1.216900000000000065e-01,1.239289999999999975e-01,1.698479999999999990e-01,-4.072760000000000269e-01,6.302050000000000152e-01,-5.123269999999999769e-01,1.191569999999999990e-01,-1.072589999999999932e-01,-7.830499999999999960e-02,2.506360000000000254e-01,-4.991499999999999826e-01,-3.466429999999999789e-01,5.102879999999999638e-01,-2.342579999999999940e-01,1.302049999999999874e-01,7.159600000000000686e-02,-2.318620000000000125e-01
-2.283699999999999897e-01,9.163679999999999604e-01,7.351609999999999534e-01,3.953209999999999780e-01,5.733100000000000002e-02,9.744700000000000584e-02,-9.115579999999999794e-01,-7.015550000000000397e-01,5.680150000000000476e-01,4.104900000000000215e-02,7.601930000000000076e-01,-1.688360000000000138e-01,-2.015840000000000132e-01,-5.564040000000000097e-01,-8.139299999999999313e-02,3.453200000000000019e-02,7.469839999999999813e-01,-3.770580000000000043e-01,2.617999999999999772e-01,1.156569999999999959e-01,1.285900000000000098e-01,1.627500000000000058e-01,-4.259000000000000008e-01,6.546790000000000109e-01,-5.167789999999999884e-01,7.686199999999999977e-02,-1.080720000000000014e-01,-7.800300000000000289e-02,2.548270000000000257e-01,-5.019749999999999490e-01,-3.782420000000000226e-01,4.924620000000000108e-01,-2.410360000000000003e-01,1.329100000000000004e-01,7.042600000000000249e-02,-2.401669999999999916e-01
-2.236130000000000062e-01,9.114499999999999824e-01,7.384699999999999598e-01,3.955640000000000267e-01,5.537799999999999667e-02,9.772500000000000631e-02,-9.115440000000000209e-01,-6.845809999999999951e-01,5.556649999999999645e-01,4.278300000000000158e-02,7.441769999999999774e-01,-1.672909999999999953e-01,-1.928420000000000134e-01,-5.310599999999999765e-01,-8.850700000000000234e-02,3.195499999999999730e-02,7.018879999999999564e-01,-3.499920000000000253e-01,2.617999999999999772e-01,1.097650000000000015e-01,1.331809999999999938e-01,1.564250000000000085e-01,-4.442490000000000050e-01,6.778939999999999966e-01,-5.206479999999999997e-01,3.348999999999999894e-02,-1.082049999999999956e-01,-7.616000000000000547e-02,2.587039999999999895e-01,-5.031480000000000397e-01,-4.098019999999999996e-01,4.728269999999999973e-01,-2.479899999999999882e-01,1.355609999999999871e-01,6.969100000000000295e-02,-2.481720000000000037e-01
-2.189309999999999867e-01,9.065180000000000460e-01,7.417610000000000037e-01,3.959030000000000049e-01,5.345199999999999951e-02,9.780099999999999905e-02,-9.115029999999999522e-01,-6.675119999999999942e-01,5.429589999999999694e-01,4.450699999999999795e-02,7.282499999999999529e-01,-1.658530000000000004e-01,-1.841510000000000091e-01,-5.057260000000000089e-01,-9.558099999999999929e-02,2.914699999999999930e-02,6.570380000000000109e-01,-3.231370000000000076e-01,2.617999999999999772e-01,1.036549999999999971e-01,1.371819999999999984e-01,1.503069999999999962e-01,-4.625429999999999819e-01,7.004719999999999835e-01,-5.240639999999999743e-01,-9.688999999999999696e-03,-1.081000000000000016e-01,-7.417100000000000082e-02,2.620910000000000184e-01,-5.033849999999999714e-01,-4.404710000000000014e-01,4.519320000000000004e-01,-2.540839999999999765e-01,1.379960000000000075e-01,6.882800000000000029e-02,-2.558300000000000018e-01
-2.102710000000000135e-01,8.966220000000000301e-01,7.460210000000000452e-01,3.997410000000000130e-01,5.410800000000000332e-02,9.308400000000000007e-02,-9.102829999999999533e-01,-6.489030000000000076e-01,5.136079999999999535e-01,6.894400000000000528e-02,7.195279999999999454e-01,-1.646549999999999958e-01,-1.629940000000000000e-01,-4.808410000000000184e-01,-1.441840000000000066e-01,-1.310500000000000033e-02,6.123039999999999594e-01,-2.734090000000000131e-01,2.617999999999999772e-01,9.641500000000000070e-02,1.410540000000000127e-01,1.401310000000000056e-01,-4.599500000000000255e-01,7.082619999999999472e-01,-5.339749999999999774e-01,5.343999999999999792e-03,-1.075389999999999957e-01,-6.769699999999999329e-02,2.596530000000000227e-01,-4.937690000000000135e-01,-4.619610000000000105e-01,4.550109999999999988e-01,-2.358149999999999968e-01,1.448909999999999920e-01,6.911699999999999788e-02,-2.514179999999999748e-01
-2.020000000000000129e-01,8.862299999999999622e-01,7.503579999999999695e-01,4.043519999999999892e-01,5.481500000000000261e-02,8.768099999999999505e-02,-9.087389999999999635e-01,-6.283400000000000096e-01,4.815180000000000016e-01,9.338000000000000467e-02,7.084329999999999794e-01,-1.633030000000000037e-01,-1.417869999999999964e-01,-4.532200000000000117e-01,-1.944990000000000052e-01,-5.992499999999999910e-02,5.699819999999999887e-01,-2.283949999999999869e-01,2.617999999999999772e-01,8.731200000000000072e-02,1.440450000000000064e-01,1.294679999999999997e-01,-4.561839999999999784e-01,7.148560000000000469e-01,-5.433099999999999596e-01,2.200500000000000025e-02,-1.065060000000000034e-01,-6.263799999999999923e-02,2.565589999999999815e-01,-4.829169999999999852e-01,-4.832810000000000161e-01,4.580139999999999767e-01,-2.167850000000000055e-01,1.518899999999999972e-01,6.879200000000000592e-02,-2.468249999999999889e-01
-1.941529999999999923e-01,8.754100000000000215e-01,7.546720000000000095e-01,4.093109999999999804e-01,5.514999999999999764e-02,8.186499999999999333e-02,-9.070399999999999574e-01,-6.054140000000000077e-01,4.481660000000000088e-01,1.174100000000000005e-01,6.954749999999999543e-01,-1.622460000000000013e-01,-1.208970000000000045e-01,-4.219359999999999777e-01,-2.448750000000000093e-01,-1.113729999999999998e-01,5.295269999999999699e-01,-1.878140000000000087e-01,2.617999999999999772e-01,7.764500000000000568e-02,1.466069999999999873e-01,1.189069999999999988e-01,-4.512419999999999765e-01,7.211490000000000400e-01,-5.525200000000000111e-01,3.848700000000000038e-02,-1.052700000000000025e-01,-5.765399999999999692e-02,2.533020000000000271e-01,-4.706139999999999768e-01,-5.043900000000000050e-01,4.603920000000000234e-01,-1.978139999999999898e-01,1.587669999999999915e-01,6.839699999999999946e-02,-2.419800000000000006e-01
-1.790219999999999867e-01,8.550710000000000255e-01,7.591430000000000122e-01,4.180510000000000059e-01,5.753300000000000081e-02,6.339100000000000290e-02,-9.043809999999999905e-01,-5.611770000000000369e-01,3.690999999999999837e-01,1.601990000000000081e-01,6.810979999999999812e-01,-1.729970000000000119e-01,-8.667900000000000604e-02,-4.071640000000000259e-01,-3.118000000000000216e-01,-1.125850000000000045e-01,5.470279999999999587e-01,-1.963439999999999908e-01,2.597829999999999862e-01,5.383700000000000291e-02,1.469959999999999878e-01,1.101440000000000058e-01,-4.221480000000000232e-01,6.931899999999999729e-01,-5.582000000000000295e-01,4.176099999999999951e-02,-1.034540000000000043e-01,-5.145999999999999880e-02,2.489079999999999904e-01,-4.650719999999999854e-01,-5.318519999999999914e-01,4.645770000000000177e-01,-2.247570000000000123e-01,1.609109999999999985e-01,6.967800000000000382e-02,-2.400460000000000094e-01
-1.732690000000000063e-01,8.470509999999999984e-01,7.647460000000000369e-01,4.179490000000000149e-01,5.462600000000000094e-02,5.979600000000000193e-02,-9.048530000000000184e-01,-5.260040000000000271e-01,3.483550000000000257e-01,1.757319999999999993e-01,6.485149999999999526e-01,-1.608020000000000005e-01,-8.177800000000000347e-02,-4.043559999999999932e-01,-3.114009999999999834e-01,-1.295199999999999962e-01,5.697240000000000082e-01,-2.055200000000000082e-01,2.163329999999999975e-01,5.267100000000000254e-02,1.536260000000000125e-01,1.041350000000000053e-01,-4.013240000000000141e-01,6.924749999999999517e-01,-5.665299999999999780e-01,4.293899999999999800e-02,-1.034739999999999965e-01,-4.609499999999999709e-02,2.415750000000000119e-01,-4.677919999999999856e-01,-5.332820000000000338e-01,4.615730000000000111e-01,-2.488460000000000116e-01,1.596049999999999969e-01,7.265900000000000136e-02,-2.411200000000000010e-01
-1.677690000000000015e-01,8.390929999999999778e-01,7.702280000000000237e-01,4.171500000000000208e-01,5.132500000000000256e-02,5.754000000000000087e-02,-9.055609999999999493e-01,-4.934769999999999990e-01,3.312869999999999981e-01,1.890459999999999918e-01,6.185720000000000107e-01,-1.498359999999999970e-01,-7.776700000000000279e-02,-4.017499999999999960e-01,-3.066570000000000129e-01,-1.471969999999999945e-01,5.910459999999999603e-01,-2.136470000000000036e-01,1.718099999999999905e-01,5.392099999999999671e-02,1.625949999999999895e-01,9.745399999999999896e-02,-3.810629999999999851e-01,6.922469999999999457e-01,-5.755679999999999685e-01,4.391199999999999964e-02,-1.039889999999999981e-01,-4.071000000000000313e-02,2.341870000000000063e-01,-4.703140000000000098e-01,-5.341660000000000297e-01,4.577189999999999870e-01,-2.724679999999999880e-01,1.578299999999999981e-01,7.561199999999999866e-02,-2.419570000000000054e-01
-1.638080000000000092e-01,8.310689999999999467e-01,7.734860000000000069e-01,4.180780000000000052e-01,4.920399999999999774e-02,5.416800000000000087e-02,-9.054590000000000138e-01,-4.824959999999999805e-01,3.059399999999999897e-01,1.703320000000000112e-01,6.212649999999999562e-01,-1.347299999999999887e-01,-8.763100000000000056e-02,-4.045520000000000227e-01,-2.970309999999999895e-01,-1.650349999999999873e-01,6.140400000000000302e-01,-2.350480000000000069e-01,1.439940000000000109e-01,5.839300000000000046e-02,1.712279999999999913e-01,1.060799999999999937e-01,-3.625680000000000014e-01,6.827539999999999720e-01,-5.778339999999999588e-01,2.078400000000000039e-02,-1.073729999999999962e-01,-4.363800000000000318e-02,2.338699999999999946e-01,-4.571919999999999873e-01,-5.395210000000000283e-01,4.577109999999999790e-01,-2.748860000000000192e-01,1.547769999999999979e-01,7.529399999999999982e-02,-2.413720000000000032e-01
-1.595389999999999864e-01,8.239969999999999795e-01,7.771099999999999675e-01,4.196409999999999862e-01,4.774199999999999972e-02,5.093000000000000305e-02,-9.050019999999999731e-01,-4.699240000000000084e-01,2.784119999999999928e-01,1.509469999999999978e-01,6.140619999999999967e-01,-1.138559999999999989e-01,-9.819400000000000350e-02,-4.063300000000000245e-01,-2.873649999999999816e-01,-1.855890000000000040e-01,6.307420000000000249e-01,-2.519089999999999940e-01,1.150400000000000034e-01,6.119999999999999746e-02,1.791540000000000077e-01,1.099070000000000047e-01,-3.409159999999999968e-01,6.723090000000000455e-01,-5.821340000000000403e-01,-2.964000000000000055e-03,-1.101479999999999959e-01,-4.419800000000000118e-02,2.337249999999999883e-01,-4.422539999999999805e-01,-5.417229999999999546e-01,4.596069999999999878e-01,-2.751560000000000117e-01,1.508730000000000071e-01,7.577699999999999714e-02,-2.403550000000000131e-01
-1.553910000000000013e-01,8.168800000000000505e-01,7.810570000000000013e-01,4.214280000000000248e-01,4.674199999999999883e-02,4.749899999999999956e-02,-9.044100000000000472e-01,-4.567999999999999838e-01,2.492870000000000086e-01,1.311930000000000041e-01,6.046300000000000008e-01,-9.325600000000000556e-02,-1.093279999999999946e-01,-4.074889999999999901e-01,-2.784369999999999901e-01,-2.067529999999999923e-01,6.452050000000000285e-01,-2.677450000000000108e-01,8.597599999999999687e-02,6.328300000000000591e-02,1.860660000000000092e-01,1.126240000000000019e-01,-3.184799999999999853e-01,6.620479999999999698e-01,-5.867409999999999570e-01,-2.701299999999999882e-02,-1.126299999999999940e-01,-4.431700000000000222e-02,2.338089999999999891e-01,-4.270149999999999779e-01,-5.431270000000000264e-01,4.619369999999999865e-01,-2.749940000000000162e-01,1.465680000000000038e-01,7.619599999999999984e-02,-2.392950000000000077e-01
-1.525630000000000042e-01,8.101810000000000400e-01,7.812240000000000295e-01,4.268879999999999897e-01,4.553100000000000203e-02,4.228099999999999914e-02,-9.021670000000000522e-01,-4.652359999999999829e-01,2.494010000000000116e-01,1.154899999999999954e-01,6.057099999999999707e-01,-1.002669999999999950e-01,-1.442710000000000103e-01,-4.118660000000000099e-01,-2.952649999999999997e-01,-2.096109999999999918e-01,6.854190000000000005e-01,-2.958089999999999886e-01,9.718300000000000549e-02,6.264500000000000624e-02,1.892810000000000048e-01,1.186439999999999995e-01,-3.183250000000000246e-01,6.580819999999999448e-01,-5.787520000000000442e-01,-4.303099999999999981e-02,-1.103009999999999963e-01,-4.135199999999999987e-02,2.346360000000000112e-01,-4.291630000000000167e-01,-5.508549999999999836e-01,4.540449999999999764e-01,-2.865369999999999862e-01,1.442100000000000048e-01,7.587199999999999500e-02,-2.449810000000000043e-01
-1.490849999999999953e-01,8.036860000000000115e-01,7.818359999999999754e-01,4.309109999999999885e-01,4.529099999999999793e-02,3.782200000000000145e-02,-9.004630000000000134e-01,-4.740750000000000242e-01,2.506769999999999832e-01,1.024650000000000005e-01,6.014869999999999939e-01,-1.037010000000000015e-01,-1.783289999999999875e-01,-4.169919999999999738e-01,-3.097880000000000078e-01,-2.114060000000000106e-01,7.169470000000000010e-01,-3.173719999999999875e-01,1.079210000000000030e-01,6.412700000000000344e-02,1.910540000000000016e-01,1.229549999999999949e-01,-3.228949999999999876e-01,6.540719999999999867e-01,-5.716670000000000362e-01,-5.122600000000000070e-02,-1.084620000000000029e-01,-4.135899999999999993e-02,2.346380000000000132e-01,-4.341650000000000231e-01,-5.554980000000000473e-01,4.466220000000000190e-01,-2.956840000000000024e-01,1.422219999999999873e-01,7.584100000000000563e-02,-2.505740000000000189e-01
-1.454979999999999885e-01,7.972900000000000542e-01,7.824950000000000516e-01,4.347820000000000018e-01,4.509099999999999914e-02,3.349300000000000194e-02,-8.987819999999999698e-01,-4.827040000000000219e-01,2.523259999999999947e-01,8.970000000000000195e-02,5.965690000000000159e-01,-1.069350000000000023e-01,-2.123019999999999907e-01,-4.219220000000000192e-01,-3.240649999999999920e-01,-2.131280000000000119e-01,7.472990000000000466e-01,-3.381859999999999866e-01,1.185240000000000044e-01,6.622599999999999321e-02,1.929299999999999904e-01,1.270540000000000003e-01,-3.283659999999999912e-01,6.498859999999999637e-01,-5.650640000000000107e-01,-5.810200000000000087e-02,-1.067899999999999960e-01,-4.223199999999999871e-02,2.345119999999999982e-01,-4.393580000000000263e-01,-5.598969999999999780e-01,4.389700000000000268e-01,-3.043319999999999914e-01,1.401670000000000138e-01,7.566299999999999415e-02,-2.560930000000000151e-01
-1.392909999999999981e-01,7.909040000000000514e-01,7.796229999999999549e-01,4.349069999999999880e-01,4.723399999999999821e-02,3.005100000000000132e-02,-8.987330000000000041e-01,-4.976689999999999725e-01,2.742700000000000138e-01,9.406599999999999684e-02,5.677450000000000552e-01,-1.142180000000000001e-01,-2.038899999999999879e-01,-4.283190000000000053e-01,-3.351799999999999780e-01,-1.900199999999999945e-01,7.523009999999999975e-01,-3.433749999999999858e-01,1.330739999999999978e-01,7.107800000000000229e-02,1.968050000000000077e-01,1.376070000000000071e-01,-3.359869999999999801e-01,6.642419999999999991e-01,-5.333130000000000370e-01,-3.438599999999999990e-02,-1.045289999999999969e-01,-4.210400000000000253e-02,2.473690000000000055e-01,-4.481189999999999896e-01,-5.560610000000000275e-01,4.500319999999999876e-01,-3.081720000000000015e-01,1.368020000000000069e-01,7.761200000000000043e-02,-2.503920000000000035e-01
-1.329730000000000079e-01,7.845450000000000479e-01,7.770129999999999537e-01,4.345890000000000031e-01,4.940300000000000247e-02,2.663000000000000089e-02,-8.988789999999999836e-01,-5.128620000000000401e-01,2.960119999999999973e-01,9.895700000000000329e-02,5.389040000000000497e-01,-1.215989999999999988e-01,-1.958890000000000076e-01,-4.344950000000000201e-01,-3.454869999999999886e-01,-1.661569999999999991e-01,7.549770000000000092e-01,-3.470139999999999891e-01,1.475990000000000080e-01,7.412100000000000632e-02,2.005230000000000068e-01,1.495759999999999867e-01,-3.430270000000000263e-01,6.795590000000000241e-01,-4.983929999999999749e-01,-8.378000000000000030e-03,-1.028960000000000014e-01,-4.421200000000000130e-02,2.599790000000000156e-01,-4.605460000000000109e-01,-5.506229999999999736e-01,4.637919999999999821e-01,-3.106419999999999737e-01,1.331249999999999933e-01,7.978200000000000569e-02,-2.445460000000000134e-01
-1.266460000000000086e-01,7.781919999999999948e-01,7.744189999999999685e-01,4.342880000000000074e-01,5.154000000000000248e-02,2.301699999999999927e-02,-8.990040000000000253e-01,-5.279730000000000256e-01,3.167949999999999933e-01,1.037259999999999988e-01,5.099930000000000296e-01,-1.291059999999999985e-01,-1.881859999999999922e-01,-4.400890000000000080e-01,-3.559410000000000074e-01,-1.422090000000000021e-01,7.567019999999999857e-01,-3.502910000000000190e-01,1.621470000000000133e-01,7.633099999999999608e-02,2.040019999999999889e-01,1.621479999999999866e-01,-3.493439999999999879e-01,6.953620000000000356e-01,-4.625730000000000119e-01,1.788000000000000006e-02,-1.014759999999999968e-01,-4.681500000000000244e-02,2.724599999999999800e-01,-4.738950000000000107e-01,-5.447199999999999820e-01,4.782029999999999892e-01,-3.125310000000000032e-01,1.294279999999999875e-01,8.183100000000000096e-02,-2.387859999999999983e-01
-1.183440000000000047e-01,7.721540000000000070e-01,7.701400000000000468e-01,4.281670000000000198e-01,5.658900000000000041e-02,2.177099999999999869e-02,-9.016629999999999923e-01,-5.298079999999999457e-01,3.507950000000000235e-01,9.800000000000000377e-02,4.350479999999999903e-01,-1.013970000000000010e-01,-1.701100000000000112e-01,-4.532610000000000250e-01,-3.679600000000000093e-01,-1.160439999999999944e-01,7.383960000000000523e-01,-3.317849999999999966e-01,1.803500000000000103e-01,7.893000000000000016e-02,2.024090000000000056e-01,1.587919999999999887e-01,-3.604530000000000234e-01,7.274199999999999555e-01,-4.328440000000000065e-01,1.022010000000000002e-01,-1.036470000000000030e-01,-4.839899999999999758e-02,2.819289999999999852e-01,-4.913080000000000225e-01,-5.599910000000000165e-01,4.847319999999999962e-01,-2.874050000000000216e-01,1.297210000000000030e-01,8.186400000000000621e-02,-2.421010000000000106e-01
-1.113419999999999965e-01,7.652390000000000025e-01,7.648639999999999883e-01,4.227389999999999759e-01,6.104400000000000104e-02,1.825600000000000139e-02,-9.040089999999999515e-01,-5.388540000000000552e-01,3.818170000000000175e-01,8.974400000000000432e-02,3.847220000000000084e-01,-8.936800000000000299e-02,-1.530060000000000031e-01,-4.682899999999999840e-01,-3.854909999999999726e-01,-8.595300000000000162e-02,7.356589999999999518e-01,-3.252140000000000031e-01,2.002500000000000113e-01,8.417499999999999982e-02,1.972079999999999944e-01,1.639970000000000039e-01,-3.794830000000000148e-01,7.629010000000000513e-01,-4.051770000000000094e-01,1.850789999999999935e-01,-1.085699999999999998e-01,-5.230499999999999733e-02,2.903800000000000270e-01,-5.107300000000000173e-01,-5.808159999999999989e-01,4.843129999999999935e-01,-2.649250000000000216e-01,1.327379999999999949e-01,7.941299999999999748e-02,-2.468770000000000131e-01
-1.045999999999999985e-01,7.585520000000000040e-01,7.595469999999999722e-01,4.173689999999999900e-01,6.566600000000000215e-02,1.417400000000000083e-02,-9.062510000000000288e-01,-5.493080000000000185e-01,4.111929999999999752e-01,8.157699999999999674e-02,3.364989999999999926e-01,-7.860200000000000520e-02,-1.362639999999999962e-01,-4.836070000000000091e-01,-4.037979999999999903e-01,-5.486599999999999810e-02,7.327320000000000499e-01,-3.188980000000000148e-01,2.201279999999999903e-01,8.986099999999999643e-02,1.903799999999999937e-01,1.697619999999999962e-01,-3.996959999999999957e-01,7.995379999999999709e-01,-3.790410000000000168e-01,2.684320000000000039e-01,-1.140860000000000068e-01,-5.634399999999999825e-02,2.983750000000000013e-01,-5.301379999999999981e-01,-6.014380000000000281e-01,4.831320000000000059e-01,-2.426639999999999908e-01,1.358920000000000128e-01,7.695100000000000551e-02,-2.515390000000000126e-01
-9.777600000000000180e-02,7.502600000000000380e-01,7.516749999999999821e-01,4.109829999999999872e-01,6.777299999999999991e-02,1.340099999999999972e-02,-9.090219999999999967e-01,-5.386840000000000517e-01,4.467579999999999885e-01,8.263199999999999712e-02,2.750139999999999807e-01,-4.172599999999999920e-02,-1.222459999999999936e-01,-5.045309999999999517e-01,-4.127080000000000193e-01,-1.592299999999999965e-02,7.460820000000000229e-01,-3.212010000000000143e-01,2.480340000000000045e-01,8.461899999999999977e-02,1.870590000000000031e-01,1.695419999999999983e-01,-4.080849999999999755e-01,8.512319999999999887e-01,-3.578640000000000154e-01,3.821320000000000272e-01,-1.229390000000000066e-01,-5.979000000000000287e-02,3.012909999999999755e-01,-5.616309999999999913e-01,-6.296140000000000070e-01,4.729809999999999848e-01,-2.721660000000000190e-01,1.379360000000000031e-01,7.620100000000000484e-02,-2.517659999999999898e-01
-9.352000000000000590e-02,7.451489999999999503e-01,7.435840000000000227e-01,3.992280000000000273e-01,6.647000000000000131e-02,2.097299999999999859e-02,-9.141979999999999551e-01,-5.297830000000000039e-01,5.127000000000000446e-01,7.881399999999999517e-02,2.099090000000000122e-01,-5.609999999999999752e-04,-1.191939999999999944e-01,-5.267089999999999828e-01,-3.891740000000000199e-01,1.502799999999999969e-02,7.607859999999999623e-01,-3.239440000000000097e-01,2.617999999999999772e-01,9.320399999999999519e-02,1.953560000000000019e-01,1.693379999999999885e-01,-4.185450000000000004e-01,9.101609999999999978e-01,-3.373559999999999892e-01,4.964939999999999909e-01,-1.322440000000000004e-01,-6.426500000000000268e-02,3.013560000000000128e-01,-5.940450000000000452e-01,-6.518840000000000190e-01,4.608369999999999966e-01,-3.027150000000000118e-01,1.385540000000000105e-01,7.754400000000000182e-02,-2.524640000000000217e-01
-9.364000000000000101e-02,7.423290000000000166e-01,7.347789999999999599e-01,3.856419999999999848e-01,6.283900000000000596e-02,3.161499999999999727e-02,-9.199629999999999752e-01,-5.256239999999999801e-01,5.955890000000000351e-01,6.870700000000000418e-02,1.557759999999999978e-01,3.468199999999999755e-02,-1.259099999999999941e-01,-5.512510000000000465e-01,-3.484530000000000127e-01,3.985400000000000054e-02,7.948579999999999535e-01,-3.413479999999999848e-01,2.617999999999999772e-01,1.095590000000000036e-01,2.027549999999999908e-01,1.789850000000000052e-01,-4.341550000000000131e-01,9.796799999999999953e-01,-3.142860000000000098e-01,6.032589999999999897e-01,-1.405800000000000105e-01,-6.610199999999999410e-02,3.002420000000000089e-01,-6.292600000000000415e-01,-6.728809999999999514e-01,4.398190000000000155e-01,-3.374349999999999850e-01,1.391479999999999939e-01,7.812500000000000000e-02,-2.553460000000000174e-01
-9.250700000000000589e-02,7.392769999999999619e-01,7.260969999999999924e-01,3.718290000000000206e-01,5.653400000000000092e-02,4.905999999999999944e-02,-9.252789999999999626e-01,-5.219700000000000450e-01,6.709359999999999769e-01,7.089499999999999968e-02,1.510080000000000033e-01,8.001300000000000079e-02,-1.586710000000000065e-01,-5.648729999999999585e-01,-2.946010000000000018e-01,4.654699999999999810e-02,8.121960000000000290e-01,-3.534490000000000132e-01,2.617999999999999772e-01,1.224129999999999940e-01,2.220840000000000036e-01,1.759249999999999980e-01,-4.331510000000000082e-01,1.023635000000000073e+00,-3.000010000000000177e-01,6.655759999999999454e-01,-1.502759999999999929e-01,-7.262000000000000399e-02,2.981199999999999961e-01,-6.496709999999999985e-01,-7.016660000000000119e-01,4.168120000000000158e-01,-3.626809999999999756e-01,1.432450000000000112e-01,7.951600000000000334e-02,-2.575919999999999876e-01
-9.168500000000000261e-02,7.357209999999999583e-01,7.171260000000000412e-01,3.581559999999999744e-01,5.026499999999999718e-02,6.655500000000000305e-02,-9.299290000000000056e-01,-5.178199999999999470e-01,7.455429999999999557e-01,7.143099999999999450e-02,1.452640000000000042e-01,1.258680000000000077e-01,-1.913710000000000133e-01,-5.773049999999999571e-01,-2.411159999999999970e-01,5.152400000000000035e-02,8.301209999999999978e-01,-3.665619999999999989e-01,2.617999999999999772e-01,1.350850000000000106e-01,2.431490000000000040e-01,1.701620000000000077e-01,-4.260050000000000225e-01,1.065393000000000034e+00,-2.833950000000000080e-01,7.224089999999999678e-01,-1.584810000000000108e-01,-7.583299999999999763e-02,2.974600000000000022e-01,-6.669000000000000483e-01,-7.327369999999999717e-01,3.948740000000000028e-01,-3.878539999999999766e-01,1.473049999999999915e-01,7.985100000000000531e-02,-2.597889999999999922e-01
-9.106899999999999717e-02,7.320130000000000248e-01,7.077320000000000277e-01,3.453309999999999991e-01,4.440100000000000297e-02,8.276400000000000423e-02,-9.337689999999999602e-01,-5.126089999999999813e-01,8.156250000000000444e-01,7.124800000000000577e-02,1.385319999999999885e-01,1.723490000000000022e-01,-2.233289999999999997e-01,-5.897850000000000037e-01,-1.915370000000000128e-01,5.598299999999999804e-02,8.511100000000000332e-01,-3.819139999999999757e-01,2.617999999999999772e-01,1.455220000000000125e-01,2.623449999999999949e-01,1.638969999999999871e-01,-4.166279999999999983e-01,1.106290999999999913e+00,-2.655919999999999948e-01,7.780120000000000369e-01,-1.660929999999999906e-01,-7.809900000000000175e-02,2.969439999999999857e-01,-6.828349999999999698e-01,-7.649799999999999933e-01,3.736880000000000202e-01,-4.129860000000000197e-01,1.511850000000000138e-01,7.995299999999999629e-02,-2.620739999999999736e-01
-8.092599999999999794e-02,7.290759999999999463e-01,7.056099999999999595e-01,3.456790000000000140e-01,4.294200000000000100e-02,8.980899999999999994e-02,-9.330580000000000540e-01,-5.391880000000000006e-01,8.136539999999999884e-01,5.092499999999999805e-02,1.505130000000000079e-01,1.999070000000000014e-01,-2.617999999999999772e-01,-5.875489999999999879e-01,-1.848049999999999971e-01,4.954499999999999876e-02,8.252880000000000216e-01,-3.624749999999999917e-01,2.617999999999999772e-01,1.367329999999999934e-01,2.681609999999999827e-01,1.652049999999999907e-01,-3.943619999999999903e-01,1.121245000000000047e+00,-2.529460000000000042e-01,7.530139999999999612e-01,-1.664160000000000084e-01,-8.700199999999999600e-02,2.919149999999999801e-01,-6.525769999999999627e-01,-8.146729999999999805e-01,3.327590000000000270e-01,-4.368259999999999921e-01,1.550320000000000031e-01,7.655000000000000693e-02,-2.673369999999999913e-01
-5.995000000000000329e-02,7.277230000000000087e-01,7.077369999999999495e-01,3.519550000000000178e-01,4.923899999999999805e-02,9.073100000000000609e-02,-9.303069999999999951e-01,-5.835179999999999811e-01,7.665509999999999824e-01,4.436299999999999966e-02,1.555479999999999918e-01,2.402680000000000093e-01,-2.617999999999999772e-01,-5.927329999999999544e-01,-2.052229999999999888e-01,4.506299999999999889e-02,7.627239999999999576e-01,-3.081829999999999847e-01,2.617999999999999772e-01,1.161110000000000059e-01,2.642479999999999829e-01,1.675000000000000100e-01,-3.710629999999999762e-01,1.127540999999999904e+00,-2.330289999999999861e-01,7.175010000000000554e-01,-1.655540000000000067e-01,-8.923200000000000576e-02,2.914709999999999801e-01,-6.186549999999999550e-01,-8.695950000000000069e-01,2.835960000000000147e-01,-4.644030000000000102e-01,1.564830000000000110e-01,7.204499999999999793e-02,-2.713780000000000081e-01
-3.992300000000000015e-02,7.258179999999999632e-01,7.090100000000000291e-01,3.582449999999999801e-01,5.416699999999999987e-02,9.057900000000000673e-02,-9.276429999999999954e-01,-6.235690000000000399e-01,7.208740000000000148e-01,4.363999999999999824e-02,1.671259999999999968e-01,2.755739999999999856e-01,-2.617999999999999772e-01,-5.935909999999999798e-01,-2.268570000000000031e-01,4.052100000000000146e-02,7.036750000000000504e-01,-2.582349999999999923e-01,2.617999999999999772e-01,9.475799999999999501e-02,2.594319999999999959e-01,1.677160000000000040e-01,-3.405079999999999774e-01,1.133410000000000029e+00,-2.128279999999999894e-01,6.805940000000000323e-01,-1.648469999999999935e-01,-9.154099999999999737e-02,2.907730000000000037e-01,-5.760709999999999997e-01,-9.202249999999999597e-01,2.314390000000000058e-01,-4.910289999999999933e-01,1.571069999999999967e-01,6.753900000000000181e-02,-2.759460000000000246e-01
-3.443199999999999733e-02,7.214139999999999997e-01,7.101709999999999967e-01,3.749790000000000068e-01,4.754499999999999699e-02,9.443200000000000205e-02,-9.209850000000000536e-01,-6.483619999999999939e-01,7.039100000000000357e-01,1.765299999999999855e-02,1.895830000000000015e-01,2.854869999999999908e-01,-2.617999999999999772e-01,-5.472310000000000230e-01,-2.382980000000000098e-01,7.132000000000000318e-03,6.681420000000000137e-01,-2.389290000000000025e-01,2.617999999999999772e-01,9.058299999999999685e-02,2.605649999999999911e-01,1.536700000000000010e-01,-3.006789999999999741e-01,1.119121999999999950e+00,-1.941950000000000065e-01,5.888050000000000228e-01,-1.661620000000000041e-01,-9.560799999999999854e-02,2.915309999999999846e-01,-4.923080000000000234e-01,-9.502490000000000103e-01,1.662810000000000121e-01,-5.177920000000000300e-01,1.576450000000000073e-01,6.328699999999999604e-02,-2.779960000000000209e-01
-2.913900000000000171e-02,7.165380000000000082e-01,7.120549999999999935e-01,3.916740000000000221e-01,3.941999999999999671e-02,9.777199999999999780e-02,-9.140449999999999964e-01,-6.693270000000000053e-01,6.867720000000000491e-01,-7.394000000000000399e-03,2.120789999999999897e-01,2.946520000000000250e-01,-2.617999999999999772e-01,-4.972329999999999806e-01,-2.489480000000000026e-01,-2.639000000000000026e-02,6.316500000000000448e-01,-2.196200000000000097e-01,2.617999999999999772e-01,8.743199999999999583e-02,2.633579999999999810e-01,1.398089999999999888e-01,-2.548949999999999827e-01,1.102908999999999917e+00,-1.753000000000000114e-01,4.885149999999999770e-01,-1.661130000000000106e-01,-9.567699999999999816e-02,2.942009999999999903e-01,-3.918730000000000269e-01,-9.752699999999999703e-01,8.900399999999999978e-02,-5.514170000000000460e-01,1.574220000000000064e-01,5.969499999999999806e-02,-2.789809999999999790e-01
-2.362200000000000064e-02,7.118250000000000410e-01,7.142129999999999868e-01,4.077680000000000193e-01,3.104900000000000021e-02,1.010100000000000026e-01,-9.069500000000000339e-01,-6.897710000000000230e-01,6.699680000000000080e-01,-3.125300000000000300e-02,2.340409999999999990e-01,3.045100000000000029e-01,-2.617999999999999772e-01,-4.491229999999999944e-01,-2.583030000000000048e-01,-5.868899999999999811e-02,5.959790000000000365e-01,-1.996249999999999969e-01,2.617999999999999772e-01,8.399500000000000022e-02,2.667880000000000251e-01,1.263839999999999963e-01,-2.122999999999999887e-01,1.086324999999999985e+00,-1.590650000000000119e-01,3.916999999999999926e-01,-1.661930000000000074e-01,-9.688599999999999990e-02,2.961980000000000168e-01,-2.923930000000000140e-01,-9.928090000000000526e-01,1.087699999999999952e-02,-5.819210000000000216e-01,1.566889999999999949e-01,5.644899999999999918e-02,-2.798619999999999997e-01
-2.258599999999999844e-02,7.061640000000000139e-01,7.156209999999999516e-01,4.303310000000000191e-01,1.892299999999999885e-02,1.040029999999999982e-01,-8.964600000000000346e-01,-6.953479999999999661e-01,6.555149999999999588e-01,-5.938000000000000222e-02,2.454389999999999905e-01,3.102489999999999970e-01,-2.617999999999999772e-01,-3.879589999999999983e-01,-2.566530000000000200e-01,-1.103760000000000019e-01,5.898670000000000302e-01,-1.892419999999999936e-01,2.617999999999999772e-01,1.073889999999999983e-01,2.678420000000000245e-01,1.031220000000000053e-01,-1.915820000000000023e-01,1.040308999999999928e+00,-2.036910000000000109e-01,1.667069999999999941e-01,-1.529699999999999949e-01,-9.792299999999999616e-02,2.831790000000000140e-01,-2.488110000000000044e-01,-9.922969999999999846e-01,-2.962599999999999956e-02,-6.081889999999999796e-01,1.522610000000000074e-01,6.434099999999999542e-02,-2.713220000000000076e-01
-2.115300000000000166e-02,6.993239999999999457e-01,7.176379999999999981e-01,4.524719999999999853e-01,6.004999999999999921e-03,1.066689999999999999e-01,-8.853560000000000318e-01,-6.994139999999999802e-01,6.407239999999999602e-01,-8.750199999999999645e-02,2.563590000000000035e-01,3.151820000000000177e-01,-2.617999999999999772e-01,-3.237860000000000182e-01,-2.562659999999999938e-01,-1.605749999999999955e-01,5.825789999999999580e-01,-1.805450000000000110e-01,2.617999999999999772e-01,1.313040000000000040e-01,2.719119999999999870e-01,8.051800000000000623e-02,-1.702369999999999994e-01,9.952520000000000255e-01,-2.487669999999999881e-01,-6.417599999999999694e-02,-1.383149999999999935e-01,-9.082999999999999408e-02,2.695319999999999938e-01,-2.087209999999999899e-01,-9.923610000000000486e-01,-6.847999999999999921e-02,-6.299900000000000500e-01,1.476840000000000097e-01,7.120799999999999352e-02,-2.623349999999999849e-01
-1.932000000000000037e-02,6.910519999999999996e-01,7.204909999999999926e-01,4.743040000000000034e-01,-7.604999999999999781e-03,1.091430000000000039e-01,-8.735359999999999792e-01,-7.020889999999999631e-01,6.256950000000000012e-01,-1.159410000000000024e-01,2.665790000000000104e-01,3.191829999999999945e-01,-2.617999999999999772e-01,-2.560609999999999831e-01,-2.567079999999999917e-01,-2.097400000000000098e-01,5.729980000000000073e-01,-1.732990000000000086e-01,2.617999999999999772e-01,1.545660000000000089e-01,2.784200000000000008e-01,5.793199999999999739e-02,-1.483119999999999994e-01,9.524299999999999988e-01,-2.935019999999999851e-01,-2.958100000000000174e-01,-1.233540000000000053e-01,-8.245500000000000052e-02,2.533739999999999881e-01,-1.695939999999999948e-01,-9.919409999999999616e-01,-1.063960000000000045e-01,-6.511080000000000201e-01,1.431479999999999975e-01,7.792599999999999527e-02,-2.534270000000000134e-01
-2.425799999999999831e-02,6.659159999999999524e-01,7.274129999999999763e-01,5.091649999999999787e-01,-1.227299999999999919e-02,1.019440000000000068e-01,-8.545220000000000038e-01,-6.791829999999999812e-01,5.606649999999999689e-01,-1.543039999999999967e-01,2.886230000000000184e-01,2.831389999999999740e-01,-2.617999999999999772e-01,-1.548740000000000117e-01,-2.713979999999999726e-01,-2.356109999999999871e-01,5.335189999999999655e-01,-1.472259999999999958e-01,2.617999999999999772e-01,1.841859999999999886e-01,2.516749999999999821e-01,2.320900000000000046e-02,-1.505239999999999911e-01,8.926960000000000450e-01,-3.662960000000000105e-01,-3.868090000000000139e-01,-1.161959999999999937e-01,-5.421499999999999930e-02,2.383260000000000101e-01,-2.125730000000000119e-01,-1.018863000000000074e+00,-8.381700000000000261e-02,-6.503349999999999964e-01,1.340899999999999870e-01,9.127799999999999803e-02,-2.411159999999999970e-01
-2.762699999999999878e-02,6.404750000000000165e-01,7.338329999999999576e-01,5.429009999999999669e-01,-1.723799999999999985e-02,9.327399999999999580e-02,-8.344230000000000258e-01,-6.541719999999999757e-01,4.949489999999999723e-01,-1.925880000000000092e-01,3.111849999999999894e-01,2.475169999999999870e-01,-2.617999999999999772e-01,-5.077199999999999769e-02,-2.867560000000000109e-01,-2.602470000000000061e-01,4.943620000000000236e-01,-1.219309999999999977e-01,2.617999999999999772e-01,2.076379999999999892e-01,2.231380000000000030e-01,-2.605999999999999810e-03,-1.622770000000000046e-01,8.301870000000000083e-01,-4.371189999999999798e-01,-4.518440000000000234e-01,-1.112289999999999945e-01,-4.010999999999999982e-02,2.208920000000000050e-01,-2.869450000000000056e-01,-1.044264999999999999e+00,-3.912500000000000006e-02,-6.334720000000000351e-01,1.237629999999999980e-01,1.018730000000000052e-01,-2.301020000000000010e-01
-2.993900000000000033e-02,6.146310000000000384e-01,7.395909999999999984e-01,5.752930000000000543e-01,-2.078800000000000092e-02,8.385900000000000298e-02,-8.133709999999999551e-01,-6.303590000000000027e-01,4.283290000000000153e-01,-2.302539999999999865e-01,3.341560000000000086e-01,2.124280000000000057e-01,-2.617999999999999772e-01,5.167399999999999771e-02,-3.039780000000000260e-01,-2.837029999999999830e-01,4.586930000000000174e-01,-9.933599999999999375e-02,2.617999999999999772e-01,2.293600000000000083e-01,1.911950000000000038e-01,-2.644000000000000170e-02,-1.702450000000000074e-01,7.683550000000000102e-01,-5.024410000000000265e-01,-5.117059999999999942e-01,-1.074630000000000030e-01,-3.035200000000000051e-02,2.027980000000000060e-01,-3.720109999999999806e-01,-1.065650999999999904e+00,1.359600000000000045e-02,-6.140189999999999815e-01,1.130560000000000037e-01,1.120469999999999938e-01,-2.193509999999999904e-01
-2.973100000000000048e-02,5.836510000000000309e-01,7.423049999999999926e-01,5.998430000000000151e-01,-1.701199999999999934e-02,6.420399999999999718e-02,-7.973559999999999537e-01,-5.890250000000000208e-01,3.494650000000000256e-01,-2.470060000000000033e-01,3.761209999999999831e-01,1.472549999999999970e-01,-2.617999999999999772e-01,1.332569999999999866e-01,-3.387749999999999928e-01,-2.677160000000000095e-01,4.328620000000000245e-01,-1.133429999999999993e-01,2.617999999999999772e-01,2.796500000000000097e-01,1.224319999999999992e-01,-3.241900000000000337e-02,-1.957849999999999868e-01,7.381299999999999528e-01,-5.778159999999999963e-01,-5.149599999999999733e-01,-1.094719999999999999e-01,-1.727300000000000016e-02,1.849760000000000015e-01,-5.332350000000000145e-01,-1.094017999999999935e+00,1.468019999999999881e-01,-3.591670000000000140e-01,1.277959999999999929e-01,1.161370000000000041e-01,-1.855890000000000040e-01
-2.727600000000000163e-02,5.546010000000000106e-01,7.425880000000000258e-01,6.230830000000000535e-01,-9.665999999999999245e-03,4.325699999999999684e-02,-7.808990000000000098e-01,-5.590749999999999886e-01,2.634340000000000015e-01,-2.623559999999999781e-01,4.242540000000000200e-01,8.373999999999999500e-02,-2.617999999999999772e-01,2.022990000000000066e-01,-3.839429999999999787e-01,-2.545479999999999965e-01,4.262750000000000150e-01,-1.347359999999999947e-01,2.617999999999999772e-01,3.250939999999999941e-01,5.046099999999999891e-02,-3.667600000000000027e-02,-2.133589999999999931e-01,7.066000000000000059e-01,-6.447110000000000340e-01,-5.141010000000000302e-01,-1.142910000000000037e-01,-8.481000000000000691e-03,1.673090000000000133e-01,-7.260360000000000147e-01,-1.099466000000000054e+00,3.136979999999999769e-01,-8.943800000000000361e-02,1.341900000000000037e-01,1.160299999999999943e-01,-1.470930000000000015e-01
-2.322799999999999865e-02,5.279660000000000464e-01,7.398909999999999654e-01,6.470559999999999645e-01,6.350000000000000392e-04,1.932800000000000143e-02,-7.621970000000000134e-01,-5.392139999999999711e-01,1.646430000000000116e-01,-2.785969999999999835e-01,4.801839999999999997e-01,2.261900000000000022e-02,-2.617999999999999772e-01,2.640199999999999769e-01,-4.412200000000000011e-01,-2.489000000000000101e-01,4.462030000000000163e-01,-1.696819999999999995e-01,2.617999999999999772e-01,3.675209999999999866e-01,-2.476499999999999882e-02,-3.610399999999999721e-02,-2.232510000000000050e-01,6.724409999999999554e-01,-7.088969999999999994e-01,-5.155129999999999990e-01,-1.197519999999999973e-01,1.489999999999999897e-04,1.492789999999999950e-01,-9.182470000000000354e-01,-1.081450999999999940e+00,4.859240000000000226e-01,1.808639999999999970e-01,1.325409999999999922e-01,1.180910000000000015e-01,-1.063560000000000061e-01
-2.384899999999999867e-02,5.095229999999999482e-01,7.378350000000000186e-01,6.672209999999999530e-01,8.819000000000000450e-03,9.301999999999999505e-03,-7.447500000000000231e-01,-5.316079999999999695e-01,1.124929999999999958e-01,-2.864760000000000084e-01,4.996749999999999803e-01,-1.026700000000000008e-02,-2.617999999999999772e-01,2.908850000000000047e-01,-4.623390000000000000e-01,-2.706629999999999869e-01,4.770840000000000081e-01,-2.003230000000000011e-01,2.573130000000000139e-01,4.307810000000000250e-01,-7.944199999999999873e-02,-2.364199999999999982e-02,-2.189889999999999892e-01,6.585269999999999735e-01,-7.572609999999999619e-01,-5.151879999999999793e-01,-1.301799999999999902e-01,4.251999999999999703e-03,1.380879999999999885e-01,-1.082799000000000067e+00,-1.077587999999999990e+00,6.436889999999999556e-01,3.917070000000000274e-01,1.006559999999999955e-01,1.331569999999999976e-01,-4.349800000000000194e-02
-2.444400000000000045e-02,4.965180000000000149e-01,7.420649999999999746e-01,6.817549999999999999e-01,6.960000000000000041e-03,1.239299999999999950e-02,-7.314429999999999543e-01,-5.171799999999999731e-01,9.954799999999999760e-02,-3.003049999999999886e-01,4.860360000000000236e-01,-2.086800000000000113e-02,-2.515939999999999843e-01,2.997219999999999884e-01,-4.311130000000000240e-01,-2.827210000000000001e-01,4.838729999999999976e-01,-2.066550000000000054e-01,2.149139999999999939e-01,4.961499999999999799e-01,-9.566700000000000204e-02,-1.713800000000000046e-02,-2.142449999999999910e-01,6.366079999999999517e-01,-7.910190000000000277e-01,-5.122090000000000254e-01,-1.383739999999999970e-01,8.332000000000000864e-03,1.281309999999999949e-01,-1.276485000000000092e+00,-1.037430000000000074e+00,8.229009999999999936e-01,6.284509999999999819e-01,6.271200000000000385e-02,1.357530000000000125e-01,1.437399999999999962e-02
-2.382799999999999849e-02,4.833410000000000206e-01,7.466399999999999704e-01,6.959880000000000511e-01,5.520999999999999866e-03,1.559299999999999922e-02,-7.178630000000000289e-01,-5.028420000000000112e-01,8.495999999999999386e-02,-3.121490000000000098e-01,4.705500000000000238e-01,-3.001300000000000148e-02,-2.380460000000000076e-01,3.098210000000000131e-01,-4.009800000000000031e-01,-2.956960000000000144e-01,4.835920000000000218e-01,-2.079789999999999972e-01,1.735619999999999941e-01,5.626849999999999907e-01,-1.128559999999999980e-01,-1.398100000000000037e-02,-2.086709999999999954e-01,6.132300000000000528e-01,-8.254780000000000451e-01,-5.089590000000000503e-01,-1.461749999999999994e-01,1.233800000000000001e-02,1.167620000000000047e-01,-1.437681999999999904e+00,-9.820269999999999833e-01,9.742859999999999854e-01,8.565009999999999568e-01,1.812700000000000075e-02,1.390010000000000134e-01,6.534600000000000131e-02
-2.131600000000000161e-02,4.755849999999999800e-01,7.498510000000000453e-01,7.144059999999999855e-01,5.506999999999999743e-03,2.158399999999999902e-02,-6.993759999999999977e-01,-5.038960000000000106e-01,7.076999999999999957e-02,-3.135580000000000034e-01,4.488679999999999892e-01,-1.631799999999999917e-02,-2.187929999999999875e-01,3.159040000000000181e-01,-3.784310000000000174e-01,-3.389539999999999775e-01,4.646020000000000150e-01,-2.165439999999999865e-01,1.625230000000000008e-01,6.025679999999999925e-01,-1.169039999999999940e-01,-1.145400000000000064e-02,-1.988969999999999905e-01,6.024180000000000090e-01,-8.266430000000000167e-01,-5.066889999999999450e-01,-1.513029999999999931e-01,1.265100000000000079e-02,1.101020000000000054e-01,-1.473217999999999916e+00,-9.880060000000000509e-01,1.036790000000000100e+00,9.162080000000000224e-01,-7.356999999999999824e-03,1.346310000000000007e-01,6.311799999999999355e-02
-1.828099999999999864e-02,4.675059999999999771e-01,7.527559999999999807e-01,7.327259999999999884e-01,6.716999999999999880e-03,2.655300000000000021e-02,-6.799730000000000496e-01,-5.069350000000000245e-01,5.120999999999999858e-02,-3.121590000000000198e-01,4.299540000000000028e-01,-3.552000000000000036e-03,-1.973149999999999904e-01,3.235509999999999775e-01,-3.604609999999999759e-01,-3.832309999999999883e-01,4.439359999999999973e-01,-2.245560000000000056e-01,1.546740000000000059e-01,6.444100000000000383e-01,-1.265120000000000133e-01,-9.299999999999999239e-03,-1.897899999999999865e-01,5.922119999999999607e-01,-8.324300000000000033e-01,-5.045399999999999885e-01,-1.561200000000000088e-01,1.278199999999999996e-02,1.032269999999999993e-01,-1.501473000000000058e+00,-9.973269999999999635e-01,1.094799000000000078e+00,9.734479999999999800e-01,-3.384500000000000008e-02,1.293040000000000023e-01,5.922299999999999787e-02
-1.534899999999999980e-02,4.593659999999999966e-01,7.556629999999999736e-01,7.505410000000000137e-01,8.137000000000000136e-03,3.141800000000000148e-02,-6.600270000000000303e-01,-5.107949999999999990e-01,3.082500000000000170e-02,-3.098719999999999808e-01,4.109470000000000067e-01,9.523000000000000215e-03,-1.754139999999999866e-01,3.309150000000000147e-01,-3.430730000000000168e-01,-4.274200000000000221e-01,4.229930000000000079e-01,-2.324110000000000065e-01,1.477829999999999977e-01,6.868020000000000236e-01,-1.385919999999999930e-01,-7.448999999999999892e-03,-1.811649999999999927e-01,5.826219999999999732e-01,-8.396150000000000002e-01,-5.021940000000000293e-01,-1.608850000000000002e-01,1.293900000000000085e-02,9.651899999999999369e-02,-1.526764999999999928e+00,-1.006806000000000090e+00,1.150687000000000015e+00,1.029694000000000109e+00,-6.059599999999999709e-02,1.239689999999999959e-01,5.368599999999999761e-02
-9.549999999999999462e-03,4.518739999999999979e-01,7.576760000000000161e-01,7.734400000000000164e-01,8.479000000000000425e-03,3.469799999999999968e-02,-6.328620000000000356e-01,-5.074710000000000054e-01,5.257999999999999653e-03,-2.913660000000000139e-01,3.863989999999999925e-01,2.216100000000000014e-02,-1.416439999999999921e-01,3.288460000000000272e-01,-3.149350000000000205e-01,-4.066179999999999795e-01,4.194439999999999835e-01,-1.878680000000000072e-01,1.441179999999999961e-01,6.987240000000000117e-01,-1.395959999999999979e-01,1.084399999999999947e-02,-1.580799999999999983e-01,5.761669999999999847e-01,-8.125850000000000017e-01,-4.948750000000000093e-01,-1.630669999999999897e-01,1.273099999999999926e-02,9.896000000000000629e-02,-1.496170999999999918e+00,-1.027700999999999976e+00,1.167796000000000056e+00,1.064565999999999901e+00,-6.301400000000000057e-02,1.222300000000000053e-01,5.423000000000000043e-02
-4.067000000000000302e-03,4.441919999999999757e-01,7.597019999999999884e-01,7.951160000000000450e-01,9.008000000000000382e-03,3.765899999999999803e-02,-6.052210000000000090e-01,-5.021229999999999860e-01,-2.027999999999999942e-02,-2.714119999999999866e-01,3.589109999999999800e-01,3.551900000000000196e-02,-1.069470000000000004e-01,3.272149999999999781e-01,-2.877790000000000070e-01,-3.850129999999999941e-01,4.153490000000000237e-01,-1.433649999999999924e-01,1.417779999999999874e-01,7.086860000000000381e-01,-1.464090000000000114e-01,2.752900000000000139e-02,-1.298179999999999890e-01,5.749610000000000554e-01,-7.831810000000000160e-01,-4.888430000000000275e-01,-1.646950000000000081e-01,1.199399999999999945e-02,9.994000000000000106e-02,-1.451964000000000032e+00,-1.049233000000000082e+00,1.171040000000000081e+00,1.092370999999999981e+00,-6.644999999999999518e-02,1.217459999999999931e-01,5.238099999999999701e-02
1.087999999999999991e-03,4.363299999999999956e-01,7.616619999999999502e-01,8.157320000000000126e-01,9.620999999999999344e-03,4.079599999999999893e-02,-5.769100000000000339e-01,-4.962199999999999944e-01,-4.549199999999999772e-02,-2.512190000000000256e-01,3.296490000000000253e-01,4.928300000000000042e-02,-7.234400000000000552e-02,3.255950000000000233e-01,-2.604239999999999888e-01,-3.632650000000000046e-01,4.106719999999999815e-01,-9.903499999999999803e-02,1.403270000000000073e-01,7.182830000000000048e-01,-1.562689999999999912e-01,4.304999999999999799e-02,-9.961799999999999822e-02,5.761020000000000030e-01,-7.539240000000000386e-01,-4.838210000000000011e-01,-1.662089999999999956e-01,1.122699999999999913e-02,1.010800000000000032e-01,-1.400617999999999919e+00,-1.070486999999999966e+00,1.166887000000000008e+00,1.117537000000000003e+00,-7.107700000000000129e-02,1.226639999999999953e-01,4.928699999999999748e-02
6.782999999999999967e-03,4.293199999999999794e-01,7.626570000000000293e-01,8.307139999999999525e-01,1.119799999999999962e-02,4.424299999999999761e-02,-5.548260000000000414e-01,-5.001200000000000090e-01,-3.711899999999999922e-02,-1.809320000000000095e-01,3.124290000000000123e-01,5.019300000000000150e-02,-5.233299999999999758e-02,3.326100000000000168e-01,-2.444459999999999966e-01,-3.592299999999999938e-01,4.026330000000000187e-01,-5.677999999999999714e-02,1.327949999999999964e-01,7.003129999999999633e-01,-1.572709999999999941e-01,4.728000000000000258e-02,-5.454300000000000120e-02,5.856149999999999967e-01,-7.196709999999999496e-01,-4.821980000000000155e-01,-1.675679999999999947e-01,1.102599999999999934e-02,1.006719999999999976e-01,-1.341139999999999999e+00,-1.103809000000000040e+00,1.130659000000000081e+00,1.088867999999999947e+00,-5.751900000000000068e-02,1.110860000000000042e-01,2.893700000000000092e-02
1.257699999999999964e-02,4.226610000000000089e-01,7.639230000000000187e-01,8.446869999999999656e-01,1.185399999999999995e-02,4.882100000000000328e-02,-5.328979999999999828e-01,-5.043149999999999578e-01,-2.625699999999999909e-02,-1.110889999999999933e-01,2.968319999999999848e-01,4.973099999999999743e-02,-3.212899999999999784e-02,3.377419999999999867e-01,-2.256890000000000007e-01,-3.524570000000000203e-01,3.933579999999999854e-01,-1.341099999999999931e-02,1.247319999999999957e-01,6.825830000000000508e-01,-1.537630000000000108e-01,4.895300000000000346e-02,-7.615000000000000241e-03,5.903589999999999671e-01,-6.838119999999999754e-01,-4.818020000000000080e-01,-1.688209999999999988e-01,1.217000000000000026e-02,1.007569999999999993e-01,-1.284162999999999943e+00,-1.138171999999999962e+00,1.098826000000000080e+00,1.055755999999999917e+00,-4.239899999999999919e-02,1.035090000000000038e-01,1.043999999999999963e-02
1.813899999999999887e-02,4.162429999999999741e-01,7.652290000000000481e-01,8.580870000000000442e-01,1.192099999999999931e-02,5.363799999999999818e-02,-5.105560000000000098e-01,-5.071299999999999697e-01,-1.480799999999999998e-02,-4.206800000000000123e-02,2.815039999999999765e-01,4.849099999999999938e-02,-1.211100000000000024e-02,3.425199999999999911e-01,-2.055929999999999980e-01,-3.447749999999999981e-01,3.844020000000000215e-01,2.948200000000000126e-02,1.163560000000000011e-01,6.643449999999999633e-01,-1.483649999999999969e-01,5.035099999999999992e-02,3.966000000000000081e-02,5.925989999999999869e-01,-6.480080000000000284e-01,-4.817859999999999920e-01,-1.698810000000000042e-01,1.354499999999999975e-02,1.018069999999999947e-01,-1.226067000000000018e+00,-1.171656999999999949e+00,1.066357999999999917e+00,1.021460000000000035e+00,-2.687799999999999911e-02,9.784500000000000142e-02,-8.408999999999999808e-03
1.983800000000000147e-02,4.125240000000000018e-01,7.637669999999999737e-01,8.663870000000000182e-01,1.453100000000000051e-02,5.900400000000000089e-02,-4.956610000000000182e-01,-5.389869999999999939e-01,-2.241800000000000043e-02,-4.648100000000000148e-02,3.059689999999999910e-01,5.679599999999999926e-02,-1.162700000000000018e-02,3.452560000000000073e-01,-1.886740000000000084e-01,-3.127869999999999817e-01,3.773199999999999887e-01,2.658999999999999905e-03,1.287069999999999881e-01,6.532069999999999821e-01,-1.335520000000000040e-01,5.517999999999999988e-02,7.475400000000000100e-02,5.825200000000000378e-01,-6.087810000000000166e-01,-4.863109999999999933e-01,-1.735980000000000023e-01,1.479199999999999959e-02,1.074100000000000055e-01,-1.123324999999999907e+00,-1.142881000000000036e+00,9.901520000000000321e-01,1.017533999999999939e+00,-7.164000000000000229e-03,1.015899999999999997e-01,-1.129299999999999922e-02
2.135400000000000145e-02,4.083769999999999900e-01,7.622830000000000439e-01,8.742210000000000258e-01,1.746400000000000036e-02,6.555400000000000116e-02,-4.807649999999999979e-01,-5.749250000000000194e-01,-2.953100000000000169e-02,-5.080300000000000094e-02,3.345620000000000260e-01,6.303899999999999781e-02,-1.163499999999999951e-02,3.459579999999999878e-01,-1.715639999999999943e-01,-2.811500000000000110e-01,3.711860000000000159e-01,-2.535199999999999954e-02,1.403780000000000028e-01,6.429049999999999487e-01,-1.245890000000000053e-01,5.660799999999999860e-02,1.101229999999999987e-01,5.762000000000000455e-01,-5.704489999999999839e-01,-4.906909999999999883e-01,-1.777209999999999901e-01,1.576299999999999923e-02,1.129700000000000010e-01,-1.017481000000000080e+00,-1.105839000000000016e+00,9.103970000000000118e-01,1.016734000000000027e+00,9.403999999999999165e-03,1.022099999999999953e-01,-1.607300000000000048e-02
2.285399999999999932e-02,4.039699999999999958e-01,7.606690000000000396e-01,8.816559999999999953e-01,2.043100000000000124e-02,7.256799999999999362e-02,-4.658309999999999951e-01,-6.118170000000000552e-01,-3.676299999999999707e-02,-5.461799999999999988e-02,3.637099999999999778e-01,6.890499999999999403e-02,-1.192400000000000057e-02,3.464039999999999897e-01,-1.548380000000000034e-01,-2.498309999999999975e-01,3.651260000000000061e-01,-5.379400000000000154e-02,1.517989999999999895e-01,6.337300000000000155e-01,-1.174749999999999961e-01,5.701599999999999724e-02,1.450009999999999910e-01,5.704620000000000246e-01,-5.335170000000000190e-01,-4.954680000000000195e-01,-1.820070000000000021e-01,1.671999999999999875e-02,1.191870000000000013e-01,-9.153900000000000370e-01,-1.064076000000000022e+00,8.350159999999999805e-01,1.014988000000000001e+00,2.523800000000000002e-02,1.028130000000000016e-01,-2.178300000000000028e-02
2.698300000000000004e-02,3.987229999999999941e-01,7.584149999999999503e-01,8.861090000000000355e-01,2.000000000000000042e-02,7.585200000000000276e-02,-4.567899999999999738e-01,-6.334210000000000118e-01,-2.192600000000000104e-02,-4.740699999999999775e-02,4.017800000000000260e-01,5.369100000000000261e-02,-6.169000000000000004e-03,3.292709999999999804e-01,-1.307999999999999996e-01,-1.888499999999999901e-01,3.838449999999999918e-01,-4.323599999999999666e-02,1.782729999999999870e-01,5.926730000000000054e-01,-1.176429999999999976e-01,5.536599999999999855e-02,1.562639999999999862e-01,5.543620000000000214e-01,-4.968270000000000186e-01,-5.162940000000000307e-01,-1.809189999999999965e-01,1.458100000000000021e-02,1.313860000000000028e-01,-7.918269999999999476e-01,-1.066559000000000035e+00,6.424849999999999728e-01,7.298780000000000268e-01,8.937199999999999311e-02,9.004600000000000104e-02,-8.324399999999999855e-02
3.089700000000000085e-02,3.927999999999999825e-01,7.562750000000000306e-01,8.901930000000000121e-01,1.966700000000000045e-02,7.915999999999999426e-02,-4.482220000000000093e-01,-6.543700000000000072e-01,-5.893999999999999934e-03,-3.982499999999999929e-02,4.398590000000000000e-01,3.744900000000000312e-02,-6.430000000000000169e-04,3.143250000000000210e-01,-1.051419999999999993e-01,-1.273499999999999910e-01,4.007080000000000086e-01,-3.368700000000000166e-02,2.055440000000000045e-01,5.607379999999999587e-01,-1.214480000000000004e-01,5.501500000000000140e-02,1.605939999999999868e-01,5.422479999999999523e-01,-4.681420000000000026e-01,-5.361339999999999995e-01,-1.796830000000000094e-01,1.318800000000000007e-02,1.440160000000000051e-01,-6.222659999999999858e-01,-1.049706999999999946e+00,4.083660000000000068e-01,4.197420000000000040e-01,1.318590000000000040e-01,8.562100000000000266e-02,-1.570139999999999869e-01
3.443600000000000133e-02,3.865910000000000180e-01,7.544380000000000530e-01,8.941649999999999876e-01,1.923499999999999863e-02,8.174199999999999522e-02,-4.397929999999999895e-01,-6.720699999999999452e-01,1.075800000000000020e-02,-3.239100000000000312e-02,4.747759999999999758e-01,2.238899999999999918e-02,4.211999999999999598e-03,3.029830000000000023e-01,-7.808900000000000563e-02,-6.615400000000000447e-02,4.160820000000000074e-01,-2.516099999999999934e-02,2.332940000000000014e-01,5.269230000000000302e-01,-1.232010000000000050e-01,5.576600000000000307e-02,1.640999999999999959e-01,5.273200000000000109e-01,-4.386410000000000031e-01,-5.547840000000000549e-01,-1.779910000000000103e-01,1.164500000000000084e-02,1.572280000000000066e-01,-4.602870000000000017e-01,-9.926089999999999636e-01,1.874979999999999980e-01,1.115749999999999936e-01,1.506679999999999964e-01,7.447600000000000053e-02,-2.347609999999999975e-01
3.911400000000000293e-02,3.809270000000000156e-01,7.543029999999999458e-01,8.930519999999999570e-01,1.901900000000000118e-02,8.063199999999999534e-02,-4.422610000000000152e-01,-6.750469999999999526e-01,1.602500000000000105e-02,-4.080600000000000199e-02,5.083269999999999733e-01,3.125999999999999873e-03,-3.112000000000000183e-03,2.863999999999999879e-01,-7.393900000000000472e-02,-3.629199999999999787e-02,4.499210000000000154e-01,-3.084200000000000136e-02,2.424600000000000088e-01,4.855269999999999864e-01,-1.191490000000000049e-01,5.649799999999999961e-02,1.076130000000000003e-01,5.221339999999999870e-01,-4.439710000000000045e-01,-5.581289999999999862e-01,-1.692269999999999885e-01,1.400299999999999982e-02,1.670409999999999950e-01,-3.315150000000000041e-01,-9.080179999999999918e-01,1.232869999999999938e-01,-1.090769999999999934e-01,1.237810000000000021e-01,7.707700000000000662e-02,-2.181909999999999961e-01
4.359299999999999981e-02,3.758509999999999907e-01,7.543640000000000345e-01,8.921200000000000241e-01,1.831999999999999948e-02,7.893100000000000116e-02,-4.444730000000000070e-01,-6.754189999999999916e-01,2.097699999999999912e-02,-4.920299999999999674e-02,5.382369999999999655e-01,-1.431299999999999933e-02,-1.071100000000000003e-02,2.710600000000000231e-01,-6.899500000000000077e-02,-6.831000000000000266e-03,4.840130000000000265e-01,-3.635900000000000243e-02,2.523580000000000267e-01,4.380459999999999909e-01,-1.103240000000000054e-01,5.788399999999999795e-02,5.388899999999999940e-02,5.099890000000000256e-01,-4.435990000000000211e-01,-5.608819999999999917e-01,-1.599730000000000041e-01,1.588399999999999881e-02,1.763949999999999962e-01,-2.330260000000000109e-01,-8.231279999999999708e-01,9.022700000000000164e-02,-3.153880000000000017e-01,9.925200000000000689e-02,7.410200000000000120e-02,-1.963640000000000108e-01
4.792099999999999832e-02,3.703339999999999965e-01,7.540559999999999485e-01,8.912590000000000234e-01,1.759900000000000006e-02,7.755099999999999494e-02,-4.464690000000000047e-01,-6.787039999999999740e-01,2.627099999999999921e-02,-5.853599999999999776e-02,5.729229999999999601e-01,-3.429399999999999810e-02,-1.901399999999999965e-02,2.548300000000000010e-01,-6.241900000000000226e-02,2.166099999999999970e-02,5.207990000000000119e-01,-4.406800000000000300e-02,2.617999999999999772e-01,3.912849999999999939e-01,-1.029459999999999958e-01,5.948099999999999915e-02,-1.374000000000000004e-03,4.982570000000000054e-01,-4.425720000000000209e-01,-5.629140000000000255e-01,-1.509790000000000021e-01,1.767399999999999874e-02,1.854129999999999945e-01,-1.365520000000000067e-01,-7.341779999999999973e-01,6.412400000000000044e-02,-5.306520000000000126e-01,7.193199999999999594e-02,7.659499999999999642e-02,-1.685820000000000096e-01
5.195000000000000312e-02,3.632900000000000018e-01,7.554809999999999581e-01,8.871109999999999829e-01,1.355100000000000054e-02,7.560200000000000253e-02,-4.551200000000000245e-01,-6.663520000000000554e-01,4.331900000000000334e-02,-5.272500000000000103e-02,5.975749999999999673e-01,-5.866299999999999987e-02,-2.116200000000000025e-02,2.040109999999999979e-01,-7.650800000000000656e-02,1.527099999999999985e-02,5.838680000000000536e-01,-7.142500000000000238e-02,2.598199999999999954e-01,3.518189999999999928e-01,-8.834599999999999398e-02,6.001999999999999696e-02,-7.746100000000000207e-02,5.100590000000000401e-01,-4.439009999999999900e-01,-5.353909999999999503e-01,-1.414640000000000064e-01,2.226300000000000154e-02,1.876690000000000025e-01,-1.019510000000000000e-01,-7.188210000000000433e-01,7.926400000000000112e-02,-5.649319999999999897e-01,6.225100000000000078e-02,9.331799999999999817e-02,-1.402670000000000028e-01
5.566200000000000314e-02,3.570119999999999960e-01,7.576420000000000377e-01,8.828989999999999894e-01,8.810000000000000123e-03,7.327699999999999492e-02,-4.637260000000000271e-01,-6.485699999999999799e-01,6.128100000000000214e-02,-4.692500000000000143e-02,6.118649999999999922e-01,-7.686099999999999877e-02,-2.243799999999999961e-02,1.548940000000000039e-01,-9.049599999999999311e-02,9.464000000000000190e-03,6.441430000000000211e-01,-9.613199999999999523e-02,2.574489999999999834e-01,3.070519999999999916e-01,-6.984999999999999543e-02,6.126999999999999807e-02,-1.495930000000000037e-01,5.164999999999999591e-01,-4.401459999999999817e-01,-5.089810000000000167e-01,-1.314510000000000123e-01,2.626699999999999868e-02,1.894929999999999948e-01,-8.478299999999999725e-02,-7.097149999999999848e-01,1.063520000000000021e-01,-5.776289999999999480e-01,5.787099999999999883e-02,9.763399999999999856e-02,-1.147370000000000057e-01
5.879199999999999704e-02,3.510499999999999732e-01,7.589820000000000455e-01,8.786509999999999598e-01,4.300000000000000003e-03,7.092800000000000493e-02,-4.721469999999999834e-01,-6.353539999999999743e-01,7.878799999999999693e-02,-4.117400000000000226e-02,6.328780000000000516e-01,-9.739799999999999847e-02,-2.388799999999999951e-02,1.012760000000000049e-01,-1.057479999999999948e-01,4.364999999999999956e-03,7.149670000000000192e-01,-1.268980000000000108e-01,2.547599999999999865e-01,2.596890000000000032e-01,-5.264900000000000135e-02,6.542299999999999505e-02,-2.262389999999999957e-01,5.217819999999999681e-01,-4.339950000000000196e-01,-4.789010000000000211e-01,-1.221170000000000033e-01,2.972999999999999948e-02,1.921380000000000032e-01,-7.451199999999999490e-02,-7.004930000000000323e-01,1.357829999999999870e-01,-5.874489999999999990e-01,5.319399999999999823e-02,1.015270000000000061e-01,-8.840399999999999647e-02
5.935499999999999804e-02,3.443640000000000034e-01,7.610080000000000178e-01,8.719850000000000101e-01,1.273999999999999959e-03,6.906299999999999939e-02,-4.846340000000000092e-01,-6.147340000000000027e-01,1.006429999999999964e-01,-3.339600000000000207e-02,6.380130000000000523e-01,-1.140980000000000050e-01,-3.387899999999999939e-02,2.688099999999999865e-02,-1.270419999999999883e-01,-6.820999999999999806e-03,7.620949999999999669e-01,-1.487860000000000016e-01,2.354229999999999934e-01,2.197060000000000124e-01,-4.052800000000000152e-02,7.235099999999999865e-02,-2.920749999999999735e-01,5.454630000000000312e-01,-4.306710000000000260e-01,-4.337900000000000089e-01,-1.178089999999999971e-01,3.073100000000000137e-02,1.945179999999999965e-01,-1.023789999999999978e-01,-6.822570000000000023e-01,1.716820000000000013e-01,-6.234690000000000509e-01,6.206500000000000211e-02,9.962100000000000122e-02,-7.758600000000000219e-02
5.958999999999999714e-02,3.377740000000000187e-01,7.630080000000000195e-01,8.651440000000000241e-01,-1.508000000000000009e-03,6.760599999999999943e-02,-4.969439999999999968e-01,-5.947369999999999601e-01,1.222499999999999976e-01,-2.637400000000000161e-02,6.410759999999999792e-01,-1.298850000000000005e-01,-4.268999999999999878e-02,-4.966000000000000275e-02,-1.493319999999999925e-01,-1.665799999999999920e-02,8.119600000000000151e-01,-1.723490000000000022e-01,2.156629999999999936e-01,1.765369999999999995e-01,-3.113600000000000048e-02,7.998900000000000454e-02,-3.598000000000000087e-01,5.713300000000000045e-01,-4.256440000000000223e-01,-3.868849999999999789e-01,-1.148639999999999939e-01,2.986099999999999866e-02,1.972039999999999904e-01,-1.346289999999999987e-01,-6.617150000000000531e-01,2.111540000000000084e-01,-6.583579999999999988e-01,7.188100000000000045e-02,9.937500000000000500e-02,-6.861799999999999844e-02
5.949000000000000121e-02,3.315239999999999854e-01,7.649660000000000348e-01,8.581809999999999716e-01,-4.173999999999999759e-03,6.643699999999999606e-02,-5.090120000000000200e-01,-5.756050000000000333e-01,1.436630000000000129e-01,-1.922799999999999856e-02,6.431940000000000435e-01,-1.444239999999999968e-01,-5.147399999999999892e-02,-1.275640000000000107e-01,-1.727589999999999959e-01,-2.481999999999999831e-02,8.634180000000000188e-01,-1.969180000000000097e-01,1.959339999999999971e-01,1.318429999999999880e-01,-2.251399999999999929e-02,8.769299999999999318e-02,-4.283159999999999745e-01,5.970379999999999576e-01,-4.206810000000000271e-01,-3.397720000000000184e-01,-1.122340000000000004e-01,2.851800000000000168e-02,1.999740000000000129e-01,-1.676350000000000062e-01,-6.405370000000000230e-01,2.516349999999999976e-01,-6.923829999999999707e-01,8.182399999999999396e-02,9.922100000000000364e-02,-6.024499999999999994e-02
5.851699999999999957e-02,3.266950000000000132e-01,7.694809999999999706e-01,8.497390000000000221e-01,-3.937000000000000395e-03,6.664499999999999591e-02,-5.229599999999999804e-01,-5.409549999999999637e-01,1.680919999999999914e-01,8.656999999999999765e-03,6.020269999999999788e-01,-1.311779999999999891e-01,-5.748600000000000237e-02,-1.992990000000000039e-01,-1.843980000000000063e-01,-3.373999999999999916e-02,8.447949999999999626e-01,-1.923880000000000035e-01,1.824209999999999998e-01,1.002610000000000029e-01,-1.864800000000000138e-02,8.651999999999999968e-02,-4.664070000000000160e-01,6.012530000000000374e-01,-4.067930000000000157e-01,-3.199759999999999827e-01,-1.126299999999999940e-01,2.047699999999999868e-02,2.096929999999999905e-01,-1.651539999999999953e-01,-6.416770000000000529e-01,2.701919999999999877e-01,-6.880830000000000002e-01,8.943800000000000361e-02,9.739499999999999547e-02,-6.798099999999999976e-02
5.769200000000000023e-02,3.201220000000000176e-01,7.722350000000000048e-01,8.416280000000000427e-01,-4.089999999999999886e-03,6.488800000000000123e-02,-5.361299999999999955e-01,-5.118289999999999784e-01,1.904440000000000022e-01,3.450000000000000289e-02,5.861939999999999928e-01,-1.342540000000000122e-01,-6.439200000000000479e-02,-2.685060000000000224e-01,-1.990869999999999862e-01,-4.259299999999999892e-02,8.390999999999999570e-01,-1.998780000000000001e-01,1.691499999999999948e-01,7.137999999999999901e-02,-1.489299999999999999e-02,9.242100000000000315e-02,-5.027460000000000262e-01,6.062509999999999843e-01,-3.939199999999999924e-01,-3.124410000000000243e-01,-1.113920000000000049e-01,1.539800000000000023e-02,2.202540000000000053e-01,-1.631710000000000105e-01,-6.471860000000000390e-01,2.819929999999999937e-01,-6.814059999999999562e-01,9.945199999999999874e-02,9.077300000000000646e-02,-7.775400000000000367e-02
5.681400000000000339e-02,3.137079999999999869e-01,7.750150000000000095e-01,8.333559999999999857e-01,-4.523000000000000111e-03,6.328200000000000491e-02,-5.490829999999999878e-01,-4.832839999999999914e-01,2.128609999999999947e-01,5.999899999999999678e-02,5.714740000000000375e-01,-1.376900000000000068e-01,-7.172599999999999809e-02,-3.390349999999999753e-01,-2.141240000000000088e-01,-5.081299999999999706e-02,8.354019999999999779e-01,-2.082189999999999874e-01,1.560590000000000033e-01,4.243500000000000050e-02,-1.056700000000000000e-02,9.850299999999999334e-02,-5.393879999999999786e-01,6.109790000000000498e-01,-3.814540000000000153e-01,-3.061200000000000032e-01,-1.099939999999999946e-01,1.152300000000000026e-02,2.314680000000000071e-01,-1.614069999999999949e-01,-6.531240000000000379e-01,2.929379999999999762e-01,-6.749979999999999869e-01,1.098569999999999963e-01,8.432299999999999518e-02,-8.716500000000000636e-02
5.636100000000000138e-02,3.064450000000000229e-01,7.775499999999999634e-01,8.249809999999999643e-01,-1.593000000000000015e-03,6.189599999999999963e-02,-5.617590000000000083e-01,-4.515120000000000244e-01,2.247030000000000138e-01,8.676899999999999891e-02,5.477699999999999791e-01,-1.346209999999999907e-01,-7.523199999999999332e-02,-3.735720000000000152e-01,-2.209699999999999998e-01,-6.029600000000000237e-02,7.829129999999999701e-01,-2.005119999999999958e-01,1.593700000000000117e-01,2.353399999999999936e-02,-1.127799999999999983e-02,9.968899999999999983e-02,-5.404210000000000402e-01,6.044399999999999773e-01,-3.807349999999999901e-01,-2.738869999999999916e-01,-1.136599999999999971e-01,1.050500000000000045e-02,2.346100000000000130e-01,-1.587139999999999940e-01,-6.717859999999999943e-01,2.940999999999999726e-01,-6.230930000000000080e-01,1.142230000000000051e-01,8.367900000000000338e-02,-9.968200000000000671e-02
5.616199999999999665e-02,2.991659999999999875e-01,7.805370000000000363e-01,8.164029999999999898e-01,2.910000000000000260e-04,6.009799999999999864e-02,-5.743470000000000519e-01,-4.162810000000000121e-01,2.370019999999999905e-01,1.133620000000000044e-01,5.216720000000000246e-01,-1.308159999999999878e-01,-7.936500000000000499e-02,-4.055039999999999756e-01,-2.268759999999999943e-01,-7.033000000000000362e-02,7.283230000000000537e-01,-1.915739999999999943e-01,1.626549999999999940e-01,5.107999999999999693e-03,-9.886999999999999955e-03,1.018550000000000011e-01,-5.407640000000000224e-01,5.963819999999999677e-01,-3.797719999999999985e-01,-2.409419999999999895e-01,-1.166019999999999973e-01,8.614999999999999394e-03,2.368460000000000010e-01,-1.563650000000000040e-01,-6.914430000000000298e-01,2.957190000000000096e-01,-5.683009999999999451e-01,1.186659999999999937e-01,8.021999999999999964e-02,-1.117630000000000012e-01
5.598800000000000304e-02,2.919329999999999981e-01,7.836319999999999952e-01,8.076689999999999703e-01,1.786999999999999960e-03,5.825999999999999929e-02,-5.867480000000000473e-01,-3.802039999999999864e-01,2.490509999999999946e-01,1.397089999999999999e-01,4.948659999999999726e-01,-1.266609999999999958e-01,-8.398700000000000609e-02,-4.378179999999999850e-01,-2.327670000000000017e-01,-8.046699999999999686e-02,6.745600000000000485e-01,-1.827189999999999925e-01,1.659760000000000124e-01,-1.350699999999999991e-02,-7.663999999999999806e-03,1.043919999999999987e-01,-5.411740000000000439e-01,5.880490000000000439e-01,-3.789919999999999956e-01,-2.080269999999999897e-01,-1.193730000000000069e-01,6.801999999999999887e-03,2.395019999999999927e-01,-1.544929999999999914e-01,-7.115850000000000231e-01,2.974399999999999822e-01,-5.137089999999999712e-01,1.231420000000000015e-01,7.721300000000000385e-02,-1.233000000000000068e-01
5.460600000000000176e-02,2.838829999999999965e-01,7.860289999999999777e-01,8.022719999999999851e-01,3.369000000000000033e-03,5.582000000000000156e-02,-5.943340000000000289e-01,-3.374079999999999857e-01,2.537170000000000258e-01,1.652170000000000027e-01,4.526669999999999860e-01,-1.183889999999999942e-01,-8.644899999999999807e-02,-4.387539999999999774e-01,-2.342589999999999950e-01,-9.353000000000000203e-02,5.869820000000000038e-01,-1.729940000000000089e-01,1.727450000000000097e-01,-2.575600000000000112e-02,-8.205000000000000487e-03,9.604899999999999549e-02,-5.473900000000000432e-01,5.801020000000000065e-01,-3.704339999999999855e-01,-2.030830000000000135e-01,-1.215939999999999938e-01,6.899999999999999883e-03,2.424270000000000036e-01,-1.559190000000000020e-01,-7.353730000000000544e-01,2.909410000000000052e-01,-4.381419999999999759e-01,1.259899999999999909e-01,7.758700000000000319e-02,-1.319349999999999967e-01
5.345300000000000051e-02,2.757399999999999851e-01,7.886459999999999582e-01,7.966800000000000548e-01,3.941000000000000059e-03,5.311300000000000049e-02,-6.020499999999999741e-01,-2.918959999999999888e-01,2.590020000000000100e-01,1.911859999999999948e-01,4.089340000000000197e-01,-1.097930000000000017e-01,-9.040199999999999625e-02,-4.378409999999999802e-01,-2.340180000000000038e-01,-1.071000000000000008e-01,4.987099999999999866e-01,-1.627959999999999963e-01,1.797680000000000111e-01,-3.756199999999999817e-02,-7.093000000000000346e-03,8.975600000000000245e-02,-5.533040000000000180e-01,5.717820000000000125e-01,-3.613680000000000225e-01,-1.995450000000000002e-01,-1.233640000000000014e-01,8.262999999999999512e-03,2.455779999999999907e-01,-1.583589999999999998e-01,-7.598700000000000454e-01,2.853229999999999933e-01,-3.614319999999999755e-01,1.287200000000000011e-01,7.713499999999999523e-02,-1.398639999999999883e-01
5.233199999999999658e-02,2.677140000000000075e-01,7.915180000000000549e-01,7.908830000000000027e-01,3.998999999999999951e-03,5.061700000000000227e-02,-6.098569999999999824e-01,-2.461089999999999944e-01,2.645230000000000081e-01,2.169280000000000097e-01,3.651940000000000186e-01,-1.012809999999999960e-01,-9.515999999999999459e-02,-4.374790000000000068e-01,-2.324539999999999940e-01,-1.208489999999999981e-01,4.114010000000000167e-01,-1.528269999999999906e-01,1.870729999999999893e-01,-4.898500000000000076e-02,-4.658999999999999947e-03,8.410199999999999620e-02,-5.595310000000000006e-01,5.631279999999999619e-01,-3.519709999999999783e-01,-1.960409999999999930e-01,-1.249969999999999970e-01,9.761999999999999844e-03,2.487949999999999884e-01,-1.613900000000000057e-01,-7.850740000000000496e-01,2.806330000000000213e-01,-2.844539999999999846e-01,1.312719999999999998e-01,7.657400000000000317e-02,-1.474969999999999892e-01
5.099700000000000066e-02,2.578909999999999814e-01,7.928340000000000387e-01,7.876579999999999693e-01,2.265999999999999785e-03,4.713300000000000128e-02,-6.143030000000000435e-01,-1.949420000000000042e-01,2.647220000000000129e-01,2.252260000000000095e-01,3.175529999999999742e-01,-9.171600000000000585e-02,-1.008450000000000041e-01,-4.134689999999999754e-01,-2.264980000000000049e-01,-1.245689999999999992e-01,3.588489999999999736e-01,-1.171129999999999949e-01,1.872689999999999910e-01,-6.528599999999999681e-02,4.113999999999999602e-03,8.211000000000000243e-02,-5.178460000000000285e-01,5.261500000000000066e-01,-3.486699999999999799e-01,-1.653419999999999890e-01,-1.260550000000000004e-01,1.106200000000000065e-02,2.458869999999999945e-01,-1.494459999999999955e-01,-7.537169999999999703e-01,3.058589999999999920e-01,-2.488070000000000004e-01,1.370589999999999864e-01,7.646000000000000019e-02,-1.491359999999999908e-01
4.960599999999999732e-02,2.478299999999999947e-01,7.943419999999999925e-01,7.844659999999999966e-01,6.310000000000000504e-04,4.392399999999999777e-02,-6.186139999999999972e-01,-1.444509999999999961e-01,2.647720000000000073e-01,2.329600000000000004e-01,2.701160000000000228e-01,-8.243699999999999639e-02,-1.070709999999999995e-01,-3.897829999999999906e-01,-2.206130000000000035e-01,-1.282840000000000091e-01,3.061320000000000152e-01,-8.154400000000000537e-02,1.876869999999999927e-01,-8.201999999999999569e-02,1.269400000000000042e-02,7.913199999999999401e-02,-4.747759999999999758e-01,4.890959999999999752e-01,-3.466210000000000124e-01,-1.359730000000000105e-01,-1.264579999999999871e-01,1.196900000000000047e-02,2.427189999999999903e-01,-1.337309999999999888e-01,-7.216890000000000249e-01,3.304320000000000035e-01,-2.180149999999999866e-01,1.411870000000000069e-01,7.969099999999999795e-02,-1.512340000000000073e-01
4.811900000000000205e-02,2.377710000000000101e-01,7.958389999999999631e-01,7.812139999999999640e-01,-1.002999999999999985e-03,4.082700000000000218e-02,-6.229259999999999797e-01,-9.497400000000000286e-02,2.648670000000000191e-01,2.403329999999999911e-01,2.239960000000000007e-01,-7.379099999999999548e-02,-1.137179999999999996e-01,-3.665070000000000272e-01,-2.146649999999999947e-01,-1.315969999999999918e-01,2.532479999999999731e-01,-4.575100000000000000e-02,1.882759999999999989e-01,-9.850100000000000522e-02,2.114399999999999960e-02,7.629600000000000271e-02,-4.324589999999999823e-01,4.516709999999999892e-01,-3.463140000000000107e-01,-1.067810000000000009e-01,-1.266420000000000046e-01,1.288899999999999942e-02,2.395750000000000102e-01,-1.172710000000000002e-01,-6.894689999999999985e-01,3.547480000000000078e-01,-1.877759999999999985e-01,1.450299999999999923e-01,8.330700000000000605e-02,-1.533640000000000003e-01
4.620599999999999707e-02,2.272220000000000073e-01,7.964250000000000496e-01,7.792419999999999902e-01,-3.674999999999999881e-03,3.933999999999999997e-02,-6.254760000000000320e-01,-5.329500000000000209e-02,2.706990000000000229e-01,2.483760000000000134e-01,1.891700000000000048e-01,-6.297500000000000320e-02,-1.191299999999999998e-01,-3.532410000000000272e-01,-2.079409999999999870e-01,-1.310260000000000036e-01,2.612329999999999930e-01,-3.334000000000000158e-02,1.842870000000000064e-01,-1.165420000000000067e-01,3.487799999999999928e-02,7.496700000000000585e-02,-4.029269999999999796e-01,4.102480000000000016e-01,-3.452219999999999733e-01,-9.906900000000000428e-02,-1.279899999999999927e-01,1.302799999999999965e-02,2.364749999999999908e-01,-8.398600000000000509e-02,-6.626840000000000508e-01,2.782999999999999918e-01,-1.757519999999999916e-01,1.561470000000000080e-01,7.725100000000000022e-02,-1.933010000000000006e-01
4.404999999999999888e-02,2.168400000000000050e-01,7.968889999999999585e-01,7.773539999999999894e-01,-5.824000000000000184e-03,3.764900000000000191e-02,-6.279090000000000504e-01,-1.348099999999999993e-02,2.753550000000000164e-01,2.562639999999999918e-01,1.567999999999999949e-01,-5.317700000000000204e-02,-1.245710000000000012e-01,-3.427350000000000119e-01,-2.028560000000000085e-01,-1.295860000000000067e-01,2.730429999999999802e-01,-2.257800000000000085e-02,1.804099999999999870e-01,-1.316869999999999985e-01,4.729099999999999970e-02,7.335899999999999366e-02,-3.764879999999999893e-01,3.674120000000000164e-01,-3.486040000000000250e-01,-9.072800000000000309e-02,-1.293779999999999930e-01,1.387999999999999998e-02,2.337049999999999961e-01,-4.830000000000000265e-02,-6.351080000000000059e-01,1.982559999999999878e-01,-1.661209999999999909e-01,1.671539999999999970e-01,7.112400000000000666e-02,-2.326660000000000117e-01
4.176200000000000051e-02,2.064469999999999916e-01,7.975029999999999619e-01,7.755269999999999664e-01,-7.740000000000000352e-03,3.571200000000000069e-02,-6.302560000000000384e-01,2.528899999999999898e-02,2.792220000000000257e-01,2.639610000000000012e-01,1.261420000000000041e-01,-4.406999999999999806e-02,-1.300910000000000122e-01,-3.328820000000000112e-01,-1.987379999999999980e-01,-1.277959999999999929e-01,2.854550000000000143e-01,-1.183799999999999956e-02,1.765619999999999967e-01,-1.468820000000000126e-01,5.872000000000000136e-02,7.161700000000000010e-02,-3.506929999999999770e-01,3.244310000000000249e-01,-3.533180000000000209e-01,-8.198800000000000532e-02,-1.308999999999999886e-01,1.471300000000000038e-02,2.309799999999999909e-01,-1.421700000000000047e-02,-6.061689999999999579e-01,1.192320000000000046e-01,-1.565239999999999965e-01,1.780819999999999903e-01,6.470900000000000263e-02,-2.718749999999999778e-01
3.932299999999999685e-02,1.954819999999999891e-01,7.973909999999999609e-01,7.729470000000000507e-01,-8.987000000000000197e-03,3.421899999999999942e-02,-6.334840000000000471e-01,5.040700000000000042e-02,2.863800000000000234e-01,2.699489999999999945e-01,1.237089999999999995e-01,-3.882599999999999940e-02,-1.369299999999999962e-01,-3.205549999999999788e-01,-1.911090000000000011e-01,-1.261750000000000094e-01,2.937210000000000099e-01,-1.085400000000000080e-02,1.713580000000000103e-01,-1.415150000000000019e-01,7.026799999999999713e-02,6.844300000000000384e-02,-3.329679999999999862e-01,3.340000000000000191e-01,-3.169540000000000135e-01,-9.252000000000000501e-02,-1.335830000000000073e-01,1.507900000000000039e-02,2.412999999999999867e-01,7.276000000000000349e-03,-6.077160000000000339e-01,7.782100000000000128e-02,-1.378359999999999863e-01,1.828680000000000028e-01,6.419300000000000006e-02,-2.847410000000000219e-01
3.683499999999999969e-02,1.846460000000000046e-01,7.972380000000000022e-01,7.703999999999999737e-01,-1.025900000000000076e-02,3.302599999999999980e-02,-6.366220000000000212e-01,7.389700000000000435e-02,2.942199999999999815e-01,2.755859999999999976e-01,1.231440000000000035e-01,-3.439099999999999796e-02,-1.436689999999999912e-01,-3.086320000000000174e-01,-1.829850000000000088e-01,-1.249880000000000019e-01,3.013279999999999847e-01,-9.339000000000000079e-03,1.659789999999999877e-01,-1.394829999999999959e-01,8.195800000000000307e-02,6.527900000000000369e-02,-3.134480000000000044e-01,3.445940000000000114e-01,-2.772510000000000252e-01,-1.042789999999999967e-01,-1.370619999999999894e-01,1.575400000000000064e-02,2.518909999999999760e-01,2.394500000000000101e-02,-6.092109999999999470e-01,4.079800000000000093e-02,-1.164960000000000023e-01,1.884709999999999996e-01,6.376800000000000523e-02,-2.974919999999999787e-01
3.420499999999999929e-02,1.738530000000000075e-01,7.972359999999999447e-01,7.678970000000000518e-01,-1.152399999999999952e-02,3.184399999999999731e-02,-6.396770000000000511e-01,9.715000000000000024e-02,3.019560000000000022e-01,2.811480000000000090e-01,1.228420000000000067e-01,-2.996599999999999958e-02,-1.503029999999999922e-01,-2.967739999999999823e-01,-1.749269999999999992e-01,-1.239100000000000062e-01,3.088380000000000014e-01,-7.764000000000000068e-03,1.606630000000000003e-01,-1.381580000000000030e-01,9.347500000000000253e-02,6.211300000000000154e-02,-2.932489999999999819e-01,3.546759999999999913e-01,-2.363550000000000095e-01,-1.161019999999999969e-01,-1.404749999999999888e-01,1.627299999999999927e-02,2.619460000000000122e-01,3.977100000000000080e-02,-6.106559999999999766e-01,4.742999999999999820e-03,-9.366700000000000026e-02,1.943290000000000017e-01,6.231199999999999933e-02,-3.100899999999999768e-01
2.978799999999999851e-02,1.640169999999999961e-01,7.965759999999999508e-01,7.657270000000000465e-01,-1.254199999999999933e-02,3.300499999999999962e-02,-6.421959999999999891e-01,1.142040000000000000e-01,3.139739999999999753e-01,2.934889999999999999e-01,1.197799999999999976e-01,-2.205700000000000022e-02,-1.271579999999999933e-01,-2.830210000000000226e-01,-1.593100000000000072e-01,-1.231949999999999990e-01,3.054950000000000165e-01,-1.669400000000000051e-02,1.530749999999999889e-01,-1.385589999999999877e-01,1.043449999999999933e-01,6.767700000000000105e-02,-2.312829999999999886e-01,3.762699999999999934e-01,-2.273670000000000135e-01,-9.629799999999999471e-02,-1.434149999999999869e-01,1.947799999999999879e-02,2.585589999999999833e-01,6.671100000000000640e-02,-6.246540000000000425e-01,-1.025299999999999996e-02,-3.829799999999999871e-02,2.084769999999999956e-01,6.092899999999999705e-02,-3.113830000000000209e-01
2.542399999999999868e-02,1.540459999999999885e-01,7.961000000000000298e-01,7.635520000000000085e-01,-1.347699999999999940e-02,3.440000000000000002e-02,-6.446889999999999565e-01,1.312740000000000018e-01,3.261589999999999767e-01,3.060550000000000215e-01,1.165319999999999967e-01,-1.454599999999999990e-02,-1.040709999999999968e-01,-2.690719999999999779e-01,-1.433089999999999919e-01,-1.225720000000000004e-01,3.009180000000000188e-01,-2.522399999999999989e-02,1.454999999999999905e-01,-1.395939999999999959e-01,1.151770000000000016e-01,7.173999999999999821e-02,-1.664720000000000089e-01,3.967840000000000256e-01,-2.172199999999999964e-01,-7.645799999999999819e-02,-1.462400000000000089e-01,2.125600000000000059e-02,2.550520000000000009e-01,9.296500000000000596e-02,-6.390649999999999942e-01,-2.377200000000000146e-02,2.109300000000000064e-02,2.238700000000000134e-01,5.668900000000000328e-02,-3.112800000000000011e-01
2.108099999999999904e-02,1.440490000000000104e-01,7.957109999999999461e-01,7.614159999999999817e-01,-1.432600000000000019e-02,3.583100000000000174e-02,-6.471149999999999958e-01,1.483919999999999961e-01,3.382249999999999979e-01,3.186559999999999948e-01,1.132569999999999966e-01,-7.403999999999999991e-03,-8.092499999999999694e-02,-2.550799999999999734e-01,-1.272770000000000012e-01,-1.219110000000000055e-01,2.958319999999999839e-01,-3.358699999999999880e-02,1.379859999999999975e-01,-1.410210000000000075e-01,1.258140000000000092e-01,7.570200000000000540e-02,-1.005209999999999992e-01,4.158149999999999902e-01,-2.058089999999999919e-01,-5.675299999999999789e-02,-1.488180000000000058e-01,2.287000000000000144e-02,2.514759999999999773e-01,1.190650000000000042e-01,-6.533330000000000526e-01,-3.699199999999999711e-02,8.139599999999999613e-02,2.392650000000000055e-01,5.203200000000000186e-02,-3.101289999999999880e-01
1.690600000000000089e-02,1.333270000000000011e-01,7.971409999999999885e-01,7.588519999999999710e-01,-1.295199999999999997e-02,3.483100000000000085e-02,-6.502019999999999467e-01,1.430359999999999965e-01,3.262120000000000020e-01,3.105809999999999960e-01,1.308890000000000053e-01,-1.725399999999999850e-02,-3.423699999999999660e-02,-2.301189999999999902e-01,-1.180400000000000060e-01,-1.221679999999999988e-01,2.723130000000000273e-01,-3.778499999999999914e-02,1.319269999999999887e-01,-1.380069999999999908e-01,1.299599999999999922e-01,8.108799999999999342e-02,-2.756300000000000069e-02,4.228120000000000211e-01,-2.019700000000000106e-01,-3.198700000000000154e-02,-1.528200000000000114e-01,2.351999999999999924e-02,2.493209999999999871e-01,1.474840000000000040e-01,-6.496579999999999577e-01,-5.320199999999999929e-02,1.154160000000000047e-01,2.487640000000000129e-01,4.585600000000000093e-02,-3.204429999999999779e-01
1.267199999999999924e-02,1.225289999999999990e-01,7.987119999999999775e-01,7.563210000000000210e-01,-1.122300000000000034e-02,3.394400000000000195e-02,-6.532229999999999981e-01,1.357679999999999998e-01,3.137010000000000076e-01,3.012880000000000003e-01,1.507179999999999909e-01,-2.739000000000000115e-02,1.234500000000000007e-02,-2.048959999999999948e-01,-1.090969999999999995e-01,-1.223100000000000021e-01,2.469490000000000018e-01,-4.111200000000000271e-02,1.257830000000000059e-01,-1.339549999999999907e-01,1.333179999999999921e-01,8.548300000000000343e-02,4.519200000000000300e-02,4.287190000000000167e-01,-1.992690000000000017e-01,-7.093999999999999612e-03,-1.563309999999999977e-01,2.418500000000000164e-02,2.479709999999999970e-01,1.790460000000000107e-01,-6.443670000000000231e-01,-7.061199999999999422e-02,1.449809999999999988e-01,2.570569999999999800e-01,4.244499999999999662e-02,-3.321370000000000156e-01
8.387000000000000358e-03,1.115860000000000046e-01,8.002099999999999769e-01,7.537610000000000143e-01,-9.268000000000000196e-03,3.290499999999999675e-02,-6.562590000000000368e-01,1.278720000000000134e-01,3.003120000000000234e-01,2.913209999999999966e-01,1.715849999999999875e-01,-3.734699999999999825e-02,5.876100000000000073e-02,-1.795960000000000056e-01,-1.006520000000000054e-01,-1.219670000000000060e-01,2.212939999999999907e-01,-4.434199999999999947e-02,1.196369999999999933e-01,-1.293509999999999938e-01,1.359350000000000003e-01,8.946700000000000486e-02,1.179690000000000044e-01,4.333790000000000142e-01,-1.962969999999999993e-01,1.829799999999999829e-02,-1.594649999999999956e-01,2.469100000000000114e-02,2.461289999999999867e-01,2.116899999999999893e-01,-6.386190000000000477e-01,-8.829599999999999949e-02,1.740939999999999988e-01,2.652180000000000093e-01,3.908999999999999975e-02,-3.436270000000000158e-01
4.471000000000000148e-03,1.007780000000000065e-01,8.026389999999999914e-01,7.498829999999999663e-01,-7.839000000000000482e-03,3.138099999999999917e-02,-6.607790000000000052e-01,9.672100000000000142e-02,2.834499999999999797e-01,2.710819999999999896e-01,2.043999999999999984e-01,-6.219700000000000228e-02,4.999300000000000271e-02,-1.573869999999999991e-01,-9.240600000000000203e-02,-1.170309999999999961e-01,2.030569999999999875e-01,-4.170200000000000295e-02,1.141070000000000001e-01,-1.163000000000000006e-01,1.306090000000000029e-01,9.207999999999999519e-02,1.626460000000000128e-01,4.373139999999999805e-01,-1.999970000000000081e-01,7.071700000000000208e-02,-1.638000000000000012e-01,2.749800000000000161e-02,2.364429999999999865e-01,2.501459999999999795e-01,-6.554969999999999963e-01,-8.651399999999999368e-02,2.170330000000000037e-01,2.688610000000000166e-01,4.026899999999999924e-02,-3.304549999999999987e-01
4.139999999999999800e-04,9.025800000000000489e-02,8.050410000000000066e-01,7.459480000000000555e-01,-5.512999999999999672e-03,2.986600000000000019e-02,-6.653109999999999857e-01,6.188599999999999657e-02,2.652919999999999723e-01,2.508759999999999879e-01,2.417140000000000122e-01,-8.932400000000000062e-02,4.128500000000000225e-02,-1.374720000000000109e-01,-8.583899999999999864e-02,-1.113510000000000055e-01,1.857419999999999904e-01,-3.895699999999999857e-02,1.085119999999999973e-01,-1.023619999999999947e-01,1.244070000000000037e-01,9.328000000000000180e-02,2.038240000000000052e-01,4.399390000000000245e-01,-2.045639999999999958e-01,1.286080000000000001e-01,-1.677939999999999987e-01,2.800700000000000064e-02,2.260000000000000064e-01,2.871110000000000051e-01,-6.721740000000000492e-01,-8.527400000000000257e-02,2.634719999999999840e-01,2.725810000000000177e-01,3.999599999999999683e-02,-3.152599999999999847e-01
-3.625999999999999883e-03,7.988599999999999868e-02,8.075949999999999518e-01,7.420039999999999969e-01,-2.480000000000000000e-03,2.799199999999999952e-02,-6.698060000000000125e-01,2.552499999999999908e-02,2.451710000000000000e-01,2.312960000000000016e-01,2.811190000000000078e-01,-1.176279999999999964e-01,3.268900000000000278e-02,-1.187209999999999932e-01,-8.129300000000000415e-02,-1.050269999999999954e-01,1.691650000000000098e-01,-3.612900000000000139e-02,1.031460000000000016e-01,-8.821500000000000175e-02,1.167020000000000002e-01,9.408700000000000396e-02,2.441369999999999929e-01,4.417420000000000235e-01,-2.086339999999999861e-01,1.880469999999999919e-01,-1.709050000000000014e-01,2.772900000000000018e-02,2.146560000000000135e-01,3.239279999999999937e-01,-6.875919999999999810e-01,-8.438400000000000067e-02,3.108560000000000212e-01,2.754380000000000162e-01,3.893800000000000039e-02,-2.995039999999999925e-01
-5.387000000000000295e-03,7.153800000000000436e-02,8.091369999999999951e-01,7.395439999999999792e-01,-2.148999999999999869e-03,2.901099999999999859e-02,-6.724799999999999667e-01,2.674999999999999861e-03,2.270099999999999896e-01,2.117620000000000058e-01,2.745739999999999847e-01,-1.340300000000000102e-01,8.984999999999999931e-03,-1.079480000000000023e-01,-7.392600000000000560e-02,-1.018929999999999975e-01,1.646920000000000051e-01,-3.214100000000000290e-02,9.897499999999999354e-02,-7.320699999999999430e-02,1.194189999999999974e-01,9.169700000000000073e-02,2.807979999999999920e-01,4.467610000000000192e-01,-2.224450000000000038e-01,2.095390000000000030e-01,-1.738609999999999878e-01,2.637000000000000108e-02,1.962790000000000090e-01,3.447899999999999854e-01,-7.007379999999999720e-01,-7.277799999999999547e-02,3.624430000000000152e-01,2.804200000000000026e-01,3.998999999999999777e-02,-2.783510000000000151e-01
-7.171000000000000291e-03,6.323600000000000054e-02,8.108889999999999709e-01,7.371619999999999839e-01,-1.399999999999999986e-03,2.924300000000000163e-02,-6.750819999999999599e-01,-1.808299999999999838e-02,2.067199999999999871e-01,1.932760000000000034e-01,2.655120000000000258e-01,-1.493800000000000128e-01,-1.407399999999999970e-02,-9.712099999999999900e-02,-6.857099999999999307e-02,-9.821000000000000563e-02,1.615669999999999884e-01,-2.881299999999999834e-02,9.484399999999999775e-02,-5.943999999999999978e-02,1.198499999999999982e-01,8.994299999999999518e-02,3.195129999999999915e-01,4.517970000000000041e-01,-2.345210000000000072e-01,2.279229999999999867e-01,-1.764100000000000112e-01,2.737300000000000150e-02,1.783909999999999940e-01,3.636229999999999740e-01,-7.131229999999999514e-01,-5.963600000000000151e-02,4.154200000000000115e-01,2.844920000000000226e-01,4.086800000000000155e-02,-2.567189999999999750e-01
-9.143000000000000085e-03,5.501299999999999940e-02,8.126459999999999795e-01,7.348670000000000480e-01,-3.130000000000000187e-04,2.904500000000000137e-02,-6.775889999999999969e-01,-3.827799999999999953e-02,1.852389999999999870e-01,1.753750000000000031e-01,2.559799999999999853e-01,-1.647099999999999953e-01,-3.660299999999999665e-02,-8.628500000000000059e-02,-6.452800000000000202e-02,-9.440600000000000380e-02,1.587830000000000075e-01,-2.559799999999999923e-02,9.080499999999999683e-02,-4.636799999999999949e-02,1.188359999999999972e-01,8.842600000000000460e-02,3.587980000000000058e-01,4.565919999999999979e-01,-2.454550000000000065e-01,2.458680000000000032e-01,-1.785049999999999970e-01,2.887999999999999942e-02,1.605469999999999953e-01,3.817470000000000030e-01,-7.244490000000000096e-01,-4.587600000000000011e-02,4.684409999999999963e-01,2.874220000000000108e-01,4.185500000000000331e-02,-2.349999999999999867e-01
-8.675999999999999684e-03,4.766100000000000197e-02,8.131650000000000267e-01,7.309229999999999894e-01,-4.550000000000000008e-04,3.171999999999999820e-02,-6.817220000000000502e-01,-4.701500000000000123e-02,1.806429999999999980e-01,1.722859999999999947e-01,2.236239999999999895e-01,-1.551019999999999899e-01,-4.308800000000000130e-02,-8.017799999999999927e-02,-5.718899999999999678e-02,-8.910600000000000465e-02,1.546069999999999944e-01,-2.223400000000000029e-02,9.067100000000000160e-02,-3.449200000000000182e-02,1.224279999999999952e-01,8.307000000000000495e-02,3.860729999999999995e-01,4.527039999999999953e-01,-2.314329999999999998e-01,2.618190000000000239e-01,-1.813569999999999904e-01,3.067699999999999941e-02,1.624929999999999986e-01,4.000099999999999767e-01,-7.353049999999999864e-01,-4.308200000000000224e-02,4.967269999999999741e-01,2.885289999999999799e-01,4.330699999999999827e-02,-2.195209999999999939e-01
-8.297000000000000555e-03,4.048899999999999721e-02,8.136079999999999979e-01,7.266420000000000101e-01,-1.056000000000000081e-03,3.356100000000000055e-02,-6.861949999999999994e-01,-5.465500000000000219e-02,1.759110000000000118e-01,1.700309999999999877e-01,1.934629999999999961e-01,-1.468150000000000011e-01,-4.965699999999999975e-02,-7.341899999999999815e-02,-5.026699999999999918e-02,-8.278099999999999348e-02,1.526649999999999952e-01,-1.990099999999999855e-02,9.048499999999999599e-02,-2.214400000000000049e-02,1.253380000000000050e-01,8.009600000000000053e-02,4.103100000000000080e-01,4.481310000000000016e-01,-2.173899999999999999e-01,2.816930000000000267e-01,-1.845229999999999926e-01,3.150300000000000322e-02,1.639410000000000034e-01,4.148780000000000245e-01,-7.459369999999999612e-01,-3.912899999999999712e-02,5.283409999999999496e-01,2.888999999999999901e-01,4.481999999999999873e-02,-2.038629999999999887e-01
-8.019000000000000086e-03,3.337400000000000089e-02,8.142059999999999853e-01,7.223399999999999821e-01,-1.649000000000000075e-03,3.499300000000000327e-02,-6.906510000000000149e-01,-6.200900000000000162e-02,1.705550000000000122e-01,1.677400000000000002e-01,1.638630000000000086e-01,-1.387710000000000055e-01,-5.614500000000000046e-02,-6.619099999999999984e-02,-4.396699999999999914e-02,-7.623299999999999521e-02,1.510269999999999946e-01,-1.771400000000000058e-02,9.030599999999999739e-02,-1.003599999999999978e-02,1.274659999999999960e-01,7.794700000000000240e-02,4.337239999999999984e-01,4.434040000000000203e-01,-2.030760000000000065e-01,3.026550000000000074e-01,-1.877489999999999992e-01,3.176199999999999857e-02,1.651140000000000108e-01,4.287710000000000132e-01,-7.561120000000000063e-01,-3.480699999999999766e-02,5.608009999999999939e-01,2.888310000000000044e-01,4.603700000000000153e-02,-1.880880000000000052e-01
-7.277999999999999747e-03,2.704300000000000107e-02,8.141490000000000116e-01,7.201480000000000103e-01,-2.413000000000000214e-03,3.556600000000000039e-02,-6.929039999999999644e-01,-5.972299999999999831e-02,1.667859999999999898e-01,1.661920000000000064e-01,1.500740000000000129e-01,-1.293300000000000005e-01,-5.594600000000000267e-02,-5.732399999999999995e-02,-4.124099999999999988e-02,-7.255200000000000538e-02,1.500799999999999912e-01,-2.089900000000000091e-02,8.992500000000000493e-02,-7.263999999999999624e-03,1.274899999999999922e-01,7.463899999999999701e-02,4.419310000000000183e-01,4.447260000000000102e-01,-1.880729999999999902e-01,3.380690000000000084e-01,-1.902399999999999924e-01,3.319899999999999934e-02,1.676620000000000055e-01,4.379680000000000240e-01,-7.656220000000000248e-01,-2.867700000000000110e-02,5.886569999999999858e-01,2.845960000000000156e-01,4.741900000000000281e-02,-1.785420000000000063e-01
-6.514999999999999958e-03,2.073200000000000043e-02,8.141070000000000251e-01,7.181220000000000381e-01,-3.415000000000000067e-03,3.585499999999999798e-02,-6.949849999999999639e-01,-5.698099999999999693e-02,1.628769999999999940e-01,1.641150000000000109e-01,1.364249999999999907e-01,-1.197779999999999956e-01,-5.581400000000000250e-02,-4.767099999999999810e-02,-3.854400000000000187e-02,-6.935399999999999898e-02,1.491659999999999930e-01,-2.406499999999999959e-02,8.951599999999999835e-02,-5.146000000000000400e-03,1.274339999999999917e-01,7.268499999999999961e-02,4.484179999999999833e-01,4.460790000000000033e-01,-1.728449999999999986e-01,3.755809999999999982e-01,-1.928970000000000129e-01,3.371400000000000091e-02,1.697670000000000012e-01,4.473960000000000159e-01,-7.743430000000000035e-01,-2.275500000000000092e-02,6.147359999999999491e-01,2.797549999999999759e-01,4.973199999999999843e-02,-1.702120000000000022e-01
-5.871000000000000350e-03,1.453800000000000057e-02,8.140810000000000546e-01,7.161149999999999460e-01,-4.478000000000000209e-03,3.601100000000000134e-02,-6.970380000000000464e-01,-5.397699999999999720e-02,1.588459999999999872e-01,1.619970000000000021e-01,1.227290000000000048e-01,-1.101789999999999992e-01,-5.569500000000000145e-02,-3.771800000000000153e-02,-3.595500000000000085e-02,-6.618100000000000371e-02,1.482209999999999916e-01,-2.722300000000000067e-02,8.907800000000000440e-02,-3.067999999999999981e-03,1.273179999999999867e-01,7.112400000000000666e-02,4.544469999999999898e-01,4.475970000000000226e-01,-1.576440000000000063e-01,4.136600000000000277e-01,-1.956160000000000121e-01,3.391299999999999870e-02,1.716310000000000058e-01,4.570060000000000233e-01,-7.826539999999999608e-01,-1.702000000000000041e-02,6.403119999999999923e-01,2.745509999999999895e-01,5.231299999999999839e-02,-1.622250000000000081e-01
-5.296000000000000360e-03,8.985999999999999197e-03,8.139380000000000503e-01,7.147529999999999717e-01,-5.435999999999999860e-03,3.519499999999999712e-02,-6.984690000000000065e-01,-4.780500000000000027e-02,1.543690000000000062e-01,1.526409999999999989e-01,1.227280000000000038e-01,-1.095519999999999966e-01,-5.668900000000000328e-02,-2.678900000000000031e-02,-3.594800000000000079e-02,-6.525400000000000644e-02,1.470909999999999995e-01,-3.135000000000000286e-02,8.888200000000000267e-02,-6.897000000000000353e-03,1.244190000000000018e-01,6.741900000000000670e-02,4.577049999999999730e-01,4.455609999999999848e-01,-1.451669999999999905e-01,4.610879999999999979e-01,-1.990609999999999880e-01,3.506200000000000289e-02,1.714100000000000068e-01,4.619320000000000093e-01,-7.846070000000000544e-01,-2.085599999999999954e-02,6.691420000000000146e-01,2.754369999999999874e-01,5.308800000000000324e-02,-1.571670000000000011e-01
-4.799000000000000314e-03,3.412999999999999801e-03,8.137950000000000461e-01,7.134439999999999671e-01,-6.552999999999999797e-03,3.433699999999999947e-02,-6.998400000000000176e-01,-4.194300000000000112e-02,1.501029999999999864e-01,1.430089999999999972e-01,1.238989999999999952e-01,-1.092780000000000001e-01,-5.767599999999999810e-02,-1.564899999999999972e-02,-3.547700000000000159e-02,-6.379600000000000548e-02,1.460339999999999971e-01,-3.586899999999999811e-02,8.855300000000000671e-02,-1.057800000000000060e-02,1.218290000000000067e-01,6.417200000000000681e-02,4.597580000000000000e-01,4.438050000000000050e-01,-1.330949999999999911e-01,5.097380000000000244e-01,-2.025019999999999876e-01,3.572299999999999781e-02,1.708050000000000124e-01,4.669929999999999914e-01,-7.863569999999999727e-01,-2.517199999999999993e-02,6.981070000000000331e-01,2.763360000000000261e-01,5.356400000000000050e-02,-1.521849999999999870e-01
-4.304999999999999799e-03,-2.056999999999999801e-03,8.136539999999999884e-01,7.121150000000000535e-01,-7.694999999999999583e-03,3.346699999999999675e-02,-7.012230000000000407e-01,-3.606899999999999690e-02,1.458460000000000034e-01,1.334009999999999918e-01,1.252030000000000087e-01,-1.090649999999999953e-01,-5.871599999999999736e-02,-4.474999999999999811e-03,-3.498099999999999821e-02,-6.231899999999999940e-02,1.449880000000000058e-01,-4.037000000000000310e-02,8.820400000000000462e-02,-1.408500000000000030e-02,1.193059999999999954e-01,6.098699999999999954e-02,4.614750000000000241e-01,4.423860000000000015e-01,-1.212440000000000045e-01,5.587269999999999737e-01,-2.059499999999999942e-01,3.624399999999999844e-02,1.700109999999999955e-01,4.721759999999999846e-01,-7.879439999999999777e-01,-2.965800000000000033e-02,7.270410000000000483e-01,2.770520000000000205e-01,5.401600000000000151e-02,-1.471780000000000033e-01
-3.171000000000000207e-03,-7.429999999999999973e-03,8.134510000000000352e-01,7.128400000000000292e-01,-8.798000000000000265e-03,3.230999999999999844e-02,-7.005270000000000108e-01,-2.756300000000000069e-02,1.410260000000000125e-01,1.202649999999999969e-01,1.267230000000000023e-01,-1.007239999999999941e-01,-5.909500000000000169e-02,8.031999999999999210e-03,-3.706399999999999972e-02,-6.599099999999999411e-02,1.445670000000000011e-01,-4.490100000000000341e-02,8.905699999999999728e-02,-1.995299999999999851e-02,1.168310000000000043e-01,5.703699999999999742e-02,4.607040000000000024e-01,4.438219999999999943e-01,-1.098530000000000062e-01,5.858010000000000161e-01,-2.100390000000000035e-01,3.368100000000000260e-02,1.705859999999999876e-01,4.787790000000000101e-01,-7.822480000000000544e-01,-4.179299999999999682e-02,7.561989999999999545e-01,2.815869999999999762e-01,5.415899999999999881e-02,-1.498180000000000067e-01
-1.965999999999999866e-03,-1.283499999999999919e-02,8.131629999999999692e-01,7.136430000000000273e-01,-9.948000000000000245e-03,3.102299999999999849e-02,-6.997520000000000406e-01,-1.851200000000000068e-02,1.359839999999999938e-01,1.069999999999999979e-01,1.277339999999999864e-01,-9.218999999999999417e-02,-5.946699999999999903e-02,2.087900000000000172e-02,-3.936100000000000015e-02,-6.978299999999999781e-02,1.443170000000000008e-01,-4.990200000000000191e-02,8.991100000000000481e-02,-2.545999999999999999e-02,1.140290000000000054e-01,5.340299999999999908e-02,4.605179999999999829e-01,4.459440000000000071e-01,-9.901699999999999391e-02,6.107470000000000399e-01,-2.143980000000000052e-01,3.246999999999999886e-02,1.717500000000000138e-01,4.863179999999999725e-01,-7.758230000000000404e-01,-5.458600000000000257e-02,7.845339999999999536e-01,2.860900000000000110e-01,5.446700000000000153e-02,-1.530090000000000061e-01
-8.570000000000000144e-04,-1.825299999999999839e-02,8.129690000000000527e-01,7.144340000000000135e-01,-1.111200000000000035e-02,2.970499999999999877e-02,-6.989840000000000497e-01,-9.287999999999999381e-03,1.309059999999999946e-01,9.375799999999999412e-02,1.286390000000000033e-01,-8.361799999999999788e-02,-5.985200000000000242e-02,3.381900000000000184e-02,-4.170000000000000095e-02,-7.355799999999999839e-02,1.440899999999999959e-01,-5.494500000000000078e-02,9.078100000000000058e-02,-3.076299999999999868e-02,1.111720000000000069e-01,4.977800000000000280e-02,4.604289999999999772e-01,4.483440000000000203e-01,-8.836800000000000210e-02,6.352959999999999718e-01,-2.188420000000000087e-01,3.163699999999999846e-02,1.729819999999999969e-01,4.941420000000000257e-01,-7.692539999999999933e-01,-6.743399999999999395e-02,8.126139999999999475e-01,2.905639999999999890e-01,5.488500000000000323e-02,-1.562139999999999918e-01
7.399999999999999894e-04,-2.313000000000000125e-02,8.128990000000000382e-01,7.142739999999999645e-01,-1.160699999999999926e-02,2.903499999999999831e-02,-6.991680000000000117e-01,6.909999999999999910e-04,1.280669999999999864e-01,8.903600000000000403e-02,1.290810000000000013e-01,-7.489899999999999336e-02,-6.088199999999999862e-02,4.302500000000000074e-02,-4.394100000000000089e-02,-7.215900000000000092e-02,1.439930000000000099e-01,-5.681699999999999945e-02,9.250600000000000489e-02,-3.456700000000000050e-02,1.089129999999999959e-01,4.501100000000000240e-02,4.582260000000000222e-01,4.469779999999999864e-01,-8.086899999999999644e-02,6.607950000000000212e-01,-2.225270000000000026e-01,3.165099999999999858e-02,1.738270000000000093e-01,4.985330000000000039e-01,-7.626640000000000086e-01,-7.349700000000000677e-02,8.290600000000000191e-01,2.926420000000000132e-01,5.602100000000000135e-02,-1.546839999999999882e-01
2.255000000000000060e-03,-2.800700000000000064e-02,8.127520000000000300e-01,7.140079999999999760e-01,-1.196999999999999974e-02,2.849399999999999850e-02,-6.994550000000000489e-01,1.032800000000000037e-02,1.253080000000000027e-01,8.465499999999999414e-02,1.295149999999999912e-01,-6.611300000000000510e-02,-6.190299999999999969e-02,5.173599999999999727e-02,-4.617999999999999883e-02,-7.056800000000000572e-02,1.439330000000000054e-01,-5.870299999999999824e-02,9.425999999999999657e-02,-3.825100000000000028e-02,1.066890000000000061e-01,3.989100000000000285e-02,4.560600000000000209e-01,4.454659999999999731e-01,-7.320899999999999630e-02,6.863620000000000276e-01,-2.260570000000000079e-01,3.174300000000000038e-02,1.747340000000000004e-01,5.030540000000000012e-01,-7.561250000000000471e-01,-7.947899999999999410e-02,8.444819999999999549e-01,2.945570000000000133e-01,5.812699999999999811e-02,-1.533170000000000088e-01
3.856000000000000053e-03,-3.289099999999999663e-02,8.127010000000000067e-01,7.137320000000000331e-01,-1.228899999999999958e-02,2.797600000000000087e-02,-6.997520000000000406e-01,1.986399999999999971e-02,1.225379999999999941e-01,8.028699999999999726e-02,1.299760000000000082e-01,-5.733400000000000302e-02,-6.292599999999999583e-02,6.032400000000000262e-02,-4.845800000000000107e-02,-6.897000000000000353e-02,1.439110000000000111e-01,-6.060399999999999815e-02,9.601899999999999324e-02,-4.189799999999999774e-02,1.044400000000000051e-01,3.463700000000000112e-02,4.539020000000000277e-01,4.440779999999999728e-01,-6.560299999999999465e-02,7.119529999999999470e-01,-2.295729999999999993e-01,3.185099999999999737e-02,1.755899999999999961e-01,5.076319999999999721e-01,-7.495420000000000416e-01,-8.542299999999999893e-02,8.596780000000000532e-01,2.964370000000000061e-01,6.044800000000000173e-02,-1.520120000000000082e-01
6.112000000000000245e-03,-3.656399999999999928e-02,8.123770000000000158e-01,7.133829999999999893e-01,-1.211800000000000030e-02,2.668699999999999892e-02,-7.001610000000000333e-01,2.836400000000000032e-02,1.168239999999999973e-01,7.865900000000000669e-02,1.304279999999999884e-01,-5.231600000000000139e-02,-6.210799999999999654e-02,6.782499999999999640e-02,-5.403700000000000170e-02,-6.686200000000000476e-02,1.433740000000000014e-01,-6.463599999999999901e-02,9.962600000000000622e-02,-4.305599999999999705e-02,9.830800000000000649e-02,3.088799999999999879e-02,4.574500000000000233e-01,4.424679999999999724e-01,-5.361799999999999899e-02,7.193040000000000544e-01,-2.309529999999999916e-01,3.118999999999999898e-02,1.732450000000000101e-01,5.193389999999999951e-01,-7.425490000000000146e-01,-9.616700000000000248e-02,8.618689999999999962e-01,2.953230000000000022e-01,6.169800000000000284e-02,-1.474660000000000137e-01
8.366999999999999438e-03,-4.045499999999999791e-02,8.121279999999999610e-01,7.129950000000000454e-01,-1.179400000000000066e-02,2.544400000000000134e-02,-7.006080000000000085e-01,3.683000000000000163e-02,1.109539999999999971e-01,7.713499999999999523e-02,1.307480000000000031e-01,-4.735799999999999732e-02,-6.128700000000000120e-02,7.510200000000000209e-02,-5.983999999999999736e-02,-6.481900000000000162e-02,1.430359999999999965e-01,-6.908000000000000251e-02,1.033040000000000069e-01,-4.371499999999999692e-02,9.200300000000000145e-02,2.662799999999999889e-02,4.626430000000000264e-01,4.410149999999999904e-01,-4.162199999999999928e-02,7.237050000000000427e-01,-2.319809999999999928e-01,3.198000000000000148e-02,1.711660000000000126e-01,5.330540000000000278e-01,-7.347799999999999887e-01,-1.081570000000000031e-01,8.616470000000000518e-01,2.935989999999999989e-01,6.377499999999999836e-02,-1.429789999999999950e-01
1.061899999999999997e-02,-4.437599999999999878e-02,8.117959999999999621e-01,7.125789999999999624e-01,-1.142100000000000060e-02,2.424499999999999919e-02,-7.010800000000000365e-01,4.521000000000000019e-02,1.050959999999999950e-01,7.563300000000000578e-02,1.310489999999999988e-01,-4.241999999999999937e-02,-6.047399999999999998e-02,8.224800000000000166e-02,-6.567800000000000027e-02,-6.280499999999999972e-02,1.427460000000000118e-01,-7.357500000000000151e-02,1.069950000000000068e-01,-4.410599999999999937e-02,8.571399999999999852e-02,2.212799999999999837e-02,4.680759999999999921e-01,4.395540000000000003e-01,-2.981599999999999875e-02,7.274810000000000443e-01,-2.329869999999999997e-01,3.321700000000000347e-02,1.692240000000000133e-01,5.472409999999999775e-01,-7.266280000000000516e-01,-1.204080000000000011e-01,8.607449999999999823e-01,2.917310000000000181e-01,6.615100000000000147e-02,-1.385969999999999980e-01
1.245699999999999932e-02,-4.782600000000000046e-02,8.115590000000000304e-01,7.105409999999999782e-01,-9.905999999999999875e-03,2.377699999999999952e-02,-7.031840000000000312e-01,5.087400000000000255e-02,9.986200000000000632e-02,8.076800000000000646e-02,1.309299999999999908e-01,-3.949799999999999839e-02,-5.934999999999999998e-02,8.449700000000000266e-02,-7.103600000000000192e-02,-5.492899999999999866e-02,1.419890000000000041e-01,-7.754800000000000582e-02,1.122869999999999979e-01,-4.056799999999999989e-02,7.849100000000000521e-02,1.883100000000000052e-02,4.694240000000000079e-01,4.409689999999999999e-01,-2.059100000000000166e-02,7.197829999999999506e-01,-2.338909999999999878e-01,3.252900000000000236e-02,1.692420000000000035e-01,5.549290000000000056e-01,-7.244080000000000519e-01,-1.210589999999999999e-01,8.524570000000000203e-01,2.842060000000000142e-01,6.934200000000000086e-02,-1.317309999999999870e-01
1.419699999999999955e-02,-5.134400000000000075e-02,8.112430000000000474e-01,7.083589999999999609e-01,-8.212000000000000549e-03,2.349599999999999952e-02,-7.054129999999999567e-01,5.588100000000000012e-02,9.471999999999999864e-02,8.608799999999999786e-02,1.310429999999999928e-01,-3.668300000000000033e-02,-5.829000000000000153e-02,8.591899999999999538e-02,-7.635999999999999732e-02,-4.685600000000000181e-02,1.415160000000000029e-01,-8.160799999999999998e-02,1.175220000000000015e-01,-3.731500000000000095e-02,7.106600000000000417e-02,1.511099999999999943e-02,4.716210000000000124e-01,4.421599999999999975e-01,-1.071599999999999983e-02,7.108889999999999931e-01,-2.348830000000000084e-01,3.248100000000000293e-02,1.698050000000000115e-01,5.614700000000000246e-01,-7.223610000000000309e-01,-1.206929999999999947e-01,8.445240000000000524e-01,2.765529999999999933e-01,7.296999999999999320e-02,-1.248340000000000005e-01
1.602699999999999958e-02,-5.485700000000000298e-02,8.110169999999999879e-01,7.061509999999999732e-01,-6.474999999999999853e-03,2.325800000000000090e-02,-7.076489999999999725e-01,6.068099999999999883e-02,8.959000000000000297e-02,9.139500000000000401e-02,1.312520000000000076e-01,-3.389699999999999658e-02,-5.723099999999999715e-02,8.714600000000000124e-02,-8.169899999999999385e-02,-3.883400000000000046e-02,1.411419999999999897e-01,-8.573400000000000465e-02,1.228140000000000065e-01,-3.425700000000000273e-02,6.358800000000000563e-02,1.126399999999999971e-02,4.741099999999999759e-01,4.432369999999999921e-01,-6.109999999999999980e-04,7.017010000000000192e-01,-2.358570000000000111e-01,3.261399999999999716e-02,1.704670000000000074e-01,5.676959999999999784e-01,-7.204289999999999861e-01,-1.199699999999999933e-01,8.367700000000000138e-01,2.689230000000000231e-01,7.659799999999999942e-02,-1.178949999999999998e-01
1.785300000000000081e-02,-5.700700000000000212e-02,8.107050000000000090e-01,7.045949999999999713e-01,-5.460999999999999709e-03,2.324299999999999977e-02,-7.092070000000000318e-01,6.369400000000000062e-02,8.568099999999999328e-02,9.611999999999999711e-02,1.310989999999999933e-01,-3.358699999999999880e-02,-5.545800000000000035e-02,8.651499999999999468e-02,-8.584899999999999476e-02,-3.060600000000000126e-02,1.413379999999999914e-01,-8.497899999999999898e-02,1.299099999999999977e-01,-3.053900000000000017e-02,5.683300000000000157e-02,9.726999999999999535e-03,4.766090000000000049e-01,4.478650000000000131e-01,4.224000000000000324e-03,6.971829999999999972e-01,-2.363059999999999883e-01,3.460099999999999981e-02,1.687639999999999973e-01,5.711439999999999850e-01,-7.251459999999999573e-01,-1.192160000000000025e-01,8.316369999999999596e-01,2.616809999999999969e-01,8.103899999999999992e-02,-1.115120000000000000e-01
1.969200000000000117e-02,-5.903400000000000314e-02,8.104000000000000092e-01,7.030340000000000478e-01,-4.479000000000000342e-03,2.326200000000000143e-02,-7.107620000000000049e-01,6.646100000000000618e-02,8.184400000000000008e-02,1.007849999999999996e-01,1.311789999999999901e-01,-3.335300000000000070e-02,-5.374199999999999811e-02,8.586199999999999388e-02,-8.977499999999999369e-02,-2.251799999999999982e-02,1.412760000000000127e-01,-8.415200000000000458e-02,1.370969999999999966e-01,-2.677799999999999972e-02,5.031499999999999861e-02,8.156999999999999321e-03,4.787440000000000029e-01,4.524529999999999941e-01,8.935000000000000234e-03,6.931810000000000471e-01,-2.369159999999999877e-01,3.642900000000000305e-02,1.668800000000000006e-01,5.741699999999999582e-01,-7.301910000000000345e-01,-1.183769999999999961e-01,8.273709999999999676e-01,2.545850000000000057e-01,8.511799999999999922e-02,-1.047840000000000021e-01
2.162100000000000133e-02,-6.113899999999999890e-02,8.100990000000000135e-01,7.014599999999999724e-01,-3.517999999999999860e-03,2.329600000000000073e-02,-7.123190000000000355e-01,6.918199999999999350e-02,7.805499999999999938e-02,1.054429999999999951e-01,1.313070000000000070e-01,-3.314000000000000279e-02,-5.203300000000000286e-02,8.522299999999999320e-02,-9.364699999999999414e-02,-1.447299999999999975e-02,1.411969999999999892e-01,-8.338099999999999679e-02,1.443530000000000091e-01,-2.303600000000000092e-02,4.385800000000000115e-02,6.612999999999999955e-03,4.808359999999999856e-01,4.570000000000000173e-01,1.367200000000000013e-02,6.892989999999999950e-01,-2.375390000000000001e-01,3.819600000000000078e-02,1.649730000000000085e-01,5.771410000000000151e-01,-7.353049999999999864e-01,-1.175309999999999966e-01,8.232990000000000030e-01,2.474919999999999898e-01,8.904800000000000215e-02,-9.796199999999999353e-02
2.283100000000000060e-02,-6.274899999999999922e-02,8.103719999999999812e-01,7.003329999999999833e-01,-4.155999999999999972e-03,2.503800000000000123e-02,-7.133639999999999981e-01,7.097900000000000043e-02,8.040999999999999537e-02,1.075279999999999986e-01,1.303779999999999939e-01,-3.354599999999999943e-02,-5.142300000000000343e-02,8.270500000000000074e-02,-9.139999999999999514e-02,-1.144399999999999931e-02,1.428280000000000105e-01,-7.183399999999999508e-02,1.531839999999999868e-01,-2.008899999999999922e-02,4.227800000000000308e-02,7.769999999999999997e-03,4.778870000000000062e-01,4.607370000000000076e-01,1.302700000000000038e-02,6.860249999999999959e-01,-2.385440000000000060e-01,3.858299999999999924e-02,1.667549999999999866e-01,5.746649999999999814e-01,-7.399980000000000446e-01,-1.140820000000000028e-01,8.185540000000000038e-01,2.428980000000000028e-01,9.104099999999999693e-02,-9.682599999999999540e-02
2.393899999999999847e-02,-6.429700000000000693e-02,8.105660000000000087e-01,6.991929999999999534e-01,-4.913999999999999965e-03,2.681700000000000056e-02,-7.144129999999999647e-01,7.255499999999999450e-02,8.315500000000000669e-02,1.095050000000000051e-01,1.299649999999999972e-01,-3.418000000000000205e-02,-5.086600000000000149e-02,8.047100000000000086e-02,-8.880100000000000493e-02,-8.356999999999999845e-03,1.438869999999999871e-01,-5.994599999999999929e-02,1.619579999999999909e-01,-1.720199999999999854e-02,4.102900000000000297e-02,9.286000000000000851e-03,4.743310000000000026e-01,4.642569999999999752e-01,1.222200000000000022e-02,6.831479999999999775e-01,-2.396820000000000062e-01,3.887800000000000283e-02,1.688949999999999896e-01,5.715569999999999817e-01,-7.447639999999999816e-01,-1.103599999999999998e-01,8.142139999999999933e-01,2.385510000000000130e-01,9.289000000000000035e-02,-9.617799999999999960e-02
2.513100000000000056e-02,-6.575000000000000289e-02,8.108459999999999557e-01,6.980490000000000306e-01,-5.703999999999999869e-03,2.859199999999999936e-02,-7.154570000000000096e-01,7.413300000000000445e-02,8.595099999999999962e-02,1.114850000000000008e-01,1.296499999999999875e-01,-3.485499999999999710e-02,-5.032600000000000268e-02,7.832600000000000673e-02,-8.611499999999999710e-02,-5.133000000000000410e-03,1.448200000000000043e-01,-4.802800000000000125e-02,1.707609999999999961e-01,-1.433800000000000005e-02,3.981699999999999823e-02,1.088000000000000078e-02,4.706790000000000140e-01,4.677379999999999871e-01,1.142499999999999939e-02,6.803580000000000183e-01,-2.408230000000000093e-01,3.913599999999999718e-02,1.710550000000000126e-01,5.683099999999999818e-01,-7.495549999999999713e-01,-1.065460000000000018e-01,8.099769999999999470e-01,2.342319999999999958e-01,9.469900000000000539e-02,-9.554600000000000593e-02
2.629099999999999840e-02,-6.747200000000000419e-02,8.115449999999999608e-01,6.998990000000000489e-01,-7.276999999999999615e-03,3.108800000000000105e-02,-7.135280000000000511e-01,7.457099999999999840e-02,9.059100000000000485e-02,1.059419999999999945e-01,1.287729999999999986e-01,-3.460499999999999687e-02,-5.059600000000000208e-02,6.895700000000000440e-02,-9.042899999999999550e-02,-1.202300000000000070e-02,1.448929999999999940e-01,-5.717900000000000066e-02,1.685790000000000066e-01,-1.376899999999999999e-02,4.381299999999999778e-02,1.049600000000000012e-02,4.664380000000000193e-01,4.707740000000000258e-01,1.311799999999999945e-02,6.871699999999999475e-01,-2.429890000000000105e-01,4.009299999999999670e-02,1.730029999999999901e-01,5.630420000000000424e-01,-7.501560000000000450e-01,-1.090760000000000063e-01,8.142979999999999663e-01,2.361149999999999916e-01,9.582599999999999452e-02,-9.936799999999999800e-02
2.746499999999999983e-02,-6.910700000000000176e-02,8.121580000000000465e-01,7.018710000000000226e-01,-8.743000000000000771e-03,3.360799999999999899e-02,-7.114570000000000061e-01,7.430799999999999905e-02,9.494199999999999862e-02,9.980100000000000082e-02,1.281660000000000021e-01,-3.405099999999999794e-02,-5.100799999999999779e-02,5.863499999999999962e-02,-9.487400000000000000e-02,-1.914000000000000076e-02,1.464870000000000061e-01,-6.711200000000000498e-02,1.665000000000000091e-01,-1.349500000000000005e-02,4.784499999999999864e-02,1.001100000000000080e-02,4.610890000000000266e-01,4.738129999999999842e-01,1.459799999999999986e-02,6.957079999999999931e-01,-2.452149999999999885e-01,4.023700000000000193e-02,1.745609999999999939e-01,5.572289999999999743e-01,-7.508550000000000502e-01,-1.113790000000000058e-01,8.195940000000000447e-01,2.383329999999999893e-01,9.631099999999999384e-02,-1.033089999999999981e-01
2.857499999999999971e-02,-7.070700000000000596e-02,8.128649999999999487e-01,7.038280000000000092e-01,-1.018400000000000034e-02,3.617000000000000076e-02,-7.093760000000000066e-01,7.384599999999999498e-02,9.929899999999999838e-02,9.366199999999999526e-02,1.275779999999999970e-01,-3.344300000000000050e-02,-5.138899999999999718e-02,4.805100000000000343e-02,-9.930799999999999350e-02,-2.622499999999999831e-02,1.483440000000000036e-01,-7.717599999999999461e-02,1.645000000000000073e-01,-1.322199999999999938e-02,5.193099999999999800e-02,9.445999999999999536e-03,4.555049999999999932e-01,4.768430000000000168e-01,1.603999999999999870e-02,7.046120000000000161e-01,-2.474570000000000103e-01,4.015200000000000019e-02,1.760190000000000088e-01,5.512590000000000545e-01,-7.516070000000000251e-01,-1.136059999999999987e-01,8.251129999999999853e-01,2.406129999999999936e-01,9.664699999999999680e-02,-1.072219999999999979e-01
2.794699999999999962e-02,-7.236399999999999777e-02,8.133449999999999847e-01,7.069229999999999681e-01,-1.094099999999999934e-02,3.808399999999999980e-02,-7.061800000000000299e-01,7.258599999999999774e-02,1.038940000000000002e-01,8.434099999999999930e-02,1.269849999999999868e-01,-3.185199999999999837e-02,-5.200400000000000161e-02,3.514199999999999963e-02,-1.042710000000000026e-01,-3.703000000000000042e-02,1.493970000000000020e-01,-8.248999999999999388e-02,1.595080000000000109e-01,-1.376600000000000046e-02,5.509000000000000008e-02,7.328999999999999578e-03,4.493699999999999917e-01,4.832679999999999754e-01,2.225399999999999948e-02,7.170990000000000419e-01,-2.510459999999999914e-01,3.951500000000000151e-02,1.792459999999999887e-01,5.446379999999999555e-01,-7.546230000000000437e-01,-1.149329999999999935e-01,8.286029999999999784e-01,2.426429999999999976e-01,9.546200000000000518e-02,-1.124929999999999958e-01
2.739700000000000121e-02,-7.408399999999999708e-02,8.138410000000000366e-01,7.100290000000000212e-01,-1.162000000000000012e-02,4.010199999999999876e-02,-7.029339999999999478e-01,7.092199999999999893e-02,1.083370000000000027e-01,7.431799999999999518e-02,1.264490000000000058e-01,-3.018799999999999956e-02,-5.319700000000000123e-02,2.205500000000000169e-02,-1.091010000000000035e-01,-4.794000000000000344e-02,1.503559999999999897e-01,-8.773200000000000442e-02,1.545040000000000024e-01,-1.456099999999999929e-02,5.808200000000000168e-02,5.037999999999999944e-03,4.430490000000000261e-01,4.898359999999999936e-01,2.869599999999999929e-02,7.304110000000000325e-01,-2.547249999999999792e-01,3.835399999999999920e-02,1.822469999999999923e-01,5.375259999999999483e-01,-7.576669999999999794e-01,-1.156589999999999979e-01,8.322939999999999783e-01,2.447409999999999863e-01,9.422999999999999432e-02,-1.179110000000000019e-01
2.677600000000000119e-02,-7.569700000000000040e-02,8.143430000000000391e-01,7.131049999999999889e-01,-1.230999999999999976e-02,4.216299999999999909e-02,-6.996799999999999686e-01,6.914099999999999413e-02,1.128429999999999989e-01,6.430700000000000305e-02,1.259139999999999981e-01,-2.850000000000000103e-02,-5.439499999999999891e-02,8.932999999999999968e-03,-1.137790000000000051e-01,-5.884099999999999747e-02,1.512400000000000133e-01,-9.297199999999999909e-02,1.495170000000000110e-01,-1.539199999999999943e-02,6.115000000000000296e-02,2.688999999999999984e-03,4.367010000000000058e-01,4.964439999999999964e-01,3.515100000000000169e-02,7.438799999999999857e-01,-2.584279999999999911e-01,3.706399999999999972e-02,1.851589999999999903e-01,5.302430000000000199e-01,-7.607469999999999510e-01,-1.162159999999999999e-01,8.360880000000000534e-01,2.468680000000000041e-01,9.297400000000000109e-02,-1.233459999999999973e-01
2.649299999999999919e-02,-7.703500000000000625e-02,8.145059999999999523e-01,7.182370000000000143e-01,-1.253699999999999953e-02,4.281100000000000183e-02,-6.943669999999999565e-01,6.672000000000000153e-02,1.133440000000000003e-01,5.037300000000000111e-02,1.261400000000000021e-01,-2.798700000000000146e-02,-5.478999999999999843e-02,7.799000000000000377e-03,-1.165309999999999957e-01,-6.439799999999999691e-02,1.518539999999999890e-01,-9.811599999999999488e-02,1.528990000000000071e-01,-1.323099999999999971e-02,5.999499999999999972e-02,-1.567999999999999949e-03,4.338690000000000047e-01,5.002039999999999820e-01,4.778199999999999809e-02,7.464830000000000076e-01,-2.621140000000000136e-01,3.459399999999999975e-02,1.888660000000000061e-01,5.276830000000000132e-01,-7.652069999999999705e-01,-1.238619999999999999e-01,8.398719999999999519e-01,2.504759999999999764e-01,9.142599999999999338e-02,-1.295270000000000032e-01
2.625399999999999956e-02,-7.845599999999999796e-02,8.146499999999999853e-01,7.233589999999999742e-01,-1.299600000000000061e-02,4.333200000000000246e-02,-6.889889999999999626e-01,6.513800000000000145e-02,1.138529999999999959e-01,3.600099999999999828e-02,1.260590000000000044e-01,-2.701800000000000035e-02,-5.555000000000000215e-02,7.780999999999999722e-03,-1.191640000000000060e-01,-7.012200000000000377e-02,1.516109999999999958e-01,-1.030650000000000038e-01,1.563460000000000127e-01,-1.096800000000000032e-02,5.906000000000000139e-02,-5.454999999999999780e-03,4.321849999999999858e-01,5.037500000000000311e-01,6.039699999999999930e-02,7.472280000000000033e-01,-2.655830000000000135e-01,3.291399999999999881e-02,1.930320000000000091e-01,5.260730000000000128e-01,-7.697019999999999973e-01,-1.321360000000000035e-01,8.429969999999999963e-01,2.539810000000000123e-01,8.972700000000000120e-02,-1.355830000000000091e-01
2.601499999999999993e-02,-7.989400000000000668e-02,8.147929999999999895e-01,7.284450000000000092e-01,-1.352300000000000030e-02,4.381100000000000272e-02,-6.835679999999999534e-01,6.379999999999999560e-02,1.143880000000000036e-01,2.162100000000000133e-02,1.258849999999999969e-01,-2.604899999999999924e-02,-5.632999999999999813e-02,8.042999999999999802e-03,-1.217369999999999980e-01,-7.588300000000000600e-02,1.511419999999999986e-01,-1.079360000000000042e-01,1.598229999999999928e-01,-8.694000000000000339e-03,5.818000000000000255e-02,-9.230000000000000357e-03,4.307199999999999918e-01,5.072600000000000442e-01,7.298399999999999332e-02,7.475889999999999480e-01,-2.690230000000000121e-01,3.146600000000000091e-02,1.973219999999999974e-01,5.246950000000000225e-01,-7.742040000000000033e-01,-1.405520000000000103e-01,8.459520000000000373e-01,2.574540000000000162e-01,8.805499999999999439e-02,-1.416219999999999979e-01
2.472799999999999998e-02,-8.157399999999999374e-02,8.145689999999999875e-01,7.322650000000000547e-01,-1.322500000000000064e-02,4.334400000000000058e-02,-6.795109999999999761e-01,6.376900000000000623e-02,1.140240000000000004e-01,1.051599999999999931e-02,1.259170000000000011e-01,-2.677799999999999972e-02,-5.675100000000000283e-02,1.238500000000000018e-02,-1.228879999999999972e-01,-8.463600000000000290e-02,1.518460000000000087e-01,-1.012279999999999985e-01,1.607740000000000002e-01,-1.941999999999999933e-03,5.503000000000000252e-02,-1.384600000000000067e-02,4.309100000000000152e-01,5.146659999999999568e-01,8.449700000000000266e-02,7.455760000000000165e-01,-2.692379999999999773e-01,3.063700000000000104e-02,1.997359999999999969e-01,5.234980000000000189e-01,-7.830139999999999878e-01,-1.399779999999999913e-01,8.453869999999999996e-01,2.533170000000000144e-01,8.798599999999999477e-02,-1.412049999999999972e-01
2.334400000000000017e-02,-8.319300000000000306e-02,8.143409999999999815e-01,7.360170000000000323e-01,-1.300399999999999993e-02,4.286100000000000326e-02,-6.754790000000000516e-01,6.398900000000000421e-02,1.138740000000000030e-01,-1.769999999999999926e-04,1.258789999999999909e-01,-2.678399999999999878e-02,-5.812500000000000305e-02,1.719000000000000042e-02,-1.239299999999999985e-01,-9.337399999999999867e-02,1.518960000000000032e-01,-9.434599999999999931e-02,1.617580000000000129e-01,4.634000000000000098e-03,5.175300000000000039e-02,-1.847599999999999937e-02,4.317349999999999799e-01,5.221470000000000278e-01,9.644999999999999407e-02,7.432520000000000238e-01,-2.692680000000000073e-01,3.004199999999999926e-02,2.018860000000000099e-01,5.219150000000000178e-01,-7.919310000000000516e-01,-1.390039999999999887e-01,8.449680000000000524e-01,2.488219999999999876e-01,8.815199999999999425e-02,-1.403939999999999910e-01
2.203799999999999856e-02,-8.490899999999999836e-02,8.142009999999999525e-01,7.397519999999999651e-01,-1.279800000000000035e-02,4.236999999999999794e-02,-6.714229999999999920e-01,6.430600000000000205e-02,1.137439999999999979e-01,-1.087300000000000072e-02,1.257939999999999892e-01,-2.678300000000000125e-02,-5.951399999999999746e-02,2.212799999999999837e-02,-1.249719999999999998e-01,-1.021060000000000023e-01,1.518249999999999877e-01,-8.741899999999999671e-02,1.627300000000000135e-01,1.105800000000000012e-02,4.844799999999999801e-02,-2.306199999999999917e-02,4.327900000000000080e-01,5.295830000000000259e-01,1.085699999999999998e-01,7.408360000000000500e-01,-2.692700000000000093e-01,2.949500000000000038e-02,2.040160000000000029e-01,5.202039999999999997e-01,-8.009020000000000028e-01,-1.378910000000000136e-01,8.446270000000000167e-01,2.443089999999999984e-01,8.832399999999999973e-02,-1.395510000000000084e-01
2.091000000000000150e-02,-8.608699999999999686e-02,8.139079999999999648e-01,7.410529999999999617e-01,-1.273400000000000053e-02,4.173899999999999832e-02,-6.700270000000000392e-01,6.603299999999999448e-02,1.139570000000000027e-01,-1.534499999999999927e-02,1.258420000000000094e-01,-2.757000000000000076e-02,-5.992299999999999710e-02,2.669399999999999898e-02,-1.244500000000000051e-01,-1.093299999999999966e-01,1.522270000000000012e-01,-7.575600000000000389e-02,1.634009999999999907e-01,1.975500000000000173e-02,4.627599999999999769e-02,-2.628199999999999981e-02,4.320720000000000116e-01,5.380359999999999587e-01,1.185609999999999997e-01,7.374969999999999581e-01,-2.701479999999999992e-01,2.841399999999999829e-02,2.051929999999999865e-01,5.170759999999999801e-01,-8.108030000000000515e-01,-1.328429999999999889e-01,8.437799999999999745e-01,2.396749999999999992e-01,8.871300000000000019e-02,-1.370770000000000044e-01
1.986399999999999971e-02,-8.724800000000000610e-02,8.137130000000000196e-01,7.422590000000000021e-01,-1.271899999999999940e-02,4.105600000000000221e-02,-6.687330000000000219e-01,6.793599999999999639e-02,1.143529999999999963e-01,-1.907599999999999921e-02,1.259270000000000111e-01,-2.834700000000000067e-02,-6.089599999999999874e-02,3.144000000000000267e-02,-1.239149999999999974e-01,-1.163779999999999953e-01,1.524369999999999892e-01,-6.388800000000000034e-02,1.641039999999999999e-01,2.872699999999999906e-02,4.406199999999999700e-02,-2.931399999999999978e-02,4.312150000000000150e-01,5.465499999999999803e-01,1.284830000000000139e-01,7.343720000000000248e-01,-2.711029999999999829e-01,2.741100000000000134e-02,2.061340000000000117e-01,5.136349999999999527e-01,-8.207470000000000043e-01,-1.276589999999999947e-01,8.431370000000000253e-01,2.351030000000000064e-01,8.911800000000000277e-02,-1.346090000000000064e-01
1.872300000000000006e-02,-8.849500000000000421e-02,8.134320000000000439e-01,7.434560000000000057e-01,-1.272200000000000067e-02,4.036499999999999810e-02,-6.674440000000000373e-01,6.989499999999999880e-02,1.147740000000000010e-01,-2.278900000000000023e-02,1.260110000000000119e-01,-2.913100000000000064e-02,-6.188199999999999951e-02,3.625199999999999950e-02,-1.233479999999999993e-01,-1.233930000000000027e-01,1.526049999999999907e-01,-5.199700000000000155e-02,1.648050000000000070e-01,3.769700000000000134e-02,4.184399999999999925e-02,-3.229400000000000326e-02,4.303830000000000156e-01,5.550669999999999771e-01,1.384110000000000062e-01,7.313060000000000116e-01,-2.720639999999999725e-01,2.639999999999999986e-02,2.070539999999999881e-01,5.101350000000000051e-01,-8.306989999999999652e-01,-1.224409999999999943e-01,8.425550000000000539e-01,2.305429999999999979e-01,8.949200000000000210e-02,-1.321309999999999985e-01
1.756500000000000075e-02,-8.990599999999999981e-02,8.132810000000000317e-01,7.437019999999999742e-01,-1.294299999999999964e-02,3.991700000000000109e-02,-6.671930000000000360e-01,7.284400000000000597e-02,1.162180000000000019e-01,-2.377500000000000099e-02,1.259599999999999886e-01,-2.965599999999999833e-02,-6.272400000000000198e-02,4.065200000000000063e-02,-1.211139999999999994e-01,-1.237300000000000066e-01,1.522820000000000007e-01,-4.490600000000000147e-02,1.643239999999999978e-01,4.629699999999999788e-02,3.977100000000000080e-02,-3.605799999999999977e-02,4.275709999999999789e-01,5.614350000000000174e-01,1.459090000000000109e-01,7.349219999999999642e-01,-2.724210000000000242e-01,2.648999999999999966e-02,2.085339999999999971e-01,5.025049999999999795e-01,-8.361549999999999816e-01,-1.121179999999999954e-01,8.399379999999999624e-01,2.254619999999999957e-01,9.010799999999999366e-02,-1.302729999999999999e-01
1.637600000000000167e-02,-9.129500000000000115e-02,8.131399999999999739e-01,7.439149999999999929e-01,-1.316200000000000009e-02,3.944099999999999689e-02,-6.669800000000000173e-01,7.587199999999999500e-02,1.178550000000000014e-01,-2.426599999999999938e-02,1.258569999999999967e-01,-3.042500000000000066e-02,-6.378999999999999948e-02,4.492600000000000066e-02,-1.188300000000000051e-01,-1.238989999999999952e-01,1.520970000000000100e-01,-3.776800000000000296e-02,1.638149999999999884e-01,5.483600000000000280e-02,3.752699999999999786e-02,-3.976999999999999980e-02,4.245590000000000197e-01,5.679610000000000491e-01,1.535980000000000123e-01,7.391109999999999625e-01,-2.727470000000000172e-01,2.627399999999999874e-02,2.099419999999999897e-01,4.943989999999999774e-01,-8.414479999999999738e-01,-1.012689999999999979e-01,8.372709999999999875e-01,2.203380000000000061e-01,9.091299999999999382e-02,-1.288120000000000098e-01
1.517800000000000052e-02,-9.277199999999999336e-02,8.129110000000000502e-01,7.441269999999999829e-01,-1.338499999999999933e-02,3.896299999999999764e-02,-6.667659999999999698e-01,7.891299999999999704e-02,1.195159999999999972e-01,-2.475499999999999923e-02,1.257550000000000057e-01,-3.119500000000000051e-02,-6.487600000000000311e-02,4.919500000000000262e-02,-1.165319999999999967e-01,-1.240669999999999967e-01,1.519359999999999877e-01,-3.063400000000000151e-02,1.633169999999999900e-01,6.329899999999999416e-02,3.522700000000000137e-02,-4.348400000000000182e-02,4.215889999999999915e-01,5.745259999999999811e-01,1.613370000000000082e-01,7.434159999999999657e-01,-2.730750000000000122e-01,2.597599999999999909e-02,2.113049999999999928e-01,4.861360000000000126e-01,-8.466979999999999507e-01,-9.024400000000000477e-02,8.346320000000000405e-01,2.152239999999999986e-01,9.173699999999999910e-02,-1.273809999999999942e-01
1.389300000000000083e-02,-9.385100000000000386e-02,8.127499999999999725e-01,7.441689999999999694e-01,-1.384600000000000067e-02,3.842399999999999982e-02,-6.667419999999999458e-01,8.208899999999999531e-02,1.216659999999999964e-01,-2.477999999999999994e-02,1.256750000000000089e-01,-3.199599999999999667e-02,-6.610599999999999810e-02,5.287100000000000133e-02,-1.143160000000000009e-01,-1.256629999999999969e-01,1.516609999999999903e-01,-2.703399999999999900e-02,1.622550000000000103e-01,7.114499999999999991e-02,3.582400000000000168e-02,-4.658000000000000335e-02,4.152440000000000020e-01,5.744590000000000529e-01,1.653070000000000095e-01,7.502680000000000460e-01,-2.768050000000000233e-01,2.495400000000000049e-02,2.150199999999999889e-01,4.727319999999999856e-01,-8.523880000000000345e-01,-7.479199999999999737e-02,8.378860000000000197e-01,2.115750000000000131e-01,9.324699999999999656e-02,-1.263110000000000066e-01
1.261999999999999927e-02,-9.496599999999999486e-02,8.125930000000000097e-01,7.442180000000000462e-01,-1.436499999999999930e-02,3.783799999999999664e-02,-6.667100000000000248e-01,8.534100000000000019e-02,1.238709999999999950e-01,-2.460599999999999940e-02,1.256569999999999909e-01,-3.301300000000000068e-02,-6.748800000000000632e-02,5.657899999999999735e-02,-1.120939999999999992e-01,-1.272060000000000135e-01,1.515080000000000038e-01,-2.338700000000000154e-02,1.612039999999999862e-01,7.855600000000000083e-02,3.662100000000000077e-02,-4.943800000000000278e-02,4.088840000000000252e-01,5.739589999999999970e-01,1.693530000000000035e-01,7.573480000000000212e-01,-2.806960000000000011e-01,2.380499999999999977e-02,2.190139999999999865e-01,4.579440000000000177e-01,-8.584899999999999753e-01,-5.831299999999999678e-02,8.421499999999999542e-01,2.081759999999999999e-01,9.445199999999999430e-02,-1.252220000000000000e-01
1.134100000000000039e-02,-9.607400000000000662e-02,8.124369999999999647e-01,7.442710000000000159e-01,-1.490000000000000005e-02,3.723300000000000221e-02,-6.666729999999999601e-01,8.863200000000000245e-02,1.260930000000000106e-01,-2.443999999999999992e-02,1.256529999999999869e-01,-3.403300000000000075e-02,-6.887600000000000666e-02,6.032799999999999968e-02,-1.098620000000000013e-01,-1.287609999999999866e-01,1.513619999999999965e-01,-1.974400000000000113e-02,1.601490000000000136e-01,8.577899999999999414e-02,3.741200000000000081e-02,-5.225400000000000184e-02,4.026399999999999979e-01,5.733960000000000168e-01,1.735619999999999941e-01,7.644429999999999836e-01,-2.845960000000000156e-01,2.261700000000000169e-02,2.230159999999999920e-01,4.426220000000000154e-01,-8.645420000000000327e-01,-4.135699999999999793e-02,8.466949999999999754e-01,2.048280000000000101e-01,9.553899999999999892e-02,-1.241049999999999931e-01
1.012500000000000032e-02,-9.703100000000000613e-02,8.121169999999999778e-01,7.436420000000000252e-01,-1.531700000000000075e-02,3.692800000000000249e-02,-6.673820000000000308e-01,9.152200000000000613e-02,1.284540000000000126e-01,-2.314099999999999838e-02,1.256889999999999952e-01,-3.533200000000000229e-02,-6.950099999999999334e-02,6.274599999999999622e-02,-1.074780000000000041e-01,-1.292979999999999963e-01,1.504330000000000112e-01,-2.034800000000000150e-02,1.597159999999999969e-01,8.831400000000000361e-02,3.958600000000000313e-02,-5.451000000000000290e-02,3.964739999999999931e-01,5.712260000000000115e-01,1.785760000000000125e-01,7.845130000000000159e-01,-2.922159999999999758e-01,2.230000000000000038e-02,2.279090000000000005e-01,4.239870000000000028e-01,-8.650989999999999513e-01,-2.751100000000000073e-02,8.557339999999999947e-01,2.057650000000000035e-01,9.643899999999999695e-02,-1.249239999999999934e-01
8.784999999999999407e-03,-9.786200000000000454e-02,8.118910000000000293e-01,7.430179999999999563e-01,-1.569699999999999915e-02,3.657500000000000334e-02,-6.680869999999999864e-01,9.434299999999999631e-02,1.308590000000000031e-01,-2.167499999999999982e-02,1.257759999999999989e-01,-3.685000000000000081e-02,-7.056800000000000572e-02,6.507999999999999896e-02,-1.051509999999999945e-01,-1.297389999999999932e-01,1.497010000000000007e-01,-2.039699999999999847e-02,1.581190000000000095e-01,9.072399999999999909e-02,4.162400000000000128e-02,-5.670599999999999946e-02,3.897510000000000141e-01,5.695120000000000182e-01,1.835350000000000037e-01,8.059950000000000170e-01,-3.001590000000000091e-01,2.128000000000000030e-02,2.322130000000000027e-01,4.048599999999999977e-01,-8.653920000000000501e-01,-1.325600000000000042e-02,8.650889999999999969e-01,2.069310000000000038e-01,9.722000000000000086e-02,-1.259619999999999906e-01
7.518999999999999642e-03,-9.877600000000000269e-02,8.116659999999999986e-01,7.423939999999999984e-01,-1.608100000000000154e-02,3.622100000000000319e-02,-6.687899999999999956e-01,9.715600000000000624e-02,1.332939999999999958e-01,-2.021500000000000033e-02,1.258730000000000127e-01,-3.836400000000000227e-02,-7.166000000000000147e-02,6.740400000000000558e-02,-1.028000000000000025e-01,-1.301859999999999962e-01,1.489840000000000053e-01,-2.044400000000000037e-02,1.565000000000000002e-01,9.312099999999999544e-02,4.365499999999999936e-02,-5.889699999999999797e-02,3.829710000000000059e-01,5.680220000000000269e-01,1.884649999999999936e-01,8.278280000000000083e-01,-3.081920000000000215e-01,2.007000000000000103e-02,2.362720000000000098e-01,3.855970000000000231e-01,-8.654349999999999543e-01,1.100000000000000066e-03,8.745560000000000000e-01,2.081399999999999917e-01,9.796799999999999953e-02,-1.270169999999999910e-01
6.514999999999999958e-03,-9.926599999999999313e-02,8.113679999999999781e-01,7.423110000000000541e-01,-1.652800000000000102e-02,3.582799999999999874e-02,-6.688929999999999598e-01,9.916899999999999327e-02,1.350739999999999996e-01,-1.924899999999999875e-02,1.260280000000000011e-01,-3.959300000000000319e-02,-7.271199999999999886e-02,6.949800000000000422e-02,-1.011900000000000022e-01,-1.311400000000000066e-01,1.484080000000000121e-01,-2.126700000000000118e-02,1.552000000000000046e-01,9.179800000000000459e-02,4.418199999999999905e-02,-6.047099999999999698e-02,3.714189999999999992e-01,5.638269999999999671e-01,1.885310000000000041e-01,8.609470000000000178e-01,-3.203570000000000029e-01,1.945099999999999954e-02,2.395369999999999999e-01,3.694689999999999919e-01,-8.625660000000000549e-01,1.494200000000000042e-02,8.892769999999999841e-01,2.115630000000000011e-01,9.857200000000000684e-02,-1.283519999999999939e-01
5.493999999999999752e-03,-9.964299999999999546e-02,8.111730000000000329e-01,7.421759999999999469e-01,-1.698200000000000057e-02,3.539500000000000285e-02,-6.690540000000000376e-01,1.011780000000000040e-01,1.368749999999999967e-01,-1.832699999999999954e-02,1.261799999999999866e-01,-4.078299999999999981e-02,-7.390599999999999947e-02,7.160900000000000598e-02,-9.953599999999999948e-02,-1.320459999999999967e-01,1.479499999999999982e-01,-2.229700000000000085e-02,1.535019999999999996e-01,9.081400000000000583e-02,4.473300000000000193e-02,-6.200900000000000162e-02,3.588509999999999756e-01,5.602690000000000170e-01,1.877080000000000137e-01,8.956749999999999989e-01,-3.330279999999999907e-01,1.830499999999999836e-02,2.422430000000000139e-01,3.537589999999999901e-01,-8.594749999999999890e-01,2.826100000000000140e-02,9.043539999999999912e-01,2.151540000000000119e-01,9.881199999999999706e-02,-1.296440000000000092e-01
4.545000000000000429e-03,-1.001060000000000005e-01,8.109790000000000054e-01,7.420390000000000041e-01,-1.744499999999999870e-02,3.495499999999999996e-02,-6.692169999999999508e-01,1.032069999999999932e-01,1.387079999999999980e-01,-1.740099999999999980e-02,1.263319999999999999e-01,-4.197300000000000336e-02,-7.512599999999999834e-02,7.371800000000000574e-02,-9.785800000000000054e-02,-1.329480000000000106e-01,1.475360000000000005e-01,-2.335100000000000023e-02,1.517830000000000013e-01,9.001699999999999979e-02,4.531700000000000311e-02,-6.353399999999999326e-02,3.461080000000000267e-01,5.570669999999999789e-01,1.866069999999999951e-01,9.309309999999999530e-01,-3.458570000000000255e-01,1.702299999999999994e-02,2.445199999999999874e-01,3.383289999999999909e-01,-8.561760000000000481e-01,4.126099999999999907e-02,9.194590000000000263e-01,2.187550000000000050e-01,9.897799999999999654e-02,-1.308840000000000003e-01
3.513000000000000064e-03,-1.004339999999999955e-01,8.107750000000000234e-01,7.418040000000000189e-01,-1.792799999999999949e-02,3.450999999999999901e-02,-6.694879999999999720e-01,1.051310000000000022e-01,1.407670000000000032e-01,-1.621999999999999831e-02,1.265259999999999996e-01,-4.338299999999999795e-02,-7.651800000000000268e-02,7.571200000000000152e-02,-9.631800000000000084e-02,-1.340000000000000080e-01,1.471860000000000113e-01,-2.514500000000000068e-02,1.499179999999999957e-01,8.839800000000000435e-02,4.646299999999999736e-02,-6.449000000000000565e-02,3.348289999999999877e-01,5.516349999999999865e-01,1.824969999999999926e-01,9.550729999999999498e-01,-3.573279999999999790e-01,1.436300000000000077e-02,2.454139999999999933e-01,3.223170000000000202e-01,-8.494899999999999674e-01,5.188999999999999863e-02,9.367520000000000291e-01,2.244460000000000066e-01,9.869699999999999307e-02,-1.323930000000000107e-01
2.589000000000000155e-03,-1.006969999999999948e-01,8.104749999999999455e-01,7.416390000000000482e-01,-1.846599999999999978e-02,3.407799999999999718e-02,-6.696790000000000243e-01,1.070789999999999936e-01,1.427559999999999940e-01,-1.537799999999999931e-02,1.267389999999999906e-01,-4.482900000000000079e-02,-7.785200000000000453e-02,7.771699999999999442e-02,-9.467200000000000615e-02,-1.350659999999999916e-01,1.468750000000000056e-01,-2.686699999999999852e-02,1.481049999999999867e-01,8.693099999999999439e-02,4.768399999999999722e-02,-6.546599999999999642e-02,3.245370000000000199e-01,5.460720000000000018e-01,1.787169999999999870e-01,9.778299999999999770e-01,-3.686659999999999937e-01,1.232499999999999915e-02,2.462209999999999954e-01,3.066989999999999994e-01,-8.426960000000000006e-01,6.209499999999999742e-02,9.545329999999999648e-01,2.301340000000000052e-01,9.776999999999999580e-02,-1.337240000000000095e-01
1.577999999999999976e-03,-1.010599999999999971e-01,8.102620000000000378e-01,7.414739999999999664e-01,-1.899899999999999853e-02,3.365400000000000336e-02,-6.698680000000000190e-01,1.090269999999999989e-01,1.447529999999999928e-01,-1.454100000000000011e-02,1.269480000000000053e-01,-4.628800000000000275e-02,-7.918999999999999651e-02,7.972799999999999332e-02,-9.301500000000000046e-02,-1.361360000000000070e-01,1.465519999999999878e-01,-2.860199999999999895e-02,1.462960000000000094e-01,8.542299999999999893e-02,4.890800000000000008e-02,-6.647799999999999543e-02,3.145450000000000190e-01,5.402829999999999577e-01,1.748790000000000067e-01,1.000075999999999965e+00,-3.800439999999999929e-01,1.066699999999999940e-02,2.474570000000000103e-01,2.911630000000000051e-01,-8.357529999999999681e-01,7.222399999999999654e-02,9.720199999999999951e-01,2.358689999999999953e-01,9.723199999999999898e-02,-1.350909999999999889e-01
3.249999999999999851e-04,-1.012740000000000029e-01,8.102200000000000513e-01,7.417850000000000277e-01,-1.958000000000000018e-02,3.322300000000000253e-02,-6.695280000000000120e-01,1.105359999999999954e-01,1.469830000000000025e-01,-1.473400000000000057e-02,1.272099999999999898e-01,-4.620300000000000101e-02,-8.077399999999999858e-02,8.160499999999999698e-02,-9.089200000000000057e-02,-1.376960000000000128e-01,1.465760000000000118e-01,-2.979700000000000057e-02,1.441949999999999898e-01,8.224599999999999966e-02,5.073300000000000032e-02,-6.618699999999999584e-02,3.051039999999999863e-01,5.323430000000000106e-01,1.672170000000000045e-01,1.015398999999999941e+00,-3.885379999999999945e-01,8.404000000000000012e-03,2.473289999999999933e-01,2.800349999999999784e-01,-8.280039999999999623e-01,8.266400000000000137e-02,9.862490000000000423e-01,2.401510000000000034e-01,9.625599999999999434e-02,-1.358699999999999908e-01
-9.139999999999999904e-04,-1.015390000000000043e-01,8.100779999999999648e-01,7.419719999999999649e-01,-2.010899999999999840e-02,3.277599999999999958e-02,-6.693270000000000053e-01,1.120420000000000027e-01,1.492340000000000055e-01,-1.491999999999999924e-02,1.273970000000000102e-01,-4.625200000000000145e-02,-8.235000000000000653e-02,8.355899999999999439e-02,-8.889900000000000579e-02,-1.392609999999999959e-01,1.464489999999999958e-01,-3.119500000000000051e-02,1.422090000000000021e-01,7.931199999999999362e-02,5.257599999999999774e-02,-6.598299999999999998e-02,2.963439999999999963e-01,5.239939999999999598e-01,1.595100000000000129e-01,1.029517999999999933e+00,-3.967749999999999888e-01,6.687000000000000235e-03,2.476399999999999990e-01,2.702010000000000245e-01,-8.202270000000000394e-01,9.206000000000000294e-02,9.995340000000000336e-01,2.442370000000000096e-01,9.550599999999999368e-02,-1.365669999999999940e-01
-2.144000000000000072e-03,-1.018199999999999938e-01,8.100199999999999623e-01,7.421539999999999804e-01,-2.062999999999999903e-02,3.234100000000000169e-02,-6.691310000000000313e-01,1.135469999999999952e-01,1.514820000000000055e-01,-1.508400000000000019e-02,1.275719999999999910e-01,-4.632000000000000006e-02,-8.391999999999999460e-02,8.550699999999999967e-02,-8.691100000000000214e-02,-1.408129999999999937e-01,1.463059999999999916e-01,-3.260699999999999710e-02,1.402359999999999995e-01,7.653600000000000680e-02,5.445699999999999846e-02,-6.584199999999999775e-02,2.878550000000000275e-01,5.155279999999999863e-01,1.517779999999999963e-01,1.043330000000000091e+00,-4.050009999999999999e-01,5.185999999999999638e-03,2.480330000000000035e-01,2.609480000000000133e-01,-8.123879999999999990e-01,1.009599999999999942e-01,1.012477999999999989e+00,2.482739999999999947e-01,9.488399999999999612e-02,-1.372430000000000039e-01
-3.409999999999999837e-03,-1.019650000000000001e-01,8.099389999999999645e-01,7.417000000000000259e-01,-2.117499999999999938e-02,3.200299999999999673e-02,-6.696330000000000338e-01,1.153259999999999980e-01,1.540090000000000070e-01,-1.340500000000000025e-02,1.277919999999999889e-01,-4.616800000000000070e-02,-8.579699999999999827e-02,8.692300000000000026e-02,-8.449399999999999966e-02,-1.405520000000000103e-01,1.458859999999999879e-01,-3.362699999999999717e-02,1.379960000000000075e-01,7.252799999999999525e-02,5.696299999999999975e-02,-6.538599999999999968e-02,2.825179999999999914e-01,5.118239999999999457e-01,1.432569999999999955e-01,1.050602000000000036e+00,-4.070050000000000057e-01,3.527000000000000187e-03,2.466679999999999984e-01,2.537510000000000043e-01,-8.076719999999999455e-01,1.089910000000000045e-01,1.019740000000000091e+00,2.491889999999999938e-01,9.385100000000000386e-02,-1.364160000000000095e-01
-4.669000000000000407e-03,-1.021750000000000019e-01,8.099309999999999565e-01,7.412490000000000467e-01,-2.167799999999999935e-02,3.170200000000000101e-02,-6.701300000000000034e-01,1.170709999999999945e-01,1.565870000000000040e-01,-1.160699999999999926e-02,1.279399999999999982e-01,-4.611400000000000221e-02,-8.738700000000000634e-02,8.826799999999999924e-02,-8.207799999999999818e-02,-1.404209999999999903e-01,1.452680000000000082e-01,-3.476499999999999729e-02,1.358659999999999868e-01,6.872599999999999543e-02,5.940600000000000047e-02,-6.520800000000000207e-02,2.778660000000000019e-01,5.079639999999999711e-01,1.350699999999999956e-01,1.056950999999999974e+00,-4.083319999999999728e-01,2.284000000000000006e-03,2.451909999999999923e-01,2.476029999999999898e-01,-8.029110000000000413e-01,1.162900000000000045e-01,1.025886000000000076e+00,2.496869999999999923e-01,9.328899999999999693e-02,-1.355280000000000096e-01
-5.922000000000000181e-03,-1.024039999999999950e-01,8.098349999999999715e-01,7.407949999999999813e-01,-2.215900000000000161e-02,3.142899999999999860e-02,-6.706290000000000306e-01,1.187730000000000036e-01,1.591629999999999989e-01,-9.794999999999999887e-03,1.280789999999999984e-01,-4.607100000000000084e-02,-8.897099999999999453e-02,8.957299999999999984e-02,-7.966299999999999770e-02,-1.402859999999999940e-01,1.446220000000000006e-01,-3.590399999999999842e-02,1.337450000000000028e-01,6.501800000000000634e-02,6.185899999999999732e-02,-6.514599999999999558e-02,2.733990000000000031e-01,5.040229999999999988e-01,1.268839999999999968e-01,1.063010000000000010e+00,-4.095520000000000271e-01,1.198000000000000063e-03,2.437640000000000085e-01,2.418909999999999949e-01,-7.981030000000000069e-01,1.232540000000000024e-01,1.031639999999999890e+00,2.500899999999999790e-01,9.291699999999999959e-02,-1.346670000000000089e-01
-6.583000000000000310e-03,-1.025859999999999966e-01,8.098570000000000491e-01,7.406070000000000153e-01,-2.256199999999999872e-02,3.115000000000000061e-02,-6.708370000000000166e-01,1.201020000000000004e-01,1.607320000000000138e-01,-7.577999999999999667e-03,1.282429999999999959e-01,-4.550900000000000084e-02,-9.048399999999999499e-02,9.088300000000000545e-02,-7.834599999999999898e-02,-1.402269999999999905e-01,1.442090000000000038e-01,-3.635100000000000137e-02,1.320979999999999932e-01,6.180900000000000283e-02,6.341900000000000315e-02,-6.423299999999999843e-02,2.708220000000000072e-01,5.019419999999999993e-01,1.219400000000000067e-01,1.067787999999999959e+00,-4.107839999999999825e-01,4.110000000000000155e-04,2.422880000000000034e-01,2.385059999999999958e-01,-7.944259999999999655e-01,1.285789999999999988e-01,1.037860000000000005e+00,2.508059999999999734e-01,9.334499999999999742e-02,-1.330689999999999928e-01
-7.239999999999999908e-03,-1.027959999999999985e-01,8.097919999999999563e-01,7.404359999999999831e-01,-2.290400000000000075e-02,3.085800000000000001e-02,-6.710279999999999578e-01,1.214400000000000063e-01,1.621279999999999943e-01,-5.536000000000000122e-03,1.283040000000000014e-01,-4.499100000000000321e-02,-9.141299999999999426e-02,9.217599999999999405e-02,-7.707600000000000562e-02,-1.401650000000000118e-01,1.437890000000000001e-01,-3.686600000000000293e-02,1.305050000000000099e-01,5.858700000000000019e-02,6.480900000000000549e-02,-6.339699999999999502e-02,2.685109999999999997e-01,4.998960000000000070e-01,1.170970000000000066e-01,1.072229000000000099e+00,-4.119090000000000251e-01,-2.380000000000000117e-04,2.406969999999999943e-01,2.354110000000000091e-01,-7.906640000000000335e-01,1.337260000000000115e-01,1.043835999999999986e+00,2.514879999999999893e-01,9.383400000000000074e-02,-1.313779999999999948e-01
-7.894999999999999241e-03,-1.029240000000000016e-01,8.098140000000000338e-01,7.402670000000000083e-01,-2.323499999999999871e-02,3.056999999999999995e-02,-6.712150000000000061e-01,1.227710000000000051e-01,1.635010000000000074e-01,-3.497000000000000108e-03,1.283459999999999879e-01,-4.446300000000000252e-02,-9.233099999999999641e-02,9.345199999999999341e-02,-7.582800000000000651e-02,-1.401080000000000103e-01,1.433820000000000094e-01,-3.739699999999999969e-02,1.289200000000000068e-01,5.536800000000000055e-02,6.616700000000000359e-02,-6.259399999999999686e-02,2.662769999999999859e-01,4.978469999999999840e-01,1.122670000000000057e-01,1.076575999999999977e+00,-4.130170000000000230e-01,-8.329999999999999731e-04,2.391109999999999902e-01,2.324299999999999977e-01,-7.868739999999999624e-01,1.387960000000000027e-01,1.049727999999999994e+00,2.521530000000000160e-01,9.435999999999999943e-02,-1.296829999999999927e-01
-8.042999999999999802e-03,-1.028799999999999992e-01,8.098079999999999723e-01,7.400179999999999536e-01,-2.356499999999999914e-02,3.051600000000000146e-02,-6.714809999999999945e-01,1.236020000000000035e-01,1.646249999999999936e-01,-8.630000000000000518e-04,1.282369999999999899e-01,-4.488700000000000329e-02,-9.283800000000000385e-02,9.382799999999999474e-02,-7.505599999999999772e-02,-1.392599999999999949e-01,1.430059999999999942e-01,-3.701299999999999729e-02,1.280439999999999912e-01,5.207799999999999929e-02,6.837500000000000522e-02,-6.135199999999999682e-02,2.659670000000000090e-01,4.989489999999999759e-01,1.106520000000000004e-01,1.080627999999999922e+00,-4.130960000000000187e-01,-5.410000000000000312e-04,2.375520000000000131e-01,2.300409999999999955e-01,-7.873670000000000391e-01,1.390000000000000124e-01,1.057601999999999931e+00,2.542989999999999973e-01,9.460799999999999765e-02,-1.298030000000000017e-01
-8.269999999999999574e-03,-1.028469999999999940e-01,8.098170000000000091e-01,7.397510000000000474e-01,-2.382199999999999943e-02,3.047599999999999962e-02,-6.717680000000000318e-01,1.242680000000000035e-01,1.656430000000000125e-01,1.951000000000000043e-03,1.282520000000000049e-01,-4.506999999999999895e-02,-9.327399999999999580e-02,9.415199999999999958e-02,-7.419099999999999306e-02,-1.386040000000000050e-01,1.424390000000000100e-01,-3.683299999999999769e-02,1.268440000000000123e-01,4.895300000000000346e-02,7.060700000000000309e-02,-6.022000000000000269e-02,2.656490000000000240e-01,5.000710000000000433e-01,1.090750000000000053e-01,1.084703999999999890e+00,-4.129599999999999937e-01,-1.700000000000000122e-04,2.357259999999999911e-01,2.278729999999999922e-01,-7.879800000000000137e-01,1.389779999999999904e-01,1.065541999999999989e+00,2.565250000000000030e-01,9.460699999999999665e-02,-1.298390000000000100e-01
-8.408000000000000543e-03,-1.028170000000000056e-01,8.098260000000000458e-01,7.394830000000000014e-01,-2.406799999999999912e-02,3.045199999999999990e-02,-6.720559999999999867e-01,1.248940000000000050e-01,1.666640000000000066e-01,4.765000000000000138e-03,1.282739999999999991e-01,-4.525499999999999662e-02,-9.371000000000000163e-02,9.443699999999999317e-02,-7.332099999999999729e-02,-1.379450000000000121e-01,1.418629999999999891e-01,-3.664400000000000296e-02,1.256460000000000077e-01,4.587700000000000111e-02,7.284899999999999709e-02,-5.914500000000000313e-02,2.652970000000000050e-01,5.012060000000000404e-01,1.074569999999999970e-01,1.088805000000000023e+00,-4.127899999999999903e-01,2.000000000000000096e-04,2.338610000000000133e-01,2.257800000000000085e-01,-7.886090000000000044e-01,1.388989999999999947e-01,1.073485000000000023e+00,2.587470000000000048e-01,9.455500000000000016e-02,-1.298390000000000100e-01
-8.467999999999999833e-03,-1.025100000000000039e-01,8.098260000000000458e-01,7.389980000000000437e-01,-2.423000000000000154e-02,3.031100000000000114e-02,-6.725900000000000212e-01,1.252139999999999920e-01,1.668300000000000061e-01,6.399000000000000174e-03,1.283930000000000071e-01,-4.540099999999999691e-02,-9.384499999999999786e-02,9.437600000000000156e-02,-7.330699999999999716e-02,-1.370840000000000114e-01,1.418729999999999991e-01,-3.614799999999999958e-02,1.255930000000000102e-01,4.386199999999999821e-02,7.359499999999999376e-02,-5.780899999999999928e-02,2.643789999999999751e-01,5.023689999999999545e-01,1.037129999999999996e-01,1.088248000000000104e+00,-4.104579999999999895e-01,-1.800000000000000113e-04,2.320359999999999923e-01,2.245389999999999886e-01,-7.875229999999999730e-01,1.413339999999999874e-01,1.078575000000000061e+00,2.593190000000000217e-01,9.451600000000000279e-02,-1.288729999999999876e-01
-8.481000000000000691e-03,-1.021249999999999936e-01,8.098300000000000498e-01,7.386089999999999600e-01,-2.443100000000000133e-02,3.020799999999999874e-02,-6.730140000000000011e-01,1.255989999999999884e-01,1.673090000000000133e-01,9.138000000000000289e-03,1.284180000000000044e-01,-4.569100000000000245e-02,-9.409900000000000209e-02,9.404600000000000459e-02,-7.299899999999999445e-02,-1.362039999999999917e-01,1.417970000000000064e-01,-3.568099999999999744e-02,1.248200000000000004e-01,4.177399999999999863e-02,7.421300000000000119e-02,-5.663100000000000078e-02,2.638789999999999747e-01,5.034199999999999786e-01,9.998899999999999455e-02,1.086818000000000062e+00,-4.078910000000000036e-01,-2.149999999999999947e-04,2.307510000000000117e-01,2.236080000000000012e-01,-7.862050000000000427e-01,1.434120000000000117e-01,1.083210000000000006e+00,2.597829999999999862e-01,9.467899999999999927e-02,-1.280350000000000099e-01
-8.408000000000000543e-03,-1.018359999999999960e-01,8.098330000000000251e-01,7.382100000000000328e-01,-2.462400000000000005e-02,3.012700000000000100e-02,-6.734480000000000466e-01,1.259619999999999906e-01,1.678149999999999920e-01,1.190800000000000018e-02,1.284409999999999996e-01,-4.599000000000000310e-02,-9.436600000000000543e-02,9.368700000000000638e-02,-7.266400000000000636e-02,-1.353060000000000096e-01,1.417029999999999956e-01,-3.520999999999999824e-02,1.240419999999999995e-01,3.974300000000000055e-02,7.483299999999999674e-02,-5.551600000000000285e-02,2.635250000000000092e-01,5.044389999999999707e-01,9.627099999999999547e-02,1.085085000000000077e+00,-4.052799999999999736e-01,-8.299999999999999815e-05,2.296199999999999908e-01,2.228239999999999943e-01,-7.848519999999999941e-01,1.453949999999999965e-01,1.087687000000000070e+00,2.602070000000000216e-01,9.492200000000000637e-02,-1.272409999999999930e-01
-8.862000000000000086e-03,-1.014950000000000019e-01,8.099060000000000148e-01,7.377879999999999994e-01,-2.472699999999999898e-02,3.015100000000000072e-02,-6.739049999999999763e-01,1.256730000000000069e-01,1.685480000000000034e-01,1.320699999999999999e-02,1.283620000000000039e-01,-4.498599999999999821e-02,-9.438299999999999468e-02,9.292300000000000559e-02,-7.210600000000000342e-02,-1.359450000000000103e-01,1.415109999999999979e-01,-3.535399999999999654e-02,1.239620000000000027e-01,3.804300000000000043e-02,7.618900000000000672e-02,-5.432599999999999929e-02,2.619389999999999774e-01,5.065549999999999775e-01,9.559299999999999742e-02,1.086994999999999933e+00,-4.059789999999999788e-01,6.710000000000000469e-04,2.307420000000000027e-01,2.216410000000000047e-01,-7.846049999999999969e-01,1.453919999999999935e-01,1.091414000000000106e+00,2.623909999999999854e-01,9.478599999999999526e-02,-1.276500000000000135e-01
-9.324999999999999956e-03,-1.012070000000000053e-01,8.098950000000000315e-01,7.374469999999999636e-01,-2.472399999999999945e-02,3.016100000000000031e-02,-6.742789999999999617e-01,1.253680000000000072e-01,1.693620000000000125e-01,1.503200000000000022e-02,1.283040000000000014e-01,-4.417599999999999999e-02,-9.481299999999999450e-02,9.199000000000000232e-02,-7.144899999999999862e-02,-1.362349999999999950e-01,1.414009999999999989e-01,-3.507899999999999907e-02,1.228970000000000062e-01,3.620099999999999707e-02,7.745699999999999807e-02,-5.308199999999999724e-02,2.599420000000000064e-01,5.087739999999999485e-01,9.495599999999999874e-02,1.089695000000000080e+00,-4.070360000000000089e-01,1.190000000000000085e-03,2.318159999999999943e-01,2.208080000000000043e-01,-7.844750000000000334e-01,1.451780000000000015e-01,1.095023999999999997e+00,2.647059999999999969e-01,9.475400000000000489e-02,-1.281329999999999969e-01
-9.790999999999999356e-03,-1.008290000000000020e-01,8.099730000000000540e-01,7.370989999999999487e-01,-2.471999999999999892e-02,3.018099999999999949e-02,-6.746569999999999512e-01,1.250390000000000112e-01,1.701959999999999862e-01,1.686999999999999958e-02,1.282689999999999941e-01,-4.337900000000000089e-02,-9.524900000000000033e-02,9.103600000000000581e-02,-7.077100000000000057e-02,-1.365109999999999935e-01,1.412909999999999999e-01,-3.479199999999999654e-02,1.218219999999999997e-01,3.443000000000000227e-02,7.873600000000000043e-02,-5.185100000000000126e-02,2.577869999999999884e-01,5.110460000000000003e-01,9.422600000000000420e-02,1.092629999999999990e+00,-4.081460000000000088e-01,1.590999999999999966e-03,2.328040000000000109e-01,2.200650000000000106e-01,-7.843369999999999509e-01,1.448830000000000118e-01,1.098565999999999931e+00,2.670319999999999916e-01,9.475600000000000689e-02,-1.286269999999999913e-01
-9.679000000000000103e-03,-1.001780000000000032e-01,8.101209999999999800e-01,7.366150000000000198e-01,-2.483300000000000091e-02,3.026300000000000170e-02,-6.751789999999999736e-01,1.245350000000000068e-01,1.703119999999999912e-01,1.905000000000000096e-02,1.282619999999999871e-01,-4.311899999999999761e-02,-9.481599999999999751e-02,9.008599999999999941e-02,-7.096399999999999930e-02,-1.360399999999999943e-01,1.412410000000000054e-01,-3.369500000000000273e-02,1.228520000000000029e-01,3.320900000000000241e-02,7.962099999999999733e-02,-5.117599999999999927e-02,2.563460000000000183e-01,5.152179999999999538e-01,9.589799999999999713e-02,1.095666000000000029e+00,-4.088740000000000152e-01,1.961000000000000069e-03,2.334090000000000054e-01,2.202060000000000128e-01,-7.834940000000000238e-01,1.438069999999999904e-01,1.102684999999999915e+00,2.696729999999999960e-01,9.470000000000000639e-02,-1.292729999999999990e-01
-9.563000000000000320e-03,-9.954399999999999360e-02,8.101770000000000360e-01,7.361529999999999463e-01,-2.491200000000000012e-02,3.036600000000000063e-02,-6.756750000000000256e-01,1.239740000000000009e-01,1.704320000000000002e-01,2.127799999999999830e-02,1.282280000000000086e-01,-4.261399999999999910e-02,-9.450000000000000067e-02,8.881400000000000405e-02,-7.100299999999999667e-02,-1.357629999999999948e-01,1.410939999999999972e-01,-3.251500000000000223e-02,1.227069999999999966e-01,3.200700000000000073e-02,8.033600000000000463e-02,-5.061700000000000227e-02,2.549399999999999999e-01,5.196399999999999908e-01,9.761699999999999544e-02,1.098751000000000033e+00,-4.094900000000000206e-01,2.314999999999999784e-03,2.338429999999999953e-01,2.203199999999999881e-01,-7.826119999999999743e-01,1.427410000000000068e-01,1.106762999999999941e+00,2.722580000000000000e-01,9.464300000000000490e-02,-1.299680000000000002e-01
-9.539999999999999869e-03,-9.891199999999999992e-02,8.102329999999999810e-01,7.356899999999999551e-01,-2.497699999999999920e-02,3.049199999999999827e-02,-6.761709999999999665e-01,1.233599999999999974e-01,1.705679999999999974e-01,2.350299999999999959e-02,1.281849999999999934e-01,-4.209299999999999847e-02,-9.419199999999999795e-02,8.748499999999999333e-02,-7.101999999999999980e-02,-1.354930000000000023e-01,1.409469999999999890e-01,-3.132999999999999674e-02,1.225529999999999953e-01,3.080400000000000152e-02,8.102800000000000280e-02,-5.012400000000000189e-02,2.535410000000000164e-01,5.241059999999999608e-01,9.934400000000000175e-02,1.101868000000000070e+00,-4.100980000000000181e-01,2.660000000000000038e-03,2.342299999999999938e-01,2.204389999999999961e-01,-7.816990000000000327e-01,1.416860000000000064e-01,1.110848000000000058e+00,2.748349999999999960e-01,9.458999999999999353e-02,-1.306650000000000034e-01
-9.417999999999999289e-03,-9.846100000000000685e-02,8.103329999999999700e-01,7.350719999999999477e-01,-2.494000000000000036e-02,3.031199999999999867e-02,-6.768509999999999804e-01,1.235460000000000030e-01,1.706930000000000114e-01,2.464200000000000071e-02,1.281920000000000004e-01,-4.263600000000000029e-02,-9.428300000000000569e-02,8.672900000000000054e-02,-7.095200000000000118e-02,-1.349249999999999894e-01,1.408119999999999927e-01,-3.152800000000000047e-02,1.224630000000000024e-01,3.028899999999999995e-02,8.126600000000000490e-02,-4.930899999999999866e-02,2.528429999999999844e-01,5.257730000000000459e-01,9.818999999999999950e-02,1.106187999999999949e+00,-4.108510000000000217e-01,3.021999999999999947e-03,2.332529999999999881e-01,2.193809999999999927e-01,-7.809260000000000090e-01,1.437329999999999997e-01,1.111725000000000074e+00,2.752470000000000194e-01,9.449799999999999867e-02,-1.302760000000000029e-01
-9.322999999999999690e-03,-9.801700000000000690e-02,8.103129999999999500e-01,7.345540000000000402e-01,-2.510099999999999831e-02,3.026900000000000077e-02,-6.774090000000000389e-01,1.237169999999999936e-01,1.709819999999999951e-01,2.710600000000000162e-02,1.282280000000000086e-01,-4.281299999999999689e-02,-9.401900000000000535e-02,8.602200000000000124e-02,-7.092600000000000293e-02,-1.342230000000000090e-01,1.407779999999999865e-01,-3.096199999999999994e-02,1.223169999999999952e-01,2.957699999999999912e-02,8.160599999999999798e-02,-4.834399999999999809e-02,2.522840000000000082e-01,5.272999999999999909e-01,9.714200000000000612e-02,1.110543000000000058e+00,-4.117350000000000176e-01,3.415000000000000067e-03,2.323759999999999992e-01,2.182810000000000028e-01,-7.804459999999999731e-01,1.458079999999999932e-01,1.112343999999999999e+00,2.755449999999999844e-01,9.468100000000000127e-02,-1.298449999999999882e-01
-9.223999999999999561e-03,-9.757200000000000595e-02,8.103799999999999892e-01,7.340280000000000138e-01,-2.527099999999999833e-02,3.022299999999999986e-02,-6.779760000000000231e-01,1.239259999999999945e-01,1.712809999999999888e-01,2.960000000000000131e-02,1.282379999999999909e-01,-4.298199999999999937e-02,-9.374899999999999900e-02,8.535299999999999832e-02,-7.088500000000000356e-02,-1.335040000000000115e-01,1.406820000000000015e-01,-3.035900000000000057e-02,1.221720000000000028e-01,2.884700000000000111e-02,8.198500000000000232e-02,-4.735500000000000126e-02,2.517719999999999958e-01,5.287709999999999910e-01,9.613599999999999923e-02,1.114843000000000028e+00,-4.126239999999999908e-01,3.824999999999999841e-03,2.315270000000000106e-01,2.171399999999999997e-01,-7.800120000000000386e-01,1.479179999999999939e-01,1.112930999999999893e+00,2.758320000000000216e-01,9.493000000000000049e-02,-1.294009999999999883e-01
-9.249000000000000277e-03,-9.701300000000000201e-02,8.103970000000000340e-01,7.337519999999999598e-01,-2.557399999999999951e-02,2.998299999999999924e-02,-6.782740000000000435e-01,1.239839999999999970e-01,1.710029999999999883e-01,2.909899999999999987e-02,1.282079999999999886e-01,-4.293899999999999800e-02,-9.395399999999999585e-02,8.509899999999999409e-02,-7.059100000000000097e-02,-1.326739999999999864e-01,1.407059999999999977e-01,-2.987599999999999978e-02,1.220620000000000038e-01,2.912500000000000158e-02,8.246499999999999664e-02,-4.670200000000000046e-02,2.502880000000000105e-01,5.316419999999999479e-01,9.536100000000000132e-02,1.116549999999999931e+00,-4.117439999999999989e-01,4.324999999999999852e-03,2.303860000000000074e-01,2.165430000000000132e-01,-7.798260000000000192e-01,1.506170000000000009e-01,1.114652999999999894e+00,2.754269999999999774e-01,9.576700000000000490e-02,-1.284540000000000126e-01
-9.251000000000000542e-03,-9.643999999999999795e-02,8.104000000000000092e-01,7.335450000000000026e-01,-2.586499999999999910e-02,2.976099999999999926e-02,-6.784959999999999880e-01,1.241010000000000030e-01,1.712420000000000053e-01,3.047100000000000156e-02,1.281690000000000051e-01,-4.302600000000000174e-02,-9.381399999999999462e-02,8.487000000000000099e-02,-7.042600000000000249e-02,-1.322399999999999964e-01,1.407799999999999885e-01,-2.947900000000000173e-02,1.219790000000000041e-01,2.929199999999999859e-02,8.292399999999999771e-02,-4.609800000000000009e-02,2.488070000000000004e-01,5.345400000000000151e-01,9.452299999999999591e-02,1.117979000000000056e+00,-4.106170000000000098e-01,5.022000000000000422e-03,2.293439999999999923e-01,2.159079999999999888e-01,-7.796359999999999957e-01,1.532219999999999971e-01,1.116541000000000006e+00,2.749409999999999910e-01,9.657699999999999618e-02,-1.273289999999999977e-01
-9.251000000000000542e-03,-9.586799999999999489e-02,8.104890000000000150e-01,7.333269999999999511e-01,-2.616100000000000023e-02,2.953799999999999829e-02,-6.787300000000000555e-01,1.242420000000000052e-01,1.714890000000000025e-01,3.187700000000000256e-02,1.281249999999999889e-01,-4.311999999999999861e-02,-9.367399999999999338e-02,8.463900000000000590e-02,-7.025700000000000001e-02,-1.317760000000000042e-01,1.408669999999999922e-01,-2.908799999999999927e-02,1.218950000000000033e-01,2.949799999999999991e-02,8.338900000000000479e-02,-4.548599999999999866e-02,2.473519999999999885e-01,5.374269999999999881e-01,9.369199999999999751e-02,1.119331000000000076e+00,-4.094550000000000134e-01,5.780000000000000415e-03,2.283409999999999884e-01,2.152550000000000019e-01,-7.794459999999999722e-01,1.558219999999999883e-01,1.118473999999999968e+00,2.744360000000000133e-01,9.736000000000000210e-02,-1.261639999999999984e-01
-9.261999999999999400e-03,-9.534199999999999620e-02,8.105689999999999840e-01,7.328200000000000269e-01,-2.647599999999999953e-02,2.935300000000000062e-02,-6.792740000000000444e-01,1.248019999999999963e-01,1.719070000000000042e-01,3.446899999999999964e-02,1.282030000000000114e-01,-4.282600000000000295e-02,-9.301399999999999946e-02,8.428299999999999681e-02,-7.008300000000000640e-02,-1.315280000000000060e-01,1.410069999999999935e-01,-2.812800000000000022e-02,1.218299999999999939e-01,2.938299999999999940e-02,8.350100000000000577e-02,-4.457400000000000251e-02,2.471550000000000136e-01,5.381740000000000412e-01,9.379999999999999449e-02,1.120924999999999949e+00,-4.092410000000000214e-01,5.888000000000000005e-03,2.281660000000000077e-01,2.151409999999999989e-01,-7.796659999999999702e-01,1.576490000000000113e-01,1.119024999999999936e+00,2.742350000000000065e-01,9.760599999999999832e-02,-1.254339999999999899e-01
-9.173999999999999863e-03,-9.484499999999999875e-02,8.106510000000000105e-01,7.322720000000000340e-01,-2.678699999999999831e-02,2.919800000000000173e-02,-6.798589999999999911e-01,1.253229999999999900e-01,1.722470000000000112e-01,3.631399999999999906e-02,1.281909999999999994e-01,-4.255300000000000055e-02,-9.256300000000000638e-02,8.397899999999999809e-02,-6.989199999999999580e-02,-1.314160000000000050e-01,1.411250000000000004e-01,-2.705799999999999872e-02,1.217960000000000015e-01,2.936400000000000121e-02,8.378199999999999537e-02,-4.361999999999999905e-02,2.473080000000000001e-01,5.386790000000000189e-01,9.402800000000000047e-02,1.122184000000000070e+00,-4.090639999999999832e-01,5.958999999999999887e-03,2.281930000000000069e-01,2.151240000000000097e-01,-7.800430000000000419e-01,1.594669999999999976e-01,1.119266000000000094e+00,2.740369999999999751e-01,9.792099999999999416e-02,-1.247869999999999951e-01
-9.169000000000000067e-03,-9.435399999999999343e-02,8.107320000000000082e-01,7.317270000000000163e-01,-2.709500000000000103e-02,2.904999999999999943e-02,-6.804390000000000160e-01,1.258360000000000034e-01,1.725839999999999874e-01,3.815199999999999841e-02,1.281779999999999864e-01,-4.228799999999999920e-02,-9.210799999999999543e-02,8.368599999999999650e-02,-6.969999999999999807e-02,-1.313239999999999963e-01,1.412150000000000072e-01,-2.598299999999999915e-02,1.217680000000000012e-01,2.930699999999999972e-02,8.409099999999999908e-02,-4.268700000000000272e-02,2.475539999999999963e-01,5.391230000000000189e-01,9.428499999999999381e-02,1.123321999999999932e+00,-4.088780000000000192e-01,6.056999999999999884e-03,2.282830000000000137e-01,2.151480000000000059e-01,-7.804539999999999811e-01,1.612810000000000077e-01,1.119420999999999999e+00,2.738380000000000258e-01,9.828299999999999537e-02,-1.241590000000000055e-01
-9.107999999999999777e-03,-9.389500000000000624e-02,8.107980000000000187e-01,7.313659999999999606e-01,-2.750800000000000120e-02,2.874499999999999972e-02,-6.808239999999999847e-01,1.264820000000000111e-01,1.726320000000000077e-01,3.912899999999999712e-02,1.282339999999999869e-01,-4.191099999999999687e-02,-9.166299999999999448e-02,8.334700000000000442e-02,-6.958599999999999508e-02,-1.305699999999999916e-01,1.411749999999999949e-01,-2.531699999999999923e-02,1.218069999999999986e-01,2.849600000000000050e-02,8.377400000000000124e-02,-4.193500000000000005e-02,2.479560000000000097e-01,5.411550000000000527e-01,9.296899999999999609e-02,1.123839000000000032e+00,-4.070619999999999794e-01,6.618999999999999884e-03,2.275550000000000073e-01,2.164020000000000110e-01,-7.822879999999999834e-01,1.626759999999999873e-01,1.116427999999999976e+00,2.719739999999999935e-01,9.839199999999999335e-02,-1.226450000000000040e-01
-9.039000000000000160e-03,-9.338100000000000567e-02,8.108670000000000044e-01,7.309520000000000461e-01,-2.785100000000000076e-02,2.852199999999999874e-02,-6.812639999999999807e-01,1.270830000000000015e-01,1.728470000000000006e-01,4.059999999999999720e-02,1.282290000000000096e-01,-4.149599999999999816e-02,-9.117599999999999316e-02,8.328199999999999492e-02,-6.951599999999999446e-02,-1.304120000000000001e-01,1.412380000000000024e-01,-2.448900000000000035e-02,1.218560000000000060e-01,2.812200000000000116e-02,8.354499999999999427e-02,-4.120800000000000157e-02,2.483789999999999887e-01,5.431200000000000472e-01,9.160100000000000187e-02,1.124387999999999943e+00,-4.051589999999999914e-01,7.406000000000000257e-03,2.266499999999999904e-01,2.182979999999999920e-01,-7.841740000000000377e-01,1.634740000000000082e-01,1.112799000000000094e+00,2.699090000000000100e-01,9.871099999999999319e-02,-1.211160000000000014e-01
-8.966999999999999277e-03,-9.296000000000000096e-02,8.110230000000000494e-01,7.305329999999999879e-01,-2.819199999999999831e-02,2.830500000000000030e-02,-6.817079999999999806e-01,1.276899999999999979e-01,1.730659999999999976e-01,4.208300000000000235e-02,1.282179999999999986e-01,-4.108900000000000052e-02,-9.068800000000000472e-02,8.322300000000000531e-02,-6.943799999999999972e-02,-1.302399999999999947e-01,1.412839999999999929e-01,-2.366199999999999901e-02,1.219080000000000025e-01,2.789600000000000066e-02,8.333699999999999442e-02,-4.051199999999999940e-02,2.487219999999999986e-01,5.451009999999999467e-01,9.009899999999999853e-02,1.124932999999999961e+00,-4.032379999999999853e-01,8.220999999999999142e-03,2.257290000000000130e-01,2.205000000000000016e-01,-7.860610000000000097e-01,1.639960000000000029e-01,1.108930999999999889e+00,2.677880000000000260e-01,9.912600000000000577e-02,-1.196030000000000010e-01
-8.913000000000000783e-03,-9.226299999999999779e-02,8.110129999999999839e-01,7.303979999999999917e-01,-2.855600000000000152e-02,2.795999999999999874e-02,-6.818520000000000136e-01,1.280550000000000022e-01,1.728470000000000006e-01,4.244699999999999862e-02,1.282220000000000026e-01,-4.105999999999999928e-02,-9.039500000000000313e-02,8.320600000000000218e-02,-6.935900000000000398e-02,-1.304150000000000031e-01,1.413129999999999942e-01,-2.278900000000000023e-02,1.219670000000000060e-01,2.782000000000000098e-02,8.305300000000000182e-02,-3.950700000000000045e-02,2.489899999999999891e-01,5.459899999999999753e-01,8.800600000000000089e-02,1.124109999999999943e+00,-4.010380000000000056e-01,8.528000000000000858e-03,2.249710000000000043e-01,2.225149999999999906e-01,-7.884210000000000385e-01,1.653989999999999905e-01,1.105485999999999969e+00,2.644349999999999756e-01,1.000449999999999950e-01,-1.178440000000000043e-01
-8.845999999999999697e-03,-9.165900000000000436e-02,8.110910000000000064e-01,7.302760000000000362e-01,-2.892899999999999985e-02,2.763799999999999937e-02,-6.819800000000000306e-01,1.283019999999999994e-01,1.727480000000000127e-01,4.286700000000000232e-02,1.282270000000000076e-01,-4.104000000000000009e-02,-8.999699999999999367e-02,8.327400000000000080e-02,-6.939499999999999835e-02,-1.306100000000000039e-01,1.412960000000000049e-01,-2.230899999999999897e-02,1.219480000000000008e-01,2.773199999999999971e-02,8.295500000000000096e-02,-3.842999999999999888e-02,2.495269999999999988e-01,5.465130000000000265e-01,8.601599999999999524e-02,1.123003999999999891e+00,-3.988220000000000098e-01,8.984999999999999931e-03,2.243719999999999881e-01,2.244639999999999969e-01,-7.907459999999999489e-01,1.668379999999999863e-01,1.102192999999999978e+00,2.609719999999999818e-01,1.009440000000000059e-01,-1.160489999999999994e-01
-8.776000000000000814e-03,-9.096799999999999331e-02,8.111680000000000001e-01,7.301539999999999697e-01,-2.930500000000000119e-02,2.731700000000000100e-02,-6.821070000000000189e-01,1.285479999999999956e-01,1.726479999999999959e-01,4.328699999999999909e-02,1.282449999999999979e-01,-4.102999999999999703e-02,-8.959499999999999409e-02,8.334500000000000242e-02,-6.943499999999999672e-02,-1.308040000000000036e-01,1.412909999999999999e-01,-2.183600000000000124e-02,1.219350000000000017e-01,2.759999999999999953e-02,8.287500000000000422e-02,-3.734799999999999925e-02,2.501599999999999935e-01,5.469770000000000465e-01,8.408200000000000396e-02,1.121769999999999934e+00,-3.965859999999999941e-01,9.494999999999999968e-03,2.238340000000000052e-01,2.263739999999999919e-01,-7.931049999999999489e-01,1.683169999999999944e-01,1.098929000000000045e+00,2.575009999999999799e-01,1.018229999999999968e-01,-1.142320000000000002e-01
-8.477999999999999425e-03,-9.045599999999999474e-02,8.111650000000000249e-01,7.300590000000000135e-01,-2.961899999999999950e-02,2.700200000000000169e-02,-6.822080000000000366e-01,1.290729999999999933e-01,1.725639999999999952e-01,4.480599999999999861e-02,1.281819999999999904e-01,-4.175800000000000345e-02,-8.853099999999999858e-02,8.345900000000000540e-02,-6.983799999999999730e-02,-1.302750000000000019e-01,1.415669999999999984e-01,-2.060899999999999885e-02,1.219380000000000047e-01,2.691999999999999948e-02,8.308500000000000607e-02,-3.669000000000000039e-02,2.509910000000000196e-01,5.466330000000000355e-01,8.184299999999999908e-02,1.121917999999999971e+00,-3.950250000000000150e-01,1.014199999999999997e-02,2.230900000000000105e-01,2.279049999999999965e-01,-7.957499999999999574e-01,1.689869999999999983e-01,1.095097999999999905e+00,2.547559999999999825e-01,1.024059999999999970e-01,-1.132589999999999986e-01
-8.168999999999999179e-03,-8.987299999999999456e-02,8.111570000000000169e-01,7.298829999999999485e-01,-2.992799999999999974e-02,2.673400000000000082e-02,-6.823930000000000273e-01,1.295939999999999870e-01,1.722849999999999937e-01,4.650499999999999773e-02,1.281730000000000091e-01,-4.248299999999999993e-02,-8.755400000000000682e-02,8.351300000000000390e-02,-7.015799999999999814e-02,-1.298779999999999935e-01,1.418200000000000016e-01,-1.962799999999999961e-02,1.219620000000000010e-01,2.630700000000000052e-02,8.327199999999999880e-02,-3.586899999999999811e-02,2.513130000000000086e-01,5.458969999999999656e-01,7.923099999999999588e-02,1.122278000000000109e+00,-3.935339999999999949e-01,1.083499999999999915e-02,2.221849999999999936e-01,2.295349999999999890e-01,-7.984259999999999691e-01,1.697369999999999990e-01,1.091169000000000056e+00,2.520910000000000095e-01,1.030660000000000048e-01,-1.123709999999999987e-01
-7.856999999999999401e-03,-8.937399999999999511e-02,8.111500000000000377e-01,7.297050000000000480e-01,-3.024100000000000052e-02,2.646099999999999841e-02,-6.825799999999999645e-01,1.301200000000000134e-01,1.720009999999999872e-01,4.820800000000000085e-02,1.281710000000000071e-01,-4.321200000000000041e-02,-8.657299999999999718e-02,8.356199999999999739e-02,-7.048300000000000398e-02,-1.294720000000000037e-01,1.420919999999999961e-01,-1.865100000000000091e-02,1.219849999999999962e-01,2.575300000000000158e-02,8.347899999999999765e-02,-3.502600000000000158e-02,2.515439999999999898e-01,5.451500000000000234e-01,7.654800000000000493e-02,1.122694000000000081e+00,-3.920580000000000176e-01,1.152599999999999979e-02,2.212820000000000065e-01,2.312210000000000099e-01,-8.011169999999999680e-01,1.704090000000000049e-01,1.087212000000000067e+00,2.494439999999999991e-01,1.037450000000000039e-01,-1.114929999999999949e-01
-7.943000000000000407e-03,-8.890599999999999892e-02,8.112120000000000442e-01,7.297580000000000178e-01,-3.058299999999999907e-02,2.624100000000000044e-02,-6.825170000000000403e-01,1.301299999999999957e-01,1.718939999999999912e-01,4.722500000000000309e-02,1.281670000000000031e-01,-4.205699999999999716e-02,-8.788500000000000478e-02,8.368599999999999650e-02,-7.035800000000000387e-02,-1.301980000000000082e-01,1.415990000000000026e-01,-1.986399999999999971e-02,1.218189999999999967e-01,2.595400000000000137e-02,8.485099999999999587e-02,-3.472299999999999692e-02,2.521849999999999925e-01,5.442399999999999460e-01,7.659000000000000530e-02,1.124297000000000102e+00,-3.928829999999999822e-01,1.199700000000000072e-02,2.214460000000000039e-01,2.318079999999999863e-01,-8.019760000000000222e-01,1.687539999999999873e-01,1.088036000000000003e+00,2.499480000000000035e-01,1.046009999999999995e-01,-1.126849999999999935e-01
-8.031999999999999210e-03,-8.840000000000000635e-02,8.111880000000000202e-01,7.298829999999999485e-01,-3.084299999999999889e-02,2.601600000000000093e-02,-6.823810000000000153e-01,1.303010000000000002e-01,1.718739999999999990e-01,4.868299999999999711e-02,1.281980000000000064e-01,-4.197399999999999742e-02,-8.747000000000000608e-02,8.379499999999999449e-02,-7.021700000000000164e-02,-1.306950000000000056e-01,1.416060000000000096e-01,-1.993500000000000133e-02,1.217670000000000002e-01,2.587800000000000170e-02,8.587200000000000388e-02,-3.445800000000000252e-02,2.526840000000000197e-01,5.433869999999999534e-01,7.659399999999999542e-02,1.126122999999999985e+00,-3.938880000000000159e-01,1.236600000000000026e-02,2.215519999999999989e-01,2.319189999999999863e-01,-8.027320000000000011e-01,1.674779999999999880e-01,1.089439000000000046e+00,2.507309999999999817e-01,1.051590000000000025e-01,-1.140420000000000045e-01
-8.120000000000000481e-03,-8.788600000000000578e-02,8.111629999999999674e-01,7.299900000000000277e-01,-3.110500000000000070e-02,2.578300000000000036e-02,-6.822620000000000351e-01,1.304810000000000136e-01,1.718469999999999998e-01,5.018800000000000344e-02,1.282570000000000099e-01,-4.190599999999999881e-02,-8.705400000000000638e-02,8.389499999999999735e-02,-7.008200000000000540e-02,-1.311440000000000106e-01,1.416280000000000039e-01,-2.000000000000000042e-02,1.217109999999999997e-01,2.578599999999999989e-02,8.686699999999999977e-02,-3.416600000000000192e-02,2.531889999999999974e-01,5.425480000000000302e-01,7.665600000000000191e-02,1.128001999999999949e+00,-3.949179999999999913e-01,1.270100000000000048e-02,2.216390000000000027e-01,2.318199999999999983e-01,-8.034710000000000463e-01,1.663840000000000041e-01,1.091050999999999993e+00,2.515749999999999931e-01,1.056139999999999995e-01,-1.153959999999999986e-01
