2.871282819999999791e+00,-3.504569200000000051e-01,8.186285500000000104e-01,6.656749000000000693e-02,-9.874516999999999323e-02,-1.115850000000000002e-02,-9.928210400000000435e-01,1.435946499999999904e-01,1.228131900000000026e-01,4.032079299999999922e-01,6.481673999999999769e-02,-2.298786200000000057e-01,5.488275000000000098e-02,9.250616000000000394e-02,-4.111098100000000199e-01,-5.296099199999999563e-01,2.634767000000000081e-01,-3.258152000000000270e-02,2.344179999999999875e-02,-9.110793000000000363e-02,8.984070000000000250e-03,8.656192999999999527e-02,2.343175000000000119e-02,1.349726199999999876e-01,-2.066740400000000033e-01,3.640531300000000026e-01,-1.947570000000000030e-03,-1.364743000000000032e-02,-8.587398000000000253e-02,-4.524148100000000006e-01,-6.064556199999999730e-01,-2.230432599999999932e-01,-4.705785800000000241e-01,2.498104899999999962e-01,-3.038180500000000062e-01,-6.793149099999999940e-01
2.871096609999999938e+00,-3.491881199999999907e-01,8.187776799999999522e-01,6.789378000000000080e-02,-9.856399999999999884e-02,-1.113121000000000076e-02,-9.927495699999999701e-01,1.421576300000000070e-01,1.247572700000000034e-01,4.021067899999999917e-01,6.441338000000000619e-02,-2.264128599999999936e-01,5.403415999999999775e-02,9.456201000000000190e-02,-4.092412599999999956e-01,-5.330166800000000205e-01,2.622538200000000264e-01,-3.451842000000000105e-02,2.417224999999999929e-02,-8.610922999999999494e-02,8.089360000000000300e-03,8.771460999999999841e-02,2.162706000000000003e-02,1.357740600000000020e-01,-2.088353000000000015e-01,3.666778199999999877e-01,-1.688810000000000007e-03,-1.560776000000000004e-02,-8.638637999999999872e-02,-4.553174999999999861e-01,-6.081923799999999769e-01,-2.155350299999999886e-01,-4.732022000000000173e-01,2.504387499999999878e-01,-3.039554999999999896e-01,-6.737127299999999819e-01
2.870721099999999915e+00,-3.466943800000000242e-01,8.190674799999999589e-01,7.047929999999999473e-02,-9.823722000000000010e-02,-1.106240999999999995e-02,-9.926025299999999829e-01,1.393492699999999973e-01,1.286556299999999931e-01,4.000061999999999784e-01,6.376160000000000161e-02,-2.195998000000000117e-01,5.237635000000000207e-02,9.863149000000000222e-02,-4.054998499999999950e-01,-5.396413799999999483e-01,2.598720500000000211e-01,-3.832548000000000205e-02,2.550933000000000020e-02,-7.648665000000000325e-02,6.390060000000000358e-03,8.999012000000000677e-02,1.822843999999999853e-02,1.374332199999999948e-01,-2.131290100000000076e-01,3.718914999999999860e-01,-1.320479999999999961e-03,-1.934129000000000057e-02,-8.738308000000000186e-02,-4.608759299999999892e-01,-6.113989899999999755e-01,-2.008044099999999887e-01,-4.772368100000000113e-01,2.518118300000000143e-01,-3.040219499999999853e-01,-6.626779999999999893e-01
2.870153189999999910e+00,-3.430604600000000115e-01,8.194815500000000030e-01,7.419470000000000232e-02,-9.783242999999999800e-02,-1.092694999999999951e-02,-9.923731700000000266e-01,1.352917100000000095e-01,1.345190900000000078e-01,3.970862900000000084e-01,6.315935000000000299e-02,-2.096701900000000063e-01,4.998592000000000313e-02,1.046254499999999948e-01,-3.998876499999999834e-01,-5.491158999999999901e-01,2.564652299999999885e-01,-4.387558999999999904e-02,2.722476999999999883e-02,-6.293430999999999331e-02,4.055210000000000065e-03,9.333273999999999737e-02,1.361160999999999968e-02,1.400626600000000055e-01,-2.195199399999999967e-01,3.796290800000000076e-01,-1.147049999999999936e-03,-2.450698000000000112e-02,-8.881319000000000019e-02,-4.686578800000000267e-01,-6.155848499999999612e-01,-1.793998599999999943e-01,-4.803850700000000251e-01,2.541291999999999995e-01,-3.036295500000000258e-01,-6.465570299999999770e-01
2.869391680000000111e+00,-3.384061199999999769e-01,8.199976700000000118e-01,7.885775999999999897e-02,-9.744276000000000326e-02,-1.069443999999999950e-02,-9.920544000000000029e-01,1.301475599999999955e-01,1.423422400000000088e-01,3.935641100000000225e-01,6.302283000000000190e-02,-1.969559499999999908e-01,4.697230000000000155e-02,1.124002399999999985e-01,-3.924304499999999862e-01,-5.609106999999999843e-01,2.522445600000000065e-01,-5.099204999999999710e-02,2.902160000000000156e-02,-4.636772000000000116e-02,1.312790000000000094e-03,9.766672999999999327e-02,8.236240000000000575e-03,1.438280799999999970e-01,-2.280001000000000111e-01,3.898010299999999928e-01,-1.635390000000000021e-03,-3.066939000000000123e-02,-9.061115999999999615e-02,-4.781516800000000234e-01,-6.201112899999999817e-01,-1.520898800000000106e-01,-4.795137600000000111e-01,2.576143399999999972e-01,-3.022647800000000107e-01,-6.258810200000000101e-01
2.868443010000000015e+00,-3.328785000000000216e-01,8.205892999999999660e-01,8.424531999999999854e-02,-9.717736000000000429e-02,-1.033605999999999935e-02,-9.916412799999999583e-01,1.241012300000000068e-01,1.520829300000000051e-01,3.896451899999999746e-01,6.384952000000000683e-02,-1.818743200000000060e-01,4.347074000000000077e-02,1.217507800000000029e-01,-3.831971299999999969e-01,-5.743627500000000330e-01,2.475002699999999944e-01,-5.946080000000000115e-02,3.057974999999999929e-02,-2.780383000000000160e-02,-1.576029999999999966e-03,1.029028000000000026e-01,2.549179999999999849e-03,1.489375699999999914e-01,-2.386163199999999929e-01,4.022787800000000025e-01,-3.415730000000000068e-03,-3.736952000000000329e-02,-9.270203999999999944e-02,-4.888918099999999822e-01,-6.242849799999999894e-01,-1.198059100000000016e-01,-4.710035300000000036e-01,2.624438700000000235e-01,-2.993590799999999996e-01,-6.013636599999999666e-01
2.867323639999999951e+00,-3.266439099999999818e-01,8.212279700000000293e-01,9.010632999999999837e-02,-9.715032999999999308e-02,-9.830530000000000518e-03,-9.911336899999999561e-01,1.173424799999999990e-01,1.636435800000000107e-01,3.854797799999999941e-01,6.616856999999999600e-02,-1.649077399999999971e-01,3.963279000000000107e-02,1.324064000000000074e-01,-3.723132900000000189e-01,-5.887078599999999717e-01,2.425917999999999963e-01,-6.904180000000000039e-02,3.160373999999999822e-02,-8.244009999999999533e-03,-4.343360000000000103e-03,1.089426899999999948e-01,-3.107099999999999793e-03,1.556191600000000064e-01,-2.514713100000000034e-01,4.168477099999999824e-01,-7.270089999999999886e-03,-4.419242999999999783e-02,-9.500213999999999881e-02,-5.005686299999999589e-01,-6.274480799999999636e-01,-8.357990999999999338e-02,-4.511766999999999861e-01,2.686832499999999846e-01,-2.943671600000000166e-01,-5.738793599999999495e-01
2.866063589999999994e+00,-3.198794099999999752e-01,8.218852899999999906e-01,9.617467999999999850e-02,-9.746847999999999623e-02,-9.168400000000000161e-03,-9.905383599999999511e-01,1.100555800000000001e-01,1.768570700000000051e-01,3.811333199999999977e-01,7.048250999999999822e-02,-1.465816299999999905e-01,3.561484000000000177e-02,1.440325199999999972e-01,-3.599666100000000202e-01,-6.031198500000000129e-01,2.379228300000000018e-01,-7.947687999999999975e-02,3.186478999999999701e-02,1.141944999999999939e-02,-6.738779999999999770e-03,1.156809399999999960e-01,-8.564230000000000800e-03,1.640860899999999900e-01,-2.666907900000000109e-01,4.331271400000000216e-01,-1.409824999999999967e-02,-5.081801999999999847e-02,-9.740957999999999561e-02,-5.130996100000000393e-01,-6.290511500000000034e-01,-4.448208000000000023e-02,-4.167589500000000169e-01,2.762435100000000254e-01,-2.868430299999999988e-01,-5.444178600000000312e-01
2.864706280000000049e+00,-3.127655400000000085e-01,8.225344999999999462e-01,1.021803200000000050e-01,-9.821924999999999406e-02,-8.353420000000000289e-03,-9.898698299999999506e-01,1.024156600000000056e-01,1.914820100000000080e-01,3.765804799999999952e-01,7.720449000000000062e-02,-1.274396799999999996e-01,3.156617999999999924e-02,1.562387199999999976e-01,-3.464001999999999915e-01,-6.167501199999999573e-01,2.339017999999999931e-01,-9.049342999999999970e-02,3.123108999999999955e-02,3.045915999999999901e-02,-8.548949999999999605e-03,1.230023400000000017e-01,-1.386723999999999943e-02,1.744944300000000059e-01,-2.843602599999999758e-01,4.504811200000000126e-01,-2.486108999999999888e-02,-5.705062999999999801e-02,-9.978964999999999363e-02,-5.266385700000000281e-01,-6.286973999999999618e-01,-3.564320000000000162e-03,-3.653366299999999955e-01,2.848650200000000243e-01,-2.765047600000000161e-01,-5.140185400000000238e-01
2.863306999999999825e+00,-3.054803300000000221e-01,8.231520100000000451e-01,1.078581400000000051e-01,-9.946016000000000579e-02,-7.401579999999999618e-03,-9.891509400000000340e-01,9.459299999999999653e-02,2.072068499999999980e-01,3.717228499999999936e-01,8.659862999999999589e-02,-1.080190699999999948e-01,2.761759000000000089e-02,1.685932099999999934e-01,-3.318975000000000120e-01,-6.287688000000000166e-01,2.308939000000000130e-01,-1.018057099999999937e-01,2.968381999999999965e-02,4.832964000000000010e-02,-9.611810000000000145e-03,1.307765800000000034e-01,-1.928028000000000033e-02,1.868876800000000005e-01,-3.044280999999999793e-01,4.679159800000000091e-01,-4.049893000000000243e-02,-6.282166000000000139e-02,-1.019475799999999960e-01,-5.415276900000000060e-01,-6.261555600000000554e-01,3.818777999999999756e-02,-2.957339600000000179e-01,2.941400399999999915e-01,-2.632808400000000160e-01,-4.836935399999999774e-01
2.861928219999999801e+00,-2.981946200000000213e-01,8.237182499999999852e-01,1.129551099999999975e-01,-1.012107700000000055e-01,-6.338100000000000157e-03,-9.884115500000000276e-01,8.676156000000000146e-02,2.236641500000000060e-01,3.664289099999999966e-01,9.873371999999999704e-02,-8.882677999999999408e-02,2.387281000000000125e-02,1.806421400000000066e-01,-3.167613400000000023e-01,-6.384024000000000365e-01,2.291736900000000132e-01,-1.131139800000000029e-01,2.731623999999999858e-02,6.464931000000000150e-02,-9.825389999999999818e-03,1.388514200000000032e-01,-2.527234999999999898e-02,2.011683599999999905e-01,-3.266463900000000087e-01,4.840786200000000150e-01,-6.184515000000000151e-02,-6.818084000000000644e-02,-1.036154299999999945e-01,-5.582005399999999673e-01,-6.213451599999999519e-01,7.989461999999999953e-02,-2.082638300000000109e-01,3.035685399999999978e-01,-2.473347499999999921e-01,-4.543549100000000007e-01
2.860635999999999957e+00,-2.910690899999999748e-01,8.242187500000000000e-01,1.172353299999999987e-01,-1.034483000000000069e-01,-5.193679999999999998e-03,-9.876878900000000128e-01,7.910955999999999544e-02,2.404509800000000086e-01,3.605876000000000081e-01,1.134554700000000027e-01,-7.032035000000000369e-02,2.040275000000000075e-02,1.919313099999999939e-01,-3.012925100000000134e-01,-6.449661300000000264e-01,2.288864300000000018e-01,-1.241060499999999955e-01,2.431967000000000156e-02,7.916157999999999528e-02,-9.152650000000000022e-03,1.470467000000000024e-01,-3.248369999999999730e-02,2.170725900000000097e-01,-3.505193600000000020e-01,4.973037799999999731e-01,-8.952535999999999827e-02,-7.327026999999999846e-02,-1.044399000000000022e-01,-5.770612400000000308e-01,-6.143043599999999937e-01,1.208135099999999990e-01,-1.048113900000000043e-01,3.126288400000000189e-01,-2.290628100000000056e-01,-4.267574499999999826e-01
2.859492060000000002e+00,-2.842520800000000181e-01,8.246443300000000365e-01,1.204845600000000044e-01,-1.061076700000000012e-01,-4.000919999999999824e-03,-9.870200799999999663e-01,7.184777000000000524e-02,2.571536899999999903e-01,3.541651100000000052e-01,1.303867499999999957e-01,-5.289478999999999709e-02,1.724387999999999962e-02,2.020299899999999926e-01,-2.857720599999999944e-01,-6.478897900000000210e-01,2.300243800000000005e-01,-1.344618099999999872e-01,2.095918999999999907e-02,9.168790999999999747e-02,-7.621799999999999756e-03,1.551517799999999891e-01,-4.168647999999999798e-02,2.341771699999999901e-01,-3.753140600000000049e-01,5.057798599999999700e-01,-1.238681799999999944e-01,-7.829524999999999679e-02,-1.039883900000000000e-01,-5.983692999999999929e-01,-6.051481399999999455e-01,1.603618699999999897e-01,1.128732999999999993e-02,3.208585099999999857e-01,-2.090658699999999870e-01,-4.014631200000000066e-01
2.858550070000000165e+00,-2.778786999999999785e-01,8.249915199999999782e-01,1.225143300000000046e-01,-1.090858400000000034e-01,-2.791689999999999883e-03,-9.864496000000000375e-01,6.521251999999999605e-02,2.733739600000000269e-01,3.472548999999999775e-01,1.489556099999999883e-01,-3.687760000000000343e-02,1.440057999999999963e-02,2.105539899999999964e-01,-2.704499399999999998e-01,-6.467367400000000321e-01,2.324220499999999912e-01,-1.438619899999999951e-01,1.754400000000000057e-02,1.020860299999999943e-01,-5.322709999999999594e-03,1.629284900000000091e-01,-5.374277000000000221e-02,2.519345599999999741e-01,-4.001269599999999760e-01,5.078101200000000315e-01,-1.648330500000000087e-01,-8.349262000000000350e-02,-1.017746900000000010e-01,-6.221572199999999553e-01,-5.940276399999999679e-01,1.981326800000000055e-01,1.355611200000000072e-01,3.279250300000000062e-01,-1.880966000000000027e-01,-3.788301900000000111e-01
2.857850070000000020e+00,-2.720702300000000240e-01,8.252621900000000066e-01,1.231660799999999972e-01,-1.122503400000000040e-01,-1.595630000000000008e-03,-9.860159200000000457e-01,5.946258000000000099e-02,2.887524699999999833e-01,3.401126899999999953e-01,1.684481700000000082e-01,-2.253238999999999936e-02,1.185106000000000007e-02,2.171865000000000046e-01,-2.555408499999999861e-01,-6.412147900000000345e-01,2.357693200000000044e-01,-1.520014100000000035e-01,1.439718000000000074e-02,1.102206800000000014e-01,-2.398760000000000215e-03,1.701206000000000107e-01,-6.955922999999999967e-02,2.697301500000000019e-01,-4.239951699999999768e-01,5.021354599999999779e-01,-2.119681999999999955e-01,-8.909780999999999951e-02,-9.730402000000000495e-02,-6.481957400000000202e-01,-5.810968899999999771e-01,2.338983099999999982e-01,2.628727599999999831e-01,3.336779200000000167e-01,-1.669883100000000009e-01,-3.590229699999999968e-01
2.857416870000000220e+00,-2.669340099999999993e-01,8.254624000000000406e-01,1.223157299999999975e-01,-1.154507899999999976e-01,-4.394900000000000087e-04,-9.857534199999999913e-01,5.486945000000000017e-02,3.029882300000000250e-01,3.331696699999999733e-01,1.880774199999999952e-01,-1.006991999999999957e-02,9.556419999999999498e-03,2.216949199999999898e-01,-2.412257800000000008e-01,-6.311817199999999461e-01,2.396399399999999957e-01,-1.586041499999999993e-01,1.182767000000000020e-02,1.159507199999999932e-01,9.662299999999999969e-04,1.764698000000000100e-01,-9.003606000000000109e-02,2.869510699999999748e-01,-4.460279899999999853e-01,4.882628900000000050e-01,-2.644021799999999867e-01,-9.531009000000000009e-02,-9.013411000000000339e-02,-6.760117399999999721e-01,-5.664910100000000170e-01,2.676024699999999812e-01,3.879688399999999815e-01,3.381739899999999799e-01,-1.465748699999999960e-01,-3.420354700000000081e-01
2.857259510000000002e+00,-2.625635000000000052e-01,8.256015199999999776e-01,1.198773000000000061e-01,-1.185316700000000056e-01,6.530600000000000120e-04,-9.856871999999999856e-01,5.170309000000000016e-02,3.158515399999999862e-01,3.270230599999999765e-01,2.070562400000000025e-01,3.368199999999999905e-04,7.471730000000000212e-03,2.239414999999999878e-01,-2.276568999999999954e-01,-6.166444399999999604e-01,2.435291400000000051e-01,-1.634388700000000139e-01,1.010757999999999969e-02,1.191307800000000056e-01,4.565829999999999889e-03,1.817364099999999871e-01,-1.160071599999999981e-01,3.030517400000000139e-01,-4.655281000000000002e-01,4.667324099999999865e-01,-3.208716200000000240e-01,-1.022558699999999987e-01,-7.994476999999999833e-02,-7.049488400000000210e-01,-5.503165700000000049e-01,2.993352100000000182e-01,5.060225699999999494e-01,3.416749499999999773e-01,-1.276120400000000099e-01,-3.277216299999999860e-01
2.857373239999999814e+00,-2.590380899999999986e-01,8.256899699999999953e-01,1.158067099999999933e-01,-1.213449000000000055e-01,1.661970000000000027e-03,-9.858303099999999874e-01,5.021401000000000336e-02,3.271893300000000004e-01,3.224030700000000138e-01,2.246623199999999987e-01,8.538959999999999953e-03,5.557620000000000095e-03,2.238857300000000050e-01,-2.149633900000000042e-01,-5.977549599999999463e-01,2.468971799999999939e-01,-1.663304100000000119e-01,9.454809999999999257e-03,1.196243099999999976e-01,8.192090000000000830e-03,1.857227200000000078e-01,-1.481706100000000081e-01,3.176035300000000228e-01,-4.820737500000000231e-01,4.392586900000000072e-01,-3.797889400000000193e-01,-1.099523599999999990e-01,-6.660583999999999949e-02,-7.342530499999999627e-01,-5.326535100000000522e-01,3.292945299999999742e-01,6.130815099999999962e-01,3.446224299999999796e-01,-1.107120099999999996e-01,-3.158265699999999732e-01
2.857742790000000088e+00,-2.564228800000000197e-01,8.257373000000000074e-01,1.101040400000000002e-01,-1.237604199999999960e-01,2.571620000000000156e-03,-9.861814399999999647e-01,5.061444999999999833e-02,3.369228799999999802e-01,3.201192900000000008e-01,2.402863199999999977e-01,1.440306000000000052e-02,3.791179999999999897e-03,2.215777899999999967e-01,-2.032563799999999865e-01,-5.748026999999999997e-01,2.492133500000000002e-01,-1.671657699999999913e-01,1.002206999999999924e-02,1.173228500000000063e-01,1.165798000000000008e-02,1.882948299999999964e-01,-1.870126400000000078e-01,3.303208899999999781e-01,-4.955457999999999807e-01,4.087032700000000074e-01,-4.393423799999999768e-01,-1.182772700000000038e-01,-5.023042999999999952e-02,-7.631639199999999956e-01,-5.135681600000000513e-01,3.577350400000000041e-01,7.063573600000000452e-01,3.475928300000000193e-01,-9.629719999999999946e-02,-3.060137600000000235e-01
2.858347179999999987e+00,-2.547678899999999969e-01,8.257508300000000467e-01,1.028151699999999974e-01,-1.256741000000000108e-01,3.372210000000000051e-03,-9.867237199999999708e-01,5.305995000000000156e-02,3.450380299999999956e-01,3.209911899999999818e-01,2.534591600000000167e-01,1.781121000000000093e-02,2.173459999999999889e-03,2.171440699999999946e-01,-1.926325999999999872e-01,-5.482063299999999639e-01,2.499992299999999890e-01,-1.658938799999999936e-01,1.189050999999999997e-02,1.121680399999999966e-01,1.481748999999999913e-02,1.893999299999999941e-01,-2.327338499999999921e-01,3.410612599999999772e-01,-5.060996399999999618e-01,3.788592499999999808e-01,-4.976283000000000234e-01,-1.269526500000000002e-01,-3.120273000000000144e-02,-7.909912500000000346e-01,-4.931316099999999980e-01,3.849139799999999889e-01,7.843301299999999587e-01,3.512427200000000083e-01,-8.458259999999999390e-02,-2.978904499999999733e-01
2.859163759999999943e+00,-2.541074500000000125e-01,8.257333599999999718e-01,9.403192000000000494e-02,-1.270121600000000128e-01,4.060860000000000337e-03,-9.874256300000000541e-01,5.763246000000000341e-02,3.515688799999999725e-01,3.257687400000000011e-01,2.638588199999999939e-01,1.867125999999999855e-02,7.330900000000000437e-04,2.107640699999999978e-01,-1.831774300000000022e-01,-5.185012799999999533e-01,2.488698500000000036e-01,-1.625195299999999954e-01,1.506868999999999917e-02,1.041735699999999931e-01,1.757966999999999863e-02,1.890762300000000118e-01,-2.851905499999999871e-01,3.498061599999999771e-01,-5.140938200000000347e-01,3.540708100000000136e-01,-5.527965400000000029e-01,-1.355508599999999952e-01,-1.017213999999999965e-02,-8.171685899999999725e-01,-4.714454699999999776e-01,4.110431700000000133e-01,8.466699699999999940e-01,3.562452500000000133e-01,-7.558146000000000309e-02,-2.910279299999999902e-01
2.860171080000000199e+00,-2.544587600000000061e-01,8.256833599999999773e-01,8.389143999999999768e-02,-1.277330499999999869e-01,4.642679999999999724e-03,-9.882433400000000256e-01,6.432865999999999584e-02,3.565794500000000200e-01,3.350509099999999796e-01,2.713032699999999853e-01,1.693300999999999834e-02,-4.769500000000000193e-04,2.026514600000000055e-01,-1.749637599999999960e-01,-4.863306900000000099e-01,2.455625800000000025e-01,-1.570925099999999908e-01,1.949460000000000082e-02,9.343895000000000672e-02,1.991717999999999961e-02,1.874516499999999974e-01,-3.438483500000000248e-01,3.566306499999999935e-01,-5.199940199999999457e-01,3.387158200000000008e-01,-6.031950099999999759e-01,-1.435180600000000029e-01,1.199248999999999975e-02,-8.412762299999999582e-01,-4.486655299999999791e-01,4.362554299999999996e-01,8.940144199999999763e-01,3.632225700000000224e-01,-6.912793999999999883e-02,-2.849645000000000095e-01
2.861352210000000174e+00,-2.558208100000000096e-01,8.255946600000000357e-01,7.257405999999999580e-02,-1.278264500000000081e-01,5.129840000000000094e-03,-9.891243600000000358e-01,7.304906999999999373e-02,3.601426200000000244e-01,3.492087999999999859e-01,2.757384800000000080e-01,1.261060999999999953e-02,-1.385879999999999924e-03,1.930254100000000084e-01,-1.680571399999999938e-01,-4.524247599999999814e-01,2.399728899999999943e-01,-1.496988999999999959e-01,2.504344999999999835e-02,8.016442999999999486e-02,2.186180999999999888e-02,1.847364200000000123e-01,-4.077893499999999949e-01,3.616722800000000126e-01,-5.242860900000000379e-01,3.366670299999999783e-01,-6.474958699999999734e-01,-1.502362200000000036e-01,3.427829999999999766e-02,-8.630435499999999927e-01,-4.250326500000000118e-01,4.605928400000000034e-01,9.276612400000000536e-01,3.726784599999999892e-01,-6.492016000000000453e-02,-2.792241899999999832e-01
2.862693310000000047e+00,-2.581735000000000002e-01,8.254572700000000207e-01,6.030040999999999873e-02,-1.273112399999999922e-01,5.539370000000000058e-03,-9.900127100000000180e-01,8.359381999999999924e-02,3.623221200000000253e-01,3.683238600000000029e-01,2.772268099999999902e-01,5.801620000000000388e-03,-1.915870000000000073e-03,1.820900900000000100e-01,-1.625205299999999964e-01,-4.175787000000000249e-01,2.321788999999999936e-01,-1.404554199999999975e-01,3.153800999999999827e-02,6.465529999999999888e-02,2.349238000000000021e-02,1.812072700000000036e-01,-4.757523499999999905e-01,3.651063099999999895e-01,-5.274074699999999893e-01,3.507840899999999928e-01,-6.847810699999999917e-01,-1.550999999999999879e-01,5.562824999999999714e-02,-8.823328000000000282e-01,-4.008979500000000029e-01,4.840166300000000033e-01,9.492320400000000546e-01,3.849324299999999921e-01,-6.256800999999999335e-02,-2.733277100000000015e-01
2.864183660000000131e+00,-2.614768399999999882e-01,8.252594500000000055e-01,4.732734000000000246e-02,-1.262328500000000076e-01,5.890610000000000117e-03,-9.908534900000000034e-01,9.566882000000000164e-02,3.631610000000000116e-01,3.921529699999999896e-01,2.759368400000000165e-01,-3.302910000000000047e-03,-1.995010000000000186e-03,1.700303599999999915e-01,-1.584143500000000093e-01,-3.826313599999999759e-01,2.224440000000000028e-01,-1.295075699999999885e-01,3.876007000000000063e-02,4.730986999999999693e-02,2.491888000000000089e-02,1.771837599999999957e-01,-5.461936600000000253e-01,3.671306100000000239e-01,-5.297076699999999638e-01,3.825047300000000150e-01,-7.145710600000000357e-01,-1.575882399999999905e-01,7.505082000000000420e-02,-8.991099599999999858e-01,-3.767334800000000095e-01,5.064374799999999954e-01,9.603549799999999692e-01,4.000634000000000134e-01,-6.163373999999999936e-02,-2.667804999999999760e-01
2.865810390000000041e+00,-2.656711900000000015e-01,8.249890199999999618e-01,3.394272999999999735e-02,-1.246600900000000012e-01,6.201149999999999891e-03,-9.915993199999999508e-01,1.088964600000000005e-01,3.626759900000000036e-01,4.201222700000000199e-01,2.721379999999999910e-01,-1.441763000000000072e-02,-1.566579999999999926e-03,1.570070799999999933e-01,-1.558020999999999989e-01,-3.484341499999999980e-01,2.112189700000000059e-01,-1.170362800000000064e-01,4.646440999999999766e-02,2.860278000000000126e-02,2.626018000000000102e-02,1.730051300000000070e-01,-6.173948599999999898e-01,3.679589899999999858e-01,-5.314447300000000318e-01,4.316426500000000166e-01,-7.367988199999999654e-01,-1.573400799999999933e-01,9.171447000000000627e-02,-9.134167399999999493e-01,-3.531395199999999845e-01,5.277539500000000272e-01,9.624068700000000254e-01,4.178732600000000241e-01,-6.167505999999999683e-02,-2.590823800000000010e-01
2.867557759999999956e+00,-2.706776599999999866e-01,8.246360999999999830e-01,2.045883000000000077e-02,-1.226817300000000027e-01,6.483309999999999941e-03,-9.922139599999999504e-01,1.228362000000000065e-01,3.608603200000000122e-01,4.513568000000000024e-01,2.661925299999999828e-01,-2.717454999999999871e-02,-5.951399999999999703e-04,1.431644300000000092e-01,-1.547518700000000136e-01,-3.158193799999999829e-01,1.991239200000000098e-01,-1.032685599999999954e-01,5.439292999999999906e-02,9.055809999999999207e-03,2.762335000000000138e-02,1.690060600000000135e-01,-6.875833300000000481e-01,3.678183899999999951e-01,-5.328053799999999951e-01,4.963959499999999747e-01,-7.517331200000000324e-01,-1.542055499999999968e-01,1.050152899999999973e-01,-9.253427400000000524e-01,-3.308347200000000266e-01,5.478904799999999575e-01,9.563329200000000307e-01,4.378822099999999939e-01,-6.227847999999999717e-02,-2.497309100000000004e-01
2.869403119999999863e+00,-2.763992499999999852e-01,8.241946100000000497e-01,7.204789999999999979e-03,-1.204025400000000023e-01,6.741500000000000097e-03,-9.926761400000000402e-01,1.370115299999999925e-01,3.576934600000000186e-01,4.847412999999999861e-01,2.585414899999999849e-01,-4.114543999999999840e-02,9.321099999999999915e-04,1.286436199999999863e-01,-1.553353700000000004e-01,-2.855695799999999895e-01,1.869141900000000078e-01,-8.848938000000000637e-02,6.228697999999999874e-02,-1.079871999999999950e-02,2.908685000000000090e-02,1.654936200000000079e-01,-7.550544099999999537e-01,3.669438400000000211e-01,-5.339354899999999571e-01,5.735684599999999467e-01,-7.598708299999999971e-01,-1.482651700000000017e-01,1.146064599999999933e-01,-9.350041700000000233e-01,-3.106301699999999832e-01,5.668201999999999963e-01,9.425575699999999557e-01,4.593564900000000062e-01,-6.308489000000000457e-02,-2.382350099999999971e-01
2.871316189999999935e+00,-2.827224700000000035e-01,8.236639500000000336e-01,-5.481820000000000095e-03,-1.179386199999999940e-01,6.971109999999999980e-03,-9.929813100000000059e-01,1.509413300000000124e-01,3.531554299999999924e-01,5.190057799999999721e-01,2.496807299999999896e-01,-5.587120999999999754e-02,3.007319999999999958e-03,1.135999199999999931e-01,-1.576228100000000021e-01,-2.583884300000000023e-01,1.754309400000000074e-01,-7.305027000000000048e-02,6.989779000000000131e-02,-3.045559999999999934e-02,3.068995000000000056e-02,1.627272100000000110e-01,-8.182847500000000052e-01,3.655661000000000049e-01,-5.349696900000000532e-01,6.589636800000000516e-01,-7.618249700000000457e-01,-1.398174600000000045e-01,1.203893300000000027e-01,-9.425268199999999874e-01,-2.933832100000000054e-01,5.845671900000000143e-01,9.209920200000000223e-01,4.813798100000000191e-01,-6.381033999999999318e-02,-2.241437900000000094e-01
2.873258589999999835e+00,-2.895190699999999895e-01,8.230495500000000186e-01,-1.726433999999999955e-02,-1.154116099999999978e-01,7.158890000000000219e-03,-9.931418899999999716e-01,1.641710799999999970e-01,3.472428900000000263e-01,5.528239000000000347e-01,2.401269400000000109e-01,-7.089275999999999911e-02,5.605169999999999597e-03,9.821945999999999455e-02,-1.616743099999999878e-01,-2.348779099999999953e-01,1.655386199999999974e-01,-5.737007000000000217e-02,7.699490000000000500e-02,-4.947014999999999746e-02,3.242915999999999854e-02,1.609017000000000086e-01,-8.760224599999999473e-01,3.638900800000000046e-01,-5.360488900000000001e-01,7.478831400000000018e-01,-7.582309799999999989e-01,-1.293391600000000086e-01,1.224730700000000033e-01,-9.480364300000000410e-01,-2.799341399999999980e-01,6.011815700000000540e-01,8.911379000000000383e-01,5.029580000000000162e-01,-6.426242000000000065e-02,-2.070941500000000046e-01
2.875187869999999979e+00,-2.966478499999999907e-01,8.223631999999999609e-01,-2.781635000000000010e-02,-1.129421399999999964e-01,7.284709999999999797e-03,-9.931854599999999644e-01,1.763006400000000085e-01,3.399831400000000170e-01,5.849114699999999889e-01,2.303765399999999908e-01,-8.577869999999999939e-02,8.684300000000000699e-03,8.273323999999999956e-02,-1.675273200000000073e-01,-2.155209299999999994e-01,1.580541099999999977e-01,-4.192458999999999769e-02,8.337261999999999451e-02,-6.748081999999999692e-02,3.426156000000000340e-02,1.601342099999999991e-01,-9.273474800000000018e-01,3.620656700000000061e-01,-5.373215099999999467e-01,8.356463899999999612e-01,-7.496924400000000155e-01,-1.174273099999999931e-01,1.211172600000000044e-01,-9.516555700000000062e-01,-2.710292599999999941e-01,6.166929599999999567e-01,8.522812100000000113e-01,5.231440699999999611e-01,-6.435256999999999783e-02,-1.868800800000000040e-01
2.877058980000000155e+00,-3.039568400000000059e-01,8.216221900000000300e-01,-3.683150999999999786e-02,-1.106428599999999957e-01,7.323950000000000078e-03,-9.931505299999999758e-01,1.870052700000000012e-01,3.314441399999999982e-01,6.141129100000000118e-01,2.208636400000000000e-01,-1.001459999999999989e-01,1.218540000000000074e-02,6.742584999999999551e-02,-1.751823000000000130e-01,-2.006708100000000050e-01,1.536718300000000093e-01,-2.722433999999999965e-02,8.885574000000000250e-02,-8.421784999999999688e-02,3.611303999999999903e-02,1.604556699999999947e-01,-9.716976299999999789e-01,3.601559999999999762e-01,-5.389297600000000354e-01,9.180529099999999998e-01,-7.367711700000000308e-01,-1.047368300000000030e-01,1.166737800000000047e-01,-9.535056400000000432e-01,-2.672380799999999890e-01,6.310484400000000438e-01,8.037571300000000418e-01,5.411604599999999543e-01,-6.410472000000000392e-02,-1.635399499999999895e-01
2.878830670000000147e+00,-3.112858199999999909e-01,8.208484099999999728e-01,-4.403301999999999911e-02,-1.086117100000000002e-01,7.250160000000000285e-03,-9.930821100000000179e-01,1.960482600000000020e-01,3.217385700000000015e-01,6.394671800000000239e-01,2.119229599999999936e-01,-1.136709600000000014e-01,1.602595999999999882e-02,5.263802000000000064e-02,-1.845882199999999973e-01,-1.905490599999999923e-01,1.528933500000000112e-01,-1.378230000000000080e-02,9.330402000000000140e-02,-9.949592000000000158e-02,3.788918000000000147e-02,1.618082799999999988e-01,-1.008861060000000087e+00,3.581100400000000183e-01,-5.409870100000000459e-01,9.917246100000000064e-01,-7.200187399999999904e-01,-9.192437999999999998e-02,1.095408400000000004e-01,-9.537134800000000023e-01,-2.688741700000000234e-01,6.440511899999999956e-01,7.452564200000000305e-01,5.564977500000000132e-01,-6.365949999999999387e-02,-1.374503099999999922e-01
2.880468130000000127e+00,-3.184691700000000236e-01,8.200663299999999545e-01,-4.918307000000000234e-02,-1.069263399999999947e-01,7.037289999999999865e-03,-9.930248299999999695e-01,2.032858100000000112e-01,3.110215399999999852e-01,6.602503699999999753e-01,2.037637099999999868e-01,-1.260917199999999905e-01,2.009369000000000086e-02,3.876218000000000025e-02,-1.956298399999999993e-01,-1.852479900000000013e-01,1.559677100000000094e-01,-2.075469999999999832e-03,9.661604000000000025e-02,-1.131942900000000030e-01,3.948642000000000124e-02,1.640494500000000133e-01,-1.038937690000000025e+00,3.557481499999999852e-01,-5.435556200000000171e-01,1.054297330000000033e+00,-7.000324700000000178e-01,-7.960594000000000003e-02,1.001371699999999976e-01,-9.524194000000000271e-01,-2.759323699999999824e-01,6.553132499999999583e-01,6.771313500000000207e-01,5.689705000000000457e-01,-6.327088999999999630e-02,-1.094086199999999981e-01
2.881947040000000015e+00,-3.253397599999999779e-01,8.193016100000000135e-01,-5.209185000000000204e-02,-1.056399400000000016e-01,6.661460000000000124e-03,-9.930167800000000433e-01,2.086650300000000013e-01,2.994838699999999854e-01,6.759945200000000431e-01,1.964579100000000134e-01,-1.372030499999999931e-01,2.424110999999999974e-02,2.623038000000000106e-02,-2.081187999999999927e-01,-1.847377000000000047e-01,1.628517399999999948e-01,7.493439999999999650e-03,9.873239999999999794e-02,-1.252296900000000046e-01,4.080146999999999941e-02,1.669625499999999874e-01,-1.062278510000000065e+00,3.527630299999999774e-01,-5.466286500000000492e-01,1.104450350000000025e+00,-6.775122300000000486e-01,-6.832762000000000557e-02,8.889553999999999512e-02,-9.497850500000000196e-01,-2.880553599999999825e-01,6.642382700000000195e-01,6.006480499999999889e-01,5.787206299999999581e-01,-6.329221000000000152e-02,-8.068224000000000229e-02
2.883254770000000189e+00,-3.317335799999999724e-01,8.185790200000000461e-01,-5.262606000000000228e-02,-1.047794799999999943e-01,6.102210000000000273e-03,-9.930833599999999706e-01,2.122169399999999928e-01,2.873425199999999902e-01,6.864875000000000282e-01,1.899449400000000066e-01,-1.468471100000000029e-01,2.828579000000000163e-02,1.549540999999999939e-02,-2.217904900000000068e-01,-1.888769100000000090e-01,1.731965400000000099e-01,1.462959999999999955e-02,9.963679000000000285e-02,-1.355287000000000019e-01,4.173840000000000189e-02,1.702740600000000049e-01,-1.079410790000000064e+00,3.487545000000000228e-01,-5.501434800000000180e-01,1.141831519999999989e+00,-6.533045800000000236e-01,-5.855372999999999828e-02,7.626164000000000553e-02,-9.459993199999999769e-01,-3.045373299999999950e-01,6.700438899999999753e-01,5.181406100000000015e-01,5.861718700000000393e-01,-6.414917000000000535e-02,-5.299700999999999718e-02
2.884389640000000199e+00,-3.374953900000000062e-01,8.179212200000000044e-01,-5.071711000000000275e-02,-1.043459999999999943e-01,5.343579999999999684e-03,-9.932326700000000397e-01,2.140467500000000078e-01,2.748307600000000073e-01,6.917581600000000108e-01,1.840517799999999982e-01,-1.549039799999999967e-01,3.201767999999999975e-02,7.004729999999999811e-03,-2.363076799999999922e-01,-1.974235900000000099e-01,1.863661000000000068e-01,1.916779000000000052e-02,9.935557000000000416e-02,-1.440068599999999865e-01,4.221302999999999861e-02,1.736764500000000100e-01,-1.090957879999999935e+00,3.432669300000000256e-01,-5.539811300000000438e-01,1.166849849999999966e+00,-6.283990099999999801e-01,-5.065453000000000316e-02,6.270298000000000538e-02,-9.412806599999999912e-01,-3.243720500000000229e-01,6.718269000000000046e-01,4.330133800000000033e-01,5.919438599999999884e-01,-6.629715999999999387e-02,-2.844839999999999869e-02
2.885358570000000178e+00,-3.424846799999999858e-01,8.173473500000000280e-01,-4.636820999999999998e-02,-1.043172700000000036e-01,4.375200000000000096e-03,-9.934529699999999908e-01,2.143212999999999924e-01,2.621909099999999992e-01,6.920520700000000192e-01,1.785272800000000104e-01,-1.612840700000000016e-01,3.521606000000000042e-02,1.168669999999999909e-03,-2.512705900000000159e-01,-2.100446800000000114e-01,2.014888999999999986e-01,2.108047999999999866e-02,9.795447000000000182e-02,-1.505594600000000061e-01,4.215553999999999829e-02,1.768537900000000107e-01,-1.097566009999999981e+00,3.358596899999999885e-01,-5.580026500000000445e-01,1.180456640000000057e+00,-6.038862499999999578e-01,-4.490066000000000196e-02,4.869517999999999763e-02,-9.358703499999999620e-01,-3.463423800000000052e-01,6.686649900000000146e-01,3.495653599999999916e-01,5.967443000000000053e-01,-7.016622999999999610e-02,-9.331350000000000408e-03
2.886173729999999882e+00,-3.465817600000000165e-01,8.168723599999999641e-01,-3.965997000000000272e-02,-1.046522099999999955e-01,3.193679999999999956e-03,-9.937126600000000254e-01,2.132543899999999881e-01,2.496706099999999873e-01,6.878009400000000273e-01,1.730880300000000038e-01,-1.659255000000000035e-01,3.767285000000000078e-02,-1.674759999999999964e-03,-2.662340999999999736e-01,-2.263252699999999951e-01,2.175400399999999901e-01,2.047034999999999827e-02,9.553361999999999965e-02,-1.550651600000000074e-01,4.151288999999999674e-02,1.795086399999999971e-01,-1.099844100000000102e+00,3.261824300000000232e-01,-5.620852100000000018e-01,1.183911090000000055e+00,-5.808744999999999603e-01,-4.145267999999999869e-02,3.469412999999999664e-02,-9.300260500000000485e-01,-3.691410999999999998e-01,6.597429500000000502e-01,2.726609700000000025e-01,6.012668599999999586e-01,-7.609768999999999561e-02,2.102699999999999882e-03
2.886848210000000137e+00,-3.496931799999999924e-01,8.165065099999999632e-01,-3.075396000000000032e-02,-1.052970200000000051e-01,1.804210000000000102e-03,-9.939635399999999787e-01,2.110895799999999989e-01,2.375229000000000090e-01,6.795864099999999741e-01,1.674710199999999982e-01,-1.687948300000000068e-01,3.921990000000000198e-02,-1.295469999999999955e-03,-2.807295599999999891e-01,-2.457748899999999959e-01,2.334451999999999916e-01,1.754926999999999876e-02,9.222088999999999981e-02,-1.574015800000000131e-01,4.025161000000000017e-02,1.813873799999999870e-01,-1.098324300000000031e+00,3.140491799999999833e-01,-5.661562700000000170e-01,1.178569669999999903e+00,-5.603801600000000160e-01,-4.034961000000000103e-02,2.109106999999999996e-02,-9.240076499999999582e-01,-3.915066400000000169e-01,6.444836299999999740e-01,2.072643799999999981e-01,6.061028200000000421e-01,-8.428048000000000484e-02,3.930470000000000144e-03
2.887391329999999812e+00,-3.517558000000000074e-01,8.162555099999999619e-01,-1.989277000000000059e-02,-1.061917200000000033e-01,2.219500000000000010e-04,-9.941466500000000206e-01,2.080799000000000121e-01,2.260082499999999939e-01,6.680991600000000252e-01,1.614883799999999869e-01,-1.698918199999999989e-01,3.975449999999999817e-02,2.397380000000000171e-03,-2.942900700000000147e-01,-2.678336499999999787e-01,2.481921599999999950e-01,1.260868000000000058e-02,8.816458000000000628e-02,-1.574683900000000136e-01,3.836128999999999928e-02,1.823018799999999995e-01,-1.093445659999999986e+00,2.995009399999999933e-01,-5.702186799999999778e-01,1.165715929999999956e+00,-5.432169999999999499e-01,-4.149864999999999804e-02,8.157620000000000843e-03,-9.180619100000000365e-01,-4.123538400000000270e-01,6.226625399999999866e-01,1.579060300000000028e-01,6.116768700000000392e-01,-9.469834000000000584e-02,-5.161690000000000028e-03
2.887808559999999858e+00,-3.527391300000000118e-01,8.161202699999999810e-01,-7.396579999999999822e-03,-1.072768300000000036e-01,-1.526800000000000032e-03,-9.942005299999999712e-01,2.044658699999999940e-01,2.153971000000000080e-01,6.540948199999999657e-01,1.550762499999999988e-01,-1.692542999999999964e-01,3.925851000000000340e-02,9.331739999999999827e-03,-3.064754299999999931e-01,-2.918763799999999908e-01,2.609362299999999912e-01,5.985779999999999573e-03,8.352582000000000062e-02,-1.552126100000000009e-01,3.585895000000000055e-02,1.821461600000000014e-01,-1.085561039999999977e+00,2.828453499999999954e-01,-5.743585799999999519e-01,1.146436449999999940e+00,-5.299071699999999829e-01,-4.467378999999999795e-02,-4.002649999999999958e-03,-9.124045400000000416e-01,-4.308765500000000248e-01,5.944867099999999738e-01,1.281542800000000093e-01,6.182085899999999468e-01,-1.070991800000000022e-01,-2.564974000000000073e-02
2.888099190000000149e+00,-3.526454299999999820e-01,8.160976800000000475e-01,6.344889999999999732e-03,-1.084993800000000064e-01,-3.404690000000000147e-03,-9.940704700000000393e-01,2.004540999999999962e-01,2.059689799999999960e-01,6.383475699999999753e-01,1.483314500000000036e-01,-1.669621299999999864e-01,3.780686999999999937e-02,1.926210999999999895e-02,-3.168959900000000163e-01,-3.172190799999999866e-01,2.710821600000000164e-01,-1.967350000000000088e-03,7.847137999999999336e-02,-1.506492000000000109e-01,3.279196999999999668e-02,1.809058500000000069e-01,-1.074963569999999979e+00,2.646654500000000243e-01,-5.787343400000000138e-01,1.121544359999999907e+00,-5.206385300000000438e-01,-4.952832000000000068e-02,-1.548110999999999932e-02,-9.072007500000000002e-01,-4.466062800000000221e-01,5.606231099999999801e-01,1.201758400000000060e-01,6.256966000000000472e-01,-1.209952499999999986e-01,-5.704237000000000196e-02
2.888258700000000179e+00,-3.515084700000000173e-01,8.161810600000000138e-01,2.088492000000000126e-02,-1.098170799999999975e-01,-5.364469999999999655e-03,-9.937179099999999821e-01,1.961983399999999989e-01,1.980061100000000129e-01,6.216031300000000037e-01,1.415289200000000025e-01,-1.631389000000000034e-01,3.556319000000000147e-02,3.177354000000000289e-02,-3.252317900000000206e-01,-3.431272200000000105e-01,2.783317299999999994e-01,-1.090857999999999932e-02,7.316725999999999785e-02,-1.438733000000000095e-01,2.923848000000000072e-02,1.786601100000000109e-01,-1.061926130000000024e+00,2.457940100000000072e-01,-5.835459200000000513e-01,1.091544389999999920e+00,-5.152813200000000426e-01,-5.562571000000000182e-02,-2.655288999999999913e-02,-9.025507000000000390e-01,-4.594170699999999830e-01,5.221734599999999782e-01,1.344563099999999956e-01,6.339158400000000082e-01,-1.356970200000000015e-01,-9.788014000000000436e-02
2.888281350000000192e+00,-3.493902400000000186e-01,8.163605299999999731e-01,3.573633999999999838e-02,-1.112008500000000039e-01,-7.351629999999999623e-03,-9.931280000000000108e-01,1.917869700000000011e-01,1.917809400000000108e-01,6.045364100000000240e-01,1.351167400000000129e-01,-1.579479400000000089e-01,3.276202999999999754e-02,4.630191000000000168e-02,-3.312464399999999753e-01,-3.688289200000000045e-01,2.826912100000000261e-01,-2.052090999999999985e-02,6.777270999999999990e-02,-1.350620800000000010e-01,2.530396000000000034e-02,1.755751999999999868e-01,-1.046747450000000024e+00,2.272527400000000086e-01,-5.889892599999999589e-01,1.056640859999999904e+00,-5.134560500000000527e-01,-6.248715999999999993e-02,-3.762568000000000162e-02,-8.984757700000000069e-01,-4.694762499999999839e-01,4.805961799999999839e-01,1.697190600000000049e-01,6.424257799999999463e-01,-1.503790799999999983e-01,-1.458703899999999887e-01
2.888165240000000189e+00,-3.463771299999999775e-01,8.166242200000000118e-01,5.039098999999999662e-02,-1.126348800000000067e-01,-9.307970000000000479e-03,-9.923142200000000246e-01,1.872398999999999869e-01,1.875372100000000097e-01,5.877174099999999957e-01,1.296854500000000077e-01,-1.515861500000000028e-01,2.968203000000000161e-02,6.216851999999999795e-02,-3.347943700000000078e-01,-3.935324000000000044e-01,2.844385199999999725e-01,-3.051919999999999980e-02,6.243496999999999936e-02,-1.244662299999999971e-01,2.111348000000000044e-02,1.718908799999999959e-01,-1.029792669999999966e+00,2.101640300000000017e-01,-5.952004199999999523e-01,1.016788009999999964e+00,-5.146480199999999838e-01,-6.965027000000000024e-02,-4.914320999999999967e-02,-8.949161199999999816e-01,-4.771529999999999938e-01,4.375890800000000191e-01,2.230633200000000094e-01,6.505925099999999572e-01,-1.641673399999999949e-01,-1.981385499999999966e-01
2.887914180000000108e+00,-3.425756400000000146e-01,8.169587299999999663e-01,6.434091999999999589e-02,-1.141145400000000004e-01,-1.117571000000000016e-02,-9.913188800000000134e-01,1.825164999999999982e-01,1.854675399999999863e-01,5.715910199999999497e-01,1.259149599999999924e-01,-1.442757799999999924e-01,2.661273000000000111e-02,7.862637999999999572e-02,-3.358214199999999816e-01,-4.164484999999999992e-01,2.840573200000000020e-01,-4.064949000000000340e-02,5.728549000000000141e-02,-1.123949999999999949e-01,1.680016000000000148e-02,1.678997000000000128e-01,-1.011523009999999889e+00,1.956423999999999941e-01,-6.021996099999999963e-01,9.717791099999999460e-01,-5.183416600000000374e-01,-7.673067000000000082e-02,-6.146254000000000300e-02,-8.917372799999999655e-01,-4.829012500000000041e-01,3.949483599999999983e-01,2.902935700000000008e-01,6.576258499999999563e-01,-1.762358699999999889e-01,-2.515565799999999741e-01
2.887541060000000215e+00,-3.381083899999999809e-01,8.173502700000000454e-01,7.709965000000000568e-02,-1.156424999999999953e-01,-1.290117999999999994e-02,-9.902101199999999714e-01,1.775339400000000012e-01,1.856901199999999863e-01,5.564712299999999834e-01,1.245041600000000026e-01,-1.362546099999999982e-01,2.382052000000000128e-02,9.491328000000000265e-02,-3.343594999999999762e-01,-4.368182999999999927e-01,2.821492899999999970e-01,-5.068277999999999672e-02,5.243823000000000234e-02,-9.919896999999999743e-02,1.249206999999999922e-02,1.639215800000000112e-01,-9.925066200000000061e-01,1.846793999999999936e-01,-6.098421200000000431e-01,9.213750400000000340e-01,-5.241458399999999740e-01,-8.347622000000000375e-02,-7.472075999999999718e-02,-8.887467399999999795e-01,-4.871408300000000247e-01,3.544224799999999842e-01,3.663897799999999982e-01,6.626379500000000311e-01,-1.858973999999999904e-01,-3.030959100000000239e-01
2.887068510000000199e+00,-3.331108700000000034e-01,8.177851999999999899e-01,8.822238999999999776e-02,-1.172239399999999987e-01,-1.443751000000000062e-02,-9.890738100000000532e-01,1.721944400000000042e-01,1.882291000000000103e-01,5.425516999999999701e-01,1.260902399999999923e-01,-1.277671800000000080e-01,2.151907999999999946e-02,1.103064400000000056e-01,-3.305159500000000028e-01,-4.539441499999999907e-01,2.793389000000000011e-01,-6.040707000000000021e-02,4.799015000000000225e-02,-8.525499000000000271e-02,8.300659999999999636e-03,1.602757099999999879e-01,-9.734069699999999825e-01,1.780356200000000055e-01,-6.177849800000000391e-01,8.654629000000000350e-01,-5.318810299999999769e-01,-8.979990000000000194e-02,-8.872325000000000350e-02,-8.857198400000000360e-01,-4.901571900000000204e-01,3.175781400000000088e-01,4.460469200000000134e-01,6.647241099999999792e-01,-1.926723899999999989e-01,-3.501474900000000057e-01
2.886527539999999892e+00,-3.277285999999999810e-01,8.182508899999999530e-01,9.732354000000000005e-02,-1.188612099999999949e-01,-1.574588000000000029e-02,-9.880041499999999699e-01,1.664185999999999999e-01,1.930007199999999867e-01,5.299321399999999960e-01,1.311659400000000086e-01,-1.190590799999999977e-01,1.984885999999999942e-02,1.241726499999999955e-01,-3.244595499999999855e-01,-4.672214399999999879e-01,2.761839300000000219e-01,-6.962013000000000229e-02,4.402363000000000109e-02,-7.095535000000000037e-02,4.313660000000000411e-03,1.572530099999999986e-01,-9.549491399999999741e-01,1.761540000000000050e-01,-6.254783299999999713e-01,8.042263400000000395e-01,-5.416063700000000036e-01,-9.578680000000000527e-02,-1.028754900000000000e-01,-8.824303199999999903e-01,-4.920379500000000017e-01,2.856923900000000183e-01,5.242062800000000244e-01,6.630625700000000178e-01,-1.963294999999999901e-01,-3.907650400000000079e-01
2.885954379999999819e+00,-3.221149700000000005e-01,8.187362599999999935e-01,1.040917299999999934e-01,-1.205492199999999986e-01,-1.679521999999999959e-02,-9.870920199999999589e-01,1.601785400000000081e-01,1.998085800000000134e-01,5.186539300000000408e-01,1.400059800000000021e-01,-1.103732399999999975e-01,1.886807000000000067e-02,1.360097500000000126e-01,-3.164053900000000086e-01,-4.761712000000000167e-01,2.731041900000000244e-01,-7.812426000000000093e-02,4.060935999999999713e-02,-5.670253000000000099e-02,5.939400000000000495e-04,1.550924300000000033e-01,-9.378691900000000192e-01,1.791049399999999903e-01,-6.321849200000000391e-01,7.383083099999999677e-01,-5.535824900000000381e-01,-1.016709499999999960e-01,-1.161814600000000003e-01,-8.786807699999999999e-01,-4.926539999999999808e-01,2.596796800000000238e-01,5.965093399999999990e-01,6.570193199999999623e-01,-1.968916500000000014e-01,-4.238002000000000158e-01
2.885387419999999814e+00,-3.164293499999999981e-01,8.192316299999999885e-01,1.083012000000000002e-01,-1.222723299999999985e-01,-1.756096000000000046e-02,-9.864136599999999699e-01,1.535270400000000035e-01,2.083473399999999920e-01,5.087403700000000528e-01,1.526084500000000066e-01,-1.019489799999999946e-01,1.855628999999999959e-02,1.454744900000000118e-01,-3.066009299999999937e-01,-4.804700900000000163e-01,2.703369899999999992e-01,-8.572404999999999609e-02,3.780965000000000020e-02,-4.290609000000000089e-02,-2.814689999999999900e-03,1.539624300000000112e-01,-9.228509099999999687e-01,1.865718500000000113e-01,-6.370306599999999708e-01,6.689341100000000262e-01,-5.681784199999999618e-01,-1.077844800000000020e-01,-1.273157600000000000e-01,-8.743253399999999509e-01,-4.916859299999999933e-01,2.400540999999999925e-01,6.596241000000000465e-01,6.462486400000000408e-01,-1.946120600000000034e-01,-4.489222500000000227e-01
2.884862660000000023e+00,-3.108348300000000064e-01,8.197289700000000012e-01,1.098202499999999943e-01,-1.240031699999999959e-01,-1.802319999999999964e-02,-9.860212800000000000e-01,1.466174299999999930e-01,2.182152099999999928e-01,5.002337100000000536e-01,1.686611199999999977e-01,-9.402296999999999738e-02,1.882970000000000130e-02,1.523946800000000046e-01,-2.953155599999999770e-01,-4.799754600000000204e-01,2.679245499999999836e-01,-9.222748000000000057e-02,3.567881999999999998e-02,-2.997928999999999872e-02,-5.876430000000000195e-03,1.539501699999999973e-01,-9.104649400000000004e-01,1.978788499999999950e-01,-6.390832100000000127e-01,5.979781699999999756e-01,-5.857424100000000466e-01,-1.144862900000000044e-01,-1.347679599999999922e-01,-8.692840299999999853e-01,-4.886872199999999777e-01,2.269288600000000100e-01,7.114234000000000391e-01,6.307715799999999984e-01,-1.899259399999999876e-01,-4.665313999999999850e-01
2.884411329999999829e+00,-3.054956200000000233e-01,8.202212500000000128e-01,1.086155599999999999e-01,-1.257039500000000087e-01,-1.816546000000000133e-02,-9.859366999999999992e-01,1.397106300000000023e-01,2.289335299999999962e-01,4.932226499999999847e-01,1.875375099999999906e-01,-8.683217000000000019e-02,1.956505999999999870e-02,1.567630499999999871e-01,-2.828352199999999983e-01,-4.747431599999999974e-01,2.657363699999999995e-01,-9.745122000000000506e-02,3.426052999999999737e-02,-1.833032000000000064e-02,-8.550129999999999536e-03,1.550591400000000120e-01,-9.011175599999999841e-01,2.120591000000000004e-01,-6.374515899999999569e-01,5.279492099999999466e-01,-6.064643899999999643e-01,-1.220801799999999965e-01,-1.370401800000000114e-01,-8.635470299999999932e-01,-4.831707499999999822e-01,2.200460300000000036e-01,7.510159600000000379e-01,6.110177599999999654e-01,-1.833873400000000098e-01,-4.775909199999999744e-01
2.884057040000000072e+00,-3.005732300000000246e-01,8.207015399999999516e-01,1.047533300000000056e-01,-1.273303199999999968e-01,-1.797438999999999981e-02,-9.861494299999999935e-01,1.331671600000000066e-01,2.399716100000000019e-01,4.878531099999999787e-01,2.083275300000000108e-01,-8.061698000000000475e-02,2.062775999999999846e-02,1.587148800000000026e-01,-2.694622899999999932e-01,-4.650348100000000207e-01,2.635225400000000273e-01,-1.012309900000000068e-01,3.358114999999999711e-02,-8.346529999999999574e-03,-1.077692000000000060e-02,1.572142800000000118e-01,-8.950189899999999588e-01,2.279546299999999914e-01,-6.313962300000000027e-01,4.618858100000000078e-01,-6.302602899999999453e-01,-1.307346500000000078e-01,-1.328692700000000115e-01,-8.571716000000000335e-01,-4.747012299999999740e-01,2.188303199999999948e-01,7.786570200000000330e-01,5.878264899999999793e-01,-1.756013499999999894e-01,-4.834117299999999839e-01
2.883815770000000001e+00,-2.962219400000000169e-01,8.211625200000000069e-01,9.839560999999999447e-02,-1.288372899999999932e-01,-1.744093999999999853e-02,-9.866180399999999739e-01,1.274232100000000090e-01,2.507760800000000123e-01,4.843212399999999862e-01,2.299045500000000131e-01,-7.562346000000000346e-02,2.190009000000000053e-02,1.584908999999999901e-01,-2.555193900000000129e-01,-4.513119199999999775e-01,2.609900499999999735e-01,-1.034365599999999968e-01,3.363962000000000202e-02,-3.708399999999999934e-04,-1.247314000000000062e-02,1.602747700000000108e-01,-8.921780000000000266e-01,2.443364000000000091e-01,-6.204338099999999745e-01,4.031659400000000004e-01,-6.567004300000000017e-01,-1.404177199999999959e-01,-1.214372400000000018e-01,-8.502773000000000136e-01,-4.629796099999999859e-01,2.224607000000000112e-01,7.955719799999999564e-01,5.624016499999999752e-01,-1.671594799999999992e-01,-4.854241000000000250e-01
2.883696079999999995e+00,-2.925832600000000117e-01,8.215950100000000145e-01,8.979296000000000499e-02,-1.301863799999999904e-01,-1.656285000000000049e-02,-9.872762600000000166e-01,1.229529699999999948e-01,2.608018200000000175e-01,4.828475099999999798e-01,2.510232000000000019e-01,-7.210202999999999751e-02,2.330317999999999973e-02,1.563912199999999975e-01,-2.413553099999999896e-01,-4.342181999999999986e-01,2.578913299999999742e-01,-1.039892099999999986e-01,3.439757000000000231e-02,5.325899999999999732e-03,-1.353046999999999930e-02,1.640532299999999943e-01,-8.924211899999999753e-01,2.600267499999999732e-01,-6.044209000000000387e-01,3.552437700000000143e-01,-6.850011299999999581e-01,-1.508591499999999974e-01,-1.025345899999999949e-01,-8.430435699999999644e-01,-4.479054800000000225e-01,2.299497100000000016e-01,8.037250000000000227e-01,5.362279399999999585e-01,-1.585872899999999919e-01,-4.849727500000000080e-01
2.883700609999999998e+00,-2.897796899999999787e-01,8.219872700000000476e-01,7.927272000000000485e-02,-1.313531199999999899e-01,-1.534798000000000065e-02,-9.880417599999999911e-01,1.202210600000000046e-01,2.695440599999999742e-01,4.836366799999999855e-01,2.704404000000000252e-01,-7.030190999999999524e-02,2.481036000000000005e-02,1.527265200000000045e-01,-2.273497999999999908e-01,-4.145486999999999922e-01,2.541097099999999886e-01,-1.028812199999999955e-01,3.577103999999999701e-02,8.572839999999999974e-03,-1.382462999999999921e-02,1.683394199999999896e-01,-8.954339000000000048e-01,2.740081500000000059e-01,-5.836036799999999580e-01,3.213409500000000141e-01,-7.140776500000000082e-01,-1.615473500000000062e-01,-7.664691999999999339e-02,-8.357134499999999688e-01,-4.296115600000000034e-01,2.402250599999999903e-01,8.055651799999999918e-01,5.109552699999999614e-01,-1.503075399999999895e-01,-4.831576599999999888e-01
2.883827450000000070e+00,-2.879085499999999853e-01,8.223244499999999846e-01,6.722350000000000547e-02,-1.323332000000000119e-01,-1.381756999999999951e-02,-9.888265699999999603e-01,1.196305800000000003e-01,2.765679099999999724e-01,4.868301199999999773e-01,2.870445799999999936e-01,-7.046014000000000443e-02,2.644892000000000076e-02,1.477753099999999931e-01,-2.139145100000000022e-01,-3.932128799999999869e-01,2.497269400000000084e-01,-1.001942599999999933e-01,3.762593000000000187e-02,9.321239999999999734e-03,-1.323125999999999990e-02,1.729271400000000070e-01,-9.008123300000000500e-01,2.855031499999999833e-01,-5.586228399999999539e-01,3.041260800000000208e-01,-7.426499699999999926e-01,-1.717679400000000078e-01,-4.494506000000000195e-02,-8.286015399999999698e-01,-4.084653599999999996e-01,2.522056400000000087e-01,8.037674399999999997e-01,4.882651900000000156e-01,-1.426242600000000027e-01,-4.807417099999999888e-01
2.884071590000000018e+00,-2.870363599999999904e-01,8.225888000000000089e-01,5.407758000000000009e-02,-1.331456799999999885e-01,-1.200909000000000004e-02,-9.895471900000000209e-01,1.214721500000000010e-01,2.815334500000000184e-01,4.924597399999999792e-01,2.999749199999999782e-01,-7.278186000000000377e-02,2.829009000000000038e-02,1.417518600000000073e-01,-2.014884100000000067e-01,-3.711918300000000004e-01,2.450581900000000091e-01,-9.611047999999999814e-02,3.978141000000000316e-02,7.656370000000000016e-03,-1.164768000000000053e-02,1.776397700000000024e-01,-9.081182500000000157e-01,2.940153200000000244e-01,-5.304714999999999847e-01,3.054194700000000262e-01,-7.693826000000000276e-01,-1.806797400000000053e-01,-9.180570000000000744e-03,-8.221029600000000492e-01,-3.850436199999999753e-01,2.648702900000000082e-01,8.009662600000000410e-01,4.697236699999999820e-01,-1.357256799999999874e-01,-4.781259600000000165e-01
2.884426120000000093e+00,-2.871942200000000001e-01,8.227599300000000282e-01,4.029204000000000119e-02,-1.338324800000000037e-01,-9.977450000000000555e-03,-9.901343000000000227e-01,1.258825199999999978e-01,2.842127400000000192e-01,5.004108499999999626e-01,3.087115899999999802e-01,-7.741583000000000492e-02,3.042989999999999931e-02,1.347926299999999966e-01,-1.905251099999999975e-01,-3.494938599999999895e-01,2.406433799999999901e-01,-9.091388000000000247e-02,4.202071000000000278e-02,3.796139999999999931e-03,-9.015729999999999578e-03,1.823514400000000035e-01,-9.169230499999999617e-01,2.993280600000000069e-01,-5.004090700000000114e-01,3.259615000000000151e-01,-7.930321700000000362e-01,-1.874209799999999870e-01,2.850327999999999889e-02,-8.166962300000000230e-01,-3.600844699999999898e-01,2.773134999999999906e-01,7.994986200000000487e-01,4.566367599999999749e-01,-1.297042099999999865e-01,-4.753903199999999774e-01
2.884882689999999972e+00,-2.883752600000000221e-01,8.228169699999999809e-01,2.633071000000000023e-02,-1.344536199999999959e-01,-7.794670000000000071e-03,-9.905393099999999507e-01,1.328174199999999916e-01,2.844960699999999898e-01,5.104017899999999663e-01,3.131214700000000128e-01,-8.442510999999999766e-02,3.296394999999999881e-02,1.269614500000000035e-01,-1.814739099999999883e-01,-3.291119000000000128e-01,2.371931200000000073e-01,-8.497815000000000230e-02,4.410881999999999997e-02,-1.923379999999999925e-03,-5.341969999999999705e-03,1.869997999999999938e-01,-9.268361899999999487e-01,3.014640499999999834e-01,-4.698415400000000020e-01,3.652757099999999757e-01,-8.125867799999999530e-01,-1.912320899999999935e-01,6.581800000000000150e-02,-8.129313000000000233e-01,-3.344235400000000191e-01,2.887883500000000270e-01,8.011618299999999637e-01,4.499215200000000192e-01,-1.245908800000000011e-01,-4.723884199999999756e-01
2.885432479999999966e+00,-2.905335099999999948e-01,8.227400799999999848e-01,1.264828999999999953e-02,-1.350783600000000084e-01,-5.547850000000000004e-03,-9.907386299999999535e-01,1.420435899999999974e-01,2.823860899999999785e-01,5.219842799999999672e-01,3.134482800000000235e-01,-9.375746999999999554e-02,3.596106000000000302e-02,1.182740899999999984e-01,-1.747550999999999966e-01,-3.109828199999999931e-01,2.354926499999999978e-01,-7.874003000000000252e-02,4.581542999999999727e-02,-9.073239999999999778e-03,-7.136199999999999878e-04,1.915876900000000049e-01,-9.375165699999999935e-01,3.006193600000000021e-01,-4.401868299999999734e-01,4.216508600000000162e-01,-8.273654599999999970e-01,-1.915735899999999881e-01,1.005924400000000052e-01,-8.114013700000000107e-01,-3.089220500000000036e-01,2.987377299999999791e-01,8.069987299999999975e-01,4.500003499999999934e-01,-1.203953900000000049e-01,-4.688672400000000184e-01
2.886065719999999946e+00,-2.935858700000000265e-01,8.225139399999999990e-01,-3.221400000000000023e-04,-1.357737499999999986e-01,-3.335750000000000173e-03,-9.907342199999999988e-01,1.531514499999999945e-01,2.779800000000000049e-01,5.345631199999999472e-01,3.102489999999999970e-01,-1.052198899999999965e-01,3.944087000000000287e-02,1.087354900000000041e-01,-1.707332900000000098e-01,-2.959487399999999879e-01,2.362816299999999925e-01,-7.266071999999999809e-02,4.694014999999999993e-02,-1.716393000000000085e-02,4.695659999999999938e-03,1.961705400000000044e-01,-9.486666299999999552e-01,2.970831400000000233e-01,-4.127398700000000087e-01,4.922508299999999726e-01,-8.370765399999999801e-01,-1.882208300000000056e-01,1.310175500000000104e-01,-8.126910899999999494e-01,-2.844000799999999995e-01,3.068180699999999983e-01,8.171285999999999827e-01,4.567325099999999805e-01,-1.171399699999999960e-01,-4.645874799999999971e-01
2.886771679999999840e+00,-2.974151999999999907e-01,8.221300799999999853e-01,-1.217822000000000002e-02,-1.365924900000000108e-01,-1.264429999999999981e-03,-9.905517099999999742e-01,1.655878699999999981e-01,2.714430400000000243e-01,5.474340300000000159e-01,3.042858199999999846e-01,-1.184632000000000046e-01,4.335986000000000007e-02,9.838436000000000403e-02,-1.696907900000000080e-01,-2.847184799999999960e-01,2.401286499999999990e-01,-6.718010000000000648e-02,4.733509999999999801e-02,-2.567954999999999890e-02,1.062849000000000085e-02,2.008324099999999890e-01,-9.600174999999999681e-01,2.911625199999999802e-01,-3.885593700000000150e-01,5.733467899999999950e-01,-8.418166599999999944e-01,-1.813153200000000020e-01,1.558318999999999954e-01,-8.173116999999999743e-01,-2.615768299999999824e-01,3.129166700000000079e-01,8.306592099999999812e-01,4.693926900000000013e-01,-1.148809199999999975e-01,-4.594189799999999768e-01
2.887538909999999959e+00,-3.018759200000000198e-01,8.215897699999999970e-01,-2.255418999999999827e-02,-1.375624799999999870e-01,5.576100000000000501e-04,-9.902360999999999525e-01,1.787050400000000094e-01,2.629777500000000101e-01,5.598333500000000074e-01,2.963949100000000114e-01,-1.329815799999999881e-01,4.760799999999999754e-02,8.733576999999999313e-02,-1.718051600000000123e-01,-2.778305699999999989e-01,2.473268100000000080e-01,-6.267308000000000601e-02,4.692085000000000006e-02,-3.411037000000000097e-02,1.675603999999999982e-02,2.056538599999999939e-01,-9.713115700000000130e-01,2.831244800000000117e-01,-3.683872200000000152e-01,6.606467999999999785e-01,-8.420211100000000171e-01,-1.713631499999999919e-01,1.744279999999999997e-01,-8.256293500000000396e-01,-2.410265500000000061e-01,3.171629000000000254e-01,8.457053300000000329e-01,4.867021400000000053e-01,-1.137095500000000065e-01,-4.533927400000000163e-01
2.888355259999999980e+00,-3.068006300000000186e-01,8.209056300000000528e-01,-3.112459000000000059e-02,-1.386801699999999915e-01,2.024559999999999901e-03,-9.898459299999999850e-01,1.918195600000000001e-01,2.527949199999999785e-01,5.709925300000000536e-01,2.873547699999999816e-01,-1.481307699999999949e-01,5.201734999999999692e-02,7.581382000000000398e-02,-1.771332599999999868e-01,-2.756190299999999871e-01,2.578319299999999870e-01,-5.941562999999999706e-02,4.569274999999999726e-02,-4.198053999999999675e-02,2.269830999999999932e-02,2.106787300000000085e-01,-9.822882400000000347e-01,2.731632299999999791e-01,-3.526096599999999914e-01,7.496826100000000270e-01,-8.383740200000000531e-01,-1.591784400000000044e-01,1.868663600000000091e-01,-8.377981799999999479e-01,-2.231538999999999884e-01,3.199321600000000210e-01,8.595285400000000076e-01,5.069155100000000136e-01,-1.137295700000000021e-01,-4.466980999999999868e-01
2.889205930000000144e+00,-3.120077800000000123e-01,8.201021600000000245e-01,-3.760687000000000058e-02,-1.399091899999999888e-01,3.038309999999999796e-03,-9.894452700000000434e-01,2.042738299999999896e-01,2.410913699999999993e-01,5.801910200000000017e-01,2.777804999999999858e-01,-1.631665499999999935e-01,5.638126999999999722e-02,6.416832999999999565e-02,-1.856044699999999936e-01,-2.781876899999999875e-01,2.712583499999999814e-01,-5.756904000000000188e-02,4.371491999999999739e-02,-4.886886000000000008e-02,2.804999000000000034e-02,2.158870400000000023e-01,-9.926766200000000095e-01,2.613943499999999975e-01,-3.412596600000000202e-01,8.362049499999999469e-01,-8.316964500000000315e-01,-1.457816999999999863e-01,1.938038800000000117e-01,-8.537093999999999516e-01,-2.081894900000000048e-01,3.218358800000000186e-01,8.688029099999999838e-01,5.279593500000000494e-01,-1.150164199999999942e-01,-4.396325300000000214e-01
2.890073060000000194e+00,-3.173100899999999891e-01,8.192145199999999461e-01,-4.176440000000000013e-02,-1.411845100000000131e-01,3.513520000000000011e-03,-9.890956899999999719e-01,2.154925900000000116e-01,2.280386199999999974e-01,5.868032600000000487e-01,2.680610700000000124e-01,-1.773007699999999964e-01,6.048071000000000003e-02,5.287092999999999654e-02,-1.970230599999999999e-01,-2.853971100000000094e-01,2.869338100000000114e-01,-5.718507999999999925e-02,4.110338000000000186e-02,-5.442309000000000035e-02,3.240898999999999863e-02,2.211806500000000064e-01,-1.002195839999999949e+00,2.478716099999999922e-01,-3.340530400000000233e-01,9.165345999999999771e-01,-8.228375300000000392e-01,-1.322714100000000059e-01,1.963574600000000114e-01,-8.729643200000000158e-01,-1.962040399999999962e-01,3.236927099999999946e-01,8.699801600000000024e-01,5.476168399999999936e-01,-1.175667999999999991e-01,-4.325156499999999737e-01
2.890933749999999858e+00,-3.225231199999999965e-01,8.182861799999999741e-01,-4.341060000000000058e-02,-1.424220399999999997e-01,3.382410000000000191e-03,-9.888478499999999727e-01,2.250270099999999995e-01,2.137841299999999889e-01,5.903357299999999475e-01,2.583496599999999810e-01,-1.897698300000000005e-01,6.411363999999999952e-02,4.249085999999999835e-02,-2.110799299999999989e-01,-2.968714499999999812e-01,3.040036600000000089e-01,-5.823211999999999833e-02,3.800016999999999978e-02,-5.836833000000000299e-02,3.540544999999999803e-02,2.263855899999999977e-01,-1.010560509999999912e+00,2.326183300000000120e-01,-3.304484500000000047e-01,9.878258100000000264e-01,-8.125852300000000472e-01,-1.196910600000000019e-01,1.959281099999999887e-01,-8.948757600000000201e-01,-1.871378700000000117e-01,3.264742800000000056e-01,8.597129000000000021e-01,5.637369199999999747e-01,-1.212525099999999939e-01,-4.255935299999999977e-01
2.891760109999999884e+00,-3.274731900000000251e-01,8.173642199999999747e-01,-4.241473999999999939e-02,-1.435309200000000063e-01,2.599320000000000016e-03,-9.887330500000000022e-01,2.325815599999999927e-01,1.984632299999999905e-01,5.904529699999999659e-01,2.486038399999999926e-01,-1.999073299999999942e-01,6.712178000000000588e-02,3.365206999999999921e-02,-2.273716199999999965e-01,-3.120266500000000165e-01,3.215628300000000217e-01,-6.063554000000000166e-02,3.454361999999999711e-02,-6.051025000000000154e-02,3.672798000000000035e-02,2.312713899999999934e-01,-1.017489429999999917e+00,2.156637000000000137e-01,-3.297167400000000081e-01,1.048212169999999999e+00,-8.016173199999999666e-01,-1.089147899999999974e-01,1.940187399999999951e-01,-9.184970900000000160e-01,-1.808384500000000117e-01,3.312228899999999920e-01,8.352776800000000224e-01,5.744471500000000175e-01,-1.257928199999999996e-01,-4.189601800000000154e-01
2.892517810000000189e+00,-3.320050500000000238e-01,8.164947000000000177e-01,-3.870942000000000133e-02,-1.444272500000000070e-01,1.144620000000000056e-03,-9.887573100000000004e-01,2.380209600000000036e-01,1.822187000000000112e-01,5.869918499999999817e-01,2.386631999999999920e-01,-2.072108199999999900e-01,6.941116999999999426e-02,2.697727999999999932e-02,-2.454241199999999956e-01,-3.301221999999999768e-01,3.387872000000000106e-01,-6.432271999999999990e-02,3.084044999999999842e-02,-6.073433999999999777e-02,3.614646999999999999e-02,2.355831100000000122e-01,-1.022717120000000035e+00,1.970760199999999907e-01,-3.310088800000000053e-01,1.096827390000000069e+00,-7.904928900000000036e-01,-1.005698099999999956e-01,1.920702200000000137e-01,-9.426738599999999746e-01,-1.770977400000000035e-01,3.389448500000000197e-01,7.949329600000000218e-01,5.783505399999999685e-01,-1.307578799999999930e-01,-4.125147800000000253e-01
2.893167969999999922e+00,-3.359873600000000127e-01,8.157173399999999575e-01,-3.229941000000000062e-02,-1.450460899999999886e-01,-9.723099999999999929e-04,-9.888970299999999547e-01,2.413575099999999973e-01,1.652234599999999887e-01,5.799660100000000318e-01,2.283456299999999939e-01,-2.113918499999999923e-01,7.096188999999999969e-02,2.302525000000000058e-02,-2.647171600000000069e-01,-3.503273100000000029e-01,3.550374499999999767e-01,-6.926068000000000502e-02,2.694565000000000154e-02,-5.900310999999999750e-02,3.352940000000000087e-02,2.390805000000000013e-01,-1.026006219999999969e+00,1.769883600000000112e-01,-3.334167599999999787e-01,1.133710500000000065e+00,-7.796803700000000115e-01,-9.500430999999999460e-02,1.913370500000000085e-01,-9.661144000000000398e-01,-1.756841100000000044e-01,3.504894399999999854e-01,7.381601899999999938e-01,5.746726399999999568e-01,-1.356055999999999928e-01,-4.059690799999999822e-01
2.893670080000000144e+00,-3.393166400000000027e-01,8.150612099999999804e-01,-2.327071000000000001e-02,-1.453499900000000122e-01,-3.711400000000000116e-03,-9.890996199999999572e-01,2.427220599999999895e-01,1.477015499999999870e-01,5.695609999999999840e-01,2.175411899999999954e-01,-2.124016300000000079e-01,7.182607000000000574e-02,2.222953999999999902e-02,-2.847065599999999974e-01,-3.717943400000000009e-01,3.699166500000000135e-01,-7.547615000000000574e-02,2.285482999999999959e-02,-5.535169999999999674e-02,2.885522000000000087e-02,2.415761100000000106e-01,-1.027165289999999898e+00,1.556144200000000033e-01,-3.360228199999999998e-01,1.159623150000000047e+00,-7.696029500000000079e-01,-9.229956999999999745e-02,1.928085999999999967e-01,-9.874709799999999982e-01,-1.763618899999999934e-01,3.664285500000000195e-01,6.657476399999999739e-01,5.633441799999999722e-01,-1.397484200000000121e-01,-3.989021799999999951e-01
2.893986700000000134e+00,-3.419182599999999739e-01,8.145419400000000199e-01,-1.179797999999999958e-02,-1.453331599999999890e-01,-7.001799999999999864e-03,-9.892876699999999524e-01,2.423251399999999944e-01,1.299422100000000024e-01,5.561212899999999903e-01,2.062831800000000104e-01,-2.104263299999999948e-01,7.211449999999999805e-02,2.484841000000000133e-02,-3.048431300000000177e-01,-3.937298100000000134e-01,3.832720499999999753e-01,-8.305104000000000652e-02,1.851049999999999918e-02,-4.988331000000000015e-02,2.221729999999999886e-02,2.429644900000000052e-01,-1.026035070000000049e+00,1.332557900000000128e-01,-3.379303499999999905e-01,1.175807599999999953e+00,-7.606688099999999730e-01,-9.231224999999999847e-02,1.971611400000000125e-01,-1.005405309999999997e+00,-1.788919099999999873e-01,3.869393799999999994e-01,5.797206799999999882e-01,5.449954299999999474e-01,-1.426347199999999926e-01,-3.908409199999999806e-01
2.894088510000000003e+00,-3.437454999999999816e-01,8.141608200000000073e-01,1.850859999999999962e-03,-1.450204099999999885e-01,-1.074358000000000084e-02,-9.893686200000000319e-01,2.404074099999999881e-01,1.123094000000000037e-01,5.401270999999999711e-01,1.947933400000000093e-01,-2.058539100000000011e-01,7.197415000000000063e-02,3.092759000000000133e-02,-3.245835000000000248e-01,-4.154492900000000266e-01,3.951497099999999874e-01,-9.209502999999999440e-02,1.382083999999999917e-02,-4.276411000000000101e-02,1.382134999999999961e-02,2.432390200000000002e-01,-1.022582050000000020e+00,1.102994499999999933e-01,-3.383271999999999946e-01,1.183756709999999934e+00,-7.533219500000000179e-01,-9.475661999999999974e-02,2.047832300000000105e-01,-1.018721580000000015e+00,-1.830398299999999867e-01,4.117785700000000104e-01,4.830850400000000211e-01,5.208767699999999889e-01,-1.438417899999999972e-01,-3.813850300000000138e-01
2.893960240000000184e+00,-3.447754399999999886e-01,8.139067899999999911e-01,1.731566999999999829e-02,-1.444618599999999975e-01,-1.481118000000000018e-02,-9.892480399999999952e-01,2.371984000000000037e-01,9.523858999999999797e-02,5.221661899999999745e-01,1.834829600000000005e-01,-1.992165999999999937e-01,7.156221000000000110e-02,4.028699000000000169e-02,-3.433989299999999911e-01,-4.364114099999999996e-01,4.057160599999999895e-01,-1.026993800000000068e-01,8.687280000000000349e-03,-3.421844999999999748e-02,3.975710000000000355e-03,2.424931700000000079e-01,-1.016840339999999898e+00,8.720975000000000255e-02,-3.364992399999999773e-01,1.184958340000000110e+00,-7.479829199999999956e-01,-9.926150999999999724e-02,2.157702900000000035e-01,-1.026399850000000002e+00,-1.885454799999999875e-01,4.402257199999999870e-01,3.795222600000000002e-01,4.926795700000000111e-01,-1.431342499999999907e-01,-3.702827699999999833e-01
2.893604040000000044e+00,-3.450042300000000228e-01,8.137596799999999853e-01,3.415180000000000299e-02,-1.437245199999999945e-01,-1.905841999999999953e-02,-9.888445700000000338e-01,2.328804299999999994e-01,7.922592000000000523e-02,5.028974400000000289e-01,1.729234299999999891e-01,-1.911185199999999862e-01,7.102039000000000268e-02,5.252905000000000074e-02,-3.607793999999999723e-01,-4.562262899999999788e-01,4.151689700000000260e-01,-1.148836699999999933e-01,3.034799999999999824e-03,-2.452338999999999908e-02,-6.926039999999999627e-03,2.409073999999999938e-01,-1.008995890000000006e+00,6.451524000000000147e-02,-3.319024400000000208e-01,1.180714849999999982e+00,-7.450257500000000421e-01,-1.054495899999999958e-01,2.299818799999999996e-01,-1.027707340000000080e+00,-1.951253099999999963e-01,4.711645199999999756e-01,2.729840900000000126e-01,4.623266799999999899e-01,-1.405069800000000035e-01,-3.575118199999999802e-01
2.893042560000000041e+00,-3.444414399999999876e-01,8.136955500000000452e-01,5.184555999999999887e-02,-1.428821999999999870e-01,-2.332491999999999899e-02,-9.881056000000000283e-01,2.275653499999999996e-01,6.480837999999999877e-02,4.830085599999999757e-01,1.637901200000000113e-01,-1.821602900000000025e-01,7.045432000000000083e-02,6.706843999999999306e-02,-3.762375700000000212e-01,-4.746397099999999925e-01,4.236593200000000059e-01,-1.285471599999999937e-01,-3.160959999999999985e-03,-1.400235000000000021e-02,-1.842888000000000165e-02,2.387247399999999908e-01,-9.993650299999999875e-01,4.278570000000000290e-02,-3.242032200000000142e-01,1.171991830000000068e+00,-7.446770700000000520e-01,-1.129764600000000008e-01,2.470710899999999932e-01,-1.022241949999999955e+00,-2.024577700000000091e-01,5.031645300000000542e-01,1.673347500000000043e-01,4.317183499999999730e-01,-1.361783000000000021e-01,-3.432968000000000131e-01
2.892318250000000202e+00,-3.431056399999999895e-01,8.136915000000000120e-01,6.983677000000000634e-02,-1.420052199999999876e-01,-2.744326000000000057e-02,-9.870178699999999639e-01,2.212867099999999976e-01,5.253619000000000344e-02,4.631714499999999846e-01,1.567911999999999917e-01,-1.728732299999999888e-01,6.992183000000000426e-02,8.317952000000000679e-02,-3.893137600000000087e-01,-4.914988900000000216e-01,4.312379100000000021e-01,-1.434365700000000132e-01,-9.854460000000000650e-03,-3.016500000000000084e-03,-3.004514999999999963e-02,2.362197299999999889e-01,-9.883281600000000111e-01,2.259771000000000002e-02,-3.133008500000000196e-01,1.159323569999999970e+00,-7.468976999999999977e-01,-1.215411400000000058e-01,2.665063999999999766e-01,-1.009938599999999909e+00,-2.101716799999999996e-01,5.345892899999999948e-01,6.606267000000000389e-02,4.024844499999999936e-01,-1.305431599999999914e-01,-3.280775000000000219e-01
2.891489029999999794e+00,-3.410215400000000119e-01,8.137304800000000338e-01,8.754679999999999407e-02,-1.411511199999999910e-01,-3.124646999999999841e-02,-9.856143000000000542e-01,2.140054899999999927e-01,4.294055000000000094e-02,4.439964299999999975e-01,1.525947599999999960e-01,-1.636738199999999976e-01,6.943080000000000085e-02,1.000551400000000007e-01,-3.995830100000000162e-01,-5.067082600000000214e-01,4.378316400000000219e-01,-1.591355899999999934e-01,-1.692108999999999974e-02,8.046289999999999346e-03,-4.128529000000000226e-02,2.336652300000000015e-01,-9.763025600000000415e-01,4.495759999999999687e-03,-2.993664100000000272e-01,1.142780899999999988e+00,-7.513023599999999469e-01,-1.308842899999999865e-01,2.876004600000000022e-01,-9.910763500000000503e-01,-2.178575700000000004e-01,5.637537200000000137e-01,-2.792984000000000092e-02,3.757981100000000185e-01,-1.241061999999999999e-01,-3.124469500000000011e-01
2.890622379999999936e+00,-3.382196699999999723e-01,8.138034899999999627e-01,1.044090500000000032e-01,-1.403573999999999933e-01,-3.457539999999999919e-02,-9.839731499999999631e-01,2.056354699999999869e-01,3.649248000000000075e-02,4.259963299999999786e-01,1.517549900000000063e-01,-1.548434599999999883e-01,6.894717000000000207e-02,1.168702699999999983e-01,-4.066719699999999937e-01,-5.201868400000000392e-01,4.432558099999999723e-01,-1.750838200000000011e-01,-2.416010000000000033e-02,1.878669999999999993e-02,-5.168885000000000146e-02,2.313042700000000063e-01,-9.636198299999999550e-01,-1.105252999999999965e-02,-2.828252600000000228e-01,1.121986509999999937e+00,-7.570862200000000319e-01,-1.407549499999999898e-01,3.095188999999999857e-01,-9.662088800000000477e-01,-2.250730800000000087e-01,5.890415300000000354e-01,-1.124073000000000017e-01,3.522527500000000034e-01,-1.173943399999999998e-01,-2.970489900000000127e-01
2.889788150000000222e+00,-3.347387600000000241e-01,8.139107199999999764e-01,1.198982400000000031e-01,-1.396369600000000044e-01,-3.728535000000000182e-02,-9.822096200000000055e-01,1.960710099999999900e-01,3.356709000000000082e-02,4.095565999999999929e-01,1.546608700000000058e-01,-1.465377499999999944e-01,6.840970000000000384e-02,1.328425599999999984e-01,-4.102723300000000184e-01,-5.318313799999999647e-01,4.472415699999999772e-01,-1.906139299999999870e-01,-3.130520999999999998e-02,2.881142000000000078e-02,-6.085104000000000207e-02,2.293267999999999973e-01,-9.504545899999999881e-01,-2.369662000000000157e-02,-2.643468400000000273e-01,1.096177460000000048e+00,-7.630222399999999627e-01,-1.508762800000000015e-01,3.312925099999999845e-01,-9.360877899999999752e-01,-2.313640700000000050e-01,6.090277400000000396e-01,-1.858047200000000065e-01,3.318466800000000050e-01,-1.108804500000000054e-01,-2.824751099999999737e-01
2.889050249999999931e+00,-3.306300300000000192e-01,8.140592599999999512e-01,1.335550799999999927e-01,-1.389764500000000014e-01,-3.925176999999999833e-02,-9.804631499999999500e-01,1.852261600000000008e-01,3.440671000000000007e-02,3.949235099999999776e-01,1.614944299999999944e-01,-1.388185500000000128e-01,6.774927000000000032e-02,1.472845700000000035e-01,-4.101614399999999883e-01,-5.414957400000000032e-01,4.494805000000000050e-01,-2.050072699999999914e-01,-3.804296000000000066e-02,3.775280999999999776e-02,-6.844316000000000288e-02,2.278574999999999906e-01,-9.366674400000000178e-01,-3.324197999999999736e-02,-2.447589900000000096e-01,1.064316510000000049e+00,-7.674809700000000401e-01,-1.608946500000000002e-01,3.518106300000000131e-01,-9.015179899999999913e-01,-2.362650599999999990e-01,6.225212199999999862e-01,-2.471440699999999935e-01,3.140402099999999863e-01,-1.049148699999999934e-01,-2.691552300000000231e-01
2.888459210000000166e+00,-3.259622799999999931e-01,8.142601800000000001e-01,1.450038999999999911e-01,-1.383378200000000002e-01,-4.037461999999999995e-02,-9.788801099999999700e-01,1.730732799999999960e-01,3.909272999999999915e-02,3.822095400000000143e-01,1.722100500000000034e-01,-1.317025099999999949e-01,6.690883000000000247e-02,1.596439900000000134e-01,-4.062211800000000150e-01,-5.489860800000000429e-01,4.496698399999999873e-01,-2.175544399999999878e-01,-4.403433999999999821e-02,4.528948000000000002e-02,-7.422639000000000320e-02,2.269544599999999968e-01,-9.217183599999999588e-01,-3.966941999999999691e-02,-2.249592199999999875e-01,1.025249840000000079e+00,-7.685316199999999709e-01,-1.703489699999999885e-01,3.698352300000000148e-01,-8.632221199999999817e-01,-2.393122799999999883e-01,6.285917800000000444e-01,-2.959316100000000116e-01,2.979044599999999821e-01,-9.968670000000000309e-02,-2.572775800000000057e-01
2.888047460000000122e+00,-3.208266799999999752e-01,8.145241699999999918e-01,1.539616699999999949e-01,-1.376628699999999927e-01,-4.058173000000000336e-02,-9.775980100000000172e-01,1.596791999999999934e-01,4.752841000000000010e-02,3.714165700000000014e-01,1.865284299999999951e-01,-1.252154699999999954e-01,6.586121000000000336e-02,1.695288899999999876e-01,-3.984538599999999930e-01,-5.540723199999999515e-01,4.475533400000000217e-01,-2.276152499999999912e-01,-4.893804000000000209e-02,5.116493999999999903e-02,-7.805632999999999322e-02,2.266155800000000109e-01,-9.046494400000000269e-01,-4.313162999999999719e-02,-2.058198300000000092e-01,9.778952600000000439e-01,-7.640998399999999746e-01,-1.786646500000000082e-01,3.840429200000000098e-01,-8.217313299999999820e-01,-2.400630699999999895e-01,6.265819700000000436e-01,-3.320574800000000160e-01,2.823233299999999835e-01,-9.521551999999999794e-02,-2.467493299999999889e-01
2.887825009999999804e+00,-3.153402499999999886e-01,8.148574800000000229e-01,1.602391900000000036e-01,-1.368804600000000093e-01,-3.983089000000000074e-02,-9.767295700000000469e-01,1.452295899999999917e-01,5.943695000000000228e-02,3.624686300000000139e-01,2.039509999999999934e-01,-1.194386800000000054e-01,6.462009000000000503e-02,1.767180299999999982e-01,-3.869914400000000199e-01,-5.565133100000000388e-01,4.429521000000000153e-01,-2.346670200000000039e-01,-5.243252000000000329e-02,5.520172000000000273e-02,-7.987977999999999745e-02,2.267925399999999869e-01,-8.841656399999999749e-01,-4.392759999999999720e-02,-1.881067499999999892e-01,9.214478099999999783e-01,-7.521834400000000365e-01,-1.851799299999999926e-01,3.930983800000000250e-01,-7.773280099999999582e-01,-2.381256200000000101e-01,6.161162900000000109e-01,-3.557251699999999794e-01,2.662187200000000198e-01,-9.137227000000000543e-02,-2.372014699999999976e-01
2.887781379999999842e+00,-3.096464600000000122e-01,8.152591599999999827e-01,1.637352099999999921e-01,-1.359157000000000004e-01,-3.811138000000000026e-02,-9.763530499999999446e-01,1.300409299999999990e-01,7.437581000000000053e-02,3.552523899999999735e-01,2.237872800000000051e-01,-1.145374799999999971e-01,6.324480000000000379e-02,1.811570200000000019e-01,-3.720962700000000067e-01,-5.560895799999999722e-01,4.357847599999999932e-01,-2.383390999999999982e-01,-5.423693999999999737e-02,5.731003999999999959e-02,-7.972511999999999655e-02,2.274079300000000081e-01,-8.587877200000000322e-01,-4.246343000000000339e-02,-1.724030400000000074e-01,8.555852800000000036e-01,-7.310837500000000322e-01,-1.892029600000000034e-01,3.957620299999999869e-01,-7.300520499999999524e-01,-2.331930999999999865e-01,5.971143199999999762e-01,-3.674248199999999853e-01,2.487464000000000064e-01,-8.791883000000000337e-02,-2.280368200000000012e-01
2.887886050000000093e+00,-3.039126699999999959e-01,8.157199000000000533e-01,1.644261300000000037e-01,-1.347004499999999994e-01,-3.544488999999999973e-02,-9.765058199999999689e-01,1.145538200000000006e-01,9.176605000000000179e-02,3.496532099999999921e-01,2.451987099999999864e-01,-1.107672900000000044e-01,6.183725999999999806e-02,1.829410300000000045e-01,-3.541525600000000051e-01,-5.526388300000000253e-01,4.260791800000000018e-01,-2.384311000000000069e-01,-5.412974999999999731e-02,5.748886999999999747e-02,-7.768806999999999796e-02,2.283720499999999931e-01,-8.271813399999999872e-01,-3.919397000000000159e-02,-1.591228100000000034e-01,7.806287400000000432e-01,-6.996823500000000084e-01,-1.901107999999999965e-01,3.910440499999999764e-01,-6.798331100000000182e-01,-2.251161299999999976e-01,5.698621900000000462e-01,-3.679476400000000202e-01,2.294619400000000031e-01,-8.457103000000000537e-02,-2.185360199999999975e-01
2.888093950000000021e+00,-2.983247600000000221e-01,8.162227899999999758e-01,1.623538599999999887e-01,-1.331833799999999901e-01,-3.188604999999999912e-02,-9.771830400000000028e-01,9.930772000000000210e-02,1.109342700000000015e-01,3.455824299999999960e-01,2.672554600000000002e-01,-1.084532700000000044e-01,6.053246999999999794e-02,1.822871899999999878e-01,-3.336492200000000241e-01,-5.460885800000000456e-01,4.139772099999999844e-01,-2.349161100000000113e-01,-5.196423000000000014e-02,5.582059999999999800e-02,-7.391512000000000082e-02,2.295963599999999993e-01,-7.884497599999999995e-01,-3.457139000000000045e-02,-1.485045899999999919e-01,6.976454899999999792e-01,-6.576416499999999665e-01,-1.874517900000000070e-01,3.783579799999999826e-01,-6.266248199999999713e-01,-2.139392800000000094e-01,5.350673200000000129e-01,-3.584172400000000258e-01,2.083941699999999897e-01,-8.105424999999999436e-02,-2.079597699999999882e-01
2.888352160000000168e+00,-2.930785399999999985e-01,8.167455799999999710e-01,1.576154100000000113e-01,-1.313390299999999955e-01,-2.752247000000000027e-02,-9.783403899999999487e-01,8.489866999999999553e-02,1.311600500000000002e-01,3.429882200000000103e-01,2.890031299999999970e-01,-1.079480099999999970e-01,5.948196000000000039e-02,1.794999399999999967e-01,-3.111578799999999978e-01,-5.364848399999999629e-01,3.997348800000000146e-01,-2.279311300000000096e-01,-4.768022999999999706e-02,5.245803999999999745e-02,-6.858735999999999999e-02,2.310025699999999904e-01,-7.425180099999999506e-01,-2.899438999999999836e-02,-1.407074799999999959e-01,6.084511299999999512e-01,-6.056000599999999956e-01,-1.810572099999999962e-01,3.576805599999999807e-01,-5.706542100000000506e-01,-1.999792800000000093e-01,4.939428000000000152e-01,-3.403060399999999763e-01,1.860620400000000119e-01,-7.716921000000000197e-02,-1.957157300000000044e-01
2.888605360000000122e+00,-2.883694800000000114e-01,8.172640199999999799e-01,1.503549499999999872e-01,-1.291739600000000043e-01,-2.247425000000000117e-02,-9.798991099999999621e-01,7.192629999999999857e-02,1.517219999999999958e-01,3.418533799999999845e-01,3.095321400000000112e-01,-1.095763399999999943e-01,5.883540999999999771e-02,1.749311100000000008e-01,-2.873094099999999873e-01,-5.240099400000000074e-01,3.837205799999999778e-01,-2.177596800000000110e-01,-4.131140999999999980e-02,4.760831000000000091e-02,-6.190637000000000223e-02,2.325260899999999908e-01,-6.903226399999999874e-01,-2.277958000000000066e-02,-1.358531600000000006e-01,5.155140200000000172e-01,-5.452024300000000157e-01,-1.711071100000000067e-01,3.296406299999999900e-01,-5.125732400000000411e-01,-1.838366399999999956e-01,4.482149500000000009e-01,-3.154120400000000046e-01,1.633844700000000039e-01,-7.282845999999999764e-02,-1.814653300000000080e-01
2.888804200000000044e+00,-2.843816599999999806e-01,8.177556400000000059e-01,1.407609999999999972e-01,-1.267296199999999873e-01,-1.689233000000000054e-02,-9.817538900000000179e-01,6.093929000000000012e-02,1.719360100000000002e-01,3.421808800000000206e-01,3.280417299999999758e-01,-1.135776500000000022e-01,5.872227000000000002e-02,1.689402200000000021e-01,-2.627737800000000123e-01,-5.089913000000000354e-01,3.664139799999999725e-01,-2.048108899999999954e-01,-3.298794000000000032e-02,4.151408000000000181e-02,-5.408400000000000013e-02,2.341138000000000108e-01,-6.337991400000000386e-01,-1.615215000000000053e-02,-1.340344300000000100e-01,4.217603200000000219e-01,-4.789830700000000108e-01,-1.581379300000000099e-01,2.955211099999999758e-01,-4.535048899999999938e-01,-1.663517999999999941e-01,4.000428300000000159e-01,-2.857638599999999807e-01,1.415215400000000012e-01,-6.806561999999999335e-02,-1.651807399999999926e-01
2.888909819999999851e+00,-2.812765799999999983e-01,8.182021999999999906e-01,1.290686299999999898e-01,-1.240810999999999997e-01,-1.095524999999999971e-02,-9.837810399999999955e-01,5.238550000000000151e-02,1.911797399999999869e-01,3.439711300000000138e-01,3.438927199999999851e-01,-1.200567599999999985e-01,5.923551999999999984e-02,1.618582799999999933e-01,-2.382473300000000072e-01,-4.919007100000000188e-01,3.484045599999999743e-01,-1.895962200000000097e-01,-2.293326999999999866e-02,3.443569999999999964e-02,-4.533634999999999748e-02,2.357192200000000071e-01,-5.756545699999999766e-01,-9.256310000000000232e-03,-1.352889200000000069e-01,3.303058099999999775e-01,-4.101176899999999792e-01,-1.429851199999999933e-01,2.571624800000000266e-01,-3.949831100000000261e-01,-1.485206299999999868e-01,3.518368900000000132e-01,-2.534473500000000157e-01,1.216742999999999991e-01,-6.301743999999999402e-02,-1.471587400000000101e-01
2.888900519999999972e+00,-2.791837200000000241e-01,8.185916500000000040e-01,1.155654599999999949e-01,-1.213322299999999992e-01,-4.863720000000000196e-03,-9.858496199999999821e-01,4.657700000000000035e-02,2.089023600000000092e-01,3.471990799999999933e-01,3.566385200000000144e-01,-1.289527699999999943e-01,6.042014999999999886e-02,1.539599899999999910e-01,-2.144446700000000039e-01,-4.733422700000000094e-01,3.303848799999999919e-01,-1.727060199999999879e-01,-1.145494000000000026e-02,2.663543999999999981e-02,-3.588224999999999748e-02,2.372938199999999886e-01,-5.188954500000000358e-01,-2.181799999999999799e-03,-1.395018100000000039e-01,2.441588299999999934e-01,-3.420423599999999897e-01,-1.266595000000000082e-01,2.167659999999999865e-01,-3.387330499999999800e-01,-1.313466699999999987e-01,3.059708199999999767e-01,-2.203758799999999962e-01,1.048756500000000008e-01,-5.787802999999999698e-02,-1.279581800000000047e-01
2.888772729999999900e+00,-2.781928799999999757e-01,8.189184099999999855e-01,1.005986400000000031e-01,-1.186072799999999955e-01,1.167220000000000063e-03,-9.878314099999999653e-01,4.367163999999999768e-02,2.246215300000000137e-01,3.517944199999999966e-01,3.660359400000000041e-01,-1.400297600000000031e-01,6.226774000000000198e-02,1.454457899999999915e-01,-1.920954599999999957e-01,-4.540293799999999824e-01,3.131370800000000121e-01,-1.547849199999999925e-01,1.069099999999999911e-03,1.836495000000000141e-02,-2.594518999999999992e-02,2.387789800000000018e-01,-4.662384399999999762e-01,4.998139999999999875e-03,-1.462847300000000017e-01,1.659419400000000100e-01,-2.780266399999999916e-01,-1.101855800000000052e-01,1.766315099999999916e-01,-2.863854200000000017e-01,-1.156826299999999946e-01,2.644444699999999870e-01,-1.880529200000000123e-01,9.180731999999999782e-02,-5.284070999999999907e-02,-1.083060700000000043e-01
2.888544079999999958e+00,-2.783491300000000002e-01,8.191815000000000069e-01,8.458029000000000241e-02,-1.160403099999999937e-01,6.918409999999999838e-03,-9.896125199999999955e-01,4.367216000000000153e-02,2.379130700000000043e-01,3.576276600000000139e-01,3.720325500000000174e-01,-1.528907999999999934e-01,6.471617999999999815e-02,1.364375700000000080e-01,-1.719376400000000027e-01,-4.347493099999999999e-01,2.975031699999999835e-01,-1.365046099999999984e-01,1.421028000000000048e-02,9.855720000000000106e-03,-1.575688999999999909e-02,2.400973999999999886e-01,-4.195185300000000006e-01,1.218732999999999969e-02,-1.548511700000000102e-01,9.767724999999999325e-02,-2.207547400000000049e-01,-9.443419000000000119e-02,1.388742599999999994e-01,-2.391517200000000121e-01,-1.020699099999999998e-01,2.285591399999999940e-01,-1.573903899999999911e-01,8.268242000000000647e-02,-4.804036999999999891e-02,-8.896924999999999972e-02
2.888251780000000046e+00,-2.796506000000000269e-01,8.193832599999999466e-01,6.798703000000000385e-02,-1.137632100000000035e-01,1.217847000000000027e-02,-9.911041299999999721e-01,4.643825000000000036e-02,2.484013700000000102e-01,3.645019800000000032e-01,3.747395000000000032e-01,-1.670118100000000105e-01,6.765500000000000680e-02,1.269870700000000074e-01,-1.547011699999999990e-01,-4.163151700000000122e-01,2.843358200000000169e-01,-1.185341000000000033e-01,2.751214999999999911e-02,1.312449999999999945e-03,-5.561550000000000174e-03,2.411461900000000103e-01,-3.792822399999999927e-01,1.923435999999999896e-02,-1.639657599999999882e-01,4.066289000000000015e-02,-1.720171000000000061e-01,-7.999354999999999660e-02,1.051823800000000059e-01,-1.975927899999999904e-01,-9.063888999999999974e-02,1.986986099999999977e-01,-1.286373100000000047e-01,7.721830999999999834e-02,-4.351830000000000281e-02,-7.064663000000000193e-02
2.887948510000000191e+00,-2.820490299999999784e-01,8.195260800000000456e-01,5.135220000000000062e-02,-1.118935800000000064e-01,1.675625000000000031e-02,-9.922509800000000046e-01,5.170587000000000100e-02,2.557569100000000040e-01,3.721511399999999914e-01,3.743957600000000219e-01,-1.817873700000000037e-01,7.093299000000000132e-02,1.170964200000000066e-01,-1.410775599999999907e-01,-3.995082099999999747e-01,2.744284900000000249e-01,-1.015040799999999965e-01,4.051688999999999985e-02,-7.093010000000000287e-03,4.380639999999999881e-03,2.417917499999999997e-01,-3.446936600000000128e-01,2.591308000000000153e-02,-1.720127800000000040e-01,-4.552419999999999731e-03,-1.325747100000000123e-01,-6.711124999999999730e-02,7.665967999999999394e-02,-1.615591600000000072e-01,-8.110391999999999602e-02,1.742797500000000110e-01,-1.014593800000000018e-01,7.470161000000000162e-02,-3.922296000000000116e-02,-5.391830000000000234e-02
2.887698889999999796e+00,-2.854525399999999768e-01,8.196107099999999646e-01,3.524882000000000015e-02,-1.105235999999999996e-01,2.049226999999999993e-02,-9.930368099999999920e-01,5.911005999999999899e-02,2.597051300000000063e-01,3.802420499999999981e-01,3.713291300000000073e-01,-1.965821199999999991e-01,7.436805000000000498e-02,1.067470400000000014e-01,-1.316735099999999936e-01,-3.850122100000000214e-01,2.684295800000000010e-01,-8.596866999999999703e-02,5.279382999999999992e-02,-1.522635999999999955e-02,1.379188999999999936e-02,2.418673600000000035e-01,-3.138076100000000146e-01,3.192027000000000059e-02,-1.772083000000000130e-01,-3.811060000000000142e-02,-1.022191600000000034e-01,-5.571976000000000012e-02,5.377935999999999828e-02,-1.303489200000000070e-01,-7.287182999999999855e-02,1.539063499999999973e-01,-7.516019000000000172e-02,7.413327999999999585e-02,-3.504783999999999677e-02,-3.926194999999999685e-02
2.887571809999999850e+00,-2.897306399999999837e-01,8.196354500000000431e-01,2.026481000000000116e-02,-1.097115399999999963e-01,2.326782000000000156e-02,-9.934844400000000242e-01,6.820935999999999666e-02,2.600465699999999769e-01,3.883834800000000032e-01,3.659196200000000010e-01,-2.107804000000000066e-01,7.775738000000000094e-02,9.593503999999999921e-02,-1.269539699999999993e-01,-3.733511299999999755e-01,2.667540600000000151e-01,-7.236990999999999563e-02,6.396585999999999939e-02,-2.299493000000000023e-02,2.237826000000000051e-02,2.411755800000000005e-01,-2.841639499999999985e-01,3.689184999999999687e-02,-1.779385199999999889e-01,-6.073106000000000337e-02,-8.001416999999999558e-02,-4.554015000000000146e-02,3.644896000000000247e-02,-1.030689500000000064e-01,-6.525669000000000608e-02,1.357056500000000110e-01,-4.899295000000000039e-02,7.441828000000000332e-02,-3.089820000000000066e-02,-2.713942999999999911e-02
2.887631419999999949e+00,-2.947205900000000045e-01,8.195959299999999725e-01,6.972530000000000221e-03,-1.094761000000000067e-01,2.501019999999999979e-02,-9.936502600000000074e-01,7.851094999999999602e-02,2.566837699999999778e-01,3.961412000000000266e-01,3.585660800000000092e-01,-2.238262599999999991e-01,8.088816999999999535e-02,8.470569999999999489e-02,-1.271851099999999901e-01,-3.648384499999999808e-01,2.695099100000000192e-01,-6.100905999999999690e-02,7.373285999999999729e-02,-3.034979000000000149e-02,2.983370999999999940e-02,2.394948500000000091e-01,-2.535719900000000249e-01,4.043585000000000235e-02,-1.731660399999999933e-01,-7.357565000000000632e-02,-6.466025000000000245e-02,-3.623458999999999708e-02,2.415781999999999999e-02,-7.913088999999999540e-02,-5.776677000000000201e-02,1.177867100000000028e-01,-2.249438000000000132e-02,7.454993999999999510e-02,-2.676386000000000043e-02,-1.812168999999999933e-02
2.887929440000000181e+00,-3.002352699999999985e-01,8.194874500000000062e-01,-4.102940000000000233e-03,-1.097951900000000008e-01,2.569391000000000036e-02,-9.936135999999999857e-01,8.949994000000000005e-02,2.496473600000000126e-01,4.030600799999999873e-01,3.496559900000000276e-01,-2.352528399999999908e-01,8.354833999999999872e-02,7.318504000000000675e-02,-1.323890400000000134e-01,-3.595510399999999884e-01,2.764577300000000126e-01,-5.203225999999999685e-02,8.188786000000000675e-02,-3.728527000000000230e-02,3.584723000000000076e-02,2.365910900000000039e-01,-2.208847999999999923e-01,4.217661000000000326e-02,-1.628143200000000124e-01,-7.811629999999999963e-02,-5.490202000000000276e-02,-2.756745999999999849e-02,1.616621000000000030e-02,-5.876577000000000189e-02,-5.040556000000000203e-02,9.872382999999999853e-02,4.255309999999999995e-03,7.374640999999999835e-02,-2.277529000000000012e-02,-1.301109999999999940e-02
2.888496400000000186e+00,-3.060716700000000179e-01,8.193069099999999993e-01,-1.251430000000000077e-02,-1.106089700000000009e-01,2.533790000000000001e-02,-9.934621999999999620e-01,1.006738100000000025e-01,2.391137500000000138e-01,4.086941199999999941e-01,3.395383699999999783e-01,-2.446983000000000075e-01,8.553813000000000388e-02,6.160119000000000011e-02,-1.423224399999999945e-01,-3.573338099999999740e-01,2.870181199999999877e-01,-4.543553000000000175e-02,8.832349999999999923e-02,-4.383440000000000253e-02,4.011446999999999929e-02,2.322338499999999917e-01,-1.865673099999999862e-01,4.180325000000000013e-02,-1.480284900000000126e-01,-7.601866000000000179e-02,-4.989219000000000293e-02,-1.953480999999999967e-02,1.169338999999999969e-02,-4.342102999999999935e-02,-4.391508999999999691e-02,7.796198000000000017e-02,3.051682000000000006e-02,7.151055000000000605e-02,-1.921998000000000109e-02,-1.291391000000000067e-02
2.889334680000000155e+00,-3.120198800000000272e-01,8.190558599999999689e-01,-1.791755999999999904e-02,-1.118273999999999935e-01,2.399967000000000072e-02,-9.932761799999999530e-01,1.115802099999999991e-01,2.254091900000000093e-01,4.126417600000000241e-01,3.285026799999999914e-01,-2.519103599999999998e-01,8.668178999999999468e-02,5.029316999999999815e-02,-1.564861700000000078e-01,-3.578394100000000244e-01,3.003309699999999749e-01,-4.108983000000000080e-02,9.302770000000000483e-02,-5.005971000000000032e-02,4.235135999999999762e-02,2.262176300000000029e-01,-1.529043900000000011e-01,3.911662999999999946e-02,-1.312301800000000018e-01,-6.904071999999999987e-02,-4.943025000000000196e-02,-1.242917999999999974e-02,1.006030999999999939e-02,-3.592466999999999883e-02,-3.988689000000000123e-02,5.605440999999999896e-02,5.495138000000000106e-02,6.760615000000000374e-02,-1.651218999999999951e-02,-1.921936999999999951e-02
2.890415669999999881e+00,-3.178722299999999779e-01,8.187426899999999952e-01,-2.009129000000000123e-02,-1.133410799999999968e-01,2.176787000000000166e-02,-9.931144100000000030e-01,1.218536900000000006e-01,2.089973999999999998e-01,4.145807899999999768e-01,3.167657899999999915e-01,-2.567414900000000166e-01,8.683879999999999377e-02,3.970292999999999739e-02,-1.741658700000000004e-01,-3.605973399999999884e-01,3.153592599999999746e-01,-3.878242999999999968e-02,9.606986000000000692e-02,-5.604023000000000337e-02,4.231298000000000004e-02,2.183838200000000063e-01,-1.237751200000000024e-01,3.406448000000000115e-02,-1.159139899999999945e-01,-5.893802000000000069e-02,-5.403066000000000119e-02,-6.825770000000000101e-03,1.076772999999999966e-02,-4.032933999999999825e-02,-4.069445000000000007e-02,3.468007000000000034e-02,7.583512000000000586e-02,6.196507999999999877e-02,-1.511720000000000078e-02,-3.346550000000000219e-02
2.891679289999999902e+00,-3.234319099999999891e-01,8.183836899999999970e-01,-1.894873999999999864e-02,-1.150343100000000007e-01,1.875425000000000009e-02,-9.930036700000000049e-01,1.312448800000000082e-01,1.904530999999999863e-01,4.142989200000000150e-01,3.044721799999999812e-01,-2.591393900000000250e-01,8.591400999999999899e-02,3.035051000000000068e-02,-1.944975999999999927e-01,-3.651002300000000256e-01,3.310207700000000197e-01,-3.826763999999999860e-02,9.757936999999999861e-02,-6.185506999999999811e-02,3.981486000000000053e-02,2.086433900000000119e-01,-1.040238099999999943e-01,2.676262999999999906e-02,-1.061967600000000012e-01,-4.736873999999999946e-02,-6.480014000000000607e-02,-3.492120000000000033e-03,1.349932000000000042e-02,-6.142621999999999666e-02,-4.922610999999999654e-02,1.643317999999999862e-02,9.137191999999999537e-02,5.456430000000000308e-02,-1.545002000000000007e-02,-5.709692999999999713e-02
2.893038750000000103e+00,-3.285205999999999960e-01,8.180021600000000337e-01,-1.454368999999999974e-02,-1.167985899999999938e-01,1.508640999999999975e-02,-9.929344700000000135e-01,1.396347300000000125e-01,1.704270400000000019e-01,4.117143999999999804e-01,2.917107600000000134e-01,-2.591356899999999741e-01,8.386432000000000608e-02,2.279360999999999887e-02,-2.165444900000000061e-01,-3.708896899999999941e-01,3.463199100000000086e-01,-3.931569000000000036e-02,9.772179000000000282e-02,-6.756550000000000056e-02,3.475733000000000295e-02,1.969966900000000021e-01,-9.855402000000000606e-02,1.749954000000000093e-02,-1.061837100000000006e-01,-3.579848000000000058e-02,-8.315355000000000663e-02,-3.242880000000000068e-03,1.806150000000000116e-02,-1.039901399999999948e-01,-6.844756000000000451e-02,4.420849999999999606e-03,1.000228400000000017e-01,4.531559000000000281e-02,-1.777261000000000118e-02,-9.115040000000000642e-02
2.894388440000000173e+00,-3.329844800000000271e-01,8.176270100000000429e-01,-7.070039999999999658e-03,-1.185448600000000019e-01,1.090186999999999927e-02,-9.928636600000000367e-01,1.470299100000000136e-01,1.496093599999999968e-01,4.068850299999999809e-01,2.785471400000000264e-01,-2.568346000000000240e-01,8.070162000000000169e-02,1.757577999999999918e-02,-2.393713899999999895e-01,-3.776226599999999989e-01,3.604558700000000115e-01,-4.174939999999999901e-02,9.667625000000000524e-02,-7.319852999999999776e-02,2.714971999999999872e-02,1.835489899999999952e-01,-1.112893799999999933e-01,6.710019999999999700e-03,-1.192457100000000048e-01,-2.540933000000000080e-02,-1.104025200000000040e-01,-6.761889999999999568e-03,2.427672000000000163e-02,-1.718186700000000067e-01,-1.008306999999999953e-01,1.721709999999999994e-03,1.007847199999999943e-01,3.401106999999999742e-02,-2.211352999999999930e-02,-1.359126300000000065e-01
2.895616529999999855e+00,-3.366986200000000040e-01,8.172888799999999954e-01,3.144609999999999940e-03,-1.202127600000000018e-01,6.343429999999999729e-03,-9.927228700000000350e-01,1.535384800000000050e-01,1.286961899999999881e-01,4.000028999999999946e-01,2.650667700000000071e-01,-2.524038599999999799e-01,7.649058000000000246e-02,1.516966999999999968e-02,-2.621050500000000061e-01,-3.851048599999999933e-01,3.728872500000000034e-01,-4.546149000000000023e-02,9.461867999999999668e-02,-7.873344000000000176e-02,1.713136999999999993e-02,1.685181600000000002e-01,-1.443985700000000039e-01,-5.009679999999999862e-03,-1.474248200000000120e-01,-1.705015000000000003e-02,-1.473934100000000025e-01,-1.446934000000000067e-02,3.189353999999999800e-02,-2.670028199999999741e-01,-1.479010600000000009e-01,1.090827999999999937e-02,9.332546999999999371e-02,2.032547999999999994e-02,-2.824718000000000021e-02,-1.907068199999999991e-01
2.896615979999999979e+00,-3.395689700000000255e-01,8.170171999999999990e-01,1.565081999999999932e-02,-1.217757800000000001e-01,1.555710000000000079e-03,-9.924330099999999488e-01,1.593311599999999995e-01,1.083641399999999977e-01,3.913799800000000162e-01,2.514201699999999984e-01,-2.460659099999999988e-01,7.134155000000000357e-02,1.592274000000000120e-02,-2.839727400000000013e-01,-3.932843200000000206e-01,3.833452199999999865e-01,-5.040895000000000098e-02,9.171284999999999854e-02,-8.409379000000000159e-02,4.985500000000000348e-03,1.522338199999999919e-01,-1.976762999999999992e-01,-1.695216000000000084e-02,-1.909722100000000033e-01,-1.120754000000000021e-02,-1.941381699999999988e-01,-2.639829999999999954e-02,4.049599000000000254e-02,-3.891773800000000172e-01,-2.097749100000000089e-01,3.355866999999999878e-02,7.802420999999999662e-02,3.911600000000000320e-03,-3.571165999999999924e-02,-2.537416499999999853e-01
2.897298099999999987e+00,-3.415324399999999927e-01,8.168360599999999749e-01,2.989527000000000156e-02,-1.232418599999999947e-01,-3.317510000000000077e-03,-9.919207100000000388e-01,1.645955000000000057e-01,8.925391000000000574e-02,3.814267199999999969e-01,2.378610399999999958e-01,-2.380881499999999984e-01,6.539934999999999499e-02,2.001301000000000122e-02,-3.043180699999999961e-01,-4.022078199999999937e-01,3.918008199999999941e-01,-5.658794000000000324e-02,8.810908000000000628e-02,-8.914666000000000257e-02,-8.858180000000000220e-03,1.351257299999999995e-01,-2.684522300000000139e-01,-2.831875999999999838e-02,-2.482221099999999958e-01,-8.036800000000000194e-03,-2.496446700000000130e-01,-4.216053000000000162e-02,4.947858000000000117e-02,-5.352735499999999869e-01,-2.849900400000000000e-01,6.998888000000000331e-02,5.587683999999999707e-02,-1.546970999999999936e-02,-4.388245000000000340e-02,-3.221848299999999776e-01
2.897600650000000222e+00,-3.425552199999999936e-01,8.167625699999999656e-01,4.524439999999999712e-02,-1.246493699999999955e-01,-8.135840000000000086e-03,-9.911353600000000208e-01,1.694920500000000052e-01,7.196186999999999723e-02,3.706290700000000049e-01,2.247675799999999946e-01,-2.287703000000000098e-01,5.882889000000000174e-02,2.742114999999999830e-02,-3.225979800000000064e-01,-4.119518699999999978e-01,3.983990600000000271e-01,-6.399536000000000113e-02,8.394922000000000495e-02,-9.371039000000000452e-02,-2.383595999999999979e-02,1.177010899999999943e-01,-3.519358599999999893e-01,-3.824854999999999922e-02,-3.157814099999999846e-01,-7.434419999999999744e-03,-3.119317300000000182e-01,-6.098180999999999741e-02,5.808181999999999928e-02,-6.996733499999999717e-01,-3.705846099999999810e-01,1.191812200000000044e-01,2.833074000000000009e-02,-3.780614000000000197e-02,-5.207445000000000129e-02,-3.924159999999999870e-01
2.897494790000000098e+00,-3.426297600000000054e-01,8.168052399999999880e-01,6.101362999999999925e-02,-1.260594100000000106e-01,-1.276465000000000065e-02,-9.900623600000000302e-01,1.741216200000000047e-01,5.703674000000000244e-02,3.595260399999999912e-01,2.126423899999999867e-01,-2.184282999999999919e-01,5.179980000000000001e-02,3.792410999999999699e-02,-3.383683299999999949e-01,-4.225452800000000231e-01,4.033788700000000005e-01,-7.258841000000000598e-02,7.937481000000000397e-02,-9.757124999999999826e-02,-3.927815999999999946e-02,1.005100500000000036e-01,-4.419248100000000012e-01,-4.585655000000000286e-02,-3.889910300000000154e-01,-9.135410000000000058e-03,-3.782244300000000004e-01,-8.179962999999999818e-02,6.548310999999999715e-02,-8.747574700000000369e-01,-4.624191200000000168e-01,1.789131800000000050e-01,-2.907299999999999815e-03,-6.271972000000000658e-02,-5.964827999999999797e-02,-4.604223700000000252e-01
2.896985289999999935e+00,-3.417710999999999943e-01,8.169642700000000479e-01,7.650062000000000528e-02,-1.275457600000000080e-01,-1.707759000000000013e-02,-9.887305499999999858e-01,1.785078900000000024e-01,4.497745999999999689e-02,3.486871100000000223e-01,2.020883699999999894e-01,-2.073750599999999999e-01,4.447112000000000287e-02,5.111075999999999814e-02,-3.512651900000000049e-01,-4.339005400000000012e-01,4.069963999999999804e-01,-8.225127000000000133e-02,7.453558999999999879e-02,-1.005088400000000021e-01,-5.445152000000000325e-02,8.410220999999999669e-02,-5.317344699999999591e-01,-5.027506999999999809e-02,-4.625656599999999896e-01,-1.281269999999999978e-02,-4.452815399999999757e-01,-1.034036100000000069e-01,7.093122999999999789e-02,-1.051741959999999976e+00,-5.556776500000000230e-01,2.460451700000000075e-01,-3.605237000000000025e-02,-8.941965000000000330e-02,-6.609979000000000549e-02,-5.222709800000000513e-01
2.896107440000000199e+00,-3.400133799999999762e-01,8.172327900000000422e-01,9.102005999999999986e-02,-1.291835600000000028e-01,-2.095899999999999846e-02,-9.872120599999999468e-01,1.825965200000000122e-01,3.623036000000000312e-02,3.386889100000000097e-01,1.937672199999999900e-01,-1.959007799999999966e-01,3.697899999999999798e-02,6.641739000000000670e-02,-3.609885899999999981e-01,-4.457683900000000143e-01,4.094649300000000047e-01,-9.277760999999999647e-02,6.959532999999999692e-02,-1.023265500000000022e-01,-6.861127000000000198e-02,6.897823000000000149e-02,-6.151149299999999487e-01,-5.072516999999999998e-02,-5.312634699999999599e-01,-1.814361999999999919e-02,-5.097659799999999519e-01,-1.245816299999999988e-01,7.388350000000000473e-02,-1.221597309999999936e+00,-6.454158399999999629e-01,3.168894899999999959e-01,-6.938858999999999999e-02,-1.167309400000000053e-01,-7.111122000000000276e-02,-5.745502700000000296e-01
2.894920350000000031e+00,-3.374065800000000115e-01,8.175985799999999637e-01,1.039382900000000026e-01,-1.310381599999999869e-01,-2.430625000000000147e-02,-9.856140599999999585e-01,1.862730099999999889e-01,3.117912000000000114e-02,3.300900199999999840e-01,1.883393499999999887e-01,-1.842545899999999959e-01,2.942890999999999910e-02,8.318182000000000353e-02,-3.672938299999999878e-01,-4.577255199999999968e-01,4.109138500000000249e-01,-1.038692999999999977e-01,6.473426999999999654e-02,-1.028838200000000008e-01,-8.105563000000000351e-02,5.554103999999999985e-02,-6.868642000000000358e-01,-4.662472000000000144e-02,-5.904216799999999488e-01,-2.484600000000000003e-02,-5.685356299999999585e-01,-1.442246699999999993e-01,7.407466999999999524e-02,-1.375798700000000041e+00,-7.270142400000000338e-01,3.875289299999999937e-01,-1.013380100000000061e-01,-1.432097599999999915e-01,-7.454723000000000599e-02,-6.146675299999999620e-01
2.893496750000000173e+00,-3.340146800000000082e-01,8.180459700000000112e-01,1.147035400000000066e-01,-1.331554100000000018e-01,-2.703138000000000069e-02,-9.840640400000000287e-01,1.893840400000000035e-01,3.013274000000000161e-02,3.233978499999999867e-01,1.864055799999999874e-01,-1.726327500000000015e-01,2.189276999999999890e-02,1.007030299999999989e-01,-3.699870699999999735e-01,-4.691947100000000148e-01,4.113689400000000163e-01,-1.151524899999999962e-01,6.014748000000000316e-02,-1.021231600000000045e-01,-9.117514000000000174e-02,4.405386000000000024e-02,-7.433822199999999825e-01,-3.765936999999999757e-02,-6.363923000000000219e-01,-3.264142999999999906e-02,-6.189118599999999804e-01,-1.614335799999999932e-01,7.161254999999999704e-02,-1.507031559999999937e+00,-7.965712499999999530e-01,4.541831599999999747e-01,-1.305527499999999952e-01,-1.672930099999999920e-01,-7.643888999999999545e-02,-6.410583300000000095e-01
2.891914840000000098e+00,-3.299142999999999937e-01,8.185575600000000174e-01,1.228703000000000017e-01,-1.355537500000000006e-01,-2.906277999999999986e-02,-9.826919400000000415e-01,1.917678999999999911e-01,3.330484000000000222e-02,3.190327600000000263e-01,1.884445499999999885e-01,-1.611762899999999998e-01,1.441287999999999944e-02,1.183036999999999977e-01,-3.689290599999999753e-01,-4.794925500000000174e-01,4.107474400000000192e-01,-1.262035099999999910e-01,5.603982999999999881e-02,-1.000872899999999954e-01,-9.849048999999999998e-02,3.461191999999999741e-02,-7.826693099999999514e-01,-2.388120999999999994e-02,-6.666958899999999577e-01,-4.122217000000000242e-02,-6.587318199999999679e-01,-1.755338499999999913e-01,6.693372000000000210e-02,-1.609474180000000088e+00,-8.510516299999999479e-01,5.133805900000000255e-01,-1.559135500000000119e-01,-1.874960800000000094e-01,-7.691981999999999986e-02,-6.531647999999999898e-01
2.890248539999999977e+00,-3.251948700000000247e-01,8.191151599999999533e-01,1.281157900000000072e-01,-1.382190399999999875e-01,-3.034643999999999883e-02,-9.816113699999999831e-01,1.932840799999999970e-01,4.078869999999999718e-02,3.172903100000000198e-01,1.947573400000000010e-01,-1.499789699999999892e-01,7.011739999999999813e-03,1.353855399999999987e-01,-3.640436200000000122e-01,-4.878968599999999878e-01,4.088648300000000124e-01,-1.365789900000000112e-01,5.261845999999999884e-02,-9.691676000000000457e-02,-1.026708900000000008e-01,2.713288999999999979e-02,-8.042078000000000282e-01,-5.762149999999999737e-03,-6.800460200000000288e-01,-5.018099000000000171e-02,-6.863729400000000425e-01,-1.860832299999999884e-01,6.074376000000000081e-02,-1.678956029999999933e+00,-8.883341599999999838e-01,5.621343300000000154e-01,-1.765573800000000138e-01,-2.025741500000000084e-01,-7.617150999999999783e-02,-6.513175399999999726e-01
2.888562439999999842e+00,-3.199588999999999905e-01,8.197006599999999699e-01,1.302478300000000089e-01,-1.411023999999999889e-01,-3.084715000000000026e-02,-9.809046999999999628e-01,1.938368799999999892e-01,5.253150999999999654e-02,3.183056699999999850e-01,2.054252500000000037e-01,-1.391054999999999930e-01,-2.938199999999999753e-04,1.514699300000000026e-01,-3.553291000000000088e-01,-4.937224700000000244e-01,4.054506099999999891e-01,-1.458425799999999994e-01,5.008324000000000109e-02,-9.283291999999999933e-02,-1.035330599999999962e-01,2.137129999999999933e-02,-8.086836299999999866e-01,1.581642999999999938e-02,-6.762604100000000340e-01,-5.898160000000000208e-02,-7.007118500000000250e-01,-1.928523600000000005e-01,5.391540999999999695e-02,-1.712978839999999892e+00,-9.071811400000000525e-01,5.980584599999999584e-01,-1.918981499999999896e-01,-2.116555900000000046e-01,-7.438208000000000319e-02,-6.365422600000000264e-01
2.886907340000000044e+00,-3.143225599999999731e-01,8.202959300000000065e-01,1.292041499999999898e-01,-1.441217099999999862e-01,-3.055012000000000005e-02,-9.806130499999999861e-01,1.933940100000000051e-01,6.831010999999999334e-02,3.220301300000000255e-01,2.202805300000000022e-01,-1.286169100000000010e-01,-7.476159999999999924e-03,1.662193100000000090e-01,-3.428729799999999939e-01,-4.963919800000000104e-01,4.001760799999999896e-01,-1.535867999999999955e-01,4.861624999999999974e-02,-8.810315000000000507e-02,-1.010241800000000051e-01,1.695409000000000152e-02,-7.976648800000000206e-01,3.965392999999999696e-02,-6.561202999999999896e-01,-6.698199999999999987e-02,-7.010747200000000401e-01,-1.957935100000000039e-01,4.736829000000000039e-02,-1.710698129999999928e+00,-9.071937799999999497e-01,6.194427000000000127e-01,-2.016251400000000082e-01,-2.143236500000000044e-01,-7.172491000000000283e-02,-6.103643199999999602e-01
2.885322089999999839e+00,-3.084154399999999852e-01,8.208828599999999920e-01,1.250445799999999885e-01,-1.471670700000000109e-01,-2.946286000000000044e-02,-9.807332199999999611e-01,1.919936499999999879e-01,8.771792999999999951e-02,3.282218000000000080e-01,2.389000199999999907e-01,-1.186000900000000052e-01,-1.448096999999999926e-02,1.794380700000000051e-01,-3.268636799999999898e-01,-4.954952300000000087e-01,3.926896799999999854e-01,-1.594469199999999920e-01,4.837120000000000308e-02,-8.299592000000000080e-02,-9.519331000000000320e-02,1.343517999999999969e-02,-7.734692100000000181e-01,6.441423999999999761e-02,-6.212830499999999478e-01,-7.351106000000000307e-02,-6.872776200000000335e-01,-1.950431199999999865e-01,4.198881000000000141e-02,-1.673024539999999893e+00,-8.888493800000000222e-01,6.253927900000000317e-01,-2.057371699999999970e-01,-2.106282899999999958e-01,-6.837653999999999954e-02,-5.746768700000000063e-01
2.883834600000000137e+00,-3.023795200000000127e-01,8.214432600000000084e-01,1.179371300000000011e-01,-1.501098399999999944e-01,-2.761693000000000134e-02,-9.812212599999999840e-01,1.897514600000000107e-01,1.101587299999999964e-01,3.364617799999999881e-01,2.606114400000000275e-01,-1.091925100000000065e-01,-2.121465000000000156e-02,1.910537900000000011e-01,-3.076087800000000261e-01,-4.908326599999999762e-01,3.826738599999999768e-01,-1.631144599999999889e-01,4.946103000000000305e-02,-7.773320999999999703e-02,-8.616187999999999625e-02,1.036330000000000064e-02,-7.391303200000000073e-01,8.888437000000000421e-02,-5.742059900000000550e-01,-7.799578999999999540e-02,-6.597096300000000468e-01,-1.909363000000000032e-01,3.859084000000000125e-02,-1.602771519999999894e+00,-8.535999100000000173e-01,6.159543400000000446e-01,-2.045545099999999950e-01,-2.010526800000000114e-01,-6.455241000000000451e-02,-5.316758200000000212e-01
2.882466550000000183e+00,-2.963662400000000030e-01,8.219587200000000315e-01,1.081401800000000024e-01,-1.528153700000000059e-01,-2.506925999999999946e-02,-9.820003499999999663e-01,1.868522800000000095e-01,1.348626800000000125e-01,3.461855899999999875e-01,2.845312700000000028e-01,-1.006001100000000065e-01,-2.753830999999999987e-02,2.010833499999999940e-01,-2.855437399999999903e-01,-4.824361799999999922e-01,3.699081499999999911e-01,-1.643480099999999888e-01,5.194701000000000179e-02,-7.245216999999999630e-02,-7.409767999999999910e-02,7.352150000000000005e-03,-6.985697699999999788e-01,1.122746300000000003e-01,-5.181363199999999836e-01,-8.011379999999999890e-02,-6.194748900000000003e-01,-1.840482800000000085e-01,3.794659999999999700e-02,-1.504835369999999894e+00,-8.040151599999999510e-01,5.922561899999999602e-01,-1.987371400000000066e-01,-1.864148999999999945e-01,-6.056319000000000285e-02,-4.838675599999999744e-01
2.881238220000000183e+00,-2.905325000000000268e-01,8.224110000000000031e-01,9.598323999999999745e-02,-1.551574300000000128e-01,-2.190239000000000075e-02,-9.829718499999999803e-01,1.835382100000000072e-01,1.609182200000000007e-01,3.567348699999999817e-01,3.096203200000000044e-01,-9.310047999999999935e-02,-3.326935000000000309e-02,2.095906999999999909e-01,-2.612373199999999951e-01,-4.705722299999999803e-01,3.543407900000000166e-01,-1.629885399999999873e-01,5.582870999999999667e-02,-6.718378999999999324e-02,-5.919982000000000022e-02,4.143660000000000398e-03,-6.567169400000000268e-01,1.344840399999999991e-01,-4.570375400000000199e-01,-7.992623999999999562e-02,-5.684732200000000013e-01,-1.752138599999999991e-01,4.084266999999999759e-02,-1.386215210000000031e+00,-7.438517799999999625e-01,5.565403700000000065e-01,-1.892563100000000109e-01,-1.677546900000000119e-01,-5.685642999999999947e-02,-4.340808400000000233e-01
2.880172969999999832e+00,-2.850348699999999957e-01,8.227824599999999933e-01,8.184888999999999359e-02,-1.570333999999999897e-01,-1.822297999999999973e-02,-9.840270300000000248e-01,1.800895000000000135e-01,1.873210700000000062e-01,3.674163500000000027e-01,3.347593500000000111e-01,-8.702978000000000103e-02,-3.819096999999999770e-02,2.166446099999999875e-01,-2.353875599999999957e-01,-4.557273700000000205e-01,3.361539499999999792e-01,-1.589781799999999967e-01,6.103588000000000069e-02,-6.185208999999999846e-02,-4.169989000000000334e-02,6.571800000000000471e-04,-6.195158400000000398e-01,1.562651100000000126e-01,-3.954386100000000237e-01,-7.794850999999999863e-02,-5.093908299999999612e-01,-1.655154199999999964e-01,4.814826999999999996e-02,-1.255757809999999974e+00,-6.779715400000000392e-01,5.120600499999999888e-01,-1.773254900000000023e-01,-1.462022099999999991e-01,-5.403104000000000240e-02,-3.854396900000000015e-01
2.879298690000000160e+00,-2.800232500000000013e-01,8.230572299999999730e-01,6.615693999999999741e-02,-1.583771399999999996e-01,-1.415892000000000019e-02,-9.850581299999999763e-01,1.768022200000000099e-01,2.130346300000000026e-01,3.775646999999999753e-01,3.588321199999999767e-01,-8.275298000000000376e-02,-4.206867000000000245e-02,2.222831100000000060e-01,-2.088071900000000036e-01,-4.385816200000000054e-01,3.158101400000000170e-01,-1.523826100000000017e-01,6.742341999999999780e-02,-5.629593000000000097e-02,-2.187793999999999850e-02,-2.985999999999999939e-03,-5.936962399999999862e-01,1.792263699999999960e-01,-3.381641200000000125e-01,-7.513127000000000000e-02,-4.455445100000000047e-01,-1.562181900000000068e-01,6.086319999999999925e-02,-1.123541829999999964e+00,-6.120379000000000236e-01,4.628175800000000062e-01,-1.642840499999999870e-01,-1.228486800000000018e-01,-5.281128000000000211e-02,-3.412484199999999968e-01
2.878650429999999982e+00,-2.756339300000000270e-01,8.232222799999999729e-01,4.935385999999999940e-02,-1.591679500000000025e-01,-9.854419999999999152e-03,-9.859678699999999685e-01,1.739621899999999888e-01,2.370551700000000095e-01,3.865956400000000182e-01,3.808094000000000201e-01,-8.062170999999999921e-02,-4.467258000000000340e-02,2.264918399999999998e-01,-1.823968900000000060e-01,-4.199732800000000044e-01,2.940653599999999979e-01,-1.434090600000000049e-01,7.477166000000000368e-02,-5.030808999999999975e-02,-8.831999999999999465e-05,-6.467220000000000087e-03,-5.862594800000000550e-01,2.056406699999999976e-01,-2.899574899999999844e-01,-7.274445000000000217e-02,-3.805896899999999805e-01,-1.486477400000000004e-01,8.010751000000000677e-02,-9.999098800000000287e-01,-5.519815700000000325e-01,4.131538599999999839e-01,-1.514326000000000005e-01,-9.862635000000000152e-02,-5.397633000000000292e-02,-3.047664800000000063e-01
2.878266809999999953e+00,-2.719833300000000231e-01,8.232688900000000309e-01,3.190570999999999685e-02,-1.594336299999999929e-01,-5.464250000000000357e-03,-9.866777700000000095e-01,1.718214000000000130e-01,2.584733100000000117e-01,3.940480100000000041e-01,3.998186000000000240e-01,-8.092491999999999741e-02,-4.580218999999999957e-02,2.291994400000000043e-01,-1.571091599999999977e-01,-4.008607299999999984e-01,2.719401699999999811e-01,-1.324165300000000045e-01,8.279261999999999733e-02,-4.368024999999999686e-02,2.320969999999999978e-02,-9.304220000000000199e-03,-6.036273199999999672e-01,2.380603599999999986e-01,-2.549820799999999998e-01,-7.217305000000000248e-02,-3.180960999999999927e-01,-1.440109900000000054e-01,1.070184099999999944e-01,-8.942337000000000202e-01,-5.032729500000000522e-01,3.672162900000000008e-01,-1.398470300000000111e-01,-7.424134000000000289e-02,-5.824283999999999711e-02,-2.788719800000000193e-01
2.878189330000000101e+00,-2.691622100000000128e-01,8.231938500000000047e-01,1.429471000000000040e-02,-1.592469099999999915e-01,-1.147250000000000049e-03,-9.871345799999999837e-01,1.705764700000000078e-01,2.765237700000000021e-01,3.996055700000000210e-01,4.151930200000000237e-01,-8.384131999999999696e-02,-4.531165999999999666e-02,2.302909300000000048e-01,-1.339053500000000063e-01,-3.822833600000000165e-01,2.506472799999999723e-01,-1.199090599999999979e-01,9.114321000000000228e-02,-3.624627999999999878e-02,4.742583999999999689e-02,-1.091130000000000051e-02,-6.507329899999999556e-01,2.788176800000000122e-01,-2.363714000000000093e-01,-7.467899999999999539e-02,-2.611436200000000207e-01,-1.432152800000000004e-01,1.425868000000000135e-01,-8.137155799999999939e-01,-4.701806299999999883e-01,3.284648700000000199e-01,-1.302092499999999986e-01,-5.013374999999999776e-02,-6.613839999999999997e-02,-2.657014400000000109e-01
2.878455639999999871e+00,-2.672315499999999844e-01,8.230004899999999735e-01,-2.983379999999999886e-03,-1.587154699999999974e-01,2.939999999999999905e-03,-9.873155399999999915e-01,1.703530000000000044e-01,2.906190200000000057e-01,4.031017399999999862e-01,4.264930499999999847e-01,-8.940095000000000680e-02,-4.313079999999999692e-02,2.296352399999999905e-01,-1.137099599999999988e-01,-3.653205299999999767e-01,2.314830900000000025e-01,-1.065110100000000032e-01,9.944469999999999699e-02,-2.791023999999999936e-02,7.182708000000000148e-02,-1.067966000000000054e-02,-7.300605799999999590e-01,3.294932500000000153e-01,-2.357923100000000050e-01,-8.116410999999999765e-02,-2.119324200000000102e-01,-1.466988899999999985e-01,1.874271600000000093e-01,-7.623528200000000421e-01,-4.550962399999999852e-01,2.992517900000000175e-01,-1.226935999999999999e-01,-2.651101999999999972e-02,-7.786516999999999744e-02,-2.662681599999999760e-01
2.879096979999999917e+00,-2.662200599999999806e-01,8.226986499999999758e-01,-1.942274000000000084e-02,-1.579670900000000044e-01,6.649239999999999838e-03,-9.872309599999999907e-01,1.711965400000000082e-01,3.003645799999999921e-01,4.045057599999999920e-01,4.335010300000000094e-01,-9.746377999999999986e-02,-3.928186000000000178e-02,2.271235400000000126e-01,-9.736527000000000376e-02,-3.510483500000000090e-01,2.156944100000000031e-01,-9.292266000000000414e-02,1.073083600000000054e-01,-1.865593000000000112e-02,9.554701999999999640e-02,-8.065340000000000703e-03,-8.410555100000000062e-01,3.904859700000000156e-01,-2.532473499999999822e-01,-9.200089999999999657e-02,-1.716093099999999871e-01,-1.543467599999999995e-01,2.415750000000000119e-01,-7.404568200000000155e-01,-4.581692199999999882e-01,2.806425699999999801e-01,-1.169284000000000018e-01,-3.400400000000000037e-03,-9.321514000000000189e-02,-2.802439299999999744e-01
2.880131480000000188e+00,-2.661228800000000061e-01,8.223044299999999751e-01,-3.451376999999999917e-02,-1.571317799999999987e-01,9.845790000000000097e-03,-9.869252400000000369e-01,1.730694299999999963e-01,3.055566299999999957e-01,4.038950199999999935e-01,4.361947800000000042e-01,-1.077172799999999986e-01,-3.388827999999999979e-02,2.227098499999999870e-01,-8.559012000000000564e-02,-3.404903400000000024e-01,2.043405299999999924e-01,-7.986000999999999517e-02,1.143645600000000040e-01,-8.534699999999999231e-03,1.176214099999999957e-01,-2.671639999999999866e-03,-9.799430999999999559e-01,4.607763899999999802e-01,-2.870727800000000274e-01,-1.069585499999999995e-01,-1.402709199999999934e-01,-1.654984100000000125e-01,3.043370799999999821e-01,-7.447544299999999673e-01,-4.772977199999999809e-01,2.724667499999999798e-01,-1.120681300000000019e-01,1.925841999999999832e-02,-1.115408600000000056e-01,-3.059020000000000072e-01
2.881562469999999987e+00,-2.669024500000000133e-01,8.218385000000000273e-01,-4.775320000000000259e-02,-1.563239100000000104e-01,1.241307999999999995e-02,-9.864727300000000199e-01,1.758541000000000132e-01,3.061666800000000244e-01,4.014192500000000052e-01,4.347065099999999904e-01,-1.196938500000000044e-01,-2.717402999999999832e-02,2.164470599999999967e-01,-7.894336000000000408e-02,-3.345586999999999867e-01,1.981720499999999885e-01,-6.798801999999999623e-02,1.202919900000000014e-01,2.362019999999999832e-03,1.370496300000000056e-01,5.685260000000000140e-03,-1.140037060000000047e+00,5.379458700000000482e-01,-3.341451899999999808e-01,-1.252384599999999959e-01,-1.171348700000000020e-01,-1.790521300000000038e-01,3.742469500000000227e-01,-7.690529200000000287e-01,-5.084778100000000300e-01,2.735846900000000192e-01,-1.069579900000000028e-01,4.151277999999999913e-02,-1.317948700000000084e-01,-3.402489399999999997e-01
2.883374449999999811e+00,-2.684904300000000021e-01,8.213239900000000038e-01,-5.865676000000000223e-02,-1.556264800000000115e-01,1.425668000000000074e-02,-9.859698399999999863e-01,1.793603199999999898e-01,3.023175599999999852e-01,3.972589999999999733e-01,4.292784900000000126e-01,-1.328041600000000044e-01,-1.945345000000000060e-02,2.085113100000000053e-01,-7.779453999999999536e-02,-3.339879499999999779e-01,1.975472100000000009e-01,-5.785554999999999864e-02,1.248433699999999952e-01,1.393735999999999933e-02,1.528769600000000062e-01,1.693949999999999970e-02,-1.312551379999999934e+00,6.184534999999999894e-01,-3.902963400000000194e-01,-1.456099200000000038e-01,-1.008599099999999971e-01,-1.936525099999999999e-01,4.491525900000000182e-01,-8.053803400000000279e-01,-5.464756499999999795e-01,2.823127799999999854e-01,-1.003577100000000027e-01,6.331285000000000385e-02,-1.526396100000000089e-01,-3.793647900000000073e-01
2.885534049999999961e+00,-2.707912900000000178e-01,8.207840299999999978e-01,-6.677394000000000385e-02,-1.550806600000000091e-01,1.530764000000000083e-02,-9.855236400000000341e-01,1.833367499999999928e-01,2.942570700000000095e-01,3.915866000000000069e-01,4.202223999999999959e-01,-1.463821100000000097e-01,-1.111167000000000057e-02,1.992109900000000045e-01,-8.230110000000000203e-02,-3.392653500000000211e-01,2.023965699999999979e-01,-4.984444999999999848e-02,1.278637900000000049e-01,2.611801000000000053e-02,1.642855900000000091e-01,3.077192000000000122e-02,-1.487723590000000096e+00,6.981134399999999740e-01,-4.508342100000000130e-01,-1.666098799999999880e-01,-8.990164000000000488e-02,-2.079147399999999868e-01,5.264279800000000176e-01,-8.453074099999999813e-01,-5.856497299999999795e-01,2.968816799999999811e-01,-9.117680000000000229e-02,8.446581999999999701e-02,-1.726057099999999955e-01,-4.188675299999999879e-01
2.887990470000000087e+00,-2.736863800000000069e-01,8.202390099999999906e-01,-7.170324999999999616e-02,-1.546814300000000086e-01,1.552500000000000061e-02,-9.852366999999999653e-01,1.874865099999999951e-01,2.823322999999999805e-01,3.845363900000000057e-01,4.078890700000000202e-01,-1.597345599999999977e-01,-2.576189999999999904e-03,1.889757200000000137e-01,-9.239611999999999825e-02,-3.505655200000000193e-01,2.122477899999999917e-01,-4.414156000000000329e-02,1.292977499999999891e-01,3.886888000000000148e-02,1.706807599999999869e-01,4.664084000000000285e-02,-1.656052110000000077e+00,7.726647300000000218e-01,-5.110990399999999489e-01,-1.867650200000000038e-01,-8.284518000000000437e-02,-2.206401199999999951e-01,6.032671899999999532e-01,-8.812261200000000017e-01,-6.207822600000000302e-01,3.158289200000000130e-01,-7.867298000000000346e-02,1.046345100000000000e-01,-1.902720599999999929e-01,-4.544516200000000006e-01
2.890678639999999966e+00,-2.770393500000000175e-01,8.197042300000000337e-01,-7.310685999999999574e-02,-1.543798899999999918e-01,1.489734000000000023e-02,-9.851904500000000509e-01,1.914865199999999934e-01,2.669673599999999869e-01,3.761883400000000099e-01,3.926495899999999928e-01,-1.721909199999999973e-01,5.717719999999999921e-03,1.783267000000000047e-01,-1.077875900000000026e-01,-3.677019499999999996e-01,2.263044899999999970e-01,-4.073933999999999889e-02,1.291832499999999995e-01,5.218727000000000088e-02,1.717570900000000012e-01,6.384104000000000168e-02,-1.809385419999999911e+00,8.383211499999999594e-01,-5.669412600000000024e-01,-2.047891599999999979e-01,-7.861798000000000397e-02,-2.309755199999999897e-01,6.770018899999999951e-01,-9.073050000000000281e-01,-6.477397700000000480e-01,3.382325800000000049e-01,-6.257720999999999423e-02,1.233784099999999939e-01,-2.044315300000000002e-01,-4.823772599999999744e-01
2.893523220000000062e+00,-2.807015500000000219e-01,8.191884200000000282e-01,-7.072465000000000002e-02,-1.540922100000000072e-01,1.344288000000000080e-02,-9.854302999999999813e-01,1.950115600000000005e-01,2.486444700000000063e-01,3.665688300000000122e-01,3.748872300000000157e-01,-1.831486700000000134e-01,1.336464000000000055e-02,1.678317599999999965e-01,-1.279725700000000077e-01,-3.901060800000000217e-01,2.435680600000000029e-01,-3.946659000000000278e-02,1.276339400000000013e-01,6.607765000000000166e-02,1.675317400000000123e-01,8.158195000000000030e-02,-1.941684250000000000e+00,8.921843799999999991e-01,-6.150611000000000272e-01,-2.197340999999999878e-01,-7.658383000000000551e-02,-2.384944999999999982e-01,7.453761100000000361e-01,-9.200010299999999974e-01,-6.638685500000000017e-01,3.637589800000000095e-01,-4.312991000000000047e-02,1.402247799999999933e-01,-2.142163800000000118e-01,-4.998426400000000047e-01
2.896444080000000199e+00,-2.845180600000000171e-01,8.186920899999999834e-01,-6.438789999999999791e-02,-1.537134599999999962e-01,1.120779000000000046e-02,-9.859516600000000075e-01,1.977613400000000077e-01,2.278886099999999915e-01,3.556692300000000029e-01,3.549993000000000176e-01,-1.921121500000000093e-01,2.002560000000000104e-02,1.580506700000000042e-01,-1.522673700000000130e-01,-4.168450200000000105e-01,2.629831699999999883e-01,-4.004371999999999793e-02,1.248112499999999986e-01,8.051355000000000317e-02,1.583392200000000027e-01,9.907372000000000400e-02,-2.049364569999999830e+00,9.324709799999999493e-01,-6.531830400000000481e-01,-2.310651200000000127e-01,-7.650941999999999465e-02,-2.431916399999999867e-01,8.067343200000000047e-01,-9.181073899999999677e-01,-6.680949299999999758e-01,3.925435199999999791e-01,-2.103193999999999897e-02,1.547549699999999917e-01,-2.191664399999999902e-01,-5.051954400000000511e-01
2.899361610000000145e+00,-2.883334799999999754e-01,8.182080400000000253e-01,-5.403266000000000319e-02,-1.531343599999999971e-01,8.262600000000000153e-03,-9.866924299999999537e-01,1.994878099999999876e-01,2.052532999999999996e-01,3.434771300000000194e-01,3.334042999999999868e-01,-1.987222999999999906e-01,2.545787999999999870e-02,1.494779599999999931e-01,-1.798531600000000119e-01,-4.466797399999999918e-01,2.835819099999999926e-01,-4.215234999999999815e-02,1.208923799999999937e-01,9.539859000000000533e-02,1.447878499999999957e-01,1.156084200000000034e-01,-2.131222249999999985e+00,9.585295299999999630e-01,-6.800653300000000234e-01,-2.386684099999999975e-01,-7.845311000000000645e-02,-2.454089799999999988e-01,8.600946699999999501e-01,-9.024225500000000455e-01,-6.607671400000000306e-01,4.249651999999999874e-01,2.664569999999999786e-03,1.666832400000000103e-01,-2.192370299999999994e-01,-4.979706700000000041e-01
2.902200459999999982e+00,-2.919973399999999941e-01,8.177213100000000345e-01,-3.971414999999999668e-02,-1.522587699999999877e-01,4.697129999999999882e-03,-9.875312400000000324e-01,2.000207800000000091e-01,1.813062900000000088e-01,3.300151800000000191e-01,3.105505100000000018e-01,-2.027774800000000099e-01,2.953505000000000019e-02,1.424923800000000018e-01,-2.098310600000000137e-01,-4.781584999999999863e-01,3.045995200000000125e-01,-4.550457000000000113e-02,1.160413799999999995e-01,1.105381500000000017e-01,1.276873599999999997e-01,1.306269599999999864e-01,-2.188027379999999855e+00,9.706835700000000511e-01,-6.953795000000000393e-01,-2.428015000000000034e-01,-8.262302000000000535e-02,-2.457223199999999941e-01,9.051082700000000481e-01,-8.751874600000000282e-01,-6.433221099999999470e-01,4.613910600000000195e-01,2.669515000000000082e-02,1.759121600000000119e-01,-2.147542400000000129e-01,-4.787774100000000144e-01
2.904895310000000119e+00,-2.953689999999999927e-01,8.172109699999999810e-01,-2.162017000000000105e-02,-1.510192499999999938e-01,6.143500000000000523e-04,-9.882941800000000221e-01,1.992821700000000085e-01,1.566235900000000070e-01,3.153848899999999733e-01,2.869296100000000016e-01,-2.042400500000000063e-01,3.225193999999999978e-02,1.373203799999999919e-01,-2.412818399999999974e-01,-5.097428000000000514e-01,3.255441199999999924e-01,-4.990035000000000304e-02,1.103843699999999955e-01,1.256290399999999974e-01,1.079630300000000015e-01,1.437673299999999987e-01,-2.221925020000000028e+00,9.699526400000000326e-01,-6.995110500000000231e-01,-2.440063199999999988e-01,-8.925977000000000217e-02,-2.448192800000000002e-01,9.419227199999999911e-01,-8.394544699999999526e-01,-6.178768900000000119e-01,5.019616500000000370e-01,4.972138000000000252e-02,1.825512300000000088e-01,-2.063333499999999987e-01,-4.490803199999999773e-01
2.907393930000000015e+00,-2.983214000000000143e-01,8.166521799999999498e-01,-8.233000000000000626e-05,-1.493889100000000136e-01,-3.875529999999999860e-03,-9.887709000000000081e-01,1.972914600000000018e-01,1.317785999999999957e-01,2.997939299999999863e-01,2.630830399999999902e-01,-2.032298899999999964e-01,3.371368000000000281e-02,1.340169300000000063e-01,-2.733184699999999800e-01,-5.399355900000000208e-01,3.462075600000000253e-01,-5.525833000000000134e-02,1.040007000000000015e-01,1.402732600000000107e-01,8.656745000000000412e-02,1.548839399999999977e-01,-2.235789060000000106e+00,9.577369100000000524e-01,-6.933380399999999888e-01,-2.430009999999999948e-01,-9.855998000000000536e-02,-2.433933000000000069e-01,9.709940599999999922e-01,-7.985233699999999546e-01,-5.868350300000000352e-01,5.464630099999999713e-01,7.045034000000000018e-02,1.868996599999999952e-01,-1.947801700000000025e-01,-4.109272999999999954e-01
2.909657960000000099e+00,-3.007439399999999874e-01,8.160191799999999551e-01,2.441810000000000161e-02,-1.473876399999999864e-01,-8.659959999999999533e-03,-9.887394299999999747e-01,1.941566799999999982e-01,1.073376100000000000e-01,2.835719899999999960e-01,2.396036500000000014e-01,-2.000057299999999927e-01,3.411141000000000173e-02,1.324702700000000011e-01,-3.051237500000000269e-01,-5.674042099999999644e-01,3.666131799999999830e-01,-6.161300000000000110e-02,9.692766999999999356e-02,1.540110600000000052e-01,6.440803999999999974e-02,1.640422500000000006e-01,-2.232658149999999786e+00,9.355346599999999624e-01,-6.780381199999999664e-01,-2.405677400000000021e-01,-1.106529499999999999e-01,-2.420655600000000129e-01,9.928868400000000483e-01,-7.555210599999999665e-01,-5.525679599999999692e-01,5.942982999999999461e-01,8.772812000000000665e-02,1.894004300000000085e-01,-1.809919200000000006e-01,-3.666715899999999917e-01
2.911664959999999969e+00,-3.025439400000000112e-01,8.152887800000000462e-01,5.125346000000000068e-02,-1.450825299999999873e-01,-1.362695000000000052e-02,-9.879971699999999801e-01,1.900507200000000063e-01,8.386427000000000465e-02,2.671718599999999832e-01,2.171376499999999876e-01,-1.949276000000000064e-01,3.368614999999999804e-02,1.324244699999999886e-01,-3.359701299999999780e-01,-5.910816199999999743e-01,3.869270399999999999e-01,-6.908662000000000136e-02,8.917295000000000083e-02,1.663622999999999907e-01,4.229520999999999975e-02,1.714933800000000008e-01,-2.215310339999999822e+00,9.047228099999999884e-01,-6.549553299999999467e-01,-2.374391999999999892e-01,-1.256239700000000015e-01,-2.413378100000000137e-01,1.008089779999999935e+00,-7.131555099999999925e-01,-5.171970099999999571e-01,6.445510399999999640e-01,1.006094399999999944e-01,1.905721599999999905e-01,-1.658692200000000116e-01,-3.187254999999999949e-01
2.913406129999999816e+00,-3.036473100000000036e-01,8.144445399999999946e-01,7.966539000000000259e-02,-1.425821600000000133e-01,-1.866543999999999842e-02,-9.863951800000000381e-01,1.851821499999999898e-01,6.191689000000000220e-02,2.511446800000000090e-01,1.963652499999999912e-01,-1.884207699999999874e-01,3.269182000000000338e-02,1.335232100000000033e-01,-3.652142600000000128e-01,-6.102229399999999915e-01,4.073274399999999851e-01,-7.782621000000000677e-02,8.074367000000000349e-02,1.768740099999999982e-01,2.091716999999999882e-02,1.776238699999999893e-01,-2.186046360000000188e+00,8.664622299999999999e-01,-6.255307799999999530e-01,-2.342083899999999885e-01,-1.435441199999999973e-01,-2.415705599999999897e-01,1.016900780000000060e+00,-6.736087800000000181e-01,-4.824745400000000073e-01,6.960989199999999544e-01,1.084118699999999935e-01,1.909449199999999902e-01,-1.502483199999999908e-01,-2.693608399999999903e-01
2.914884569999999897e+00,-3.039984099999999967e-01,8.134807899999999536e-01,1.087942600000000037e-01,-1.400263200000000097e-01,-2.366359999999999991e-02,-9.838681200000000127e-01,1.797602199999999983e-01,4.206026999999999683e-02,2.361127600000000049e-01,1.779879600000000006e-01,-1.809250400000000092e-01,3.135899000000000325e-02,1.353578300000000123e-01,-3.922785500000000036e-01,-6.244298200000000243e-01,4.278943499999999789e-01,-8.794151000000000051e-02,7.166844999999999466e-02,1.851506800000000119e-01,8.325900000000000228e-04,1.829008000000000023e-01,-2.146612639999999850e+00,8.216829900000000020e-01,-5.913068099999999605e-01,-2.312303800000000131e-01,-1.644972000000000101e-01,-2.429694500000000035e-01,1.019356609999999996e+00,-6.385403899999999577e-01,-4.497403500000000109e-01,7.477578499999999462e-01,1.107593099999999997e-01,1.910000299999999873e-01,-1.348514000000000101e-01,-2.205688100000000040e-01
2.916112420000000149e+00,-3.035597199999999773e-01,8.124053500000000261e-01,1.377207500000000029e-01,-1.375722100000000003e-01,-2.850572999999999996e-02,-9.804561699999999602e-01,1.739647199999999894e-01,2.486758999999999845e-02,2.227266300000000088e-01,1.627009399999999884e-01,-1.728527800000000114e-01,2.986870999999999970e-02,1.375193600000000071e-01,-4.166217700000000024e-01,-6.336298000000000208e-01,4.485159799999999808e-01,-9.944037000000000015e-02,6.202069999999999805e-02,1.908735900000000096e-01,-1.752189999999999998e-02,1.878087200000000123e-01,-2.098294019999999982e+00,7.711719900000000294e-01,-5.539731399999999750e-01,-2.285534700000000086e-01,-1.885836399999999968e-01,-2.455825399999999881e-01,1.015246270000000006e+00,-6.091698399999999625e-01,-4.199461600000000128e-01,7.984229900000000546e-01,1.076098500000000069e-01,1.911321300000000112e-01,-1.202590699999999957e-01,-1.739793599999999996e-01
2.917106630000000145e+00,-3.023116599999999821e-01,8.112419800000000292e-01,1.655150699999999864e-01,-1.353797499999999931e-01,-3.306912000000000046e-02,-9.763112099999999849e-01,1.679253300000000115e-01,1.091753999999999988e-02,2.116204799999999997e-01,1.511627399999999899e-01,-1.645544899999999977e-01,2.833938999999999903e-02,1.396439399999999942e-01,-4.377114500000000019e-01,-6.380231400000000441e-01,4.688398799999999866e-01,-1.121814000000000006e-01,5.193289999999999712e-02,1.938030699999999940e-01,-3.381931999999999994e-02,1.927921499999999955e-01,-2.041988369999999886e+00,7.156745799999999491e-01,-5.153809200000000201e-01,-2.258609400000000100e-01,-2.158406700000000122e-01,-2.492755200000000004e-01,1.004163270000000052e+00,-5.862386800000000120e-01,-3.936314899999999728e-01,8.471245200000000475e-01,9.928681999999999785e-02,1.916480100000000075e-01,-1.068886200000000036e-01,-1.307831700000000041e-01
2.917885070000000081e+00,-3.002531800000000084e-01,8.100295699999999766e-01,1.912874599999999925e-01,-1.335972699999999902e-01,-3.722272000000000081e-02,-9.716869000000000201e-01,1.617141199999999890e-01,7.786800000000000188e-04,2.033667899999999917e-01,1.439603000000000133e-01,-1.562997700000000045e-01,2.682688999999999907e-02,1.414453400000000027e-01,-4.550080899999999762e-01,-6.380072799999999544e-01,4.882757400000000136e-01,-1.258535199999999965e-01,4.160128999999999910e-02,1.937698900000000002e-01,-4.783202999999999760e-02,1.982072400000000068e-01,-1.978473069999999945e+00,6.560685600000000228e-01,-4.776012299999999877e-01,-2.224669200000000124e-01,-2.462167600000000067e-01,-2.537489499999999731e-01,9.856299800000000166e-01,-5.702051500000000495e-01,-3.710465700000000200e-01,8.931410300000000024e-01,8.644660999999999318e-02,1.927684799999999921e-01,-9.500200000000000311e-02,-9.176731000000000471e-02
2.918463710000000155e+00,-2.974032500000000079e-01,8.088197700000000490e-01,2.142327599999999943e-01,-1.323493900000000112e-01,-4.082840000000000080e-02,-9.669131600000000493e-01,1.553524400000000083e-01,-5.020120000000000311e-03,1.984352299999999902e-01,1.415718300000000096e-01,-1.482731599999999872e-01,2.533561000000000146e-02,1.427321099999999954e-01,-4.679675699999999994e-01,-6.340905999999999487e-01,5.060442099999999943e-01,-1.399853799999999926e-01,3.128132000000000135e-02,1.906623100000000015e-01,-5.942622999999999656e-02,2.042889699999999864e-01,-1.908524869999999929e+00,5.934642599999999657e-01,-4.428729100000000085e-01,-2.173400100000000001e-01,-2.794654699999999936e-01,-2.585352399999999995e-01,9.592218999999999607e-01,-5.612298799999999588e-01,-3.521721999999999908e-01,9.359935499999999520e-01,7.004162999999999362e-02,1.946633799999999970e-01,-8.471288999999999902e-02,-5.731999000000000122e-02
2.918854479999999807e+00,-2.938030400000000153e-01,8.076717900000000006e-01,2.336641600000000096e-01,-1.317275900000000055e-01,-4.374556999999999751e-02,-9.623592499999999994e-01,1.488276600000000005e-01,-6.031850000000000059e-03,1.971556499999999879e-01,1.443321700000000096e-01,-1.405848899999999901e-01,2.383677000000000018e-02,1.434083999999999914e-01,-4.760645000000000016e-01,-6.268091199999999974e-01,5.212620500000000323e-01,-1.539812799999999982e-01,2.127452000000000162e-02,1.844168599999999880e-01,-6.856086000000000125e-02,2.111362999999999990e-01,-1.833038570000000034e+00,5.292611099999999791e-01,-4.135050800000000248e-01,-2.091851700000000036e-01,-3.150820100000000235e-01,-2.630235300000000054e-01,9.246938799999999681e-01,-5.592147699999999721e-01,-3.367776900000000184e-01,9.754331099999999921e-01,5.123707999999999735e-02,1.974866399999999911e-01,-7.600540999999999547e-02,-2.747857999999999898e-02
2.919063570000000052e+00,-2.895184199999999985e-01,8.066462899999999880e-01,2.490331699999999981e-01,-1.317836500000000022e-01,-4.583899999999999780e-02,-9.583915499999999810e-01,1.421169899999999986e-01,-1.942149999999999909e-03,1.996910899999999878e-01,1.524001200000000000e-01,-1.332922900000000077e-01,2.228880000000000097e-02,1.434613899999999942e-01,-4.788335899999999756e-01,-6.166560599999999503e-01,5.330445200000000217e-01,-1.671780599999999894e-01,1.191006000000000009e-02,1.750176300000000074e-01,-7.528770999999999380e-02,2.187144900000000114e-01,-1.753082629999999975e+00,4.651273499999999950e-01,-3.917222899999999730e-01,-1.965751799999999883e-01,-3.522832399999999975e-01,-2.665078300000000011e-01,8.820812700000000284e-01,-5.638384199999999513e-01,-3.244819899999999979e-01,1.011406779999999950e+00,3.129818000000000183e-02,2.014038900000000021e-01,-6.876113000000000364e-02,-1.997249999999999893e-03
2.919090510000000194e+00,-2.846419499999999769e-01,8.057982900000000281e-01,2.599370200000000186e-01,-1.325257699999999872e-01,-4.698867999999999795e-02,-9.553332900000000016e-01,1.352116600000000113e-01,7.381920000000000148e-03,2.060230700000000026e-01,1.657350499999999949e-01,-1.264265300000000092e-01,2.065666999999999850e-02,1.429404300000000072e-01,-4.759216900000000083e-01,-6.040335900000000091e-01,5.406084100000000392e-01,-1.789116099999999987e-01,3.522340000000000106e-03,1.625052999999999914e-01,-7.974717000000000611e-02,2.268734299999999871e-01,-1.669878479999999943e+00,4.028952399999999878e-01,-3.794666500000000164e-01,-1.781223299999999954e-01,-3.900469799999999876e-01,-2.682557099999999806e-01,8.317534300000000158e-01,-5.745813300000000012e-01,-3.148087900000000050e-01,1.044009449999999894e+00,1.146395000000000053e-02,2.066052999999999917e-01,-6.278836999999999613e-02,1.958065999999999973e-02
2.918929340000000039e+00,-2.792933599999999905e-01,8.051705399999999901e-01,2.661161699999999852e-01,-1.339173200000000064e-01,-4.710044000000000036e-02,-9.534305899999999667e-01,1.281362000000000056e-01,2.185288999999999981e-02,2.159510400000000108e-01,1.840834799999999938e-01,-1.200195800000000007e-01,1.892610999999999946e-02,1.419327999999999979e-01,-4.671412400000000131e-01,-5.892307799999999540e-01,5.433589199999999675e-01,-1.885824399999999901e-01,-3.572930000000000203e-03,1.469925800000000116e-01,-8.215575999999999435e-02,2.353774299999999986e-01,-1.584754940000000056e+00,3.444068100000000077e-01,-3.782025299999999812e-01,-1.526711000000000040e-01,-4.272166800000000153e-01,-2.675952899999999857e-01,7.744242000000000070e-01,-5.907763200000000214e-01,-3.072515100000000055e-01,1.073439360000000065e+00,-7.178580000000000377e-03,2.132994099999999948e-01,-5.785527000000000031e-02,3.783867999999999954e-02
2.918569800000000214e+00,-2.736181300000000149e-01,8.047892500000000116e-01,2.674458000000000113e-01,-1.358776800000000007e-01,-4.611545999999999701e-02,-9.528291199999999739e-01,1.209591599999999961e-01,4.114422000000000218e-02,2.291079900000000114e-01,2.069808399999999993e-01,-1.141273200000000043e-01,1.711307999999999926e-02,1.405413699999999988e-01,-4.525140200000000168e-01,-5.724281700000000139e-01,5.409493399999999452e-01,-1.957108499999999918e-01,-9.102400000000000074e-03,1.286809299999999989e-01,-8.278285999999999978e-02,2.439412599999999931e-01,-1.499076129999999951e+00,2.913329299999999900e-01,-3.887549900000000225e-01,-1.194817700000000010e-01,-4.626540199999999992e-01,-2.640048899999999921e-01,7.111161900000000369e-01,-6.116658400000000162e-01,-3.013358400000000215e-01,1.099960089999999946e+00,-2.379797000000000162e-02,2.216913600000000040e-01,-5.372169999999999723e-02,5.340647999999999923e-02
2.917998079999999828e+00,-2.677833099999999966e-01,8.046616899999999850e-01,2.639249599999999862e-01,-1.382862900000000062e-01,-4.401739999999999819e-02,-9.535633300000000423e-01,1.137953000000000020e-01,6.469577999999999440e-02,2.449923200000000134e-01,2.337677800000000083e-01,-1.088463199999999964e-01,1.526805000000000002e-02,1.388661900000000005e-01,-4.322973800000000089e-01,-5.537249400000000543e-01,5.333089199999999641e-01,-1.999739299999999942e-01,-1.285618999999999998e-02,1.078724199999999966e-01,-8.191803999999999752e-02,2.522674799999999884e-01,-1.414077760000000072e+00,2.449642700000000117e-01,-4.111817799999999967e-01,-7.836521000000000459e-02,-4.953930100000000225e-01,-2.571740399999999926e-01,6.430621100000000201e-01,-6.363916400000000362e-01,-2.966263900000000175e-01,1.123841400000000101e+00,-3.787635999999999781e-02,2.319508200000000020e-01,-5.015639999999999682e-02,6.692046999999999579e-02
2.917200330000000008e+00,-2.619708499999999773e-01,8.047766100000000034e-01,2.556659000000000015e-01,-1.409895300000000018e-01,-4.083611000000000185e-02,-9.555571099999999873e-01,1.068013200000000051e-01,9.174301999999999457e-02,2.630122899999999819e-01,2.636203200000000191e-01,-1.043240200000000034e-01,1.347760999999999924e-02,1.369918099999999916e-01,-4.069888600000000078e-01,-5.331811300000000031e-01,5.206403699999999635e-01,-2.012197699999999922e-01,-1.470371999999999998e-02,8.497206000000000203e-02,-7.983345999999999498e-02,2.600793200000000027e-01,-1.330822230000000106e+00,2.061016099999999907e-01,-4.447586499999999776e-01,-2.976526000000000172e-02,-5.247911200000000553e-01,-2.470529999999999948e-01,5.716215999999999520e-01,-6.640627999999999531e-01,-2.927747399999999778e-01,1.145337940000000110e+00,-4.923518000000000339e-02,2.441801600000000072e-01,-4.695736999999999828e-02,7.896435000000000259e-02
2.916162969999999799e+00,-2.563691399999999954e-01,8.051071199999999539e-01,2.428843499999999989e-01,-1.438112400000000068e-01,-3.664724999999999927e-02,-9.586357500000000087e-01,1.001673599999999970e-01,1.213655800000000007e-01,2.825376399999999788e-01,2.955911500000000247e-01,-1.007618500000000000e-01,1.186326000000000047e-02,1.349786500000000056e-01,-3.773083099999999801e-01,-5.108651499999999901e-01,5.033945399999999459e-01,-1.994599099999999903e-01,-1.460189999999999926e-02,6.047585999999999934e-02,-7.675057999999999880e-02,2.671454799999999907e-01,-1.250151400000000024e+00,1.750074299999999916e-01,-4.880432199999999998e-01,2.523838999999999944e-02,-5.506164399999999848e-01,-2.338565999999999978e-01,4.981916000000000122e-01,-6.937803599999999848e-01,-2.895299800000000201e-01,1.164655449999999925e+00,-5.801806999999999798e-02,2.583968600000000060e-01,-4.396040999999999838e-02,9.004307000000000283e-02
2.914876940000000083e+00,-2.511634500000000103e-01,8.056147700000000356e-01,2.258907300000000118e-01,-1.465662399999999865e-01,-3.156832999999999861e-02,-9.625462299999999471e-01,9.410954000000000541e-02,1.525453499999999962e-01,3.029523199999999972e-01,3.286563499999999860e-01,-9.841244999999999854e-02,1.057839000000000002e-02,1.328572600000000048e-01,-3.441614800000000196e-01,-4.868976799999999994e-01,4.822275899999999837e-01,-1.948446500000000081e-01,-1.259445000000000009e-02,3.494922000000000306e-02,-7.281517999999999324e-02,2.732936100000000201e-01,-1.172684309999999952e+00,1.514467700000000083e-01,-5.390087999999999546e-01,8.500773000000000357e-02,-5.730629000000000417e-01,-2.180335499999999926e-01,4.241345200000000148e-01,-7.246605200000000302e-01,-2.867428399999999988e-01,1.181926730000000036e+00,-6.463642999999999472e-02,2.745353300000000218e-01,-4.104073999999999917e-02,1.005681300000000056e-01
2.913337230000000222e+00,-2.465267899999999957e-01,8.062545700000000037e-01,2.050810000000000133e-01,-1.490763599999999911e-01,-2.575144000000000044e-02,-9.669823600000000408e-01,8.886412000000000477e-02,1.842260199999999903e-01,3.237009000000000136e-01,3.617642200000000252e-01,-9.756884999999999863e-02,9.801900000000000543e-03,1.306231800000000054e-01,-3.085906199999999822e-01,-4.614892600000000122e-01,4.579498200000000074e-01,-1.876257199999999958e-01,-8.802110000000000142e-03,8.995329999999999299e-03,-6.808722000000000385e-02,2.784158600000000150e-01,-1.098849420000000077e+00,1.348072899999999963e-01,-5.952307000000000015e-01,1.474860000000000060e-01,-5.926867099999999500e-01,-2.002049499999999926e-01,3.507363199999999903e-01,-7.558547300000000302e-01,-2.843669999999999809e-01,1.197190049999999895e+00,-6.970226999999999673e-02,2.924498300000000217e-01,-3.811284999999999673e-02,1.108459200000000006e-01
2.911545990000000028e+00,-2.426117999999999886e-01,8.069796599999999875e-01,1.809272799999999959e-01,-1.511866199999999938e-01,-1.937414999999999971e-02,-9.716134100000000107e-01,8.468485000000000595e-02,2.153654999999999875e-01,3.443248899999999946e-01,3.938810200000000261e-01,-9.854501000000000233e-02,9.727450000000000332e-03,1.282301100000000083e-01,-2.717214800000000152e-01,-4.349658200000000030e-01,4.314787999999999957e-01,-1.781171000000000004e-01,-3.406489999999999865e-03,-1.678471999999999950e-02,-6.254780999999999536e-02,2.824655799999999939e-01,-1.028945089999999896e+00,1.242659299999999967e-01,-6.541020899999999694e-01,2.103812700000000091e-01,-6.102786700000000231e-01,-1.810822300000000107e-01,2.791915500000000105e-01,-7.865540399999999543e-01,-2.824493599999999827e-01,1.210361840000000022e+00,-7.394515999999999589e-02,3.119398400000000238e-01,-3.512933000000000028e-02,1.210665300000000055e-01
2.909511329999999951e+00,-2.395449299999999893e-01,8.077457000000000109e-01,1.539681099999999914e-01,-1.527804899999999910e-01,-1.262997000000000078e-02,-9.761108800000000141e-01,8.184218000000000048e-02,2.449772100000000008e-01,3.644882700000000031e-01,4.240297399999999883e-01,-1.016469900000000065e-01,1.054811999999999937e-02,1.255825000000000136e-01,-2.347136599999999906e-01,-4.077862500000000168e-01,4.037980700000000089e-01,-1.666609599999999969e-01,3.367980000000000019e-03,-4.183288000000000284e-02,-5.612281000000000214e-02,2.854519200000000256e-01,-9.632004499999999858e-01,1.189623499999999945e-01,-7.130436300000000394e-01,2.713673699999999966e-01,-6.267025499999999694e-01,-1.613839400000000035e-01,2.106038500000000091e-01,-8.159940199999999866e-01,-2.811222999999999916e-01,1.221218469999999945e+00,-7.813211999999999935e-02,3.327714199999999845e-01,-3.208234000000000086e-02,1.312860499999999875e-01
2.907248019999999933e+00,-2.374229599999999885e-01,8.085135799999999540e-01,1.247988099999999961e-01,-1.537908199999999947e-01,-5.719519999999999639e-03,-9.801738899999999921e-01,8.062060999999999533e-02,2.721597000000000044e-01,3.839914200000000277e-01,4.513202599999999731e-01,-1.071342799999999984e-01,1.243514000000000078e-02,1.225286599999999976e-01,-1.987189799999999895e-01,-3.805529200000000167e-01,3.759230700000000258e-01,-1.536045699999999958e-01,1.127019999999999932e-02,-6.567319000000000628e-02,-4.872005000000000086e-02,2.874338000000000171e-01,-9.018219699999999728e-01,1.181410799999999955e-01,-7.696855700000000411e-01,3.282770199999999750e-01,-6.427334000000000103e-01,-1.417648900000000045e-01,1.459906699999999891e-01,-8.434537600000000523e-01,-2.805948600000000015e-01,1.229383349999999986e+00,-8.299383999999999928e-02,3.546900199999999947e-01,-2.901027000000000119e-02,1.413995299999999955e-01
2.904775139999999922e+00,-2.363114400000000115e-01,8.092524399999999618e-01,9.406262999999999430e-02,-1.542059000000000069e-01,1.156810000000000086e-03,-9.835504299999999755e-01,8.131069999999999964e-02,2.961167399999999894e-01,4.027720699999999820e-01,4.749719199999999919e-01,-1.151753999999999972e-01,1.551286999999999978e-02,1.188582299999999953e-01,-1.648482400000000070e-01,-3.540124299999999891e-01,3.488681900000000224e-01,-1.392881900000000062e-01,2.003399999999999972e-02,-8.794498000000000593e-02,-4.027213999999999794e-02,2.885176500000000144e-01,-8.450136799999999893e-01,1.212362200000000056e-01,-8.220063399999999465e-01,3.792654899999999829e-01,-6.589224299999999479e-01,-1.227693900000000060e-01,8.628352999999999717e-02,-8.682506100000000338e-01,-2.811423200000000011e-01,1.234321950000000001e+00,-8.915873000000000548e-02,3.774186700000000116e-01,-2.600919000000000147e-02,1.511041800000000046e-01
2.902115109999999998e+00,-2.362448600000000010e-01,8.099403400000000364e-01,6.244227000000000111e-02,-1.540684599999999904e-01,7.804560000000000317e-03,-9.860542399999999708e-01,8.419264999999999388e-02,3.161707200000000162e-01,4.208961099999999900e-01,4.943271900000000274e-01,-1.258030800000000116e-01,1.983216999999999966e-02,1.143074099999999982e-01,-1.341440499999999869e-01,-3.290442199999999984e-01,3.236067899999999775e-01,-1.240410200000000018e-01,2.938556999999999975e-02,-1.084263099999999980e-01,-3.077705999999999845e-02,2.888569500000000012e-01,-7.929696999999999996e-01,1.278885600000000122e-01,-8.684215499999999865e-01,4.229289900000000046e-01,-6.755095100000000352e-01,-1.048131600000000024e-01,3.231925000000000076e-02,-8.897290199999999816e-01,-2.830911600000000083e-01,1.235349770000000014e+00,-9.709284999999999444e-02,4.006396500000000138e-01,-2.324704999999999827e-02,1.598568700000000120e-01
2.899291750000000167e+00,-2.372274000000000049e-01,8.105651699999999460e-01,3.065148999999999999e-02,-1.534681200000000134e-01,1.403953999999999966e-02,-9.875782699999999803e-01,8.951130000000000198e-02,3.317725699999999889e-01,4.385342899999999933e-01,5.088571299999999908e-01,-1.388770599999999966e-01,2.534712999999999897e-02,1.085758299999999982e-01,-1.075545400000000040e-01,-3.066294500000000256e-01,3.010179700000000236e-01,-1.081794400000000017e-01,3.904865999999999893e-02,-1.270424599999999959e-01,-2.032988999999999977e-02,2.886522400000000044e-01,-7.458466299999999549e-01,1.379037499999999916e-01,-9.078225500000000059e-01,4.583702100000000002e-01,-6.923903799999999720e-01,-8.819359999999999700e-02,-1.517649000000000081e-02,-9.072446800000000255e-01,-2.867979700000000132e-01,1.231654049999999945e+00,-1.070479800000000009e-01,4.239650999999999836e-01,-2.097517999999999952e-02,1.668441099999999899e-01
2.896329880000000134e+00,-2.392340500000000036e-01,8.111243799999999782e-01,-5.763100000000000167e-04,-1.525282599999999988e-01,1.969163000000000163e-02,-9.881027900000000086e-01,9.744374000000000091e-02,3.425092699999999768e-01,4.559249300000000060e-01,5.181609400000000143e-01,-1.540630199999999950e-01,3.190015000000000212e-02,1.013548199999999982e-01,-8.590396000000000143e-02,-2.877930400000000000e-01,2.818187200000000225e-01,-9.200358000000000147e-02,4.875020000000000048e-02,-1.438585699999999912e-01,-9.140739999999999629e-03,2.881473900000000032e-01,-7.037278399999999934e-01,1.511720000000000008e-01,-9.395733499999999738e-01,4.852097000000000215e-01,-7.091347000000000067e-01,-7.312079999999999969e-02,-5.560874999999999846e-02,-9.201456300000000477e-01,-2.926203600000000238e-01,1.222335100000000008e+00,-1.190155600000000063e-01,4.469038000000000177e-01,-1.953020000000000103e-02,1.709735799999999861e-01
2.893255710000000036e+00,-2.422115999999999991e-01,8.116240500000000413e-01,-3.050328000000000067e-02,-1.513884100000000010e-01,2.460864999999999927e-02,-9.876970600000000156e-01,1.080618400000000062e-01,3.481111199999999961e-01,4.733227199999999746e-01,5.219644900000000032e-01,-1.708347500000000074e-01,3.921979999999999911e-02,9.236671000000000464e-02,-6.985758999999999719e-02,-2.735166800000000120e-01,2.664888499999999993e-01,-7.578690999999999900e-02,5.822854000000000224e-02,-1.590561699999999967e-01,2.465989999999999936e-03,2.876163999999999943e-01,-6.665930700000000098e-01,1.675758699999999879e-01,-9.634746299999999986e-01,5.035489800000000349e-01,-7.250459799999999788e-01,-5.975828999999999863e-02,-8.853170000000000484e-02,-9.277562499999999490e-01,-3.008798100000000253e-01,1.206467989999999935e+00,-1.326911000000000063e-01,4.688394100000000120e-01,-1.932033000000000014e-02,1.709083200000000025e-01
2.890098089999999953e+00,-2.460797000000000123e-01,8.120769300000000301e-01,-5.840863000000000305e-02,-1.501854499999999981e-01,2.866076000000000040e-02,-9.865147499999999958e-01,1.212970300000000001e-01,3.484583800000000120e-01,4.909369599999999778e-01,5.201197300000000023e-01,-1.885015499999999899e-01,4.693413999999999919e-02,8.140944999999999432e-02,-5.988237999999999894e-02,-2.646265300000000265e-01,2.552069100000000090e-01,-5.976284999999999931e-02,6.724542000000000019e-02,-1.728928700000000040e-01,1.407096000000000041e-02,2.873404600000000197e-01,-6.343016599999999894e-01,1.869116299999999953e-01,-9.797085500000000113e-01,5.138955699999999682e-01,-7.392461900000000252e-01,-4.826132999999999812e-02,-1.136646199999999940e-01,-9.293710600000000266e-01,-3.118198799999999937e-01,1.183189030000000086e+00,-1.474556599999999884e-01,4.890258000000000105e-01,-2.078991000000000172e-02,1.651601799999999898e-01
2.886892319999999845e+00,-2.507322399999999951e-01,8.125001800000000163e-01,-8.361470999999999487e-02,-1.490351900000000118e-01,3.174514999999999976e-02,-9.847788800000000231e-01,1.369111199999999973e-01,3.435867699999999858e-01,5.088652999999999649e-01,5.126128800000000485e-01,-2.062600400000000056e-01,5.460021999999999792e-02,6.840092000000000394e-02,-5.620834999999999720e-02,-2.616705599999999965e-01,2.478180399999999894e-01,-4.411161000000000248e-02,7.559739999999999516e-02,-1.856531200000000048e-01,2.519512000000000140e-02,2.875758999999999954e-01,-6.065944399999999570e-01,2.088407899999999984e-01,-9.887760300000000280e-01,5.170640899999999762e-01,-7.507736099999999801e-01,-3.880151999999999907e-02,-1.309077399999999947e-01,-9.242655600000000415e-01,-3.255644100000000263e-01,1.151805879999999949e+00,-1.623827200000000082e-01,5.066108700000000464e-01,-2.436309999999999865e-02,1.522484000000000059e-01
2.883681539999999988e+00,-2.560396500000000075e-01,8.129128799999999488e-01,-1.055169100000000054e-01,-1.480180600000000068e-01,3.379047000000000300e-02,-9.827588800000000013e-01,1.544811600000000062e-01,3.336915100000000245e-01,5.270353599999999528e-01,4.995806199999999753e-01,-2.232623699999999878e-01,6.174617999999999773e-02,5.341408000000000267e-02,-5.879956000000000071e-02,-2.648056999999999772e-01,2.438543400000000028e-01,-2.895628999999999911e-02,8.312437999999999771e-02,-1.975942699999999885e-01,3.534671999999999814e-02,2.885167599999999832e-01,-5.831090799999999463e-01,2.328796700000000108e-01,-9.914306999999999981e-01,5.140679500000000512e-01,-7.586759299999999984e-01,-3.157187999999999661e-02,-1.403601600000000116e-01,-9.117323200000000405e-01,-3.420852999999999811e-01,1.111920599999999926e+00,-1.762829399999999991e-01,5.206909199999999460e-01,-3.037209000000000089e-02,1.309136300000000031e-01
2.880519150000000028e+00,-2.618528299999999809e-01,8.133335099999999818e-01,-1.236129299999999959e-01,-1.471700699999999862e-01,3.476003999999999899e-02,-9.807407900000000289e-01,1.734028599999999920e-01,3.191266400000000170e-01,5.451651800000000270e-01,4.813336699999999913e-01,-2.386925199999999914e-01,6.792141999999999624e-02,3.669681000000000332e-02,-6.734323000000000392e-02,-2.737207400000000179e-01,2.426183100000000037e-01,-1.437441000000000066e-02,8.970938999999999997e-02,-2.088972299999999893e-01,4.407152000000000291e-02,2.902598699999999754e-01,-5.634068800000000543e-01,2.584242199999999823e-01,-9.886203399999999863e-01,5.060156000000000098e-01,-7.620947399999999927e-01,-2.677084000000000061e-02,-1.423429400000000011e-01,-8.911379600000000067e-01,-3.611817099999999892e-01,1.063561439999999969e+00,-1.877837499999999993e-01,5.303889499999999702e-01,-3.898064999999999863e-02,1.003680400000000056e-01
2.877466679999999943e+00,-2.680081699999999900e-01,8.137780399999999803e-01,-1.375283399999999989e-01,-1.464807700000000101e-01,3.465304999999999774e-02,-9.789936500000000485e-01,1.929170900000000133e-01,3.003974600000000050e-01,5.627530800000000166e-01,4.583789999999999809e-01,-2.518386499999999972e-01,7.274693000000000132e-02,1.867148999999999892e-02,-8.126326000000000382e-02,-2.876136300000000090e-01,2.433224200000000115e-01,-4.268499999999999942e-04,9.527006000000000363e-02,-2.196284099999999961e-01,5.099851999999999858e-02,2.927789100000000033e-01,-5.470029100000000088e-01,2.848008300000000048e-01,-9.814297600000000399e-01,4.940220399999999956e-01,-7.603314500000000198e-01,-2.457076000000000052e-02,-1.374248100000000083e-01,-8.620033299999999565e-01,-3.824710499999999791e-01,1.007286310000000018e+00,-1.954529999999999879e-01,5.349447699999999584e-01,-5.011821999999999805e-02,6.053875000000000228e-02
2.874592069999999833e+00,-2.743342200000000175e-01,8.142586899999999517e-01,-1.470352000000000048e-01,-1.458975700000000042e-01,3.350303999999999782e-02,-9.777382599999999702e-01,2.121578199999999970e-01,2.781418900000000027e-01,5.791034099999999851e-01,4.314325500000000257e-01,-2.621527300000000005e-01,7.595894000000000257e-02,-8.634999999999999826e-05,-9.976037999999999573e-02,-3.052378600000000275e-01,2.452598500000000015e-01,1.279854000000000061e-02,9.974185000000000689e-02,-2.297189699999999946e-01,5.587331999999999715e-02,2.959149500000000099e-01,-5.333934999999999649e-01,3.113305900000000181e-01,-9.710226699999999767e-01,4.791414700000000138e-01,-7.528893899999999917e-01,-2.508027000000000173e-02,-1.264367000000000130e-01,-8.240757600000000460e-01,-4.054247400000000057e-01,9.442701900000000093e-01,-1.979402600000000068e-01,5.338152099999999844e-01,-6.344703999999999622e-02,1.224511000000000002e-02
2.871963019999999922e+00,-2.806589299999999731e-01,8.147835100000000441e-01,-1.520625800000000027e-01,-1.453362400000000054e-01,3.137372000000000077e-02,-9.771233799999999858e-01,2.302192000000000127e-01,2.531000099999999864e-01,5.933882600000000007e-01,4.014121900000000021e-01,-2.692882999999999805e-01,7.743819000000000397e-02,-1.888789000000000093e-02,-1.218748000000000054e-01,-3.250151299999999854e-01,2.479683500000000040e-01,2.513922999999999852e-02,1.030601500000000031e-01,-2.389617699999999900e-01,5.857393000000000322e-02,2.993859400000000170e-01,-5.220785100000000511e-01,3.373907800000000012e-01,-9.585776299999999583e-01,4.623226500000000017e-01,-7.395007000000000108e-01,-2.831076000000000079e-02,-1.104710599999999959e-01,-7.774076500000000056e-01,-4.293893300000000135e-01,8.762988999999999917e-01,-1.941439399999999871e-01,5.267463900000000088e-01,-7.836339999999999972e-02,-4.272375999999999951e-02
2.869639869999999870e+00,-2.868170999999999915e-01,8.153560199999999591e-01,-1.526978300000000066e-01,-1.446951900000000013e-01,2.835241999999999971e-02,-9.772117700000000351e-01,2.462330600000000036e-01,2.260721499999999995e-01,6.047378199999999815e-01,3.694044599999999900e-01,-2.731146799999999986e-01,7.722067000000000514e-02,-3.698243999999999837e-02,-1.465616799999999997e-01,-3.452005100000000160e-01,2.513407200000000175e-01,3.631807000000000091e-02,1.051476600000000039e-01,-2.470284399999999880e-01,5.910653999999999908e-02,3.028151399999999827e-01,-5.125773000000000135e-01,3.624650200000000266e-01,-9.452156400000000236e-01,4.443879099999999971e-01,-7.201321699999999604e-01,-3.415605000000000030e-02,-9.085013999999999590e-02,-7.224028700000000303e-01,-4.536341999999999874e-01,8.056967299999999721e-01,-1.833581200000000133e-01,5.138207700000000377e-01,-9.404732999999999843e-02,-1.016786999999999969e-01
2.867669110000000021e+00,-2.926567800000000052e-01,8.159756099999999623e-01,-1.491791199999999984e-01,-1.438716800000000018e-01,2.454202000000000120e-02,-9.779796600000000284e-01,2.594449500000000075e-01,1.978698100000000071e-01,6.123464100000000077e-01,3.366076399999999857e-01,-2.737059900000000101e-01,7.548786999999999858e-02,-5.361406999999999978e-02,-1.727689099999999978e-01,-3.640759900000000160e-01,2.556509399999999932e-01,4.592381999999999714e-02,1.059125999999999956e-01,-2.535019800000000156e-01,5.758358000000000226e-02,3.057759700000000080e-01,-5.044354199999999677e-01,3.861709799999999970e-01,-9.319173699999999672e-01,4.260284300000000135e-01,-6.949856300000000209e-01,-4.239064000000000026e-02,-6.905434000000000572e-02,-6.598323600000000067e-01,-4.773960400000000215e-01,7.351650600000000368e-01,-1.653857499999999980e-01,4.954629199999999734e-01,-1.095503599999999994e-01,-1.612551399999999913e-01
2.866075749999999811e+00,-2.980443500000000134e-01,8.166371000000000047e-01,-1.418796900000000027e-01,-1.427777000000000074e-01,2.005248000000000100e-02,-9.793276199999999543e-01,2.692772399999999733e-01,1.692660599999999960e-01,6.155768600000000035e-01,3.042560799999999843e-01,-2.713085700000000267e-01,7.253785000000000094e-02,-6.807560000000000000e-02,-1.995052499999999951e-01,-3.801412299999999966e-01,2.614791100000000146e-01,5.342216000000000325e-02,1.052614600000000011e-01,-2.579188600000000275e-01,5.418968999999999869e-02,3.078449699999999956e-01,-4.972260900000000095e-01,4.082713700000000223e-01,-9.194406299999999810e-01,4.078188500000000105e-01,-6.644837900000000186e-01,-5.268515000000000004e-02,-4.660940000000000222e-02,-5.908116700000000110e-01,-4.999157499999999921e-01,6.675463299999999656e-01,-1.405929200000000101e-01,4.724021600000000154e-01,-1.239074899999999951e-01,-2.177662800000000065e-01
2.864862440000000010e+00,-3.028679200000000127e-01,8.173307199999999550e-01,-1.312844300000000075e-01,-1.413531799999999949e-01,1.499351999999999976e-02,-9.811008599999999635e-01,2.753681199999999940e-01,1.409546399999999922e-01,6.140489599999999770e-01,2.735415999999999959e-01,-2.662939100000000225e-01,6.874246000000000523e-02,-7.975414000000000114e-02,-2.258908599999999989e-01,-3.922738100000000006e-01,2.695491600000000099e-01,5.819992999999999694e-02,1.031239600000000006e-01,-2.598160800000000048e-01,4.914287999999999990e-02,3.086556200000000194e-01,-4.905406500000000225e-01,4.286546999999999996e-01,-9.082386500000000362e-01,3.902336399999999927e-01,-6.292681700000000156e-01,-6.463721999999999523e-02,-2.494974000000000150e-02,-5.167467000000000033e-01,-5.204617999999999745e-01,6.055411699999999620e-01,-1.098957099999999937e-01,4.455996500000000138e-01,-1.362524499999999972e-01,-2.676332599999999839e-01
2.864008670000000034e+00,-3.070385500000000212e-01,8.180412099999999631e-01,-1.179610400000000031e-01,-1.395749699999999927e-01,9.469609999999999833e-03,-9.831146600000000291e-01,2.775805299999999920e-01,1.135261899999999990e-01,6.076986199999999672e-01,2.455447600000000008e-01,-2.591057099999999891e-01,6.449747000000000119e-02,-8.816470999999999336e-02,-2.511858000000000146e-01,-3.998364799999999941e-01,2.805148399999999875e-01,5.963659000000000321e-02,9.948376999999999915e-02,-2.587771999999999850e-01,4.266023000000000037e-02,3.079470400000000052e-01,-4.839737100000000014e-01,4.473050800000000216e-01,-8.984012000000000109e-01,3.736708200000000146e-01,-5.901920800000000078e-01,-7.780566999999999345e-02,-5.272259999999999967e-03,-4.392577699999999918e-01,-5.383413400000000015e-01,5.514184199999999647e-01,-7.467720999999999387e-02,4.161520300000000061e-01,-1.459139700000000039e-01,-3.078176100000000193e-01
2.863475320000000046e+00,-3.104902199999999834e-01,8.187475199999999509e-01,-1.025276900000000047e-01,-1.374608900000000022e-01,3.578480000000000202e-03,-9.851800800000000136e-01,2.759799399999999792e-01,8.746676000000000450e-02,5.968024699999999738e-01,2.211860900000000019e-01,-2.502063500000000218e-01,6.017190000000000039e-02,-9.297120000000000384e-02,-2.747987499999999805e-01,-4.027204200000000234e-01,2.947472600000000109e-01,5.719243999999999717e-02,9.440621999999999903e-02,-2.544733000000000134e-01,3.493467000000000100e-02,3.055996000000000268e-01,-4.771043999999999841e-01,4.642635299999999798e-01,-8.896272200000000518e-01,3.584758000000000111e-01,-5.483125399999999594e-01,-9.174102000000000645e-02,1.159455000000000034e-02,-3.600933299999999893e-01,-5.529013299999999687e-01,5.067643499999999745e-01,-3.664943999999999841e-02,3.851893499999999859e-01,-1.524767999999999957e-01,-3.361797300000000099e-01
2.863212820000000214e+00,-3.131784200000000129e-01,8.194227200000000488e-01,-8.562060000000000504e-02,-1.350685799999999936e-01,-2.586259999999999948e-03,-9.871265900000000260e-01,2.707903400000000183e-01,6.317475000000000174e-02,5.819607399999999764e-01,2.011988899999999914e-01,-2.400333900000000131e-01,5.606621999999999995e-02,-9.399575999999999765e-02,-2.962779099999999777e-01,-4.013185499999999961e-01,3.121758099999999980e-01,5.049846000000000196e-02,8.805614999999999970e-02,-2.466957300000000020e-01,2.612702000000000080e-02,3.016532100000000050e-01,-4.694804799999999778e-01,4.795943799999999868e-01,-8.812403100000000267e-01,3.449617600000000062e-01,-5.048686900000000088e-01,-1.060065000000000035e-01,2.528613000000000041e-02,-2.810393900000000000e-01,-5.635386100000000509e-01,4.723164100000000198e-01,2.320819999999999914e-03,3.537854300000000118e-01,-1.558010999999999979e-01,-3.517032900000000017e-01
2.863169430000000126e+00,-3.150778699999999821e-01,8.200342699999999541e-01,-6.786462999999999524e-02,-1.324897899999999962e-01,-8.929070000000000756e-03,-9.888180500000000039e-01,2.623334500000000236e-01,4.100364000000000092e-02,5.640566900000000272e-01,1.861276199999999936e-01,-2.289670299999999881e-01,5.238327000000000261e-02,-9.121764000000000261e-02,-3.152926600000000024e-01,-3.964487600000000111e-01,3.322224899999999814e-01,3.942820999999999826e-02,8.069424000000000041e-02,-2.353837199999999907e-01,1.637695000000000123e-02,2.963113800000000131e-01,-4.606053800000000087e-01,4.933552999999999966e-01,-8.722507999999999928e-01,3.334219800000000067e-01,-4.612487599999999799e-01,-1.201881999999999950e-01,3.593640000000000029e-02,-2.038530000000000064e-01,-5.696919000000000288e-01,4.478830400000000100e-01,4.038283000000000150e-02,3.228808899999999760e-01,-1.559957299999999991e-01,-3.545458300000000063e-01
2.863299850000000202e+00,-3.161805899999999836e-01,8.205457900000000526e-01,-4.984867999999999938e-02,-1.298410899999999923e-01,-1.534419000000000061e-02,-9.901620700000000053e-01,2.509698300000000049e-01,2.130763000000000101e-02,5.441847399999999446e-01,1.763331599999999888e-01,-2.173110400000000109e-01,4.921455999999999747e-02,-8.476667999999999703e-02,-3.316105599999999987e-01,-3.892319200000000090e-01,3.538480700000000145e-01,2.413877999999999857e-02,7.265602999999999645e-02,-2.206444100000000130e-01,5.824639999999999852e-03,2.899252800000000074e-01,-4.499387400000000037e-01,5.055697599999999792e-01,-8.614559800000000100e-01,3.241293100000000038e-01,-4.189248099999999808e-01,-1.338945199999999891e-01,4.414266000000000023e-02,-1.301875899999999919e-01,-5.708810699999999905e-01,4.324097000000000079e-01,7.586379000000000039e-02,2.932402199999999959e-01,-1.533676999999999957e-01,-3.459284599999999932e-01
2.863571879999999847e+00,-3.164932999999999774e-01,8.209187999999999485e-01,-3.210770000000000290e-02,-1.272527099999999911e-01,-2.170744000000000146e-02,-9.911128299999999447e-01,2.370532300000000037e-01,4.481579999999999765e-03,5.235623099999999752e-01,1.719915700000000103e-01,-2.052909900000000065e-01,4.654426999999999870e-02,-7.490903999999999618e-02,-3.450723299999999827e-01,-3.809462200000000021e-01,3.756880799999999798e-01,5.077800000000000369e-03,6.431836999999999971e-02,-2.027653299999999936e-01,-5.359319999999999883e-03,2.829610399999999970e-01,-4.369075599999999726e-01,5.162446499999999716e-01,-8.475949799999999978e-01,3.173387300000000133e-01,-3.793732799999999794e-01,-1.467565999999999871e-01,5.088049000000000044e-02,-6.153440999999999772e-02,-5.667498699999999889e-01,4.241383100000000184e-01,1.073875700000000016e-01,2.654333400000000176e-01,-1.483540700000000045e-01,-3.278878000000000070e-01
2.863970039999999884e+00,-3.160360199999999731e-01,8.211153100000000427e-01,-1.511079000000000068e-02,-1.248561100000000063e-01,-2.787040000000000003e-02,-9.916682199999999892e-01,2.209029299999999973e-01,-9.007599999999999288e-03,5.034398399999999718e-01,1.730893000000000015e-01,-1.930539300000000125e-01,4.426436000000000259e-02,-6.203219000000000094e-02,-3.555723100000000025e-01,-3.728850799999999799e-01,3.962633300000000247e-01,-1.705697000000000116e-02,5.605198000000000125e-02,-1.822243299999999899e-01,-1.694729000000000027e-02,2.759591299999999969e-01,-4.209289600000000187e-01,5.253521799999999464e-01,-8.295070500000000235e-01,3.132706000000000102e-01,-3.439613899999999780e-01,-1.584229600000000016e-01,5.733810000000000295e-02,8.273900000000000048e-04,-5.571283099999999600e-01,4.208604699999999865e-01,1.339488000000000067e-01,2.398356600000000061e-01,-1.414554299999999931e-01,-3.029532699999999967e-01
2.864495039999999992e+00,-3.148405300000000073e-01,8.211005900000000191e-01,7.459100000000000192e-04,-1.227717299999999956e-01,-3.365937000000000096e-02,-9.918637300000000545e-01,2.028034800000000082e-01,-1.862874999999999948e-02,4.849997200000000230e-01,1.793877000000000110e-01,-1.806867600000000018e-01,4.220228000000000174e-02,-4.662020000000000053e-02,-3.630387800000000054e-01,-3.662190699999999799e-01,4.141868699999999848e-01,-4.137777000000000122e-02,4.818532999999999844e-02,-1.596821999999999964e-01,-2.863527000000000086e-02,2.694788000000000183e-01,-4.014668200000000020e-01,5.328562900000000102e-01,-8.062917600000000240e-01,3.120755599999999741e-01,-3.138222999999999985e-01,-1.685684500000000086e-01,6.474414000000000557e-02,5.588983000000000145e-02,-5.421078799999999864e-01,4.202122699999999988e-01,1.549428899999999998e-01,2.166516599999999959e-01,-1.331850900000000060e-01,-2.738040700000000105e-01
2.865160700000000116e+00,-3.129496299999999787e-01,8.208459599999999856e-01,1.514214000000000011e-02,-1.210978899999999997e-01,-3.887990999999999669e-02,-9.917632299999999956e-01,1.830231499999999956e-01,-2.381269999999999915e-02,4.692722599999999966e-01,1.903902700000000003e-01,-1.682287600000000050e-01,4.015182999999999947e-02,-2.922924999999999829e-02,-3.674214199999999986e-01,-3.618895999999999780e-01,4.283518199999999942e-01,-6.689489999999999326e-02,4.097268999999999911e-02,-1.359666399999999997e-01,-4.004081999999999780e-02,2.640444299999999966e-01,-3.780767300000000275e-01,5.387198899999999790e-01,-7.774541999999999842e-01,3.138053100000000040e-01,-2.897427399999999986e-01,-1.769071100000000063e-01,7.416970000000000507e-02,1.029667999999999972e-01,-5.221109400000000234e-01,4.199810299999999774e-01,1.701598900000000081e-01,1.959443800000000013e-01,-1.240367099999999945e-01,-2.429685000000000039e-01
2.865986819999999824e+00,-3.104166700000000056e-01,8.203313899999999936e-01,2.783371000000000109e-02,-1.199014899999999995e-01,-4.332733999999999891e-02,-9.914492400000000094e-01,1.618447600000000042e-01,-2.400889000000000148e-02,4.570597699999999763e-01,2.053145799999999965e-01,-1.556878999999999902e-01,3.790419999999999900e-02,-1.045837999999999976e-02,-3.686821200000000021e-01,-3.605326699999999995e-01,4.380482700000000174e-01,-9.260604999999999531e-02,3.458006999999999748e-02,-1.120368699999999967e-01,-5.071844999999999826e-02,2.600929699999999789e-01,-3.504605599999999765e-01,5.429138500000000311e-01,-7.430036100000000365e-01,3.183736200000000238e-01,-2.720718100000000250e-01,-1.832125599999999965e-01,8.635558999999999596e-02,1.417406800000000078e-01,-4.979421800000000120e-01,4.183726300000000231e-01,1.797526600000000085e-01,1.776704000000000061e-01,-1.144713200000000014e-01,-2.125985599999999920e-01
2.866991520000000016e+00,-3.073052800000000140e-01,8.195476499999999609e-01,3.864999000000000212e-02,-1.192115799999999975e-01,-4.680171999999999805e-02,-9.910117999999999983e-01,1.395988200000000123e-01,-1.875778999999999988e-02,4.488817199999999841e-01,2.230938399999999877e-01,-1.430565099999999978e-01,3.527639999999999942e-02,9.082309999999999689e-03,-3.667906499999999959e-01,-3.624372200000000044e-01,4.429973700000000014e-01,-1.175754900000000047e-01,2.908778000000000058e-02,-8.892848999999999893e-02,-6.019171999999999717e-02,2.579300999999999955e-01,-3.185153600000000251e-01,5.454203499999999982e-01,-7.034909700000000488e-01,3.255177699999999841e-01,-2.606719699999999751e-01,-1.873395599999999883e-01,1.015832900000000066e-01,1.722945300000000013e-01,-4.708026100000000103e-01,4.142062699999999875e-01,1.841889600000000127e-01,1.617150599999999938e-01,-1.049175900000000050e-01,-1.843386100000000138e-01
2.868183140000000186e+00,-3.036890600000000107e-01,8.184982499999999828e-01,4.748907000000000128e-02,-1.190163699999999963e-01,-4.912521999999999722e-02,-9.905386000000000468e-01,1.166876800000000020e-01,-7.766440000000000322e-03,4.449425900000000267e-01,2.424245800000000006e-01,-1.303283399999999870e-01,3.213367000000000306e-02,2.880382000000000081e-02,-3.617253300000000116e-01,-3.675376799999999777e-01,4.433074599999999865e-01,-1.409917499999999990e-01,2.450706000000000065e-02,-6.768122000000000027e-02,-6.799644999999999995e-02,2.577004099999999909e-01,-2.823693500000000189e-01,5.462262599999999635e-01,-6.599752300000000238e-01,3.347676399999999775e-01,-2.549258500000000094e-01,-1.892400200000000088e-01,1.196101999999999999e-01,1.951187000000000060e-01,-4.422543899999999972e-01,4.070116899999999815e-01,1.841923400000000099e-01,1.479246300000000014e-01,-9.577610000000000290e-02,-1.592842299999999989e-01
2.869553330000000013e+00,-2.996513499999999830e-01,8.172004800000000069e-01,5.431024000000000268e-02,-1.192645199999999989e-01,-5.015945000000000126e-02,-9.901062800000000053e-01,9.359388000000000429e-02,9.027349999999999958e-03,4.451281999999999739e-01,2.618705599999999745e-01,-1.175179799999999941e-01,2.840550999999999840e-02,4.816879000000000299e-02,-3.534791199999999800e-01,-3.754371699999999867e-01,4.393739400000000184e-01,-1.622010299999999960e-01,2.080482000000000165e-02,-4.925572000000000283e-02,-7.372718000000000327e-02,2.593741999999999992e-01,-2.424011500000000097e-01,5.453091899999999992e-01,-6.139190799999999504e-01,3.454300200000000043e-01,-2.537993800000000189e-01,-1.889680599999999933e-01,1.396793299999999904e-01,2.110824900000000115e-01,-4.141305100000000072e-01,3.970208800000000204e-01,1.806757700000000133e-01,1.361299800000000115e-01,-8.742047999999999486e-02,-1.380135299999999954e-01
2.871071339999999861e+00,-2.952846900000000163e-01,8.156864000000000336e-01,5.912495000000000250e-02,-1.198704000000000019e-01,-4.981963999999999837e-02,-9.897744099999999934e-01,7.086697000000000135e-02,3.141599999999999948e-02,4.490270000000000095e-01,2.800175200000000197e-01,-1.046834100000000045e-01,2.409495999999999860e-02,6.671709000000000667e-02,-3.420702800000000043e-01,-3.854575199999999979e-01,4.317520599999999931e-01,-1.807139700000000015e-01,1.792944999999999955e-02,-3.445087000000000149e-02,-7.707775999999999517e-02,2.627542900000000015e-01,-1.992396399999999956e-01,5.426166100000000547e-01,-5.670231599999999705e-01,3.565947400000000211e-01,-2.559573399999999777e-01,-1.866702899999999887e-01,1.606015399999999871e-01,2.213662899999999933e-01,-3.883947400000000161e-01,3.850589999999999846e-01,1.746672999999999976e-01,1.261638300000000046e-01,-8.018857000000000068e-02,-1.206659900000000007e-01
2.872682810000000142e+00,-2.906903299999999968e-01,8.140022799999999670e-01,6.198620999999999992e-02,-1.207230200000000003e-01,-4.808417000000000247e-02,-9.895815300000000425e-01,4.909403999999999851e-02,5.891364000000000323e-02,4.559784499999999796e-01,2.956551000000000040e-01,-9.195195999999999925e-02,1.928126000000000145e-02,8.408453000000000455e-02,-3.275574099999999933e-01,-3.967099499999999779e-01,4.210345699999999969e-01,-1.961952100000000088e-01,1.583226999999999898e-02,-2.383251999999999940e-02,-7.786953000000000624e-02,2.674984599999999935e-01,-1.537360799999999972e-01,5.380536299999999494e-01,-5.210339999999999971e-01,3.671756700000000095e-01,-2.599236699999999956e-01,-1.825631000000000059e-01,1.809032100000000087e-01,2.273568199999999873e-01,-3.669649700000000014e-01,3.723588299999999740e-01,1.672299100000000094e-01,1.178692100000000020e-01,-7.436399000000000481e-02,-1.070442300000000041e-01
2.874309300000000178e+00,-2.859775399999999745e-01,8.122074599999999922e-01,6.297806999999999711e-02,-1.216975700000000049e-01,-4.499783000000000255e-02,-9.895446900000000046e-01,2.885766999999999846e-02,9.077989000000000197e-02,4.651385499999999840e-01,3.079528799999999844e-01,-7.954493999999999454e-02,1.411649000000000063e-02,1.000117199999999984e-01,-3.100573400000000146e-01,-4.081800600000000112e-01,4.077587100000000242e-01,-2.084412599999999893e-01,1.448045000000000061e-02,-1.768551000000000151e-02,-7.606156000000000028e-02,2.731573600000000157e-01,-1.069369000000000014e-01,5.314555800000000385e-01,-4.775256800000000079e-01,3.759712299999999896e-01,-2.642374299999999954e-01,-1.768974199999999997e-01,1.990083900000000072e-01,2.305142900000000106e-01,-3.515240000000000031e-01,3.603312699999999813e-01,1.593789899999999982e-01,1.111020199999999958e-01,-7.015058000000000404e-02,-9.671867000000000658e-02
2.875853059999999850e+00,-2.812624899999999761e-01,8.103717000000000281e-01,6.220578999999999692e-02,-1.226682800000000045e-01,-4.066898000000000041e-02,-9.896610399999999919e-01,1.069390999999999918e-02,1.260700200000000049e-01,4.755619799999999953e-01,3.165903700000000098e-01,-6.779670999999999614e-02,8.816579999999999209e-03,1.143436399999999964e-01,-2.897632099999999933e-01,-4.188192499999999763e-01,3.923572000000000171e-01,-2.173578999999999928e-01,1.386000000000000079e-02,-1.599640000000000090e-02,-7.174326999999999788e-02,2.792196900000000204e-01,-6.001444000000000223e-02,5.226042899999999714e-01,-4.377386600000000016e-01,3.817712100000000275e-01,-2.676260200000000200e-01,-1.699250800000000061e-01,2.134433099999999972e-01,2.322293099999999944e-01,-3.433434699999999840e-01,3.503298499999999982e-01,1.520034799999999964e-01,1.057280899999999968e-01,-6.764506000000000685e-02,-8.912130999999999525e-02
2.877202510000000046e+00,-2.766669999999999963e-01,8.085712800000000033e-01,5.978784000000000182e-02,-1.235208700000000048e-01,-3.526073999999999875e-02,-9.899114399999999758e-01,-4.944200000000000157e-03,1.637019799999999969e-01,4.862870899999999774e-01,3.218090200000000012e-01,-5.715955999999999815e-02,3.645840000000000018e-03,1.270198999999999911e-01,-2.669612499999999833e-01,-4.276358499999999840e-01,3.751534799999999836e-01,-2.229418900000000037e-01,1.397058999999999974e-02,-1.846905999999999895e-02,-6.511192999999999842e-02,2.851614100000000041e-01,-1.419558999999999925e-02,5.112518099999999732e-01,-4.024651899999999727e-01,3.834780799999999990e-01,-2.691378600000000065e-01,-1.618687500000000057e-01,2.230216100000000090e-01,2.336881500000000111e-01,-3.431491300000000244e-01,3.434459000000000262e-01,1.457984099999999894e-01,1.016208100000000059e-01,-6.681702999999999948e-02,-8.362403000000000197e-02
2.878240110000000129e+00,-2.723166000000000198e-01,8.068843500000000279e-01,5.584953000000000140e-02,-1.241627399999999937e-01,-2.897838000000000150e-02,-9.902649500000000327e-01,-1.770825999999999997e-02,2.025283700000000131e-01,4.964211000000000040e-01,3.243664499999999729e-01,-4.818788999999999711e-02,-1.104680000000000028e-03,1.380572599999999872e-01,-2.420421199999999995e-01,-4.337770599999999921e-01,3.563929800000000259e-01,-2.252717200000000086e-01,1.481471999999999997e-02,-2.456921999999999925e-02,-5.644003000000000214e-02,2.904918799999999801e-01,2.932581000000000077e-02,4.971732200000000268e-01,-3.720183100000000187e-01,3.802403500000000047e-01,-2.682350299999999854e-01,-1.529060899999999945e-01,2.269877499999999881e-01,2.357625100000000085e-01,-3.510352700000000103e-01,3.403575999999999824e-01,1.412152600000000091e-01,9.865925999999999862e-02,-6.750080999999999443e-02,-7.959676000000000251e-02
2.878851889999999969e+00,-2.683380499999999946e-01,8.053855300000000161e-01,5.051863000000000187e-02,-1.245302600000000037e-01,-2.205444000000000154e-02,-9.906834399999999707e-01,-2.735912999999999887e-02,2.414020400000000122e-01,5.052153499999999520e-01,3.253956100000000018e-01,-4.149780000000000135e-02,-5.143449999999999932e-03,1.475273099999999948e-01,-2.155056999999999945e-01,-4.365948700000000238e-01,3.362958099999999728e-01,-2.245060100000000058e-01,1.638548999999999908e-02,-3.358996000000000204e-02,-4.604028000000000287e-02,2.947934600000000072e-01,6.948311999999999544e-02,4.802402900000000141e-01,-3.462839400000000123e-01,3.715749400000000202e-01,-2.648327899999999846e-01,-1.431711800000000090e-01,2.251020999999999994e-01,2.389540400000000064e-01,-3.664830299999999874e-01,3.412783699999999976e-01,1.384483599999999925e-01,9.673018999999999368e-02,-6.940884999999999416e-02,-7.645398000000000471e-02
2.878936529999999827e+00,-2.648557400000000062e-01,8.041403299999999588e-01,4.392250999999999794e-02,-1.245918099999999973e-01,-1.473407000000000015e-02,-9.911259399999999831e-01,-3.375680999999999821e-02,2.792282099999999767e-01,5.121256699999999773e-01,3.261931800000000270e-01,-3.770315999999999945e-02,-8.207129999999999981e-03,1.555315399999999959e-01,-1.879580600000000101e-01,-4.356917699999999782e-01,3.151157800000000120e-01,-2.208862299999999890e-01,1.865651000000000115e-02,-4.472575000000000162e-02,-3.423419999999999935e-02,2.977510999999999908e-01,1.054295299999999935e-01,4.605049800000000082e-01,-3.248434099999999991e-01,3.574604100000000062e-01,-2.592880699999999816e-01,-1.327703299999999920e-01,2.176554099999999936e-01,2.433777199999999918e-01,-3.884122999999999881e-01,3.459587399999999868e-01,1.374412200000000028e-01,9.572846000000000133e-02,-7.215591999999999839e-02,-7.368531000000000386e-02
2.878414149999999783e+00,-2.619876600000000111e-01,8.032006600000000107e-01,3.618712999999999791e-02,-1.243468699999999982e-01,-7.261949999999999655e-03,-9.915521699999999550e-01,-3.684272999999999715e-02,3.150004699999999769e-01,5.168499399999999522e-01,3.279794500000000057e-01,-3.733629000000000114e-02,-1.008883000000000002e-02,1.621776099999999998e-01,-1.601000700000000110e-01,-4.309433400000000081e-01,2.931902399999999909e-01,-2.147403499999999965e-01,2.157565999999999998e-02,-5.714716999999999714e-02,-2.132832000000000131e-02,2.991708799999999724e-01,1.366174699999999909e-01,4.382745000000000113e-01,-3.071323899999999774e-01,3.383811099999999850e-01,-2.523355199999999798e-01,-1.218115699999999940e-01,2.054178700000000024e-01,2.488042400000000098e-01,-4.153168199999999755e-01,3.537738899999999798e-01,1.379273500000000041e-01,9.556602999999999626e-02,-7.530090000000000394e-02,-7.087121999999999866e-02
2.877233030000000191e+00,-2.598406100000000274e-01,8.026015199999999572e-01,2.743711999999999887e-02,-1.238215099999999957e-01,1.273799999999999900e-04,-9.919250600000000251e-01,-3.662147999999999792e-02,3.478212999999999999e-01,5.193409900000000023e-01,3.316766899999999962e-01,-4.076489999999999975e-02,-1.066098000000000046e-02,1.675583599999999895e-01,-1.327073900000000084e-01,-4.224977200000000210e-01,2.709674200000000144e-01,-2.064802599999999988e-01,2.506492000000000095e-02,-7.006255999999999595e-02,-7.601830000000000392e-03,2.989873299999999956e-01,1.628510999999999986e-01,4.141583999999999821e-01,-2.926068900000000084e-01,3.153090800000000193e-01,-2.449851600000000074e-01,-1.104365800000000064e-01,1.895348299999999875e-01,2.547443500000000083e-01,-4.454338299999999751e-01,3.638528600000000002e-01,1.394937900000000064e-01,9.617216000000000653e-02,-7.839672000000000307e-02,-6.769833000000000101e-02
2.875375510000000023e+00,-2.585053700000000121e-01,8.023589800000000549e-01,1.779767000000000154e-02,-1.230611999999999956e-01,7.215779999999999764e-03,-9.922132500000000466e-01,-3.314948000000000200e-02,3.769107800000000008e-01,5.197910100000000533e-01,3.377486499999999836e-01,-4.812141999999999809e-02,-9.890370000000000758e-03,1.717359999999999998e-01,-1.066045800000000043e-01,-4.107559599999999755e-01,2.490100000000000091e-01,-1.965917299999999923e-01,2.902555999999999886e-02,-8.276445000000000329e-02,6.696009999999999636e-03,2.972595699999999730e-01,1.843016000000000099e-01,3.890729499999999730e-01,-2.808740100000000073e-01,2.896225800000000183e-01,-2.383925600000000034e-01,-9.884911999999999865e-02,1.713868699999999967e-01,2.605586599999999975e-01,-4.769257000000000080e-01,3.752255099999999843e-01,1.416565200000000080e-01,9.749138000000000248e-02,-8.103955999999999660e-02,-6.396198000000000161e-02
2.872859000000000052e+00,-2.580521700000000251e-01,8.024704499999999463e-01,7.398100000000000336e-03,-1.221221900000000055e-01,1.380418999999999917e-02,-9.923914700000000533e-01,-2.653441999999999953e-02,4.016087400000000196e-01,5.185906300000000524e-01,3.461299800000000038e-01,-5.925861999999999796e-02,-7.841080000000000272e-03,1.747318800000000061e-01,-8.263557000000000541e-02,-3.963364400000000121e-01,2.279754599999999909e-01,-1.856137499999999940e-01,3.334680999999999756e-02,-9.465787999999999980e-02,2.133911999999999962e-02,2.941578599999999932e-01,2.014785000000000048e-01,3.641937399999999880e-01,-2.717658900000000100e-01,2.629694300000000040e-01,-2.337150899999999865e-01,-8.733103000000000393e-02,1.524372499999999964e-01,2.655726999999999949e-01,-5.080435899999999894e-01,3.869574100000000016e-01,1.439373300000000022e-01,9.947466000000000641e-02,-8.290933000000000330e-02,-5.956325999999999982e-02
2.869736430000000116e+00,-2.585270100000000015e-01,8.029159300000000554e-01,-3.622569999999999870e-03,-1.210627299999999934e-01,1.971283999999999884e-02,-9.924424899999999550e-01,-1.694586999999999830e-02,4.213750700000000182e-01,5.162674800000000008e-01,3.562512999999999930e-01,-7.374171000000000198e-02,-4.665729999999999877e-03,1.765227500000000060e-01,-6.163298999999999861e-02,-3.800292900000000196e-01,2.085785000000000000e-01,-1.741097400000000128e-01,3.791615999999999737e-02,-1.052715399999999968e-01,3.611187999999999898e-02,2.899419699999999933e-01,2.151568500000000106e-01,3.408604599999999762e-01,-2.653434000000000070e-01,2.370936299999999997e-01,-2.319707000000000019e-01,-7.624198999999999560e-02,1.340861899999999940e-01,2.691786600000000140e-01,-5.372496199999999833e-01,3.982471799999999784e-01,1.459293500000000132e-01,1.020646800000000048e-01,-8.379601000000000410e-02,-5.449828999999999785e-02
2.866091729999999949e+00,-2.599489400000000172e-01,8.036609900000000195e-01,-1.510909000000000037e-02,-1.199351200000000062e-01,2.478015000000000079e-02,-9.923574299999999848e-01,-4.632289999999999845e-03,4.357915199999999878e-01,5.134126500000000259e-01,3.671486700000000103e-01,-9.087953000000000003e-02,-5.859800000000000512e-04,1.770440899999999873e-01,-4.438765000000000072e-02,-3.627430500000000113e-01,1.915429700000000068e-01,-1.626334600000000075e-01,4.262843000000000188e-02,-1.142555999999999988e-01,5.079351000000000005e-02,2.849327899999999913e-01,2.262698900000000013e-01,3.204476800000000125e-01,-2.618346799999999863e-01,2.136509900000000128e-01,-2.339119299999999901e-01,-6.600250000000000561e-02,1.175477399999999978e-01,2.709083600000000147e-01,-5.632838000000000012e-01,4.084742100000000042e-01,1.473402699999999954e-01,1.051770199999999961e-01,-8.360826999999999842e-02,-4.884092999999999768e-02
2.862033840000000051e+00,-2.623087800000000192e-01,8.046598400000000151e-01,-2.688337000000000018e-02,-1.187799199999999972e-01,2.886154999999999970e-02,-9.921368999999999883e-01,1.006180999999999916e-02,4.445661000000000196e-01,5.106053400000000186e-01,3.776289800000000030e-01,-1.097899499999999973e-01,4.133549999999999724e-03,1.761999300000000046e-01,-3.161880999999999720e-02,-3.454458400000000040e-01,1.775495300000000110e-01,-1.516946600000000089e-01,4.739211000000000118e-02,-1.213708299999999990e-01,6.514287000000000549e-02,2.794798900000000086e-01,2.357813699999999901e-01,3.042213899999999804e-01,-2.615285500000000263e-01,1.940395199999999931e-01,-2.399282500000000096e-01,-5.706295000000000117e-02,1.037589599999999973e-01,2.704700800000000016e-01,-5.851725300000000241e-01,4.171943100000000126e-01,1.480118800000000123e-01,1.086813400000000013e-01,-8.236554999999999571e-02,-4.272609000000000129e-02
2.857688669999999931e+00,-2.655684600000000062e-01,8.058586699999999992e-01,-3.873940000000000022e-02,-1.176222199999999996e-01,3.182949999999999668e-02,-9.917918999999999485e-01,2.668579000000000090e-02,4.475399899999999986e-01,5.083453100000000502e-01,3.864547600000000083e-01,-1.294876299999999925e-01,9.213229999999999337e-03,1.738794999999999924e-01,-2.394411000000000109e-02,-3.291024000000000171e-01,1.671839200000000136e-01,-1.417278299999999991e-01,5.213241999999999876e-02,-1.264725499999999891e-01,7.888652000000000164e-02,2.739264100000000091e-01,2.445572299999999866e-01,2.932055299999999920e-01,-2.646488499999999910e-01,1.792673800000000039e-01,-2.499863499999999961e-01,-4.986354999999999954e-02,9.332424999999999748e-02,2.677520500000000192e-01,-6.021935899999999453e-01,4.240980100000000252e-01,1.479116799999999898e-01,1.123886099999999999e-01,-8.017673000000000161e-02,-3.632790000000000324e-02
2.853189710000000101e+00,-2.696617499999999779e-01,8.071992999999999530e-01,-5.044157999999999975e-02,-1.164705199999999941e-01,3.357555000000000262e-02,-9.913440300000000427e-01,4.468649000000000232e-02,4.446956200000000137e-01,5.070005699999999838e-01,3.925145299999999726e-01,-1.489794399999999908e-01,1.438291000000000049e-02,1.699790499999999926e-01,-2.184780999999999876e-02,-3.146069899999999753e-01,1.608914399999999967e-01,-1.330706000000000111e-01,5.679129000000000121e-02,-1.294931599999999960e-01,9.171258999999999662e-02,2.685756699999999886e-01,2.532562899999999950e-01,2.880786699999999811e-01,-2.712391599999999792e-01,1.698734600000000039e-01,-2.636134900000000059e-01,-4.479262999999999995e-02,8.649461999999999429e-02,2.627996799999999800e-01,-6.138191200000000514e-01,4.289515600000000095e-01,1.471046099999999968e-01,1.160468699999999964e-01,-7.721116000000000090e-02,-2.984091999999999995e-02
2.848669290000000132e+00,-2.744949799999999995e-01,8.086213500000000165e-01,-6.172736999999999669e-02,-1.153177499999999966e-01,3.401426999999999923e-02,-9.908251799999999720e-01,6.342570999999999626e-02,4.361635999999999846e-01,5.067773500000000153e-01,3.949540000000000273e-01,-1.673528300000000080e-01,1.940023999999999915e-02,1.644265699999999941e-01,-2.564893999999999855e-02,-3.027175699999999914e-01,1.589384699999999984e-01,-1.259523499999999907e-01,6.132387000000000254e-02,-1.304257199999999950e-01,1.032717900000000022e-01,2.636610600000000026e-01,2.622551000000000188e-01,2.891155200000000147e-01,-2.810838800000000082e-01,1.659073199999999970e-01,-2.799283300000000030e-01,-4.214849999999999847e-02,8.317753999999999426e-02,2.557840299999999956e-01,-6.196715799999999996e-01,4.315546499999999841e-01,1.457176199999999922e-01,1.193564200000000047e-01,-7.367115000000000469e-02,-2.346629000000000076e-02
2.844249730000000032e+00,-2.799490099999999981e-01,8.100651500000000116e-01,-7.231529999999999903e-02,-1.141442099999999960e-01,3.308934000000000181e-02,-9.902760999999999925e-01,8.221253000000000588e-02,4.222283099999999956e-01,5.077111699999999894e-01,3.932545499999999805e-01,-1.838452100000000089e-01,2.406012999999999902e-02,1.572075900000000082e-01,-3.546850000000000003e-02,-2.939953499999999886e-01,1.613841400000000093e-01,-1.204950300000000030e-01,6.569482000000000099e-02,-1.293091799999999958e-01,1.131868099999999988e-01,2.593242199999999942e-01,2.716186600000000118e-01,2.961799500000000251e-01,-2.936814400000000158e-01,1.669659199999999899e-01,-2.977149499999999782e-01,-4.211054999999999660e-02,8.297314000000000078e-02,2.469587900000000114e-01,-6.194809700000000197e-01,4.316982600000000003e-01,1.438930800000000065e-01,1.219894299999999959e-01,-6.976325999999999361e-02,-1.740181000000000019e-02
2.840036870000000047e+00,-2.858811900000000072e-01,8.114734300000000511e-01,-8.191753000000000229e-02,-1.129215699999999989e-01,3.078064999999999968e-02,-9.897427600000000547e-01,1.003440200000000060e-01,4.033296399999999893e-01,5.096794399999999836e-01,3.872595699999999974e-01,-1.978881999999999863e-01,2.819676999999999947e-02,1.483879999999999921e-01,-5.119988000000000317e-02,-2.887581300000000017e-01,1.680644599999999989e-01,-1.167241400000000040e-01,6.987356999999999596e-02,-1.262170099999999906e-01,1.210704100000000033e-01,2.556036400000000208e-01,2.811180699999999977e-01,3.087680300000000266e-01,-3.082760900000000026e-01,1.722770299999999977e-01,-3.155368299999999904e-01,-4.472306999999999672e-02,8.523150999999999644e-02,2.366385199999999911e-01,-6.131130500000000483e-01,4.291957900000000214e-01,1.417649099999999940e-01,1.236330000000000068e-01,-6.568404999999999383e-02,-1.183535999999999963e-02
2.836117269999999912e+00,-2.921286200000000055e-01,8.127936100000000552e-01,-9.025634999999999908e-02,-1.116175699999999993e-01,2.711179999999999840e-02,-9.892725900000000072e-01,1.171493100000000065e-01,3.800620399999999899e-01,5.124308499999999933e-01,3.771575999999999818e-01,-2.091253299999999982e-01,3.167982999999999910e-02,1.381308400000000047e-01,-7.248593000000000397e-02,-2.870562400000000181e-01,1.785895799999999978e-01,-1.145867200000000030e-01,7.383106999999999864e-02,-1.212493099999999990e-01,1.265511800000000131e-01,2.524367299999999981e-01,2.902917899999999940e-01,3.260911100000000173e-01,-3.239425100000000168e-01,1.808162199999999997e-01,-3.318776199999999843e-01,-4.989260999999999696e-02,8.912755999999999457e-02,2.251809700000000081e-01,-6.006163399999999708e-01,4.239304099999999798e-01,1.394423800000000047e-01,1.240330600000000005e-01,-6.161094000000000293e-02,-6.941140000000000157e-03
2.832553859999999979e+00,-2.985121600000000264e-01,8.139792099999999531e-01,-9.708247999999999878e-02,-1.102007900000000068e-01,2.215674999999999936e-02,-9.889084099999999600e-01,1.320303399999999960e-01,3.531684900000000016e-01,5.156271500000000341e-01,3.634355400000000014e-01,-2.174064500000000011e-01,3.440818999999999822e-02,1.267032899999999962e-01,-9.870895000000000363e-02,-2.886779600000000112e-01,1.923583299999999940e-01,-1.139730699999999958e-01,7.753728000000000009e-02,-1.145286600000000043e-01,1.293051799999999918e-01,2.496748599999999985e-01,2.985381500000000021e-01,3.471848699999999788e-01,-3.397061800000000242e-01,1.914391799999999866e-01,-3.452939400000000214e-01,-5.739890000000000270e-02,9.374784999999999369e-02,2.129812799999999950e-01,-5.822970299999999932e-01,4.159334299999999929e-01,1.370135399999999892e-01,1.230401799999999990e-01,-5.770155999999999896e-02,-2.875739999999999894e-03
2.829388859999999895e+00,-3.048418800000000095e-01,8.149920699999999574e-01,-1.021932299999999960e-01,-1.086452299999999954e-01,1.604476000000000166e-02,-9.886836399999999747e-01,1.444948000000000066e-01,3.235310299999999972e-01,5.188918099999999534e-01,3.468167200000000228e-01,-2.227642699999999865e-01,3.630367999999999790e-02,1.144724099999999967e-01,-1.289973000000000092e-01,-2.931877399999999745e-01,2.085904299999999933e-01,-1.147382400000000052e-01,8.095998000000000083e-02,-1.062001399999999984e-01,1.290899799999999931e-01,2.471107800000000021e-01,3.052232599999999962e-01,3.710241899999999760e-01,-3.546768399999999932e-01,2.030135499999999871e-01,-3.545646100000000023e-01,-6.691564999999999319e-02,9.818225999999999343e-02,2.004600900000000074e-01,-5.587727999999999584e-01,4.054453399999999874e-01,1.345541799999999955e-01,1.206407300000000016e-01,-5.409374000000000127e-02,2.330900000000000062e-04
2.826643470000000047e+00,-3.109238699999999911e-01,8.158039999999999736e-01,-1.054483499999999963e-01,-1.069341699999999951e-01,8.962460000000000218e-03,-9.886179000000000494e-01,1.541777300000000128e-01,2.921548199999999817e-01,5.218592899999999757e-01,3.281949200000000011e-01,-2.253811400000000076e-01,3.730776999999999705e-02,1.018881299999999934e-01,-1.622519900000000126e-01,-2.999931900000000207e-01,2.263767600000000102e-01,-1.167209399999999953e-01,8.406395999999999313e-02,-9.643632000000000593e-02,1.257775700000000052e-01,2.445141999999999871e-01,3.097869200000000212e-01,3.966274900000000270e-01,-3.681678199999999790e-01,2.145332699999999981e-01,-3.588117399999999901e-01,-7.803851000000000537e-02,1.016146700000000042e-01,1.880643700000000085e-01,-5.310273800000000488e-01,3.929830799999999846e-01,1.321577700000000077e-01,1.169824000000000003e-01,-5.091265999999999847e-02,2.292549999999999970e-03
2.824322219999999994e+00,-3.165681100000000137e-01,8.163981399999999944e-01,-1.067817900000000014e-01,-1.050635399999999969e-01,1.152309999999999923e-03,-9.887153499999999928e-01,1.608516399999999902e-01,2.601452799999999788e-01,5.242191600000000173e-01,3.085702100000000114e-01,-2.255506399999999967e-01,3.738069000000000114e-02,8.945561999999999958e-02,-1.971937599999999957e-01,-3.084329399999999888e-01,2.447441200000000094e-01,-1.197575300000000009e-01,8.681033000000000499e-02,-8.544430999999999554e-02,1.193811300000000020e-01,2.416707600000000122e-01,3.118291799999999836e-01,4.231323000000000167e-01,-3.797789200000000198e-01,2.252032200000000095e-01,-3.575852199999999814e-01,-9.031564999999999732e-02,1.034023599999999987e-01,1.762480999999999909e-01,-5.003899899999999512e-01,3.793412400000000240e-01,1.299528000000000072e-01,1.123712500000000059e-01,-4.827125000000000166e-02,3.261360000000000040e-03
2.822415110000000116e+00,-3.215966499999999839e-01,8.167700199999999855e-01,-1.062082500000000040e-01,-1.030440900000000048e-01,-7.093280000000000418e-03,-9.889648599999999457e-01,1.644269499999999884e-01,2.286770899999999995e-01,5.257516500000000148e-01,2.889890999999999988e-01,-2.236402299999999954e-01,3.650330999999999715e-02,7.769985999999999560e-02,-2.324272699999999914e-01,-3.178694200000000136e-01,2.627281799999999778e-01,-1.236910499999999968e-01,8.915671999999999486e-02,-7.347455999999999432e-02,1.100720699999999941e-01,2.384179499999999896e-01,3.111666399999999943e-01,4.498357199999999945e-01,-3.894279900000000016e-01,2.344873000000000096e-01,-3.508953200000000106e-01,-1.032764000000000043e-01,1.031308100000000033e-01,1.654490799999999984e-01,-4.684690799999999822e-01,3.655522800000000072e-01,1.281163399999999952e-01,1.072498699999999971e-01,-4.626932000000000267e-02,3.166879999999999955e-03
2.820900920000000145e+00,-3.258524199999999760e-01,8.169279099999999794e-01,-1.038233300000000053e-01,-1.009024599999999994e-01,-1.544236000000000046e-02,-9.893437000000000481e-01,1.649429900000000115e-01,1.989546700000000001e-01,5.263474599999999892e-01,2.704903799999999747e-01,-2.200578900000000060e-01,3.468030999999999892e-02,6.712609999999999411e-02,-2.665175799999999762e-01,-3.277716600000000202e-01,2.794473499999999833e-01,-1.283759800000000006e-01,9.105702999999999714e-02,-6.082959999999999756e-02,9.818456999999999879e-02,2.346728999999999898e-01,3.078528899999999902e-01,4.761969999999999814e-01,-3.973267699999999958e-01,2.421167200000000075e-01,-3.391927200000000031e-01,-1.164554899999999948e-01,1.006410300000000063e-01,1.560609000000000024e-01,-4.370378300000000160e-01,3.528004900000000221e-01,1.268748000000000098e-01,1.021577500000000055e-01,-4.499045000000000127e-02,2.119370000000000195e-03
2.819750069999999997e+00,-3.292066499999999896e-01,8.168916699999999587e-01,-9.979781999999999542e-02,-9.868092000000000530e-02,-2.353828000000000170e-02,-9.898224500000000203e-01,1.625537599999999916e-01,1.721638299999999899e-01,5.260101600000000044e-01,2.540527000000000202e-01,-2.152226100000000086e-01,3.194249999999999867e-02,5.818154999999999855e-02,-2.980711799999999911e-01,-3.377720699999999798e-01,2.941668299999999903e-01,-1.336795100000000014e-01,9.246261999999999537e-02,-4.786879000000000134e-02,8.420563000000000353e-02,2.304469799999999957e-01,3.021646399999999844e-01,5.018097200000000147e-01,-4.039101900000000023e-01,2.480644300000000024e-01,-3.233041199999999726e-01,-1.294120300000000112e-01,9.602433000000000496e-02,1.484063300000000030e-01,-4.078918699999999897e-01,3.423064599999999791e-01,1.264915899999999871e-01,9.767692000000000041e-02,-4.449816000000000188e-02,3.219300000000000026e-04
2.818925380000000036e+00,-3.315658300000000058e-01,8.166915799999999726e-01,-9.436569000000000207e-02,-9.643548000000000398e-02,-3.101817000000000116e-02,-9.903702100000000286e-01,1.575097900000000106e-01,1.494168600000000124e-01,5.248408900000000044e-01,2.405456800000000117e-01,-2.095411699999999988e-01,2.834779000000000118e-02,5.122241000000000294e-02,-3.258146299999999940e-01,-3.476882900000000109e-01,3.063461800000000235e-01,-1.394799100000000125e-01,9.332456999999999558e-02,-3.500749000000000222e-02,6.875109000000000081e-02,2.258456600000000036e-01,2.945596600000000009e-01,5.263569999999999638e-01,-4.097360999999999920e-01,2.524940700000000149e-01,-3.043357099999999815e-01,-1.417435900000000026e-01,8.958607999999999849e-02,1.427176400000000067e-01,-3.827026199999999934e-01,3.351987599999999845e-01,1.272414500000000059e-01,9.437165999999999610e-02,-4.483324999999999810e-02,-1.930349999999999948e-03
2.818384410000000173e+00,-3.328763499999999875e-01,8.163650599999999757e-01,-8.780791999999999764e-02,-9.423262999999999778e-02,-3.753390000000000198e-02,-9.909596999999999989e-01,1.501388399999999956e-01,1.316937499999999983e-01,5.230082299999999629e-01,2.306844999999999868e-01,-2.033908199999999999e-01,2.398035000000000097e-02,4.648991999999999708e-02,-3.486640200000000189e-01,-3.575081800000000087e-01,3.156629200000000135e-01,-1.456636500000000056e-01,9.359781000000000351e-02,-2.270840999999999832e-02,5.252960999999999742e-02,2.210543199999999986e-01,2.856173799999999763e-01,5.495638800000000046e-01,-4.153774399999999867e-01,2.556945700000000099e-01,-2.835587900000000050e-01,-1.530963300000000027e-01,8.178480000000000472e-02,1.391267599999999882e-01,-3.628882199999999836e-01,3.323935599999999768e-01,1.293755799999999900e-01,9.272790000000000199e-02,-4.601343000000000100e-02,-4.263069999999999880e-03
2.818079950000000000e+00,-3.331276499999999974e-01,8.159537300000000437e-01,-8.043335000000000068e-02,-9.214450000000000418e-02,-4.277369999999999783e-02,-9.915696400000000299e-01,1.408269699999999958e-01,1.197842100000000021e-01,5.207105899999999732e-01,2.249890400000000013e-01,-1.971076099999999887e-01,1.894797000000000148e-02,4.409736999999999685e-02,-3.657799400000000256e-01,-3.673421700000000234e-01,3.220104899999999826e-01,-1.521200100000000000e-01,9.324754999999999849e-02,-1.146403000000000005e-02,3.629808999999999813e-02,2.163117499999999971e-01,2.759714999999999807e-01,5.711605499999999891e-01,-4.213280999999999832e-01,2.580136100000000043e-01,-2.622910999999999992e-01,-1.631728699999999976e-01,7.315683000000000602e-02,1.376625200000000104e-01,-3.495126700000000253e-01,3.344929799999999953e-01,1.330811699999999986e-01,9.309757000000000449e-02,-4.803385999999999767e-02,-6.248069999999999666e-03
2.817960740000000186e+00,-3.323530599999999779e-01,8.154998399999999759e-01,-7.255889999999999562e-02,-9.024313999999999947e-02,-4.648247999999999963e-02,-9.921848199999999673e-01,1.300018699999999916e-01,1.142348700000000022e-01,5.181381699999999535e-01,2.237506499999999954e-01,-1.909787199999999907e-01,1.337816999999999999e-02,4.402872000000000036e-02,-3.766055700000000006e-01,-3.773562899999999831e-01,3.254728299999999908e-01,-1.587348700000000001e-01,9.225664000000000087e-02,-1.770740000000000031e-03,2.081293999999999852e-02,2.118774999999999964e-01,2.662451299999999965e-01,5.908638200000000396e-01,-4.279363800000000051e-01,2.597989399999999782e-01,-2.417907300000000093e-01,-1.717388499999999985e-01,6.423948999999999632e-02,1.382656100000000110e-01,-3.432396099999999728e-01,3.417308600000000252e-01,1.384465699999999910e-01,9.566257000000000232e-02,-5.087182999999999983e-02,-7.443619999999999751e-03
2.817973610000000129e+00,-3.306284500000000182e-01,8.150427300000000486e-01,-6.449196999999999569e-02,-8.859433999999999365e-02,-4.847917999999999672e-02,-9.927948699999999960e-01,1.181190599999999979e-01,1.153070000000000067e-01,5.154434399999999750e-01,2.270100100000000121e-01,-1.852395199999999909e-01,7.414529999999999905e-03,4.614722000000000268e-02,-3.808869699999999914e-01,-3.876984099999999933e-01,3.262810999999999906e-01,-1.653833799999999965e-01,9.063388999999999474e-02,5.903590000000000226e-03,6.781910000000000369e-03,2.079969899999999927e-01,2.569970200000000204e-01,6.083827000000000540e-01,-4.353777200000000236e-01,2.613574599999999859e-01,-2.231672000000000100e-01,-1.786297400000000091e-01,5.550560999999999690e-02,1.407864100000000007e-01,-3.442894799999999811e-01,3.539257900000000179e-01,1.454224000000000072e-01,1.004062200000000044e-01,-5.448428999999999772e-02,-7.435780000000000341e-03
2.818063739999999928e+00,-3.280693900000000163e-01,8.146169199999999666e-01,-5.651579999999999798e-02,-8.725128999999999524e-02,-4.866977000000000109e-02,-9.933903800000000173e-01,1.056510999999999978e-01,1.229486199999999946e-01,5.127268999999999854e-01,2.345482999999999874e-01,-1.800734400000000013e-01,1.212860000000000067e-03,5.021156999999999704e-02,-3.786767699999999959e-01,-3.984335700000000147e-01,3.247616899999999918e-01,-1.719229499999999911e-01,8.842134999999999578e-02,1.115549000000000054e-02,-5.179320000000000278e-03,2.048703299999999894e-01,2.486717099999999903e-01,6.234251299999999940e-01,-4.436485499999999749e-01,2.629195500000000019e-01,-2.073053599999999941e-01,-1.837527599999999872e-01,4.731083999999999984e-02,1.449981300000000028e-01,-3.524532000000000220e-01,3.704944600000000254e-01,1.538038800000000039e-01,1.071143400000000023e-01,-5.880737999999999938e-02,-5.885910000000000274e-03
2.818177459999999801e+00,-3.248256999999999950e-01,8.142499300000000106e-01,-4.887985999999999720e-02,-8.624938000000000049e-02,-4.705488000000000032e-02,-9.939605599999999930e-01,9.307928000000000035e-02,1.367846100000000009e-01,5.100394499999999498e-01,2.458949199999999891e-01,-1.756140700000000110e-01,-5.061880000000000372e-03,5.589722999999999914e-02,-3.703232399999999980e-01,-4.094994100000000081e-01,3.212851899999999983e-01,-1.781884400000000035e-01,8.569910000000000028e-02,1.368143999999999957e-02,-1.458217000000000020e-02,2.026289699999999916e-01,2.415817399999999893e-01,6.357424900000000489e-01,-4.526086200000000170e-01,2.646406600000000275e-01,-1.948327699999999885e-01,-1.870922399999999930e-01,3.987621999999999695e-02,1.506043999999999994e-01,-3.671235400000000260e-01,3.904955999999999983e-01,1.632283200000000101e-01,1.153977199999999953e-01,-6.375179999999999736e-02,-2.570110000000000016e-03
2.818263050000000103e+00,-3.210752000000000050e-01,8.139624600000000543e-01,-4.179453999999999808e-02,-8.560210000000000041e-02,-4.373149999999999954e-02,-9.944913399999999459e-01,8.088607000000000435e-02,1.561261899999999980e-01,5.074004500000000029e-01,2.603504700000000005e-01,-1.719488899999999931e-01,-1.123930000000000068e-02,6.281941000000000608e-02,-3.564470399999999928e-01,-4.206887200000000160e-01,3.162248400000000070e-01,-1.839912800000000070e-01,8.258611000000000424e-02,1.330841999999999963e-02,-2.108942999999999929e-02,2.013225600000000115e-01,2.358933099999999949e-01,6.451548900000000364e-01,-4.620221600000000151e-01,2.665997099999999898e-01,-1.860960600000000076e-01,-1.887067099999999997e-01,3.328628000000000142e-02,1.572482900000000128e-01,-3.873525299999999727e-01,4.127121899999999788e-01,1.731953300000000084e-01,1.247382300000000055e-01,-6.919677999999999940e-02,2.593520000000000200e-03
2.818274020000000046e+00,-3.170159200000000066e-01,8.137686299999999928e-01,-3.543008999999999742e-02,-8.529899999999999982e-02,-3.888870999999999994e-02,-9.949654900000000080e-01,6.954689000000000010e-02,1.799990499999999938e-01,5.048240400000000294e-01,2.770239099999999843e-01,-1.691233799999999898e-01,-1.714832000000000162e-02,7.055598000000000425e-02,-3.379074000000000244e-01,-4.316597899999999877e-01,3.099289800000000206e-01,-1.891239399999999904e-01,7.923734999999999806e-02,1.001574000000000041e-02,-2.452787000000000023e-02,2.009168299999999907e-01,2.316306499999999935e-01,6.515782500000000255e-01,-4.716083999999999832e-01,2.688121500000000275e-01,-1.811658399999999947e-01,-1.887227999999999961e-01,2.751077000000000036e-02,1.645264800000000027e-01,-4.119319900000000256e-01,4.357675899999999825e-01,1.831109499999999946e-01,1.345529099999999978e-01,-7.498472000000000470e-02,9.534179999999999738e-03
2.818169360000000179e+00,-3.128570600000000201e-01,8.136771900000000501e-01,-2.991763000000000061e-02,-8.530572999999999628e-02,-3.279771000000000075e-02,-9.953653799999999663e-01,5.951871999999999718e-02,2.071898000000000073e-01,5.023482400000000014e-01,2.948837000000000264e-01,-1.671444500000000000e-01,-2.262339999999999837e-02,7.866853999999999514e-02,-3.157605800000000129e-01,-4.419719300000000128e-01,3.027107700000000179e-01,-1.933704800000000112e-01,7.583525000000000682e-02,3.944719999999999650e-03,-2.488947999999999855e-02,2.013015599999999905e-01,2.286931399999999892e-01,6.550419899999999629e-01,-4.810864599999999935e-01,2.712468800000000235e-01,-1.798613400000000084e-01,-1.873254000000000030e-01,2.243861000000000119e-02,1.720124799999999954e-01,-4.394951500000000011e-01,4.582664399999999971e-01,1.923507499999999870e-01,1.442703899999999984e-01,-8.092069999999999819e-02,1.803665999999999950e-02
2.817915919999999907e+00,-3.088097599999999887e-01,8.136931699999999656e-01,-2.535170999999999952e-02,-8.556622999999999313e-02,-2.579644999999999855e-02,-9.956757400000000313e-01,5.122331000000000106e-02,2.363071599999999883e-01,5.000538799999999506e-01,3.128192699999999826e-01,-1.659844400000000109e-01,-2.751245999999999900e-02,8.672053999999999874e-02,-2.912101999999999746e-01,-4.511371000000000131e-01,2.948520199999999925e-01,-1.965222699999999989e-01,7.257745999999999642e-02,-4.605419999999999826e-03,-2.232233999999999954e-02,2.023068199999999983e-01,2.268816399999999955e-01,6.556963300000000494e-01,-4.902093699999999776e-01,2.738434100000000093e-01,-1.817911999999999861e-01,-1.847443099999999949e-01,1.791788999999999882e-02,1.792869599999999952e-01,-4.686314200000000207e-01,4.789433499999999899e-01,2.003345900000000068e-01,1.534043800000000068e-01,-8.677762999999999449e-02,2.776578000000000032e-02
2.817491289999999982e+00,-3.050775199999999909e-01,8.138186299999999873e-01,-2.179253999999999913e-02,-8.600715999999999917e-02,-1.826998999999999984e-02,-9.958885899999999625e-01,4.502609999999999946e-02,2.658549499999999788e-01,4.980716700000000219e-01,3.297089300000000112e-01,-1.655844900000000008e-01,-3.168537999999999910e-02,9.429289000000000420e-02,-2.655523100000000136e-01,-4.586796799999999785e-01,2.866177300000000150e-01,-1.983975900000000125e-01,6.966134000000000215e-02,-1.519524000000000048e-02,-1.711346000000000048e-02,2.037240600000000124e-01,2.259304199999999929e-01,6.538087099999999596e-01,-4.987832899999999903e-01,2.765263600000000266e-01,-1.864034800000000103e-01,-1.812398899999999868e-01,1.379308999999999917e-02,1.859732299999999894e-01,-4.979995500000000130e-01,4.967979200000000040e-01,2.066014100000000131e-01,1.616126599999999913e-01,-9.230860000000000454e-02,3.830303000000000180e-02
2.816882849999999827e+00,-3.018465599999999860e-01,8.140537100000000414e-01,-1.926761000000000099e-02,-8.654364000000000501e-02,-1.062740000000000039e-02,-9.960050599999999976e-01,4.121091000000000337e-02,2.943130400000000257e-01,4.965721699999999794e-01,3.444899000000000155e-01,-1.658583299999999983e-01,-3.504232000000000180e-02,1.009970000000000034e-01,-2.401144100000000003e-01,-4.641941500000000276e-01,2.782735199999999964e-01,-1.988618100000000000e-01,6.726688999999999585e-02,-2.727484999999999979e-02,-9.665649999999999589e-03,2.053293700000000110e-01,2.255408799999999991e-01,6.497502299999999842e-01,-5.066732200000000352e-01,2.792154800000000159e-01,-1.930401300000000042e-01,-1.770889200000000108e-01,9.933169999999999847e-03,1.917711199999999894e-01,-5.264247699999999863e-01,5.111939899999999870e-01,2.108703100000000052e-01,1.687306000000000084e-01,-9.726571999999999996e-02,4.918879999999999780e-02
2.816091060000000201e+00,-2.992767399999999856e-01,8.143964999999999677e-01,-1.777211000000000068e-02,-8.708607000000000153e-02,-3.277180000000000197e-03,-9.960368299999999842e-01,3.995345000000000146e-02,3.202216900000000033e-01,4.957412199999999824e-01,3.562271000000000187e-01,-1.666971100000000094e-01,-3.752006000000000091e-02,1.064863999999999949e-01,-2.161910999999999972e-01,-4.673922099999999746e-01,2.700995199999999818e-01,-1.978443099999999955e-01,6.554044000000000536e-02,-4.022175000000000056e-02,-4.708499999999999795e-04,2.069054800000000027e-01,2.254138699999999884e-01,6.439766900000000183e-01,-5.137983000000000411e-01,2.818319799999999820e-01,-2.009899599999999953e-01,-1.725725499999999912e-01,6.248159999999999999e-03,1.964831099999999886e-01,-5.529657000000000044e-01,5.219055400000000011e-01,2.130778999999999868e-01,1.747723800000000050e-01,-1.014226000000000016e-01,5.996416999999999720e-02
2.815129279999999845e+00,-2.974936699999999878e-01,8.148423399999999983e-01,-1.726928000000000143e-02,-8.754712000000000605e-02,3.397610000000000127e-03,-9.960048799999999813e-01,4.129652999999999796e-02,3.422660200000000041e-01,4.957455700000000243e-01,3.641754999999999853e-01,-1.679751100000000108e-01,-3.909503999999999757e-02,1.104670400000000025e-01,-1.949766300000000119e-01,-4.681324399999999830e-01,2.623945200000000200e-01,-1.953497499999999887e-01,6.458105999999999569e-02,-5.338334000000000135e-02,9.918820000000000067e-03,2.082608499999999974e-01,2.252733399999999886e-01,6.369991900000000484e-01,-5.201154900000000136e-01,2.842983000000000038e-01,-2.095323199999999941e-01,-1.679657300000000075e-01,2.692200000000000062e-03,2.000260899999999897e-01,-5.769422699999999793e-01,5.291036999999999546e-01,2.133871300000000082e-01,1.799004800000000015e-01,-1.045971700000000032e-01,7.020514999999999395e-02
2.814023730000000167e+00,-2.965817499999999773e-01,8.153832600000000541e-01,-1.769050999999999957e-02,-8.784801999999999889e-02,9.062310000000000504e-03,-9.959354999999999736e-01,4.513178000000000328e-02,3.593551199999999723e-01,4.966971600000000264e-01,3.678340299999999785e-01,-1.695569500000000118e-01,-3.978254999999999986e-02,1.127079899999999940e-01,-1.774985500000000049e-01,-4.664306599999999969e-01,2.554667899999999992e-01,-1.914611499999999966e-01,6.443076999999999832e-02,-6.611894000000000104e-02,2.092012999999999859e-02,2.092429399999999884e-01,2.248985599999999974e-01,6.293679500000000093e-01,-5.256148000000000486e-01,2.865454299999999899e-01,-2.179896100000000003e-01,-1.635306900000000063e-01,-7.397900000000000439e-04,2.024284899999999887e-01,-5.979251899999999953e-01,5.332871700000000326e-01,2.121664400000000117e-01,1.843722299999999981e-01,-1.066711699999999957e-01,7.954827000000000425e-02
2.812813760000000052e+00,-2.965793600000000141e-01,8.160067199999999632e-01,-1.893680999999999837e-02,-8.792365000000000597e-02,1.345048000000000077e-02,-9.958563400000000065e-01,5.119060999999999750e-02,3.706902599999999937e-01,4.986203300000000005e-01,3.669837699999999869e-01,-1.713050799999999985e-01,-3.963281999999999916e-02,1.130509400000000025e-01,-1.645556800000000097e-01,-4.624494299999999947e-01,2.496106200000000053e-01,-1.863327800000000034e-01,6.507119999999999571e-02,-7.783779999999999866e-02,3.194790000000000130e-02,2.097466400000000120e-01,2.241251900000000019e-01,6.216258999999999535e-01,-5.302883999999999931e-01,2.885053799999999780e-01,-2.257493299999999981e-01,-1.595071399999999917e-01,-4.029979999999999847e-03,2.038115299999999908e-01,-6.156963699999999928e-01,5.351737699999999931e-01,2.099453099999999961e-01,1.884757999999999989e-01,-1.076034099999999966e-01,8.770498000000000183e-02
2.811549429999999905e+00,-2.974764100000000244e-01,8.166953300000000526e-01,-2.088227999999999959e-02,-8.772607000000000321e-02,1.637896000000000143e-02,-9.957910800000000506e-01,5.904869000000000090e-02,3.758163199999999815e-01,5.014303300000000352e-01,3.617080699999999926e-01,-1.730864000000000014e-01,-3.872456999999999983e-02,1.114195099999999994e-01,-1.566653399999999863e-01,-4.564701600000000137e-01,2.450720999999999872e-01,-1.801749300000000109e-01,6.642613999999999463e-02,-8.803002000000000049e-02,4.244304000000000132e-02,2.097156500000000035e-01,2.228589400000000054e-01,6.142817699999999492e-01,-5.341216899999999823e-01,2.901189599999999813e-01,-2.323016400000000037e-01,-1.561055600000000043e-01,-7.151450000000000168e-03,2.043606299999999876e-01,-6.301922800000000491e-01,5.355740799999999524e-01,2.073557199999999934e-01,1.924697300000000055e-01,-1.074343499999999979e-01,9.446567999999999632e-02
2.810290339999999887e+00,-2.992146299999999814e-01,8.174264999999999448e-01,-2.337996999999999992e-02,-8.722660999999999609e-02,1.775759999999999839e-02,-9.957557900000000295e-01,6.814330000000000387e-02,3.746521199999999774e-01,5.049233400000000538e-01,3.523944900000000047e-01,-1.747798299999999971e-01,-3.715679000000000204e-02,1.078266100000000033e-01,-1.540253900000000120e-01,-4.488531900000000130e-01,2.420099199999999895e-01,-1.732319300000000062e-01,6.837013000000000118e-02,-9.628928999999999960e-02,5.189927999999999902e-02,2.091393500000000016e-01,2.210756399999999899e-01,6.077747300000000408e-01,-5.370808200000000143e-01,2.913442600000000215e-01,-2.372698599999999991e-01,-1.534974400000000128e-01,-1.008122000000000011e-02,2.042930400000000091e-01,-6.414502899999999785e-01,5.352716400000000485e-01,2.050712100000000038e-01,1.965405799999999925e-01,-1.062815299999999991e-01,9.969804000000000166e-02
2.809102059999999845e+00,-3.016911700000000085e-01,8.181738299999999908e-01,-2.627097000000000113e-02,-8.641643999999999715e-02,1.759277999999999884e-02,-9.957572799999999669e-01,7.780547000000000157e-02,3.674937799999999921e-01,5.087823900000000288e-01,3.397132500000000221e-01,-1.762823900000000110e-01,-3.504071000000000269e-02,1.023763899999999977e-01,-1.564977899999999977e-01,-4.399944199999999972e-01,2.404624800000000062e-01,-1.657572400000000001e-01,7.074150999999999356e-02,-1.023269299999999965e-01,5.988784999999999942e-02,2.080463200000000068e-01,2.188153599999999865e-01,6.024395799999999745e-01,-5.391044600000000075e-01,2.921704900000000049e-01,-2.404369899999999893e-01,-1.518038200000000060e-01,-1.280974000000000002e-02,2.038180800000000126e-01,-6.495445399999999481e-01,5.349085900000000171e-01,2.037434999999999941e-01,2.007774999999999976e-01,-1.043235799999999991e-01,1.033412999999999971e-01
2.808053020000000011e+00,-3.047661500000000134e-01,8.189077399999999951e-01,-2.939624000000000056e-02,-8.530609000000000108e-02,1.598472000000000087e-02,-9.957927500000000043e-01,8.730369999999999797e-02,3.549896799999999741e-01,5.125941000000000525e-01,3.245739300000000105e-01,-1.775156699999999865e-01,-3.249198999999999837e-02,9.526010999999999507e-02,-1.636162800000000028e-01,-4.302828599999999892e-01,2.403285500000000019e-01,-1.579891099999999882e-01,7.335867999999999556e-02,-1.059790399999999966e-01,6.607934999999999504e-02,2.064959100000000047e-01,2.161699699999999891e-01,5.984740299999999902e-01,-5.400976499999999847e-01,2.926351999999999842e-01,-2.417724300000000104e-01,-1.510849400000000009e-01,-1.533984000000000042e-02,2.031145400000000101e-01,-6.545748099999999514e-01,5.349298700000000295e-01,2.039624300000000001e-01,2.051840699999999962e-01,-1.017820499999999989e-01,1.053954099999999949e-01
2.807210679999999847e+00,-3.082732300000000092e-01,8.195983799999999597e-01,-3.261105000000000254e-02,-8.392407000000000339e-02,1.311852999999999977e-02,-9.958519900000000202e-01,9.589685000000000570e-02,3.380857400000000235e-01,5.158761099999999988e-01,3.080601700000000220e-01,-1.784310799999999919e-01,-2.962431999999999913e-02,8.674234999999999585e-02,-1.746211099999999961e-01,-4.200644199999999939e-01,2.413690800000000136e-01,-1.501283599999999885e-01,7.603706000000000353e-02,-1.072082099999999982e-01,7.026150999999999924e-02,2.045684500000000128e-01,2.132650899999999905e-01,5.959132900000000399e-01,-5.399310000000000498e-01,2.928456400000000182e-01,-2.414445299999999905e-01,-1.513296799999999942e-01,-1.768045999999999854e-02,2.023047500000000054e-01,-6.566442799999999691e-01,5.355378400000000427e-01,2.062201100000000120e-01,2.097032400000000130e-01,-9.889581000000000066e-02,1.059103099999999936e-01
2.806637289999999840e+00,-3.120332100000000053e-01,8.202174899999999935e-01,-3.580085999999999685e-02,-8.231489000000000167e-02,9.249389999999999695e-03,-9.959201800000000437e-01,1.028905700000000006e-01,3.179455400000000265e-01,5.181100400000000494e-01,2.913485499999999839e-01,-1.790143800000000007e-01,-2.654325999999999908e-02,7.713762999999999870e-02,-1.885201800000000094e-01,-4.096145900000000006e-01,2.432326999999999961e-01,-1.423207400000000011e-01,7.860499999999999432e-02,-1.061009100000000066e-01,7.235173000000000298e-02,2.023571700000000029e-01,2.102361899999999895e-01,5.946148599999999673e-01,-5.384411199999999953e-01,2.929967600000000227e-01,-2.398257299999999870e-01,-1.524505300000000008e-01,-1.983180999999999833e-02,2.014398900000000103e-01,-6.558616200000000340e-01,5.366843300000000427e-01,2.108913400000000105e-01,2.142567800000000078e-01,-9.589648000000000616e-02,1.049724800000000069e-01
2.806387659999999951e+00,-3.158699600000000052e-01,8.207408800000000060e-01,-3.889759000000000272e-02,-8.053670999999999747e-02,4.682940000000000019e-03,-9.959814000000000167e-01,1.076933900000000000e-01,2.958514999999999895e-01,5.187814200000000486e-01,2.756164700000000023e-01,-1.792903499999999872e-01,-2.333908999999999984e-02,6.677808000000000355e-02,-2.041736500000000121e-01,-3.991253100000000109e-01,2.455057700000000120e-01,-1.346488700000000038e-01,8.091611999999999416e-02,-1.028617700000000051e-01,7.240294999999999370e-02,1.999623899999999899e-01,2.071986000000000105e-01,5.942593800000000037e-01,-5.354335300000000464e-01,2.933863400000000232e-01,-2.374775399999999870e-01,-1.542835100000000126e-01,-2.176890000000000075e-02,2.004911500000000069e-01,-6.523535799999999885e-01,5.380833099999999813e-01,2.182267800000000091e-01,2.187908399999999864e-01,-9.298784000000000216e-02,1.026853499999999947e-01
2.806505679999999892e+00,-3.196263899999999825e-01,8.211504200000000475e-01,-4.189447999999999783e-02,-7.865819000000000283e-02,-2.482200000000000053e-04,-9.960208499999999576e-01,1.098657799999999962e-01,2.730972799999999978e-01,5.174221399999999749e-01,2.619470400000000199e-01,-1.793249100000000040e-01,-2.007990000000000122e-02,5.597599999999999798e-02,-2.203940500000000080e-01,-3.887041199999999863e-01,2.477759700000000120e-01,-1.271305799999999930e-01,8.285818000000000350e-02,-9.780376999999999821e-02,7.060067999999999899e-02,1.974864000000000064e-01,2.042146300000000081e-01,5.943716799999999578e-01,-5.306845900000000116e-01,2.944170799999999977e-01,-2.351196600000000081e-01,-1.566009399999999940e-01,-2.342044999999999891e-02,1.993478999999999945e-01,-6.462831500000000284e-01,5.392380399999999741e-01,2.283522900000000133e-01,2.233126900000000081e-01,-9.033404000000000433e-02,9.914563999999999322e-02
2.807022569999999995e+00,-3.231794199999999950e-01,8.214352700000000507e-01,-4.485717000000000176e-02,-7.675466999999999707e-02,-5.209669999999999579e-03,-9.960268100000000402e-01,1.091570500000000055e-01,2.508832500000000021e-01,5.136562599999999756e-01,2.512399300000000002e-01,-1.792227600000000087e-01,-1.680519000000000110e-02,4.498689000000000160e-02,-2.360515300000000094e-01,-3.783828599999999875e-01,2.496986999999999957e-01,-1.197243600000000019e-01,8.435760000000000480e-02,-9.133468999999999616e-02,6.725127000000000188e-02,1.950307599999999975e-01,2.012590300000000054e-01,5.943644000000000149e-01,-5.239448500000000175e-01,2.965834399999999760e-01,-2.335785499999999959e-01,-1.591326999999999880e-01,-2.465095999999999954e-02,1.978195500000000107e-01,-6.378688200000000030e-01,5.394757399999999814e-01,2.412675200000000131e-01,2.279152999999999873e-01,-8.805781000000000025e-02,9.441120999999999541e-02
2.807957889999999956e+00,-3.264516599999999769e-01,8.215923299999999818e-01,-4.792901000000000106e-02,-7.490283000000000357e-02,-9.890319999999999320e-03,-9.959892599999999874e-01,1.055255499999999957e-01,2.302266199999999929e-01,5.072473299999999963e-01,2.441363500000000020e-01,-1.791179499999999980e-01,-1.352117000000000076e-02,3.398073000000000066e-02,-2.501742499999999869e-01,-3.681371800000000083e-01,2.510499400000000270e-01,-1.123397500000000021e-01,8.538057999999999759e-02,-8.393694000000000155e-02,6.276054999999999828e-02,1.926938599999999946e-01,1.981859699999999891e-01,5.936038500000000440e-01,-5.149396099999999921e-01,3.004368800000000173e-01,-2.337234300000000098e-01,-1.615997700000000037e-01,-2.524362999999999954e-02,1.956425199999999864e-01,-6.274044500000000024e-01,5.379872900000000069e-01,2.568373400000000251e-01,2.327853599999999967e-01,-8.624996999999999525e-02,8.846399000000000623e-02
2.809319260000000096e+00,-3.294179700000000044e-01,8.216261900000000340e-01,-5.132895999999999986e-02,-7.317440000000000055e-02,-1.402510000000000041e-02,-9.958986600000000466e-01,9.913913000000000586e-02,2.118974299999999977e-01,4.981462099999999782e-01,2.409655199999999886e-01,-1.791561700000000035e-01,-1.020016999999999972e-02,2.302937999999999860e-02,-2.620321800000000034e-01,-3.579150099999999779e-01,2.517528800000000122e-01,-1.048540000000000028e-01,8.593153000000000596e-02,-7.614033000000000606e-02,5.760421999999999765e-02,1.905677000000000065e-01,1.947028199999999987e-01,5.914956900000000184e-01,-5.033698100000000286e-01,3.065295800000000237e-01,-2.363927999999999863e-01,-1.637549500000000102e-01,-2.488854999999999887e-02,1.924910099999999902e-01,-6.152768100000000073e-01,5.338700400000000457e-01,2.747722899999999746e-01,2.381929600000000091e-01,-8.498888999999999749e-02,8.117375999999999758e-02
2.811106440000000095e+00,-3.321060499999999860e-01,8.215479900000000058e-01,-5.534056999999999865e-02,-7.162896000000000540e-02,-1.741314999999999877e-02,-9.957426799999999911e-01,9.035485000000000044e-02,1.963869299999999873e-01,4.865334900000000129e-01,2.417179000000000133e-01,-1.794693599999999944e-01,-6.784970000000000410e-03,1.211619000000000064e-02,-2.711961900000000036e-01,-3.476746399999999793e-01,2.518705099999999919e-01,-9.713120000000000087e-02,8.604958999999999525e-02,-6.848661999999999805e-02,5.229099000000000247e-02,1.887330999999999870e-01,1.903558200000000089e-01,5.875801400000000285e-01,-4.889111500000000166e-01,3.153367599999999937e-01,-2.423223599999999867e-01,-1.654292800000000119e-01,-2.317434999999999981e-02,1.879925400000000135e-01,-6.019808700000000012e-01,5.261765099999999862e-01,2.945953299999999886e-01,2.444620600000000088e-01,-8.436610999999999416e-02,7.226786000000000321e-02
2.813314909999999891e+00,-3.345900199999999880e-01,8.213734000000000313e-01,-6.029165000000000219e-02,-7.030604999999999494e-02,-1.992982000000000087e-02,-9.955022900000000119e-01,7.967812999999999979e-02,1.839111099999999888e-01,4.728476400000000135e-01,2.460495400000000110e-01,-1.801436200000000043e-01,-3.198879999999999866e-03,1.169579999999999925e-03,-2.775664899999999990e-01,-3.374281800000000220e-01,2.515659599999999774e-01,-8.904650999999999539e-02,8.580272999999999373e-02,-6.148508999999999919e-02,4.732158000000000198e-02,1.872534799999999999e-01,1.845324499999999868e-01,5.816257000000000232e-01,-4.712167999999999912e-01,3.271605399999999997e-01,-2.520804700000000009e-01,-1.665759400000000057e-01,-1.959067999999999921e-02,1.817488200000000054e-01,-5.881299399999999622e-01,5.139728799999999653e-01,3.155959500000000140e-01,2.519275000000000264e-01,-8.451319000000000192e-02,6.132005000000000094e-02
2.815940620000000116e+00,-3.369779299999999811e-01,8.211209200000000319e-01,-6.652598999999999319e-02,-6.921837000000000129e-02,-2.153104999999999949e-02,-9.951480000000000325e-01,6.770542000000000227e-02,1.744475199999999948e-01,4.577916300000000049e-01,2.533181299999999747e-01,-1.811868500000000104e-01,6.392999999999999811e-04,-9.881410000000000193e-03,-2.813663200000000031e-01,-3.272863899999999826e-01,2.510400400000000198e-01,-8.051176999999999639e-02,8.528109999999999857e-02,-5.556198999999999860e-02,4.314698000000000144e-02,1.861679099999999920e-01,1.764867900000000045e-01,5.737043600000000243e-01,-4.499267000000000127e-01,3.420232799999999851e-01,-2.660170800000000169e-01,-1.673066199999999892e-01,-1.353737999999999990e-02,1.733589199999999997e-01,-5.744520400000000526e-01,4.964033099999999865e-01,3.367812900000000109e-01,2.608760900000000049e-01,-8.561971999999999638e-02,4.776231999999999700e-02
2.818986890000000134e+00,-3.393946899999999989e-01,8.208088900000000132e-01,-7.436921000000000503e-02,-6.834724000000000355e-02,-2.225014999999999979e-02,-9.946370100000000436e-01,5.505629000000000078e-02,1.677972799999999931e-01,4.423086900000000043e-01,2.626499500000000209e-01,-1.825041799999999881e-01,4.797769999999999813e-03,-2.103874999999999842e-02,-2.831044500000000075e-01,-3.174971899999999847e-01,2.504640499999999936e-01,-7.150341000000000335e-02,8.458859000000000516e-02,-5.100956999999999714e-02,4.012973999999999708e-02,1.854851499999999875e-01,1.653925800000000113e-01,5.642331800000000008e-01,-4.246862499999999874e-01,3.595656199999999747e-01,-2.842274900000000271e-01,-1.679117999999999999e-01,-4.350200000000000247e-03,1.624513599999999891e-01,-5.617891600000000096e-01,4.727880700000000047e-01,3.568490699999999904e-01,2.714884599999999870e-01,-8.794132000000000338e-02,3.093405000000000113e-02
2.822468039999999956e+00,-3.419624299999999839e-01,8.204527499999999529e-01,-8.409268000000000298e-02,-6.764149999999999330e-02,-2.218712000000000115e-02,-9.939118599999999804e-01,4.230294999999999889e-02,1.636624000000000134e-01,4.275221200000000055e-01,2.730318299999999754e-01,-1.838831900000000019e-01,9.315500000000000863e-03,-3.216664999999999802e-02,-2.835102099999999847e-01,-3.084685200000000238e-01,2.499300200000000027e-01,-6.208968000000000126e-02,8.383219999999999561e-02,-4.793970000000000176e-02,3.851249000000000339e-02,1.851796199999999892e-01,1.504213699999999987e-01,5.539667600000000025e-01,-3.951801999999999815e-01,3.789637699999999776e-01,-3.065319699999999870e-01,-1.688580699999999990e-01,8.653680000000000400e-03,1.487020099999999956e-01,-5.510427399999999754e-01,4.426989299999999905e-01,3.741749500000000062e-01,2.837714000000000070e-01,-9.178389000000000686e-02,1.016438000000000064e-02
2.826413389999999914e+00,-3.447811599999999754e-01,8.200629400000000180e-01,-9.588029000000000690e-02,-6.702144000000000157e-02,-2.149225000000000094e-02,-9.929013799999999446e-01,2.990701000000000123e-02,1.617249500000000062e-01,4.146395299999999784e-01,2.834194300000000277e-01,-1.849955600000000033e-01,1.418962000000000001e-02,-4.293787999999999772e-02,-2.834472100000000050e-01,-3.007631599999999739e-01,2.494326199999999938e-01,-5.245065000000000144e-02,8.311237000000000485e-02,-4.624919999999999726e-02,3.839694999999999914e-02,1.851914500000000074e-01,1.308423300000000067e-01,5.439323200000000247e-01,-3.611832600000000060e-01,3.988907300000000267e-01,-3.324701800000000040e-01,-1.707586799999999960e-01,2.611066000000000081e-02,1.318573200000000001e-01,-5.431205599999999745e-01,4.060684700000000147e-01,3.868615300000000090e-01,2.975134300000000231e-01,-9.747156999999999349e-02,-1.511423999999999927e-02
2.830867290000000036e+00,-3.479124900000000187e-01,8.196420700000000004e-01,-1.098027200000000064e-01,-6.638782000000000016e-02,-2.034605000000000094e-02,-9.915251699999999557e-01,1.817279999999999937e-02,1.617168800000000073e-01,4.048325700000000027e-01,2.928537099999999893e-01,-1.854172799999999899e-01,1.937122999999999970e-02,-5.280858000000000080e-02,-2.838155900000000065e-01,-2.950621800000000072e-01,2.488910099999999959e-01,-4.288571000000000050e-02,8.251345000000000207e-02,-4.560449999999999920e-02,3.973588000000000120e-02,1.854317500000000063e-01,1.061345699999999975e-01,5.353093700000000066e-01,-3.226261400000000057e-01,4.175415000000000099e-01,-3.613076499999999802e-01,-1.743133799999999900e-01,4.852473999999999676e-02,1.117451299999999981e-01,-5.388509599999999899e-01,3.632854799999999940e-01,3.928431000000000006e-01,3.122623900000000008e-01,-1.052955899999999945e-01,-4.523470999999999742e-02
2.835887909999999845e+00,-3.513686100000000256e-01,8.191842999999999764e-01,-1.258042799999999906e-01,-6.563534999999999509e-02,-1.893813999999999914e-02,-9.897002599999999983e-01,7.225449999999999581e-03,1.634700900000000123e-01,3.991076100000000015e-01,3.005666699999999802e-01,-1.846600499999999923e-01,2.476787999999999906e-02,-6.103275999999999840e-02,-2.854507299999999859e-01,-2.920922899999999767e-01,2.482024600000000136e-01,-3.380297000000000163e-02,8.209932999999999814e-02,-4.545144999999999741e-02,4.233913999999999733e-02,1.857916599999999974e-01,7.609681999999999558e-02,5.292662999999999673e-01,-2.796680599999999961e-01,4.327401200000000059e-01,-3.920585200000000214e-01,-1.802239700000000111e-01,7.617024000000000017e-02,8.827434000000000669e-02,-5.388780199999999576e-01,3.152731999999999757e-01,3.900553299999999779e-01,3.273446899999999937e-01,-1.154525700000000044e-01,-8.016507000000000494e-02
2.841539860000000139e+00,-3.551077799999999840e-01,8.186746200000000195e-01,-1.437045899999999932e-01,-6.466900999999999899e-02,-1.744777000000000133e-02,-9.873512399999999634e-01,-2.982949999999999838e-03,1.669408500000000017e-01,3.981882600000000161e-01,3.060650799999999894e-01,-1.822110100000000066e-01,3.025337000000000165e-02,-6.671862000000000625e-02,-2.890276900000000038e-01,-2.925268100000000260e-01,2.473083000000000087e-01,-2.568772999999999890e-02,8.191408999999999496e-02,-4.505388999999999922e-02,4.589299000000000156e-02,1.861550700000000058e-01,4.093795000000000073e-02,5.267769700000000110e-01,-2.327636899999999953e-01,4.421324699999999996e-01,-4.235269700000000026e-01,-1.890929000000000082e-01,1.089963199999999938e-01,6.142589999999999856e-02,-5.435522799999999988e-01,2.635313300000000081e-01,3.766582600000000225e-01,3.419332199999999822e-01,-1.279826299999999861e-01,-1.194036200000000020e-01
2.847887039999999814e+00,-3.590365600000000046e-01,8.180900199999999733e-01,-1.632162600000000019e-01,-6.342003000000000223e-02,-1.602829999999999880e-02,-9.844193500000000263e-01,-1.263972000000000012e-02,1.722077599999999875e-01,4.024299100000000018e-01,3.091771300000000222e-01,-1.775702200000000008e-01,3.568082000000000198e-02,-6.892318999999999529e-02,-2.949800499999999936e-01,-2.968746700000000072e-01,2.462467999999999879e-01,-1.905219999999999830e-02,8.198927999999999772e-02,-4.355968000000000340e-02,4.999079000000000023e-02,1.864116200000000001e-01,1.331300000000000105e-03,5.284493000000000107e-01,-1.827061299999999944e-01,4.434570999999999930e-01,-4.543725000000000125e-01,-2.013186100000000089e-01,1.465507400000000127e-01,3.123874999999999916e-02,-5.528334400000000093e-01,2.101265800000000072e-01,3.512891799999999787e-01,3.551624999999999921e-01,-1.427191299999999996e-01,-1.619210500000000108e-01
2.854982849999999850e+00,-3.630186300000000088e-01,8.174018299999999959e-01,-1.839756800000000025e-01,-6.185874999999999707e-02,-1.479695999999999963e-02,-9.808707800000000532e-01,-2.201782000000000045e-02,1.794465500000000102e-01,4.117807700000000182e-01,3.100566900000000237e-01,-1.702808399999999889e-01,4.089609000000000300e-02,-6.677143000000000661e-02,-3.034412599999999904e-01,-3.053771299999999966e-01,2.451682199999999923e-01,-1.437276000000000005e-02,8.235510000000000053e-02,-4.009091000000000043e-02,5.417229999999999962e-02,1.864682699999999915e-01,-4.158164999999999778e-02,5.343989700000000287e-01,-1.306291199999999875e-01,4.348639499999999991e-01,-4.832049900000000009e-01,-2.170053700000000030e-01,1.879425200000000018e-01,-2.201809999999999792e-03,-5.662270799999999937e-01,1.576163600000000109e-01,3.133095799999999764e-01,3.662768599999999819e-01,-1.592613900000000027e-01,-2.061689800000000017e-01
2.862858530000000012e+00,-3.668879899999999972e-01,8.165789199999999859e-01,-2.055817100000000008e-01,-6.000140000000000334e-02,-1.383058000000000030e-02,-9.767008999999999830e-01,-3.141159000000000312e-02,1.888877300000000037e-01,4.257961499999999844e-01,3.091417000000000193e-01,-1.599482999999999877e-01,4.574853999999999726e-02,-5.958217999999999848e-02,-3.142160800000000087e-01,-3.179354400000000136e-01,2.443012999999999990e-01,-1.202779000000000001e-02,8.305208999999999508e-02,-3.384790000000000021e-02,5.796716999999999842e-02,1.862573600000000107e-01,-8.624598999999999460e-02,5.441957099999999992e-01,-7.795615999999999657e-02,4.152362600000000237e-01,-5.087060300000000312e-01,-2.359041100000000002e-01,2.318575999999999970e-01,-3.876618999999999898e-02,-5.827728500000000089e-01,1.089008699999999968e-01,2.630028400000000155e-01,3.747847400000000051e-01,-1.769767899999999949e-01,-2.501614099999999730e-01
2.871515749999999922e+00,-3.704650400000000232e-01,8.155915700000000434e-01,-2.276357900000000045e-01,-5.790909000000000334e-02,-1.316671999999999981e-02,-9.719337200000000010e-01,-4.107405000000000084e-02,2.007648200000000105e-01,4.437017100000000269e-01,3.070729999999999849e-01,-1.462509200000000065e-01,5.009751999999999955e-02,-4.698006999999999878e-02,-3.267873199999999922e-01,-3.340849300000000022e-01,2.438751600000000075e-01,-1.224833999999999992e-02,8.413789000000000684e-02,-2.421504999999999838e-02,6.093889000000000250e-02,1.857396699999999956e-01,-1.308060100000000003e-01,5.568991899999999884e-01,-2.629304999999999837e-02,3.844584500000000071e-01,-5.297687599999999497e-01,-2.573987500000000095e-01,2.766354699999999944e-01,-7.826735999999999416e-02,-6.010975200000000518e-01,6.700788000000000577e-02,2.016817599999999877e-01,3.805855200000000105e-01,-1.950356799999999891e-01,-2.916266900000000217e-01
2.880920650000000194e+00,-3.735737800000000219e-01,8.144153400000000431e-01,-2.497761699999999918e-01,-5.567907999999999885e-02,-1.280875000000000069e-02,-9.666165700000000083e-01,-5.116641000000000244e-02,2.152605200000000107e-01,4.644924699999999906e-01,3.045851299999999817e-01,-1.289457699999999873e-01,5.381447999999999787e-02,-2.897425000000000000e-02,-3.403601099999999935e-01,-3.530234999999999901e-01,2.440187199999999945e-01,-1.509241000000000055e-02,8.568573999999999635e-02,-1.085304999999999950e-02,6.272527999999999437e-02,1.849025300000000094e-01,-1.732649500000000009e-01,5.711809399999999703e-01,2.272613999999999884e-02,3.435744600000000259e-01,-5.456353400000000242e-01,-2.805451999999999946e-01,3.204035199999999972e-01,-1.204325299999999960e-01,-6.195328199999999841e-01,3.482799999999999785e-02,1.316734400000000027e-01,3.840348699999999726e-01,-2.124753699999999967e-01,-3.282136600000000182e-01
2.891000749999999897e+00,-3.760576800000000053e-01,8.130346499999999699e-01,-2.717014600000000057e-01,-5.343007999999999785e-02,-1.273299999999999953e-02,-9.608128700000000411e-01,-6.172757999999999717e-02,2.324584600000000056e-01,4.870492200000000049e-01,3.023861299999999752e-01,-1.078762699999999963e-01,5.678244000000000347e-02,-5.989740000000000342e-03,-3.539415300000000042e-01,-3.736906300000000236e-01,2.446708700000000125e-01,-2.044754000000000016e-02,8.777256999999999421e-02,6.236890000000000142e-03,6.307208000000000259e-02,1.837535200000000035e-01,-2.116740599999999972e-01,5.855153199999999503e-01,6.761747999999999370e-02,2.947937299999999761e-01,-5.560087599999999908e-01,-3.041605099999999950e-01,3.612526400000000137e-01,-1.648650299999999957e-01,-6.362875700000000245e-01,1.483068000000000060e-02,5.616768999999999928e-02,3.859254699999999927e-01,-2.282855199999999918e-01,-3.577251699999999812e-01
2.901646609999999793e+00,-3.777933700000000172e-01,8.114447000000000187e-01,-2.931798999999999933e-01,-5.128433999999999771e-02,-1.289614000000000038e-02,-9.545937199999999789e-01,-7.266496000000000066e-02,2.523043500000000106e-01,5.102543800000000074e-01,3.010433599999999821e-01,-8.298663000000000567e-02,5.889541999999999694e-02,2.115424999999999944e-02,-3.664480999999999988e-01,-3.948836000000000013e-01,2.455334799999999984e-01,-2.805867000000000083e-02,9.045841000000000298e-02,2.668780999999999931e-02,6.185708000000000178e-02,1.823111799999999894e-01,-2.443253499999999967e-01,5.984035100000000273e-01,1.072186799999999968e-01,2.413263200000000108e-01,-5.611127000000000198e-01,-3.269507600000000069e-01,3.974306000000000227e-01,-2.110066700000000073e-01,-6.496504499999999904e-01,8.798040000000000027e-03,-2.106275999999999982e-02,3.873805699999999796e-01,-2.415039499999999950e-01,-3.783472800000000080e-01
2.912715439999999933e+00,-3.787011499999999864e-01,8.096532199999999513e-01,-3.140464700000000220e-01,-4.935022000000000020e-02,-1.324167000000000052e-02,-9.480316600000000538e-01,-8.376474999999999893e-02,2.745812200000000147e-01,5.330932099999999840e-01,3.008929499999999924e-01,-5.434400999999999815e-02,6.006029999999999702e-02,5.131689999999999863e-02,-3.768283700000000236e-01,-4.153887299999999838e-01,2.460887900000000017e-01,-3.757197000000000314e-02,9.376257000000000341e-02,4.978741999999999890e-02,5.910263999999999796e-02,1.805948900000000079e-01,-2.699224900000000149e-01,6.085912599999999673e-01,1.408204000000000122e-01,1.870610000000000051e-01,-5.616795399999999772e-01,-3.476581599999999939e-01,4.275235499999999744e-01,-2.581143399999999977e-01,-6.581929300000000094e-01,1.761771999999999991e-02,-9.603667999999999927e-02,3.896761499999999989e-01,-2.513103500000000157e-01,-3.888411199999999845e-01
2.924038649999999961e+00,-3.787511599999999756e-01,8.076801300000000516e-01,-3.341900999999999899e-01,-4.770833000000000018e-02,-1.370484999999999932e-02,-9.411976899999999757e-01,-9.471741000000000188e-02,2.989014400000000182e-01,5.547285100000000080e-01,3.019861300000000193e-01,-2.216349999999999917e-02,6.020165999999999712e-02,8.314918999999999782e-02,-3.841843300000000183e-01,-4.341077799999999987e-01,2.456819299999999928e-01,-4.858156000000000280e-02,9.764386999999999373e-02,7.454396000000000633e-02,5.497504999999999753e-02,1.786153600000000008e-01,-2.877051800000000048e-01,6.152401600000000359e-01,1.682332900000000075e-01,1.361304799999999982e-01,-5.588654299999999964e-01,-3.652037699999999831e-01,4.505972599999999995e-01,-3.052638799999999875e-01,-6.609381399999999518e-01,4.116819000000000034e-02,-1.649822599999999917e-01,3.940314400000000106e-01,-2.571063000000000098e-01,-3.886696700000000226e-01
2.935428379999999837e+00,-3.779654800000000203e-01,8.055564800000000192e-01,-3.535362499999999963e-01,-4.640321000000000029e-02,-1.421653999999999973e-02,-9.341609499999999899e-01,-1.051511599999999935e-01,3.247163599999999817e-01,5.745469899999999797e-01,3.040797100000000031e-01,1.316993999999999977e-02,5.927008999999999750e-02,1.152309599999999934e-01,-3.878741900000000076e-01,-4.501593400000000189e-01,2.436496200000000112e-01,-6.066830000000000139e-02,1.019917199999999941e-01,9.978905999999999887e-02,4.977004000000000150e-02,1.763679499999999956e-01,-2.975096099999999799e-01,6.180236900000000144e-01,1.897763799999999945e-01,9.243102999999999736e-02,-5.540996200000000149e-01,-3.788042999999999827e-01,4.662773599999999741e-01,-3.513888700000000198e-01,-6.574690899999999782e-01,7.831778999999999824e-02,-2.247346799999999922e-01,4.014099799999999996e-01,-2.585725199999999724e-01,-3.780424299999999849e-01
2.946686269999999830e+00,-3.764159999999999728e-01,8.033223200000000341e-01,-3.720291299999999857e-01,-4.544150999999999746e-02,-1.470657000000000041e-02,-9.269914000000000209e-01,-1.146692400000000056e-01,3.513443800000000117e-01,5.921773299999999463e-01,3.066727499999999940e-01,5.109175999999999995e-02,5.725203000000000236e-02,1.462111500000000119e-01,-3.875811399999999907e-01,-4.629436100000000054e-01,2.394611500000000115e-01,-7.342364999999999309e-02,1.066319099999999964e-01,1.243027700000000069e-01,4.388476999999999656e-02,1.738302700000000089e-01,-2.997580200000000139e-01,6.171358799999999700e-01,2.061913200000000113e-01,5.917337999999999765e-02,-5.488969099999999601e-01,-3.880454899999999929e-01,4.747584799999999827e-01,-3.953539699999999990e-01,-6.479586999999999986e-01,1.270406699999999944e-01,-2.730518000000000112e-01,4.123753000000000002e-01,-2.556968299999999861e-01,-3.578748999999999958e-01
2.957612989999999886e+00,-3.742176600000000075e-01,8.010242600000000435e-01,-3.896173800000000131e-01,-4.479604999999999698e-02,-1.510774999999999965e-02,-9.197626700000000044e-01,-1.228878100000000001e-01,3.780157299999999942e-01,6.074824899999999861e-01,3.090851000000000015e-01,9.086780999999999331e-02,5.417985000000000162e-02,1.749314800000000003e-01,-3.833391400000000226e-01,-4.721684800000000015e-01,2.328355799999999864e-01,-8.645948999999999995e-02,1.113468700000000006e-01,1.469430899999999984e-01,3.777786000000000338e-02,1.709651500000000102e-01,-2.953798200000000151e-01,6.132168199999999958e-01,2.185020000000000018e-01,3.853490999999999861e-02,-5.446637300000000126e-01,-3.929033900000000190e-01,4.767436400000000241e-01,-4.360546200000000039e-01,-6.331190500000000165e-01,1.846318799999999982e-01,-3.087997399999999892e-01,4.270264799999999861e-01,-2.487701499999999954e-01,-3.296709099999999837e-01
2.968015910000000090e+00,-3.715183699999999867e-01,7.987124300000000288e-01,-4.062446399999999902e-01,-4.441432000000000019e-02,-1.536048999999999921e-02,-9.125550999999999524e-01,-1.294729000000000019e-01,4.039311700000000060e-01,6.205303699999999978e-01,3.105673199999999801e-01,1.316262599999999949e-01,5.013854000000000227e-02,2.005175800000000008e-01,-3.755122699999999814e-01,-4.778374100000000180e-01,2.238046999999999953e-01,-9.940859000000000500e-02,1.159054999999999946e-01,1.667599999999999916e-01,3.192145999999999872e-02,1.677294699999999916e-01,-2.856788900000000186e-01,6.072159999999999780e-01,2.278481099999999926e-01,3.146224999999999716e-02,-5.425337599999999760e-01,-3.937149899999999869e-01,4.733275200000000016e-01,-4.725258900000000040e-01,-6.140826900000000421e-01,2.479892399999999997e-01,-3.319850300000000143e-01,4.450204099999999774e-01,-2.383519699999999963e-01,-2.953498399999999746e-01
2.977720020000000023e+00,-3.684861999999999860e-01,7.964376800000000367e-01,-4.218464499999999839e-01,-4.422924999999999773e-02,-1.541795999999999965e-02,-9.054565999999999448e-01,-1.341738000000000097e-01,4.283283700000000138e-01,6.315478700000000112e-01,3.104213200000000006e-01,1.724106800000000106e-01,4.526730999999999810e-02,2.224267900000000131e-01,-3.647336999999999940e-01,-4.802090199999999864e-01,2.127096500000000001e-01,-1.119245700000000010e-01,1.200964000000000059e-01,1.830801099999999904e-01,2.675061000000000105e-02,1.640865999999999991e-01,-2.721689600000000153e-01,6.002231799999999673e-01,2.353247400000000045e-01,3.764663000000000037e-02,-5.432562800000000358e-01,-3.911058600000000274e-01,4.658456400000000053e-01,-5.040429800000000293e-01,-5.922396199999999666e-01,3.139191000000000065e-01,-3.436354999999999826e-01,4.656640300000000066e-01,-2.252096399999999887e-01,-2.570450899999999761e-01
2.986575839999999982e+00,-3.652945799999999799e-01,7.942483999999999655e-01,-4.363514199999999899e-01,-4.417038000000000214e-02,-1.525124999999999918e-02,-8.985620699999999905e-01,-1.368521299999999885e-01,4.505472799999999944e-01,6.408646700000000251e-01,3.081166100000000130e-01,2.122450600000000132e-01,3.975539000000000156e-02,2.404513799999999923e-01,-3.518166799999999927e-01,-4.797380600000000217e-01,2.001370000000000093e-01,-1.236868899999999938e-01,1.237554000000000015e-01,1.955509900000000079e-01,2.261619000000000129e-02,1.600219599999999909e-01,-2.564020499999999925e-01,5.932980799999999499e-01,2.418537299999999890e-01,5.565906000000000325e-02,-5.471501899999999807e-01,-3.858905699999999883e-01,4.557116900000000026e-01,-5.301923200000000502e-01,-5.690589000000000341e-01,3.794214399999999987e-01,-3.455624899999999999e-01,4.880483199999999799e-01,-2.102389299999999905e-01,-2.169022399999999962e-01
2.994469640000000155e+00,-3.621084999999999998e-01,7.921881100000000009e-01,-4.496859000000000273e-01,-4.417325999999999891e-02,-1.485306999999999947e-02,-8.919700999999999880e-01,-1.375028500000000098e-01,4.700870200000000221e-01,6.488510400000000455e-01,3.033791200000000021e-01,2.502044099999999882e-01,3.383056000000000257e-02,2.546820900000000276e-01,-3.376532500000000159e-01,-4.770061700000000071e-01,1.868144999999999945e-01,-1.344143200000000038e-01,1.267830400000000135e-01,2.041441099999999897e-01,1.974837000000000120e-02,1.555571099999999984e-01,-2.398157399999999995e-01,5.873274200000000445e-01,2.481035699999999955e-01,8.321154999999999524e-02,-5.541220300000000432e-01,-3.789624300000000168e-01,4.442681399999999781e-01,-5.509034400000000220e-01,-5.459244800000000453e-01,4.419188199999999900e-01,-3.400508199999999759e-01,5.111899399999999538e-01,-1.943761900000000042e-01,-1.769023799999999980e-01
3.001328469999999804e+00,-3.590717299999999779e-01,7.902936299999999692e-01,-4.617801000000000267e-01,-4.418641000000000235e-02,-1.423931999999999976e-02,-8.857787299999999586e-01,-1.362637600000000115e-01,4.866447199999999751e-01,6.558587599999999851e-01,2.962411899999999876e-01,2.854764499999999927e-01,2.774365999999999985e-02,2.654432400000000247e-01,-3.231175199999999914e-01,-4.726543400000000061e-01,1.734948600000000007e-01,-1.438838699999999970e-01,1.291482399999999975e-01,2.091216399999999975e-01,1.823574000000000028e-02,1.507601899999999884e-01,-2.236162899999999953e-01,5.829270500000000022e-01,2.544608400000000215e-01,1.174882700000000058e-01,-5.637309600000000032e-01,-3.711884899999999821e-01,4.326677299999999726e-01,-5.664359300000000319e-01,-5.240073200000000542e-01,4.994044899999999787e-01,-3.295344099999999998e-01,5.341473199999999810e-01,-1.785126900000000016e-01,-1.387289499999999898e-01
3.007126330000000181e+00,-3.562976700000000108e-01,7.885932900000000023e-01,-4.725742600000000238e-01,-4.417512999999999995e-02,-1.344782999999999916e-02,-8.800803400000000165e-01,-1.334103799999999951e-01,5.001304699999999936e-01,6.621710100000000043e-01,2.870420499999999930e-01,3.174085300000000220e-01,2.174875000000000072e-02,2.732132400000000239e-01,-3.089867800000000164e-01,-4.673198800000000208e-01,1.608532799999999874e-01,-1.519501199999999941e-01,1.308812400000000098e-01,2.109772699999999945e-01,1.802219000000000043e-02,1.457497600000000060e-01,-2.087102500000000138e-01,5.803965899999999900e-01,2.610478399999999755e-01,1.554903099999999927e-01,-5.752846000000000348e-01,-3.633252100000000095e-01,4.217986799999999814e-01,-5.773274900000000542e-01,-5.041858599999999857e-01,5.505029599999999856e-01,-3.163077799999999828e-01,5.561001300000000258e-01,-1.634223499999999940e-01,-1.036879599999999957e-01
3.011882780000000093e+00,-3.538645799999999841e-01,7.871063400000000154e-01,-4.820235099999999884e-01,-4.412217999999999696e-02,-1.253448000000000062e-02,-8.749568500000000082e-01,-1.293355399999999988e-01,5.106558799999999509e-01,6.679673200000000310e-01,2.763820599999999850e-01,3.455342399999999925e-01,1.608338000000000129e-02,2.785452299999999770e-01,-2.958900300000000261e-01,-4.615872200000000203e-01,1.494174899999999861e-01,-1.585587599999999930e-01,1.320579500000000073e-01,2.103633099999999978e-01,1.892189000000000024e-02,1.406908000000000047e-01,-1.956857300000000022e-01,5.797248499999999582e-01,2.677729099999999751e-01,1.943385900000000055e-01,-5.879420600000000441e-01,-3.559632899999999878e-01,4.122540699999999725e-01,-5.843136899999999967e-01,-4.870187300000000108e-01,5.944492200000000004e-01,-3.023137200000000080e-01,5.763840700000000261e-01,-1.497121899999999950e-01,-7.268273999999999568e-02
3.015658859999999830e+00,-3.518153099999999922e-01,7.858433099999999616e-01,-4.901009199999999955e-01,-4.402609999999999857e-02,-1.156727999999999923e-02,-8.704763100000000309e-01,-1.245148900000000031e-01,5.184996699999999681e-01,6.733101599999999909e-01,2.650428699999999860e-01,3.695737099999999997e-01,1.095168000000000010e-02,2.819984600000000063e-01,-2.842860199999999726e-01,-4.559534199999999982e-01,1.395369499999999929e-01,-1.637487999999999999e-01,1.327820999999999863e-01,2.080145499999999925e-01,2.064875999999999864e-02,1.357834599999999947e-01,-1.848352400000000118e-01,5.806371000000000171e-01,2.743974599999999819e-01,2.315017600000000009e-01,-6.008101099999999528e-01,-3.495042600000000110e-01,4.043440799999999946e-01,-5.882372900000000238e-01,-4.727626100000000275e-01,6.310052900000000520e-01,-2.890240299999999873e-01,5.944904699999999931e-01,-1.377996099999999891e-01,-4.623471999999999998e-02
3.018548009999999948e+00,-3.501615499999999881e-01,7.848064300000000548e-01,-4.967973500000000264e-01,-4.389793000000000167e-02,-1.061930999999999986e-02,-8.666906399999999566e-01,-1.194645500000000027e-01,5.240561999999999721e-01,6.781514299999999995e-01,2.538911999999999836e-01,3.894133900000000259e-01,6.513439999999999681e-03,2.840872099999999789e-01,-2.744682399999999745e-01,-4.508110300000000015e-01,1.313888000000000000e-01,-1.676395199999999863e-01,1.331680000000000086e-01,2.046790900000000080e-01,2.285529999999999853e-02,1.312469199999999891e-01,-1.762112100000000070e-01,5.826690199999999820e-01,2.806040300000000043e-01,2.649279500000000231e-01,-6.130217900000000109e-01,-3.441680999999999768e-01,3.981435899999999917e-01,-5.899587899999999552e-01,-4.614253300000000224e-01,6.603333999999999593e-01,-2.774138500000000174e-01,6.100432900000000158e-01,-1.279164399999999924e-01,-2.454512999999999834e-02
3.020663260000000072e+00,-3.488911699999999727e-01,7.839921100000000198e-01,-5.021191200000000299e-01,-4.375667999999999919e-02,-9.761870000000000616e-03,-8.636355999999999478e-01,-1.146951499999999957e-01,5.277748700000000071e-01,6.823576700000000272e-01,2.437829499999999983e-01,4.050690200000000019e-01,2.880989999999999940e-03,2.852490200000000198e-01,-2.665908599999999851e-01,-4.464459399999999856e-01,1.250120600000000082e-01,-1.704068499999999986e-01,1.333261900000000111e-01,2.010603699999999883e-01,2.517486999999999850e-02,1.273003799999999908e-01,-1.696994800000000136e-01,5.852547299999999453e-01,2.860560400000000114e-01,2.930831899999999934e-01,-6.237949099999999802e-01,-3.400240800000000063e-01,3.935569199999999768e-01,-5.902807100000000418e-01,-4.528403599999999973e-01,6.828529199999999744e-01,-2.680172000000000110e-01,6.227698900000000481e-01,-1.201386200000000015e-01,-7.577569999999999618e-03
3.022120950000000139e+00,-3.479779700000000253e-01,7.833927899999999500e-01,-5.060828899999999519e-01,-4.362457000000000140e-02,-9.058359999999999676e-03,-8.613332500000000502e-01,-1.106683200000000006e-01,5.300993299999999797e-01,6.857479199999999553e-01,2.354803199999999930e-01,4.166385200000000122e-01,1.230299999999999927e-04,2.858298100000000175e-01,-2.607071100000000197e-01,-4.430493400000000137e-01,1.203554899999999955e-01,-1.722498199999999979e-01,1.333537399999999984e-01,1.977706100000000133e-01,2.726214000000000068e-02,1.241439800000000010e-01,-1.650968200000000052e-01,5.878160000000000052e-01,2.904437799999999847e-01,3.149138400000000004e-01,-6.324720400000000131e-01,-3.370382199999999995e-01,3.903929300000000269e-01,-5.898910800000000121e-01,-4.467485199999999823e-01,6.990963199999999933e-01,-2.610338300000000222e-01,6.324734699999999821e-01,-1.144328399999999940e-01,4.846500000000000113e-03
3.023026230000000147e+00,-3.473914000000000168e-01,7.829995800000000283e-01,-5.087096100000000343e-01,-4.352272000000000085e-02,-8.559709999999999888e-03,-8.597947400000000018e-01,-1.077611299999999966e-01,5.314130799999999821e-01,6.881362199999999651e-01,2.295931400000000011e-01,4.242515600000000275e-01,-1.725610000000000034e-03,2.860818800000000106e-01,-2.568106399999999789e-01,-4.407364400000000071e-01,1.173274700000000031e-01,-1.733561499999999866e-01,1.333276499999999920e-01,1.952958700000000103e-01,2.882770999999999945e-02,1.219421299999999958e-01,-1.621823199999999909e-01,5.898421400000000148e-01,2.935156800000000010e-01,3.297622199999999948e-01,-6.385453899999999905e-01,-3.351249099999999981e-01,3.884368500000000002e-01,-5.893266799999999916e-01,-4.428761900000000029e-01,7.095821500000000226e-01,-2.564579799999999743e-01,6.390168099999999907e-01,-1.107102900000000029e-01,1.295612999999999973e-02
3.023457769999999822e+00,-3.471055000000000113e-01,7.828051400000000104e-01,-5.100176299999999996e-01,-4.346737999999999991e-02,-8.301340000000000802e-03,-8.590248799999999907e-01,-1.062390500000000015e-01,5.319961899999999799e-01,6.893721200000000326e-01,2.265424099999999996e-01,4.280242599999999897e-01,-2.651660000000000128e-03,2.861682199999999732e-01,-2.548731900000000272e-01,-4.395676900000000109e-01,1.158397000000000038e-01,-1.738701800000000131e-01,1.333010900000000110e-01,1.939725999999999950e-01,2.966434999999999905e-02,1.208109799999999984e-01,-1.607752000000000070e-01,5.909554999999999669e-01,2.950963999999999809e-01,3.372648100000000260e-01,-6.416690900000000530e-01,-3.341957300000000242e-01,3.875093800000000144e-01,-5.889523599999999526e-01,-4.410016500000000228e-01,7.147150599999999576e-01,-2.542042400000000257e-01,6.423105000000000064e-01,-1.088778600000000069e-01,1.695311999999999861e-02
