6.054999999999999619e-03,-1.041500000000000065e-02,8.171739999999999560e-01,7.476080000000000503e-01,-4.932500000000000079e-02,1.416199999999999924e-02,-6.621550000000000491e-01,6.657399999999999429e-02,2.697080000000000033e-01,4.991799999999999710e-02,1.264959999999999973e-01,1.462899999999999964e-02,-1.212450000000000055e-01,5.539800000000000280e-02,-7.742100000000000370e-02,-2.223019999999999996e-01,1.495640000000000025e-01,1.559199999999999996e-02,9.102899999999999880e-02,3.296099999999999725e-02,1.174999999999999933e-01,3.462999999999999932e-03,4.046000000000000117e-03,4.631699999999999706e-02,-2.008260000000000045e-01,3.626389999999999891e-01,-7.736999999999999433e-02,5.374500000000000111e-02,2.881099999999999980e-02,-1.722800000000000026e-02,-8.993800000000000405e-02,2.306819999999999982e-01,3.592969999999999775e-01,5.079100000000000281e-02,6.214700000000000085e-02,-7.047999999999999578e-03
6.125000000000000236e-03,-1.030799999999999945e-02,8.172549999999999537e-01,7.476540000000000408e-01,-4.874599999999999766e-02,1.502399999999999916e-02,-6.621270000000000211e-01,6.506800000000000084e-02,2.697399999999999798e-01,4.995200000000000334e-02,1.242000000000000048e-01,1.623399999999999843e-02,-1.209800000000000042e-01,5.409499999999999725e-02,-7.694399999999999851e-02,-2.218519999999999937e-01,1.466069999999999873e-01,1.804199999999999901e-02,9.202799999999999869e-02,3.169399999999999995e-02,1.186239999999999933e-01,9.929999999999999591e-04,4.629000000000000302e-03,4.393199999999999883e-02,-1.994879999999999987e-01,3.662579999999999725e-01,-7.727299999999999447e-02,5.124599999999999989e-02,2.908600000000000074e-02,-1.805700000000000013e-02,-8.976699999999999957e-02,2.330220000000000069e-01,3.628520000000000079e-01,5.190700000000000175e-02,5.969200000000000200e-02,-7.791000000000000182e-03
6.231000000000000427e-03,-1.023499999999999931e-02,8.172709999999999697e-01,7.477899999999999547e-01,-4.866800000000000292e-02,1.517199999999999972e-02,-6.619749999999999801e-01,6.458700000000000552e-02,2.697229999999999905e-01,4.991700000000000303e-02,1.241420000000000023e-01,1.629500000000000046e-02,-1.208059999999999967e-01,5.362999999999999712e-02,-7.692300000000000526e-02,-2.211829999999999907e-01,1.462870000000000004e-01,1.874699999999999978e-02,9.307899999999999507e-02,3.134200000000000180e-02,1.186770000000000047e-01,5.770000000000000389e-04,5.026000000000000086e-03,4.369300000000000267e-02,-1.993189999999999962e-01,3.667250000000000232e-01,-7.707899999999999474e-02,5.085400000000000337e-02,2.871699999999999947e-02,-1.803599999999999995e-02,-8.987299999999999456e-02,2.333389999999999909e-01,3.637329999999999730e-01,5.206999999999999823e-02,5.934500000000000192e-02,-7.705000000000000043e-03
6.329999999999999689e-03,-1.007199999999999936e-02,8.172810000000000352e-01,7.479270000000000085e-01,-4.865300000000000180e-02,1.522300000000000042e-02,-6.618199999999999639e-01,6.434800000000000242e-02,2.696770000000000000e-01,4.989099999999999785e-02,1.241389999999999993e-01,1.629500000000000046e-02,-1.206399999999999972e-01,5.329500000000000209e-02,-7.696400000000000463e-02,-2.204949999999999966e-01,1.462549999999999961e-01,1.926399999999999987e-02,9.413599999999999746e-02,3.117100000000000079e-02,1.186259999999999953e-01,4.730000000000000046e-04,5.419000000000000206e-03,4.367100000000000148e-02,-1.993719999999999937e-01,3.667219999999999924e-01,-7.693899999999999351e-02,5.085499999999999743e-02,2.839300000000000157e-02,-1.786499999999999894e-02,-9.002499999999999392e-02,2.333290000000000086e-01,3.641599999999999837e-01,5.207099999999999923e-02,5.936000000000000304e-02,-7.624999999999999833e-03
6.376999999999999856e-03,-1.018600000000000061e-02,8.172599999999999865e-01,7.474950000000000205e-01,-4.852499999999999869e-02,1.524900000000000040e-02,-6.623170000000000446e-01,6.428200000000000580e-02,2.693710000000000271e-01,5.046799999999999897e-02,1.242039999999999950e-01,1.605699999999999836e-02,-1.205470000000000014e-01,5.358700000000000269e-02,-7.724100000000000410e-02,-2.221289999999999931e-01,1.461689999999999934e-01,1.821599999999999955e-02,9.123499999999999666e-02,3.093100000000000016e-02,1.184260000000000035e-01,4.070000000000000267e-04,5.256000000000000255e-03,4.403800000000000076e-02,-1.991809999999999969e-01,3.666380000000000194e-01,-7.705800000000000149e-02,5.088600000000000068e-02,2.902300000000000019e-02,-1.797699999999999992e-02,-9.034599999999999576e-02,2.332309999999999939e-01,3.638569999999999860e-01,5.215600000000000097e-02,5.927999999999999936e-02,-7.631999999999999895e-03
6.459000000000000331e-03,-1.028800000000000027e-02,8.172620000000000440e-01,7.473189999999999555e-01,-4.849400000000000238e-02,1.530100000000000036e-02,-6.625170000000000226e-01,6.447400000000000353e-02,2.693470000000000031e-01,5.091099999999999792e-02,1.242209999999999981e-01,1.583499999999999838e-02,-1.204579999999999956e-01,5.340799999999999714e-02,-7.728699999999999459e-02,-2.218910000000000049e-01,1.461979999999999946e-01,1.829700000000000076e-02,9.128999999999999615e-02,3.055499999999999883e-02,1.184759999999999980e-01,4.240000000000000062e-04,5.510000000000000141e-03,4.440700000000000203e-02,-1.991410000000000124e-01,3.665510000000000157e-01,-7.714799999999999436e-02,5.097299999999999748e-02,2.924900000000000069e-02,-1.838300000000000003e-02,-9.039800000000000613e-02,2.331529999999999991e-01,3.637310000000000265e-01,5.223499999999999671e-02,5.926599999999999924e-02,-7.692000000000000053e-03
6.543000000000000205e-03,-1.030200000000000039e-02,8.172639999999999905e-01,7.471410000000000551e-01,-4.846099999999999713e-02,1.535199999999999933e-02,-6.627189999999999470e-01,6.467699999999999838e-02,2.693189999999999751e-01,5.136700000000000293e-02,1.242290000000000061e-01,1.561399999999999941e-02,-1.203680000000000028e-01,5.324299999999999866e-02,-7.733199999999999796e-02,-2.216410000000000047e-01,1.461880000000000124e-01,1.839999999999999969e-02,9.135000000000000064e-02,3.017900000000000096e-02,1.185240000000000044e-01,4.429999999999999802e-04,5.786000000000000344e-03,4.478000000000000036e-02,-1.990840000000000110e-01,3.664529999999999732e-01,-7.722800000000000498e-02,5.106800000000000228e-02,2.946299999999999961e-02,-1.879899999999999974e-02,-9.044599999999999862e-02,2.330899999999999916e-01,3.636429999999999940e-01,5.231700000000000239e-02,5.923799999999999899e-02,-7.742999999999999883e-03
6.382999999999999785e-03,-1.035100000000000083e-02,8.172660000000000480e-01,7.471619999999999928e-01,-4.851199999999999957e-02,1.531300000000000022e-02,-6.626919999999999478e-01,6.472200000000000175e-02,2.696060000000000123e-01,5.128699999999999926e-02,1.242390000000000022e-01,1.587799999999999975e-02,-1.205080000000000040e-01,5.332499999999999740e-02,-7.704400000000000137e-02,-2.216329999999999967e-01,1.462110000000000076e-01,1.831100000000000089e-02,9.113499999999999379e-02,3.021899999999999933e-02,1.185689999999999938e-01,3.400000000000000244e-04,5.233999999999999937e-03,4.449700000000000183e-02,-1.990049999999999875e-01,3.664689999999999892e-01,-7.717100000000000348e-02,5.100099999999999772e-02,2.909799999999999887e-02,-1.838599999999999957e-02,-9.122700000000000253e-02,2.324150000000000105e-01,3.635369999999999990e-01,5.238000000000000295e-02,5.919599999999999862e-02,-7.753000000000000343e-03
6.229000000000000162e-03,-1.032800000000000037e-02,8.172679999999999945e-01,7.471729999999999761e-01,-4.855700000000000294e-02,1.528599999999999924e-02,-6.626769999999999605e-01,6.476099999999999912e-02,2.698980000000000268e-01,5.121400000000000258e-02,1.242489999999999983e-01,1.612200000000000091e-02,-1.206430000000000002e-01,5.341400000000000314e-02,-7.674400000000000666e-02,-2.216220000000000134e-01,1.461969999999999936e-01,1.821899999999999908e-02,9.092999999999999694e-02,3.010200000000000028e-02,1.187259999999999982e-01,3.609999999999999928e-04,4.902000000000000107e-03,4.460299999999999682e-02,-1.991350000000000064e-01,3.666510000000000047e-01,-7.719299999999999773e-02,5.095700000000000229e-02,2.905999999999999903e-02,-1.841699999999999934e-02,-9.159899999999999987e-02,2.322029999999999927e-01,3.633810000000000096e-01,5.240399999999999919e-02,5.917399999999999743e-02,-7.765000000000000201e-03
5.986000000000000001e-03,-1.030599999999999919e-02,8.172690000000000232e-01,7.471860000000000168e-01,-4.860500000000000237e-02,1.525800000000000073e-02,-6.626600000000000268e-01,6.480800000000000449e-02,2.701930000000000165e-01,5.113600000000000090e-02,1.242550000000000043e-01,1.636800000000000060e-02,-1.207830000000000015e-01,5.351299999999999807e-02,-7.644099999999999506e-02,-2.216170000000000084e-01,1.461800000000000044e-01,1.812899999999999928e-02,9.072299999999999809e-02,2.994700000000000140e-02,1.188700000000000034e-01,4.009999999999999893e-04,4.590999999999999595e-03,4.472899999999999793e-02,-1.992230000000000112e-01,3.668319999999999914e-01,-7.722500000000000198e-02,5.090100000000000180e-02,2.903899999999999884e-02,-1.848599999999999896e-02,-9.195299999999999307e-02,2.320280000000000120e-01,3.632580000000000253e-01,5.244599999999999956e-02,5.914599999999999719e-02,-7.779999999999999589e-03
6.231000000000000427e-03,-1.026099999999999929e-02,8.172679999999999945e-01,7.470849999999999991e-01,-4.851500000000000257e-02,1.532099999999999955e-02,-6.627790000000000070e-01,6.470599999999999963e-02,2.699119999999999853e-01,5.143500000000000155e-02,1.242550000000000043e-01,1.613900000000000057e-02,-1.206310000000000021e-01,5.341100000000000014e-02,-7.653200000000000280e-02,-2.216400000000000037e-01,1.461530000000000051e-01,1.835200000000000026e-02,9.090600000000000069e-02,3.002799999999999914e-02,1.188379999999999992e-01,8.520000000000000013e-04,4.636000000000000364e-03,4.484599999999999698e-02,-1.990989999999999982e-01,3.666539999999999799e-01,-7.732999999999999596e-02,5.088700000000000168e-02,2.908000000000000168e-02,-1.869600000000000081e-02,-9.135999999999999677e-02,2.324360000000000037e-01,3.628879999999999884e-01,5.229400000000000021e-02,5.919900000000000162e-02,-7.786999999999999651e-03
6.381000000000000387e-03,-1.030200000000000039e-02,8.172660000000000480e-01,7.469839999999999813e-01,-4.841999999999999776e-02,1.538100000000000057e-02,-6.628979999999999873e-01,6.460100000000000564e-02,2.696259999999999768e-01,5.173200000000000021e-02,1.242439999999999933e-01,1.592299999999999965e-02,-1.204869999999999969e-01,5.328499999999999903e-02,-7.662900000000000267e-02,-2.216629999999999989e-01,1.461629999999999874e-01,1.855899999999999911e-02,9.107899999999999330e-02,2.990699999999999956e-02,1.188410000000000022e-01,1.129000000000000012e-03,4.467999999999999750e-03,4.436799999999999772e-02,-1.993959999999999899e-01,3.663899999999999935e-01,-7.741499999999999770e-02,5.093400000000000011e-02,2.914299999999999877e-02,-1.896799999999999875e-02,-9.071500000000000397e-02,2.329249999999999932e-01,3.624959999999999849e-01,5.214699999999999891e-02,5.927500000000000130e-02,-7.811000000000000235e-03
6.531999999999999612e-03,-1.025700000000000049e-02,8.172639999999999905e-01,7.468829999999999636e-01,-4.832199999999999690e-02,1.544399999999999940e-02,-6.630169999999999675e-01,6.448600000000000165e-02,2.693389999999999951e-01,5.203200000000000186e-02,1.242329999999999962e-01,1.570600000000000121e-02,-1.203420000000000045e-01,5.314499999999999780e-02,-7.672800000000000453e-02,-2.216879999999999962e-01,1.461760000000000004e-01,1.876099999999999990e-02,9.125199999999999978e-02,2.979300000000000004e-02,1.188599999999999934e-01,1.394000000000000057e-03,4.296000000000000339e-03,4.386700000000000321e-02,-1.997049999999999936e-01,3.661300000000000110e-01,-7.750899999999999457e-02,5.099000000000000060e-02,2.922800000000000051e-02,-1.925100000000000075e-02,-9.009799999999999753e-02,2.334080000000000044e-01,3.621010000000000062e-01,5.200799999999999867e-02,5.934600000000000292e-02,-7.841000000000000747e-03
6.837000000000000195e-03,-1.020599999999999979e-02,8.172719999999999985e-01,7.468179999999999819e-01,-4.835799999999999821e-02,1.548000000000000070e-02,-6.630869999999999820e-01,6.457200000000000439e-02,2.689549999999999996e-01,5.197500000000000037e-02,1.242219999999999991e-01,1.523500000000000028e-02,-1.202310000000000045e-01,5.241900000000000032e-02,-7.774899999999999867e-02,-2.212610000000000132e-01,1.462170000000000136e-01,1.911200000000000052e-02,9.165199999999999736e-02,2.950300000000000145e-02,1.187560000000000004e-01,1.716999999999999993e-03,4.331999999999999913e-03,4.374900000000000316e-02,-1.999789999999999901e-01,3.662190000000000167e-01,-7.720200000000000673e-02,5.108100000000000140e-02,2.913400000000000017e-02,-1.909699999999999939e-02,-9.038300000000000500e-02,2.333820000000000061e-01,3.624600000000000044e-01,5.208900000000000335e-02,5.942900000000000266e-02,-7.865999999999999728e-03
7.236000000000000244e-03,-1.012700000000000058e-02,8.172709999999999697e-01,7.467570000000000041e-01,-4.835799999999999821e-02,1.548700000000000077e-02,-6.631550000000000500e-01,6.460499999999999576e-02,2.684420000000000139e-01,5.204000000000000292e-02,1.242449999999999943e-01,1.477299999999999967e-02,-1.200869999999999993e-01,5.228000000000000008e-02,-7.827499999999999736e-02,-2.210310000000000052e-01,1.462859999999999994e-01,1.945300000000000154e-02,9.202699999999999769e-02,2.938500000000000140e-02,1.185009999999999952e-01,1.748999999999999904e-03,4.298999999999999870e-03,4.357599999999999668e-02,-2.001529999999999976e-01,3.660749999999999837e-01,-7.698399999999999688e-02,5.112499999999999684e-02,2.907799999999999968e-02,-1.896099999999999869e-02,-9.065499999999999947e-02,2.333770000000000011e-01,3.627429999999999821e-01,5.213399999999999979e-02,5.946599999999999803e-02,-7.837000000000000216e-03
7.545999999999999756e-03,-1.004900000000000064e-02,8.172700000000000520e-01,7.466970000000000551e-01,-4.836599999999999927e-02,1.548800000000000003e-02,-6.632230000000000070e-01,6.465899999999999426e-02,2.679360000000000075e-01,5.210399999999999754e-02,1.242680000000000035e-01,1.430500000000000001e-02,-1.199459999999999971e-01,5.217399999999999816e-02,-7.879099999999999993e-02,-2.208040000000000003e-01,1.463329999999999909e-01,1.980200000000000016e-02,9.239999999999999603e-02,2.926700000000000135e-02,1.182499999999999940e-01,1.791999999999999973e-03,4.257000000000000367e-03,4.339900000000000008e-02,-2.003429999999999933e-01,3.659169999999999923e-01,-7.677200000000000690e-02,5.117100000000000121e-02,2.903100000000000125e-02,-1.884100000000000011e-02,-9.093400000000000094e-02,2.333709999999999951e-01,3.630200000000000093e-01,5.217399999999999816e-02,5.949299999999999727e-02,-7.807999999999999836e-03
7.559999999999999880e-03,-1.013299999999999965e-02,8.172409999999999952e-01,7.466399999999999704e-01,-4.819199999999999873e-02,1.541200000000000035e-02,-6.633010000000000295e-01,6.490200000000000136e-02,2.678180000000000005e-01,5.267000000000000154e-02,1.242660000000000015e-01,1.417000000000000030e-02,-1.194589999999999957e-01,5.200300000000000061e-02,-7.855399999999999883e-02,-2.203459999999999863e-01,1.461840000000000084e-01,1.831999999999999948e-02,9.140800000000000314e-02,2.933900000000000050e-02,1.184449999999999947e-01,1.968000000000000131e-03,4.262000000000000163e-03,4.388000000000000234e-02,-1.999509999999999899e-01,3.660930000000000017e-01,-7.710000000000000187e-02,5.108300000000000340e-02,2.922699999999999951e-02,-1.888799999999999854e-02,-9.060699999999999310e-02,2.330770000000000064e-01,3.629720000000000169e-01,5.212699999999999972e-02,5.939500000000000335e-02,-7.828999999999999154e-03
7.474999999999999874e-03,-1.021799999999999965e-02,8.172110000000000207e-01,7.465810000000000501e-01,-4.803500000000000131e-02,1.533600000000000067e-02,-6.633809999999999985e-01,6.517199999999999382e-02,2.677499999999999880e-01,5.323900000000000160e-02,1.242660000000000015e-01,1.403100000000000007e-02,-1.189950000000000035e-01,5.181800000000000295e-02,-7.836400000000000310e-02,-2.198759999999999881e-01,1.460919999999999996e-01,1.680299999999999849e-02,9.040199999999999625e-02,2.929000000000000006e-02,1.182549999999999990e-01,2.072000000000000057e-03,4.160999999999999768e-03,4.424199999999999661e-02,-1.996489999999999931e-01,3.662420000000000120e-01,-7.735499999999999321e-02,5.093500000000000111e-02,2.937700000000000033e-02,-1.893699999999999897e-02,-9.063899999999999735e-02,2.328069999999999862e-01,3.630220000000000113e-01,5.210499999999999854e-02,5.932899999999999979e-02,-7.854999999999999136e-03
7.477000000000000139e-03,-1.030400000000000066e-02,8.171800000000000175e-01,7.465220000000000189e-01,-4.787500000000000089e-02,1.525999999999999926e-02,-6.634609999999999674e-01,6.544099999999999917e-02,2.676740000000000230e-01,5.380399999999999766e-02,1.242639999999999995e-01,1.389100000000000057e-02,-1.185319999999999985e-01,5.162599999999999828e-02,-7.817999999999999949e-02,-2.194039999999999879e-01,1.460130000000000039e-01,1.527799999999999991e-02,8.939800000000000524e-02,2.923800000000000010e-02,1.180609999999999993e-01,2.173000000000000018e-03,4.052000000000000046e-03,4.460000000000000075e-02,-1.993520000000000014e-01,3.663810000000000122e-01,-7.760799999999999643e-02,5.078699999999999881e-02,2.953100000000000169e-02,-1.900800000000000059e-02,-9.068299999999999972e-02,2.325409999999999977e-01,3.630800000000000138e-01,5.208299999999999735e-02,5.924900000000000305e-02,-7.877000000000000321e-03
7.293000000000000003e-03,-1.036699999999999948e-02,8.172760000000000025e-01,7.464920000000000444e-01,-4.830799999999999678e-02,1.552199999999999934e-02,-6.634569999999999634e-01,6.537099999999999855e-02,2.686560000000000059e-01,5.205699999999999911e-02,1.242100000000000010e-01,1.517100000000000046e-02,-1.198779999999999984e-01,5.221499999999999753e-02,-7.790700000000000403e-02,-2.204299999999999871e-01,1.466840000000000088e-01,1.831899999999999848e-02,9.011399999999999966e-02,2.952499999999999916e-02,1.193150000000000044e-01,2.431000000000000001e-03,4.300000000000000003e-03,4.450300000000000089e-02,-1.994059999999999999e-01,3.663210000000000077e-01,-7.750500000000000445e-02,5.097700000000000148e-02,2.927499999999999894e-02,-1.889499999999999860e-02,-9.099699999999999456e-02,2.325460000000000027e-01,3.632059999999999733e-01,5.217700000000000116e-02,5.922999999999999793e-02,-7.818999999999999562e-03
7.104000000000000072e-03,-1.041899999999999944e-02,8.172939999999999650e-01,7.465770000000000461e-01,-4.840200000000000058e-02,1.550299999999999942e-02,-6.633550000000000280e-01,6.564699999999999702e-02,2.692640000000000033e-01,5.160200000000000203e-02,1.242319999999999952e-01,1.613200000000000051e-02,-1.200090000000000046e-01,5.263000000000000317e-02,-7.723299999999999610e-02,-2.206690000000000040e-01,1.466919999999999891e-01,1.746299999999999936e-02,8.796700000000000352e-02,2.959600000000000078e-02,1.196849999999999997e-01,2.699000000000000010e-03,4.533999999999999836e-03,4.443500000000000227e-02,-1.993939999999999879e-01,3.662250000000000227e-01,-7.756000000000000394e-02,5.101300000000000279e-02,2.923399999999999957e-02,-1.881400000000000086e-02,-9.134299999999999364e-02,2.325490000000000057e-01,3.633060000000000178e-01,5.228300000000000308e-02,5.921900000000000081e-02,-7.749999999999999944e-03
6.910000000000000343e-03,-1.047099999999999941e-02,8.173120000000000385e-01,7.466610000000000191e-01,-4.850100000000000244e-02,1.547199999999999964e-02,-6.632540000000000102e-01,6.596299999999999386e-02,2.698699999999999988e-01,5.116099999999999814e-02,1.242329999999999962e-01,1.709799999999999862e-02,-1.201450000000000018e-01,5.300699999999999856e-02,-7.657600000000000517e-02,-2.208960000000000090e-01,1.468309999999999893e-01,1.653100000000000055e-02,8.581400000000000139e-02,2.966200000000000087e-02,1.200250000000000067e-01,3.000000000000000062e-03,4.771000000000000067e-03,4.440600000000000103e-02,-1.993790000000000007e-01,3.661170000000000258e-01,-7.762600000000000056e-02,5.103499999999999703e-02,2.920299999999999979e-02,-1.875299999999999884e-02,-9.166699999999999848e-02,2.325540000000000107e-01,3.634109999999999840e-01,5.238999999999999907e-02,5.920799999999999674e-02,-7.686000000000000124e-03
6.827999999999999868e-03,-1.047499999999999994e-02,8.172700000000000520e-01,7.465889999999999471e-01,-4.842400000000000176e-02,1.526100000000000026e-02,-6.633449999999999624e-01,6.580199999999999938e-02,2.687939999999999774e-01,5.207799999999999929e-02,1.242889999999999967e-01,1.496199999999999961e-02,-1.197690000000000005e-01,5.313500000000000167e-02,-7.796799999999999564e-02,-2.209339999999999915e-01,1.465229999999999866e-01,1.891599999999999879e-02,9.289799999999999447e-02,2.961199999999999943e-02,1.192710000000000020e-01,3.020000000000000115e-03,4.882000000000000055e-03,4.450599999999999695e-02,-1.996360000000000079e-01,3.661050000000000137e-01,-7.748700000000000032e-02,5.111299999999999871e-02,2.906600000000000156e-02,-1.878900000000000015e-02,-9.086600000000000232e-02,2.328290000000000082e-01,3.631800000000000028e-01,5.228100000000000108e-02,5.928300000000000236e-02,-7.723999999999999963e-03
6.812999999999999612e-03,-1.044100000000000063e-02,8.172700000000000520e-01,7.466150000000000286e-01,-4.849599999999999744e-02,1.520999999999999956e-02,-6.633120000000000127e-01,6.606399999999999773e-02,2.686279999999999779e-01,5.220899999999999846e-02,1.243250000000000050e-01,1.455000000000000043e-02,-1.195999999999999980e-01,5.354300000000000032e-02,-7.834699999999999998e-02,-2.216609999999999969e-01,1.465730000000000088e-01,1.943399999999999989e-02,9.423700000000000132e-02,2.966200000000000087e-02,1.191490000000000049e-01,3.018999999999999982e-03,4.994000000000000175e-03,4.434099999999999847e-02,-1.999130000000000074e-01,3.661300000000000110e-01,-7.734000000000000596e-02,5.120399999999999952e-02,2.900300000000000100e-02,-1.878799999999999915e-02,-9.033499999999999863e-02,2.330510000000000081e-01,3.629470000000000196e-01,5.219599999999999934e-02,5.934299999999999992e-02,-7.722999999999999830e-03
6.877000000000000300e-03,-1.040899999999999985e-02,8.172700000000000520e-01,7.466420000000000279e-01,-4.858599999999999725e-02,1.516699999999999993e-02,-6.632759999999999767e-01,6.634800000000000419e-02,2.685159999999999769e-01,5.232400000000000245e-02,1.243449999999999972e-01,1.414699999999999985e-02,-1.194560000000000066e-01,5.396200000000000302e-02,-7.867599999999999594e-02,-2.224109999999999976e-01,1.466429999999999956e-01,1.993500000000000133e-02,9.555600000000000205e-02,2.970100000000000171e-02,1.190869999999999984e-01,3.030000000000000141e-03,5.112000000000000224e-03,4.415800000000000280e-02,-2.001960000000000128e-01,3.661530000000000062e-01,-7.719700000000000173e-02,5.129399999999999932e-02,2.893899999999999945e-02,-1.878799999999999915e-02,-8.981699999999999406e-02,2.332780000000000131e-01,3.627139999999999809e-01,5.211600000000000260e-02,5.940499999999999947e-02,-7.732000000000000157e-03
7.130000000000000053e-03,-1.055099999999999962e-02,8.172700000000000520e-01,7.467850000000000321e-01,-4.839299999999999852e-02,1.514399999999999948e-02,-6.631299999999999972e-01,6.595700000000000174e-02,2.681089999999999862e-01,5.147499999999999992e-02,1.242950000000000027e-01,1.413099999999999946e-02,-1.196979999999999988e-01,5.361199999999999993e-02,-7.850300000000000333e-02,-2.203910000000000036e-01,1.465279999999999916e-01,1.931400000000000131e-02,9.417300000000000670e-02,2.972999999999999948e-02,1.189339999999999981e-01,3.164999999999999845e-03,4.974000000000000123e-03,4.430300000000000210e-02,-1.998139999999999916e-01,3.659879999999999800e-01,-7.725799999999999335e-02,5.108700000000000047e-02,2.896200000000000163e-02,-1.807100000000000026e-02,-8.964099999999999846e-02,2.333079999999999876e-01,3.630880000000000218e-01,5.220199999999999840e-02,5.947899999999999715e-02,-7.655000000000000346e-03
7.238999999999999775e-03,-1.073400000000000049e-02,8.172739999999999450e-01,7.468960000000000043e-01,-4.824900000000000022e-02,1.514300000000000021e-02,-6.630150000000000210e-01,6.589499999999999524e-02,2.676020000000000065e-01,5.118899999999999839e-02,1.243390000000000051e-01,1.332900000000000057e-02,-1.195819999999999939e-01,5.377400000000000235e-02,-7.903200000000000502e-02,-2.200090000000000101e-01,1.466079999999999883e-01,2.003600000000000173e-02,9.657499999999999418e-02,2.988599999999999937e-02,1.187509999999999954e-01,3.125999999999999873e-03,4.977999999999999786e-03,4.428200000000000192e-02,-1.995599999999999874e-01,3.658600000000000185e-01,-7.731100000000000472e-02,5.084700000000000331e-02,2.893499999999999892e-02,-1.745800000000000129e-02,-8.951699999999999935e-02,2.332760000000000111e-01,3.635200000000000098e-01,5.231299999999999839e-02,5.955400000000000277e-02,-7.591999999999999790e-03
7.440999999999999698e-03,-1.082999999999999935e-02,8.172779999999999490e-01,7.470099999999999518e-01,-4.810899999999999899e-02,1.512600000000000056e-02,-6.628969999999999585e-01,6.587400000000000200e-02,2.670660000000000256e-01,5.090200000000000280e-02,1.243729999999999974e-01,1.252400000000000041e-02,-1.194560000000000066e-01,5.399400000000000033e-02,-7.958500000000000296e-02,-2.196319999999999939e-01,1.466540000000000066e-01,2.076799999999999827e-02,9.899399999999999866e-02,3.003300000000000067e-02,1.185569999999999957e-01,3.121000000000000076e-03,4.987000000000000113e-03,4.424800000000000261e-02,-1.993159999999999932e-01,3.657279999999999975e-01,-7.737299999999999733e-02,5.060400000000000315e-02,2.891900000000000026e-02,-1.682600000000000068e-02,-8.939500000000000224e-02,2.332390000000000019e-01,3.639569999999999750e-01,5.242600000000000038e-02,5.961600000000000232e-02,-7.520999999999999908e-03
7.535000000000000031e-03,-1.080599999999999963e-02,8.173080000000000345e-01,7.470269999999999966e-01,-4.846199999999999813e-02,1.520799999999999930e-02,-6.628509999999999680e-01,6.600999999999999923e-02,2.677629999999999733e-01,5.090800000000000186e-02,1.242530000000000023e-01,1.431600000000000060e-02,-1.196649999999999936e-01,5.392999999999999877e-02,-7.897099999999999953e-02,-2.216160000000000074e-01,1.467900000000000038e-01,1.936799999999999980e-02,9.226299999999999779e-02,3.011300000000000088e-02,1.192359999999999948e-01,3.054999999999999990e-03,4.775999999999999863e-03,4.395000000000000295e-02,-1.992279999999999884e-01,3.660660000000000025e-01,-7.750799999999999357e-02,5.088700000000000168e-02,2.938500000000000140e-02,-1.722299999999999873e-02,-8.966100000000000458e-02,2.331390000000000129e-01,3.634299999999999753e-01,5.234099999999999864e-02,5.946499999999999703e-02,-7.708999999999999707e-03
7.624999999999999833e-03,-1.088000000000000078e-02,8.173399999999999554e-01,7.471160000000000023e-01,-4.857600000000000112e-02,1.521899999999999989e-02,-6.627410000000000245e-01,6.608999999999999597e-02,2.680210000000000092e-01,5.060400000000000315e-02,1.242020000000000068e-01,1.422999999999999959e-02,-1.195910000000000029e-01,5.410100000000000325e-02,-7.887299999999999867e-02,-2.223199999999999898e-01,1.470029999999999948e-01,1.986699999999999924e-02,9.181899999999999784e-02,3.029000000000000095e-02,1.195969999999999950e-01,3.046000000000000096e-03,4.529000000000000040e-03,4.376700000000000035e-02,-1.990169999999999995e-01,3.662869999999999737e-01,-7.771400000000000530e-02,5.076200000000000156e-02,2.978099999999999845e-02,-1.764200000000000143e-02,-8.974899999999999545e-02,2.330010000000000137e-01,3.630909999999999971e-01,5.229299999999999921e-02,5.935599999999999904e-02,-7.939999999999999142e-03
7.636000000000000426e-03,-1.086600000000000066e-02,8.173730000000000162e-01,7.472060000000000368e-01,-4.868499999999999911e-02,1.521800000000000062e-02,-6.626319999999999988e-01,6.617499999999999771e-02,2.682370000000000032e-01,5.031200000000000255e-02,1.241720000000000046e-01,1.412500000000000040e-02,-1.194940000000000030e-01,5.430299999999999710e-02,-7.881199999999999317e-02,-2.230129999999999890e-01,1.471659999999999913e-01,2.039799999999999947e-02,9.139300000000000201e-02,3.046799999999999856e-02,1.199240000000000028e-01,3.049000000000000061e-03,4.278999999999999818e-03,4.357500000000000262e-02,-1.987949999999999995e-01,3.665399999999999769e-01,-7.792399999999999327e-02,5.060300000000000215e-02,3.018699999999999856e-02,-1.804100000000000148e-02,-8.982700000000000407e-02,2.328649999999999887e-01,3.627540000000000209e-01,5.225099999999999884e-02,5.924000000000000099e-02,-8.167999999999999913e-03
7.256000000000000297e-03,-1.102000000000000028e-02,8.172779999999999490e-01,7.469829999999999526e-01,-4.848800000000000332e-02,1.510599999999999964e-02,-6.629009999999999625e-01,6.645800000000000318e-02,2.678800000000000070e-01,5.048500000000000210e-02,1.243149999999999950e-01,1.451999999999999992e-02,-1.195200000000000012e-01,5.426399999999999973e-02,-7.879800000000000693e-02,-2.218799999999999939e-01,1.466729999999999978e-01,1.840899999999999828e-02,9.234299999999999453e-02,3.022599999999999940e-02,1.191659999999999942e-01,3.096999999999999927e-03,4.576000000000000206e-03,4.425899999999999973e-02,-1.991479999999999917e-01,3.666389999999999927e-01,-7.773700000000000054e-02,5.110499999999999765e-02,2.914399999999999977e-02,-1.824699999999999933e-02,-9.009100000000000441e-02,2.326900000000000079e-01,3.631570000000000076e-01,5.231899999999999745e-02,5.943699999999999678e-02,-7.692000000000000053e-03
6.930999999999999661e-03,-1.105700000000000086e-02,8.172789999999999777e-01,7.469339999999999868e-01,-4.856900000000000106e-02,1.498999999999999985e-02,-6.629519999999999857e-01,6.684500000000000164e-02,2.682539999999999925e-01,5.031200000000000255e-02,1.242999999999999938e-01,1.489399999999999925e-02,-1.194930000000000020e-01,5.445300000000000140e-02,-7.848499999999999921e-02,-2.219649999999999956e-01,1.467299999999999993e-01,1.798200000000000146e-02,9.196200000000000208e-02,3.020199999999999968e-02,1.191969999999999974e-01,3.046000000000000096e-03,4.702999999999999715e-03,4.443699999999999734e-02,-1.993080000000000129e-01,3.666739999999999999e-01,-7.762499999999999956e-02,5.136000000000000287e-02,2.885499999999999871e-02,-1.822899999999999868e-02,-9.050099999999999811e-02,2.326590000000000047e-01,3.633419999999999983e-01,5.223900000000000071e-02,5.940000000000000141e-02,-7.536000000000000164e-03
6.519999999999999754e-03,-1.109500000000000069e-02,8.172810000000000352e-01,7.468869999999999676e-01,-4.866499999999999992e-02,1.487600000000000033e-02,-6.630009999999999515e-01,6.724399999999999822e-02,2.686540000000000039e-01,5.012699999999999795e-02,1.242999999999999938e-01,1.525499999999999946e-02,-1.194700000000000067e-01,5.469899999999999762e-02,-7.813900000000000012e-02,-2.220640000000000114e-01,1.467160000000000131e-01,1.758699999999999847e-02,9.157800000000000662e-02,3.016800000000000037e-02,1.192840000000000011e-01,3.010999999999999788e-03,4.820999999999999765e-03,4.455100000000000032e-02,-1.994620000000000004e-01,3.667549999999999977e-01,-7.753599999999999381e-02,5.159099999999999797e-02,2.861500000000000155e-02,-1.818099999999999924e-02,-9.095399999999999319e-02,2.326370000000000104e-01,3.635039999999999938e-01,5.216400000000000203e-02,5.936000000000000304e-02,-7.401999999999999726e-03
6.700000000000000226e-03,-1.109699999999999923e-02,8.172770000000000312e-01,7.469320000000000404e-01,-4.862400000000000055e-02,1.489299999999999999e-02,-6.629530000000000145e-01,6.728399999999999659e-02,2.687010000000000232e-01,5.014600000000000307e-02,1.242940000000000017e-01,1.511499999999999996e-02,-1.196220000000000061e-01,5.501299999999999940e-02,-7.790400000000000102e-02,-2.220989999999999909e-01,1.467239999999999933e-01,1.770700000000000052e-02,9.168999999999999373e-02,3.026999999999999830e-02,1.191139999999999977e-01,3.037999999999999902e-03,4.863000000000000135e-03,4.423799999999999955e-02,-1.996340000000000059e-01,3.664970000000000172e-01,-7.739400000000000446e-02,5.109799999999999759e-02,2.896999999999999922e-02,-1.805299999999999960e-02,-9.058499999999999885e-02,2.328109999999999902e-01,3.634569999999999745e-01,5.213899999999999785e-02,5.947999999999999815e-02,-7.459999999999999618e-03
6.781999999999999834e-03,-1.121100000000000048e-02,8.172760000000000025e-01,7.469710000000000516e-01,-4.859100000000000225e-02,1.496899999999999967e-02,-6.629089999999999705e-01,6.715400000000000535e-02,2.686209999999999987e-01,5.017900000000000138e-02,1.242840000000000056e-01,1.496399999999999987e-02,-1.197830000000000006e-01,5.492299999999999960e-02,-7.801199999999999801e-02,-2.221509999999999874e-01,1.467350000000000043e-01,1.782600000000000157e-02,9.181499999999999384e-02,3.036600000000000063e-02,1.189950000000000035e-01,3.079000000000000140e-03,4.910000000000000302e-03,4.386700000000000321e-02,-1.997780000000000111e-01,3.662529999999999952e-01,-7.733900000000000496e-02,5.105200000000000016e-02,2.894499999999999851e-02,-1.787599999999999953e-02,-9.020499999999999352e-02,2.329569999999999974e-01,3.632770000000000166e-01,5.216099999999999903e-02,5.962200000000000139e-02,-7.563000000000000278e-03
6.864999999999999575e-03,-1.123700000000000046e-02,8.172760000000000025e-01,7.470109999999999806e-01,-4.854499999999999788e-02,1.505800000000000020e-02,-6.628659999999999553e-01,6.697899999999999687e-02,2.685330000000000217e-01,5.021300000000000069e-02,1.242769999999999986e-01,1.481900000000000057e-02,-1.199419999999999931e-01,5.477800000000000030e-02,-7.813000000000000500e-02,-2.222050000000000136e-01,1.467720000000000136e-01,1.793399999999999855e-02,9.193999999999999395e-02,3.046700000000000103e-02,1.188690000000000024e-01,3.079999999999999839e-03,4.963000000000000397e-03,4.350099999999999800e-02,-1.999199999999999866e-01,3.659930000000000128e-01,-7.728200000000000347e-02,5.104999999999999816e-02,2.890600000000000114e-02,-1.767600000000000074e-02,-8.983599999999999919e-02,2.331040000000000056e-01,3.630820000000000158e-01,5.218500000000000222e-02,5.977899999999999880e-02,-7.673000000000000133e-03
7.106000000000000337e-03,-1.122300000000000034e-02,8.172709999999999697e-01,7.470599999999999463e-01,-4.856499999999999706e-02,1.505100000000000014e-02,-6.628089999999999815e-01,6.701899999999999524e-02,2.682450000000000112e-01,5.059999999999999915e-02,1.242749999999999966e-01,1.441500000000000073e-02,-1.197489999999999943e-01,5.489299999999999735e-02,-7.841399999999999759e-02,-2.218970000000000109e-01,1.467569999999999986e-01,1.846400000000000124e-02,9.297600000000000309e-02,3.080300000000000052e-02,1.189339999999999981e-01,2.809999999999999998e-03,4.924999999999999691e-03,4.388800000000000340e-02,-1.996330000000000049e-01,3.660430000000000073e-01,-7.728100000000000247e-02,5.108200000000000240e-02,2.920000000000000026e-02,-1.768700000000000133e-02,-8.995000000000000218e-02,2.332730000000000081e-01,3.633350000000000191e-01,5.209400000000000142e-02,5.969900000000000206e-02,-7.657999999999999877e-03
7.263999999999999624e-03,-1.120400000000000042e-02,8.172650000000000192e-01,7.471349999999999936e-01,-4.859499999999999931e-02,1.502299999999999990e-02,-6.627229999999999510e-01,6.712500000000000411e-02,2.679670000000000107e-01,5.100500000000000173e-02,1.242650000000000005e-01,1.401299999999999941e-02,-1.195480000000000015e-01,5.503399999999999959e-02,-7.871000000000000218e-02,-2.215830000000000022e-01,1.467249999999999943e-01,1.900599999999999859e-02,9.401800000000000435e-02,3.112099999999999936e-02,1.189810000000000034e-01,2.582999999999999793e-03,4.897000000000000311e-03,4.418699999999999711e-02,-1.994130000000000069e-01,3.659229999999999983e-01,-7.721000000000000085e-02,5.106600000000000028e-02,2.939599999999999852e-02,-1.781699999999999950e-02,-9.031699999999999451e-02,2.333899999999999864e-01,3.635160000000000058e-01,5.199499999999999955e-02,5.967100000000000182e-02,-7.653000000000000080e-03
7.509000000000000050e-03,-1.109599999999999996e-02,8.172599999999999865e-01,7.472090000000000121e-01,-4.862699999999999662e-02,1.499100000000000085e-02,-6.626379999999999493e-01,6.724499999999999922e-02,2.676859999999999795e-01,5.140800000000000231e-02,1.242520000000000013e-01,1.361300000000000010e-02,-1.193509999999999988e-01,5.519099999999999701e-02,-7.900300000000000378e-02,-2.212699999999999945e-01,1.466840000000000088e-01,1.955399999999999847e-02,9.506100000000000660e-02,3.144199999999999773e-02,1.190360000000000029e-01,2.370000000000000145e-03,4.876000000000000126e-03,4.447399999999999964e-02,-1.992039999999999922e-01,3.657880000000000020e-01,-7.712800000000000211e-02,5.106200000000000322e-02,2.958900000000000072e-02,-1.794400000000000162e-02,-9.069099999999999384e-02,2.335119999999999973e-01,3.636920000000000153e-01,5.188899999999999763e-02,5.965600000000000069e-02,-7.636000000000000426e-03
7.551999999999999685e-03,-1.119799999999999962e-02,8.172789999999999777e-01,7.469189999999999996e-01,-4.870900000000000230e-02,1.505500000000000067e-02,-6.629580000000000473e-01,6.739199999999999358e-02,2.679750000000000187e-01,5.097999999999999754e-02,1.242779999999999996e-01,1.394399999999999980e-02,-1.196009999999999990e-01,5.520499999999999713e-02,-7.864799999999999569e-02,-2.215590000000000059e-01,1.466290000000000093e-01,1.860099999999999948e-02,9.249200000000000477e-02,3.056100000000000136e-02,1.191330000000000028e-01,2.619999999999999933e-03,4.917999999999999629e-03,4.409899999999999931e-02,-1.998759999999999981e-01,3.658359999999999945e-01,-7.720899999999999985e-02,5.120299999999999851e-02,2.909799999999999887e-02,-1.847599999999999937e-02,-9.050600000000000311e-02,2.332889999999999964e-01,3.634499999999999953e-01,5.204199999999999798e-02,5.969599999999999906e-02,-7.527999999999999969e-03
7.479999999999999670e-03,-1.127200000000000077e-02,8.172810000000000352e-01,7.468489999999999851e-01,-4.874599999999999766e-02,1.505300000000000041e-02,-6.630340000000000122e-01,6.757499999999999618e-02,2.680950000000000277e-01,5.126200000000000201e-02,1.243110000000000048e-01,1.393299999999999920e-02,-1.197270000000000001e-01,5.533400000000000124e-02,-7.854500000000000370e-02,-2.213849999999999985e-01,1.465950000000000031e-01,1.860300000000000148e-02,9.247400000000000064e-02,3.020799999999999874e-02,1.193310000000000065e-01,2.537000000000000192e-03,4.913999999999999965e-03,4.398300000000000126e-02,-2.002690000000000026e-01,3.657839999999999980e-01,-7.724499999999999422e-02,5.139099999999999918e-02,2.910599999999999993e-02,-1.907400000000000068e-02,-8.998299999999999355e-02,2.331920000000000104e-01,3.633419999999999983e-01,5.209799999999999848e-02,5.981700000000000211e-02,-7.459999999999999618e-03
7.498000000000000324e-03,-1.134600000000000018e-02,8.172840000000000105e-01,7.467770000000000241e-01,-4.877999999999999697e-02,1.504800000000000061e-02,-6.631120000000000347e-01,6.776699999999999391e-02,2.681979999999999920e-01,5.156100000000000266e-02,1.243350000000000011e-01,1.392900000000000041e-02,-1.198449999999999932e-01,5.547699999999999854e-02,-7.845599999999999796e-02,-2.212000000000000077e-01,1.465309999999999946e-01,1.862400000000000166e-02,9.246500000000000552e-02,2.987400000000000125e-02,1.195090000000000041e-01,2.455000000000000151e-03,4.923000000000000292e-03,4.384400000000000103e-02,-2.006979999999999875e-01,3.657509999999999928e-01,-7.726800000000000335e-02,5.158000000000000085e-02,2.912599999999999911e-02,-1.965799999999999839e-02,-8.942300000000000249e-02,2.331020000000000036e-01,3.632600000000000273e-01,5.214699999999999891e-02,5.994000000000000022e-02,-7.381000000000000408e-03
7.577000000000000401e-03,-1.141000000000000000e-02,8.172829999999999817e-01,7.469099999999999628e-01,-4.878199999999999897e-02,1.506900000000000080e-02,-6.629620000000000513e-01,6.784700000000000453e-02,2.682350000000000012e-01,5.146300000000000180e-02,1.243439999999999962e-01,1.384299999999999940e-02,-1.198570000000000052e-01,5.563799999999999996e-02,-7.842599999999999572e-02,-2.213130000000000097e-01,1.465359999999999996e-01,1.858500000000000082e-02,9.250600000000000489e-02,2.997700000000000017e-02,1.188769999999999966e-01,2.508999999999999946e-03,5.074000000000000385e-03,4.361500000000000099e-02,-2.005780000000000063e-01,3.657960000000000100e-01,-7.696500000000000563e-02,5.128499999999999726e-02,2.878199999999999856e-02,-1.881800000000000139e-02,-8.934200000000000474e-02,2.331219999999999959e-01,3.631070000000000131e-01,5.216099999999999903e-02,5.976599999999999968e-02,-7.525999999999999704e-03
7.574000000000000003e-03,-1.157500000000000022e-02,8.172810000000000352e-01,7.469700000000000228e-01,-4.876899999999999985e-02,1.510399999999999937e-02,-6.628939999999999833e-01,6.791400000000000214e-02,2.682499999999999885e-01,5.135699999999999987e-02,1.243429999999999952e-01,1.375000000000000007e-02,-1.198599999999999943e-01,5.578700000000000325e-02,-7.842100000000000459e-02,-2.214339999999999919e-01,1.465450000000000086e-01,1.853099999999999886e-02,9.256300000000000638e-02,3.005999999999999991e-02,1.185979999999999951e-01,2.459999999999999947e-03,5.205000000000000425e-03,4.355900000000000050e-02,-2.005349999999999910e-01,3.659379999999999855e-01,-7.682999999999999552e-02,5.114799999999999902e-02,2.855200000000000099e-02,-1.834300000000000166e-02,-8.932500000000000162e-02,2.333230000000000026e-01,3.630380000000000273e-01,5.209300000000000042e-02,5.962699999999999945e-02,-7.690999999999999920e-03
7.570000000000000340e-03,-1.173800000000000017e-02,8.172800000000000065e-01,7.470290000000000541e-01,-4.875399999999999873e-02,1.514000000000000068e-02,-6.628279999999999728e-01,6.797000000000000264e-02,2.682669999999999777e-01,5.125799999999999801e-02,1.243480000000000002e-01,1.365599999999999974e-02,-1.198619999999999963e-01,5.592699999999999755e-02,-7.841399999999999759e-02,-2.215529999999999999e-01,1.465549999999999908e-01,1.848299999999999943e-02,9.261800000000000588e-02,3.013599999999999959e-02,1.183249999999999996e-01,2.415000000000000046e-03,5.368000000000000375e-03,4.345000000000000251e-02,-2.005329999999999890e-01,3.661070000000000157e-01,-7.668500000000000316e-02,5.101599999999999885e-02,2.829900000000000124e-02,-1.784200000000000022e-02,-8.927799999999999625e-02,2.335460000000000036e-01,3.630530000000000146e-01,5.202500000000000180e-02,5.950500000000000234e-02,-7.835999999999999216e-03
7.415999999999999849e-03,-1.184100000000000083e-02,8.172810000000000352e-01,7.471210000000000351e-01,-4.875100000000000267e-02,1.516499999999999966e-02,-6.627250000000000085e-01,6.791800000000000614e-02,2.684710000000000152e-01,5.105699999999999822e-02,1.243250000000000050e-01,1.374399999999999927e-02,-1.199400000000000049e-01,5.604800000000000060e-02,-7.831200000000000661e-02,-2.219389999999999974e-01,1.467370000000000063e-01,1.810000000000000150e-02,9.238000000000000378e-02,3.021799999999999833e-02,1.186239999999999933e-01,2.530999999999999830e-03,5.440999999999999656e-03,4.343000000000000332e-02,-2.008089999999999875e-01,3.664089999999999847e-01,-7.706100000000000450e-02,5.129899999999999738e-02,2.864999999999999838e-02,-1.740200000000000080e-02,-8.914500000000000202e-02,2.333280000000000076e-01,3.638430000000000275e-01,5.221400000000000347e-02,5.981700000000000211e-02,-7.425000000000000176e-03
7.258999999999999828e-03,-1.192799999999999937e-02,8.172819999999999530e-01,7.472480000000000233e-01,-4.875899999999999679e-02,1.517699999999999952e-02,-6.625799999999999468e-01,6.787200000000000177e-02,2.686839999999999784e-01,5.085200000000000137e-02,1.243200000000000000e-01,1.383900000000000061e-02,-1.200250000000000067e-01,5.616899999999999671e-02,-7.820399999999999574e-02,-2.223269999999999968e-01,1.469509999999999983e-01,1.771299999999999958e-02,9.213200000000000556e-02,3.034200000000000091e-02,1.188170000000000059e-01,2.671000000000000197e-03,5.701000000000000338e-03,4.319699999999999929e-02,-2.008340000000000125e-01,3.666829999999999812e-01,-7.722299999999999998e-02,5.131100000000000244e-02,2.861199999999999855e-02,-1.680299999999999849e-02,-8.921500000000000263e-02,2.329380000000000062e-01,3.647779999999999911e-01,5.238000000000000295e-02,5.978399999999999687e-02,-7.237000000000000377e-03
7.190000000000000210e-03,-1.201699999999999990e-02,8.172829999999999817e-01,7.473760000000000403e-01,-4.876799999999999885e-02,1.518899999999999938e-02,-6.624349999999999961e-01,6.782799999999999940e-02,2.688969999999999971e-01,5.064500000000000252e-02,1.243149999999999950e-01,1.393100000000000067e-02,-1.201080000000000064e-01,5.629300000000000276e-02,-7.809800000000000075e-02,-2.227149999999999963e-01,1.471649999999999903e-01,1.732699999999999865e-02,9.188499999999999446e-02,3.046700000000000103e-02,1.190179999999999988e-01,2.811000000000000131e-03,6.048000000000000424e-03,4.289199999999999957e-02,-2.009029999999999982e-01,3.669850000000000056e-01,-7.733099999999999696e-02,5.131600000000000050e-02,2.851899999999999921e-02,-1.609800000000000120e-02,-8.932299999999999962e-02,2.326259999999999994e-01,3.660470000000000113e-01,5.257599999999999774e-02,5.976700000000000068e-02,-7.052000000000000109e-03
7.079000000000000223e-03,-1.209499999999999985e-02,8.172779999999999490e-01,7.474180000000000268e-01,-4.866899999999999699e-02,1.514099999999999994e-02,-6.623959999999999848e-01,6.780600000000000516e-02,2.687749999999999861e-01,5.062099999999999933e-02,1.243719999999999964e-01,1.414200000000000006e-02,-1.201689999999999980e-01,5.644199999999999912e-02,-7.798599999999999977e-02,-2.224399999999999988e-01,1.468629999999999936e-01,1.741900000000000046e-02,9.225899999999999379e-02,3.060900000000000079e-02,1.189560000000000062e-01,2.753999999999999938e-03,6.117000000000000041e-03,4.263700000000000129e-02,-2.007329999999999948e-01,3.668190000000000062e-01,-7.721300000000000385e-02,5.132500000000000256e-02,2.857499999999999971e-02,-1.634100000000000136e-02,-9.070400000000000684e-02,2.330260000000000109e-01,3.668500000000000094e-01,5.271800000000000097e-02,6.003900000000000209e-02,-7.381999999999999673e-03
6.971999999999999899e-03,-1.218100000000000085e-02,8.172829999999999817e-01,7.474539999999999518e-01,-4.859600000000000031e-02,1.512100000000000076e-02,-6.623609999999999776e-01,6.777900000000000591e-02,2.687300000000000244e-01,5.052399999999999947e-02,1.244019999999999987e-01,1.437100000000000009e-02,-1.202369999999999967e-01,5.642699999999999799e-02,-7.803999999999999826e-02,-2.226309999999999956e-01,1.469439999999999913e-01,1.720400000000000054e-02,9.225099999999999967e-02,3.063799999999999857e-02,1.190920000000000034e-01,2.988999999999999903e-03,6.583000000000000310e-03,4.281399999999999789e-02,-2.002430000000000043e-01,3.666300000000000114e-01,-7.707600000000000562e-02,5.135300000000000281e-02,2.861899999999999861e-02,-1.588300000000000128e-02,-9.237199999999999578e-02,2.336020000000000041e-01,3.684120000000000172e-01,5.288700000000000345e-02,6.013600000000000195e-02,-7.597999999999999719e-03
6.951999999999999846e-03,-1.226900000000000039e-02,8.172869999999999857e-01,7.474929999999999630e-01,-4.852000000000000063e-02,1.510300000000000011e-02,-6.623229999999999951e-01,6.774600000000000066e-02,2.686799999999999744e-01,5.041899999999999854e-02,1.244259999999999949e-01,1.460099999999999940e-02,-1.203049999999999953e-01,5.638599999999999862e-02,-7.810499999999999388e-02,-2.228229999999999933e-01,1.470809999999999895e-01,1.695599999999999885e-02,9.224100000000000354e-02,3.064700000000000063e-02,1.192209999999999936e-01,3.209000000000000047e-03,7.231999999999999713e-03,4.290599999999999969e-02,-1.997279999999999889e-01,3.663359999999999950e-01,-7.686500000000000277e-02,5.138899999999999718e-02,2.860899999999999901e-02,-1.526699999999999932e-02,-9.425899999999999557e-02,2.345899999999999930e-01,3.712090000000000112e-01,5.317500000000000004e-02,6.036400000000000099e-02,-7.860999999999999932e-03
6.843000000000000124e-03,-1.230299999999999970e-02,8.172690000000000232e-01,7.478820000000000467e-01,-4.820100000000000079e-02,1.539500000000000070e-02,-6.619000000000000439e-01,6.627099999999999658e-02,2.684590000000000032e-01,4.849500000000000338e-02,1.245509999999999950e-01,1.459500000000000033e-02,-1.207030000000000047e-01,5.516800000000000176e-02,-7.822199999999999986e-02,-2.226750000000000118e-01,1.482430000000000136e-01,1.654500000000000068e-02,9.227100000000000579e-02,3.120200000000000057e-02,1.188779999999999976e-01,4.042999999999999719e-03,6.854999999999999982e-03,4.349499999999999894e-02,-1.986400000000000110e-01,3.651170000000000249e-01,-7.681699999999999640e-02,5.111199999999999771e-02,2.893300000000000038e-02,-1.656699999999999839e-02,-9.507300000000000473e-02,2.356920000000000126e-01,3.759689999999999976e-01,5.414299999999999669e-02,6.035599999999999993e-02,-8.713999999999999524e-03
6.627000000000000078e-03,-1.231999999999999935e-02,8.172490000000000032e-01,7.482959999999999612e-01,-4.784800000000000164e-02,1.571300000000000127e-02,-6.614499999999999824e-01,6.462199999999999889e-02,2.682430000000000092e-01,4.652699999999999891e-02,1.247570000000000068e-01,1.459099999999999980e-02,-1.211170000000000024e-01,5.370799999999999880e-02,-7.833199999999999885e-02,-2.227310000000000123e-01,1.494989999999999930e-01,1.605600000000000083e-02,9.232600000000000529e-02,3.173700000000000132e-02,1.185309999999999975e-01,4.982999999999999582e-03,6.688000000000000368e-03,4.384500000000000203e-02,-1.969450000000000089e-01,3.634319999999999773e-01,-7.678200000000000303e-02,5.081100000000000200e-02,2.934399999999999856e-02,-1.804800000000000154e-02,-9.632499999999999396e-02,2.377340000000000009e-01,3.834350000000000258e-01,5.535600000000000243e-02,6.070600000000000301e-02,-9.563999999999999585e-03
6.498999999999999569e-03,-1.233500000000000048e-02,8.172300000000000120e-01,7.487110000000000154e-01,-4.749199999999999949e-02,1.603699999999999917e-02,-6.609990000000000032e-01,6.294199999999999795e-02,2.680239999999999845e-01,4.455499999999999738e-02,1.249819999999999959e-01,1.458500000000000074e-02,-1.215330000000000021e-01,5.221800000000000053e-02,-7.845000000000000584e-02,-2.227939999999999920e-01,1.507830000000000004e-01,1.555600000000000038e-02,9.238000000000000378e-02,3.223600000000000076e-02,1.181859999999999994e-01,5.923999999999999579e-03,6.760000000000000384e-03,4.403200000000000169e-02,-1.950429999999999942e-01,3.613879999999999870e-01,-7.659900000000000042e-02,5.051599999999999840e-02,2.970199999999999924e-02,-1.951299999999999910e-02,-9.819500000000000450e-02,2.412040000000000017e-01,3.944699999999999873e-01,5.691000000000000225e-02,6.143499999999999656e-02,-1.056999999999999953e-02
6.088999999999999795e-03,-1.237000000000000079e-02,8.169530000000000403e-01,7.508540000000000214e-01,-4.661599999999999772e-02,1.612200000000000091e-02,-6.586229999999999585e-01,5.865000000000000074e-02,2.664179999999999882e-01,3.996799999999999659e-02,1.251120000000000010e-01,1.519700000000000044e-02,-1.224210000000000020e-01,5.179799999999999682e-02,-7.948900000000000410e-02,-2.203309999999999991e-01,1.516109999999999958e-01,1.272900000000000073e-02,9.485899999999999888e-02,3.212500000000000078e-02,1.174410000000000037e-01,7.408999999999999787e-03,6.505999999999999631e-03,4.460599999999999982e-02,-1.938960000000000128e-01,3.598129999999999939e-01,-7.628799999999999470e-02,5.030199999999999949e-02,2.964800000000000074e-02,-2.020800000000000027e-02,-9.998500000000000443e-02,2.487699999999999911e-01,4.096480000000000121e-01,5.773999999999999966e-02,6.313900000000000068e-02,-1.127900000000000083e-02
5.694000000000000276e-03,-1.239799999999999930e-02,8.167609999999999593e-01,7.530390000000000139e-01,-4.574399999999999994e-02,1.618899999999999853e-02,-6.561839999999999895e-01,5.439299999999999691e-02,2.646919999999999829e-01,3.539699999999999791e-02,1.252570000000000072e-01,1.568500000000000102e-02,-1.232909999999999978e-01,5.141799999999999843e-02,-8.046100000000000474e-02,-2.173680000000000057e-01,1.525060000000000027e-01,9.761000000000000579e-03,9.689100000000000490e-02,3.180399999999999894e-02,1.166259999999999936e-01,8.805000000000000326e-03,6.290999999999999717e-03,4.504500000000000171e-02,-1.925169999999999937e-01,3.579620000000000024e-01,-7.577899999999999914e-02,5.001099999999999990e-02,2.939900000000000152e-02,-2.099900000000000030e-02,-1.028040000000000065e-01,2.587849999999999873e-01,4.303250000000000131e-01,5.914599999999999719e-02,6.549399999999999666e-02,-1.232600000000000015e-02
5.302000000000000289e-03,-1.242599999999999955e-02,8.164820000000000411e-01,7.552159999999999984e-01,-4.487399999999999722e-02,1.625899999999999915e-02,-6.537359999999999838e-01,5.013999999999999707e-02,2.629679999999999795e-01,3.083199999999999830e-02,1.254270000000000107e-01,1.616599999999999981e-02,-1.241609999999999936e-01,5.102700000000000291e-02,-8.144500000000000350e-02,-2.144060000000000132e-01,1.534200000000000008e-01,6.797000000000000090e-03,9.892900000000000305e-02,3.148499999999999910e-02,1.157979999999999982e-01,1.021400000000000086e-02,6.308000000000000239e-03,4.525499999999999662e-02,-1.909810000000000119e-01,3.558239999999999736e-01,-7.506799999999999584e-02,4.969900000000000012e-02,2.901600000000000013e-02,-2.198400000000000007e-02,-1.068400000000000044e-01,2.718700000000000006e-01,4.576540000000000052e-01,6.120899999999999952e-02,6.862300000000000344e-02,-1.370900000000000070e-02
5.824000000000000184e-03,-1.184400000000000036e-02,8.159899999999999931e-01,7.606410000000000116e-01,-4.457699999999999857e-02,1.607300000000000048e-02,-6.474410000000000442e-01,4.265900000000000247e-02,2.592519999999999825e-01,2.371699999999999850e-02,1.258070000000000022e-01,1.439200000000000028e-02,-1.238999999999999962e-01,5.465099999999999819e-02,-8.482699999999999962e-02,-2.200139999999999874e-01,1.539929999999999910e-01,2.291000000000000068e-03,1.025019999999999959e-01,3.480799999999999866e-02,1.148909999999999931e-01,1.117699999999999944e-02,4.989000000000000379e-03,4.340100000000000208e-02,-1.907929999999999904e-01,3.533370000000000122e-01,-7.462299999999999489e-02,4.949400000000000327e-02,2.865200000000000038e-02,-2.588800000000000129e-02,-1.108579999999999982e-01,2.911699999999999844e-01,4.892949999999999799e-01,6.307300000000000406e-02,7.262299999999999311e-02,-1.494099999999999942e-02
6.364999999999999998e-03,-1.116200000000000005e-02,8.154879999999999907e-01,7.660890000000000200e-01,-4.438399999999999984e-02,1.580399999999999860e-02,-6.410050000000000470e-01,3.529600000000000098e-02,2.555729999999999946e-01,1.660500000000000170e-02,1.263769999999999893e-01,1.228699999999999931e-02,-1.234999999999999987e-01,5.868500000000000105e-02,-8.821700000000000375e-02,-2.258090000000000097e-01,1.545819999999999972e-01,-2.256000000000000193e-03,1.060989999999999989e-01,3.791699999999999932e-02,1.139690000000000009e-01,1.253100000000000047e-02,3.510000000000000099e-03,4.123799999999999688e-02,-1.910949999999999871e-01,3.515030000000000099e-01,-7.416499999999999482e-02,4.948099999999999721e-02,2.814200000000000035e-02,-3.026600000000000124e-02,-1.165169999999999956e-01,3.143540000000000223e-01,5.285530000000000506e-01,6.570600000000000052e-02,7.761200000000000043e-02,-1.659000000000000058e-02
6.910999999999999609e-03,-1.057100000000000053e-02,8.149910000000000210e-01,7.714830000000000298e-01,-4.420500000000000124e-02,1.550900000000000022e-02,-6.345229999999999482e-01,2.797699999999999840e-02,2.519230000000000080e-01,9.506999999999999826e-03,1.269939999999999958e-01,1.017700000000000028e-02,-1.230979999999999991e-01,6.281699999999999784e-02,-9.161199999999999899e-02,-2.316189999999999916e-01,1.551490000000000091e-01,-6.786999999999999630e-03,1.097069999999999990e-01,4.103699999999999709e-02,1.130319999999999936e-01,1.399500000000000050e-02,2.135000000000000179e-03,3.899400000000000088e-02,-1.922230000000000050e-01,3.510530000000000039e-01,-7.381600000000000661e-02,4.968999999999999806e-02,2.758299999999999988e-02,-3.522200000000000331e-02,-1.237960000000000033e-01,3.417850000000000055e-01,5.753329999999999833e-01,6.919500000000000650e-02,8.362700000000000689e-02,-1.856000000000000011e-02
6.519999999999999754e-03,-1.062899999999999956e-02,8.144310000000000160e-01,7.739939999999999598e-01,-4.438099999999999684e-02,1.467899999999999934e-02,-6.314650000000000540e-01,2.512400000000000050e-02,2.507639999999999869e-01,7.629000000000000364e-03,1.300640000000000129e-01,6.579999999999999911e-03,-1.216570000000000012e-01,6.549000000000000654e-02,-9.379899999999999349e-02,-2.398589999999999889e-01,1.589220000000000077e-01,-1.382599999999999975e-02,1.119990000000000013e-01,4.735600000000000226e-02,1.105590000000000045e-01,1.845899999999999971e-02,-1.435000000000000078e-03,4.113300000000000289e-02,-1.908990000000000131e-01,3.518970000000000153e-01,-7.305999999999999994e-02,4.843000000000000083e-02,2.563599999999999907e-02,-4.832700000000000190e-02,-1.343280000000000030e-01,3.570479999999999765e-01,5.557079999999999798e-01,7.318399999999999905e-02,8.483599999999999475e-02,-1.652800000000000102e-02
6.244999999999999683e-03,-1.077700000000000012e-02,8.139359999999999928e-01,7.764229999999999743e-01,-4.399999999999999745e-02,1.475899999999999955e-02,-6.284999999999999476e-01,2.144100000000000172e-02,2.498440000000000105e-01,6.530000000000000214e-03,1.304520000000000124e-01,4.498000000000000262e-03,-1.201600000000000029e-01,6.722400000000000597e-02,-9.540400000000000269e-02,-2.480269999999999975e-01,1.596650000000000014e-01,-1.902399999999999924e-02,1.142600000000000005e-01,5.391800000000000065e-02,1.088019999999999959e-01,1.944299999999999848e-02,-3.170000000000000075e-03,4.255400000000000155e-02,-1.921690000000000065e-01,3.561920000000000086e-01,-7.318600000000000105e-02,4.849400000000000238e-02,2.550300000000000136e-02,-5.970400000000000013e-02,-1.476899999999999880e-01,3.777610000000000134e-01,5.381559999999999677e-01,7.837600000000000122e-02,8.921700000000000463e-02,-1.647799999999999959e-02
6.063999999999999946e-03,-1.103799999999999920e-02,8.134479999999999489e-01,7.788319999999999688e-01,-4.355799999999999950e-02,1.492699999999999930e-02,-6.255399999999999849e-01,1.754899999999999863e-02,2.489609999999999879e-01,5.453999999999999647e-03,1.308590000000000031e-01,2.428000000000000037e-03,-1.186640000000000056e-01,6.883899999999999741e-02,-9.697000000000000064e-02,-2.561939999999999773e-01,1.602359999999999896e-01,-2.411599999999999855e-02,1.165319999999999967e-01,6.051000000000000129e-02,1.070819999999999966e-01,2.001599999999999907e-02,-4.774999999999999731e-03,4.460999999999999688e-02,-1.967700000000000005e-01,3.661099999999999910e-01,-7.447700000000000153e-02,4.940599999999999853e-02,2.583699999999999886e-02,-7.159200000000000286e-02,-1.625959999999999905e-01,4.024800000000000044e-01,5.234689999999999621e-01,8.427500000000000269e-02,9.460999999999999965e-02,-1.648099999999999912e-02
6.314000000000000168e-03,-1.076300000000000000e-02,8.129290000000000127e-01,7.787519999999999998e-01,-4.311399999999999955e-02,1.578099999999999989e-02,-6.256490000000000107e-01,1.547800000000000044e-02,2.481019999999999892e-01,3.930000000000000117e-04,1.296589999999999965e-01,-2.044999999999999943e-03,-1.154489999999999961e-01,6.647599999999999343e-02,-9.762200000000000044e-02,-2.590109999999999912e-01,1.601960000000000051e-01,-2.720900000000000055e-02,1.148679999999999979e-01,6.850000000000000533e-02,1.055809999999999943e-01,2.230400000000000091e-02,-7.089999999999999948e-03,4.759399999999999742e-02,-2.046429999999999916e-01,3.736289999999999889e-01,-7.706699999999999662e-02,4.980899999999999911e-02,2.798700000000000146e-02,-7.759299999999999531e-02,-1.697410000000000030e-01,4.326550000000000118e-01,4.011640000000000206e-01,9.747699999999999421e-02,1.025869999999999976e-01,5.663999999999999764e-03
6.653000000000000060e-03,-1.052999999999999943e-02,8.122899999999999565e-01,7.786499999999999533e-01,-4.254299999999999748e-02,1.655299999999999827e-02,-6.257949999999999902e-01,1.334600000000000022e-02,2.469780000000000031e-01,-4.289000000000000278e-03,1.287300000000000111e-01,-6.596000000000000300e-03,-1.121489999999999987e-01,6.404600000000000570e-02,-9.850399999999999434e-02,-2.614270000000000205e-01,1.601819999999999911e-01,-3.089700000000000085e-02,1.164000000000000035e-01,7.696899999999999575e-02,1.037290000000000018e-01,2.413200000000000067e-02,-9.464000000000000190e-03,5.216400000000000203e-02,-2.179879999999999873e-01,3.896029999999999771e-01,-8.171899999999999997e-02,5.182599999999999707e-02,3.088899999999999979e-02,-8.284600000000000297e-02,-1.807060000000000055e-01,4.696440000000000059e-01,2.707129999999999814e-01,1.134970000000000007e-01,1.149469999999999936e-01,2.540900000000000103e-02
6.982000000000000359e-03,-1.025900000000000076e-02,8.117459999999999676e-01,7.785370000000000346e-01,-4.198299999999999949e-02,1.728700000000000028e-02,-6.259540000000000104e-01,1.120400000000000042e-02,2.458160000000000067e-01,-8.963999999999999746e-03,1.279129999999999989e-01,-1.114099999999999986e-02,-1.088230000000000031e-01,6.159099999999999991e-02,-9.942700000000000149e-02,-2.637970000000000037e-01,1.602570000000000106e-01,-3.457400000000000057e-02,1.179319999999999952e-01,8.521299999999999708e-02,1.019029999999999936e-01,2.568499999999999950e-02,-1.209700000000000011e-02,5.833900000000000197e-02,-2.365970000000000018e-01,4.155630000000000157e-01,-8.878400000000000181e-02,5.517600000000000282e-02,3.472900000000000292e-02,-8.984799999999999731e-02,-1.942010000000000125e-01,5.126159999999999606e-01,1.351870000000000016e-01,1.316769999999999885e-01,1.275260000000000005e-01,4.311399999999999955e-02
8.243000000000000327e-03,-1.037100000000000001e-02,8.109060000000000157e-01,7.804980000000000251e-01,-4.210200000000000053e-02,1.799399999999999958e-02,-6.234790000000000054e-01,7.957999999999999796e-03,2.453770000000000118e-01,-3.667000000000000121e-03,1.279059999999999919e-01,-1.890800000000000120e-02,-1.024759999999999976e-01,6.305299999999999794e-02,-1.011399999999999938e-01,-2.686379999999999879e-01,1.605000000000000038e-01,-3.911400000000000293e-02,1.212789999999999979e-01,9.777099999999999680e-02,9.992099999999999593e-02,2.282299999999999954e-02,-2.080900000000000111e-02,7.342799999999999327e-02,-2.376620000000000121e-01,4.434319999999999928e-01,-1.090769999999999934e-01,5.657999999999999835e-02,4.630599999999999994e-02,-1.172099999999999947e-01,-2.100809999999999900e-01,5.804669999999999552e-01,3.364700000000000329e-02,1.434600000000000042e-01,1.421469999999999956e-01,9.062699999999999922e-02
9.473999999999999783e-03,-1.028100000000000021e-02,8.099870000000000125e-01,7.824550000000000116e-01,-4.245800000000000268e-02,1.843200000000000047e-02,-6.209850000000000092e-01,4.982999999999999582e-03,2.449580000000000091e-01,1.670999999999999959e-03,1.281619999999999981e-01,-2.638599999999999973e-02,-9.611000000000000099e-02,6.489300000000000623e-02,-1.028450000000000059e-01,-2.735029999999999961e-01,1.609099999999999975e-01,-4.343799999999999745e-02,1.244740000000000013e-01,1.084050000000000014e-01,9.767099999999999393e-02,2.064600000000000116e-02,-2.970199999999999924e-02,9.062000000000000610e-02,-2.419830000000000036e-01,4.808799999999999741e-01,-1.317029999999999867e-01,5.914400000000000213e-02,5.919599999999999862e-02,-1.496810000000000085e-01,-2.280889999999999862e-01,6.513039999999999941e-01,-7.248000000000000276e-02,1.577800000000000036e-01,1.538400000000000045e-01,1.375329999999999886e-01
1.071000000000000077e-02,-1.008500000000000021e-02,8.091639999999999944e-01,7.843980000000000397e-01,-4.291199999999999876e-02,1.873100000000000112e-02,-6.184880000000000377e-01,2.199000000000000000e-03,2.444590000000000096e-01,6.956000000000000377e-03,1.285719999999999918e-01,-3.380600000000000271e-02,-8.967200000000000171e-02,6.690799999999999526e-02,-1.046220000000000067e-01,-2.783300000000000218e-01,1.613989999999999869e-01,-4.767199999999999910e-02,1.276909999999999989e-01,1.183420000000000027e-01,9.534199999999999620e-02,1.842500000000000041e-02,-3.874600000000000266e-02,1.095219999999999944e-01,-2.499860000000000138e-01,5.261019999999999586e-01,-1.564840000000000120e-01,6.313100000000000656e-02,7.355599999999999639e-02,-1.857040000000000080e-01,-2.489059999999999884e-01,7.224180000000000046e-01,-1.870809999999999973e-01,1.741840000000000055e-01,1.644049999999999956e-01,1.824439999999999951e-01
1.113899999999999960e-02,-9.913999999999999202e-03,8.089790000000000036e-01,7.854050000000000198e-01,-4.179900000000000282e-02,1.652700000000000002e-02,-6.173480000000000079e-01,-1.356199999999999940e-02,2.374680000000000124e-01,2.077800000000000133e-02,1.609770000000000090e-01,-5.651300000000000073e-02,-8.233400000000000440e-02,7.067500000000000171e-02,-1.105769999999999947e-01,-2.804940000000000211e-01,1.601160000000000083e-01,-5.302400000000000169e-02,1.313539999999999985e-01,1.333199999999999941e-01,8.659799999999999442e-02,1.522300000000000042e-02,-5.249100000000000293e-02,1.482870000000000021e-01,-2.523090000000000055e-01,5.688320000000000043e-01,-1.758190000000000031e-01,6.706800000000000261e-02,9.023499999999999577e-02,-2.452920000000000100e-01,-2.883220000000000227e-01,7.858929999999999527e-01,-2.409509999999999985e-01,1.841859999999999886e-01,1.800130000000000063e-01,2.206220000000000125e-01
1.138600000000000029e-02,-9.563999999999999585e-03,8.088400000000000034e-01,7.864349999999999952e-01,-4.054200000000000165e-02,1.425500000000000031e-02,-6.161769999999999747e-01,-3.096099999999999894e-02,2.307470000000000077e-01,3.443899999999999739e-02,1.961279999999999968e-01,-8.028899999999999926e-02,-7.491399999999999448e-02,7.381400000000000461e-02,-1.169179999999999942e-01,-2.820889999999999787e-01,1.592820000000000069e-01,-5.807500000000000162e-02,1.341759999999999897e-01,1.478059999999999929e-01,7.758099999999999719e-02,1.236699999999999952e-02,-6.646199999999999330e-02,1.886690000000000034e-01,-2.553989999999999871e-01,6.146589999999999554e-01,-1.957619999999999916e-01,7.145100000000000062e-02,1.073019999999999946e-01,-3.087170000000000192e-01,-3.253130000000000188e-01,8.466500000000000137e-01,-2.972139999999999782e-01,1.941940000000000055e-01,1.910799999999999998e-01,2.595609999999999862e-01
1.156199999999999936e-02,-9.169999999999999332e-03,8.087400000000000144e-01,7.874740000000000073e-01,-3.919000000000000261e-02,1.187799999999999967e-02,-6.149860000000000326e-01,-4.894500000000000239e-02,2.239530000000000132e-01,4.798800000000000288e-02,2.326479999999999937e-01,-1.047119999999999995e-01,-6.721900000000000097e-02,7.685500000000000664e-02,-1.235279999999999989e-01,-2.837239999999999762e-01,1.586009999999999920e-01,-6.313499999999999668e-02,1.369519999999999904e-01,1.619609999999999939e-01,6.847399999999999320e-02,9.655999999999999653e-03,-8.003699999999999704e-02,2.297359999999999958e-01,-2.581700000000000106e-01,6.600939999999999586e-01,-2.158779999999999866e-01,7.608099999999999585e-02,1.249190000000000023e-01,-3.740589999999999749e-01,-3.615349999999999953e-01,9.044090000000000185e-01,-3.599510000000000209e-01,2.042140000000000066e-01,2.007120000000000015e-01,2.982219999999999871e-01
1.363200000000000002e-02,-9.070999999999999203e-03,8.081429999999999447e-01,7.908779999999999699e-01,-3.846600000000000019e-02,1.091899999999999989e-02,-6.106660000000000421e-01,-6.938999999999999335e-02,2.236259999999999915e-01,7.645399999999999419e-02,2.696350000000000136e-01,-1.170000000000000068e-01,-5.725199999999999734e-02,8.186300000000000521e-02,-1.310570000000000068e-01,-2.899880000000000235e-01,1.584589999999999888e-01,-6.785099999999999465e-02,1.406930000000000125e-01,1.785229999999999873e-01,6.333800000000000541e-02,5.408999999999999746e-03,-1.013840000000000019e-01,2.674360000000000070e-01,-2.559199999999999808e-01,7.006240000000000245e-01,-2.422350000000000059e-01,7.856100000000000583e-02,1.493379999999999985e-01,-4.261570000000000080e-01,-3.607099999999999751e-01,9.395869999999999500e-01,-3.744230000000000058e-01,2.129649999999999876e-01,2.132799999999999974e-01,3.107070000000000110e-01
1.543699999999999933e-02,-8.989999999999999727e-03,8.075360000000000316e-01,7.942299999999999915e-01,-3.756000000000000311e-02,9.933000000000000856e-03,-6.063730000000000508e-01,-9.020200000000000440e-02,2.236950000000000049e-01,1.050100000000000061e-01,3.074169999999999958e-01,-1.295800000000000007e-01,-4.713799999999999935e-02,8.655999999999999805e-02,-1.380919999999999925e-01,-2.962600000000000233e-01,1.581809999999999883e-01,-7.302100000000000257e-02,1.475650000000000017e-01,1.950969999999999926e-01,5.703099999999999836e-02,1.101999999999999898e-03,-1.222489999999999966e-01,3.056639999999999913e-01,-2.510569999999999746e-01,7.354810000000000514e-01,-2.676629999999999843e-01,8.009900000000000353e-02,1.738379999999999925e-01,-4.787750000000000061e-01,-3.542719999999999758e-01,9.697719999999999674e-01,-3.875040000000000151e-01,2.197679999999999911e-01,2.218600000000000017e-01,3.242090000000000249e-01
1.709300000000000055e-02,-8.831000000000000308e-03,8.069429999999999659e-01,7.975579999999999892e-01,-3.663199999999999790e-02,8.977000000000000604e-03,-6.020609999999999573e-01,-1.114010000000000000e-01,2.242399999999999949e-01,1.334970000000000045e-01,3.462609999999999855e-01,-1.426320000000000088e-01,-3.665700000000000208e-02,9.112900000000000167e-02,-1.450249999999999873e-01,-3.026150000000000229e-01,1.579949999999999966e-01,-7.822400000000000186e-02,1.543279999999999930e-01,2.115990000000000093e-01,5.062500000000000333e-02,-3.092000000000000130e-03,-1.423240000000000061e-01,3.430460000000000176e-01,-2.422300000000000009e-01,7.625499999999999501e-01,-2.910510000000000042e-01,8.043100000000000249e-02,1.979059999999999986e-01,-5.309669999999999668e-01,-3.457520000000000038e-01,9.957599999999999785e-01,-4.030030000000000001e-01,2.255270000000000052e-01,2.288100000000000134e-01,3.378669999999999729e-01
2.004999999999999838e-02,-8.602999999999999536e-03,8.051220000000000043e-01,8.007990000000000386e-01,-3.701800000000000229e-02,9.466999999999999721e-03,-5.977139999999999675e-01,-1.237219999999999986e-01,2.235070000000000112e-01,1.377859999999999918e-01,3.665519999999999889e-01,-1.525729999999999864e-01,-3.540499999999999897e-02,9.516700000000000159e-02,-1.496939999999999937e-01,-3.114620000000000166e-01,1.585749999999999937e-01,-8.815900000000000125e-02,1.624589999999999923e-01,2.212999999999999967e-01,4.560199999999999670e-02,-6.693000000000000164e-03,-1.751409999999999911e-01,3.825479999999999992e-01,-2.533630000000000049e-01,7.792029999999999790e-01,-2.989829999999999988e-01,8.500699999999999923e-02,2.092710000000000126e-01,-5.778400000000000203e-01,-3.446190000000000087e-01,1.024887000000000103e+00,-3.919290000000000274e-01,2.242560000000000109e-01,2.372340000000000004e-01,3.522739999999999760e-01
2.293200000000000099e-02,-8.378000000000000030e-03,8.032399999999999540e-01,8.040680000000000049e-01,-3.751700000000000174e-02,9.681000000000000369e-03,-5.932730000000000503e-01,-1.349239999999999884e-01,2.225590000000000068e-01,1.420639999999999958e-01,3.856209999999999916e-01,-1.618529999999999969e-01,-3.418000000000000205e-02,9.997200000000000530e-02,-1.543960000000000055e-01,-3.205600000000000116e-01,1.589980000000000004e-01,-9.799900000000000277e-02,1.699009999999999965e-01,2.317659999999999998e-01,4.068800000000000194e-02,-9.759000000000000313e-03,-2.083720000000000017e-01,4.204939999999999789e-01,-2.615029999999999855e-01,7.878619999999999512e-01,-3.045410000000000061e-01,8.846600000000000297e-02,2.189010000000000122e-01,-6.234779999999999767e-01,-3.415750000000000175e-01,1.050105000000000066e+00,-3.803679999999999839e-01,2.212760000000000005e-01,2.431689999999999963e-01,3.675120000000000053e-01
2.570599999999999968e-02,-8.260999999999999246e-03,8.013519999999999532e-01,8.072979999999999601e-01,-3.811699999999999811e-02,9.868999999999999301e-03,-5.888290000000000468e-01,-1.460200000000000109e-01,2.218420000000000114e-01,1.463150000000000006e-01,4.048430000000000084e-01,-1.712090000000000001e-01,-3.302000000000000074e-02,1.049979999999999941e-01,-1.588690000000000102e-01,-3.296950000000000158e-01,1.594089999999999951e-01,-1.078719999999999957e-01,1.773119999999999974e-01,2.425029999999999963e-01,3.604600000000000165e-02,-1.258399999999999970e-02,-2.408349999999999935e-01,4.568989999999999996e-01,-2.660040000000000182e-01,7.879249999999999865e-01,-3.079129999999999923e-01,9.064899999999999347e-02,2.272790000000000088e-01,-6.680460000000000287e-01,-3.372229999999999950e-01,1.072510000000000074e+00,-3.695840000000000236e-01,2.174280000000000102e-01,2.480989999999999862e-01,3.827550000000000119e-01
2.586000000000000104e-02,-7.974999999999999450e-03,7.990779999999999550e-01,8.110789999999999944e-01,-3.853000000000000175e-02,1.016000000000000063e-02,-5.835770000000000124e-01,-1.620669999999999888e-01,2.219629999999999936e-01,1.380840000000000123e-01,4.277349999999999763e-01,-1.794409999999999894e-01,-3.547999999999999765e-02,9.623299999999999910e-02,-1.654619999999999980e-01,-3.434039999999999870e-01,1.870739999999999903e-01,-1.286059999999999981e-01,1.826990000000000003e-01,2.525459999999999927e-01,2.786200000000000135e-02,-9.766000000000000375e-03,-2.951739999999999919e-01,5.033860000000000001e-01,-2.759670000000000178e-01,7.986929999999999863e-01,-3.059700000000000197e-01,9.649099999999999344e-02,2.347440000000000082e-01,-7.049619999999999775e-01,-3.476199999999999846e-01,1.087367999999999890e+00,-3.546710000000000140e-01,2.041229999999999989e-01,2.500459999999999905e-01,3.859830000000000205e-01
2.594000000000000125e-02,-7.575000000000000136e-03,7.966889999999999805e-01,8.148549999999999960e-01,-3.867099999999999704e-02,1.073299999999999949e-02,-5.782739999999999547e-01,-1.795730000000000104e-01,2.218839999999999979e-01,1.295910000000000117e-01,4.512120000000000020e-01,-1.876680000000000015e-01,-3.799899999999999806e-02,8.470400000000000151e-02,-1.728210000000000024e-01,-3.565280000000000116e-01,2.188229999999999897e-01,-1.515650000000000053e-01,1.867300000000000071e-01,2.646479999999999944e-01,1.905700000000000102e-02,-7.020000000000000198e-03,-3.522620000000000196e-01,5.472939999999999472e-01,-2.864530000000000132e-01,8.061319999999999597e-01,-3.025390000000000024e-01,1.001299999999999968e-01,2.398419999999999996e-01,-7.399139999999999606e-01,-3.581690000000000151e-01,1.098494000000000081e+00,-3.407040000000000068e-01,1.902220000000000022e-01,2.510499999999999954e-01,3.882289999999999908e-01
2.603199999999999958e-02,-7.282000000000000278e-03,7.943940000000000445e-01,8.185679999999999623e-01,-3.878700000000000203e-02,1.146999999999999929e-02,-5.729840000000000488e-01,-1.975000000000000089e-01,2.219089999999999951e-01,1.210340000000000027e-01,4.748669999999999836e-01,-1.960000000000000075e-01,-4.065900000000000070e-02,7.253900000000000625e-02,-1.802489999999999926e-01,-3.692770000000000219e-01,2.515359999999999818e-01,-1.751179999999999959e-01,1.905779999999999974e-01,2.775420000000000109e-01,1.026900000000000035e-02,-4.380000000000000213e-03,-4.080929999999999835e-01,5.881779999999999786e-01,-2.960400000000000253e-01,8.079899999999999860e-01,-2.974220000000000197e-01,1.023919999999999969e-01,2.434600000000000097e-01,-7.722879999999999745e-01,-3.676630000000000176e-01,1.106759000000000048e+00,-3.270310000000000161e-01,1.760410000000000030e-01,2.513029999999999986e-01,3.895310000000000161e-01
2.722300000000000067e-02,-6.250999999999999612e-03,7.913440000000000474e-01,8.239030000000000520e-01,-3.823000000000000009e-02,1.153599999999999938e-02,-5.653219999999999912e-01,-2.201049999999999951e-01,2.133950000000000014e-01,1.034339999999999982e-01,5.045230000000000548e-01,-2.070500000000000118e-01,-4.178099999999999870e-02,4.785600000000000270e-02,-1.968650000000000122e-01,-3.721530000000000116e-01,3.146920000000000273e-01,-1.934740000000000071e-01,1.964180000000000093e-01,2.858390000000000097e-01,1.691000000000000012e-03,2.307000000000000023e-03,-4.707040000000000113e-01,6.094100000000000072e-01,-3.093090000000000006e-01,8.099119999999999653e-01,-2.881810000000000205e-01,1.028889999999999944e-01,2.499820000000000098e-01,-8.053770000000000095e-01,-3.633739999999999748e-01,1.103210000000000024e+00,-3.225020000000000109e-01,1.601039999999999963e-01,2.502849999999999797e-01,3.857720000000000038e-01
2.843499999999999847e-02,-5.158000000000000258e-03,7.884179999999999522e-01,8.292589999999999684e-01,-3.726399999999999851e-02,1.186899999999999934e-02,-5.574949999999999628e-01,-2.436730000000000007e-01,2.038049999999999862e-01,8.588099999999999901e-02,5.341190000000000104e-01,-2.178720000000000101e-01,-4.278400000000000258e-02,1.987900000000000084e-02,-2.152000000000000024e-01,-3.741309999999999913e-01,3.832380000000000231e-01,-2.147030000000000050e-01,2.015190000000000037e-01,2.946790000000000243e-01,-7.590000000000000392e-03,8.942000000000000295e-03,-5.297709999999999919e-01,6.253130000000000077e-01,-3.209739999999999815e-01,8.074390000000000178e-01,-2.771009999999999862e-01,1.022269999999999984e-01,2.551590000000000247e-01,-8.332800000000000207e-01,-3.577759999999999829e-01,1.093965999999999994e+00,-3.179629999999999956e-01,1.441669999999999896e-01,2.484840000000000104e-01,3.803039999999999754e-01
2.973999999999999908e-02,-4.168999999999999963e-03,7.855229999999999713e-01,8.345799999999999885e-01,-3.620600000000000207e-02,1.234500000000000007e-02,-5.495569999999999622e-01,-2.674449999999999883e-01,1.937049999999999883e-01,6.837600000000000622e-02,5.637699999999999934e-01,-2.287649999999999961e-01,-4.386799999999999727e-02,-9.351999999999999202e-03,-2.342130000000000045e-01,-3.753819999999999935e-01,4.541859999999999786e-01,-2.375680000000000014e-01,2.061949999999999894e-01,3.037880000000000025e-01,-1.700899999999999981e-02,1.566599999999999937e-02,-5.820450000000000346e-01,6.350630000000000441e-01,-3.299119999999999830e-01,7.997410000000000352e-01,-2.641580000000000039e-01,1.006129999999999941e-01,2.582880000000000176e-01,-8.538829999999999476e-01,-3.500119999999999898e-01,1.077939999999999898e+00,-3.130560000000000009e-01,1.282459999999999989e-01,2.452920000000000100e-01,3.727239999999999998e-01
3.222799999999999970e-02,-1.871000000000000050e-03,7.819469999999999477e-01,8.397270000000000012e-01,-3.463399999999999812e-02,1.343100000000000023e-02,-5.417370000000000241e-01,-2.956860000000000044e-01,1.807979999999999865e-01,5.473399999999999793e-02,5.982169999999999987e-01,-2.408800000000000108e-01,-3.946899999999999714e-02,-4.586799999999999905e-02,-2.502759999999999985e-01,-3.508350000000000080e-01,5.251649999999999929e-01,-2.340700000000000003e-01,2.142429999999999890e-01,3.108850000000000224e-01,-2.323000000000000065e-02,2.370600000000000138e-02,-6.320759999999999712e-01,6.408470000000000555e-01,-3.667059999999999764e-01,7.587180000000000035e-01,-2.362120000000000053e-01,9.836200000000000498e-02,2.449919999999999876e-01,-8.707799999999999985e-01,-3.392910000000000093e-01,1.054853000000000041e+00,-2.814490000000000047e-01,1.117549999999999932e-01,2.392160000000000120e-01,3.653600000000000181e-01
3.470100000000000268e-02,4.539999999999999765e-04,7.782540000000000013e-01,8.447580000000000089e-01,-3.298299999999999843e-02,1.498000000000000026e-02,-5.339209999999999789e-01,-3.251620000000000066e-01,1.679319999999999979e-01,4.128099999999999825e-02,6.334349999999999703e-01,-2.532329999999999859e-01,-3.537200000000000066e-02,-8.458200000000000440e-02,-2.649650000000000061e-01,-3.257309999999999928e-01,5.982140000000000235e-01,-2.315349999999999908e-01,2.235080000000000122e-01,3.193659999999999832e-01,-2.996499999999999858e-02,3.151099999999999735e-02,-6.728229999999999489e-01,6.369190000000000129e-01,-4.017020000000000035e-01,7.111669999999999936e-01,-2.062740000000000129e-01,9.666399999999999992e-02,2.282780000000000087e-01,-8.758049999999999446e-01,-3.246089999999999809e-01,1.020388000000000073e+00,-2.467850000000000044e-01,9.479999999999999538e-02,2.290020000000000111e-01,3.551409999999999845e-01
3.713099999999999734e-02,2.651999999999999844e-03,7.746150000000000535e-01,8.497749999999999471e-01,-3.137800000000000311e-02,1.676100000000000159e-02,-5.259430000000000494e-01,-3.552009999999999890e-01,1.547570000000000057e-01,2.782400000000000151e-02,6.691300000000000026e-01,-2.656999999999999917e-01,-3.145599999999999785e-02,-1.243620000000000003e-01,-2.783709999999999796e-01,-3.004660000000000108e-01,6.726529999999999454e-01,-2.297549999999999870e-01,2.341620000000000090e-01,3.279960000000000098e-01,-3.659500000000000253e-02,3.943800000000000083e-02,-7.012840000000000185e-01,6.218979999999999508e-01,-4.328739999999999810e-01,6.580040000000000333e-01,-1.740599999999999925e-01,9.400999999999999635e-02,2.074120000000000130e-01,-8.671680000000000499e-01,-3.058409999999999740e-01,9.743969999999999576e-01,-2.108990000000000031e-01,7.784900000000000153e-02,2.159290000000000098e-01,3.409630000000000161e-01
3.942199999999999871e-02,5.185999999999999638e-03,7.715279999999999916e-01,8.562929999999999708e-01,-3.149500000000000216e-02,1.878499999999999961e-02,-5.151869999999999505e-01,-3.811339999999999728e-01,1.416699999999999904e-01,1.183000000000000024e-02,6.959720000000000351e-01,-2.735690000000000066e-01,-2.616200000000000123e-02,-1.907649999999999901e-01,-2.827089999999999881e-01,-2.532960000000000211e-01,7.782400000000000428e-01,-1.954380000000000006e-01,2.004509999999999903e-01,3.304329999999999767e-01,-3.777699999999999808e-02,5.036299999999999805e-02,-7.084840000000000027e-01,6.022110000000000518e-01,-4.088359999999999772e-01,6.207829999999999737e-01,-1.626460000000000128e-01,8.713300000000000212e-02,2.056510000000000005e-01,-8.384070000000000134e-01,-2.893930000000000113e-01,9.088410000000000100e-01,-1.869959999999999956e-01,6.202200000000000074e-02,1.998570000000000069e-01,3.139950000000000241e-01
4.124900000000000094e-02,7.860000000000000667e-03,7.681719999999999660e-01,8.627340000000000009e-01,-3.101299999999999890e-02,2.161199999999999927e-02,-5.042429999999999968e-01,-4.112790000000000057e-01,1.277220000000000022e-01,-4.196000000000000077e-03,7.255939999999999612e-01,-2.818570000000000242e-01,-2.101700000000000096e-02,-2.622149999999999759e-01,-2.840849999999999764e-01,-2.050839999999999885e-01,8.886290000000000022e-01,-1.624240000000000128e-01,1.708260000000000056e-01,3.317399999999999793e-01,-3.931400000000000172e-02,6.127300000000000108e-02,-7.005329999999999613e-01,5.726719999999999589e-01,-3.787780000000000036e-01,5.781389999999999585e-01,-1.487910000000000066e-01,7.916600000000000026e-02,1.999130000000000074e-01,-7.970770000000000355e-01,-2.688809999999999811e-01,8.321250000000000036e-01,-1.639730000000000076e-01,4.762500000000000067e-02,1.827539999999999998e-01,2.828930000000000056e-01
4.270399999999999890e-02,1.064000000000000015e-02,7.645819999999999839e-01,8.690039999999999987e-01,-3.064700000000000063e-02,2.504699999999999982e-02,-4.932190000000000185e-01,-4.434930000000000261e-01,1.141490000000000005e-01,-2.053699999999999970e-02,7.566490000000000160e-01,-2.902390000000000247e-01,-1.648099999999999912e-02,-3.351370000000000182e-01,-2.802100000000000146e-01,-1.567590000000000094e-01,9.999540000000000095e-01,-1.292349999999999888e-01,1.450710000000000055e-01,3.329710000000000170e-01,-4.051600000000000340e-02,7.194899999999999907e-02,-6.781779999999999475e-01,5.333780000000000188e-01,-3.443510000000000182e-01,5.317669999999999897e-01,-1.322290000000000132e-01,7.058999999999999997e-02,1.898759999999999892e-01,-7.423830000000000151e-01,-2.440170000000000117e-01,7.445540000000000491e-01,-1.407879999999999965e-01,3.399800000000000044e-02,1.636299999999999977e-01,2.482610000000000094e-01
4.538600000000000273e-02,1.373800000000000021e-02,7.601480000000000459e-01,8.747239999999999460e-01,-3.093399999999999969e-02,3.138300000000000117e-02,-4.826139999999999874e-01,-4.826630000000000087e-01,1.053729999999999944e-01,-3.101500000000000090e-02,7.938420000000000476e-01,-3.012250000000000205e-01,-1.126599999999999997e-02,-3.940259999999999874e-01,-2.944470000000000143e-01,-1.537409999999999888e-01,1.070535000000000014e+00,-1.289980000000000016e-01,9.460399999999999365e-02,3.411489999999999800e-01,-4.061700000000000033e-02,7.872200000000000031e-02,-6.293210000000000193e-01,4.768149999999999888e-01,-3.103989999999999805e-01,4.500870000000000148e-01,-1.183410000000000017e-01,5.917399999999999743e-02,1.711119999999999863e-01,-6.694890000000000008e-01,-2.168390000000000040e-01,6.571010000000000462e-01,-1.043030000000000068e-01,1.622399999999999884e-02,1.415150000000000019e-01,2.162779999999999980e-01
4.830199999999999771e-02,1.325699999999999969e-02,7.553919999999999524e-01,8.801299999999999679e-01,-3.280899999999999789e-02,3.655200000000000116e-02,-4.721839999999999926e-01,-5.175009999999999888e-01,1.002669999999999950e-01,-4.383000000000000090e-02,8.413869999999999960e-01,-3.241129999999999844e-01,-9.353999999999999468e-03,-4.432269999999999821e-01,-3.060669999999999780e-01,-1.530859999999999999e-01,1.143467999999999929e+00,-1.388199999999999990e-01,4.211299999999999766e-02,3.516250000000000209e-01,-4.331100000000000227e-02,8.847599999999999909e-02,-5.612519999999999731e-01,4.218370000000000175e-01,-2.714690000000000158e-01,3.554590000000000249e-01,-1.007959999999999967e-01,4.601299999999999835e-02,1.485450000000000104e-01,-5.887069999999999803e-01,-1.967639999999999945e-01,5.556529999999999525e-01,-8.036500000000000588e-02,3.291999999999999788e-03,1.186579999999999996e-01,1.879139999999999977e-01
5.112200000000000077e-02,1.603800000000000017e-02,7.510689999999999866e-01,8.854480000000000128e-01,-3.470399999999999874e-02,4.258599999999999886e-02,-4.614800000000000013e-01,-5.541070000000000162e-01,9.265500000000000125e-02,-5.484699999999999992e-02,8.788939999999999531e-01,-3.362990000000000146e-01,-4.519999999999999712e-03,-4.964489999999999736e-01,-3.185950000000000171e-01,-1.505630000000000024e-01,1.208811000000000080e+00,-1.394529999999999936e-01,-9.896999999999999548e-03,3.593339999999999868e-01,-3.973600000000000049e-02,9.487400000000000000e-02,-4.892290000000000250e-01,3.554539999999999922e-01,-2.303719999999999934e-01,2.732680000000000109e-01,-8.274600000000000011e-02,3.656299999999999828e-02,1.264599999999999891e-01,-5.013889999999999736e-01,-1.651970000000000105e-01,4.619289999999999785e-01,-4.836100000000000121e-02,-1.299400000000000034e-02,9.532200000000000395e-02,1.553650000000000031e-01
5.135699999999999987e-02,1.813899999999999887e-02,7.466990000000000016e-01,8.899730000000000141e-01,-3.805700000000000055e-02,4.952499999999999958e-02,-4.517160000000000064e-01,-5.924519999999999786e-01,8.863600000000000645e-02,-7.438300000000000467e-02,9.165999999999999703e-01,-3.423350000000000004e-01,-2.497999999999999787e-03,-5.296319999999999917e-01,-3.120430000000000148e-01,-1.294659999999999977e-01,1.260750000000000037e+00,-1.512940000000000118e-01,1.868600000000000122e-02,3.653750000000000053e-01,-3.583599999999999980e-02,9.649199999999999444e-02,-4.090639999999999832e-01,2.784670000000000201e-01,-1.844729999999999981e-01,1.981970000000000121e-01,-6.838700000000000334e-02,2.775000000000000036e-02,1.031630000000000047e-01,-4.008820000000000161e-01,-1.267759999999999998e-01,3.532560000000000144e-01,-3.776000000000000190e-02,-1.110900000000000082e-02,7.146500000000000075e-02,1.165220000000000006e-01
5.195700000000000318e-02,2.007000000000000103e-02,7.426500000000000323e-01,8.941289999999999516e-01,-4.234500000000000069e-02,5.597599999999999798e-02,-4.422740000000000005e-01,-6.276730000000000365e-01,8.535500000000000032e-02,-9.359099999999999364e-02,9.527130000000000321e-01,-3.484229999999999827e-01,-4.640000000000000027e-04,-5.594449999999999701e-01,-3.028640000000000221e-01,-1.091389999999999999e-01,1.309701000000000004e+00,-1.624490000000000101e-01,4.828000000000000347e-02,3.726949999999999985e-01,-3.030499999999999861e-02,9.715000000000000024e-02,-3.283849999999999825e-01,2.032770000000000132e-01,-1.398610000000000131e-01,1.320359999999999867e-01,-5.390299999999999953e-02,1.910600000000000145e-02,8.130199999999999927e-02,-3.026499999999999746e-01,-9.021300000000000152e-02,2.508560000000000234e-01,-3.313100000000000073e-02,-8.057999999999999191e-03,5.042499999999999760e-02,8.018300000000000427e-02
5.246699999999999975e-02,2.176499999999999962e-02,7.387070000000000025e-01,8.980510000000000437e-01,-4.716499999999999859e-02,6.224199999999999872e-02,-4.329029999999999823e-01,-6.618629999999999791e-01,8.243499999999999439e-02,-1.132159999999999972e-01,9.883269999999999555e-01,-3.544499999999999873e-01,9.560000000000000355e-04,-5.880499999999999616e-01,-2.919309999999999961e-01,-9.024100000000000177e-02,1.358030000000000070e+00,-1.740089999999999970e-01,7.807699999999999363e-02,3.805790000000000006e-01,-2.403200000000000128e-02,9.790400000000000491e-02,-2.536169999999999813e-01,1.335959999999999925e-01,-9.801500000000000490e-02,7.621999999999999609e-02,-4.034200000000000286e-02,1.116999999999999937e-02,6.207200000000000217e-02,-2.128529999999999867e-01,-5.598199999999999704e-02,1.577280000000000071e-01,-3.330700000000000327e-02,-4.843000000000000083e-03,3.191100000000000186e-02,4.788900000000000101e-02
5.274500000000000022e-02,2.240100000000000077e-02,7.355040000000000466e-01,9.007119999999999571e-01,-5.014600000000000307e-02,6.888500000000000179e-02,-4.259800000000000253e-01,-6.895980000000000443e-01,7.944199999999999873e-02,-1.304329999999999934e-01,1.012739999999999974e+00,-3.613959999999999950e-01,2.849999999999999886e-04,-6.001049999999999995e-01,-3.018239999999999812e-01,-8.944900000000000073e-02,1.394103000000000092e+00,-1.892830000000000068e-01,9.217999999999999805e-02,3.936040000000000094e-01,-2.224399999999999988e-02,9.761000000000000232e-02,-1.705840000000000134e-01,6.888400000000000079e-02,-5.859000000000000319e-02,1.400200000000000056e-02,-2.682199999999999862e-02,1.585000000000000037e-03,4.229800000000000226e-02,-1.250000000000000000e-01,-3.623500000000000332e-02,7.852000000000000646e-02,-1.166500000000000002e-02,-4.302000000000000268e-03,1.776499999999999954e-02,1.880599999999999980e-02
5.312499999999999861e-02,2.275100000000000039e-02,7.326369999999999827e-01,9.033999999999999808e-01,-5.347699999999999676e-02,7.486199999999999799e-02,-4.188129999999999908e-01,-7.144470000000000542e-01,7.568999999999999340e-02,-1.479719999999999924e-01,1.035058000000000034e+00,-3.675979999999999803e-01,2.059999999999999928e-04,-6.095150000000000290e-01,-3.123739999999999850e-01,-8.972399999999999820e-02,1.428407999999999900e+00,-2.044259999999999966e-01,1.061799999999999966e-01,4.065659999999999830e-01,-1.923300000000000010e-02,9.728000000000000536e-02,-9.464999999999999802e-02,1.307400000000000055e-02,-2.079100000000000045e-02,-4.045499999999999791e-02,-1.369599999999999984e-02,-5.923000000000000313e-03,2.755900000000000016e-02,-4.852299999999999669e-02,-1.855599999999999958e-02,1.244499999999999947e-02,7.614000000000000108e-03,-4.734000000000000360e-03,4.467999999999999750e-03,-5.765000000000000159e-03
5.361899999999999999e-02,2.301399999999999973e-02,7.298400000000000443e-01,9.060369999999999813e-01,-5.702600000000000030e-02,8.054100000000000148e-02,-4.115320000000000089e-01,-7.383290000000000131e-01,7.151799999999999824e-02,-1.655129999999999935e-01,1.056885000000000074e+00,-3.736340000000000217e-01,9.799999999999999684e-05,-6.182819999999999983e-01,-3.231720000000000148e-01,-9.029500000000000026e-02,1.462304999999999966e+00,-2.194669999999999954e-01,1.201200000000000045e-01,4.191480000000000206e-01,-1.559600000000000049e-02,9.713499999999999912e-02,-2.997100000000000111e-02,-3.329599999999999921e-02,1.370900000000000070e-02,-8.581900000000000639e-02,-1.783000000000000080e-03,-1.217400000000000079e-02,1.788999999999999965e-02,1.505500000000000067e-02,-3.601000000000000034e-03,-4.106400000000000328e-02,2.265599999999999906e-02,-5.426000000000000267e-03,-6.301000000000000177e-03,-2.581900000000000167e-02
5.520900000000000113e-02,2.340300000000000019e-02,7.284319999999999684e-01,9.063299999999999690e-01,-5.941400000000000153e-02,8.593800000000000050e-02,-4.094510000000000094e-01,-7.525800000000000267e-01,7.097699999999999843e-02,-1.766260000000000052e-01,1.067555999999999949e+00,-3.812849999999999850e-01,1.312000000000000015e-03,-6.195399999999999796e-01,-3.316069999999999851e-01,-9.288599999999999635e-02,1.469267000000000101e+00,-2.351389999999999869e-01,1.200530000000000069e-01,4.263500000000000068e-01,-1.539899999999999949e-02,8.878999999999999393e-02,2.353699999999999889e-02,-6.231400000000000133e-02,2.931999999999999884e-02,-1.152279999999999971e-01,1.119299999999999982e-02,-1.304499999999999930e-02,1.431999999999999896e-03,5.880599999999999716e-02,4.278999999999999818e-03,-7.449600000000000666e-02,4.085199999999999942e-02,-5.334000000000000200e-03,-1.557799999999999983e-02,-3.773300000000000265e-02
5.690800000000000025e-02,2.376400000000000040e-02,7.274389999999999468e-01,9.064510000000000067e-01,-6.230900000000000327e-02,9.100999999999999368e-02,-4.076529999999999876e-01,-7.645539999999999559e-01,7.088800000000000656e-02,-1.891190000000000093e-01,1.076513000000000053e+00,-3.879179999999999851e-01,1.330999999999999935e-03,-6.187510000000000510e-01,-3.390020000000000255e-01,-9.636599999999999333e-02,1.473978000000000010e+00,-2.497590000000000088e-01,1.193879999999999941e-01,4.333940000000000015e-01,-1.487199999999999980e-02,8.125200000000000478e-02,6.444800000000000528e-02,-8.343100000000000516e-02,4.097699999999999954e-02,-1.374450000000000116e-01,2.207500000000000087e-02,-1.379599999999999924e-02,-1.094000000000000007e-02,9.193500000000000283e-02,1.104300000000000073e-02,-9.902400000000000091e-02,5.560500000000000165e-02,-5.294000000000000095e-03,-2.263199999999999934e-02,-4.633500000000000119e-02
5.856700000000000100e-02,2.403900000000000134e-02,7.265089999999999604e-01,9.065379999999999550e-01,-6.538900000000000268e-02,9.586799999999999489e-02,-4.058599999999999985e-01,-7.757460000000000466e-01,7.096700000000000230e-02,-2.017529999999999879e-01,1.085134999999999961e+00,-3.944889999999999786e-01,1.240000000000000000e-03,-6.172520000000000229e-01,-3.462410000000000210e-01,-1.001390000000000058e-01,1.478353999999999946e+00,-2.642650000000000277e-01,1.185650000000000037e-01,4.403599999999999737e-01,-1.416000000000000071e-02,7.427200000000000468e-02,9.504300000000000248e-02,-9.938500000000000112e-02,5.045999999999999791e-02,-1.553750000000000131e-01,3.158500000000000196e-02,-1.455399999999999923e-02,-1.892699999999999938e-02,1.170049999999999979e-01,1.621099999999999972e-02,-1.165849999999999942e-01,6.732399999999999496e-02,-5.605999999999999872e-03,-2.769200000000000134e-02,-5.226299999999999696e-02
6.018300000000000038e-02,2.342800000000000091e-02,7.274389999999999468e-01,9.071550000000000447e-01,-6.726000000000000034e-02,9.987600000000000644e-02,-4.032009999999999761e-01,-7.805410000000000403e-01,7.138700000000000601e-02,-2.095909999999999995e-01,1.083882000000000012e+00,-3.929949999999999832e-01,1.221000000000000080e-03,-6.036040000000000294e-01,-3.643279999999999852e-01,-1.151749999999999996e-01,1.460304999999999964e+00,-2.698699999999999988e-01,1.096939999999999998e-01,4.471930000000000072e-01,-1.625899999999999915e-02,6.525499999999999357e-02,1.326450000000000129e-01,-1.113380000000000064e-01,5.354199999999999932e-02,-1.449570000000000025e-01,3.439299999999999996e-02,-1.092699999999999921e-02,-3.766499999999999709e-02,1.402160000000000073e-01,2.589599999999999888e-02,-1.306279999999999941e-01,6.038000000000000311e-02,-9.829999999999999329e-04,-3.269099999999999784e-02,-5.352599999999999719e-02
6.194199999999999706e-02,2.273599999999999927e-02,7.289039999999999964e-01,9.078559999999999963e-01,-6.940699999999999648e-02,1.034260000000000040e-01,-4.003530000000000144e-01,-7.827650000000000441e-01,7.195200000000000207e-02,-2.174999999999999989e-01,1.079858999999999902e+00,-3.902249999999999885e-01,1.271999999999999910e-03,-5.872260000000000257e-01,-3.822030000000000149e-01,-1.314110000000000000e-01,1.440093999999999985e+00,-2.746460000000000012e-01,1.009430000000000049e-01,4.532780000000000142e-01,-1.823100000000000068e-02,5.641199999999999687e-02,1.639619999999999966e-01,-1.216629999999999934e-01,5.603999999999999954e-02,-1.328400000000000136e-01,3.605099999999999971e-02,-9.214999999999999233e-03,-5.388300000000000034e-02,1.615409999999999902e-01,3.483100000000000085e-02,-1.417859999999999954e-01,4.954200000000000270e-02,2.975000000000000214e-03,-3.475400000000000017e-02,-5.296100000000000113e-02
6.353899999999999826e-02,2.204700000000000062e-02,7.303749999999999964e-01,9.085090000000000110e-01,-7.175399999999999834e-02,1.067779999999999979e-01,-3.975690000000000057e-01,-7.842839999999999812e-01,7.293900000000000383e-02,-2.254929999999999990e-01,1.075352000000000086e+00,-3.872780000000000111e-01,1.203999999999999992e-03,-5.700049999999999839e-01,-3.995099999999999763e-01,-1.481639999999999902e-01,1.419594999999999940e+00,-2.793820000000000192e-01,9.223499999999999754e-02,4.595589999999999953e-01,-2.003999999999999879e-02,4.799599999999999700e-02,1.898549999999999960e-01,-1.316599999999999993e-01,5.877299999999999885e-02,-1.222690000000000027e-01,3.719700000000000090e-02,-8.389000000000000623e-03,-6.716400000000000148e-02,1.812229999999999952e-01,4.308900000000000230e-02,-1.509139999999999926e-01,3.740700000000000275e-02,5.960000000000000020e-03,-3.561199999999999782e-02,-5.122800000000000270e-02
6.561699999999999477e-02,2.483000000000000138e-02,7.338569999999999816e-01,9.076149999999999496e-01,-7.297099999999999420e-02,1.113900000000000029e-01,-3.981239999999999779e-01,-7.825109999999999566e-01,7.885300000000000642e-02,-2.218160000000000132e-01,1.050148000000000081e+00,-3.707719999999999905e-01,6.930999999999999661e-03,-5.424539999999999917e-01,-3.902820000000000178e-01,-1.537920000000000120e-01,1.350478999999999985e+00,-2.375379999999999991e-01,1.000560000000000060e-01,4.669490000000000030e-01,-2.058899999999999966e-02,3.615899999999999670e-02,2.164079999999999893e-01,-1.449080000000000090e-01,7.126399999999999402e-02,-9.236999999999999378e-02,3.699800000000000311e-02,-6.163000000000000075e-03,-7.783600000000000241e-02,1.995190000000000019e-01,6.045699999999999685e-02,-1.609170000000000045e-01,4.350199999999999900e-02,2.860999999999999828e-03,-3.897599999999999676e-02,-6.148200000000000193e-02
6.696000000000000563e-02,2.305700000000000111e-02,7.371769999999999712e-01,9.064710000000000267e-01,-7.431899999999999618e-02,1.154099999999999987e-01,-3.993340000000000223e-01,-7.782949999999999591e-01,8.995699999999999530e-02,-2.220880000000000076e-01,1.033508000000000093e+00,-3.650479999999999836e-01,4.832000000000000357e-03,-5.094579999999999664e-01,-3.788340000000000041e-01,-1.636420000000000097e-01,1.289266000000000023e+00,-2.089149999999999896e-01,1.033779999999999977e-01,4.728530000000000233e-01,-2.692699999999999955e-02,2.600399999999999934e-02,2.467050000000000076e-01,-1.491999999999999993e-01,8.126899999999999402e-02,-7.964599999999999458e-02,4.011399999999999688e-02,-6.564999999999999655e-03,-8.472100000000000464e-02,2.124840000000000062e-01,6.971800000000000219e-02,-1.736669999999999880e-01,3.810199999999999698e-02,5.398000000000000020e-03,-4.156200000000000172e-02,-6.240600000000000314e-02
6.833300000000000485e-02,2.135099999999999845e-02,7.403800000000000381e-01,9.052510000000000279e-01,-7.605800000000000061e-02,1.193530000000000008e-01,-4.006129999999999969e-01,-7.741959999999999953e-01,1.016650000000000054e-01,-2.228390000000000093e-01,1.018035000000000023e+00,-3.599959999999999827e-01,2.491000000000000159e-03,-4.759530000000000149e-01,-3.665499999999999869e-01,-1.731870000000000076e-01,1.228019999999999889e+00,-1.805589999999999973e-01,1.065979999999999983e-01,4.788000000000000034e-01,-3.250000000000000111e-02,1.612999999999999851e-02,2.730520000000000169e-01,-1.543609999999999982e-01,9.149100000000000288e-02,-7.284300000000000497e-02,4.330300000000000121e-02,-6.878000000000000433e-03,-9.017200000000000215e-02,2.241960000000000064e-01,7.758199999999999819e-02,-1.845880000000000021e-01,3.302000000000000074e-02,7.104000000000000072e-03,-4.350500000000000200e-02,-6.211900000000000061e-02
6.724099999999999522e-02,1.913199999999999970e-02,7.441820000000000102e-01,9.046539999999999582e-01,-7.583199999999999663e-02,1.214480000000000004e-01,-4.013740000000000085e-01,-7.638150000000000217e-01,1.084429999999999977e-01,-2.262609999999999899e-01,9.915279999999999649e-01,-3.517469999999999763e-01,2.922999999999999817e-03,-4.285930000000000017e-01,-3.499889999999999946e-01,-1.875370000000000092e-01,1.119869999999999921e+00,-1.522139999999999882e-01,1.066480000000000067e-01,4.829769999999999897e-01,-4.193899999999999711e-02,8.973999999999999339e-03,3.063469999999999804e-01,-1.554200000000000026e-01,1.027070000000000066e-01,-5.714199999999999835e-02,4.339200000000000002e-02,-6.839999999999999726e-03,-9.459099999999999453e-02,2.417950000000000099e-01,8.435700000000000143e-02,-1.977289999999999881e-01,1.842999999999999847e-02,1.350400000000000038e-02,-4.495799999999999796e-02,-6.198900000000000243e-02
6.613299999999999734e-02,1.705600000000000172e-02,7.481160000000000032e-01,9.041379999999999972e-01,-7.616399999999999559e-02,1.229780000000000040e-01,-4.020059999999999745e-01,-7.518869999999999720e-01,1.165560000000000068e-01,-2.287990000000000024e-01,9.647310000000000052e-01,-3.426669999999999994e-01,-3.040000000000000167e-04,-3.784330000000000194e-01,-3.320659999999999723e-01,-2.016999999999999904e-01,1.009541000000000022e+00,-1.232250000000000012e-01,1.067639999999999978e-01,4.870630000000000237e-01,-5.013700000000000101e-02,2.850000000000000103e-03,3.344880000000000075e-01,-1.577340000000000131e-01,1.123159999999999992e-01,-4.623300000000000326e-02,4.335300000000000264e-02,-7.288000000000000207e-03,-9.828399999999999637e-02,2.573250000000000259e-01,8.934999999999999887e-02,-2.078540000000000110e-01,5.982000000000000338e-03,1.829499999999999876e-02,-4.580200000000000243e-02,-6.138300000000000006e-02
6.488299999999999623e-02,1.502000000000000036e-02,7.519980000000000553e-01,9.036779999999999813e-01,-7.656200000000000505e-02,1.243650000000000033e-01,-4.025400000000000089e-01,-7.402840000000000531e-01,1.244259999999999949e-01,-2.314420000000000088e-01,9.388720000000000399e-01,-3.338700000000000001e-01,-3.602999999999999866e-03,-3.279279999999999973e-01,-3.135800000000000254e-01,-2.149210000000000009e-01,8.989949999999999886e-01,-9.442200000000000593e-02,1.071109999999999979e-01,4.909749999999999948e-01,-5.801800000000000013e-02,-2.753999999999999938e-03,3.559979999999999811e-01,-1.607909999999999895e-01,1.193280000000000035e-01,-3.960600000000000231e-02,4.276900000000000146e-02,-7.759000000000000272e-03,-1.014700000000000046e-01,2.687979999999999814e-01,9.221699999999999342e-02,-2.139119999999999910e-01,-2.380999999999999870e-03,2.155599999999999877e-02,-4.662000000000000172e-02,-6.027199999999999919e-02
6.593000000000000249e-02,1.214699999999999981e-02,7.562879999999999603e-01,9.040869999999999740e-01,-7.718899999999999373e-02,1.253060000000000007e-01,-4.012080000000000091e-01,-7.206219999999999848e-01,1.295719999999999927e-01,-2.344600000000000017e-01,9.061249999999999583e-01,-3.256490000000000218e-01,-1.087999999999999991e-03,-2.669790000000000219e-01,-2.842270000000000074e-01,-2.099459999999999937e-01,7.768300000000000205e-01,-7.782799999999999441e-02,1.277139999999999942e-01,4.869439999999999880e-01,-6.475300000000000500e-02,-1.240400000000000010e-02,3.672250000000000236e-01,-1.548279999999999934e-01,1.307020000000000126e-01,-1.065900000000000007e-02,4.461099999999999788e-02,-7.328000000000000312e-03,-9.700100000000000389e-02,2.817569999999999797e-01,1.003129999999999994e-01,-2.212689999999999935e-01,-1.428300000000000056e-02,2.341899999999999885e-02,-4.401499999999999857e-02,-5.739699999999999663e-02
6.689699999999999813e-02,9.273999999999999258e-03,7.603879999999999528e-01,9.047830000000000039e-01,-7.735300000000000509e-02,1.256609999999999949e-01,-3.994920000000000138e-01,-7.008929999999999882e-01,1.330840000000000078e-01,-2.365589999999999915e-01,8.743859999999999966e-01,-3.171289999999999942e-01,2.460000000000000164e-04,-2.052750000000000130e-01,-2.568400000000000127e-01,-2.036040000000000072e-01,6.553459999999999841e-01,-6.189100000000000157e-02,1.483359999999999956e-01,4.815349999999999908e-01,-7.216999999999999804e-02,-2.050899999999999945e-02,3.694209999999999994e-01,-1.479610000000000092e-01,1.366839999999999999e-01,1.679900000000000143e-02,4.544100000000000222e-02,-7.941999999999999407e-03,-9.262800000000000200e-02,2.884990000000000054e-01,1.055309999999999998e-01,-2.238570000000000004e-01,-2.070299999999999918e-02,2.380799999999999930e-02,-4.077000000000000068e-02,-5.414999999999999675e-02
6.762999999999999567e-02,6.596000000000000300e-03,7.642219999999999569e-01,9.057250000000000023e-01,-7.667300000000000504e-02,1.257739999999999969e-01,-3.974469999999999947e-01,-6.821580000000000421e-01,1.343300000000000050e-01,-2.379020000000000024e-01,8.436519999999999575e-01,-3.086380000000000234e-01,1.781000000000000031e-03,-1.449239999999999973e-01,-2.321139999999999870e-01,-1.958489999999999953e-01,5.367290000000000116e-01,-4.762399999999999967e-02,1.689849999999999963e-01,4.751290000000000235e-01,-8.097899999999999543e-02,-2.749700000000000061e-02,3.618330000000000157e-01,-1.391870000000000052e-01,1.367140000000000022e-01,4.255500000000000255e-02,4.515000000000000263e-02,-8.411000000000000074e-03,-8.823100000000000387e-02,2.874900000000000233e-01,1.068840000000000068e-01,-2.210320000000000062e-01,-2.035199999999999856e-02,2.314700000000000091e-02,-3.743099999999999900e-02,-5.075199999999999850e-02
6.912999999999999701e-02,4.298999999999999870e-03,7.671930000000000138e-01,9.078789999999999916e-01,-7.402699999999999558e-02,1.247729999999999950e-01,-3.933289999999999842e-01,-6.650719999999999965e-01,1.267439999999999956e-01,-2.380629999999999968e-01,8.167630000000000168e-01,-2.975820000000000132e-01,4.962000000000000265e-03,-8.540699999999999681e-02,-2.145859999999999990e-01,-1.940040000000000098e-01,4.251449999999999951e-01,-3.574399999999999800e-02,1.803430000000000033e-01,4.664920000000000178e-01,-9.208600000000000119e-02,-3.161100000000000021e-02,3.487339999999999884e-01,-1.294929999999999970e-01,1.377329999999999943e-01,4.306700000000000111e-02,4.354800000000000337e-02,-9.582000000000000239e-03,-7.977499999999999869e-02,2.782259999999999733e-01,1.048499999999999988e-01,-2.159959999999999936e-01,-3.121399999999999869e-02,2.357000000000000067e-02,-3.515399999999999775e-02,-4.729699999999999876e-02
7.054900000000000060e-02,2.170000000000000054e-03,7.700320000000000498e-01,9.102449999999999708e-01,-7.029900000000000038e-02,1.236109999999999987e-01,-3.888860000000000094e-01,-6.486650000000000471e-01,1.165220000000000006e-01,-2.372930000000000039e-01,7.897309999999999608e-01,-2.860139999999999905e-01,8.611999999999999864e-03,-2.907600000000000115e-02,-1.989869999999999972e-01,-1.913789999999999936e-01,3.193340000000000067e-01,-2.662399999999999836e-02,1.930399999999999894e-01,4.568519999999999803e-01,-1.047789999999999971e-01,-3.500000000000000333e-02,3.266879999999999784e-01,-1.152480000000000032e-01,1.328779999999999961e-01,4.160400000000000209e-02,4.097599999999999854e-02,-9.324000000000000690e-03,-7.100599999999999967e-02,2.603519999999999723e-01,9.793699999999999628e-02,-2.054880000000000040e-01,-3.544699999999999934e-02,2.349299999999999999e-02,-3.210799999999999765e-02,-4.434699999999999753e-02
7.200600000000000056e-02,2.229999999999999994e-04,7.728920000000000234e-01,9.126889999999999725e-01,-6.591700000000000337e-02,1.223449999999999954e-01,-3.842990000000000017e-01,-6.323469999999999924e-01,1.046839999999999993e-01,-2.358979999999999966e-01,7.620679999999999676e-01,-2.738979999999999748e-01,1.268500000000000009e-02,2.417599999999999957e-02,-1.842709999999999904e-01,-1.881529999999999869e-01,2.195489999999999942e-01,-2.041000000000000106e-02,2.069469999999999921e-01,4.466550000000000242e-01,-1.184629999999999989e-01,-3.801100000000000312e-02,2.952930000000000277e-01,-9.633999999999999508e-02,1.214609999999999995e-01,4.004900000000000126e-02,3.719800000000000190e-02,-8.507999999999999938e-03,-6.215899999999999898e-02,2.339400000000000091e-01,8.643499999999999794e-02,-1.902480000000000004e-01,-3.233199999999999963e-02,2.310800000000000007e-02,-2.898600000000000135e-02,-4.228799999999999920e-02
7.287499999999999534e-02,-2.059000000000000066e-03,7.746920000000000472e-01,9.143050000000000344e-01,-6.153000000000000136e-02,1.191679999999999962e-01,-3.821780000000000177e-01,-6.162549999999999972e-01,9.356399999999999439e-02,-2.336749999999999938e-01,7.438649999999999984e-01,-2.630489999999999773e-01,1.535800000000000012e-02,4.674600000000000283e-02,-1.879919999999999924e-01,-1.925060000000000104e-01,1.876480000000000092e-01,4.977999999999999786e-03,2.205050000000000066e-01,4.373889999999999723e-01,-1.309500000000000108e-01,-3.732499999999999707e-02,2.629340000000000011e-01,-8.456199999999999828e-02,1.102820000000000050e-01,2.574600000000000152e-02,3.291100000000000275e-02,-7.003999999999999809e-03,-5.228399999999999714e-02,2.050180000000000058e-01,7.614300000000000235e-02,-1.759509999999999963e-01,-3.869700000000000223e-02,2.581900000000000167e-02,-2.483000000000000138e-02,-4.054300000000000265e-02
7.391599999999999560e-02,-4.284999999999999747e-03,7.763689999999999758e-01,9.158439999999999914e-01,-5.650700000000000167e-02,1.165299999999999947e-01,-3.800740000000000229e-01,-6.015500000000000291e-01,8.162200000000000011e-02,-2.310020000000000129e-01,7.250180000000000513e-01,-2.516959999999999753e-01,1.827700000000000158e-02,6.607200000000000573e-02,-1.926599999999999979e-01,-1.966799999999999937e-01,1.589440000000000019e-01,2.905900000000000150e-02,2.345810000000000117e-01,4.281269999999999798e-01,-1.446209999999999996e-01,-3.819499999999999978e-02,2.241759999999999864e-01,-6.871900000000000230e-02,9.410499999999999421e-02,1.180199999999999999e-02,2.789499999999999966e-02,-4.890000000000000249e-03,-4.270100000000000284e-02,1.698999999999999955e-01,6.174600000000000227e-02,-1.591180000000000094e-01,-3.921999999999999792e-02,2.881200000000000080e-02,-2.059300000000000019e-02,-4.048600000000000115e-02
7.490099999999999536e-02,-6.486999999999999711e-03,7.781280000000000419e-01,9.173339999999999828e-01,-5.136999999999999900e-02,1.139180000000000054e-01,-3.779980000000000007e-01,-5.869029999999999525e-01,6.952800000000000646e-02,-2.283669999999999867e-01,7.059860000000000024e-01,-2.403029999999999888e-01,2.120100000000000109e-02,8.479299999999999338e-02,-1.972760000000000069e-01,-2.009809999999999930e-01,1.310310000000000086e-01,5.265500000000000042e-02,2.489049999999999874e-01,4.188230000000000008e-01,-1.585199999999999942e-01,-3.937600000000000128e-02,1.803059999999999941e-01,-4.889600000000000196e-02,7.348799999999999777e-02,-1.704999999999999918e-03,2.218200000000000033e-02,-2.494000000000000123e-03,-3.335699999999999776e-02,1.298179999999999890e-01,4.438500000000000084e-02,-1.413750000000000007e-01,-3.475199999999999817e-02,3.233099999999999863e-02,-1.665300000000000114e-02,-4.228400000000000214e-02
7.501299999999999635e-02,-7.479999999999999670e-03,7.796589999999999909e-01,9.155729999999999702e-01,-4.850100000000000244e-02,1.109399999999999969e-01,-3.834929999999999728e-01,-5.711070000000000313e-01,7.087999999999999856e-02,-2.176210000000000089e-01,6.893420000000000103e-01,-2.342049999999999965e-01,2.274100000000000080e-02,8.672499999999999654e-02,-2.052839999999999943e-01,-2.018870000000000109e-01,1.289140000000000008e-01,6.778900000000000203e-02,2.558320000000000038e-01,4.188339999999999841e-01,-1.663090000000000124e-01,-4.139600000000000224e-02,1.275870000000000060e-01,-3.404800000000000187e-02,5.253700000000000037e-02,-7.648000000000000284e-03,1.554400000000000052e-02,-4.955000000000000203e-03,-2.376400000000000040e-02,9.005499999999999616e-02,3.418600000000000111e-02,-1.065750000000000031e-01,-2.776400000000000048e-02,2.655199999999999921e-02,-1.620299999999999865e-02,-3.381300000000000278e-02
7.511299999999999921e-02,-8.869000000000000147e-03,7.809789999999999788e-01,9.134719999999999507e-01,-4.709599999999999898e-02,1.080669999999999964e-01,-3.894520000000000204e-01,-5.563240000000000407e-01,7.548599999999999755e-02,-2.083639999999999937e-01,6.776849999999999818e-01,-2.315530000000000088e-01,2.318200000000000122e-02,8.852200000000000346e-02,-2.096880000000000133e-01,-2.018469999999999986e-01,1.287220000000000031e-01,8.143200000000000438e-02,2.616720000000000157e-01,4.195940000000000225e-01,-1.711499999999999966e-01,-4.474899999999999711e-02,8.003899999999999904e-02,-1.392299999999999961e-02,3.230999999999999844e-02,-2.149099999999999969e-02,1.147800000000000036e-02,-4.010999999999999809e-03,-1.365700000000000074e-02,5.188099999999999656e-02,2.102199999999999902e-02,-7.502499999999999447e-02,-2.491000000000000159e-02,2.231100000000000097e-02,-1.285500000000000011e-02,-2.669699999999999851e-02
7.331300000000000316e-02,-1.136799999999999963e-02,7.826950000000000296e-01,9.107899999999999885e-01,-4.767099999999999810e-02,1.062390000000000001e-01,-3.961089999999999889e-01,-5.423660000000000148e-01,8.828900000000000636e-02,-2.029509999999999925e-01,6.650310000000000388e-01,-2.284329999999999972e-01,1.908299999999999927e-02,8.839299999999999935e-02,-2.051320000000000088e-01,-2.020129999999999981e-01,1.284260000000000124e-01,9.522999999999999521e-02,2.617729999999999779e-01,4.218290000000000095e-01,-1.744229999999999947e-01,-4.830899999999999778e-02,3.272499999999999715e-02,8.175999999999999240e-03,1.095999999999999926e-02,-3.771200000000000246e-02,8.458000000000000240e-03,-2.383999999999999835e-03,-4.845000000000000348e-03,1.345900000000000048e-02,7.755999999999999873e-03,-4.875499999999999973e-02,-2.161400000000000127e-02,1.899800000000000100e-02,-9.135000000000000758e-03,-2.196499999999999841e-02
7.087599999999999456e-02,-1.363600000000000055e-02,7.834160000000000013e-01,9.060740000000000460e-01,-5.091899999999999898e-02,1.066919999999999952e-01,-4.062680000000000180e-01,-5.381230000000000180e-01,1.129069999999999935e-01,-1.934359999999999968e-01,6.671479999999999633e-01,-2.345520000000000105e-01,1.070399999999999997e-02,7.978399999999999381e-02,-1.956779999999999908e-01,-2.152409999999999879e-01,1.311650000000000038e-01,1.022959999999999980e-01,2.617869999999999919e-01,4.326189999999999758e-01,-1.726350000000000107e-01,-4.880099999999999716e-02,-7.616000000000000374e-03,3.490399999999999753e-02,-1.293799999999999985e-02,-6.042700000000000154e-02,6.932999999999999927e-03,3.963999999999999642e-03,1.296999999999999976e-03,-2.648999999999999966e-02,-8.363999999999999907e-03,-2.501499999999999904e-02,-4.379500000000000060e-02,1.970399999999999929e-02,-1.242999999999999964e-03,-1.657300000000000093e-02
6.765000000000000180e-02,-1.557500000000000030e-02,7.845809999999999729e-01,9.014750000000000263e-01,-5.250400000000000206e-02,1.074770000000000031e-01,-4.159760000000000124e-01,-5.325119999999999854e-01,1.353860000000000063e-01,-1.824179999999999968e-01,6.593470000000000164e-01,-2.335000000000000131e-01,2.266999999999999918e-03,6.993800000000000017e-02,-1.886500000000000121e-01,-2.297790000000000110e-01,1.310699999999999921e-01,1.119490000000000068e-01,2.617999999999999772e-01,4.434589999999999921e-01,-1.754779999999999951e-01,-4.666399999999999715e-02,-5.703199999999999936e-02,5.239300000000000207e-02,-4.156499999999999778e-02,-6.679499999999999327e-02,7.889999999999999878e-04,1.801999999999999999e-03,5.052000000000000067e-03,-6.966200000000000170e-02,-1.913300000000000070e-02,-4.578999999999999737e-03,-5.287100000000000133e-02,2.012999999999999859e-02,-2.461000000000000080e-03,-1.384799999999999920e-02
6.463900000000000201e-02,-1.738400000000000015e-02,7.855050000000000088e-01,8.965490000000000403e-01,-5.495099999999999985e-02,1.083540000000000059e-01,-4.259580000000000033e-01,-5.282350000000000101e-01,1.594009999999999871e-01,-1.718719999999999970e-01,6.564710000000000267e-01,-2.352200000000000124e-01,-6.353000000000000140e-03,6.023599999999999788e-02,-1.800630000000000008e-01,-2.437380000000000102e-01,1.326080000000000036e-01,1.202040000000000053e-01,2.617999999999999772e-01,4.548139999999999961e-01,-1.764270000000000005e-01,-4.539599999999999885e-02,-9.564899999999999791e-02,7.050299999999999623e-02,-6.549000000000000654e-02,-8.082200000000000495e-02,-2.647000000000000047e-03,2.096000000000000207e-03,8.312999999999999209e-03,-1.047870000000000051e-01,-3.075299999999999909e-02,9.116000000000000839e-03,-7.161599999999999910e-02,2.279700000000000129e-02,-1.188000000000000037e-03,-1.233500000000000048e-02
6.743999999999999995e-02,-1.566899999999999890e-02,7.847380000000000466e-01,8.944860000000000033e-01,-5.253800000000000137e-02,1.058390000000000025e-01,-4.311989999999999990e-01,-5.239759999999999973e-01,1.559230000000000060e-01,-1.535980000000000123e-01,6.623670000000000391e-01,-2.402710000000000123e-01,3.890000000000000228e-04,6.579000000000000126e-02,-1.952689999999999981e-01,-2.587690000000000268e-01,1.346980000000000122e-01,1.076789999999999969e-01,2.617999999999999772e-01,4.578559999999999852e-01,-1.781850000000000100e-01,-4.429799999999999710e-02,-1.089470000000000022e-01,7.939000000000000223e-02,-7.362299999999999400e-02,-8.414800000000000058e-02,-7.386000000000000204e-03,4.891999999999999647e-03,1.162700000000000018e-02,-1.225780000000000064e-01,-4.180899999999999894e-02,2.681800000000000156e-02,-7.039299999999999724e-02,2.246099999999999833e-02,2.995999999999999965e-03,-8.517999999999999530e-03
7.029699999999999838e-02,-1.412199999999999914e-02,7.839209999999999789e-01,8.925260000000000415e-01,-5.001900000000000096e-02,1.030750000000000000e-01,-4.362010000000000054e-01,-5.187699999999999534e-01,1.520170000000000132e-01,-1.353989999999999916e-01,6.671439999999999593e-01,-2.449709999999999943e-01,7.019000000000000065e-03,7.183599999999999708e-02,-2.107620000000000049e-01,-2.743340000000000223e-01,1.373910000000000131e-01,9.468699999999999339e-02,2.617979999999999752e-01,4.604670000000000152e-01,-1.792529999999999957e-01,-4.329299999999999815e-02,-1.122960000000000069e-01,8.479399999999999438e-02,-7.606300000000000561e-02,-8.917200000000000126e-02,-1.034099999999999950e-02,6.745000000000000127e-03,1.243900000000000040e-02,-1.351509999999999934e-01,-4.885400000000000159e-02,4.045599999999999891e-02,-7.007199999999999540e-02,2.247000000000000039e-02,4.937999999999999681e-03,-5.736999999999999912e-03
7.309499999999999331e-02,-1.272399999999999920e-02,7.831599999999999673e-01,8.905239999999999823e-01,-4.770200000000000135e-02,1.002939999999999943e-01,-4.411729999999999818e-01,-5.133480000000000265e-01,1.485160000000000091e-01,-1.175240000000000035e-01,6.721179999999999932e-01,-2.500789999999999957e-01,1.344399999999999935e-02,7.831699999999999773e-02,-2.257319999999999882e-01,-2.900960000000000205e-01,1.401529999999999998e-01,8.156900000000000261e-02,2.617840000000000167e-01,4.630369999999999764e-01,-1.796939999999999926e-01,-4.253699999999999842e-02,-1.077400000000000024e-01,8.722100000000000686e-02,-7.492899999999999561e-02,-9.664999999999999980e-02,-1.211399999999999977e-02,8.302999999999999617e-03,1.153200000000000058e-02,-1.424279999999999990e-01,-5.311300000000000049e-02,4.949400000000000327e-02,-7.268399999999999861e-02,2.335599999999999829e-02,5.844000000000000236e-03,-3.863999999999999813e-03
7.457900000000000640e-02,-1.054500000000000055e-02,7.823660000000000059e-01,8.880289999999999573e-01,-4.628800000000000275e-02,9.784199999999999842e-02,-4.468659999999999854e-01,-5.094359999999999999e-01,1.465490000000000126e-01,-1.057469999999999938e-01,6.766550000000000065e-01,-2.545510000000000272e-01,1.660100000000000117e-02,8.515499999999999459e-02,-2.330560000000000132e-01,-3.024430000000000174e-01,1.413220000000000032e-01,5.717900000000000066e-02,2.531880000000000241e-01,4.636009999999999853e-01,-1.771669999999999912e-01,-3.847899999999999932e-02,-1.123859999999999998e-01,8.860500000000000320e-02,-8.093500000000000694e-02,-9.105199999999999405e-02,-1.305000000000000084e-02,1.064200000000000042e-02,8.016999999999999821e-03,-1.478379999999999972e-01,-5.484200000000000186e-02,6.386899999999999522e-02,-5.433400000000000035e-02,1.984100000000000100e-02,8.689000000000000543e-03,1.750999999999999952e-03
7.363400000000000500e-02,-9.332000000000000017e-03,7.822200000000000264e-01,8.848530000000000006e-01,-4.707100000000000173e-02,9.652299999999999769e-02,-4.533240000000000047e-01,-5.063569999999999460e-01,1.539369999999999905e-01,-9.841800000000000548e-02,6.790760000000000129e-01,-2.568179999999999907e-01,1.454699999999999917e-02,8.970400000000000595e-02,-2.299650000000000027e-01,-3.146800000000000153e-01,1.424559999999999993e-01,3.270699999999999996e-02,2.384950000000000125e-01,4.658059999999999978e-01,-1.734100000000000086e-01,-3.312699999999999673e-02,-1.171839999999999965e-01,8.852200000000000346e-02,-8.854099999999999471e-02,-8.597699999999999787e-02,-1.360600000000000004e-02,1.168300000000000068e-02,2.684999999999999887e-03,-1.521830000000000127e-01,-5.380000000000000060e-02,7.209799999999999542e-02,-3.584899999999999892e-02,1.607099999999999848e-02,9.599999999999999159e-03,6.790000000000000029e-03
7.259100000000000275e-02,-8.144999999999999463e-03,7.820770000000000222e-01,8.815629999999999855e-01,-4.819799999999999779e-02,9.532699999999999507e-02,-4.598220000000000085e-01,-5.034849999999999604e-01,1.622560000000000113e-01,-9.156300000000000550e-02,6.820289999999999964e-01,-2.593429999999999902e-01,1.215199999999999961e-02,9.438699999999999868e-02,-2.256039999999999990e-01,-3.263550000000000062e-01,1.433020000000000127e-01,8.047000000000000333e-03,2.238239999999999952e-01,4.682330000000000103e-01,-1.693340000000000123e-01,-2.767700000000000021e-02,-1.177570000000000006e-01,8.642400000000000082e-02,-9.563599999999999879e-02,-8.249800000000000189e-02,-1.377600000000000005e-02,1.252499999999999968e-02,-4.109999999999999938e-03,-1.531619999999999926e-01,-5.106999999999999734e-02,7.679800000000000515e-02,-1.931599999999999984e-02,1.277900000000000043e-02,9.639999999999999264e-03,1.167200000000000008e-02
7.403500000000000358e-02,-6.623000000000000415e-03,7.826269999999999616e-01,8.806699999999999529e-01,-5.286500000000000227e-02,9.514100000000000334e-02,-4.610580000000000234e-01,-5.006669999999999732e-01,1.691499999999999948e-01,-9.366700000000000026e-02,6.856919999999999682e-01,-2.621649999999999814e-01,1.351800000000000050e-02,4.406299999999999800e-02,-2.246849999999999958e-01,-2.903140000000000165e-01,2.321670000000000122e-01,9.931999999999999856e-03,2.033059999999999867e-01,4.614030000000000076e-01,-1.544830000000000092e-01,-2.331300000000000039e-02,-1.045330000000000009e-01,8.376899999999999624e-02,-9.421400000000000607e-02,-8.024199999999999389e-02,-1.067500000000000046e-02,1.496100000000000034e-02,-8.241000000000000061e-03,-1.415869999999999906e-01,-4.791299999999999726e-02,7.188300000000000245e-02,-1.444999999999999930e-02,1.305699999999999916e-02,1.109199999999999943e-02,1.260200000000000035e-02
7.587900000000000200e-02,-4.681000000000000265e-03,7.837769999999999460e-01,8.799740000000000339e-01,-5.543499999999999817e-02,9.586999999999999689e-02,-4.619329999999999825e-01,-4.977670000000000150e-01,1.721139999999999892e-01,-9.359000000000000652e-02,6.806290000000000395e-01,-2.596399999999999819e-01,1.616899999999999935e-02,-1.401900000000000021e-02,-2.270850000000000091e-01,-2.542679999999999940e-01,3.286259999999999737e-01,9.407000000000000431e-03,1.859979999999999967e-01,4.531140000000000168e-01,-1.433470000000000022e-01,-2.111299999999999982e-02,-8.856300000000000283e-02,7.777399999999999591e-02,-9.296100000000000196e-02,-7.499100000000000210e-02,-7.964999999999999858e-03,1.540900000000000082e-02,-1.459700000000000060e-02,-1.288009999999999988e-01,-4.154299999999999660e-02,6.680200000000000027e-02,-7.072000000000000161e-03,1.281099999999999947e-02,1.013900000000000044e-02,1.249300000000000063e-02
7.764100000000000168e-02,-2.562000000000000041e-03,7.850329999999999808e-01,8.792290000000000383e-01,-5.809000000000000274e-02,9.688099999999999490e-02,-4.628140000000000032e-01,-4.952300000000000035e-01,1.753180000000000016e-01,-9.363699999999999801e-02,6.747689999999999522e-01,-2.563949999999999840e-01,1.891999999999999932e-02,-7.621200000000000196e-02,-2.278739999999999932e-01,-2.173529999999999907e-01,4.318110000000000004e-01,6.107999999999999714e-03,1.708040000000000114e-01,4.446689999999999809e-01,-1.318509999999999960e-01,-1.920499999999999985e-02,-7.012100000000000277e-02,7.127899999999999514e-02,-9.246899999999999564e-02,-7.038200000000000012e-02,-4.760999999999999607e-03,1.598099999999999868e-02,-2.270600000000000049e-02,-1.154629999999999962e-01,-3.429700000000000110e-02,6.126800000000000301e-02,-2.970000000000000092e-04,1.273000000000000000e-02,8.758000000000000160e-03,1.254000000000000080e-02
7.920199999999999463e-02,1.016999999999999892e-03,7.852700000000000236e-01,8.812449999999999450e-01,-5.969300000000000300e-02,9.626600000000000434e-02,-4.588860000000000161e-01,-4.971709999999999741e-01,1.687879999999999936e-01,-9.630900000000000571e-02,6.739920000000000355e-01,-2.517280000000000073e-01,2.422200000000000047e-02,-1.325429999999999942e-01,-2.288439999999999919e-01,-1.781159999999999966e-01,5.259890000000000398e-01,5.171900000000000108e-02,1.454989999999999895e-01,4.351869999999999905e-01,-1.190539999999999932e-01,-1.127000000000000050e-02,-6.163899999999999935e-02,5.960700000000000026e-02,-8.593699999999999950e-02,-4.134000000000000175e-02,-3.629999999999999980e-03,1.474100000000000063e-02,-2.451100000000000154e-02,-9.726899999999999435e-02,-2.666699999999999973e-02,5.455900000000000333e-02,7.722999999999999830e-03,8.689999999999999808e-03,6.760000000000000384e-03,9.811999999999999542e-03
8.053200000000000636e-02,4.799999999999999580e-03,7.854219999999999535e-01,8.831679999999999531e-01,-6.146399999999999780e-02,9.581699999999999939e-02,-4.550350000000000228e-01,-5.002060000000000395e-01,1.627450000000000008e-01,-9.945600000000000274e-02,6.741700000000000470e-01,-2.472930000000000128e-01,2.931599999999999831e-02,-1.908040000000000014e-01,-2.270079999999999876e-01,-1.378639999999999866e-01,6.236749999999999794e-01,9.543400000000000494e-02,1.225959999999999966e-01,4.261550000000000060e-01,-1.060109999999999941e-01,-2.985999999999999939e-03,-5.517500000000000182e-02,4.848800000000000332e-02,-8.235199999999999465e-02,-1.076200000000000073e-02,-2.586000000000000191e-03,1.310799999999999986e-02,-2.766300000000000009e-02,-8.156099999999999461e-02,-1.985999999999999918e-02,4.919099999999999862e-02,1.511499999999999996e-02,4.902000000000000107e-03,5.128999999999999879e-03,7.553999999999999951e-03
8.148500000000000187e-02,8.826999999999999777e-03,7.854799999999999560e-01,8.849749999999999561e-01,-6.330600000000000116e-02,9.554500000000000492e-02,-4.513110000000000177e-01,-5.043229999999999658e-01,1.572669999999999901e-01,-1.028130000000000016e-01,6.751409999999999911e-01,-2.428359999999999963e-01,3.408800000000000024e-02,-2.505109999999999837e-01,-2.218219999999999914e-01,-9.647000000000000020e-02,7.239090000000000247e-01,1.376989999999999881e-01,1.023020000000000040e-01,4.172950000000000270e-01,-9.279700000000000448e-02,5.569000000000000165e-03,-5.157099999999999879e-02,3.945599999999999802e-02,-8.182699999999999696e-02,2.090799999999999950e-02,-1.758999999999999930e-03,1.187700000000000040e-02,-3.172400000000000220e-02,-7.008499999999999452e-02,-1.354099999999999922e-02,4.633199999999999819e-02,2.258299999999999891e-02,1.288999999999999998e-03,3.812999999999999983e-03,5.820999999999999786e-03
8.251999999999999613e-02,1.239400000000000050e-02,7.847450000000000259e-01,8.864079999999999737e-01,-6.583400000000000363e-02,9.712800000000000600e-02,-4.477869999999999906e-01,-5.161270000000000024e-01,1.532890000000000086e-01,-1.120219999999999966e-01,6.856560000000000432e-01,-2.420569999999999944e-01,3.690800000000000330e-02,-3.119469999999999743e-01,-2.198390000000000066e-01,-8.252400000000000013e-02,8.181289999999999951e-01,1.225249999999999950e-01,7.520899999999999808e-02,4.056310000000000193e-01,-8.107599999999999529e-02,1.248299999999999930e-02,-4.237099999999999894e-02,3.385799999999999921e-02,-6.065600000000000158e-02,3.030199999999999907e-02,-3.452999999999999906e-03,8.404000000000000012e-03,-2.115500000000000019e-02,-5.982699999999999824e-02,-8.880000000000000740e-03,3.608499999999999902e-02,1.849299999999999902e-02,1.423000000000000003e-03,4.020000000000000136e-03,2.386000000000000100e-03
8.337300000000000266e-02,1.607700000000000101e-02,7.839089999999999669e-01,8.877620000000000511e-01,-6.850000000000000533e-02,9.877500000000000169e-02,-4.443300000000000027e-01,-5.284910000000000441e-01,1.495309999999999973e-01,-1.213309999999999944e-01,6.970800000000000329e-01,-2.415599999999999969e-01,3.966000000000000081e-02,-3.728310000000000235e-01,-2.174419999999999964e-01,-6.878399999999999792e-02,9.117410000000000236e-01,1.070900000000000046e-01,4.807600000000000068e-02,3.935600000000000209e-01,-6.839399999999999646e-02,1.931899999999999937e-02,-3.665999999999999814e-02,3.232399999999999857e-02,-4.157600000000000184e-02,4.028799999999999742e-02,-5.446000000000000320e-03,5.952999999999999958e-03,-1.057600000000000033e-02,-5.600999999999999729e-02,-4.263000000000000296e-03,3.076100000000000015e-02,1.477700000000000020e-02,1.554999999999999959e-03,4.765000000000000138e-03,-4.609999999999999840e-04
8.417800000000000282e-02,1.987200000000000077e-02,7.829319999999999613e-01,8.890310000000000157e-01,-7.109200000000000241e-02,1.004690000000000027e-01,-4.409939999999999971e-01,-5.416290000000000271e-01,1.456820000000000059e-01,-1.304319999999999924e-01,7.094660000000000410e-01,-2.413359999999999950e-01,4.229299999999999726e-02,-4.338139999999999774e-01,-2.149909999999999877e-01,-5.481500000000000261e-02,1.005478000000000094e+00,9.104399999999999993e-02,2.099699999999999830e-02,3.815209999999999990e-01,-5.578799999999999731e-02,2.639100000000000126e-02,-3.706600000000000172e-02,3.444799999999999945e-02,-2.573500000000000093e-02,5.246499999999999775e-02,-8.196999999999999426e-03,3.857999999999999884e-03,6.009999999999999717e-04,-5.915000000000000119e-02,-6.009999999999999717e-04,3.007599999999999857e-02,1.089799999999999970e-02,1.791999999999999973e-03,6.187999999999999924e-03,-2.599000000000000182e-03
8.418699999999999795e-02,2.331400000000000139e-02,7.813440000000000385e-01,8.912550000000000194e-01,-7.422399999999999831e-02,1.028290000000000037e-01,-4.354089999999999905e-01,-5.587020000000000319e-01,1.415009999999999879e-01,-1.430609999999999937e-01,7.252939999999999943e-01,-2.420730000000000104e-01,4.358200000000000268e-02,-4.760449999999999959e-01,-2.137449999999999906e-01,-4.998899999999999871e-02,1.086265000000000036e+00,3.455500000000000238e-02,2.102199999999999902e-02,3.766300000000000203e-01,-4.220000000000000140e-02,3.292300000000000088e-02,-5.426500000000000073e-02,3.783799999999999664e-02,-2.611399999999999832e-02,4.878299999999999997e-02,-1.255999999999999998e-02,2.131000000000000082e-03,8.621000000000000191e-03,-6.808599999999999375e-02,-4.303000000000000401e-03,4.002100000000000102e-02,6.611999999999999822e-03,1.044999999999999922e-03,7.623999999999999701e-03,6.740000000000000114e-04
8.415699999999999570e-02,2.659299999999999858e-02,7.798220000000000152e-01,8.934109999999999552e-01,-7.761500000000000343e-02,1.048509999999999998e-01,-4.298830000000000151e-01,-5.750269999999999548e-01,1.374390000000000056e-01,-1.558350000000000013e-01,7.415100000000000025e-01,-2.430710000000000093e-01,4.454899999999999832e-02,-5.172149999999999803e-01,-2.121969999999999967e-01,-4.521399999999999725e-02,1.166643000000000097e+00,-2.182800000000000018e-02,2.092499999999999916e-02,3.723040000000000238e-01,-2.860599999999999948e-02,4.056799999999999989e-02,-7.865500000000000269e-02,4.390399999999999858e-02,-2.941799999999999971e-02,4.769199999999999828e-02,-1.777799999999999866e-02,8.390000000000000105e-04,1.857500000000000123e-02,-8.318699999999999706e-02,-9.567000000000000851e-03,5.375599999999999823e-02,1.299999999999999940e-03,2.460000000000000164e-04,9.691999999999999227e-03,4.715999999999999706e-03
8.394100000000000172e-02,2.998500000000000124e-02,7.782369999999999566e-01,8.954839999999999467e-01,-8.101300000000000168e-02,1.067919999999999980e-01,-4.244290000000000007e-01,-5.913929999999999465e-01,1.332869999999999888e-01,-1.684809999999999919e-01,7.580970000000000208e-01,-2.442189999999999916e-01,4.530700000000000005e-02,-5.582829999999999737e-01,-2.105700000000000072e-01,-4.025999999999999718e-02,1.246925000000000061e+00,-7.818400000000000349e-02,2.080600000000000158e-02,3.681150000000000255e-01,-1.516299999999999940e-02,4.851099999999999857e-02,-1.090300000000000019e-01,5.247600000000000181e-02,-3.447599999999999970e-02,4.867799999999999905e-02,-2.374499999999999875e-02,-1.559999999999999972e-04,3.119399999999999951e-02,-1.036580000000000001e-01,-1.571499999999999980e-02,7.124099999999999877e-02,-5.836000000000000042e-03,-5.710000000000000015e-04,1.320200000000000019e-02,9.265999999999999931e-03
8.287300000000000222e-02,3.223899999999999683e-02,7.758680000000000021e-01,8.975899999999999990e-01,-8.389499999999999735e-02,1.090359999999999940e-01,-4.188129999999999908e-01,-6.108890000000000153e-01,1.295030000000000070e-01,-1.812650000000000095e-01,7.789160000000000528e-01,-2.477290000000000048e-01,4.482099999999999973e-02,-6.024890000000000523e-01,-2.142670000000000130e-01,-4.352799999999999725e-02,1.323898000000000019e+00,-1.174810000000000021e-01,1.062399999999999976e-02,3.660379999999999745e-01,-8.217000000000000345e-03,5.821799999999999892e-02,-1.405089999999999950e-01,6.773400000000000254e-02,-4.810099999999999792e-02,2.839699999999999863e-02,-2.342100000000000085e-02,-1.410000000000000120e-04,4.018499999999999850e-02,-1.314939999999999998e-01,-2.787299999999999847e-02,8.769000000000000405e-02,-1.528400000000000071e-02,2.439999999999999949e-04,1.469999999999999953e-02,9.423000000000000820e-03
8.193799999999999695e-02,3.072300000000000031e-02,7.734419999999999629e-01,8.997429999999999595e-01,-8.618800000000000072e-02,1.106140000000000040e-01,-4.132779999999999787e-01,-6.285770000000000524e-01,1.269250000000000100e-01,-1.954100000000000004e-01,8.085510000000000197e-01,-2.619619999999999727e-01,4.098399999999999960e-02,-6.411499999999999977e-01,-2.188049999999999995e-01,-4.929999999999999660e-02,1.406876000000000015e+00,-1.682170000000000054e-01,-2.854999999999999899e-03,3.639620000000000077e-01,-1.026200000000000029e-02,7.281700000000000672e-02,-1.743840000000000112e-01,9.439500000000000668e-02,-6.539699999999999680e-02,-4.581000000000000003e-03,-2.196400000000000088e-02,3.339999999999999870e-04,5.282200000000000090e-02,-1.673419999999999908e-01,-5.057099999999999790e-02,9.726899999999999435e-02,-3.646400000000000335e-02,9.471999999999999517e-03,1.815100000000000047e-02,1.406800000000000064e-02
8.069800000000000584e-02,3.293800000000000200e-02,7.708730000000000304e-01,9.017100000000000115e-01,-8.901399999999999590e-02,1.127400000000000069e-01,-4.077819999999999778e-01,-6.479049999999999532e-01,1.227820000000000022e-01,-2.081459999999999977e-01,8.296769999999999978e-01,-2.657610000000000250e-01,3.990300000000000097e-02,-6.845149999999999846e-01,-2.227810000000000068e-01,-5.176999999999999658e-02,1.483519999999999950e+00,-2.081409999999999927e-01,-1.375000000000000007e-02,3.618540000000000090e-01,-4.565999999999999746e-03,8.331299999999999817e-02,-2.122819999999999985e-01,1.116700000000000054e-01,-7.793899999999999439e-02,-2.472999999999999851e-02,-2.194099999999999870e-02,1.765999999999999992e-03,6.721599999999999797e-02,-1.988580000000000070e-01,-6.395099999999999396e-02,1.153610000000000052e-01,-5.181399999999999895e-02,1.127399999999999930e-02,2.172100000000000072e-02,1.545099999999999946e-02
7.918400000000000438e-02,3.362400000000000111e-02,7.684299999999999464e-01,9.030770000000000186e-01,-8.977200000000000457e-02,1.154970000000000024e-01,-4.037990000000000190e-01,-6.663510000000000266e-01,1.185090000000000032e-01,-2.182449999999999946e-01,8.467879999999999852e-01,-2.701169999999999960e-01,3.798200000000000187e-02,-7.034939999999999527e-01,-2.289730000000000099e-01,-5.660300000000000054e-02,1.519079999999999986e+00,-2.396770000000000012e-01,-2.179599999999999940e-02,3.635599999999999943e-01,-5.067999999999999589e-03,8.689600000000000102e-02,-2.497979999999999923e-01,1.304619999999999946e-01,-1.012919999999999932e-01,-5.288799999999999751e-02,-2.312200000000000019e-02,4.536000000000000101e-03,6.937500000000000611e-02,-2.349569999999999992e-01,-8.570200000000000040e-02,1.425770000000000093e-01,-5.178800000000000070e-02,7.229000000000000183e-03,2.537899999999999878e-02,1.911399999999999905e-02
7.777799999999999991e-02,3.444699999999999845e-02,7.663459999999999717e-01,9.042919999999999847e-01,-9.123000000000000553e-02,1.177829999999999988e-01,-4.000759999999999872e-01,-6.820100000000000051e-01,1.156400000000000067e-01,-2.282019999999999882e-01,8.618980000000000530e-01,-2.739469999999999961e-01,3.594800000000000079e-02,-7.198529999999999651e-01,-2.338200000000000001e-01,-6.185199999999999726e-02,1.552356999999999987e+00,-2.701600000000000112e-01,-3.008699999999999916e-02,3.662079999999999780e-01,-4.423999999999999981e-03,9.151299999999999712e-02,-2.866719999999999824e-01,1.474380000000000135e-01,-1.218090000000000006e-01,-8.121499999999999553e-02,-2.400199999999999903e-02,7.285999999999999942e-03,7.287499999999999534e-02,-2.684710000000000152e-01,-1.063069999999999987e-01,1.685820000000000096e-01,-5.295500000000000207e-02,2.425000000000000072e-03,2.801700000000000024e-02,2.286799999999999944e-02
7.635100000000000220e-02,3.519100000000000006e-02,7.643170000000000242e-01,9.054560000000000386e-01,-9.288799999999999835e-02,1.198769999999999974e-01,-3.964219999999999966e-01,-6.969039999999999679e-01,1.130570000000000047e-01,-2.381719999999999948e-01,8.767260000000000053e-01,-2.777700000000000169e-01,3.376500000000000334e-02,-7.354840000000000266e-01,-2.382930000000000048e-01,-6.708999999999999686e-02,1.585272999999999932e+00,-3.005590000000000206e-01,-3.849899999999999850e-02,3.691099999999999937e-01,-3.383000000000000156e-03,9.661899999999999655e-02,-3.211860000000000270e-01,1.618199999999999916e-01,-1.386090000000000100e-01,-1.096530000000000005e-01,-2.442599999999999980e-02,9.525999999999999746e-03,7.741399999999999670e-02,-2.978100000000000191e-01,-1.256150000000000044e-01,1.923020000000000007e-01,-5.633300000000000113e-02,-2.635000000000000189e-03,3.036000000000000157e-02,2.662399999999999836e-02
7.499699999999999422e-02,3.487400000000000222e-02,7.626469999999999638e-01,9.063170000000000393e-01,-9.302100000000000646e-02,1.222150000000000042e-01,-3.937010000000000232e-01,-7.097480000000000455e-01,1.114389999999999964e-01,-2.437910000000000077e-01,8.873170000000000224e-01,-2.816199999999999815e-01,3.045799999999999896e-02,-7.315500000000000336e-01,-2.403190000000000048e-01,-7.944400000000000073e-02,1.574929000000000023e+00,-3.048839999999999884e-01,-3.569200000000000150e-02,3.732889999999999819e-01,-8.696999999999999870e-03,9.796299999999999453e-02,-3.452330000000000121e-01,1.807519999999999960e-01,-1.552260000000000029e-01,-1.275419999999999887e-01,-2.448099999999999929e-02,1.307799999999999935e-02,7.724200000000000510e-02,-3.270959999999999979e-01,-1.392799999999999871e-01,2.092239999999999933e-01,-5.725500000000000034e-02,-4.260000000000000006e-04,3.135399999999999993e-02,2.866000000000000145e-02
7.390199999999999547e-02,3.460200000000000081e-02,7.614440000000000097e-01,9.070270000000000277e-01,-9.381399999999999462e-02,1.240900000000000059e-01,-3.912840000000000207e-01,-7.199079999999999924e-01,1.113740000000000008e-01,-2.489820000000000089e-01,8.958030000000000159e-01,-2.849849999999999883e-01,2.741299999999999987e-02,-7.252669999999999950e-01,-2.410219999999999863e-01,-9.217899999999999705e-02,1.562211000000000016e+00,-3.079100000000000170e-01,-3.295800000000000118e-02,3.776109999999999745e-01,-1.298700000000000028e-02,1.002230000000000065e-01,-3.632659999999999778e-01,1.958310000000000051e-01,-1.672180000000000055e-01,-1.449570000000000025e-01,-2.367199999999999860e-02,1.543899999999999960e-02,7.682300000000000240e-02,-3.486980000000000079e-01,-1.495190000000000130e-01,2.213600000000000012e-01,-6.019599999999999951e-02,1.838000000000000007e-03,3.158600000000000296e-02,3.033500000000000085e-02
7.281999999999999584e-02,3.445399999999999852e-02,7.602109999999999701e-01,9.076929999999999721e-01,-9.481100000000000638e-02,1.257709999999999939e-01,-3.889549999999999952e-01,-7.293560000000000043e-01,1.117059999999999997e-01,-2.541519999999999890e-01,9.040660000000000363e-01,-2.883820000000000272e-01,2.433099999999999846e-02,-7.184110000000000218e-01,-2.413540000000000130e-01,-1.049120000000000053e-01,1.549136000000000069e+00,-3.107759999999999967e-01,-3.027600000000000083e-02,3.821209999999999885e-01,-1.688299999999999870e-02,1.029739999999999961e-01,-3.739339999999999886e-01,2.058349999999999902e-01,-1.738230000000000053e-01,-1.622429999999999983e-01,-2.177499999999999922e-02,1.713299999999999892e-02,7.569900000000000240e-02,-3.611889999999999823e-01,-1.566760000000000097e-01,2.279770000000000130e-01,-6.557599999999999540e-02,4.011999999999999941e-03,3.116100000000000120e-02,3.173399999999999832e-02
7.168599999999999972e-02,3.354200000000000237e-02,7.606880000000000308e-01,9.080770000000000231e-01,-9.515700000000000547e-02,1.263569999999999971e-01,-3.877820000000000156e-01,-7.291560000000000263e-01,1.119570000000000010e-01,-2.602439999999999753e-01,9.006939999999999946e-01,-2.867250000000000076e-01,2.099699999999999830e-02,-6.915569999999999773e-01,-2.395220000000000127e-01,-1.049250000000000044e-01,1.516062000000000021e+00,-3.051320000000000143e-01,-2.455500000000000044e-02,3.835489999999999733e-01,-2.077100000000000127e-02,9.809900000000000564e-02,-3.715109999999999801e-01,2.106500000000000039e-01,-1.812509999999999954e-01,-1.611370000000000025e-01,-2.324700000000000030e-02,1.929900000000000018e-02,7.033599999999999575e-02,-3.665880000000000249e-01,-1.563420000000000087e-01,2.304380000000000039e-01,-6.918000000000000538e-02,9.818999999999999603e-03,3.026900000000000077e-02,3.498799999999999827e-02
7.073500000000000620e-02,3.265300000000000147e-02,7.614450000000000385e-01,9.084889999999999910e-01,-9.585599999999999676e-02,1.263080000000000036e-01,-3.866589999999999749e-01,-7.263509999999999689e-01,1.125619999999999954e-01,-2.661069999999999824e-01,8.955980000000000052e-01,-2.847390000000000199e-01,1.794000000000000108e-02,-6.623189999999999911e-01,-2.372970000000000079e-01,-1.048540000000000028e-01,1.481281000000000070e+00,-2.987549999999999928e-01,-1.872100000000000153e-02,3.847809999999999842e-01,-2.422200000000000047e-02,9.456499999999999628e-02,-3.605780000000000096e-01,2.096729999999999983e-01,-1.834500000000000020e-01,-1.584319999999999895e-01,-2.356000000000000108e-02,1.991000000000000061e-02,6.351900000000000601e-02,-3.613109999999999933e-01,-1.515610000000000013e-01,2.268280000000000018e-01,-7.512699999999999934e-02,1.551800000000000054e-02,2.854500000000000093e-02,3.809200000000000086e-02
7.014299999999999702e-02,3.664200000000000096e-02,7.626169999999999893e-01,9.087699999999999667e-01,-9.744800000000000684e-02,1.259440000000000004e-01,-3.857180000000000053e-01,-7.213190000000000435e-01,1.110970000000000013e-01,-2.679880000000000040e-01,8.784859999999999891e-01,-2.702100000000000057e-01,2.031799999999999926e-02,-6.353940000000000143e-01,-2.345160000000000022e-01,-9.892499999999999905e-02,1.435840000000000005e+00,-2.777410000000000156e-01,-7.461999999999999883e-03,3.859850000000000225e-01,-1.828499999999999917e-02,8.782500000000000029e-02,-3.422250000000000014e-01,1.922280000000000100e-01,-1.775770000000000126e-01,-1.414390000000000092e-01,-2.337699999999999848e-02,1.977999999999999897e-02,5.481699999999999767e-02,-3.404929999999999901e-01,-1.312270000000000103e-01,2.254069999999999963e-01,-7.162699999999999623e-02,1.168600000000000021e-02,2.378299999999999859e-02,3.651999999999999691e-02
6.996900000000000341e-02,3.449300000000000282e-02,7.640639999999999654e-01,9.093489999999999629e-01,-9.672400000000000442e-02,1.265080000000000093e-01,-3.843509999999999982e-01,-7.160480000000000178e-01,1.128720000000000001e-01,-2.687999999999999834e-01,8.676199999999999468e-01,-2.673249999999999793e-01,1.844600000000000059e-02,-5.813359999999999639e-01,-2.248419999999999863e-01,-1.033960000000000018e-01,1.326821000000000028e+00,-2.327019999999999922e-01,1.332999999999999984e-02,3.874349999999999739e-01,-3.042500000000000066e-02,8.240400000000000502e-02,-3.115379999999999816e-01,1.816500000000000059e-01,-1.665149999999999963e-01,-1.263430000000000109e-01,-2.370500000000000038e-02,1.752899999999999944e-02,4.894600000000000339e-02,-3.135499999999999954e-01,-1.265000000000000013e-01,2.104600000000000082e-01,-4.610000000000000209e-02,8.597000000000000475e-03,2.224599999999999841e-02,3.168900000000000189e-02
6.967900000000000482e-02,3.241999999999999743e-02,7.655939999999999968e-01,9.097859999999999836e-01,-9.663399999999999768e-02,1.264659999999999951e-01,-3.833489999999999953e-01,-7.089879999999999516e-01,1.158949999999999980e-01,-2.697209999999999885e-01,8.568999999999999950e-01,-2.647599999999999953e-01,1.629699999999999899e-02,-5.248490000000000100e-01,-2.138990000000000058e-01,-1.063199999999999978e-01,1.216088000000000058e+00,-1.874149999999999983e-01,3.365900000000000142e-02,3.899389999999999801e-01,-4.154100000000000154e-02,7.853300000000000558e-02,-2.753289999999999904e-01,1.677019999999999900e-01,-1.524580000000000102e-01,-1.123320000000000013e-01,-2.303799999999999945e-02,1.578799999999999995e-02,4.286000000000000226e-02,-2.791290000000000160e-01,-1.194810000000000039e-01,1.916360000000000008e-01,-2.303300000000000139e-02,5.257000000000000388e-03,2.034899999999999903e-02,2.734200000000000172e-02
6.941600000000000548e-02,3.034500000000000045e-02,7.670029999999999903e-01,9.101829999999999643e-01,-9.651300000000000157e-02,1.262939999999999896e-01,-3.824940000000000007e-01,-7.021340000000000359e-01,1.188629999999999964e-01,-2.702910000000000035e-01,8.469320000000000181e-01,-2.624940000000000051e-01,1.422499999999999980e-02,-4.680059999999999776e-01,-2.032079999999999997e-01,-1.071600000000000052e-01,1.104978000000000016e+00,-1.424040000000000028e-01,5.378299999999999748e-02,3.928079999999999905e-01,-5.256600000000000161e-02,7.509599999999999609e-02,-2.350859999999999894e-01,1.512360000000000093e-01,-1.356719999999999871e-01,-9.901600000000000679e-02,-2.160099999999999867e-02,1.399199999999999923e-02,3.609699999999999714e-02,-2.394489999999999952e-01,-1.110700000000000021e-01,1.710780000000000078e-01,-1.562999999999999936e-03,1.603000000000000041e-03,1.830000000000000029e-02,2.374000000000000069e-02
6.841300000000000159e-02,2.687399999999999858e-02,7.686279999999999779e-01,9.108279999999999710e-01,-9.492100000000000537e-02,1.260169999999999901e-01,-3.814480000000000093e-01,-6.923489999999999922e-01,1.209329999999999988e-01,-2.717350000000000043e-01,8.314150000000000151e-01,-2.600379999999999914e-01,1.155899999999999983e-02,-3.931189999999999962e-01,-1.803970000000000018e-01,-9.954200000000000548e-02,9.562899999999999734e-01,-1.147109999999999935e-01,8.905899999999999928e-02,3.927490000000000148e-01,-6.830899999999999472e-02,6.644899999999999418e-02,-1.967069999999999930e-01,1.310570000000000068e-01,-1.208919999999999995e-01,-7.801500000000000101e-02,-2.002100000000000060e-02,1.308199999999999988e-02,2.828500000000000111e-02,-2.124209999999999987e-01,-9.775699999999999668e-02,1.495710000000000095e-01,2.970499999999999877e-02,-4.831000000000000225e-03,1.543500000000000080e-02,1.784699999999999828e-02
6.726000000000000034e-02,2.358100000000000127e-02,7.699599999999999778e-01,9.115900000000000114e-01,-9.316000000000000669e-02,1.250179999999999902e-01,-3.803889999999999771e-01,-6.819490000000000274e-01,1.220689999999999970e-01,-2.723220000000000085e-01,8.170939999999999870e-01,-2.583469999999999933e-01,9.221999999999999295e-03,-3.163300000000000001e-01,-1.602540000000000076e-01,-8.931100000000000150e-02,8.075710000000000388e-01,-8.797199999999999465e-02,1.230590000000000017e-01,3.924779999999999935e-01,-8.416700000000000570e-02,5.996699999999999947e-02,-1.595119999999999871e-01,1.114559999999999995e-01,-1.061919999999999947e-01,-5.805099999999999844e-02,-1.838599999999999957e-02,1.207199999999999940e-02,2.069000000000000006e-02,-1.862399999999999889e-01,-8.469999999999999751e-02,1.304539999999999866e-01,6.205999999999999711e-02,-1.176199999999999989e-02,1.230599999999999923e-02,1.308999999999999921e-02
6.587899999999999312e-02,2.044899999999999843e-02,7.710240000000000427e-01,9.124729999999999785e-01,-9.066499999999999559e-02,1.237599999999999950e-01,-3.792840000000000100e-01,-6.726569999999999494e-01,1.213670000000000027e-01,-2.719539999999999735e-01,8.043529999999999847e-01,-2.569549999999999890e-01,7.144000000000000176e-03,-2.402370000000000061e-01,-1.439259999999999984e-01,-7.662099999999999467e-02,6.612879999999999869e-01,-6.324000000000000454e-02,1.558009999999999950e-01,3.919179999999999886e-01,-1.011220000000000036e-01,5.448100000000000165e-02,-1.251670000000000005e-01,9.351600000000000190e-02,-9.246799999999999464e-02,-3.973499999999999949e-02,-1.694199999999999873e-02,1.128999999999999969e-02,1.352599999999999983e-02,-1.632319999999999882e-01,-7.327300000000000479e-02,1.155319999999999958e-01,9.614000000000000323e-02,-1.941999999999999976e-02,9.532000000000000542e-03,9.702000000000000554e-03
6.480099999999999749e-02,1.734499999999999931e-02,7.722710000000000408e-01,9.138500000000000512e-01,-8.770600000000000618e-02,1.224869999999999987e-01,-3.770720000000000183e-01,-6.625860000000000083e-01,1.173399999999999999e-01,-2.735989999999999811e-01,7.896659999999999791e-01,-2.518079999999999763e-01,5.551000000000000378e-03,-1.562449999999999950e-01,-1.301309999999999967e-01,-7.267200000000000049e-02,5.304670000000000218e-01,-6.596200000000000674e-02,1.765960000000000030e-01,3.867650000000000254e-01,-1.186190000000000022e-01,4.650300000000000267e-02,-9.978199999999999570e-02,7.588100000000000400e-02,-7.695000000000000451e-02,-2.682700000000000015e-02,-1.524400000000000061e-02,9.457000000000000128e-03,9.105999999999999511e-03,-1.394100000000000061e-01,-5.946599999999999803e-02,9.771299999999999430e-02,8.924999999999999600e-02,-1.507299999999999959e-02,5.199999999999999761e-03,8.240000000000000796e-03
6.350400000000000489e-02,1.438000000000000042e-02,7.731590000000000407e-01,9.153759999999999675e-01,-8.384999999999999398e-02,1.211379999999999957e-01,-3.746740000000000070e-01,-6.540319999999999467e-01,1.112319999999999975e-01,-2.744219999999999993e-01,7.758540000000000436e-01,-2.463440000000000074e-01,4.248000000000000040e-03,-7.546999999999999542e-02,-1.189970000000000055e-01,-6.825799999999999923e-02,4.059269999999999823e-01,-7.206700000000000605e-02,1.976749999999999896e-01,3.811959999999999793e-01,-1.379110000000000058e-01,3.939999999999999752e-02,-8.108600000000000529e-02,6.183799999999999714e-02,-6.490600000000000536e-02,-1.582400000000000126e-02,-1.420500000000000061e-02,8.071999999999999315e-03,5.687000000000000215e-03,-1.223999999999999949e-01,-5.019099999999999950e-02,8.557099999999999429e-02,8.401799999999999546e-02,-1.151100000000000040e-02,3.053000000000000158e-03,8.491999999999999549e-03
6.202799999999999980e-02,1.170599999999999939e-02,7.739880000000000093e-01,9.168840000000000323e-01,-7.949599999999999722e-02,1.198120000000000018e-01,-3.723560000000000203e-01,-6.463219999999999521e-01,1.041269999999999973e-01,-2.745770000000000155e-01,7.619409999999999794e-01,-2.402289999999999981e-01,3.194999999999999923e-03,1.603999999999999957e-03,-1.094289999999999985e-01,-6.361100000000000088e-02,2.885469999999999979e-01,-8.185099999999999321e-02,2.189810000000000090e-01,3.755539999999999989e-01,-1.579029999999999878e-01,3.279399999999999676e-02,-6.944100000000000272e-02,5.188500000000000056e-02,-5.639199999999999768e-02,-6.649999999999999661e-03,-1.389999999999999916e-02,7.200999999999999936e-03,3.428000000000000057e-03,-1.139069999999999944e-01,-4.473400000000000293e-02,8.011100000000000165e-02,8.338399999999999979e-02,-9.124000000000000166e-03,1.539000000000000003e-03,9.969999999999999696e-03
6.082499999999999712e-02,8.736999999999999975e-03,7.756669999999999954e-01,9.169129999999999781e-01,-7.704600000000000337e-02,1.169889999999999958e-01,-3.736959999999999726e-01,-6.319369999999999710e-01,1.055119999999999947e-01,-2.703030000000000155e-01,7.471240000000000103e-01,-2.336020000000000041e-01,1.750999999999999952e-03,4.245999999999999774e-02,-1.082400000000000029e-01,-7.524699999999999445e-02,2.313449999999999951e-01,-9.195799999999999808e-02,2.212419999999999942e-01,3.745140000000000136e-01,-1.712750000000000106e-01,2.663400000000000142e-02,-6.572600000000000664e-02,4.476900000000000324e-02,-4.861900000000000249e-02,-2.495999999999999955e-03,-1.291300000000000087e-02,6.510000000000000162e-03,5.134999999999999808e-03,-1.067720000000000058e-01,-4.198999999999999955e-02,5.616600000000000065e-02,7.545599999999999530e-02,-9.280000000000000054e-04,1.629000000000000023e-03,-4.739000000000000157e-03
5.971499999999999725e-02,5.721000000000000391e-03,7.772970000000000157e-01,9.168629999999999836e-01,-7.417400000000000382e-02,1.148160000000000014e-01,-3.750689999999999857e-01,-6.189789999999999459e-01,1.066379999999999967e-01,-2.657229999999999870e-01,7.314580000000000526e-01,-2.262990000000000002e-01,4.459999999999999989e-04,7.964599999999999458e-02,-1.069839999999999958e-01,-8.676899999999999891e-02,1.782259999999999955e-01,-1.040709999999999968e-01,2.243090000000000084e-01,3.732940000000000147e-01,-1.858229999999999882e-01,1.889899999999999913e-02,-6.889599999999999891e-02,4.110099999999999865e-02,-4.524600000000000150e-02,7.179999999999999967e-04,-1.281500000000000000e-02,6.270999999999999665e-03,7.988000000000000309e-03,-1.073479999999999990e-01,-4.302600000000000174e-02,3.725099999999999939e-02,7.275299999999999823e-02,6.313000000000000035e-03,2.170000000000000054e-03,-1.935299999999999868e-02
5.856600000000000000e-02,2.765000000000000097e-03,7.791150000000000020e-01,9.167750000000000066e-01,-7.136900000000000188e-02,1.127530000000000060e-01,-3.764520000000000088e-01,-6.059579999999999966e-01,1.079129999999999950e-01,-2.612880000000000202e-01,7.152020000000000044e-01,-2.186809999999999865e-01,-8.440000000000000236e-04,1.158200000000000063e-01,-1.050419999999999965e-01,-9.834600000000000286e-02,1.268289999999999973e-01,-1.170790000000000025e-01,2.281140000000000112e-01,3.718639999999999723e-01,-2.002279999999999893e-01,1.084399999999999947e-02,-7.766499999999999793e-02,4.069300000000000000e-02,-4.511799999999999838e-02,3.204999999999999950e-03,-1.349400000000000079e-02,6.441999999999999810e-03,1.180600000000000052e-02,-1.155100000000000016e-01,-4.687500000000000000e-02,2.258999999999999897e-02,7.573100000000000664e-02,1.302000000000000032e-02,2.688999999999999984e-03,-3.424699999999999966e-02
5.818600000000000161e-02,1.088999999999999907e-03,7.808899999999999730e-01,9.143900000000000361e-01,-6.853299999999999670e-02,1.112790000000000029e-01,-3.831590000000000273e-01,-5.912389999999999590e-01,1.137439999999999979e-01,-2.509219999999999784e-01,6.963559999999999750e-01,-2.132969999999999866e-01,-9.269999999999999811e-04,1.161439999999999972e-01,-1.099890000000000034e-01,-1.113819999999999949e-01,1.222469999999999946e-01,-9.838800000000000323e-02,2.233400000000000107e-01,3.765029999999999766e-01,-2.096020000000000105e-01,5.263000000000000317e-03,-8.947499999999999898e-02,4.308599999999999930e-02,-4.812299999999999911e-02,-1.975000000000000193e-03,-1.531800000000000002e-02,3.922000000000000139e-03,1.243499999999999987e-02,-1.248510000000000036e-01,-4.324000000000000066e-02,1.901699999999999918e-02,6.845199999999999896e-02,2.024899999999999964e-02,-3.310000000000000225e-04,-3.716400000000000259e-02
5.781300000000000328e-02,-9.370000000000000074e-04,7.823959999999999804e-01,9.116769999999999596e-01,-6.668300000000000616e-02,1.100550000000000000e-01,-3.902399999999999758e-01,-5.780159999999999743e-01,1.216519999999999962e-01,-2.416500000000000037e-01,6.822279999999999456e-01,-2.110350000000000004e-01,-1.793000000000000106e-03,1.156989999999999963e-01,-1.124990000000000018e-01,-1.235310000000000019e-01,1.201450000000000018e-01,-8.143899999999999750e-02,2.179869999999999863e-01,3.814810000000000145e-01,-2.182779999999999998e-01,-1.351999999999999903e-03,-1.026090000000000058e-01,4.979000000000000092e-02,-5.353600000000000025e-02,-1.171799999999999925e-02,-1.660199999999999870e-02,3.876999999999999804e-03,1.381600000000000016e-02,-1.364329999999999987e-01,-4.324999999999999678e-02,1.394899999999999959e-02,6.041200000000000042e-02,2.890699999999999867e-02,-1.330999999999999935e-03,-4.107199999999999740e-02
5.754999999999999699e-02,-2.964000000000000055e-03,7.838650000000000340e-01,9.088549999999999685e-01,-6.497300000000000297e-02,1.089569999999999983e-01,-3.973530000000000117e-01,-5.651559999999999917e-01,1.297659999999999925e-01,-2.324980000000000102e-01,6.686870000000000314e-01,-2.091230000000000033e-01,-2.822999999999999989e-03,1.150260000000000032e-01,-1.146130000000000065e-01,-1.356489999999999918e-01,1.182249999999999968e-01,-6.462600000000000289e-02,2.125370000000000037e-01,3.864170000000000105e-01,-2.266910000000000036e-01,-8.444999999999999382e-03,-1.172490000000000060e-01,5.723299999999999915e-02,-5.991699999999999804e-02,-2.105999999999999886e-02,-1.822999999999999968e-02,4.560999999999999950e-03,1.552300000000000034e-02,-1.506780000000000064e-01,-4.363999999999999824e-02,8.208999999999999284e-03,5.566600000000000020e-02,3.795799999999999869e-02,-2.151000000000000134e-03,-4.671800000000000258e-02
5.695200000000000262e-02,-3.893999999999999892e-03,7.849009999999999598e-01,9.056830000000000158e-01,-6.310399999999999343e-02,1.068859999999999949e-01,-4.053780000000000161e-01,-5.527300000000000546e-01,1.378209999999999991e-01,-2.175130000000000119e-01,6.577020000000000088e-01,-2.071979999999999933e-01,-2.033999999999999784e-03,1.093210000000000015e-01,-1.202430000000000027e-01,-1.442940000000000056e-01,1.190839999999999954e-01,-4.015400000000000219e-02,2.029249999999999943e-01,3.884580000000000255e-01,-2.272109999999999963e-01,-1.163800000000000077e-02,-1.314879999999999938e-01,6.959999999999999520e-02,-8.415100000000000358e-02,-1.481000000000000025e-02,-1.674000000000000141e-02,7.837000000000000216e-03,8.642000000000000376e-03,-1.637329999999999897e-01,-4.355200000000000043e-02,2.130999999999999908e-02,4.051400000000000140e-02,3.595700000000000285e-02,-1.975999999999999892e-03,-3.988499999999999684e-02
5.645000000000000018e-02,-4.762999999999999873e-03,7.858469999999999622e-01,9.024349999999999872e-01,-6.132300000000000251e-02,1.047759999999999941e-01,-4.133680000000000132e-01,-5.400660000000000460e-01,1.457670000000000077e-01,-2.024769999999999903e-01,6.467500000000000471e-01,-2.052809999999999913e-01,-1.330000000000000019e-03,1.037249999999999978e-01,-1.259240000000000081e-01,-1.531270000000000131e-01,1.200669999999999932e-01,-1.574400000000000105e-02,1.932830000000000104e-01,3.907430000000000070e-01,-2.276070000000000038e-01,-1.470499999999999932e-02,-1.461109999999999909e-01,8.046200000000000574e-02,-1.086130000000000012e-01,-5.989999999999999665e-03,-1.510700000000000064e-02,1.067199999999999920e-02,1.206999999999999957e-03,-1.770829999999999904e-01,-4.298300000000000037e-02,3.138300000000000117e-02,2.682000000000000009e-02,3.456300000000000344e-02,-1.164000000000000104e-03,-3.474499999999999811e-02
5.586300000000000293e-02,-5.688000000000000347e-03,7.868829999999999991e-01,8.991170000000000551e-01,-5.957900000000000001e-02,1.026460000000000011e-01,-4.213109999999999911e-01,-5.272050000000000347e-01,1.535479999999999901e-01,-1.873769999999999880e-01,6.357509999999999550e-01,-2.033419999999999950e-01,-7.050000000000000060e-04,9.821399999999999575e-02,-1.316849999999999965e-01,-1.622000000000000108e-01,1.211070000000000063e-01,8.574000000000000024e-03,1.835620000000000029e-01,3.931120000000000170e-01,-2.280409999999999937e-01,-1.775699999999999848e-02,-1.603549999999999975e-01,8.975299999999999945e-02,-1.330860000000000098e-01,5.033000000000000147e-03,-1.331899999999999924e-02,1.328499999999999993e-02,-6.743999999999999995e-03,-1.902580000000000104e-01,-4.118600000000000039e-02,3.797999999999999987e-02,1.491199999999999991e-02,3.433300000000000241e-02,-6.629999999999999609e-04,-3.157299999999999690e-02
5.476400000000000018e-02,-5.445000000000000187e-03,7.879319999999999657e-01,8.949869999999999770e-01,-5.863399999999999862e-02,1.000159999999999938e-01,-4.307619999999999783e-01,-5.126119999999999566e-01,1.625139999999999918e-01,-1.730750000000000066e-01,6.232889999999999819e-01,-2.010010000000000130e-01,-1.098000000000000018e-03,8.939199999999999924e-02,-1.370419999999999972e-01,-1.640069999999999861e-01,1.242919999999999997e-01,2.887899999999999842e-02,1.983379999999999865e-01,3.949329999999999785e-01,-2.267480000000000051e-01,-1.866400000000000003e-02,-1.650200000000000000e-01,9.340400000000000091e-02,-1.280080000000000107e-01,-1.429500000000000041e-02,-1.576899999999999830e-02,1.093000000000000048e-02,9.399999999999999448e-05,-1.918249999999999955e-01,-4.632000000000000006e-02,5.008800000000000058e-02,4.407000000000000327e-03,3.133500000000000174e-02,1.008999999999999914e-03,-2.200699999999999878e-02
5.369499999999999967e-02,-5.069999999999999854e-03,7.889479999999999826e-01,8.907049999999999690e-01,-5.777100000000000291e-02,9.735900000000000110e-02,-4.402590000000000114e-01,-4.979459999999999997e-01,1.712049999999999961e-01,-1.584929999999999950e-01,6.112319999999999975e-01,-1.989410000000000067e-01,-1.325999999999999922e-03,8.054699999999999360e-02,-1.426149999999999918e-01,-1.660310000000000119e-01,1.274790000000000090e-01,4.890599999999999808e-02,2.135650000000000048e-01,3.969980000000000175e-01,-2.236809999999999909e-01,-1.971699999999999842e-02,-1.644740000000000091e-01,9.673299999999999954e-02,-1.183769999999999961e-01,-3.462900000000000006e-02,-1.729199999999999834e-02,9.308999999999999567e-03,5.967000000000000082e-03,-1.935520000000000018e-01,-4.972000000000000031e-02,6.039599999999999830e-02,-5.388999999999999693e-03,2.951399999999999857e-02,2.226999999999999813e-03,-1.362299999999999969e-02
5.274800000000000322e-02,-4.726000000000000166e-03,7.899559999999999915e-01,8.863189999999999680e-01,-5.697599999999999887e-02,9.472099999999999964e-02,-4.496899999999999786e-01,-4.832060000000000244e-01,1.797300000000000009e-01,-1.438290000000000124e-01,5.992570000000000396e-01,-1.968979999999999897e-01,-1.582999999999999989e-03,7.178700000000000359e-02,-1.482279999999999986e-01,-1.682899999999999952e-01,1.307379999999999931e-01,6.873200000000000143e-02,2.289889999999999981e-01,3.988539999999999863e-01,-2.200360000000000094e-01,-2.089099999999999985e-02,-1.617000000000000104e-01,9.928399999999999725e-02,-1.073699999999999932e-01,-5.470200000000000062e-02,-1.831800000000000095e-02,8.515999999999999265e-03,1.134499999999999918e-02,-1.953400000000000136e-01,-5.123599999999999682e-02,6.819600000000000661e-02,-1.500300000000000071e-02,2.898500000000000035e-02,3.408000000000000005e-03,-6.837000000000000195e-03
5.094100000000000017e-02,-2.776999999999999955e-03,7.908169999999999922e-01,8.814419999999999478e-01,-5.697900000000000187e-02,9.199200000000000432e-02,-4.597280000000000255e-01,-4.699269999999999836e-01,1.901359999999999995e-01,-1.276220000000000132e-01,5.872180000000000177e-01,-1.932020000000000126e-01,-2.968000000000000152e-03,7.042500000000000149e-02,-1.550350000000000061e-01,-1.838019999999999932e-01,1.328640000000000099e-01,6.816999999999999449e-02,2.229679999999999995e-01,3.982660000000000089e-01,-2.118549999999999878e-01,-1.909500000000000086e-02,-1.540159999999999862e-01,1.087859999999999938e-01,-1.058609999999999968e-01,-5.949700000000000127e-02,-1.678599999999999884e-02,9.393000000000000307e-03,1.043700000000000010e-02,-1.930989999999999929e-01,-6.045699999999999685e-02,7.654400000000000093e-02,-1.634400000000000089e-02,2.323100000000000165e-02,3.918999999999999741e-03,-4.270000000000000358e-03
4.911700000000000094e-02,-7.910000000000000364e-04,7.917039999999999633e-01,8.764800000000000368e-01,-5.730500000000000177e-02,8.917899999999999439e-02,-4.696239999999999859e-01,-4.561850000000000072e-01,2.007230000000000125e-01,-1.116670000000000024e-01,5.753270000000000328e-01,-1.896919999999999995e-01,-4.499000000000000395e-03,6.969100000000000295e-02,-1.613020000000000009e-01,-1.995520000000000072e-01,1.353820000000000023e-01,6.697899999999999687e-02,2.168069999999999997e-01,3.976239999999999775e-01,-2.031779999999999975e-01,-1.687500000000000111e-02,-1.455780000000000129e-01,1.175360000000000016e-01,-1.042590000000000044e-01,-6.306499999999999606e-02,-1.499400000000000038e-02,9.730000000000000801e-03,8.767000000000000487e-03,-1.907109999999999916e-01,-6.852099999999999858e-02,8.224599999999999966e-02,-1.802799999999999889e-02,1.802000000000000129e-02,3.667000000000000121e-03,-2.356000000000000021e-03
4.732999999999999707e-02,1.250999999999999942e-03,7.926220000000000487e-01,8.713929999999999731e-01,-5.779200000000000309e-02,8.641999999999999682e-02,-4.794439999999999813e-01,-4.422329999999999872e-01,2.113530000000000131e-01,-9.567599999999999716e-02,5.633390000000000342e-01,-1.860860000000000014e-01,-6.098000000000000122e-03,6.924199999999999799e-02,-1.672599999999999920e-01,-2.153760000000000119e-01,1.379869999999999985e-01,6.541600000000000192e-02,2.106040000000000134e-01,3.970159999999999800e-01,-1.941779999999999895e-01,-1.463500000000000044e-02,-1.358139999999999903e-01,1.260259999999999991e-01,-1.021449999999999997e-01,-6.637099999999999944e-02,-1.302000000000000032e-02,9.879000000000000628e-03,6.526999999999999816e-03,-1.885850000000000026e-01,-7.567799999999999527e-02,8.609700000000000686e-02,-2.055699999999999888e-02,1.351699999999999950e-02,3.007000000000000124e-03,-6.719999999999999628e-04
4.674600000000000283e-02,3.802999999999999957e-03,7.940030000000000143e-01,8.632680000000000353e-01,-6.260999999999999899e-02,8.474299999999999888e-02,-4.936260000000000092e-01,-4.256820000000000048e-01,2.351949999999999874e-01,-7.506699999999999484e-02,5.569300000000000361e-01,-1.885050000000000059e-01,-9.580999999999999239e-03,3.444200000000000039e-02,-1.685230000000000061e-01,-2.493470000000000131e-01,1.902119999999999922e-01,4.244300000000000156e-02,1.789600000000000080e-01,3.951459999999999972e-01,-1.759910000000000085e-01,-1.584899999999999851e-02,-1.267169999999999963e-01,1.266259999999999886e-01,-9.893599999999999617e-02,-7.807000000000000051e-02,-1.126500000000000071e-02,1.261699999999999974e-02,5.616000000000000332e-03,-1.818420000000000036e-01,-8.218799999999999717e-02,9.562500000000000167e-02,-4.157600000000000184e-02,1.289500000000000021e-02,7.343999999999999834e-03,5.867999999999999952e-03
4.633600000000000219e-02,6.859999999999999779e-03,7.959840000000000249e-01,8.556519999999999682e-01,-6.494400000000000173e-02,8.287100000000000022e-02,-5.067300000000000137e-01,-4.056609999999999938e-01,2.522099999999999898e-01,-5.135599999999999887e-02,5.378600000000000048e-01,-1.827310000000000045e-01,-1.129800000000000075e-02,4.859999999999999954e-04,-1.764090000000000102e-01,-2.854149999999999743e-01,2.383230000000000071e-01,2.197800000000000101e-02,1.482680000000000109e-01,3.900000000000000133e-01,-1.614490000000000092e-01,-1.750399999999999873e-02,-1.204579999999999956e-01,1.216700000000000004e-01,-9.729500000000000648e-02,-7.788000000000000478e-02,-1.223100000000000055e-02,9.969000000000000430e-03,4.479999999999999608e-03,-1.809709999999999930e-01,-7.996599999999999542e-02,1.091649999999999981e-01,-4.897200000000000164e-02,1.156000000000000083e-02,4.251999999999999703e-03,1.163199999999999998e-02
4.590000000000000330e-02,9.705999999999999350e-03,7.976469999999999949e-01,8.474399999999999711e-01,-6.809600000000000375e-02,8.159099999999999686e-02,-5.201459999999999972e-01,-3.882439999999999780e-01,2.714690000000000158e-01,-2.818599999999999925e-02,5.241879999999999873e-01,-1.797590000000000021e-01,-1.384400000000000040e-02,-3.685499999999999887e-02,-1.839069999999999871e-01,-3.201769999999999894e-01,2.947389999999999732e-01,-3.419999999999999863e-03,1.167799999999999949e-01,3.861829999999999985e-01,-1.454239999999999977e-01,-1.917800000000000060e-02,-1.100529999999999980e-01,1.193599999999999939e-01,-9.374699999999999700e-02,-8.339199999999999391e-02,-1.143899999999999952e-02,8.895999999999999394e-03,2.464000000000000044e-03,-1.790910000000000002e-01,-8.148199999999999887e-02,1.202740000000000059e-01,-6.453000000000000402e-02,1.122100000000000007e-02,3.706999999999999792e-03,1.803400000000000142e-02
4.624700000000000338e-02,1.192799999999999937e-02,7.982519999999999616e-01,8.383310000000000484e-01,-6.877099999999999880e-02,8.157399999999999374e-02,-5.346189999999999554e-01,-3.784870000000000179e-01,2.874360000000000248e-01,-3.821999999999999877e-03,5.224680000000000435e-01,-1.823730000000000073e-01,-1.529999999999999936e-02,-8.040100000000000025e-02,-1.936070000000000013e-01,-3.409920000000000173e-01,3.548740000000000228e-01,-2.004299999999999832e-02,8.443000000000000504e-02,3.816769999999999885e-01,-1.305310000000000081e-01,-2.092600000000000016e-02,-9.978199999999999570e-02,1.205380000000000063e-01,-9.779000000000000192e-02,-9.728900000000000048e-02,-1.092800000000000021e-02,1.082400000000000029e-02,1.000000000000000082e-05,-1.747970000000000079e-01,-8.641400000000000470e-02,1.220949999999999952e-01,-7.868500000000000494e-02,1.253800000000000053e-02,8.550999999999999573e-03,1.817799999999999971e-02
4.666399999999999715e-02,1.432800000000000046e-02,7.992190000000000127e-01,8.295080000000000231e-01,-6.837699999999999334e-02,8.090899999999999481e-02,-5.483559999999999546e-01,-3.654240000000000266e-01,2.993140000000000245e-01,2.221300000000000011e-02,5.136230000000000517e-01,-1.806339999999999890e-01,-1.577100000000000030e-02,-1.205439999999999984e-01,-2.069000000000000006e-01,-3.631389999999999896e-01,4.093140000000000112e-01,-3.354399999999999743e-02,5.238899999999999807e-02,3.749939999999999940e-01,-1.176169999999999993e-01,-2.234299999999999828e-02,-8.868199999999999694e-02,1.191659999999999942e-01,-1.025910000000000016e-01,-1.052189999999999931e-01,-1.160300000000000047e-02,9.931999999999999856e-03,-2.553999999999999847e-03,-1.727829999999999921e-01,-8.574400000000000077e-02,1.253009999999999957e-01,-8.561699999999999866e-02,1.263799999999999993e-02,8.340000000000000191e-03,1.814999999999999947e-02
4.715199999999999947e-02,1.669400000000000051e-02,8.001080000000000414e-01,8.206120000000000081e-01,-6.751500000000000556e-02,7.994099999999999817e-02,-5.618239999999999901e-01,-3.523220000000000240e-01,3.094419999999999948e-01,4.880899999999999822e-02,5.044699999999999740e-01,-1.783579999999999888e-01,-1.602900000000000158e-02,-1.611710000000000087e-01,-2.229420000000000013e-01,-3.849719999999999809e-01,4.658100000000000018e-01,-4.813699999999999923e-02,2.024499999999999911e-02,3.678339999999999943e-01,-1.057229999999999975e-01,-2.286399999999999891e-02,-7.430000000000000493e-02,1.179850000000000065e-01,-1.060269999999999962e-01,-1.130940000000000001e-01,-1.194399999999999976e-02,8.411999999999999339e-03,-5.815999999999999989e-03,-1.718870000000000120e-01,-8.470900000000000651e-02,1.277590000000000114e-01,-9.330199999999999605e-02,1.270300000000000075e-02,7.157000000000000167e-03,1.837899999999999950e-02
4.539900000000000185e-02,1.873999999999999971e-02,8.000969999999999471e-01,8.131220000000000114e-01,-6.556199999999999528e-02,7.769800000000000317e-02,-5.731469999999999620e-01,-3.413410000000000055e-01,3.170789999999999997e-01,7.286099999999999521e-02,4.990720000000000156e-01,-1.767390000000000072e-01,-1.772699999999999970e-02,-1.808099999999999985e-01,-2.325979999999999992e-01,-4.116609999999999991e-01,4.865269999999999873e-01,-5.628999999999999976e-02,3.176000000000000004e-03,3.521299999999999986e-01,-9.765999999999999681e-02,-2.472600000000000145e-02,-6.681299999999999739e-02,1.076619999999999938e-01,-9.090900000000000369e-02,-8.830699999999999661e-02,-1.080000000000000057e-02,8.661000000000000296e-03,-3.950000000000000386e-03,-1.625129999999999908e-01,-8.588800000000000601e-02,1.094719999999999999e-01,-6.959700000000000608e-02,9.643000000000000529e-03,6.021000000000000310e-03,1.189199999999999979e-02
4.363600000000000118e-02,2.064300000000000163e-02,8.002399999999999514e-01,8.054499999999999993e-01,-6.424199999999999355e-02,7.526199999999999557e-02,-5.843439999999999745e-01,-3.293610000000000149e-01,3.255250000000000088e-01,9.694800000000000639e-02,4.937090000000000090e-01,-1.751350000000000129e-01,-1.965899999999999939e-02,-1.980899999999999883e-01,-2.414300000000000057e-01,-4.389620000000000188e-01,5.050679999999999614e-01,-6.352700000000000014e-02,-1.432399999999999993e-02,3.369199999999999973e-01,-8.892200000000000104e-02,-2.600600000000000134e-02,-5.645200000000000218e-02,9.631399999999999684e-02,-7.520000000000000295e-02,-6.112800000000000178e-02,-9.218000000000000499e-03,7.310999999999999791e-03,-2.873000000000000120e-03,-1.532189999999999941e-01,-8.685299999999999965e-02,8.923599999999999588e-02,-4.591300000000000242e-02,5.986000000000000001e-03,3.193000000000000092e-03,5.486999999999999690e-03
4.196600000000000330e-02,2.241299999999999890e-02,8.002930000000000321e-01,7.976309999999999789e-01,-6.300899999999999557e-02,7.274100000000000010e-02,-5.954190000000000316e-01,-3.172590000000000132e-01,3.336959999999999926e-01,1.211580000000000018e-01,4.884589999999999765e-01,-1.735119999999999996e-01,-2.160099999999999867e-02,-2.148909999999999987e-01,-2.507889999999999842e-01,-4.663820000000000188e-01,5.235840000000000494e-01,-7.080200000000000382e-02,-3.202699999999999991e-02,3.217920000000000225e-01,-8.028699999999999726e-02,-2.694900000000000073e-02,-4.244200000000000056e-02,8.510500000000000009e-02,-5.781700000000000034e-02,-3.305400000000000005e-02,-7.100000000000000408e-03,5.480999999999999761e-03,-2.348999999999999960e-03,-1.449759999999999938e-01,-8.825800000000000312e-02,6.722100000000000297e-02,-2.333599999999999910e-02,2.118000000000000091e-03,-2.640000000000000202e-04,-1.288999999999999998e-03
3.829300000000000065e-02,2.173999999999999891e-02,8.001430000000000486e-01,7.910430000000000517e-01,-6.106199999999999822e-02,7.133899999999999963e-02,-6.045110000000000205e-01,-3.096729999999999761e-01,3.466549999999999909e-01,1.468939999999999968e-01,4.904049999999999798e-01,-1.767229999999999912e-01,-2.657400000000000040e-02,-2.201120000000000021e-01,-2.549799999999999844e-01,-4.934529999999999750e-01,5.320139999999999869e-01,-8.400399999999999534e-02,-2.527199999999999933e-02,3.097030000000000061e-01,-7.446099999999999941e-02,-2.559499999999999970e-02,-2.911199999999999899e-02,7.877199999999999480e-02,-3.688999999999999918e-02,-1.690200000000000036e-02,-4.550000000000000008e-04,2.726999999999999823e-03,-2.073999999999999889e-03,-1.384340000000000015e-01,-8.105700000000000405e-02,3.771300000000000346e-02,-1.615199999999999969e-02,1.575000000000000011e-03,-4.697999999999999919e-03,-9.868000000000000035e-03
3.492399999999999671e-02,2.276399999999999951e-02,7.998779999999999779e-01,7.845490000000000519e-01,-5.924700000000000105e-02,6.962000000000000133e-02,-6.132910000000000306e-01,-3.013259999999999827e-01,3.576019999999999754e-01,1.740669999999999995e-01,4.873560000000000114e-01,-1.746600000000000097e-01,-2.970199999999999924e-02,-2.245620000000000116e-01,-2.597780000000000089e-01,-5.212769999999999904e-01,5.345330000000000359e-01,-9.107300000000000118e-02,-1.912700000000000164e-02,2.967739999999999823e-01,-6.707899999999999974e-02,-2.775499999999999842e-02,-1.598300000000000068e-02,6.666800000000000503e-02,-1.728499999999999828e-02,8.052999999999999395e-03,3.504000000000000170e-03,8.469999999999999881e-04,-1.160999999999999923e-03,-1.290010000000000046e-01,-6.874500000000000055e-02,8.146999999999999728e-03,-8.746999999999999567e-03,-9.139999999999999904e-04,-7.616000000000000374e-03,-1.877300000000000149e-02
3.168100000000000083e-02,2.363600000000000076e-02,7.997429999999999817e-01,7.780219999999999914e-01,-5.730999999999999983e-02,6.797200000000000464e-02,-6.219139999999999668e-01,-2.923290000000000055e-01,3.678629999999999955e-01,2.016110000000000124e-01,4.825470000000000037e-01,-1.715909999999999935e-01,-3.264299999999999841e-02,-2.284470000000000112e-01,-2.646249999999999991e-01,-5.495389999999999997e-01,5.352350000000000163e-01,-9.707599999999999563e-02,-1.303099999999999918e-02,2.838999999999999857e-01,-6.015899999999999720e-02,-3.120399999999999910e-02,-3.432999999999999854e-03,5.465500000000000219e-02,1.356000000000000000e-03,3.663799999999999696e-02,7.160999999999999831e-03,-1.804000000000000048e-03,9.000000000000000228e-06,-1.222300000000000053e-01,-5.713300000000000323e-02,-2.186600000000000002e-02,-2.431000000000000001e-03,-4.486999999999999669e-03,-1.066800000000000040e-02,-2.811500000000000110e-02
3.027099999999999930e-02,2.485300000000000009e-02,8.001279999999999504e-01,7.749369999999999870e-01,-5.404699999999999782e-02,6.497999999999999610e-02,-6.263609999999999456e-01,-2.755560000000000231e-01,3.629339999999999788e-01,2.235159999999999925e-01,4.586669999999999914e-01,-1.601940000000000031e-01,-3.077500000000000027e-02,-2.162600000000000078e-01,-2.593039999999999790e-01,-5.511869999999999825e-01,4.957480000000000220e-01,-8.134800000000000364e-02,-1.564999999999999985e-03,2.685600000000000209e-01,-5.383899999999999797e-02,-4.059800000000000214e-02,1.829599999999999976e-02,2.092499999999999916e-02,2.202600000000000044e-02,5.975300000000000056e-02,5.130000000000000011e-03,-7.360000000000000223e-03,2.186000000000000009e-03,-7.939799999999999636e-02,-2.347000000000000128e-02,-4.825900000000000328e-02,2.295999999999999864e-03,-5.440999999999999656e-03,-1.014600000000000050e-02,-2.724000000000000032e-02
2.842700000000000088e-02,2.439200000000000049e-02,8.005200000000000093e-01,7.714170000000000194e-01,-5.171300000000000202e-02,6.212000000000000161e-02,-6.311759999999999593e-01,-2.589009999999999923e-01,3.620760000000000089e-01,2.438579999999999914e-01,4.421059999999999990e-01,-1.550600000000000034e-01,-3.169099999999999695e-02,-2.032370000000000010e-01,-2.518839999999999968e-01,-5.521589999999999554e-01,4.618610000000000215e-01,-7.141799999999999538e-02,9.903000000000000344e-03,2.535490000000000244e-01,-4.615699999999999664e-02,-4.448599999999999777e-02,4.133200000000000068e-02,2.906000000000000163e-03,4.655900000000000316e-02,6.782199999999999340e-02,7.179999999999999750e-03,-1.181500000000000085e-02,4.662999999999999610e-03,-5.148300000000000098e-02,1.062000000000000010e-03,-7.171099999999999697e-02,4.659999999999999971e-04,-3.360000000000000139e-03,-1.163800000000000077e-02,-2.611899999999999986e-02
2.653099999999999903e-02,2.385900000000000173e-02,8.007959999999999523e-01,7.678350000000000453e-01,-4.962400000000000144e-02,5.917399999999999743e-02,-6.359759999999999858e-01,-2.422870000000000024e-01,3.613500000000000045e-01,2.639670000000000072e-01,4.263640000000000208e-01,-1.504060000000000119e-01,-3.281400000000000289e-02,-1.900560000000000027e-01,-2.442920000000000091e-01,-5.529359999999999831e-01,4.283339999999999925e-01,-6.178899999999999670e-02,2.134199999999999986e-02,2.380800000000000138e-01,-3.757800000000000029e-02,-4.779100000000000015e-02,5.790499999999999814e-02,-8.975000000000000339e-03,6.872899999999999843e-02,7.263600000000000612e-02,8.637999999999999845e-03,-1.452900000000000025e-02,8.691000000000000808e-03,-3.303899999999999892e-02,2.288099999999999856e-02,-8.866999999999999882e-02,-5.677999999999999887e-03,-8.310000000000000329e-04,-1.196000000000000014e-02,-2.526700000000000126e-02
2.422500000000000001e-02,2.132200000000000067e-02,8.014289999999999470e-01,7.646669999999999856e-01,-4.690400000000000125e-02,5.742300000000000182e-02,-6.401459999999999928e-01,-2.211509999999999865e-01,3.596659999999999857e-01,2.841319999999999957e-01,4.006890000000000174e-01,-1.428909999999999902e-01,-3.577899999999999830e-02,-1.701030000000000042e-01,-2.289710000000000079e-01,-5.415950000000000486e-01,3.758139999999999814e-01,-4.254000000000000142e-02,3.552500000000000102e-02,2.144969999999999932e-01,-2.730499999999999941e-02,-5.486100000000000004e-02,6.489599999999999536e-02,-1.643400000000000069e-02,8.679800000000000015e-02,7.179599999999999871e-02,9.978000000000000758e-03,-1.593500000000000125e-02,1.032300000000000058e-02,-2.098900000000000071e-02,3.535800000000000054e-02,-9.896299999999999542e-02,-7.870999999999999525e-03,5.069999999999999637e-04,-1.243400000000000061e-02,-2.232299999999999909e-02
2.190100000000000033e-02,1.865299999999999944e-02,8.021629999999999594e-01,7.614279999999999937e-01,-4.450899999999999995e-02,5.553299999999999903e-02,-6.443309999999999871e-01,-1.991080000000000072e-01,3.580559999999999854e-01,3.042449999999999877e-01,3.744500000000000051e-01,-1.352029999999999899e-01,-3.914200000000000318e-02,-1.487300000000000011e-01,-2.128420000000000034e-01,-5.299949999999999939e-01,3.218799999999999994e-01,-2.281599999999999948e-02,4.957000000000000295e-02,1.910969999999999891e-01,-1.640000000000000138e-02,-6.155700000000000061e-02,6.046399999999999691e-02,-1.786700000000000094e-02,9.933200000000000363e-02,6.750499999999999556e-02,1.020500000000000053e-02,-1.661100000000000076e-02,1.350200000000000011e-02,-1.671800000000000022e-02,4.420600000000000224e-02,-1.010780000000000012e-01,-1.462899999999999964e-02,1.819000000000000087e-03,-1.240499999999999936e-02,-1.848899999999999849e-02
1.961900000000000102e-02,1.588300000000000128e-02,8.028490000000000348e-01,7.581499999999999906e-01,-4.218399999999999928e-02,5.352400000000000213e-02,-6.485100000000000309e-01,-1.768619999999999914e-01,3.561130000000000129e-01,3.242680000000000007e-01,3.481069999999999998e-01,-1.275360000000000105e-01,-4.277600000000000152e-02,-1.271819999999999895e-01,-1.969110000000000027e-01,-5.179399999999999560e-01,2.684289999999999732e-01,-3.580999999999999982e-03,6.336600000000000565e-02,1.678099999999999870e-01,-5.446000000000000320e-03,-6.794300000000000339e-02,4.291699999999999682e-02,-1.318100000000000001e-02,1.053430000000000061e-01,5.892200000000000215e-02,9.005000000000000851e-03,-1.660800000000000123e-02,1.840699999999999975e-02,-1.947400000000000173e-02,4.922499999999999792e-02,-9.416499999999999870e-02,-2.635399999999999895e-02,3.295000000000000186e-03,-1.143500000000000072e-02,-1.349099999999999952e-02
1.724399999999999891e-02,1.293700000000000058e-02,8.039619999999999544e-01,7.540160000000000196e-01,-4.077599999999999975e-02,5.258899999999999686e-02,-6.534759999999999458e-01,-1.465229999999999866e-01,3.513539999999999996e-01,3.356169999999999987e-01,3.054220000000000268e-01,-1.130530000000000007e-01,-4.605700000000000072e-02,-1.147939999999999933e-01,-1.825799999999999923e-01,-4.943339999999999956e-01,2.349600000000000022e-01,1.625800000000000162e-02,7.387699999999999823e-02,1.386000000000000010e-01,8.925999999999999907e-03,-6.992199999999999804e-02,2.274699999999999986e-02,-2.946999999999999967e-03,8.860099999999999920e-02,4.049500000000000322e-02,6.571999999999999717e-03,-1.521600000000000036e-02,1.756399999999999975e-02,-1.994399999999999992e-02,4.272499999999999909e-02,-7.894700000000000328e-02,-2.667800000000000032e-02,3.318000000000000203e-03,-1.086999999999999945e-02,-1.227999999999999925e-02
1.488899999999999946e-02,9.872999999999999832e-03,8.050969999999999516e-01,7.498470000000000413e-01,-3.898700000000000082e-02,5.142000000000000043e-02,-6.584569999999999590e-01,-1.160719999999999946e-01,3.454130000000000256e-01,3.470869999999999789e-01,2.618989999999999929e-01,-9.805200000000000027e-02,-4.963100000000000150e-02,-1.033189999999999942e-01,-1.696650000000000102e-01,-4.701130000000000031e-01,2.034660000000000080e-01,3.506800000000000195e-02,8.437100000000000155e-02,1.095239999999999964e-01,2.214299999999999949e-02,-7.187899999999999845e-02,-1.018999999999999941e-02,1.238999999999999997e-02,6.506299999999999584e-02,1.566999999999999990e-02,2.883999999999999845e-03,-1.252699999999999994e-02,1.816500000000000059e-02,-2.359500000000000139e-02,3.343200000000000338e-02,-5.493399999999999672e-02,-3.067999999999999894e-02,3.157000000000000084e-03,-1.005799999999999923e-02,-9.419000000000000289e-03
1.254399999999999959e-02,6.716999999999999880e-03,8.061620000000000452e-01,7.455899999999999750e-01,-3.713899999999999840e-02,5.021400000000000169e-02,-6.634719999999999507e-01,-8.612799999999999623e-02,3.394240000000000035e-01,3.582650000000000001e-01,2.188620000000000010e-01,-8.329899999999999805e-02,-5.356000000000000344e-02,-9.200400000000000245e-02,-1.568940000000000057e-01,-4.455999999999999961e-01,1.723629999999999884e-01,5.359200000000000075e-02,9.463900000000000090e-02,8.069400000000000184e-02,3.515399999999999775e-02,-7.361700000000000188e-02,-5.483600000000000280e-02,3.182999999999999718e-02,3.579600000000000143e-02,-1.549000000000000030e-02,-2.161000000000000160e-03,-9.043000000000000690e-03,2.001299999999999954e-02,-2.870400000000000035e-02,2.178000000000000075e-02,-2.283900000000000166e-02,-3.810600000000000098e-02,2.971999999999999816e-03,-8.432000000000000259e-03,-4.917000000000000363e-03
9.298000000000000709e-03,4.506999999999999722e-03,8.073979999999999491e-01,7.422769999999999646e-01,-3.634400000000000130e-02,4.957700000000000301e-02,-6.672679999999999723e-01,-6.459299999999999764e-02,3.390230000000000188e-01,3.706949999999999967e-01,1.896700000000000053e-01,-6.406299999999999495e-02,-5.852600000000000163e-02,-9.213599999999999568e-02,-1.474650000000000127e-01,-4.165710000000000246e-01,1.692950000000000010e-01,6.090600000000000180e-02,9.669200000000000017e-02,5.963600000000000151e-02,4.847300000000000220e-02,-7.391499999999999460e-02,-8.190200000000000258e-02,5.057299999999999990e-02,3.327000000000000096e-03,-3.826600000000000140e-02,-6.115999999999999909e-03,-3.275999999999999832e-03,1.901100000000000012e-02,-3.968800000000000106e-02,-4.794999999999999783e-03,7.744000000000000015e-03,-4.021399999999999975e-02,2.926999999999999914e-03,-4.455999999999999892e-03,-9.039999999999999642e-04
6.093999999999999591e-03,2.226000000000000114e-03,8.085090000000000332e-01,7.388700000000000268e-01,-3.516299999999999981e-02,4.937500000000000222e-02,-6.711160000000000458e-01,-4.532499999999999724e-02,3.388180000000000081e-01,3.828779999999999961e-01,1.621420000000000083e-01,-4.548499999999999766e-02,-6.356199999999999350e-02,-9.459599999999999953e-02,-1.384350000000000025e-01,-3.872180000000000066e-01,1.685669999999999946e-01,6.741400000000000170e-02,9.905999999999999528e-02,3.921499999999999986e-02,6.212499999999999967e-02,-7.540499999999999980e-02,-1.154629999999999962e-01,6.948100000000000109e-02,-3.147699999999999804e-02,-6.666900000000000603e-02,-1.025200000000000070e-02,2.477000000000000035e-03,1.797199999999999839e-02,-4.705600000000000060e-02,-3.196800000000000336e-02,4.151300000000000129e-02,-4.370099999999999679e-02,2.817000000000000060e-03,-1.550000000000000000e-04,4.238999999999999713e-03
2.791000000000000078e-03,-1.219999999999999974e-04,8.097100000000000408e-01,7.354000000000000536e-01,-3.390800000000000064e-02,4.929100000000000148e-02,-6.749870000000000037e-01,-2.703900000000000053e-02,3.388650000000000273e-01,3.948269999999999835e-01,1.356569999999999998e-01,-2.730700000000000141e-02,-6.880300000000000304e-02,-9.741700000000000359e-02,-1.291980000000000073e-01,-3.578459999999999974e-01,1.680480000000000029e-01,7.384699999999999598e-02,1.013470000000000065e-01,1.915800000000000142e-02,7.585699999999999388e-02,-7.688799999999999801e-02,-1.528420000000000056e-01,8.785300000000000054e-02,-6.657599999999999629e-02,-1.003799999999999970e-01,-1.461699999999999978e-02,8.293999999999999290e-03,1.717300000000000076e-02,-4.908499999999999669e-02,-5.777600000000000097e-02,7.531599999999999406e-02,-4.719600000000000184e-02,2.296999999999999997e-03,4.092000000000000151e-03,1.023100000000000051e-02
-1.550000000000000000e-04,-2.903000000000000198e-03,8.102880000000000082e-01,7.309520000000000461e-01,-3.125000000000000000e-02,4.886000000000000065e-02,-6.799589999999999801e-01,-1.833399999999999960e-02,3.395219999999999905e-01,4.056299999999999906e-01,1.314710000000000045e-01,-1.783099999999999963e-02,-7.569099999999999440e-02,-1.019960000000000033e-01,-1.236190000000000067e-01,-3.284340000000000037e-01,1.675169999999999992e-01,7.309999999999999831e-02,1.027290000000000009e-01,3.674000000000000182e-03,8.774999999999999467e-02,-7.044699999999999573e-02,-1.679479999999999862e-01,9.600799999999999612e-02,-9.281899999999999873e-02,-1.275519999999999987e-01,-2.066899999999999987e-02,1.381399999999999989e-02,1.340799999999999978e-02,-6.733699999999999408e-02,-7.272800000000000098e-02,1.055579999999999991e-01,-3.936400000000000315e-02,1.523999999999999964e-03,1.026400000000000055e-02,1.938199999999999992e-02
-3.122000000000000209e-03,-5.636999999999999650e-03,8.109499999999999487e-01,7.264479999999999826e-01,-2.860299999999999995e-02,4.860199999999999937e-02,-6.849039999999999573e-01,-1.067700000000000073e-02,3.408619999999999983e-01,4.163999999999999924e-01,1.285650000000000126e-01,-8.982000000000000400e-03,-8.243899999999999839e-02,-1.069110000000000060e-01,-1.175660000000000038e-01,-2.988999999999999990e-01,1.671670000000000100e-01,7.263799999999999424e-02,1.041849999999999998e-01,-1.236600000000000026e-02,1.003010000000000013e-01,-6.402099999999999458e-02,-1.799399999999999888e-01,1.010039999999999966e-01,-1.141569999999999946e-01,-1.578809999999999936e-01,-2.582299999999999873e-02,1.837799999999999850e-02,8.985999999999999197e-03,-7.833400000000000085e-02,-8.298700000000000521e-02,1.307570000000000121e-01,-2.830699999999999883e-02,2.020000000000000040e-04,1.519500000000000017e-02,2.839799999999999963e-02
-6.029999999999999770e-03,-8.441999999999999851e-03,8.115360000000000351e-01,7.218970000000000109e-01,-2.594499999999999931e-02,4.834600000000000009e-02,-6.898220000000000462e-01,-3.314000000000000105e-03,3.423640000000000017e-01,4.270720000000000072e-01,1.259510000000000074e-01,-1.649999999999999991e-04,-8.917799999999999339e-02,-1.117049999999999987e-01,-1.113249999999999934e-01,-2.694300000000000028e-01,1.667140000000000011e-01,7.223300000000000554e-02,1.055449999999999999e-01,-2.842700000000000088e-02,1.128819999999999962e-01,-5.741399999999999976e-02,-1.862290000000000056e-01,1.017789999999999945e-01,-1.288160000000000138e-01,-1.906049999999999967e-01,-2.997400000000000064e-02,2.207399999999999987e-02,4.223000000000000191e-03,-8.042699999999999849e-02,-8.791499999999999315e-02,1.474020000000000052e-01,-1.399599999999999976e-02,-1.928000000000000026e-03,1.883200000000000152e-02,3.701399999999999829e-02
-1.072399999999999916e-02,-1.088399999999999958e-02,8.116449999999999498e-01,7.204700000000000548e-01,-2.473799999999999957e-02,4.781099999999999933e-02,-6.913930000000000353e-01,1.463000000000000108e-03,3.480010000000000048e-01,4.378029999999999977e-01,1.253229999999999900e-01,8.122000000000000747e-03,-9.366199999999999526e-02,-1.110669999999999991e-01,-1.044410000000000061e-01,-2.549390000000000267e-01,1.669200000000000128e-01,6.459700000000000164e-02,1.037430000000000019e-01,-4.831300000000000178e-02,1.243559999999999943e-01,-4.812999999999999917e-02,-1.675639999999999907e-01,1.064350000000000018e-01,-1.288719999999999866e-01,-1.790349999999999997e-01,-3.032100000000000073e-02,2.492899999999999977e-02,-5.969999999999999829e-04,-7.541200000000000681e-02,-9.098100000000000631e-02,1.499119999999999897e-01,-1.216000000000000067e-03,-3.944999999999999722e-03,1.983700000000000047e-02,3.696100000000000080e-02
-1.538199999999999984e-02,-1.332999999999999984e-02,8.118210000000000148e-01,7.190940000000000110e-01,-2.364600000000000035e-02,4.725100000000000133e-02,-6.929020000000000179e-01,6.304999999999999841e-03,3.537040000000000184e-01,4.482079999999999953e-01,1.248660000000000048e-01,1.584500000000000144e-02,-9.792199999999999516e-02,-1.100190000000000057e-01,-9.747699999999999421e-02,-2.408740000000000048e-01,1.669589999999999963e-01,5.675800000000000289e-02,1.016920000000000046e-01,-6.863299999999999956e-02,1.361080000000000068e-01,-3.834300000000000208e-02,-1.392889999999999961e-01,1.046860000000000013e-01,-1.202820000000000000e-01,-1.664360000000000006e-01,-2.831699999999999842e-02,2.515399999999999928e-02,-6.184000000000000261e-03,-6.158600000000000185e-02,-8.827999999999999736e-02,1.419140000000000124e-01,1.533400000000000041e-02,-6.462999999999999995e-03,1.961999999999999855e-02,3.595399999999999985e-02
-2.002699999999999966e-02,-1.579300000000000148e-02,8.119180000000000286e-01,7.177229999999999999e-01,-2.255100000000000160e-02,4.669399999999999940e-02,-6.943960000000000132e-01,1.113100000000000027e-02,3.593709999999999960e-01,4.586060000000000136e-01,1.244340000000000029e-01,2.353200000000000083e-02,-1.021529999999999938e-01,-1.088839999999999947e-01,-9.049400000000000499e-02,-2.268239999999999978e-01,1.669110000000000038e-01,4.894699999999999745e-02,9.962899999999999534e-02,-8.906000000000000028e-02,1.478379999999999972e-01,-2.819899999999999837e-02,-1.010149999999999937e-01,9.728299999999999448e-02,-1.041649999999999937e-01,-1.536119999999999985e-01,-2.431900000000000034e-02,2.418899999999999870e-02,-1.214900000000000008e-02,-3.955899999999999694e-02,-8.025000000000000189e-02,1.238650000000000029e-01,3.582300000000000068e-02,-9.620999999999999344e-03,1.814599999999999894e-02,3.428400000000000197e-02
-2.312099999999999919e-02,-1.889800000000000160e-02,8.115689999999999849e-01,7.130109999999999504e-01,-2.065900000000000028e-02,4.626799999999999663e-02,-6.993190000000000239e-01,1.958299999999999971e-02,3.607630000000000003e-01,4.617439999999999878e-01,1.241280000000000022e-01,2.520700000000000024e-02,-1.027249999999999969e-01,-1.110929999999999973e-01,-8.648400000000000531e-02,-2.169449999999999990e-01,1.676749999999999907e-01,3.973000000000000143e-02,9.928199999999999525e-02,-1.022430000000000005e-01,1.572439999999999949e-01,-1.564700000000000119e-02,-7.573399999999999577e-02,8.081800000000000095e-02,-7.106899999999999329e-02,-1.309780000000000111e-01,-2.028299999999999895e-02,2.125099999999999906e-02,-1.098499999999999997e-02,-2.616599999999999829e-02,-6.853199999999999570e-02,9.608400000000000274e-02,2.406099999999999905e-02,-6.973000000000000032e-03,1.331899999999999924e-02,2.917300000000000101e-02
-2.610099999999999920e-02,-2.192900000000000058e-02,8.111190000000000344e-01,7.082699999999999552e-01,-1.874899999999999831e-02,4.564700000000000008e-02,-7.042140000000000066e-01,2.809100000000000139e-02,3.616920000000000135e-01,4.648349999999999982e-01,1.239269999999999955e-01,2.667100000000000026e-02,-1.030750000000000000e-01,-1.131790000000000018e-01,-8.293899999999999884e-02,-2.076349999999999862e-01,1.685889999999999889e-01,3.007900000000000157e-02,9.774099999999999455e-02,-1.152170000000000000e-01,1.663189999999999946e-01,-2.102999999999999835e-03,-4.345799999999999663e-02,5.986799999999999761e-02,-3.435200000000000059e-02,-1.069439999999999974e-01,-1.542199999999999994e-02,1.764999999999999902e-02,-1.024000000000000084e-02,-7.324999999999999914e-03,-5.529400000000000287e-02,6.314000000000000168e-02,1.371200000000000023e-02,-4.166000000000000432e-03,9.282000000000000320e-03,2.401599999999999915e-02
-2.908399999999999874e-02,-2.503700000000000023e-02,8.107590000000000074e-01,7.034989999999999855e-01,-1.682300000000000115e-02,4.499000000000000221e-02,-7.090710000000000068e-01,3.659599999999999659e-02,3.625309999999999921e-01,4.679200000000000026e-01,1.237069999999999975e-01,2.813099999999999976e-02,-1.034120000000000039e-01,-1.152519999999999933e-01,-7.943699999999999373e-02,-1.983169999999999933e-01,1.695170000000000010e-01,2.040900000000000006e-02,9.615200000000000136e-02,-1.282320000000000126e-01,1.752080000000000026e-01,1.173699999999999917e-02,-4.854999999999999941e-03,3.546900000000000053e-02,2.527999999999999865e-03,-8.182000000000000384e-02,-9.806999999999999745e-03,1.409900000000000042e-02,-1.008099999999999968e-02,1.566899999999999890e-02,-4.119699999999999751e-02,2.898900000000000088e-02,5.510000000000000141e-03,-1.644999999999999978e-03,5.453000000000000382e-03,1.944099999999999995e-02
-3.196000000000000230e-02,-2.753699999999999898e-02,8.092300000000000049e-01,6.990060000000000162e-01,-1.458100000000000021e-02,4.464599999999999819e-02,-7.135719999999999841e-01,4.311799999999999661e-02,3.630470000000000086e-01,4.742129999999999956e-01,1.227300000000000058e-01,2.461999999999999952e-02,-9.541700000000000181e-02,-1.185780000000000028e-01,-7.709399999999999586e-02,-1.909289999999999876e-01,1.699420000000000097e-01,3.229000000000000099e-03,9.706800000000000150e-02,-1.413210000000000022e-01,1.839409999999999934e-01,2.731899999999999953e-02,3.377999999999999926e-03,2.035999999999999963e-02,2.225399999999999948e-02,-6.092000000000000193e-02,-6.857000000000000248e-03,8.571999999999999759e-03,-4.666000000000000009e-03,2.403200000000000128e-02,-2.214700000000000002e-02,7.054000000000000374e-03,5.721000000000000391e-03,-1.991000000000000148e-03,3.033999999999999805e-03,1.429300000000000015e-02
-3.482299999999999979e-02,-3.000500000000000042e-02,8.077260000000000550e-01,6.944949999999999735e-01,-1.239600000000000077e-02,4.406199999999999700e-02,-7.180400000000000116e-01,4.991500000000000103e-02,3.632779999999999898e-01,4.805119999999999947e-01,1.218090000000000006e-01,2.096800000000000053e-02,-8.699800000000000588e-02,-1.217889999999999945e-01,-7.485400000000000387e-02,-1.835710000000000119e-01,1.706739999999999924e-01,-1.394399999999999980e-02,9.785099999999999354e-02,-1.548990000000000089e-01,1.919939999999999980e-01,4.403900000000000176e-02,1.480399999999999945e-02,4.387000000000000274e-03,3.784499999999999670e-02,-3.911300000000000193e-02,-4.732000000000000095e-03,4.387000000000000274e-03,3.739999999999999835e-04,3.308300000000000129e-02,-4.164000000000000166e-03,-9.365999999999999326e-03,7.093999999999999612e-03,-2.214999999999999955e-03,1.410000000000000012e-03,1.076799999999999979e-02
-3.781999999999999945e-02,-3.244600000000000262e-02,8.061599999999999877e-01,6.899610000000000465e-01,-1.018600000000000061e-02,4.335100000000000064e-02,-7.224760000000000071e-01,5.687099999999999794e-02,3.632219999999999893e-01,4.867319999999999980e-01,1.208609999999999962e-01,1.733499999999999971e-02,-7.856200000000000683e-02,-1.249040000000000011e-01,-7.277699999999999447e-02,-1.761570000000000080e-01,1.714239999999999930e-01,-3.114899999999999960e-02,9.854799999999999671e-02,-1.686509999999999954e-01,1.996900000000000064e-01,6.104099999999999804e-02,2.922399999999999998e-02,-1.310000000000000053e-02,4.740199999999999969e-02,-1.532599999999999935e-02,-2.972999999999999948e-03,1.304000000000000038e-03,4.701999999999999583e-03,4.306299999999999711e-02,1.164300000000000057e-02,-1.823599999999999874e-02,8.056999999999999926e-03,-2.390999999999999896e-03,1.079000000000000098e-03,9.409999999999999962e-03
-4.105600000000000221e-02,-3.349400000000000294e-02,8.035769999999999857e-01,6.864050000000000429e-01,-7.957000000000000531e-03,4.254299999999999748e-02,-7.259309999999999929e-01,5.083900000000000224e-02,3.703040000000000220e-01,4.963080000000000269e-01,1.416840000000000044e-01,3.517000000000000161e-03,-6.822499999999999398e-02,-1.591279999999999917e-01,-7.495300000000000573e-02,-1.644309999999999938e-01,2.344710000000000127e-01,-6.492599999999999760e-02,9.382200000000000262e-02,-1.822419999999999873e-01,2.080319999999999947e-01,7.914000000000000201e-02,3.652199999999999891e-02,-1.497799999999999999e-02,5.010300000000000170e-02,-2.473300000000000151e-02,-4.275000000000000154e-03,-1.291999999999999963e-03,6.278999999999999859e-03,4.330400000000000221e-02,1.850999999999999868e-02,-1.397999999999999937e-02,-9.390000000000000777e-03,-2.390000000000000197e-03,-1.472999999999999917e-03,1.643599999999999922e-02
-4.445400000000000046e-02,-3.446500000000000258e-02,8.010890000000000510e-01,6.828779999999999850e-01,-4.845999999999999613e-03,4.183200000000000113e-02,-7.293180000000000218e-01,4.254399999999999848e-02,3.763070000000000026e-01,5.051780000000000159e-01,1.634430000000000049e-01,-1.078100000000000065e-02,-5.753400000000000181e-02,-1.980520000000000058e-01,-7.818500000000000449e-02,-1.517120000000000135e-01,3.035419999999999785e-01,-1.013610000000000066e-01,9.044900000000000162e-02,-1.962139999999999995e-01,2.152509999999999979e-01,9.598299999999999887e-02,4.687199999999999700e-02,-1.739100000000000021e-02,4.689900000000000319e-02,-3.290200000000000069e-02,-6.509000000000000029e-03,-1.487999999999999956e-03,7.429999999999999973e-03,4.425500000000000267e-02,2.413500000000000020e-02,-8.050000000000000515e-04,-2.926000000000000129e-02,-2.263999999999999953e-03,-2.129999999999999949e-03,2.624399999999999997e-02
-4.797099999999999975e-02,-3.559099999999999764e-02,7.985419999999999741e-01,6.793869999999999632e-01,-1.453999999999999997e-03,4.088300000000000267e-02,-7.326390000000000402e-01,3.397200000000000220e-02,3.814739999999999798e-01,5.137180000000000080e-01,1.854429999999999967e-01,-2.527599999999999986e-02,-4.665500000000000203e-02,-2.379060000000000064e-01,-8.172000000000000097e-02,-1.385629999999999917e-01,3.740990000000000149e-01,-1.385369999999999935e-01,8.731999999999999484e-02,-2.103579999999999894e-01,2.215870000000000062e-01,1.126619999999999983e-01,6.095500000000000224e-02,-2.199800000000000019e-02,3.862600000000000061e-02,-3.688400000000000012e-02,-8.996999999999999789e-03,-8.919999999999999978e-04,8.236000000000000265e-03,4.677900000000000114e-02,2.962199999999999903e-02,2.045800000000000049e-02,-5.112699999999999884e-02,-2.409000000000000117e-03,-1.595000000000000064e-03,3.895499999999999657e-02
-5.092100000000000098e-02,-3.599999999999999728e-02,7.942150000000000043e-01,6.769680000000000142e-01,4.414000000000000389e-03,3.968800000000000106e-02,-7.349290000000000544e-01,5.531000000000000326e-03,3.908739999999999992e-01,5.140240000000000364e-01,2.417719999999999869e-01,-5.254400000000000043e-02,-4.070800000000000113e-02,-2.831170000000000075e-01,-9.054299999999999848e-02,-1.258090000000000042e-01,4.472030000000000172e-01,-1.720049999999999912e-01,8.512400000000000522e-02,-2.187860000000000082e-01,2.214700000000000002e-01,1.244299999999999989e-01,6.701699999999999324e-02,-2.297499999999999890e-02,2.595499999999999891e-02,-7.669999999999999735e-03,-6.231999999999999693e-03,1.650999999999999907e-03,7.048999999999999710e-03,4.867199999999999999e-02,2.775599999999999942e-02,4.835199999999999915e-02,-6.362700000000000300e-02,-7.707000000000000309e-03,1.629999999999999939e-03,5.262399999999999717e-02
-5.393400000000000277e-02,-3.648699999999999860e-02,7.900549999999999518e-01,6.745149999999999757e-01,1.061199999999999991e-02,3.873900000000000260e-02,-7.371680000000000454e-01,-2.603000000000000105e-02,4.008959999999999746e-01,5.132060000000000510e-01,3.023120000000000251e-01,-8.191500000000000170e-02,-3.475299999999999917e-02,-3.291499999999999981e-01,-9.840799999999999548e-02,-1.128839999999999982e-01,5.198920000000000208e-01,-2.052130000000000065e-01,8.260699999999999987e-02,-2.268870000000000053e-01,2.214319999999999899e-01,1.353669999999999873e-01,7.845000000000000584e-02,-2.771500000000000005e-02,1.090900000000000029e-02,2.893799999999999845e-02,-2.906999999999999862e-03,3.370000000000000166e-03,6.063999999999999946e-03,5.336599999999999677e-02,2.813699999999999882e-02,8.226400000000000379e-02,-7.688300000000000689e-02,-1.372199999999999982e-02,5.375999999999999703e-03,6.919200000000000350e-02
-5.703799999999999842e-02,-3.704699999999999660e-02,7.859540000000000415e-01,6.720140000000000002e-01,1.674799999999999900e-02,3.782599999999999851e-02,-7.393819999999999837e-01,-5.911799999999999694e-02,4.114329999999999932e-01,5.115579999999999572e-01,3.657960000000000100e-01,-1.127859999999999974e-01,-2.885000000000000064e-02,-3.749770000000000048e-01,-1.050949999999999940e-01,-9.974399999999999933e-02,5.921070000000000499e-01,-2.382309999999999983e-01,8.022200000000000164e-02,-2.349779999999999924e-01,2.215580000000000049e-01,1.464999999999999913e-01,9.605900000000000549e-02,-3.587300000000000211e-02,-5.664999999999999897e-03,7.272599999999999898e-02,1.061000000000000094e-03,4.823000000000000030e-03,5.487999999999999823e-03,6.129300000000000026e-02,3.160999999999999921e-02,1.216249999999999970e-01,-9.001099999999999379e-02,-2.046399999999999955e-02,9.658999999999999184e-03,8.839299999999999935e-02
-6.112700000000000078e-02,-3.689499999999999724e-02,7.796330000000000204e-01,6.669869999999999965e-01,2.416700000000000098e-02,3.731299999999999895e-02,-7.437420000000000142e-01,-9.985700000000000132e-02,4.246679999999999899e-01,4.967070000000000096e-01,4.405390000000000139e-01,-1.312820000000000098e-01,-1.221299999999999990e-02,-4.243160000000000265e-01,-1.074679999999999941e-01,-8.338900000000000479e-02,6.596800000000000441e-01,-2.683989999999999987e-01,7.520899999999999808e-02,-2.320270000000000110e-01,2.166410000000000002e-01,1.564079999999999915e-01,9.837400000000000311e-02,-3.225999999999999701e-02,-1.229399999999999937e-02,7.824000000000000399e-02,1.283999999999999985e-03,3.706999999999999792e-03,2.661999999999999870e-03,6.931700000000000361e-02,3.245200000000000168e-02,1.301380000000000037e-01,-2.779300000000000173e-02,-2.469599999999999920e-02,1.503799999999999928e-02,8.124699999999999978e-02
-6.526999999999999469e-02,-3.654700000000000309e-02,7.733090000000000241e-01,6.616410000000000347e-01,3.152400000000000341e-02,3.699700000000000211e-02,-7.482440000000000202e-01,-1.434300000000000019e-01,4.388900000000000023e-01,4.805849999999999844e-01,5.196389999999999620e-01,-1.517409999999999870e-01,3.821000000000000178e-03,-4.747489999999999766e-01,-1.076450000000000046e-01,-6.673400000000000165e-02,7.280999999999999694e-01,-2.986530000000000018e-01,6.997299999999999354e-02,-2.282270000000000132e-01,2.116099999999999925e-01,1.668149999999999911e-01,1.062639999999999973e-01,-2.988400000000000084e-02,-2.103700000000000014e-02,8.952799999999999647e-02,1.201000000000000028e-03,3.673000000000000050e-03,-4.339999999999999782e-04,7.900799999999999490e-02,3.839299999999999657e-02,1.426379999999999870e-01,4.085300000000000042e-02,-2.841300000000000076e-02,1.760099999999999859e-02,7.556799999999999629e-02
-6.949500000000000122e-02,-3.613700000000000245e-02,7.668739999999999446e-01,6.559979999999999700e-01,3.864100000000000174e-02,3.681799999999999656e-02,-7.528730000000000144e-01,-1.887179999999999969e-01,4.536600000000000077e-01,4.633289999999999909e-01,6.018029999999999768e-01,-1.737009999999999943e-01,1.921499999999999944e-02,-5.255039999999999711e-01,-1.057379999999999987e-01,-5.015200000000000213e-02,7.971279999999999477e-01,-3.290379999999999971e-01,6.468599999999999350e-02,-2.239359999999999962e-01,2.070130000000000026e-01,1.777029999999999998e-01,1.198639999999999983e-01,-3.025100000000000011e-02,-3.200599999999999973e-02,1.084460000000000007e-01,1.698000000000000074e-03,3.542000000000000010e-03,-3.749000000000000162e-03,9.133199999999999652e-02,4.796999999999999875e-02,1.592409999999999937e-01,1.140359999999999985e-01,-3.135099999999999693e-02,2.035000000000000003e-02,7.065699999999999759e-02
-7.147399999999999587e-02,-3.446300000000000058e-02,7.613370000000000415e-01,6.498450000000000060e-01,4.556199999999999833e-02,3.480099999999999860e-02,-7.579019999999999646e-01,-2.487800000000000011e-01,4.623849999999999905e-01,4.359910000000000174e-01,7.037229999999999874e-01,-1.826309999999999878e-01,1.926699999999999940e-02,-5.665799999999999725e-01,-1.083879999999999982e-01,-3.480699999999999766e-02,8.456439999999999513e-01,-3.459840000000000138e-01,5.988500000000000073e-02,-2.230979999999999908e-01,2.010850000000000137e-01,1.847370000000000123e-01,1.135710000000000053e-01,-3.644499999999999823e-02,-3.094699999999999881e-02,9.656700000000000006e-02,1.489000000000000089e-03,1.954000000000000008e-03,-4.728000000000000431e-03,9.805600000000000427e-02,6.958999999999999908e-02,1.250570000000000015e-01,1.213660000000000017e-01,-1.568999999999999909e-02,1.543600000000000007e-02,4.606699999999999684e-02
-7.345699999999999452e-02,-3.259000000000000091e-02,7.554490000000000371e-01,6.432480000000000420e-01,5.210599999999999954e-02,3.300000000000000155e-02,-7.631689999999999863e-01,-3.108699999999999797e-01,4.707729999999999970e-01,4.074809999999999821e-01,8.086130000000000262e-01,-1.932470000000000021e-01,1.742300000000000099e-02,-6.083889999999999576e-01,-1.083479999999999999e-01,-1.874599999999999878e-02,8.950719999999999787e-01,-3.631869999999999821e-01,5.596500000000000086e-02,-2.206279999999999908e-01,1.959619999999999973e-01,1.929460000000000064e-01,1.106339999999999962e-01,-4.346300000000000163e-02,-3.345499999999999863e-02,8.822399999999999687e-02,6.470000000000000057e-04,1.941999999999999933e-03,-6.301000000000000177e-03,1.091180000000000067e-01,9.281399999999999373e-02,9.153400000000000425e-02,1.316330000000000000e-01,-1.330000000000000073e-04,1.210800000000000071e-02,2.097999999999999865e-02
-7.525099999999999845e-02,-3.052799999999999958e-02,7.494269999999999543e-01,6.363060000000000382e-01,5.851499999999999757e-02,3.114199999999999954e-02,-7.685840000000000449e-01,-3.738900000000000001e-01,4.773609999999999798e-01,3.783900000000000041e-01,9.146149999999999558e-01,-2.047740000000000116e-01,1.374599999999999954e-02,-6.508939999999999726e-01,-1.068439999999999945e-01,-2.589999999999999854e-03,9.457280000000000131e-01,-3.806329999999999991e-01,5.213500000000000079e-02,-2.178009999999999946e-01,1.909720000000000029e-01,2.014549999999999952e-01,1.116209999999999980e-01,-5.177899999999999864e-02,-3.832300000000000290e-02,8.388500000000000123e-02,-1.100000000000000039e-04,1.884000000000000041e-03,-8.541999999999999246e-03,1.243960000000000066e-01,1.193619999999999959e-01,5.807400000000000062e-02,1.482269999999999976e-01,1.495400000000000028e-02,8.219000000000000611e-03,-5.530000000000000193e-03
-7.896599999999999453e-02,-2.811800000000000063e-02,7.463680000000000314e-01,6.305610000000000381e-01,6.325200000000000267e-02,2.702799999999999994e-02,-7.730860000000000509e-01,-4.237290000000000223e-01,4.736159999999999815e-01,3.405179999999999874e-01,1.023824999999999985e+00,-2.183340000000000003e-01,2.651999999999999844e-03,-6.753609999999999891e-01,-1.029709999999999931e-01,1.191399999999999924e-02,9.744000000000000439e-01,-3.862959999999999727e-01,4.743499999999999800e-02,-2.165040000000000020e-01,1.785039999999999960e-01,1.950830000000000064e-01,1.022610000000000047e-01,-4.619199999999999695e-02,-3.236699999999999994e-02,5.959600000000000314e-02,6.689999999999999983e-04,-3.989999999999999949e-04,-9.886999999999999955e-03,1.171510000000000051e-01,9.962000000000000022e-02,2.534600000000000047e-02,1.164189999999999947e-01,1.081299999999999970e-02,5.146999999999999666e-03,-8.212000000000000549e-03
-8.242099999999999427e-02,-2.553300000000000014e-02,7.429679999999999618e-01,6.247420000000000195e-01,6.751400000000000456e-02,2.269499999999999990e-02,-7.775760000000000449e-01,-4.729869999999999908e-01,4.670929999999999804e-01,3.029339999999999811e-01,1.133667999999999898e+00,-2.328369999999999884e-01,-1.022900000000000025e-02,-6.996470000000000189e-01,-9.891900000000000692e-02,2.573699999999999946e-02,1.004143000000000008e+00,-3.923200000000000021e-01,4.134999999999999787e-02,-2.155239999999999934e-01,1.666330000000000033e-01,1.912979999999999958e-01,9.450300000000000367e-02,-3.959599999999999925e-02,-2.733700000000000019e-02,3.317300000000000110e-02,6.679999999999999740e-04,-1.199999999999999895e-03,-1.220300000000000031e-02,1.165500000000000008e-01,8.006199999999999428e-02,-1.176800000000000068e-02,8.700099999999999500e-02,6.429999999999999952e-03,4.198000000000000342e-03,-1.372400000000000009e-02
-8.570200000000000040e-02,-2.283400000000000013e-02,7.394260000000000277e-01,6.189710000000000489e-01,7.184500000000000608e-02,1.821599999999999955e-02,-7.819089999999999652e-01,-5.221259999999999790e-01,4.568760000000000043e-01,2.661240000000000272e-01,1.243509999999999893e+00,-2.479629999999999890e-01,-2.484199999999999950e-02,-7.248360000000000358e-01,-9.508400000000000185e-02,3.955999999999999794e-02,1.035182000000000047e+00,-3.987149999999999861e-01,3.552099999999999702e-02,-2.151889999999999914e-01,1.544439999999999980e-01,1.879450000000000010e-01,8.907700000000000340e-02,-3.221500000000000058e-02,-2.253499999999999948e-02,4.491000000000000200e-03,3.069999999999999812e-04,-2.063999999999999863e-03,-1.520099999999999923e-02,1.223090000000000011e-01,6.240600000000000314e-02,-5.576199999999999907e-02,6.150800000000000017e-02,1.628000000000000107e-03,3.186000000000000030e-03,-2.307199999999999876e-02
-8.784899999999999654e-02,-2.202600000000000044e-02,7.390250000000000430e-01,6.157519999999999660e-01,7.608700000000000185e-02,1.396900000000000051e-02,-7.841339999999999977e-01,-5.586219999999999519e-01,4.537280000000000202e-01,2.519029999999999880e-01,1.338513000000000064e+00,-2.684289999999999732e-01,-3.259800000000000197e-02,-7.340170000000000305e-01,-9.787400000000000266e-02,4.944500000000000284e-02,1.043700000000000072e+00,-4.022669999999999857e-01,3.285500000000000226e-02,-2.168190000000000117e-01,1.417559999999999931e-01,1.766770000000000007e-01,7.801700000000000301e-02,-2.902199999999999919e-02,-1.590199999999999947e-02,-2.162800000000000139e-02,-7.190000000000000210e-03,-1.459999999999999926e-03,-1.271000000000000081e-02,1.148369999999999946e-01,4.751400000000000068e-02,-8.636499999999999733e-02,5.528899999999999787e-02,3.040000000000000167e-04,3.624000000000000051e-03,-3.075500000000000109e-02
-8.981899999999999606e-02,-2.116600000000000079e-02,7.387690000000000090e-01,6.126629999999999576e-01,7.991499999999999992e-02,9.102999999999999980e-03,-7.862409999999999677e-01,-5.925270000000000259e-01,4.486970000000000125e-01,2.395349999999999979e-01,1.431894000000000000e+00,-2.885960000000000192e-01,-4.027399999999999730e-02,-7.413910000000000222e-01,-1.014599999999999946e-01,5.960300000000000320e-02,1.051393000000000022e+00,-4.051739999999999786e-01,3.055000000000000077e-02,-2.207250000000000045e-01,1.288439999999999863e-01,1.674140000000000073e-01,6.851699999999999458e-02,-2.533099999999999935e-02,-6.687000000000000235e-03,-5.255599999999999855e-02,-1.477200000000000041e-02,-1.642000000000000013e-03,-1.028100000000000021e-02,1.073999999999999955e-01,3.501599999999999852e-02,-1.239600000000000007e-01,5.263400000000000023e-02,-1.036999999999999944e-03,2.128999999999999816e-03,-4.357099999999999862e-02
-9.173699999999999910e-02,-2.026800000000000129e-02,7.385249999999999870e-01,6.097369999999999735e-01,8.369100000000000150e-02,4.023999999999999799e-03,-7.881629999999999470e-01,-6.257789999999999742e-01,4.421829999999999927e-01,2.282790000000000097e-01,1.524879000000000095e+00,-3.089580000000000104e-01,-4.818000000000000060e-02,-7.487660000000000426e-01,-1.055600000000000011e-01,6.975599999999999856e-02,1.059563999999999950e+00,-4.082770000000000010e-01,2.835000000000000020e-02,-2.258590000000000042e-01,1.156480000000000008e-01,1.586180000000000090e-01,6.007300000000000140e-02,-2.067899999999999947e-02,4.478000000000000209e-03,-8.981400000000000494e-02,-2.265700000000000006e-02,-2.302999999999999926e-03,-8.087999999999999703e-03,1.007659999999999945e-01,2.394500000000000101e-02,-1.710299999999999876e-01,5.008800000000000058e-02,-2.765000000000000097e-03,-4.459999999999999989e-04,-6.143499999999999656e-02
-9.333900000000000530e-02,-2.155200000000000171e-02,7.401119999999999921e-01,6.088339999999999863e-01,8.822299999999999587e-02,5.349999999999999938e-04,-7.883759999999999657e-01,-6.362349999999999950e-01,4.355029999999999735e-01,2.211130000000000040e-01,1.571356999999999893e+00,-3.184080000000000243e-01,-5.979799999999999699e-02,-7.482649999999999579e-01,-1.119389999999999968e-01,7.864599999999999369e-02,1.055271000000000070e+00,-4.108979999999999855e-01,2.854200000000000140e-02,-2.361489999999999978e-01,1.102790000000000020e-01,1.468240000000000101e-01,7.494699999999999973e-02,-1.861099999999999907e-02,9.242999999999999480e-03,-7.928899999999999837e-02,-2.187000000000000055e-02,6.040000000000000447e-04,-8.392000000000000154e-03,1.113380000000000064e-01,3.769200000000000328e-02,-1.721799999999999997e-01,4.505800000000000083e-02,-7.269999999999999987e-04,-1.977000000000000025e-03,-5.879399999999999904e-02
-9.492599999999999649e-02,-2.302799999999999986e-02,7.420870000000000521e-01,6.082560000000000189e-01,9.272299999999999986e-02,-3.615999999999999857e-03,-7.882980000000000542e-01,-6.442780000000000173e-01,4.266980000000000217e-01,2.158730000000000093e-01,1.615552000000000099e+00,-3.273380000000000178e-01,-7.091400000000000481e-02,-7.456880000000000175e-01,-1.201789999999999942e-01,8.790399999999999603e-02,1.049369999999999914e+00,-4.132069999999999910e-01,2.956299999999999900e-02,-2.490279999999999994e-01,1.043309999999999932e-01,1.344470000000000109e-01,9.203799999999999482e-02,-1.695100000000000079e-02,1.738900000000000168e-02,-7.069999999999999896e-02,-1.939199999999999952e-02,-5.770000000000000389e-04,-9.846000000000000585e-03,1.209709999999999952e-01,5.358899999999999775e-02,-1.815859999999999974e-01,3.872500000000000248e-02,5.199999999999999680e-05,-5.130000000000000011e-03,-6.066400000000000264e-02
-9.644999999999999407e-02,-2.448799999999999935e-02,7.440959999999999797e-01,6.077989999999999782e-01,9.720900000000000374e-02,-7.990999999999999839e-03,-7.880779999999999452e-01,-6.518890000000000517e-01,4.171039999999999748e-01,2.115450000000000108e-01,1.659435999999999911e+00,-3.363280000000000158e-01,-8.189699999999999758e-02,-7.428420000000000023e-01,-1.290429999999999910e-01,9.730500000000000260e-02,1.043395000000000072e+00,-4.155389999999999917e-01,3.077299999999999827e-02,-2.627309999999999923e-01,9.810299999999999576e-02,1.222079999999999972e-01,1.089799999999999935e-01,-1.395399999999999939e-02,2.698199999999999904e-02,-6.749299999999999744e-02,-1.720800000000000107e-02,-1.905999999999999925e-03,-1.120099999999999915e-02,1.287280000000000091e-01,6.934800000000000686e-02,-1.993030000000000079e-01,2.891000000000000167e-02,6.070000000000000092e-04,-8.855999999999999289e-03,-6.733999999999999708e-02
-9.586500000000000576e-02,-2.757000000000000076e-02,7.476620000000000488e-01,6.081509999999999971e-01,1.004690000000000027e-01,-9.794000000000000622e-03,-7.873769999999999936e-01,-6.450240000000000418e-01,4.118419999999999859e-01,2.034650000000000070e-01,1.649539000000000089e+00,-3.403939999999999744e-01,-9.232600000000000529e-02,-7.332119999999999749e-01,-1.386920000000000097e-01,1.026699999999999974e-01,1.025676000000000032e+00,-4.107529999999999792e-01,3.271600000000000202e-02,-2.782020000000000048e-01,9.390400000000000136e-02,1.080080000000000068e-01,1.314589999999999925e-01,-1.833800000000000013e-02,3.124700000000000047e-02,-4.649699999999999667e-02,-1.365800000000000000e-02,-2.236000000000000140e-03,-1.156699999999999916e-02,1.409880000000000022e-01,6.759900000000000631e-02,-1.792110000000000092e-01,3.752199999999999980e-02,-5.263000000000000317e-03,-7.677999999999999929e-03,-5.300599999999999756e-02
-9.515500000000000347e-02,-3.075400000000000009e-02,7.514629999999999921e-01,6.085059999999999913e-01,1.033710000000000045e-01,-1.188099999999999920e-02,-7.866980000000000084e-01,-6.363830000000000320e-01,4.063899999999999735e-01,1.959919999999999995e-01,1.638716999999999979e+00,-3.445860000000000034e-01,-1.024250000000000022e-01,-7.218569999999999709e-01,-1.488839999999999886e-01,1.076109999999999983e-01,1.006618999999999930e+00,-4.055079999999999796e-01,3.654299999999999909e-02,-2.940380000000000216e-01,9.098199999999999343e-02,9.473800000000000276e-02,1.539149999999999963e-01,-2.260799999999999962e-02,3.768200000000000022e-02,-2.640999999999999945e-02,-9.421999999999999820e-03,-3.889000000000000096e-03,-1.194300000000000049e-02,1.458740000000000037e-01,6.489300000000000623e-02,-1.600459999999999938e-01,4.389099999999999946e-02,-1.103600000000000067e-02,-8.500000000000000611e-03,-4.122800000000000076e-02
-9.666600000000000192e-02,-3.625400000000000150e-02,7.544149999999999467e-01,6.089590000000000281e-01,1.045009999999999967e-01,-1.329699999999999979e-02,-7.861749999999999572e-01,-6.221499999999999808e-01,4.024940000000000184e-01,1.788190000000000057e-01,1.629861000000000004e+00,-3.552339999999999942e-01,-1.214200000000000002e-01,-7.071939999999999893e-01,-1.550570000000000004e-01,1.071890000000000065e-01,9.979379999999999917e-01,-4.115260000000000029e-01,3.694900000000000267e-02,-3.046760000000000024e-01,9.321999999999999731e-02,8.302900000000000558e-02,1.739640000000000075e-01,-1.757999999999999841e-02,4.801799999999999818e-02,-2.402299999999999922e-02,-1.168899999999999974e-02,-2.880000000000000181e-03,-1.751899999999999985e-02,1.517100000000000115e-01,4.946199999999999902e-02,-1.445879999999999943e-01,3.853199999999999681e-02,-1.568100000000000049e-02,-1.071100000000000003e-02,-3.216499999999999915e-02
-9.371799999999999575e-02,-3.688299999999999912e-02,7.602280000000000149e-01,6.099040000000000017e-01,1.076180000000000053e-01,-1.456200000000000029e-02,-7.849990000000000023e-01,-6.029980000000000340e-01,3.961759999999999726e-01,1.841210000000000069e-01,1.580456000000000083e+00,-3.358579999999999899e-01,-1.240649999999999947e-01,-6.900629999999999820e-01,-1.685180000000000011e-01,1.094799999999999940e-01,9.532800000000000162e-01,-3.912959999999999772e-01,4.390000000000000152e-02,-3.239230000000000165e-01,9.455900000000000416e-02,7.213600000000000567e-02,1.979829999999999923e-01,-2.583600000000000133e-02,6.077400000000000163e-02,1.186300000000000028e-02,-2.620000000000000258e-04,-6.967000000000000103e-03,-9.381999999999999715e-03,1.688780000000000003e-01,6.867700000000000193e-02,-1.496679999999999955e-01,4.233499999999999763e-02,-1.617599999999999941e-02,-1.285200000000000058e-02,-2.767199999999999868e-02
-9.510799999999999810e-02,-4.230500000000000232e-02,7.644589999999999996e-01,6.110440000000000316e-01,1.075610000000000038e-01,-1.470400000000000006e-02,-7.841169999999999529e-01,-5.722530000000000117e-01,3.927930000000000033e-01,1.723200000000000010e-01,1.534394000000000036e+00,-3.292349999999999999e-01,-1.427670000000000050e-01,-6.671129999999999560e-01,-1.744739999999999902e-01,1.025220000000000020e-01,9.300380000000000313e-01,-3.939869999999999761e-01,4.390100000000000252e-02,-3.323280000000000123e-01,1.040819999999999940e-01,6.301099999999999757e-02,2.170179999999999887e-01,-1.760700000000000112e-02,7.838699999999999835e-02,1.862400000000000166e-02,-9.870000000000000301e-04,-7.105000000000000204e-03,-1.178900000000000087e-02,1.985560000000000103e-01,6.035800000000000193e-02,-1.614589999999999914e-01,2.554500000000000173e-02,-1.612699999999999897e-02,-1.670900000000000163e-02,-2.454100000000000031e-02
-9.457200000000000328e-02,-4.529999999999999999e-02,7.695600000000000218e-01,6.120440000000000325e-01,1.086659999999999987e-01,-1.564000000000000112e-02,-7.831660000000000288e-01,-5.455670000000000242e-01,3.885279999999999845e-01,1.683499999999999996e-01,1.486048000000000036e+00,-3.163300000000000001e-01,-1.539200000000000013e-01,-6.455779999999999852e-01,-1.832870000000000055e-01,9.924600000000000088e-02,8.960930000000000284e-01,-3.857260000000000133e-01,4.637100000000000249e-02,-3.449539999999999829e-01,1.078729999999999967e-01,5.365799999999999736e-02,2.355589999999999906e-01,-1.433399999999999952e-02,8.944100000000000661e-02,4.259099999999999692e-02,4.759000000000000209e-03,-7.865000000000000463e-03,-8.826000000000000512e-03,2.193829999999999947e-01,5.834999999999999909e-02,-1.704009999999999969e-01,9.128000000000000697e-03,-1.659400000000000111e-02,-1.975100000000000119e-02,-2.035199999999999856e-02
-9.393100000000000060e-02,-4.852700000000000069e-02,7.745689999999999520e-01,6.143750000000000044e-01,1.107260000000000050e-01,-1.346400000000000027e-02,-7.810899999999999510e-01,-5.015749999999999931e-01,3.918789999999999774e-01,1.784550000000000025e-01,1.378376999999999963e+00,-2.955920000000000214e-01,-1.519739999999999980e-01,-6.243229999999999613e-01,-1.915939999999999865e-01,8.993099999999999705e-02,8.525869999999999838e-01,-3.732480000000000242e-01,4.974300000000000249e-02,-3.501719999999999833e-01,1.184970000000000051e-01,4.279600000000000071e-02,2.530959999999999877e-01,-2.022799999999999945e-02,1.016920000000000046e-01,3.661199999999999871e-02,3.040000000000000167e-03,-1.059599999999999952e-02,-7.071000000000000028e-03,2.429989999999999928e-01,7.507199999999999984e-02,-1.855509999999999937e-01,1.820099999999999843e-02,-1.681399999999999909e-02,-1.924899999999999875e-02,-1.984299999999999953e-02
-9.320599999999999719e-02,-5.159099999999999797e-02,7.800740000000000451e-01,6.168890000000000207e-01,1.127559999999999951e-01,-1.202199999999999970e-02,-7.788389999999999480e-01,-4.548110000000000208e-01,3.931069999999999842e-01,1.906229999999999869e-01,1.268189999999999928e+00,-2.740529999999999911e-01,-1.495940000000000047e-01,-6.007149999999999990e-01,-2.007240000000000135e-01,8.103899999999999992e-02,8.068290000000000184e-01,-3.602989999999999804e-01,5.279899999999999871e-02,-3.563569999999999793e-01,1.282389999999999919e-01,3.246799999999999686e-02,2.653599999999999848e-01,-2.238400000000000112e-02,1.113630000000000037e-01,3.249099999999999905e-02,1.941999999999999933e-03,-1.161599999999999959e-02,-5.124000000000000082e-03,2.590850000000000097e-01,8.789700000000000291e-02,-1.940830000000000055e-01,2.473799999999999957e-02,-1.721100000000000060e-02,-1.981700000000000128e-02,-1.768799999999999886e-02
-9.240400000000000003e-02,-5.451099999999999696e-02,7.855980000000000185e-01,6.195720000000000116e-01,1.148409999999999986e-01,-1.082699999999999982e-02,-7.764180000000000526e-01,-4.075219999999999954e-01,3.928849999999999842e-01,2.034040000000000015e-01,1.157713999999999910e+00,-2.527139999999999942e-01,-1.471880000000000133e-01,-5.770539999999999559e-01,-2.102430000000000132e-01,7.177600000000000646e-02,7.614750000000000130e-01,-3.474519999999999831e-01,5.601799999999999835e-02,-3.631619999999999848e-01,1.375490000000000046e-01,2.249999999999999917e-02,2.690429999999999766e-01,-2.154599999999999918e-02,1.170260000000000050e-01,3.203299999999999897e-02,1.918000000000000000e-03,-1.221200000000000063e-02,-2.805999999999999901e-03,2.661589999999999789e-01,9.545199999999999518e-02,-1.949190000000000089e-01,2.743900000000000158e-02,-1.726199999999999957e-02,-2.037399999999999975e-02,-1.400999999999999988e-02
-9.065299999999999747e-02,-5.554900000000000115e-02,7.920800000000000063e-01,6.219689999999999941e-01,1.187900000000000067e-01,-1.001499999999999960e-02,-7.739139999999999908e-01,-3.601590000000000069e-01,3.776070000000000260e-01,2.167580000000000062e-01,1.002936000000000050e+00,-2.070180000000000076e-01,-1.487350000000000061e-01,-5.518290000000000139e-01,-2.233709999999999862e-01,6.168900000000000078e-02,6.968590000000000062e-01,-3.142820000000000058e-01,5.918600000000000250e-02,-3.700169999999999848e-01,1.387670000000000015e-01,1.276300000000000004e-02,2.615219999999999767e-01,-3.284000000000000113e-02,1.147019999999999984e-01,4.016900000000000331e-02,7.594000000000000056e-03,-1.495100000000000075e-02,1.338999999999999913e-03,2.510959999999999859e-01,1.100669999999999982e-01,-1.842340000000000089e-01,4.710400000000000004e-02,-1.729999999999999941e-02,-1.994800000000000045e-02,-1.336700000000000041e-02
-8.926099999999999313e-02,-5.884000000000000341e-02,7.969349999999999490e-01,6.238569999999999949e-01,1.203229999999999994e-01,-7.966000000000000858e-03,-7.721799999999999775e-01,-3.093440000000000079e-01,3.681429999999999980e-01,2.249740000000000073e-01,8.572629999999999972e-01,-1.720750000000000057e-01,-1.545650000000000079e-01,-5.273919999999999719e-01,-2.305719999999999992e-01,5.027500000000000024e-02,6.489300000000000068e-01,-2.944479999999999875e-01,6.290999999999999370e-02,-3.706099999999999950e-01,1.460309999999999941e-01,5.158000000000000258e-03,2.394290000000000029e-01,-3.341700000000000226e-02,1.107090000000000019e-01,3.547499999999999959e-02,7.394999999999999664e-03,-1.453499999999999931e-02,-1.389999999999999905e-04,2.306420000000000137e-01,1.056470000000000048e-01,-1.648670000000000135e-01,5.389700000000000046e-02,-1.680399999999999949e-02,-1.988799999999999943e-02,-1.103499999999999967e-02
-8.756899999999999407e-02,-6.213799999999999879e-02,8.014590000000000325e-01,6.254610000000000447e-01,1.213010000000000060e-01,-5.098000000000000101e-03,-7.707519999999999927e-01,-2.601029999999999731e-01,3.608390000000000208e-01,2.319970000000000088e-01,7.151440000000000019e-01,-1.393890000000000129e-01,-1.608459999999999890e-01,-5.041790000000000438e-01,-2.350899999999999934e-01,3.846299999999999719e-02,6.031800000000000495e-01,-2.754320000000000102e-01,6.665300000000000391e-02,-3.699959999999999916e-01,1.552109999999999879e-01,-1.467999999999999904e-03,2.017400000000000027e-01,-3.118500000000000091e-02,1.008919999999999956e-01,3.197900000000000048e-02,7.520999999999999908e-03,-1.281000000000000021e-02,-1.231000000000000106e-03,1.967500000000000082e-01,9.415700000000000458e-02,-1.343660000000000132e-01,5.638300000000000256e-02,-1.550799999999999922e-02,-1.873599999999999918e-02,-6.765000000000000180e-03
-8.376899999999999624e-02,-6.606599999999999973e-02,8.027450000000000419e-01,6.242999999999999661e-01,1.198140000000000038e-01,5.199999999999999680e-05,-7.719409999999999883e-01,-2.169030000000000125e-01,3.493260000000000254e-01,2.209440000000000015e-01,6.015690000000000204e-01,-1.259530000000000094e-01,-1.588549999999999962e-01,-4.903560000000000141e-01,-2.300250000000000072e-01,3.570799999999999669e-02,5.762939999999999729e-01,-2.636120000000000130e-01,7.084100000000000119e-02,-3.568919999999999870e-01,1.704199999999999882e-01,-1.142100000000000060e-02,1.691090000000000093e-01,-2.193300000000000111e-02,8.448799999999999366e-02,2.514900000000000121e-02,3.416000000000000199e-03,-1.307200000000000029e-02,-3.700000000000000164e-03,1.737980000000000080e-01,7.097000000000000530e-02,-1.211350000000000066e-01,4.305900000000000005e-02,-1.376100000000000066e-02,-1.779199999999999879e-02,-8.193999999999999895e-03
-8.088700000000000057e-02,-6.852900000000000658e-02,8.051449999999999996e-01,6.229430000000000245e-01,1.184589999999999949e-01,4.798000000000000181e-03,-7.732310000000000016e-01,-1.697450000000000070e-01,3.362310000000000021e-01,2.119040000000000090e-01,4.757549999999999835e-01,-1.034179999999999960e-01,-1.568589999999999984e-01,-4.726339999999999986e-01,-2.235360000000000125e-01,3.211200000000000165e-02,5.378119999999999568e-01,-2.438299999999999912e-01,7.426800000000000068e-02,-3.435830000000000273e-01,1.850569999999999993e-01,-2.085499999999999854e-02,1.224510000000000043e-01,-1.479699999999999939e-02,6.307999999999999718e-02,2.028200000000000142e-02,9.210000000000000521e-04,-9.754999999999999782e-03,-2.645000000000000216e-03,1.328999999999999904e-01,4.711300000000000210e-02,-9.336999999999999467e-02,3.135299999999999893e-02,-1.154499999999999971e-02,-1.405600000000000079e-02,-6.769999999999999976e-03
-7.789100000000000190e-02,-7.100399999999999767e-02,8.079279999999999795e-01,6.213859999999999939e-01,1.165569999999999939e-01,9.443000000000000005e-03,-7.747290000000000010e-01,-1.227390000000000009e-01,3.234310000000000240e-01,2.031110000000000138e-01,3.529030000000000222e-01,-8.265799999999999537e-02,-1.543630000000000002e-01,-4.518719999999999959e-01,-2.162320000000000075e-01,2.847200000000000078e-02,4.952739999999999920e-01,-2.220860000000000056e-01,7.758800000000000419e-02,-3.299599999999999755e-01,2.003000000000000058e-01,-2.925099999999999922e-02,6.261200000000000099e-02,-6.787999999999999763e-03,3.742000000000000187e-02,1.538400000000000011e-02,-7.849999999999999990e-04,-5.748999999999999770e-03,-4.150000000000000043e-04,7.873399999999999843e-02,2.026100000000000123e-02,-5.426199999999999773e-02,1.950999999999999956e-02,-8.741000000000000505e-03,-9.468999999999999986e-03,-3.687000000000000173e-03
-7.619099999999999484e-02,-7.108899999999999941e-02,8.093390000000000306e-01,6.179339999999999833e-01,1.117849999999999955e-01,1.606799999999999895e-02,-7.780770000000000186e-01,-6.993000000000000604e-02,3.171030000000000237e-01,1.922979999999999967e-01,2.490950000000000109e-01,-3.645700000000000329e-02,-1.560380000000000100e-01,-4.302819999999999978e-01,-1.956140000000000101e-01,2.653499999999999956e-02,4.469279999999999919e-01,-1.917570000000000108e-01,7.653799999999999493e-02,-3.162110000000000198e-01,2.210509999999999975e-01,-3.002499999999999961e-02,-2.511999999999999910e-03,-3.511999999999999931e-03,4.938999999999999814e-03,2.413799999999999973e-02,1.953000000000000092e-03,-2.253999999999999927e-03,2.282000000000000174e-03,7.799999999999999859e-04,1.965999999999999866e-03,-1.355000000000000085e-03,1.680999999999999855e-02,-1.469999999999999953e-03,-3.683000000000000076e-03,-4.840000000000000010e-04
-7.300299999999999845e-02,-7.571799999999999364e-02,8.106799999999999562e-01,6.145469999999999544e-01,1.077820000000000028e-01,1.879199999999999968e-02,-7.812569999999999792e-01,-2.753500000000000045e-02,3.019689999999999874e-01,1.802610000000000046e-01,1.890870000000000051e-01,-2.112400000000000042e-02,-1.531389999999999973e-01,-4.093200000000000172e-01,-1.868920000000000026e-01,3.361600000000000005e-02,4.202170000000000072e-01,-1.805249999999999910e-01,8.205999999999999406e-02,-2.988990000000000258e-01,2.298109999999999875e-01,-3.728100000000000164e-02,-6.524599999999999844e-02,1.076900000000000079e-02,-3.241399999999999837e-02,1.025700000000000049e-02,-2.709999999999999735e-04,2.749000000000000141e-03,-1.275000000000000092e-03,-5.718899999999999678e-02,-3.756700000000000317e-02,4.293299999999999894e-02,-7.213999999999999926e-03,1.941000000000000017e-03,1.489000000000000089e-03,2.546999999999999785e-03
-7.219299999999999329e-02,-7.533299999999999719e-02,8.111969999999999459e-01,6.107179999999999831e-01,1.026500000000000051e-01,2.741499999999999840e-02,-7.846880000000000521e-01,1.210600000000000044e-02,3.021449999999999969e-01,1.659130000000000049e-01,1.080340000000000050e-01,1.387000000000000038e-02,-1.579740000000000033e-01,-3.935870000000000202e-01,-1.606140000000000068e-01,3.117199999999999832e-02,3.785999999999999921e-01,-1.527820000000000011e-01,7.816599999999999937e-02,-2.843700000000000117e-01,2.511559999999999904e-01,-3.926999999999999935e-02,-1.386189999999999922e-01,1.188299999999999947e-02,-6.667800000000000116e-02,1.717899999999999983e-02,1.995999999999999944e-03,5.379000000000000101e-03,1.226000000000000093e-03,-1.366749999999999909e-01,-5.525700000000000056e-02,9.625499999999999334e-02,-1.118199999999999923e-02,9.763000000000000844e-03,8.925999999999999907e-03,7.835999999999999216e-03
-7.104599999999999804e-02,-7.737800000000000233e-02,8.116590000000000193e-01,6.096690000000000165e-01,9.809500000000000164e-02,2.895100000000000104e-02,-7.860300000000000065e-01,2.884199999999999958e-02,3.029720000000000191e-01,1.881420000000000037e-01,1.010569999999999941e-01,1.122399999999999960e-02,-1.624190000000000078e-01,-3.750249999999999972e-01,-1.531639999999999946e-01,2.924399999999999916e-02,3.581460000000000199e-01,-1.442879999999999996e-01,8.008999999999999453e-02,-2.823450000000000126e-01,2.576550000000000229e-01,-4.154599999999999960e-02,-1.943169999999999897e-01,2.548800000000000024e-02,-1.001959999999999934e-01,-1.063899999999999915e-02,-8.530000000000000256e-04,1.305899999999999943e-02,7.290000000000000473e-04,-1.924970000000000014e-01,-9.121400000000000341e-02,1.310610000000000108e-01,-4.235099999999999976e-02,1.469699999999999999e-02,1.472900000000000077e-02,5.638999999999999915e-03
-7.023400000000000476e-02,-7.925899999999999612e-02,8.118630000000000013e-01,6.086489999999999956e-01,9.519500000000000184e-02,3.139800000000000230e-02,-7.870819999999999483e-01,3.881699999999999734e-02,3.039749999999999952e-01,2.091820000000000068e-01,9.889199999999999380e-02,7.148999999999999973e-03,-1.674059999999999993e-01,-3.634609999999999785e-01,-1.457970000000000099e-01,2.792199999999999890e-02,3.430380000000000096e-01,-1.379440000000000111e-01,8.114399999999999391e-02,-2.807780000000000276e-01,2.635810000000000097e-01,-4.725300000000000333e-02,-2.420589999999999964e-01,3.551300000000000290e-02,-1.285419999999999896e-01,-3.520999999999999824e-02,-3.523000000000000090e-03,1.693700000000000067e-02,1.002999999999999985e-03,-2.392229999999999912e-01,-1.182689999999999991e-01,1.589079999999999937e-01,-6.977300000000000169e-02,1.973499999999999907e-02,1.997099999999999917e-02,3.582999999999999814e-03
-6.936499999999999611e-02,-8.113499999999999879e-02,8.119619999999999616e-01,6.076300000000000034e-01,9.257500000000000451e-02,3.386600000000000027e-02,-7.880789999999999740e-01,4.810799999999999799e-02,3.046570000000000111e-01,2.302109999999999990e-01,9.732899999999999885e-02,3.180000000000000101e-03,-1.724799999999999944e-01,-3.527080000000000215e-01,-1.387510000000000132e-01,2.682800000000000115e-02,3.284639999999999782e-01,-1.318070000000000075e-01,8.223999999999999366e-02,-2.790290000000000270e-01,2.692840000000000233e-01,-5.369999999999999774e-02,-2.761080000000000201e-01,4.215100000000000097e-02,-1.480519999999999892e-01,-6.072199999999999820e-02,-6.374000000000000325e-03,1.987799999999999984e-02,1.557000000000000007e-03,-2.717660000000000076e-01,-1.356829999999999981e-01,1.776999999999999968e-01,-9.382300000000000362e-02,2.369800000000000031e-02,2.457499999999999962e-02,2.044999999999999943e-03
-6.893799999999999928e-02,-8.105400000000000105e-02,8.103120000000000323e-01,6.088240000000000318e-01,8.861199999999999632e-02,3.746000000000000024e-02,-7.874499999999999833e-01,4.916600000000000137e-02,3.126700000000000035e-01,2.312130000000000019e-01,9.772500000000000631e-02,1.503299999999999949e-02,-1.701509999999999967e-01,-3.550159999999999982e-01,-1.283569999999999989e-01,2.227900000000000019e-02,3.400219999999999909e-01,-1.383890000000000120e-01,7.958800000000000596e-02,-2.800059999999999771e-01,2.765859999999999985e-01,-5.191899999999999987e-02,-2.975090000000000234e-01,4.853600000000000275e-02,-1.614039999999999919e-01,-3.869899999999999729e-02,-2.188999999999999974e-03,1.803499999999999895e-02,1.652999999999999955e-03,-2.975970000000000004e-01,-1.468760000000000066e-01,1.997500000000000109e-01,-8.662000000000000255e-02,2.553599999999999967e-02,2.478599999999999901e-02,3.725000000000000012e-03
-6.849700000000000233e-02,-8.108200000000000129e-02,8.085290000000000532e-01,6.102009999999999934e-01,8.473999999999999588e-02,4.014299999999999813e-02,-7.866779999999999884e-01,5.127999999999999919e-02,3.188810000000000255e-01,2.319749999999999868e-01,9.791800000000000503e-02,2.674500000000000141e-02,-1.673719999999999930e-01,-3.577670000000000017e-01,-1.197470000000000062e-01,1.916500000000000148e-02,3.551909999999999790e-01,-1.481830000000000092e-01,7.895299999999999541e-02,-2.810969999999999858e-01,2.812330000000000108e-01,-5.044099999999999973e-02,-2.995079999999999965e-01,5.147299999999999792e-02,-1.641630000000000034e-01,-1.979500000000000010e-02,1.498999999999999898e-03,1.693599999999999967e-02,1.642999999999999929e-03,-3.021940000000000182e-01,-1.477700000000000125e-01,2.079370000000000107e-01,-7.760100000000000331e-02,2.526600000000000026e-02,2.447600000000000123e-02,6.056999999999999884e-03
-6.809500000000000275e-02,-8.110000000000000542e-02,8.067140000000000422e-01,6.115800000000000125e-01,8.090999999999999581e-02,4.270999999999999797e-02,-7.858749999999999902e-01,5.349999999999999895e-02,3.248880000000000101e-01,2.327519999999999867e-01,9.798900000000000665e-02,3.846100000000000213e-02,-1.643489999999999951e-01,-3.607819999999999916e-01,-1.114310000000000023e-01,1.615300000000000069e-02,3.711039999999999894e-01,-1.583950000000000080e-01,7.830299999999999760e-02,-2.822180000000000244e-01,2.853499999999999925e-01,-4.905199999999999838e-02,-2.832830000000000070e-01,5.079299999999999787e-02,-1.562439999999999940e-01,-1.015999999999999976e-03,5.161999999999999922e-03,1.515299999999999980e-02,1.807000000000000012e-03,-2.877730000000000010e-01,-1.364569999999999950e-01,2.034660000000000080e-01,-6.503699999999999759e-02,2.357199999999999920e-02,2.344500000000000056e-02,8.961999999999999481e-03
-6.802099999999999813e-02,-7.957500000000000684e-02,8.044489999999999696e-01,6.135500000000000398e-01,7.762199999999999656e-02,4.352799999999999725e-02,-7.846250000000000169e-01,5.203399999999999692e-02,3.309730000000000172e-01,2.284770000000000134e-01,9.912100000000000077e-02,5.412200000000000344e-02,-1.607149999999999967e-01,-3.683670000000000000e-01,-1.078370000000000023e-01,8.888000000000000067e-03,3.956310000000000104e-01,-1.725980000000000014e-01,7.690299999999999914e-02,-2.832939999999999903e-01,2.866730000000000111e-01,-4.385499999999999815e-02,-2.465390000000000081e-01,4.474500000000000005e-02,-1.348189999999999944e-01,-1.230000000000000082e-04,3.860999999999999849e-03,1.178799999999999987e-02,1.956999999999999972e-03,-2.521289999999999920e-01,-1.187769999999999937e-01,1.788460000000000050e-01,-5.523499999999999938e-02,2.104500000000000121e-02,1.935299999999999868e-02,7.352000000000000028e-03
-6.810099999999999487e-02,-7.803100000000000314e-02,8.021279999999999522e-01,6.158150000000000013e-01,7.456699999999999440e-02,4.417900000000000299e-02,-7.831090000000000551e-01,5.035699999999999898e-02,3.365239999999999898e-01,2.241489999999999871e-01,1.003389999999999976e-01,6.977200000000000069e-02,-1.569510000000000072e-01,-3.767690000000000206e-01,-1.049670000000000047e-01,1.822000000000000052e-03,4.215229999999999810e-01,-1.874649999999999928e-01,7.550700000000000467e-02,-2.845199999999999951e-01,2.869849999999999901e-01,-3.913900000000000018e-02,-1.963540000000000008e-01,3.622800000000000326e-02,-1.054289999999999949e-01,6.359999999999999551e-04,2.256999999999999892e-03,8.416999999999999135e-03,2.289999999999999935e-03,-2.020800000000000096e-01,-9.120200000000000529e-02,1.447690000000000088e-01,-4.273899999999999921e-02,1.760499999999999912e-02,1.478100000000000074e-02,6.485999999999999578e-03
-6.822699999999999598e-02,-7.648599999999999843e-02,7.997840000000000504e-01,6.180930000000000035e-01,7.161900000000000210e-02,4.471699999999999980e-02,-7.815579999999999750e-01,4.864500000000000074e-02,3.417879999999999807e-01,2.198819999999999941e-01,1.016249999999999931e-01,8.537500000000000644e-02,-1.530610000000000026e-01,-3.853280000000000038e-01,-1.025159999999999960e-01,-5.143000000000000002e-03,4.476800000000000224e-01,-2.024910000000000043e-01,7.410700000000000620e-02,-2.858149999999999857e-01,2.868609999999999771e-01,-3.463700000000000112e-02,-1.370629999999999904e-01,2.573699999999999946e-02,-7.000099999999999378e-02,2.161000000000000160e-03,5.590000000000000351e-04,4.603999999999999586e-03,2.954000000000000029e-03,-1.424340000000000050e-01,-5.533400000000000124e-02,1.047720000000000040e-01,-2.760299999999999906e-02,1.363100000000000075e-02,9.924000000000000529e-03,6.429999999999999952e-03
-6.929000000000000437e-02,-7.457600000000000340e-02,7.979600000000000026e-01,6.217730000000000201e-01,6.955400000000000471e-02,4.352799999999999725e-02,-7.788869999999999960e-01,4.432799999999999935e-02,3.448749999999999871e-01,2.169830000000000092e-01,1.019510000000000000e-01,1.015279999999999933e-01,-1.416100000000000136e-01,-3.914449999999999874e-01,-1.043909999999999977e-01,-1.328999999999999973e-02,4.717299999999999827e-01,-2.173930000000000029e-01,7.210400000000000142e-02,-2.913439999999999919e-01,2.773189999999999822e-01,-2.677200000000000066e-02,-6.359299999999999675e-02,1.334300000000000069e-02,-3.543000000000000316e-02,-2.145999999999999904e-03,-2.210000000000000159e-03,4.746000000000000218e-03,7.200000000000000453e-04,-6.735299999999999621e-02,-3.563199999999999701e-02,5.006300000000000333e-02,-9.783999999999999295e-03,4.190000000000000148e-03,4.370999999999999885e-03,2.945999999999999834e-03
-7.036000000000000587e-02,-7.265199999999999436e-02,7.963029999999999831e-01,6.252029999999999532e-01,6.730800000000000671e-02,4.336500000000000077e-02,-7.763440000000000341e-01,3.889900000000000302e-02,3.502399999999999958e-01,2.146859999999999880e-01,1.031149999999999983e-01,1.175059999999999993e-01,-1.306080000000000019e-01,-3.961080000000000156e-01,-1.041750000000000037e-01,-2.207200000000000134e-02,4.902179999999999871e-01,-2.288000000000000034e-01,6.977999999999999481e-02,-2.964669999999999805e-01,2.712530000000000219e-01,-1.843200000000000047e-02,7.633000000000000028e-03,-5.869999999999999567e-04,1.180999999999999975e-03,-6.740000000000000114e-04,-4.327000000000000117e-03,1.062999999999999926e-03,-7.609999999999999577e-04,2.838999999999999944e-03,-1.016300000000000016e-02,-3.429999999999999889e-04,1.307600000000000082e-02,-3.690999999999999837e-03,-2.145000000000000205e-03,-6.600000000000000506e-05
-7.143800000000000150e-02,-7.072900000000000020e-02,7.946010000000000018e-01,6.286350000000000549e-01,6.509600000000000108e-02,4.316899999999999904e-02,-7.737680000000000113e-01,3.354200000000000237e-02,3.555639999999999912e-01,2.126850000000000129e-01,1.045660000000000062e-01,1.334740000000000093e-01,-1.197639999999999955e-01,-4.004480000000000262e-01,-1.041320000000000023e-01,-3.082999999999999977e-02,5.080569999999999808e-01,-2.398730000000000029e-01,6.746000000000000607e-02,-3.015450000000000075e-01,2.652820000000000178e-01,-1.010999999999999920e-02,7.385099999999999998e-02,-1.428500000000000082e-02,3.656299999999999828e-02,1.196000000000000014e-03,-6.836000000000000063e-03,-2.543000000000000121e-03,-1.928999999999999942e-03,6.729499999999999371e-02,1.566199999999999884e-02,-4.607800000000000090e-02,3.696399999999999686e-02,-1.084599999999999974e-02,-8.281000000000000166e-03,-2.552000000000000015e-03
-7.540800000000000280e-02,-6.843100000000000571e-02,7.941930000000000378e-01,6.299590000000000467e-01,6.557200000000000528e-02,3.830599999999999977e-02,-7.729070000000000107e-01,-4.452000000000000228e-03,3.547879999999999923e-01,1.962109999999999965e-01,1.477229999999999932e-01,1.458260000000000112e-01,-1.045559999999999962e-01,-4.079650000000000221e-01,-1.092800000000000021e-01,-3.266700000000000159e-02,5.318519999999999914e-01,-2.487679999999999891e-01,6.248800000000000188e-02,-3.012389999999999790e-01,2.485429999999999862e-01,-4.562000000000000083e-03,1.350570000000000104e-01,-2.159200000000000008e-02,6.649099999999999455e-02,-1.039999999999999936e-04,-5.080000000000000314e-03,-6.258999999999999807e-03,-3.125000000000000173e-03,1.272929999999999895e-01,3.902699999999999919e-02,-9.042400000000000437e-02,4.501100000000000240e-02,-1.336599999999999941e-02,-1.384900000000000020e-02,-8.363999999999999907e-03
-7.956900000000000084e-02,-6.592099999999999349e-02,7.938819999999999766e-01,6.314380000000000548e-01,6.670700000000000240e-02,3.334499999999999964e-02,-7.718319999999999625e-01,-4.500500000000000334e-02,3.525820000000000065e-01,1.798889999999999934e-01,1.940030000000000088e-01,1.572199999999999986e-01,-9.031300000000000439e-02,-4.162790000000000101e-01,-1.151940000000000047e-01,-3.421500000000000236e-02,5.550599999999999978e-01,-2.568340000000000067e-01,5.742499999999999688e-02,-3.008069999999999911e-01,2.304759999999999864e-01,-3.339999999999999870e-04,1.856480000000000075e-01,-2.780300000000000132e-02,9.068700000000000372e-02,-2.279000000000000210e-03,-3.804000000000000090e-03,-9.183999999999999456e-03,-4.180999999999999821e-03,1.772009999999999974e-01,5.739699999999999663e-02,-1.282250000000000056e-01,5.215600000000000097e-02,-1.519599999999999944e-02,-1.834699999999999873e-02,-1.403800000000000013e-02
-8.382799999999999974e-02,-6.333400000000000141e-02,7.937450000000000339e-01,6.330130000000000479e-01,6.809400000000000175e-02,2.826599999999999946e-02,-7.706220000000000292e-01,-8.735900000000000609e-02,3.493740000000000179e-01,1.637969999999999982e-01,2.433520000000000127e-01,1.676370000000000082e-01,-7.701800000000000312e-02,-4.245610000000000217e-01,-1.214459999999999984e-01,-3.575300000000000006e-02,5.773430000000000506e-01,-2.642320000000000224e-01,5.222600000000000159e-02,-3.004629999999999801e-01,2.117040000000000033e-01,3.756999999999999923e-03,2.241319999999999979e-01,-3.254699999999999954e-02,1.085249999999999965e-01,-5.477000000000000098e-03,-3.024000000000000212e-03,-1.137699999999999996e-02,-5.252999999999999857e-03,2.146139999999999992e-01,6.944000000000000172e-02,-1.581269999999999898e-01,5.854800000000000282e-02,-1.614900000000000016e-02,-2.207999999999999893e-02,-1.997499999999999970e-02
-8.948599999999999610e-02,-6.045299999999999979e-02,7.944109999999999783e-01,6.325250000000000039e-01,7.246700000000000363e-02,2.037999999999999881e-02,-7.708730000000000304e-01,-1.633570000000000022e-01,3.400690000000000102e-01,1.414799999999999947e-01,3.696860000000000146e-01,1.847890000000000088e-01,-7.265800000000000036e-02,-4.353839999999999932e-01,-1.308459999999999901e-01,-2.714400000000000146e-02,5.975500000000000256e-01,-2.681399999999999895e-01,4.331900000000000334e-02,-2.960030000000000161e-01,1.861810000000000132e-01,1.010199999999999987e-02,2.516709999999999781e-01,-3.694900000000000267e-02,1.229240000000000055e-01,5.865000000000000421e-03,1.704999999999999918e-03,-1.350699999999999991e-02,-5.610999999999999668e-03,2.442300000000000026e-01,8.817099999999999937e-02,-1.785559999999999925e-01,5.106000000000000122e-02,-1.916100000000000095e-02,-2.228499999999999925e-02,-1.942599999999999882e-02
-9.527800000000000158e-02,-5.709000000000000186e-02,7.951559999999999739e-01,6.322959999999999692e-01,7.785400000000000653e-02,1.249699999999999943e-02,-7.707030000000000269e-01,-2.484359999999999902e-01,3.274779999999999913e-01,1.182620000000000060e-01,5.110090000000000465e-01,1.943219999999999947e-01,-7.058899999999999897e-02,-4.490810000000000080e-01,-1.418020000000000114e-01,-1.900299999999999906e-02,6.185150000000000370e-01,-2.718189999999999773e-01,3.612400000000000333e-02,-2.915909999999999891e-01,1.586889999999999967e-01,1.523000000000000048e-02,2.678880000000000150e-01,-3.998800000000000271e-02,1.298209999999999920e-01,1.562400000000000073e-02,6.210000000000000242e-03,-1.493300000000000009e-02,-6.302999999999999575e-03,2.642499999999999849e-01,9.819999999999999563e-02,-1.947589999999999877e-01,4.122699999999999976e-02,-2.195000000000000076e-02,-2.126300000000000065e-02,-1.947600000000000026e-02
-1.004980000000000040e-01,-5.320600000000000329e-02,7.956520000000000259e-01,6.322910000000000474e-01,8.336899999999999866e-02,4.944999999999999743e-03,-7.702160000000000117e-01,-3.398140000000000049e-01,3.122440000000000215e-01,9.487800000000000400e-02,6.637990000000000279e-01,1.979100000000000026e-01,-7.070500000000000396e-02,-4.653379999999999739e-01,-1.529729999999999979e-01,-1.080200000000000084e-02,6.415229999999999544e-01,-2.756419999999999981e-01,2.945400000000000101e-02,-2.877560000000000118e-01,1.314480000000000093e-01,2.130500000000000102e-02,2.735090000000000021e-01,-4.157899999999999791e-02,1.306029999999999969e-01,2.416199999999999945e-02,1.042500000000000024e-02,-1.576699999999999977e-02,-7.382999999999999806e-03,2.737990000000000146e-01,1.000329999999999969e-01,-2.062900000000000011e-01,2.973200000000000148e-02,-2.423399999999999860e-02,-1.976999999999999938e-02,-2.039499999999999993e-02
-1.048899999999999971e-01,-4.950800000000000339e-02,7.943959999999999910e-01,6.321069999999999744e-01,8.812599999999999600e-02,2.329999999999999986e-04,-7.698540000000000383e-01,-4.054610000000000158e-01,3.131269999999999887e-01,9.553599999999999592e-02,7.998319999999999874e-01,1.428949999999999942e-01,-6.715799999999999548e-02,-4.843080000000000163e-01,-1.613439999999999874e-01,-8.583999999999999617e-03,6.651519999999999655e-01,-2.845190000000000219e-01,2.388600000000000098e-02,-2.844169999999999754e-01,1.068059999999999982e-01,2.211400000000000171e-02,2.665060000000000207e-01,-3.962799999999999656e-02,1.264039999999999886e-01,2.168499999999999941e-02,1.180699999999999979e-02,-1.663600000000000148e-02,-4.007000000000000145e-03,2.722240000000000215e-01,1.074740000000000001e-01,-1.948219999999999952e-01,2.942600000000000077e-02,-2.495299999999999949e-02,-1.816299999999999859e-02,-1.147100000000000029e-02
-1.088080000000000019e-01,-4.563500000000000195e-02,7.927640000000000242e-01,6.317089999999999650e-01,9.157899999999999374e-02,-3.746000000000000198e-03,-7.697680000000000078e-01,-4.708530000000000215e-01,3.167380000000000195e-01,9.586699999999999389e-02,9.382160000000000499e-01,8.626899999999999846e-02,-6.347400000000000264e-02,-5.034659999999999691e-01,-1.655220000000000025e-01,-3.517999999999999860e-03,6.909969999999999724e-01,-2.918279999999999763e-01,1.748299999999999854e-02,-2.809650000000000203e-01,8.583999999999999964e-02,2.568300000000000097e-02,2.541809999999999903e-01,-3.612100000000000033e-02,1.194960000000000050e-01,1.756100000000000022e-02,1.310799999999999986e-02,-1.721999999999999920e-02,-1.186999999999999904e-03,2.602590000000000181e-01,1.095549999999999996e-01,-1.768569999999999864e-01,2.879999999999999921e-02,-2.472900000000000098e-02,-1.713900000000000146e-02,-4.100000000000000346e-03
-1.129409999999999997e-01,-4.400400000000000145e-02,7.906440000000000135e-01,6.309730000000000061e-01,9.275100000000000011e-02,-7.714999999999999636e-03,-7.702010000000000245e-01,-5.292620000000000102e-01,3.234230000000000160e-01,9.489400000000000612e-02,1.080799999999999983e+00,2.180999999999999953e-02,-6.165500000000000147e-02,-5.184919999999999529e-01,-1.668360000000000121e-01,9.489999999999999738e-04,7.252370000000000205e-01,-3.081740000000000035e-01,1.145400000000000064e-02,-2.731279999999999819e-01,7.072799999999999920e-02,3.377399999999999847e-02,2.370430000000000037e-01,-2.243600000000000108e-02,1.164349999999999968e-01,-4.166000000000000432e-03,6.645999999999999998e-03,-1.408399999999999930e-02,-3.275999999999999832e-03,2.418269999999999864e-01,9.491700000000000137e-02,-1.528079999999999994e-01,1.897799999999999834e-02,-2.448799999999999935e-02,-1.716200000000000017e-02,2.792000000000000211e-03
-1.157959999999999962e-01,-4.118000000000000133e-02,7.884780000000000122e-01,6.285020000000000051e-01,9.564200000000000479e-02,-9.988999999999999616e-03,-7.718409999999999993e-01,-5.740110000000000490e-01,3.268309999999999826e-01,9.637500000000000233e-02,1.184244999999999992e+00,-2.506699999999999900e-02,-6.473800000000000388e-02,-5.369939999999999714e-01,-1.664609999999999979e-01,7.100000000000000408e-03,7.473149999999999515e-01,-3.158449999999999869e-01,7.633000000000000028e-03,-2.687689999999999801e-01,6.259000000000000674e-02,3.735900000000000332e-02,2.166109999999999980e-01,-2.196100000000000135e-02,1.118470000000000020e-01,2.130000000000000003e-04,3.830000000000000071e-03,-1.211500000000000077e-02,-9.579999999999999757e-04,2.195550000000000002e-01,9.943499999999999561e-02,-1.382130000000000025e-01,2.033400000000000138e-02,-2.167300000000000129e-02,-1.488599999999999993e-02,5.231000000000000406e-03
-1.185169999999999974e-01,-3.829899999999999971e-02,7.864830000000000432e-01,6.262550000000000061e-01,9.844100000000000072e-02,-1.253899999999999980e-02,-7.732769999999999921e-01,-6.170839999999999659e-01,3.297010000000000218e-01,9.939699999999999924e-02,1.285441999999999974e+00,-7.099300000000000055e-02,-6.684099999999999764e-02,-5.543360000000000509e-01,-1.661090000000000066e-01,1.420000000000000082e-02,7.682369999999999477e-01,-3.227439999999999753e-01,2.799999999999999972e-03,-2.653530000000000055e-01,5.372899999999999898e-02,4.109499999999999958e-02,1.973090000000000122e-01,-2.224200000000000135e-02,1.052420000000000022e-01,5.680000000000000153e-03,2.076999999999999853e-03,-1.178599999999999960e-02,9.420000000000000205e-04,1.975349999999999884e-01,1.015169999999999961e-01,-1.244939999999999936e-01,2.093000000000000069e-02,-1.932700000000000043e-02,-1.336599999999999941e-02,6.982999999999999624e-03
-1.212850000000000039e-01,-3.534899999999999848e-02,7.843949999999999534e-01,6.240809999999999969e-01,1.011110000000000064e-01,-1.504800000000000061e-02,-7.746439999999999992e-01,-6.597530000000000339e-01,3.329599999999999782e-01,1.030459999999999987e-01,1.386211000000000082e+00,-1.169329999999999953e-01,-6.847200000000000508e-02,-5.716909999999999492e-01,-1.654180000000000095e-01,2.092000000000000109e-02,7.896589999999999998e-01,-3.299239999999999950e-01,-2.132000000000000214e-03,-2.621339999999999781e-01,4.485900000000000304e-02,4.503700000000000064e-02,1.798359999999999959e-01,-2.245399999999999827e-02,9.752800000000000358e-02,1.030799999999999945e-02,7.940000000000000009e-04,-1.173899999999999944e-02,2.145999999999999904e-03,1.766129999999999922e-01,1.008499999999999952e-01,-1.120389999999999997e-01,1.963799999999999921e-02,-1.735000000000000084e-02,-1.214200000000000002e-02,8.189999999999999364e-03
-1.215880000000000016e-01,-3.371600000000000291e-02,7.828929999999999501e-01,6.218740000000000379e-01,1.039309999999999956e-01,-1.644199999999999828e-02,-7.760160000000000391e-01,-6.756710000000000216e-01,3.233420000000000183e-01,9.649299999999999544e-02,1.427165000000000017e+00,-1.430589999999999917e-01,-7.913699999999999901e-02,-5.859309999999999796e-01,-1.672379999999999978e-01,2.752999999999999892e-02,8.029509999999999703e-01,-3.345509999999999873e-01,-3.020999999999999814e-03,-2.570700000000000207e-01,4.004499999999999726e-02,4.630900000000000294e-02,1.609889999999999932e-01,-2.197400000000000048e-02,9.213200000000000556e-02,1.563799999999999912e-02,9.829999999999999329e-04,-1.038500000000000013e-02,2.102000000000000136e-03,1.678280000000000050e-01,1.030959999999999932e-01,-1.041109999999999952e-01,2.997100000000000111e-02,-1.381199999999999962e-02,-1.033899999999999923e-02,1.059399999999999925e-02
-1.218510000000000010e-01,-3.214100000000000290e-02,7.816980000000000040e-01,6.198780000000000401e-01,1.065439999999999998e-01,-1.864400000000000085e-02,-7.772080000000000100e-01,-6.890110000000000401e-01,3.124250000000000083e-01,9.171300000000000285e-02,1.466037999999999952e+00,-1.683260000000000034e-01,-8.925500000000000100e-02,-5.977329999999999588e-01,-1.703880000000000117e-01,3.419400000000000217e-02,8.144909999999999650e-01,-3.385219999999999896e-01,-3.684000000000000209e-03,-2.530450000000000199e-01,3.341700000000000226e-02,4.845300000000000301e-02,1.450730000000000075e-01,-2.142000000000000154e-02,8.550800000000000067e-02,2.054599999999999829e-02,2.052000000000000005e-03,-8.675000000000000419e-03,1.912999999999999987e-03,1.625310000000000088e-01,1.047899999999999943e-01,-9.879300000000000581e-02,3.905999999999999750e-02,-1.129199999999999995e-02,-8.581000000000000086e-03,1.320299999999999946e-02
-1.221389999999999976e-01,-3.055000000000000077e-02,7.805330000000000323e-01,6.179310000000000080e-01,1.090959999999999985e-01,-2.098799999999999971e-02,-7.783440000000000358e-01,-7.018619999999999859e-01,3.013000000000000123e-01,8.770999999999999630e-02,1.504585999999999979e+00,-1.935900000000000121e-01,-9.923300000000000176e-02,-6.091149999999999620e-01,-1.736910000000000120e-01,4.084100000000000230e-02,8.258729999999999682e-01,-3.424820000000000086e-01,-4.321000000000000188e-03,-2.492640000000000133e-01,2.636200000000000002e-02,5.084500000000000131e-02,1.316900000000000015e-01,-2.064600000000000116e-02,7.876800000000000468e-02,2.614899999999999863e-02,3.779999999999999940e-03,-7.615000000000000241e-03,8.159999999999999936e-04,1.598239999999999938e-01,1.059650000000000036e-01,-9.515800000000000647e-02,4.777800000000000102e-02,-9.471999999999999517e-03,-7.624999999999999833e-03,1.617199999999999888e-02
-1.220320000000000016e-01,-2.979300000000000004e-02,7.800420000000000131e-01,6.160639999999999450e-01,1.106700000000000045e-01,-2.159300000000000108e-02,-7.795840000000000547e-01,-6.981190000000000451e-01,3.016599999999999837e-01,8.575299999999999589e-02,1.510801999999999978e+00,-2.085430000000000061e-01,-1.081469999999999931e-01,-6.163520000000000110e-01,-1.745480000000000087e-01,4.394800000000000095e-02,8.306850000000000067e-01,-3.432160000000000211e-01,-4.696999999999999786e-03,-2.461679999999999979e-01,2.370900000000000091e-02,4.739700000000000163e-02,1.169280000000000042e-01,-1.710899999999999921e-02,7.419399999999999606e-02,2.867300000000000057e-02,2.805999999999999901e-03,-7.254000000000000031e-03,3.263999999999999974e-03,1.431489999999999985e-01,1.003079999999999944e-01,-8.693099999999999439e-02,4.873999999999999860e-02,-1.021999999999999992e-02,-7.637999999999999824e-03,1.338899999999999986e-02
-1.217459999999999931e-01,-2.911700000000000052e-02,7.796330000000000204e-01,6.141069999999999585e-01,1.118849999999999983e-01,-2.238000000000000059e-02,-7.809310000000000418e-01,-6.931220000000000159e-01,3.023109999999999964e-01,8.425100000000000644e-02,1.516475000000000017e+00,-2.234839999999999882e-01,-1.167679999999999968e-01,-6.220299999999999718e-01,-1.753439999999999999e-01,4.694199999999999762e-02,8.340950000000000308e-01,-3.432459999999999956e-01,-4.962000000000000265e-03,-2.427320000000000033e-01,2.214299999999999949e-02,4.545799999999999841e-02,1.036979999999999985e-01,-1.272299999999999993e-02,7.096199999999999730e-02,3.172599999999999726e-02,2.354999999999999889e-03,-6.786999999999999630e-03,5.460999999999999709e-03,1.257409999999999917e-01,9.448499999999999954e-02,-7.717100000000000348e-02,4.968999999999999806e-02,-1.075300000000000041e-02,-7.420999999999999645e-03,1.021099999999999959e-02
-1.215320000000000011e-01,-2.843599999999999947e-02,7.792360000000000397e-01,6.121280000000000054e-01,1.129850000000000021e-01,-2.318299999999999875e-02,-7.823020000000000529e-01,-6.878940000000000055e-01,3.032130000000000103e-01,8.284700000000000397e-02,1.522178999999999949e+00,-2.385249999999999870e-01,-1.252860000000000085e-01,-6.273879999999999457e-01,-1.760170000000000068e-01,4.987500000000000266e-02,8.373439999999999772e-01,-3.432140000000000191e-01,-5.219999999999999814e-03,-2.392160000000000120e-01,2.096200000000000147e-02,4.392100000000000171e-02,9.192599999999999383e-02,-7.731000000000000025e-03,6.833200000000000385e-02,3.616400000000000170e-02,2.527000000000000166e-03,-6.409999999999999899e-03,7.428999999999999840e-03,1.096359999999999973e-01,8.920699999999999463e-02,-6.796900000000000164e-02,5.133800000000000169e-02,-1.158200000000000028e-02,-7.291999999999999871e-03,7.287000000000000074e-03
-1.210849999999999982e-01,-2.932999999999999843e-02,7.803510000000000169e-01,6.116260000000000030e-01,1.140869999999999940e-01,-2.257699999999999985e-02,-7.825520000000000254e-01,-6.695809999999999818e-01,2.979240000000000221e-01,7.390700000000000047e-02,1.487068999999999974e+00,-2.375490000000000101e-01,-1.379710000000000103e-01,-6.257409999999999917e-01,-1.761570000000000080e-01,5.194599999999999912e-02,8.299830000000000263e-01,-3.396299999999999875e-01,-3.833000000000000036e-03,-2.384080000000000088e-01,2.632500000000000118e-02,3.908099999999999768e-02,8.892100000000000004e-02,-9.471999999999999517e-03,6.992199999999999804e-02,2.670499999999999957e-02,-9.049999999999999885e-04,-6.304999999999999841e-03,9.041000000000000425e-03,1.019889999999999963e-01,8.384800000000000586e-02,-6.579699999999999438e-02,4.529500000000000193e-02,-8.777000000000000079e-03,-6.513999999999999825e-03,4.179000000000000423e-03
-1.207769999999999955e-01,-3.024699999999999958e-02,7.815609999999999502e-01,6.112779999999999880e-01,1.150010000000000060e-01,-2.224299999999999888e-02,-7.826999999999999513e-01,-6.497800000000000242e-01,2.925820000000000087e-01,6.502600000000000047e-02,1.450747999999999927e+00,-2.363419999999999965e-01,-1.504929999999999879e-01,-6.226030000000000175e-01,-1.767730000000000135e-01,5.344600000000000045e-02,8.213650000000000118e-01,-3.357789999999999941e-01,-2.635000000000000189e-03,-2.378530000000000089e-01,3.103399999999999909e-02,3.445200000000000345e-02,8.794000000000000428e-02,-1.064000000000000015e-02,7.209899999999999642e-02,1.825299999999999839e-02,-3.725000000000000012e-03,-5.817000000000000122e-03,1.071800000000000010e-02,9.763700000000000156e-02,7.927099999999999425e-02,-6.593999999999999861e-02,3.973200000000000343e-02,-6.666000000000000050e-03,-5.429999999999999931e-03,1.598999999999999944e-03
-1.205520000000000064e-01,-3.105099999999999874e-02,7.827680000000000193e-01,6.109750000000000458e-01,1.158489999999999936e-01,-2.193499999999999964e-02,-7.828199999999999603e-01,-6.296429999999999527e-01,2.876619999999999733e-01,5.601500000000000229e-02,1.414319000000000104e+00,-2.351949999999999874e-01,-1.628050000000000053e-01,-6.192739999999999911e-01,-1.773170000000000024e-01,5.473399999999999793e-02,8.127750000000000252e-01,-3.319940000000000113e-01,-1.598999999999999944e-03,-2.373919999999999919e-01,3.553699999999999914e-02,2.991500000000000062e-02,8.851699999999999846e-02,-1.143800000000000025e-02,7.517799999999999483e-02,1.142600000000000039e-02,-6.095999999999999856e-03,-5.403999999999999949e-03,1.268099999999999956e-02,9.561699999999999366e-02,7.601800000000000224e-02,-6.796900000000000164e-02,3.535300000000000248e-02,-5.112000000000000224e-03,-4.362999999999999691e-03,-5.929999999999999941e-04
-1.200770000000000032e-01,-3.282000000000000195e-02,7.846729999999999539e-01,6.110149999999999748e-01,1.165820000000000051e-01,-1.960299999999999890e-02,-7.827420000000000488e-01,-5.961819999999999897e-01,2.936000000000000276e-01,6.847300000000000608e-02,1.340661000000000103e+00,-2.225759999999999961e-01,-1.692059999999999953e-01,-6.120090000000000252e-01,-1.787209999999999910e-01,4.730499999999999983e-02,7.946280000000000010e-01,-3.255020000000000135e-01,-1.123000000000000083e-03,-2.373939999999999939e-01,4.316299999999999998e-02,2.143899999999999972e-02,8.647799999999999931e-02,-1.474100000000000063e-02,7.059200000000000197e-02,2.801999999999999803e-03,-8.522000000000000061e-03,-5.242000000000000132e-03,1.085599999999999933e-02,9.044900000000000162e-02,7.300600000000000145e-02,-6.142399999999999943e-02,2.854399999999999993e-02,-4.421999999999999716e-03,-4.695999999999999654e-03,8.919999999999999978e-04
-1.195190000000000002e-01,-3.449699999999999989e-02,7.868920000000000359e-01,6.112220000000000431e-01,1.171689999999999954e-01,-1.771000000000000005e-02,-7.825379999999999558e-01,-5.611450000000000049e-01,2.982250000000000179e-01,8.195900000000000407e-02,1.265757000000000021e+00,-2.093859999999999888e-01,-1.752630000000000021e-01,-6.033509999999999707e-01,-1.810829999999999940e-01,3.971299999999999830e-02,7.752649999999999819e-01,-3.186370000000000036e-01,-4.189999999999999931e-04,-2.377380000000000049e-01,5.069499999999999701e-02,1.406499999999999938e-02,8.602300000000000224e-02,-1.779800000000000132e-02,6.825299999999999423e-02,-5.042999999999999740e-03,-1.073400000000000049e-02,-5.019000000000000024e-03,9.490000000000000172e-03,8.601899999999999824e-02,7.140699999999999825e-02,-5.530800000000000299e-02,2.278300000000000117e-02,-4.019000000000000003e-03,-4.969999999999999592e-03,2.298999999999999828e-03
-1.188939999999999997e-01,-3.607699999999999796e-02,7.890139999999999931e-01,6.116249999999999742e-01,1.177850000000000008e-01,-1.594999999999999890e-02,-7.821679999999999744e-01,-5.259019999999999806e-01,3.018179999999999752e-01,9.576600000000000390e-02,1.190787000000000040e+00,-1.962299999999999878e-01,-1.812419999999999864e-01,-5.947999999999999954e-01,-1.839830000000000076e-01,3.202399999999999691e-02,7.562619999999999898e-01,-3.118739999999999846e-01,4.009999999999999893e-04,-2.385700000000000043e-01,5.808300000000000268e-02,6.984999999999999890e-03,8.731300000000000172e-02,-2.074099999999999902e-02,6.782699999999999840e-02,-1.213700000000000022e-02,-1.290999999999999960e-02,-4.910000000000000302e-03,8.668000000000000357e-03,8.323700000000000543e-02,7.174300000000000122e-02,-5.062300000000000133e-02,1.803000000000000089e-02,-4.072000000000000099e-03,-5.279999999999999971e-03,3.818000000000000213e-03
-1.169000000000000039e-01,-3.805599999999999955e-02,7.913189999999999946e-01,6.138109999999999955e-01,1.158020000000000022e-01,-1.216800000000000000e-02,-7.808190000000000408e-01,-4.724400000000000266e-01,3.088170000000000082e-01,1.081609999999999933e-01,1.066055999999999893e+00,-1.694579999999999975e-01,-1.795630000000000004e-01,-5.780079999999999663e-01,-1.832469999999999932e-01,2.105999999999999886e-02,7.283889999999999532e-01,-3.016039999999999832e-01,2.802999999999999936e-03,-2.431349999999999900e-01,7.027899999999999425e-02,-4.279999999999999950e-04,9.377199999999999425e-02,-2.438999999999999849e-02,6.754100000000000381e-02,-1.278600000000000049e-02,-1.104499999999999926e-02,-4.505000000000000324e-03,5.231000000000000406e-03,9.276299999999999824e-02,7.476800000000000113e-02,-5.653899999999999898e-02,1.856500000000000164e-02,-3.321000000000000167e-03,-5.544999999999999582e-03,2.334999999999999836e-03
-1.147959999999999953e-01,-3.989000000000000185e-02,7.938910000000000133e-01,6.162969999999999837e-01,1.133389999999999953e-01,-9.010000000000000647e-03,-7.792630000000000390e-01,-4.164459999999999829e-01,3.139890000000000181e-01,1.214820000000000066e-01,9.402430000000000510e-01,-1.426999999999999935e-01,-1.777839999999999976e-01,-5.590889999999999471e-01,-1.832360000000000100e-01,9.783999999999999295e-03,6.996639999999999526e-01,-2.910610000000000142e-01,5.692000000000000011e-03,-2.488170000000000104e-01,8.122600000000000653e-02,-6.298999999999999912e-03,1.020910000000000012e-01,-2.811400000000000010e-02,6.844200000000000284e-02,-1.355300000000000081e-02,-9.145000000000000351e-03,-4.185000000000000352e-03,2.155999999999999930e-03,1.054579999999999962e-01,7.966099999999999570e-02,-6.525499999999999357e-02,1.944200000000000095e-02,-3.690999999999999837e-03,-5.929000000000000242e-03,1.500000000000000031e-03
-1.123630000000000045e-01,-3.921700000000000186e-02,7.975700000000000012e-01,6.196610000000000174e-01,1.123650000000000065e-01,-6.516000000000000091e-03,-7.767570000000000308e-01,-3.599450000000000149e-01,3.129660000000000220e-01,1.369319999999999982e-01,8.000310000000000477e-01,-1.037310000000000038e-01,-1.744560000000000000e-01,-5.382289999999999575e-01,-1.863940000000000041e-01,-2.838999999999999944e-03,6.551759999999999806e-01,-2.679860000000000020e-01,8.179000000000000506e-03,-2.598260000000000014e-01,8.960500000000000409e-02,-1.363400000000000029e-02,1.115089999999999970e-01,-4.148000000000000298e-02,6.937999999999999723e-02,1.103999999999999947e-03,-1.275000000000000092e-03,-7.542000000000000093e-03,1.788000000000000093e-03,1.149769999999999959e-01,9.878800000000000081e-02,-7.180799999999999683e-02,3.052600000000000105e-02,-3.993000000000000022e-03,-5.994000000000000196e-03,2.180000000000000134e-04
-1.091730000000000061e-01,-4.282299999999999995e-02,7.981949999999999878e-01,6.199210000000000553e-01,1.094969999999999971e-01,-7.770000000000000214e-04,-7.769859999999999545e-01,-3.090530000000000221e-01,3.071059999999999901e-01,1.305139999999999911e-01,6.910709999999999908e-01,-9.338599999999999679e-02,-1.746699999999999919e-01,-5.253379999999999717e-01,-1.793549999999999867e-01,-9.166999999999999801e-03,6.361080000000000068e-01,-2.652499999999999858e-01,1.318500000000000054e-02,-2.586220000000000185e-01,1.066330000000000056e-01,-2.018700000000000008e-02,1.208609999999999962e-01,-3.541699999999999710e-02,7.524200000000000332e-02,1.237999999999999951e-03,-3.210000000000000180e-03,-9.577999999999999708e-03,-9.510000000000000224e-04,1.304200000000000081e-01,9.218099999999999905e-02,-8.421900000000000219e-02,3.286599999999999938e-02,-4.762999999999999873e-03,-8.972000000000000808e-03,-1.159000000000000091e-03
-1.065799999999999942e-01,-4.482799999999999979e-02,7.998060000000000169e-01,6.203880000000000505e-01,1.062499999999999972e-01,4.142999999999999981e-03,-7.770540000000000225e-01,-2.537739999999999996e-01,2.999560000000000004e-01,1.249579999999999996e-01,5.713040000000000340e-01,-7.494699999999999973e-02,-1.748679999999999957e-01,-5.077099999999999946e-01,-1.721509999999999985e-01,-1.829700000000000076e-02,6.065190000000000303e-01,-2.545020000000000060e-01,1.585999999999999910e-02,-2.590169999999999972e-01,1.222499999999999976e-01,-2.548999999999999877e-02,1.324079999999999979e-01,-3.378799999999999859e-02,8.148500000000000187e-02,4.187999999999999882e-03,-3.759000000000000188e-03,-9.960000000000000103e-03,-1.384000000000000031e-03,1.456280000000000074e-01,9.219399999999999817e-02,-9.559399999999999842e-02,3.756999999999999923e-02,-5.571000000000000431e-03,-1.043499999999999983e-02,-2.526000000000000034e-03
-1.038950000000000012e-01,-4.675699999999999995e-02,8.016729999999999690e-01,6.208320000000000505e-01,1.024420000000000053e-01,8.906000000000000721e-03,-7.771709999999999452e-01,-1.983729999999999938e-01,2.931170000000000164e-01,1.194589999999999957e-01,4.536560000000000037e-01,-5.777600000000000097e-02,-1.744989999999999875e-01,-4.878080000000000194e-01,-1.642419999999999991e-01,-2.760400000000000006e-02,5.742789999999999839e-01,-2.423220000000000096e-01,1.861399999999999860e-02,-2.597110000000000252e-01,1.380679999999999963e-01,-2.938899999999999846e-02,1.440599999999999936e-01,-3.250700000000000117e-02,8.805799999999999739e-02,7.020000000000000198e-03,-3.971999999999999836e-03,-1.062300000000000050e-02,-1.291999999999999963e-03,1.609210000000000085e-01,9.403400000000000647e-02,-1.065139999999999976e-01,4.282899999999999902e-02,-6.752000000000000189e-03,-1.187099999999999961e-02,-3.821000000000000178e-03
-1.026740000000000014e-01,-4.671399999999999858e-02,8.038260000000000405e-01,6.216329999999999911e-01,9.673800000000000454e-02,1.208599999999999952e-02,-7.772179999999999644e-01,-1.323159999999999892e-01,2.921799999999999953e-01,1.469179999999999930e-01,3.411290000000000155e-01,-2.486100000000000115e-02,-1.630280000000000062e-01,-4.579050000000000065e-01,-1.525650000000000062e-01,-3.652299999999999991e-02,5.275459999999999594e-01,-2.187949999999999895e-01,1.830000000000000029e-02,-2.634659999999999780e-01,1.533819999999999906e-01,-2.694300000000000167e-02,1.531170000000000031e-01,-4.164299999999999946e-02,9.300999999999999546e-02,1.728999999999999981e-02,-9.210000000000000521e-04,-1.008700000000000048e-02,-1.121999999999999950e-03,1.640490000000000004e-01,1.056890000000000052e-01,-1.115440000000000043e-01,5.006599999999999939e-02,-4.494999999999999864e-03,-1.226299999999999960e-02,-3.210000000000000180e-03
-1.007610000000000033e-01,-4.823299999999999810e-02,8.050329999999999986e-01,6.218449999999999811e-01,9.259199999999999375e-02,1.634499999999999842e-02,-7.774759999999999449e-01,-8.336200000000000554e-02,2.902799999999999825e-01,1.732180000000000109e-01,2.614580000000000237e-01,-1.205099999999999921e-02,-1.523120000000000029e-01,-4.386900000000000244e-01,-1.418069999999999886e-01,-4.107700000000000240e-02,4.971280000000000143e-01,-2.053449999999999998e-01,2.015399999999999830e-02,-2.627959999999999741e-01,1.689700000000000091e-01,-2.739899999999999974e-02,1.600979999999999903e-01,-4.460200000000000276e-02,9.766700000000000381e-02,1.825799999999999992e-02,-1.930000000000000021e-04,-1.027699999999999968e-02,-2.573999999999999899e-03,1.690679999999999961e-01,1.079249999999999932e-01,-1.173069999999999946e-01,4.999399999999999678e-02,-3.209000000000000047e-03,-1.293799999999999985e-02,-3.307000000000000044e-03
-9.900599999999999679e-02,-4.955500000000000183e-02,8.061800000000000077e-01,6.219580000000000108e-01,8.885400000000000242e-02,2.094499999999999834e-02,-7.777110000000000412e-01,-3.849400000000000044e-02,2.871830000000000216e-01,1.992869999999999919e-01,1.878380000000000050e-01,-2.590999999999999987e-03,-1.437609999999999999e-01,-4.208779999999999744e-01,-1.303650000000000087e-01,-4.530300000000000299e-02,4.666649999999999965e-01,-1.916559999999999930e-01,2.163699999999999998e-02,-2.614920000000000022e-01,1.843720000000000081e-01,-2.905900000000000150e-02,1.663679999999999881e-01,-4.745699999999999918e-02,1.015910000000000007e-01,1.774099999999999983e-02,1.039999999999999936e-04,-1.028699999999999927e-02,-3.896999999999999856e-03,1.744529999999999970e-01,1.095119999999999982e-01,-1.226209999999999939e-01,4.887799999999999784e-02,-1.796000000000000070e-03,-1.337900000000000027e-02,-3.397999999999999979e-03
-9.800300000000000678e-02,-5.106600000000000028e-02,8.071369999999999933e-01,6.221160000000000023e-01,8.657499999999999918e-02,2.373600000000000015e-02,-7.777619999999999534e-01,-1.476399999999999935e-02,2.820509999999999962e-01,2.012859999999999927e-01,1.583060000000000023e-01,-1.397999999999999937e-03,-1.459070000000000089e-01,-4.059010000000000118e-01,-1.231170000000000042e-01,-4.694999999999999868e-02,4.416019999999999945e-01,-1.804489999999999983e-01,2.304700000000000151e-02,-2.587439999999999740e-01,1.951960000000000084e-01,-3.148999999999999716e-02,1.762360000000000038e-01,-4.894400000000000139e-02,1.046429999999999999e-01,2.177400000000000169e-02,1.147000000000000016e-03,-1.025599999999999949e-02,-5.461999999999999841e-03,1.814419999999999922e-01,1.148020000000000013e-01,-1.296420000000000072e-01,5.371800000000000186e-02,-3.746999999999999897e-03,-1.306299999999999996e-02,-2.749000000000000141e-03
-9.713700000000000112e-02,-5.254299999999999943e-02,8.081840000000000135e-01,6.223030000000000506e-01,8.462500000000000577e-02,2.676100000000000007e-02,-7.777279999999999749e-01,7.232999999999999846e-03,2.767319999999999780e-01,2.031370000000000120e-01,1.305929999999999869e-01,-9.179999999999999792e-04,-1.484989999999999921e-01,-3.918760000000000021e-01,-1.157740000000000019e-01,-4.855999999999999900e-02,4.165110000000000201e-01,-1.691779999999999951e-01,2.430999999999999828e-02,-2.560620000000000118e-01,2.059439999999999882e-01,-3.502299999999999858e-02,1.851430000000000020e-01,-5.022200000000000275e-02,1.067410000000000025e-01,2.508000000000000160e-02,1.975000000000000193e-03,-1.056200000000000021e-02,-6.930999999999999661e-03,1.880749999999999922e-01,1.198380000000000001e-01,-1.357349999999999945e-01,5.840700000000000058e-02,-5.369999999999999774e-03,-1.293700000000000058e-02,-1.874999999999999931e-03
-9.638199999999999545e-02,-5.398900000000000227e-02,8.091869999999999896e-01,6.225319999999999743e-01,8.273999999999999411e-02,2.975900000000000073e-02,-7.776389999999999691e-01,2.874200000000000019e-02,2.710350000000000259e-01,2.049930000000000085e-01,1.039049999999999974e-01,-8.229999999999999469e-04,-1.515070000000000028e-01,-3.777159999999999962e-01,-1.084299999999999986e-01,-5.011700000000000182e-02,3.909199999999999897e-01,-1.576480000000000103e-01,2.549399999999999930e-02,-2.534359999999999946e-01,2.164600000000000135e-01,-3.874999999999999972e-02,1.927129999999999954e-01,-5.124800000000000189e-02,1.079080000000000039e-01,2.742800000000000099e-02,2.589999999999999854e-03,-1.090400000000000050e-02,-8.364999999999999172e-03,1.935139999999999916e-01,1.239699999999999969e-01,-1.403590000000000115e-01,6.262399999999999911e-02,-6.440000000000000412e-03,-1.278800000000000076e-02,-9.899999999999999946e-04
-9.478499999999999426e-02,-5.519400000000000001e-02,8.096970000000000001e-01,6.247080000000000410e-01,8.053000000000000436e-02,3.191200000000000286e-02,-7.760390000000000343e-01,3.120399999999999910e-02,2.711459999999999981e-01,2.040299999999999891e-01,1.035920000000000035e-01,1.465100000000000083e-02,-1.549740000000000006e-01,-3.668109999999999982e-01,-1.053329999999999961e-01,-5.259899999999999992e-02,3.761959999999999749e-01,-1.503879999999999939e-01,2.754799999999999957e-02,-2.577929999999999944e-01,2.252419999999999978e-01,-3.865899999999999892e-02,1.973360000000000114e-01,-5.308800000000000324e-02,1.136640000000000011e-01,3.123700000000000088e-02,4.244999999999999642e-03,-1.076099999999999973e-02,-6.703999999999999890e-03,1.984319999999999973e-01,1.256460000000000077e-01,-1.477080000000000060e-01,6.487800000000000511e-02,-9.058000000000000079e-03,-1.311499999999999992e-02,-2.753999999999999938e-03
-9.328200000000000380e-02,-5.638399999999999662e-02,8.100610000000000310e-01,6.269200000000000328e-01,7.859199999999999520e-02,3.388200000000000239e-02,-7.743689999999999740e-01,3.332000000000000239e-02,2.706589999999999829e-01,2.028059999999999863e-01,1.035220000000000029e-01,3.013599999999999959e-02,-1.583100000000000063e-01,-3.562609999999999943e-01,-1.029140000000000055e-01,-5.542199999999999904e-02,3.618100000000000205e-01,-1.443530000000000091e-01,3.015999999999999931e-02,-2.622860000000000191e-01,2.332629999999999981e-01,-3.907499999999999862e-02,2.004589999999999983e-01,-5.459499999999999770e-02,1.183909999999999962e-01,3.410400000000000237e-02,5.629000000000000323e-03,-1.059200000000000072e-02,-4.928000000000000089e-03,2.017609999999999959e-01,1.261680000000000024e-01,-1.536959999999999993e-01,6.666999999999999316e-02,-1.094299999999999960e-02,-1.339000000000000086e-02,-4.695999999999999654e-03
-9.181599999999999484e-02,-5.756300000000000305e-02,8.105139999999999567e-01,6.291379999999999750e-01,7.668700000000000516e-02,3.580499999999999655e-02,-7.726720000000000255e-01,3.545000000000000234e-02,2.700350000000000250e-01,2.014330000000000009e-01,1.035390000000000060e-01,4.561899999999999983e-02,-1.614730000000000054e-01,-3.457410000000000205e-01,-1.005449999999999955e-01,-5.820999999999999786e-02,3.474749999999999783e-01,-1.383439999999999948e-01,3.277599999999999958e-02,-2.667990000000000084e-01,2.411129999999999940e-01,-3.954799999999999982e-02,2.021280000000000021e-01,-5.590200000000000030e-02,1.224279999999999952e-01,3.595199999999999785e-02,6.812999999999999612e-03,-1.034400000000000076e-02,-3.014000000000000186e-03,2.031459999999999932e-01,1.255400000000000127e-01,-1.582060000000000133e-01,6.807199999999999362e-02,-1.212099999999999983e-02,-1.355300000000000081e-02,-6.838000000000000328e-03
-9.040399999999999825e-02,-5.763000000000000067e-02,8.101340000000000208e-01,6.319200000000000372e-01,7.641000000000000569e-02,3.702799999999999842e-02,-7.703680000000000527e-01,2.921999999999999945e-02,2.691140000000000199e-01,1.910570000000000046e-01,1.045890000000000014e-01,6.432499999999999329e-02,-1.609690000000000010e-01,-3.451299999999999923e-01,-1.028420000000000029e-01,-6.263299999999999423e-02,3.467879999999999852e-01,-1.401940000000000131e-01,3.451699999999999907e-02,-2.677849999999999953e-01,2.473559999999999925e-01,-3.629899999999999793e-02,2.002929999999999988e-01,-5.306000000000000300e-02,1.221480000000000066e-01,3.305899999999999811e-02,6.419000000000000226e-03,-1.068500000000000005e-02,-2.337000000000000102e-03,2.024299999999999988e-01,1.267580000000000096e-01,-1.578789999999999916e-01,6.443599999999999328e-02,-1.492899999999999956e-02,-1.335000000000000075e-02,-6.862000000000000044e-03
-8.900900000000000478e-02,-5.769300000000000123e-02,8.097330000000000361e-01,6.347070000000000212e-01,7.632899999999999407e-02,3.820099999999999885e-02,-7.680240000000000400e-01,2.265800000000000106e-02,2.677780000000000160e-01,1.804929999999999868e-01,1.056809999999999972e-01,8.298600000000000421e-02,-1.605219999999999980e-01,-3.452779999999999738e-01,-1.055159999999999987e-01,-6.690100000000000213e-02,3.471000000000000196e-01,-1.425470000000000070e-01,3.635100000000000137e-02,-2.688249999999999806e-01,2.533329999999999749e-01,-3.340599999999999820e-02,1.976529999999999954e-01,-5.010900000000000076e-02,1.217390000000000000e-01,2.897999999999999882e-02,5.743999999999999974e-03,-1.084000000000000068e-02,-1.425999999999999967e-03,2.000530000000000086e-01,1.273849999999999982e-01,-1.567040000000000100e-01,6.058700000000000196e-02,-1.705100000000000018e-02,-1.304300000000000077e-02,-7.145000000000000309e-03
-8.762000000000000344e-02,-5.775999999999999884e-02,8.093350000000000266e-01,6.374809999999999643e-01,7.626700000000000146e-02,3.935799999999999715e-02,-7.656709999999999905e-01,1.613399999999999904e-02,2.663980000000000237e-01,1.699100000000000055e-01,1.067639999999999978e-01,1.016129999999999950e-01,-1.600139999999999896e-01,-3.454559999999999853e-01,-1.082400000000000029e-01,-7.113999999999999491e-02,3.474670000000000258e-01,-1.449280000000000013e-01,3.819299999999999778e-02,-2.698729999999999740e-01,2.592539999999999845e-01,-3.056700000000000042e-02,1.945050000000000112e-01,-4.732900000000000301e-02,1.214889999999999998e-01,2.376800000000000093e-02,4.859999999999999737e-03,-1.090200000000000023e-02,-3.539999999999999853e-04,1.964700000000000057e-01,1.276839999999999919e-01,-1.551319999999999921e-01,5.661299999999999666e-02,-1.871199999999999947e-02,-1.264499999999999999e-02,-7.740000000000000352e-03
-8.686000000000000665e-02,-5.639799999999999675e-02,8.091629999999999656e-01,6.403489999999999460e-01,7.626099999999999546e-02,3.952200000000000157e-02,-7.632660000000000000e-01,8.644999999999999907e-03,2.653280000000000083e-01,1.626070000000000015e-01,1.079279999999999962e-01,1.145020000000000066e-01,-1.592359999999999887e-01,-3.474689999999999723e-01,-1.121510000000000007e-01,-7.672700000000000353e-02,3.505460000000000242e-01,-1.457640000000000047e-01,4.209899999999999753e-02,-2.690480000000000094e-01,2.612079999999999957e-01,-2.545100000000000140e-02,1.914369999999999961e-01,-4.714900000000000341e-02,1.157409999999999967e-01,2.692500000000000102e-02,4.691999999999999990e-03,-1.085900000000000060e-02,-2.652999999999999976e-03,1.991140000000000132e-01,1.270120000000000138e-01,-1.546879999999999922e-01,5.494500000000000078e-02,-1.825999999999999845e-02,-1.252999999999999947e-02,-4.879999999999999789e-03
-8.613800000000000623e-02,-5.512700000000000239e-02,8.088830000000000187e-01,6.432020000000000515e-01,7.632099999999999995e-02,3.958899999999999919e-02,-7.608540000000000303e-01,1.165999999999999936e-03,2.640759999999999774e-01,1.553070000000000006e-01,1.091400000000000009e-01,1.274190000000000045e-01,-1.585739999999999927e-01,-3.494039999999999924e-01,-1.165039999999999965e-01,-8.326100000000000168e-02,3.536409999999999831e-01,-1.472680000000000100e-01,4.411400000000000043e-02,-2.681359999999999855e-01,2.626359999999999806e-01,-2.054299999999999876e-02,1.883940000000000059e-01,-4.781699999999999839e-02,1.101619999999999960e-01,2.952799999999999869e-02,4.314000000000000126e-03,-1.090499999999999976e-02,-4.965999999999999928e-03,2.019309999999999994e-01,1.266539999999999888e-01,-1.550620000000000054e-01,5.337700000000000083e-02,-1.769199999999999939e-02,-1.248999999999999937e-02,-1.966999999999999998e-03
-8.550299999999999567e-02,-5.377400000000000235e-02,8.086069999999999647e-01,6.460420000000000051e-01,7.638599999999999557e-02,3.964100000000000262e-02,-7.584349999999999703e-01,-6.296000000000000381e-03,2.628210000000000268e-01,1.480390000000000039e-01,1.103790000000000049e-01,1.403230000000000033e-01,-1.579510000000000081e-01,-3.513040000000000052e-01,-1.209090000000000026e-01,-8.976000000000000645e-02,3.567509999999999848e-01,-1.487819999999999976e-01,4.614399999999999752e-02,-2.672160000000000091e-01,2.640109999999999957e-01,-1.566400000000000084e-02,1.855499999999999927e-01,-4.923099999999999699e-02,1.049780000000000019e-01,3.156699999999999784e-02,3.700999999999999863e-03,-1.084700000000000074e-02,-7.424000000000000044e-03,2.045800000000000118e-01,1.269329999999999903e-01,-1.557890000000000108e-01,5.208399999999999835e-02,-1.703299999999999953e-02,-1.245500000000000079e-02,9.129999999999999661e-04
-8.513700000000000434e-02,-5.200899999999999967e-02,8.086769999999999792e-01,6.491080000000000183e-01,7.609699999999999798e-02,3.935299999999999909e-02,-7.558559999999999723e-01,-1.341400000000000058e-02,2.620660000000000212e-01,1.461290000000000089e-01,1.105430000000000024e-01,1.517590000000000050e-01,-1.487489999999999923e-01,-3.519269999999999898e-01,-1.244350000000000039e-01,-9.659900000000000431e-02,3.583620000000000139e-01,-1.479509999999999992e-01,4.410200000000000231e-02,-2.651439999999999908e-01,2.621700000000000141e-01,-9.997000000000000677e-03,1.864010000000000111e-01,-4.982000000000000317e-02,1.031630000000000047e-01,3.398299999999999932e-02,4.499000000000000395e-03,-1.119000000000000029e-02,-8.585000000000000617e-03,2.035959999999999992e-01,1.251099999999999990e-01,-1.504989999999999939e-01,5.542799999999999810e-02,-1.858699999999999936e-02,-1.325600000000000042e-02,2.170000000000000054e-03
-8.498300000000000298e-02,-5.025099999999999706e-02,8.086609999999999632e-01,6.521770000000000067e-01,7.586199999999999888e-02,3.895300000000000151e-02,-7.532539999999999791e-01,-2.046999999999999861e-02,2.611689999999999845e-01,1.444350000000000078e-01,1.108709999999999973e-01,1.633050000000000057e-01,-1.396820000000000006e-01,-3.521170000000000133e-01,-1.288749999999999896e-01,-1.049039999999999973e-01,3.595869999999999900e-01,-1.470839999999999925e-01,4.540700000000000292e-02,-2.630310000000000148e-01,2.602030000000000176e-01,-4.328000000000000250e-03,1.871639999999999970e-01,-5.134099999999999775e-02,1.014209999999999973e-01,3.675599999999999701e-02,5.158000000000000258e-03,-1.136500000000000010e-02,-1.007899999999999942e-02,2.020099999999999951e-01,1.240679999999999977e-01,-1.447219999999999895e-01,5.952099999999999752e-02,-2.004699999999999885e-02,-1.416199999999999924e-02,3.530000000000000152e-03
-8.474299999999999888e-02,-4.840799999999999964e-02,8.087590000000000057e-01,6.552440000000000486e-01,7.566900000000000015e-02,3.848700000000000038e-02,-7.506319999999999659e-01,-2.748799999999999855e-02,2.601760000000000184e-01,1.429479999999999917e-01,1.113060000000000022e-01,1.748989999999999989e-01,-1.306930000000000036e-01,-3.521969999999999823e-01,-1.334879999999999955e-01,-1.131670000000000037e-01,3.607130000000000059e-01,-1.461649999999999894e-01,4.674199999999999883e-02,-2.609420000000000073e-01,2.581100000000000061e-01,1.324000000000000090e-03,1.874170000000000003e-01,-5.394600000000000090e-02,9.922200000000000464e-02,4.074799999999999950e-02,5.710999999999999931e-03,-1.130800000000000034e-02,-1.218799999999999918e-02,1.997720000000000051e-01,1.235689999999999983e-01,-1.383590000000000098e-01,6.441500000000000004e-02,-2.153100000000000153e-02,-1.515900000000000060e-02,5.213999999999999885e-03
-8.669499999999999429e-02,-4.655399999999999816e-02,8.084480000000000555e-01,6.579230000000000356e-01,7.478200000000000125e-02,3.685700000000000087e-02,-7.484560000000000102e-01,-3.726600000000000051e-02,2.607530000000000125e-01,1.352039999999999909e-01,1.132940000000000058e-01,1.742380000000000040e-01,-1.179319999999999952e-01,-3.532580000000000164e-01,-1.350969999999999949e-01,-1.188609999999999944e-01,3.700419999999999821e-01,-1.522419999999999884e-01,3.882100000000000134e-02,-2.584810000000000163e-01,2.479999999999999982e-01,5.792000000000000273e-03,1.908330000000000026e-01,-5.024300000000000294e-02,1.044380000000000031e-01,4.506500000000000089e-02,7.655000000000000346e-03,-1.158700000000000008e-02,-9.303999999999999770e-03,2.020460000000000034e-01,1.217889999999999945e-01,-1.412440000000000084e-01,6.348600000000000076e-02,-1.953600000000000128e-02,-1.526300000000000053e-02,2.214999999999999955e-03
-8.881500000000000505e-02,-4.468400000000000150e-02,8.082840000000000025e-01,6.606450000000000378e-01,7.405799999999999883e-02,3.513899999999999663e-02,-7.462090000000000112e-01,-4.732100000000000195e-02,2.610620000000000163e-01,1.274470000000000047e-01,1.157989999999999992e-01,1.737680000000000058e-01,-1.052069999999999950e-01,-3.547460000000000058e-01,-1.372109999999999996e-01,-1.243340000000000001e-01,3.799660000000000259e-01,-1.575050000000000061e-01,3.491899999999999865e-02,-2.561559999999999948e-01,2.372269999999999934e-01,1.002100000000000039e-02,1.931410000000000071e-01,-4.766200000000000297e-02,1.081280000000000019e-01,5.206600000000000117e-02,9.636000000000000468e-03,-1.150400000000000034e-02,-7.093999999999999612e-03,2.040450000000000041e-01,1.201050000000000034e-01,-1.438139999999999974e-01,6.332799999999999541e-02,-1.777400000000000160e-02,-1.524299999999999961e-02,-2.159999999999999919e-04
-9.089500000000000357e-02,-4.279100000000000265e-02,8.080929999999999502e-01,6.634010000000000185e-01,7.347299999999999665e-02,3.331300000000000233e-02,-7.439019999999999522e-01,-5.753599999999999687e-02,2.610469999999999735e-01,1.197649999999999965e-01,1.187480000000000063e-01,1.734529999999999961e-01,-9.245499999999999552e-02,-3.561759999999999926e-01,-1.396380000000000121e-01,-1.297550000000000092e-01,3.896180000000000199e-01,-1.626100000000000045e-01,3.098899999999999919e-02,-2.538799999999999946e-01,2.260280000000000067e-01,1.414800000000000085e-02,1.938809999999999978e-01,-4.640799999999999786e-02,1.101420000000000038e-01,6.235000000000000264e-02,1.189199999999999979e-02,-1.053899999999999976e-02,-5.263999999999999582e-03,2.047569999999999946e-01,1.184479999999999977e-01,-1.451060000000000128e-01,6.390600000000000447e-02,-1.606700000000000142e-02,-1.465900000000000016e-02,-2.341000000000000199e-03
-9.509900000000000297e-02,-4.125000000000000194e-02,8.098699999999999788e-01,6.651780000000000470e-01,7.787600000000000078e-02,2.472500000000000045e-02,-7.422009999999999996e-01,-1.188560000000000033e-01,2.554509999999999836e-01,1.218599999999999961e-01,2.426000000000000101e-01,1.504860000000000086e-01,-8.793299999999999728e-02,-3.630340000000000233e-01,-1.579409999999999981e-01,-1.272629999999999872e-01,4.103809999999999958e-01,-1.646259999999999946e-01,3.041400000000000006e-02,-2.485130000000000117e-01,1.985020000000000118e-01,1.523300000000000001e-02,1.962190000000000045e-01,-4.301300000000000262e-02,1.154410000000000019e-01,5.058499999999999802e-02,1.161599999999999959e-02,-1.320799999999999925e-02,-1.400999999999999902e-03,2.041800000000000004e-01,1.155999999999999944e-01,-1.473240000000000105e-01,5.782799999999999746e-02,-1.566000000000000031e-02,-1.430799999999999954e-02,-5.316999999999999678e-03
-1.001950000000000063e-01,-3.958699999999999719e-02,8.120089999999999808e-01,6.670409999999999950e-01,8.439299999999999580e-02,1.506200000000000074e-02,-7.400719999999999521e-01,-1.909420000000000006e-01,2.457630000000000092e-01,1.238879999999999981e-01,3.853860000000000063e-01,1.178280000000000022e-01,-8.347400000000000653e-02,-3.707320000000000060e-01,-1.792169999999999874e-01,-1.218359999999999999e-01,4.284589999999999788e-01,-1.698250000000000037e-01,2.692599999999999855e-02,-2.434209999999999985e-01,1.652810000000000112e-01,1.335399999999999955e-02,1.976179999999999881e-01,-4.016000000000000125e-02,1.177310000000000023e-01,4.088699999999999973e-02,1.197200000000000000e-02,-1.412700000000000067e-02,2.138999999999999842e-03,2.047529999999999906e-01,1.127490000000000020e-01,-1.508099999999999996e-01,5.207300000000000123e-02,-1.581899999999999973e-02,-1.289700000000000048e-02,-8.387000000000000358e-03
-1.053110000000000018e-01,-3.759200000000000041e-02,8.140169999999999906e-01,6.688779999999999726e-01,9.080900000000000083e-02,5.747000000000000372e-03,-7.377829999999999666e-01,-2.717350000000000043e-01,2.374070000000000069e-01,1.259260000000000101e-01,5.459680000000000089e-01,7.601900000000000324e-02,-7.928799999999999737e-02,-3.792130000000000223e-01,-1.995540000000000092e-01,-1.165110000000000035e-01,4.462530000000000108e-01,-1.744179999999999897e-01,2.321000000000000146e-02,-2.385019999999999918e-01,1.319660000000000000e-01,1.231200000000000003e-02,1.960770000000000013e-01,-3.850300000000000250e-02,1.182610000000000050e-01,3.585200000000000192e-02,1.315000000000000023e-02,-1.465699999999999989e-02,5.041999999999999607e-03,2.039529999999999954e-01,1.096810000000000007e-01,-1.543899999999999995e-01,4.753600000000000186e-02,-1.631499999999999964e-02,-1.149599999999999927e-02,-1.144500000000000031e-02
-1.091550000000000020e-01,-3.463700000000000112e-02,8.131460000000000354e-01,6.687260000000000426e-01,9.554200000000000192e-02,-1.111000000000000008e-03,-7.373439999999999994e-01,-3.396569999999999867e-01,2.255479999999999985e-01,1.123620000000000035e-01,6.997590000000000199e-01,3.149899999999999922e-02,-8.195399999999999907e-02,-4.007100000000000106e-01,-2.131220000000000059e-01,-1.050849999999999979e-01,4.822270000000000167e-01,-1.860590000000000022e-01,1.944099999999999995e-02,-2.253729999999999900e-01,1.057059999999999944e-01,1.175400000000000056e-02,1.889240000000000086e-01,-3.795300000000000062e-02,1.097970000000000057e-01,2.131699999999999914e-02,1.120099999999999915e-02,-1.506500000000000027e-02,4.179999999999999688e-03,1.993499999999999994e-01,1.113989999999999980e-01,-1.531019999999999881e-01,4.333499999999999852e-02,-1.621799999999999978e-02,-1.053100000000000043e-02,-1.121699999999999954e-02
-1.126189999999999969e-01,-3.147699999999999804e-02,8.117630000000000123e-01,6.685820000000000096e-01,9.944500000000000561e-02,-6.973000000000000032e-03,-7.369259999999999700e-01,-4.106040000000000245e-01,2.150940000000000074e-01,9.921199999999999464e-02,8.599139999999999562e-01,-1.655500000000000027e-02,-8.545500000000000318e-02,-4.237440000000000095e-01,-2.241730000000000111e-01,-9.407799999999999496e-02,5.206169999999999964e-01,-1.985689999999999955e-01,1.585800000000000057e-02,-2.123279999999999890e-01,8.235499999999999765e-02,1.284099999999999998e-02,1.769900000000000084e-01,-3.814800000000000135e-02,1.003959999999999991e-01,1.083199999999999961e-02,9.778000000000000233e-03,-1.493700000000000062e-02,3.301999999999999814e-03,1.900050000000000072e-01,1.124919999999999948e-01,-1.497670000000000112e-01,3.982600000000000029e-02,-1.587900000000000075e-02,-9.735999999999999863e-03,-1.144900000000000084e-02
-1.161490000000000022e-01,-3.009999999999999828e-02,8.095419999999999838e-01,6.678899999999999837e-01,1.002129999999999965e-01,-1.176199999999999989e-02,-7.373889999999999612e-01,-4.778970000000000162e-01,2.102529999999999955e-01,8.375100000000000600e-02,1.029698000000000002e+00,-7.495100000000000373e-02,-9.243099999999999927e-02,-4.459940000000000015e-01,-2.287170000000000036e-01,-8.389599999999999835e-02,5.721690000000000387e-01,-2.217510000000000037e-01,1.186300000000000028e-02,-1.947170000000000012e-01,6.628100000000000658e-02,2.182800000000000018e-02,1.575920000000000099e-01,-2.968099999999999905e-02,9.371999999999999775e-02,-9.686000000000000165e-03,3.763999999999999985e-03,-1.283399999999999992e-02,1.619999999999999912e-03,1.740160000000000040e-01,9.966500000000000359e-02,-1.438510000000000066e-01,2.741400000000000087e-02,-1.562299999999999973e-02,-9.540999999999999134e-03,-1.177300000000000048e-02
-1.176129999999999953e-01,-2.689100000000000171e-02,8.061390000000000500e-01,6.680059999999999887e-01,9.997100000000000430e-02,-1.368399999999999998e-02,-7.372840000000000504e-01,-5.237180000000000168e-01,2.113750000000000073e-01,8.523999999999999633e-02,1.142999000000000098e+00,-1.117059999999999997e-01,-9.740699999999999359e-02,-4.660250000000000226e-01,-2.300379999999999925e-01,-7.873099999999999543e-02,6.087749999999999551e-01,-2.368719999999999992e-01,9.390000000000000777e-03,-1.828710000000000058e-01,5.497200000000000003e-02,2.036800000000000069e-02,1.388300000000000090e-01,-2.970400000000000124e-02,8.755300000000000582e-02,-1.717600000000000030e-02,-8.399999999999999535e-05,-1.095299999999999919e-02,4.415999999999999787e-03,1.527090000000000114e-01,9.106899999999999717e-02,-1.285590000000000066e-01,2.482099999999999931e-02,-1.422600000000000080e-02,-9.069999999999999937e-03,-1.024300000000000037e-02
-1.190409999999999940e-01,-2.367500000000000160e-02,8.029469999999999663e-01,6.683189999999999964e-01,9.960199999999999609e-02,-1.620100000000000012e-02,-7.369980000000000420e-01,-5.667950000000000488e-01,2.113839999999999886e-01,8.874700000000000644e-02,1.253090999999999955e+00,-1.471089999999999898e-01,-1.014720000000000066e-01,-4.835729999999999751e-01,-2.323099999999999887e-01,-7.376299999999999524e-02,6.427100000000000035e-01,-2.507460000000000244e-01,7.395999999999999797e-03,-1.719199999999999895e-01,4.331499999999999934e-02,1.958299999999999971e-02,1.132350000000000023e-01,-2.980700000000000016e-02,7.966199999999999670e-02,-2.314499999999999891e-02,-2.841000000000000209e-03,-9.837000000000000258e-03,8.031999999999999210e-03,1.240020000000000011e-01,8.121699999999999753e-02,-1.092380000000000018e-01,2.185399999999999843e-02,-1.269699999999999995e-02,-8.873999999999999944e-03,-9.672000000000000042e-03
-1.203440000000000065e-01,-2.039300000000000140e-02,7.998049999999999882e-01,6.687189999999999523e-01,9.908200000000000340e-02,-1.869200000000000028e-02,-7.366460000000000230e-01,-6.093680000000000208e-01,2.117229999999999945e-01,9.328100000000000280e-02,1.362708000000000030e+00,-1.825479999999999881e-01,-1.051259999999999972e-01,-5.010109999999999841e-01,-2.342899999999999983e-01,-6.905100000000000127e-02,6.768389999999999684e-01,-2.647030000000000216e-01,5.453999999999999647e-03,-1.612540000000000084e-01,3.190500000000000280e-02,1.930000000000000118e-02,7.881199999999999317e-02,-2.861299999999999955e-02,6.917500000000000038e-02,-3.013800000000000159e-02,-5.329000000000000403e-03,-8.642999999999999641e-03,1.278900000000000002e-02,8.704199999999999438e-02,6.859200000000000019e-02,-8.627300000000000246e-02,1.670100000000000057e-02,-1.085700000000000033e-02,-8.396000000000000685e-03,-9.894000000000000017e-03
-1.205090000000000050e-01,-1.882100000000000092e-02,7.971660000000000412e-01,6.675200000000000022e-01,9.897100000000000342e-02,-1.984500000000000153e-02,-7.377179999999999849e-01,-6.282360000000000166e-01,2.013610000000000122e-01,8.821700000000000375e-02,1.413699999999999957e+00,-1.976189999999999891e-01,-1.127080000000000026e-01,-5.134729999999999572e-01,-2.346499999999999975e-01,-6.468100000000000238e-02,6.986310000000000020e-01,-2.761129999999999973e-01,2.096999999999999906e-03,-1.462799999999999934e-01,2.706000000000000072e-02,1.852900000000000033e-02,5.397799999999999820e-02,-1.439700000000000008e-02,5.867300000000000293e-02,-3.684699999999999781e-02,-5.859999999999999758e-03,-6.753000000000000322e-03,1.171400000000000045e-02,6.097500000000000142e-02,5.343300000000000133e-02,-6.574499999999999789e-02,9.468999999999999986e-03,-7.669999999999999735e-03,-6.289000000000000319e-03,-6.094999999999999724e-03
-1.207909999999999956e-01,-1.729599999999999888e-02,7.948739999999999695e-01,6.664970000000000061e-01,9.875699999999999756e-02,-2.178099999999999828e-02,-7.386169999999999680e-01,-6.445189999999999531e-01,1.895890000000000075e-01,8.469200000000000339e-02,1.462299000000000015e+00,-2.117080000000000073e-01,-1.199749999999999983e-01,-5.233269999999999866e-01,-2.362430000000000085e-01,-6.028399999999999731e-02,7.181130000000000013e-01,-2.865619999999999834e-01,1.216999999999999983e-03,-1.322720000000000007e-01,2.051899999999999905e-02,1.826399999999999899e-02,2.104999999999999927e-02,1.904000000000000093e-03,4.581400000000000056e-02,-4.698399999999999799e-02,-6.167999999999999872e-03,-4.943000000000000345e-03,1.158799999999999934e-02,2.814600000000000088e-02,3.585100000000000092e-02,-4.257600000000000273e-02,-9.610000000000000486e-04,-4.826999999999999694e-03,-3.834999999999999867e-03,-2.203000000000000097e-03
-1.209620000000000001e-01,-1.575400000000000064e-02,7.926149999999999585e-01,6.655529999999999502e-01,9.856099999999999584e-02,-2.388200000000000045e-02,-7.394290000000000029e-01,-6.604060000000000485e-01,1.773639999999999939e-01,8.196599999999999719e-02,1.510558000000000067e+00,-2.257180000000000020e-01,-1.271809999999999885e-01,-5.328910000000000036e-01,-2.381669999999999898e-01,-5.588499999999999718e-02,7.374199999999999644e-01,-2.969499999999999917e-01,4.809999999999999823e-04,-1.185869999999999980e-01,1.353299999999999989e-02,1.826699999999999852e-02,-2.040399999999999853e-02,2.091000000000000150e-02,3.097099999999999853e-02,-6.165799999999999753e-02,-6.910999999999999609e-03,-2.994999999999999832e-03,1.278800000000000076e-02,-1.284700000000000078e-02,1.512100000000000076e-02,-1.556500000000000071e-02,-1.499900000000000018e-02,-1.698999999999999989e-03,-9.460000000000000093e-04,1.561000000000000104e-03
-1.209540000000000060e-01,-1.598000000000000115e-02,7.922770000000000090e-01,6.650970000000000493e-01,9.632899999999999796e-02,-2.420299999999999882e-02,-7.401229999999999754e-01,-6.563949999999999507e-01,1.661870000000000014e-01,7.608600000000000085e-02,1.499721000000000082e+00,-2.366159999999999930e-01,-1.375049999999999883e-01,-5.273240000000000149e-01,-2.345530000000000115e-01,-5.572599999999999776e-02,7.365399999999999725e-01,-3.008899999999999908e-01,-5.310000000000000050e-04,-1.040269999999999945e-01,1.130100000000000028e-02,1.700799999999999881e-02,-3.522700000000000137e-02,4.688599999999999712e-02,3.670000000000000085e-03,-7.495100000000000373e-02,-8.035000000000000475e-03,-2.243999999999999901e-03,9.877000000000000363e-03,-3.345599999999999963e-02,-1.220199999999999931e-02,1.663500000000000048e-02,-3.006599999999999898e-02,1.621000000000000045e-03,2.693000000000000081e-03,7.428999999999999840e-03
-1.210819999999999952e-01,-1.647600000000000106e-02,7.922310000000000185e-01,6.645330000000000403e-01,9.356699999999999739e-02,-2.478800000000000101e-02,-7.409639999999999560e-01,-6.498760000000000092e-01,1.555630000000000068e-01,6.983399999999999330e-02,1.487405000000000088e+00,-2.474750000000000005e-01,-1.481959999999999944e-01,-5.190059999999999674e-01,-2.314219999999999888e-01,-5.899399999999999783e-02,7.335979999999999723e-01,-3.037219999999999920e-01,-2.275000000000000112e-03,-8.918399999999999939e-02,8.427000000000000463e-03,1.574300000000000005e-02,-5.339800000000000102e-02,7.576399999999999801e-02,-2.429299999999999862e-02,-9.476700000000000401e-02,-9.317999999999999894e-03,-1.557000000000000007e-03,7.690999999999999920e-03,-5.659000000000000141e-02,-4.149499999999999716e-02,5.027299999999999824e-02,-4.921999999999999986e-02,4.366000000000000089e-03,6.791000000000000161e-03,1.424699999999999925e-02
-1.213980000000000059e-01,-1.690799999999999942e-02,7.922050000000000480e-01,6.639500000000000401e-01,9.070599999999999496e-02,-2.541099999999999956e-02,-7.418200000000000349e-01,-6.429470000000000462e-01,1.453240000000000087e-01,6.342399999999999427e-02,1.474971999999999950e+00,-2.584629999999999983e-01,-1.588579999999999992e-01,-5.102799999999999558e-01,-2.280349999999999877e-01,-6.240600000000000314e-02,7.304410000000000069e-01,-3.065749999999999864e-01,-4.181999999999999953e-03,-7.427799999999999681e-02,5.255000000000000122e-03,1.460099999999999940e-02,-7.469900000000000151e-02,1.081150000000000028e-01,-5.262200000000000211e-02,-1.211099999999999954e-01,-1.140099999999999968e-02,-8.829999999999999958e-04,6.414000000000000430e-03,-8.362400000000000388e-02,-7.326100000000000667e-02,8.676799999999999791e-02,-7.216400000000000592e-02,7.341999999999999568e-03,1.138600000000000029e-02,2.182200000000000112e-02
-1.207109999999999989e-01,-1.838899999999999910e-02,7.939690000000000358e-01,6.659199999999999564e-01,8.719000000000000361e-02,-2.370900000000000091e-02,-7.405310000000000503e-01,-6.218329999999999691e-01,1.422229999999999883e-01,5.856700000000000100e-02,1.419229999999999992e+00,-2.492260000000000031e-01,-1.711709999999999898e-01,-4.924149999999999916e-01,-2.214919999999999944e-01,-6.534600000000000131e-02,7.114500000000000268e-01,-2.996019999999999794e-01,5.490000000000000088e-04,-6.511100000000000221e-02,7.546999999999999889e-03,1.211399999999999977e-02,-8.280099999999999960e-02,1.298999999999999877e-01,-8.582199999999999551e-02,-1.463260000000000116e-01,-1.713599999999999846e-02,8.369999999999999619e-04,7.654000000000000213e-03,-9.880200000000000093e-02,-1.145919999999999994e-01,1.164229999999999987e-01,-9.619500000000000273e-02,1.528499999999999998e-02,1.548199999999999923e-02,2.603199999999999958e-02
-1.202639999999999959e-01,-2.008300000000000016e-02,7.960460000000000313e-01,6.679030000000000244e-01,8.339100000000000679e-02,-2.225800000000000001e-02,-7.392260000000000497e-01,-5.985679999999999890e-01,1.394700000000000106e-01,5.385199999999999709e-02,1.361604999999999954e+00,-2.396830000000000072e-01,-1.832630000000000092e-01,-4.724869999999999903e-01,-2.163650000000000018e-01,-7.313200000000000256e-02,6.903780000000000472e-01,-2.914530000000000176e-01,1.726000000000000104e-03,-5.533300000000000024e-02,9.159999999999999740e-03,9.681999999999999634e-03,-9.043500000000000150e-02,1.551919999999999966e-01,-1.212560000000000027e-01,-1.784590000000000065e-01,-2.313600000000000032e-02,2.341000000000000199e-03,9.176999999999999394e-03,-1.118809999999999943e-01,-1.592979999999999952e-01,1.467249999999999943e-01,-1.244959999999999956e-01,2.306499999999999870e-02,2.015399999999999830e-02,3.191999999999999699e-02
-1.198160000000000058e-01,-2.178400000000000128e-02,7.981970000000000454e-01,6.699260000000000215e-01,7.949799999999999922e-02,-2.080999999999999864e-02,-7.378660000000000219e-01,-5.749980000000000091e-01,1.371469999999999911e-01,4.891999999999999821e-02,1.303892999999999969e+00,-2.302889999999999937e-01,-1.951080000000000036e-01,-4.523349999999999871e-01,-2.109129999999999894e-01,-8.107799999999999729e-02,6.692369999999999708e-01,-2.833959999999999813e-01,2.772000000000000158e-03,-4.556600000000000233e-02,1.055700000000000041e-02,7.496000000000000059e-03,-9.691900000000000515e-02,1.855459999999999887e-01,-1.592200000000000004e-01,-2.179399999999999948e-01,-2.986899999999999972e-02,4.061000000000000373e-03,1.147600000000000009e-02,-1.241529999999999995e-01,-2.074449999999999905e-01,1.792400000000000104e-01,-1.570429999999999882e-01,3.110500000000000070e-02,2.633800000000000030e-02,3.966800000000000187e-02
-1.177480000000000054e-01,-2.220899999999999958e-02,8.026299999999999546e-01,6.728539999999999521e-01,7.848600000000000021e-02,-1.941299999999999970e-02,-7.353439999999999976e-01,-5.448549999999999782e-01,1.367279999999999884e-01,5.838900000000000340e-02,1.197915999999999981e+00,-2.094330000000000080e-01,-1.882199999999999984e-01,-4.205769999999999786e-01,-2.115380000000000038e-01,-9.294299999999999784e-02,6.098149999999999959e-01,-2.567050000000000165e-01,6.177000000000000199e-03,-3.574600000000000000e-02,8.630999999999999783e-03,-5.954000000000000091e-03,-8.387000000000000011e-02,2.162280000000000035e-01,-1.953419999999999879e-01,-2.079920000000000102e-01,-2.941200000000000064e-02,9.091999999999999388e-03,1.359100000000000065e-02,-1.246460000000000068e-01,-2.600999999999999979e-01,2.206889999999999963e-01,-1.527449999999999919e-01,3.068600000000000147e-02,3.537400000000000266e-02,4.714399999999999841e-02
-1.172350000000000059e-01,-2.441799999999999873e-02,8.054090000000000416e-01,6.750770000000000381e-01,7.473699999999999788e-02,-1.649899999999999978e-02,-7.337660000000000293e-01,-5.134640000000000315e-01,1.432410000000000072e-01,6.012300000000000283e-02,1.104125999999999941e+00,-2.004960000000000075e-01,-1.875020000000000020e-01,-3.923449999999999993e-01,-2.037829999999999919e-01,-1.066740000000000049e-01,5.698940000000000117e-01,-2.441830000000000112e-01,6.673000000000000112e-03,-2.233299999999999869e-02,1.224500000000000068e-02,-1.094900000000000040e-02,-7.008300000000000640e-02,2.606999999999999873e-01,-2.298939999999999872e-01,-2.134010000000000074e-01,-3.186900000000000149e-02,1.218799999999999918e-02,1.615600000000000022e-02,-1.271259999999999890e-01,-3.259070000000000022e-01,2.616919999999999802e-01,-1.551889999999999936e-01,3.173499999999999932e-02,4.294300000000000200e-02,5.625800000000000245e-02
-1.166190000000000004e-01,-2.657800000000000093e-02,8.079680000000000195e-01,6.772500000000000187e-01,7.053600000000000148e-02,-1.329200000000000000e-02,-7.322429999999999772e-01,-4.825639999999999930e-01,1.506359999999999921e-01,6.200900000000000162e-02,1.012210000000000054e+00,-1.928269999999999984e-01,-1.869240000000000068e-01,-3.646329999999999849e-01,-1.946759999999999879e-01,-1.203380000000000005e-01,5.313029999999999697e-01,-2.323369999999999880e-01,7.183000000000000149e-03,-8.779999999999999610e-03,1.711700000000000027e-02,-1.504800000000000061e-02,-5.112499999999999684e-02,3.095769999999999911e-01,-2.662909999999999999e-01,-2.257240000000000080e-01,-3.498400000000000121e-02,1.560199999999999955e-02,1.882500000000000145e-02,-1.269089999999999940e-01,-3.966549999999999798e-01,3.058549999999999880e-01,-1.607119999999999937e-01,3.322800000000000059e-02,5.153400000000000342e-02,6.697200000000000375e-02
-1.146589999999999970e-01,-2.979100000000000151e-02,8.096719999999999473e-01,6.801909999999999901e-01,6.548400000000000054e-02,-7.486999999999999732e-03,-7.300649999999999640e-01,-4.334009999999999807e-01,1.617399999999999949e-01,6.966200000000000170e-02,8.838200000000000500e-01,-1.831849999999999867e-01,-1.897649999999999892e-01,-3.319469999999999921e-01,-1.813809999999999867e-01,-1.377829999999999888e-01,4.820670000000000233e-01,-2.168740000000000112e-01,9.051000000000000018e-03,5.016999999999999758e-03,2.835299999999999973e-02,-2.567300000000000137e-02,-4.379700000000000260e-02,3.570090000000000208e-01,-3.036460000000000270e-01,-1.957099999999999951e-01,-3.939399999999999846e-02,2.433400000000000146e-02,1.574000000000000052e-02,-1.383240000000000025e-01,-4.414980000000000016e-01,3.536009999999999986e-01,-1.386680000000000135e-01,3.088899999999999979e-02,6.735199999999999521e-02,8.596199999999999675e-02
-1.125639999999999974e-01,-3.289600000000000163e-02,8.114639999999999631e-01,6.832270000000000287e-01,5.952600000000000252e-02,-1.884999999999999957e-03,-7.277730000000000032e-01,-3.832849999999999868e-01,1.730019999999999891e-01,7.765299999999999980e-02,7.571309999999999985e-01,-1.747819999999999929e-01,-1.927750000000000019e-01,-2.975780000000000092e-01,-1.667450000000000043e-01,-1.552570000000000061e-01,4.321840000000000126e-01,-2.012700000000000045e-01,1.115299999999999972e-02,1.830499999999999836e-02,4.023499999999999993e-02,-3.477899999999999742e-02,-3.097300000000000053e-02,4.046879999999999922e-01,-3.430869999999999753e-01,-1.673270000000000035e-01,-4.276400000000000340e-02,3.106400000000000133e-02,1.218900000000000018e-02,-1.491210000000000035e-01,-4.867670000000000052e-01,4.069980000000000264e-01,-1.144740000000000063e-01,2.723199999999999926e-02,8.234400000000000053e-02,1.064940000000000053e-01
-1.102159999999999945e-01,-3.600600000000000328e-02,8.130870000000000042e-01,6.863390000000000324e-01,5.301999999999999769e-02,3.896000000000000157e-03,-7.253359999999999808e-01,-3.342350000000000043e-01,1.846659999999999968e-01,8.586499999999999688e-02,6.340909999999999602e-01,-1.685659999999999936e-01,-1.959509999999999863e-01,-2.629529999999999923e-01,-1.507439999999999891e-01,-1.725740000000000052e-01,3.823849999999999749e-01,-1.857650000000000134e-01,1.353999999999999995e-02,3.125599999999999906e-02,5.320199999999999929e-02,-4.338999999999999801e-02,-1.103900000000000020e-02,4.511839999999999740e-01,-3.821990000000000109e-01,-1.423709999999999976e-01,-4.460800000000000182e-02,3.714800000000000046e-02,8.347999999999999518e-03,-1.573880000000000001e-01,-5.323630000000000306e-01,4.637069999999999803e-01,-8.957299999999999984e-02,2.276900000000000104e-02,9.733200000000000185e-02,1.274599999999999900e-01
-1.073640000000000011e-01,-3.892600000000000227e-02,8.142789999999999750e-01,6.908929999999999794e-01,4.692400000000000043e-02,8.484000000000000222e-03,-7.213829999999999965e-01,-2.800480000000000191e-01,1.919889999999999930e-01,1.004769999999999969e-01,5.321810000000000151e-01,-1.628789999999999960e-01,-1.846289999999999876e-01,-2.199609999999999899e-01,-1.366140000000000132e-01,-1.918700000000000128e-01,3.180390000000000161e-01,-1.607909999999999895e-01,1.654600000000000168e-02,4.031599999999999767e-02,6.160000000000000198e-02,-5.294100000000000195e-02,-2.027999999999999855e-03,4.849330000000000029e-01,-4.109169999999999767e-01,-6.204799999999999899e-02,-4.596100000000000185e-02,4.537800000000000167e-02,6.786000000000000365e-03,-1.698240000000000027e-01,-5.879769999999999719e-01,5.192280000000000229e-01,-8.037900000000000600e-02,1.988699999999999843e-02,1.078309999999999963e-01,1.430470000000000075e-01
-1.042860000000000037e-01,-4.166299999999999865e-02,8.154789999999999539e-01,6.955019999999999536e-01,4.027499999999999830e-02,1.285000000000000031e-02,-7.172800000000000287e-01,-2.268259999999999998e-01,1.981590000000000018e-01,1.153050000000000047e-01,4.340950000000000086e-01,-1.594899999999999929e-01,-1.741949999999999887e-01,-1.756860000000000088e-01,-1.213660000000000017e-01,-2.106179999999999997e-01,2.520979999999999888e-01,-1.346980000000000122e-01,2.041199999999999959e-02,4.988800000000000179e-02,7.119200000000000528e-02,-6.081999999999999906e-02,1.107099999999999924e-02,5.101919999999999789e-01,-4.358679999999999777e-01,2.015399999999999830e-02,-4.391699999999999771e-02,5.001900000000000096e-02,4.725000000000000033e-03,-1.764620000000000077e-01,-6.413210000000000299e-01,5.714709999999999512e-01,-7.019100000000000339e-02,1.724699999999999844e-02,1.187789999999999957e-01,1.574409999999999976e-01
-1.011350000000000027e-01,-4.436199999999999866e-02,8.168809999999999683e-01,7.001469999999999638e-01,3.349800000000000000e-02,1.696999999999999897e-02,-7.130100000000000326e-01,-1.753309999999999869e-01,2.029610000000000025e-01,1.303429999999999866e-01,3.404960000000000209e-01,-1.588189999999999880e-01,-1.648910000000000098e-01,-1.308169999999999888e-01,-1.053820000000000034e-01,-2.286019999999999996e-01,1.850229999999999930e-01,-1.079490000000000033e-01,2.475899999999999976e-02,5.942100000000000160e-02,8.045599999999999974e-02,-6.807000000000000550e-02,3.038000000000000075e-02,5.274379999999999624e-01,-4.538659999999999917e-01,1.005680000000000046e-01,-3.807399999999999674e-02,5.285600000000000021e-02,2.471999999999999805e-03,-1.758200000000000041e-01,-6.879840000000000400e-01,6.177089999999999526e-01,-5.752700000000000174e-02,1.376999999999999925e-02,1.289260000000000128e-01,1.706930000000000114e-01
-9.680700000000000416e-02,-4.691100000000000131e-02,8.172660000000000480e-01,7.054909999999999792e-01,2.535499999999999907e-02,2.165200000000000111e-02,-7.079339999999999522e-01,-1.242380000000000012e-01,2.086969999999999936e-01,1.330500000000000016e-01,2.723209999999999797e-01,-1.558170000000000111e-01,-1.551919999999999966e-01,-1.127589999999999981e-01,-9.292100000000000359e-02,-2.411800000000000055e-01,1.765960000000000030e-01,-8.967200000000000171e-02,2.694399999999999920e-02,6.361899999999999500e-02,9.384599999999999886e-02,-7.454900000000000415e-02,3.253799999999999748e-02,5.190110000000000001e-01,-4.668769999999999865e-01,1.704569999999999974e-01,-3.059299999999999867e-02,5.668999999999999734e-02,4.299999999999999894e-04,-1.822840000000000016e-01,-7.218069999999999764e-01,6.655590000000000117e-01,-2.190299999999999886e-02,6.151000000000000217e-03,1.384529999999999927e-01,1.902210000000000012e-01
-9.249599999999999489e-02,-4.918800000000000255e-02,8.177069999999999617e-01,7.108170000000000321e-01,1.813999999999999987e-02,2.628899999999999987e-02,-7.026510000000000256e-01,-7.716399999999999648e-02,2.124419999999999920e-01,1.360329999999999873e-01,2.079070000000000085e-01,-1.544540000000000080e-01,-1.459570000000000034e-01,-9.995300000000000018e-02,-8.268300000000000649e-02,-2.529719999999999747e-01,1.748319999999999874e-01,-7.427699999999999581e-02,2.909499999999999933e-02,6.709700000000000386e-02,1.059719999999999968e-01,-8.179300000000000459e-02,3.923000000000000098e-02,5.016180000000000083e-01,-4.693599999999999994e-01,2.370750000000000079e-01,-1.962099999999999955e-02,5.956800000000000289e-02,-1.835000000000000043e-03,-1.835360000000000047e-01,-7.445969999999999533e-01,7.052840000000000220e-01,1.798800000000000052e-02,-2.155999999999999930e-03,1.454380000000000117e-01,2.073500000000000065e-01
-8.830699999999999661e-02,-5.141300000000000037e-02,8.182549999999999546e-01,7.160659999999999803e-01,1.136099999999999957e-02,3.062899999999999998e-02,-6.972669999999999702e-01,-3.194500000000000117e-02,2.146540000000000115e-01,1.393349999999999866e-01,1.460480000000000111e-01,-1.545680000000000109e-01,-1.374759999999999871e-01,-8.813699999999999313e-02,-7.345999999999999752e-02,-2.643030000000000102e-01,1.738810000000000078e-01,-5.912499999999999700e-02,3.107599999999999946e-02,7.045300000000000173e-02,1.166559999999999958e-01,-8.929900000000000337e-02,5.042699999999999960e-02,4.757540000000000102e-01,-4.614679999999999893e-01,2.994459999999999900e-01,-4.640000000000000027e-03,6.105100000000000110e-02,-4.048000000000000383e-03,-1.776109999999999911e-01,-7.555880000000000374e-01,7.340280000000000138e-01,5.912400000000000294e-02,-1.153599999999999938e-02,1.510060000000000013e-01,2.219879999999999909e-01
-8.572699999999999765e-02,-5.356099999999999750e-02,8.183580000000000298e-01,7.213039999999999452e-01,6.820999999999999806e-03,3.144500000000000073e-02,-6.918710000000000138e-01,-1.670800000000000063e-02,2.172870000000000079e-01,1.409549999999999970e-01,1.368139999999999912e-01,-1.498400000000000010e-01,-1.401920000000000111e-01,-7.242600000000000426e-02,-7.045800000000000674e-02,-2.736810000000000076e-01,1.689289999999999958e-01,-5.451399999999999996e-02,3.549900000000000277e-02,7.091699999999999393e-02,1.217899999999999955e-01,-9.134599999999999664e-02,4.578499999999999931e-02,4.289029999999999787e-01,-4.640130000000000088e-01,3.565099999999999936e-01,1.262399999999999980e-02,6.172899999999999915e-02,3.116999999999999979e-03,-1.838160000000000072e-01,-7.350430000000000019e-01,7.677800000000000180e-01,1.073530000000000040e-01,-2.357199999999999920e-02,1.547350000000000114e-01,2.317029999999999923e-01
-8.311000000000000332e-02,-5.560799999999999771e-02,8.183550000000000546e-01,7.264829999999999899e-01,2.475000000000000203e-03,3.256099999999999967e-02,-6.864080000000000181e-01,-3.729000000000000110e-03,2.203690000000000093e-01,1.422589999999999966e-01,1.299480000000000079e-01,-1.459320000000000062e-01,-1.431209999999999982e-01,-5.809299999999999881e-02,-6.718499999999999472e-02,-2.835599999999999787e-01,1.645300000000000096e-01,-4.971400000000000124e-02,3.976400000000000073e-02,7.091699999999999393e-02,1.270620000000000083e-01,-9.390999999999999348e-02,4.491099999999999953e-02,3.773679999999999812e-01,-4.577160000000000117e-01,4.096009999999999929e-01,3.122399999999999828e-02,6.136300000000000088e-02,1.055399999999999915e-02,-1.849750000000000005e-01,-7.029579999999999718e-01,7.902689999999999992e-01,1.561420000000000030e-01,-3.567900000000000238e-02,1.558620000000000005e-01,2.378669999999999951e-01
-8.060599999999999710e-02,-5.768299999999999816e-02,8.184369999999999701e-01,7.316139999999999866e-01,-1.817999999999999955e-03,3.364899999999999836e-02,-6.808849999999999625e-01,8.961999999999999481e-03,2.234250000000000125e-01,1.435780000000000112e-01,1.233680000000000054e-01,-1.420500000000000096e-01,-1.462130000000000096e-01,-4.404999999999999888e-02,-6.387500000000000122e-02,-2.934419999999999806e-01,1.603870000000000018e-01,-4.501399999999999846e-02,4.389799999999999952e-02,7.102799999999999392e-02,1.322210000000000052e-01,-9.670199999999999629e-02,4.741200000000000275e-02,3.227840000000000154e-01,-4.450029999999999819e-01,4.590640000000000276e-01,5.131100000000000244e-02,6.012100000000000083e-02,1.773999999999999883e-02,-1.799409999999999898e-01,-6.612090000000000467e-01,8.003339999999999899e-01,2.023949999999999916e-01,-4.807999999999999774e-02,1.548640000000000017e-01,2.409429999999999905e-01
-7.753300000000000469e-02,-5.933000000000000079e-02,8.184390000000000276e-01,7.379480000000000484e-01,-4.107999999999999673e-03,3.451900000000000107e-02,-6.739619999999999500e-01,9.065999999999999406e-03,2.215270000000000017e-01,1.362069999999999947e-01,1.243299999999999961e-01,-1.272459999999999980e-01,-1.387929999999999997e-01,-3.254900000000000154e-02,-6.583300000000000263e-02,-3.089729999999999976e-01,1.567729999999999957e-01,-4.212300000000000072e-02,4.599000000000000310e-02,6.750599999999999656e-02,1.310240000000000016e-01,-9.061400000000000010e-02,4.568400000000000238e-02,2.534839999999999871e-01,-3.927919999999999745e-01,5.036239999999999606e-01,1.166799999999999955e-02,5.877399999999999985e-02,4.055899999999999783e-02,-1.718709999999999960e-01,-6.095080000000000497e-01,7.846790000000000154e-01,2.593340000000000090e-01,-5.256000000000000255e-02,1.491639999999999910e-01,2.292780000000000096e-01
-7.476599999999999913e-02,-6.088299999999999962e-02,8.183759999999999923e-01,7.442729999999999624e-01,-6.373000000000000193e-03,3.506000000000000089e-02,-6.669239999999999613e-01,8.845000000000000431e-03,2.195960000000000134e-01,1.287260000000000071e-01,1.259319999999999884e-01,-1.123809999999999948e-01,-1.315639999999999865e-01,-2.137500000000000164e-02,-6.806299999999999850e-02,-3.236439999999999872e-01,1.543950000000000045e-01,-4.019199999999999856e-02,5.142399999999999749e-02,6.422999999999999543e-02,1.295880000000000087e-01,-8.465599999999999514e-02,4.431800000000000322e-02,1.902189999999999992e-01,-3.392359999999999820e-01,5.482719999999999816e-01,-3.017500000000000043e-02,5.602200000000000235e-02,5.691999999999999837e-02,-1.605830000000000035e-01,-5.515200000000000102e-01,7.592659999999999965e-01,3.127499999999999725e-01,-5.591499999999999942e-02,1.416260000000000019e-01,2.153909999999999991e-01
-7.218800000000000217e-02,-6.228199999999999709e-02,8.182019999999999849e-01,7.505319999999999769e-01,-8.772999999999999549e-03,3.538899999999999685e-02,-6.598270000000000524e-01,8.689000000000000543e-03,2.180489999999999928e-01,1.212290000000000034e-01,1.278870000000000007e-01,-9.751799999999999358e-02,-1.246040000000000064e-01,-1.021400000000000086e-02,-7.003700000000000203e-02,-3.383689999999999753e-01,1.527429999999999899e-01,-3.858500000000000124e-02,5.646099999999999730e-02,6.208899999999999836e-02,1.286470000000000113e-01,-7.931900000000000062e-02,4.351900000000000213e-02,1.339289999999999925e-01,-2.874129999999999741e-01,5.958149999999999835e-01,-7.272000000000000686e-02,5.323200000000000154e-02,6.619099999999999984e-02,-1.455440000000000067e-01,-4.898859999999999881e-01,7.252539999999999543e-01,3.615749999999999797e-01,-5.848300000000000026e-02,1.334879999999999955e-01,2.001640000000000086e-01
-6.992700000000000304e-02,-6.219100000000000322e-02,8.181659999999999489e-01,7.579249999999999599e-01,-1.096199999999999952e-02,3.557300000000000045e-02,-6.512790000000000523e-01,2.677999999999999825e-03,2.147050000000000070e-01,1.031350000000000044e-01,1.300769999999999982e-01,-8.231199999999999628e-02,-1.193010000000000043e-01,-1.330999999999999935e-03,-7.241499999999999326e-02,-3.519280000000000186e-01,1.538700000000000068e-01,-3.663899999999999796e-02,5.964499999999999663e-02,5.916199999999999931e-02,1.274309999999999887e-01,-6.796000000000000651e-02,4.121199999999999863e-02,1.017699999999999994e-01,-2.556089999999999751e-01,5.785700000000000287e-01,-9.747899999999999621e-02,5.350300000000000195e-02,5.512600000000000139e-02,-1.290499999999999980e-01,-4.344480000000000008e-01,6.887950000000000461e-01,3.847900000000000209e-01,-5.715800000000000047e-02,1.238449999999999968e-01,1.827610000000000068e-01
-6.764499999999999680e-02,-6.232100000000000140e-02,8.182049999999999601e-01,7.652170000000000361e-01,-1.306500000000000022e-02,3.576100000000000112e-02,-6.426460000000000505e-01,-3.501000000000000206e-03,2.114040000000000086e-01,8.517099999999999671e-02,1.323930000000000107e-01,-6.716999999999999360e-02,-1.140950000000000020e-01,7.392000000000000133e-03,-7.484100000000000474e-02,-3.655990000000000073e-01,1.552409999999999901e-01,-3.486600000000000116e-02,6.368999999999999662e-02,5.683900000000000063e-02,1.261799999999999866e-01,-5.734899999999999720e-02,4.257299999999999973e-02,7.424500000000000544e-02,-2.276539999999999953e-01,5.643319999999999448e-01,-1.226659999999999973e-01,5.765399999999999692e-02,4.255699999999999761e-02,-1.101290000000000047e-01,-3.794850000000000168e-01,6.498969999999999470e-01,4.048700000000000077e-01,-5.525100000000000150e-02,1.155479999999999979e-01,1.656299999999999994e-01
-6.542399999999999605e-02,-6.240199999999999914e-02,8.181589999999999696e-01,7.723959999999999715e-01,-1.517199999999999972e-02,3.587800000000000017e-02,-6.339460000000000095e-01,-9.743999999999999190e-03,2.081689999999999929e-01,6.731700000000000184e-02,1.348310000000000064e-01,-5.201000000000000068e-02,-1.089559999999999973e-01,1.609999999999999973e-02,-7.722900000000000598e-02,-3.792280000000000095e-01,1.567149999999999932e-01,-3.309200000000000336e-02,6.763600000000000168e-02,5.491299999999999654e-02,1.252359999999999862e-01,-4.716800000000000159e-02,4.550799999999999984e-02,5.019499999999999656e-02,-2.041679999999999884e-01,5.592559999999999754e-01,-1.492330000000000045e-01,6.318699999999999317e-02,2.796600000000000127e-02,-9.029800000000000326e-02,-3.260839999999999850e-01,6.126920000000000144e-01,4.265439999999999787e-01,-5.298800000000000038e-02,1.081020000000000036e-01,1.493069999999999953e-01
-6.213500000000000273e-02,-6.144399999999999862e-02,8.175419999999999909e-01,7.786520000000000108e-01,-1.734300000000000078e-02,3.692899999999999655e-02,-6.261280000000000179e-01,-1.728599999999999928e-02,2.070099999999999996e-01,7.377300000000000524e-02,1.361499999999999932e-01,-4.864899999999999780e-02,-9.347500000000000253e-02,2.222800000000000123e-02,-7.916199999999999626e-02,-3.893460000000000254e-01,1.577020000000000088e-01,-3.296299999999999925e-02,7.315900000000000181e-02,5.514999999999999764e-02,1.271889999999999965e-01,-3.277700000000000058e-02,3.708700000000000191e-02,3.343200000000000338e-02,-1.838100000000000012e-01,5.096340000000000314e-01,-1.561839999999999895e-01,5.569899999999999851e-02,2.193000000000000158e-02,-7.729600000000000359e-02,-2.687209999999999877e-01,5.734320000000000528e-01,4.728280000000000260e-01,-3.550600000000000284e-02,1.041630000000000056e-01,1.249389999999999945e-01
-5.879199999999999704e-02,-6.040600000000000136e-02,8.169459999999999500e-01,7.846859999999999946e-01,-1.957700000000000065e-02,3.778600000000000014e-02,-6.184309999999999530e-01,-2.453500000000000125e-02,2.059229999999999949e-01,8.077800000000000258e-02,1.378989999999999938e-01,-4.539399999999999685e-02,-7.818999999999999562e-02,2.836500000000000132e-02,-8.109299999999999842e-02,-3.988820000000000143e-01,1.589089999999999947e-01,-3.271899999999999809e-02,7.814100000000000212e-02,5.536200000000000149e-02,1.286549999999999916e-01,-1.768799999999999886e-02,3.193100000000000105e-02,1.798500000000000099e-02,-1.661239999999999939e-01,4.655949999999999811e-01,-1.647820000000000118e-01,5.111299999999999871e-02,1.809699999999999850e-02,-6.682299999999999351e-02,-2.147709999999999897e-01,5.436010000000000009e-01,5.296140000000000292e-01,-1.607499999999999901e-02,1.002340000000000036e-01,1.026549999999999963e-01
-5.551500000000000185e-02,-5.946599999999999803e-02,8.164590000000000458e-01,7.906290000000000262e-01,-2.181500000000000106e-02,3.851099999999999662e-02,-6.106930000000000414e-01,-3.168300000000000283e-02,2.047170000000000101e-01,8.797599999999999865e-02,1.398179999999999978e-01,-4.209600000000000147e-02,-6.289400000000000546e-02,3.454700000000000132e-02,-8.317800000000000193e-02,-4.083439999999999848e-01,1.601529999999999898e-01,-3.233300000000000063e-02,8.314299999999999469e-02,5.515699999999999770e-02,1.299339999999999939e-01,-2.622000000000000199e-03,2.881099999999999980e-02,2.703000000000000107e-03,-1.509870000000000101e-01,4.301989999999999981e-01,-1.761999999999999955e-01,4.788900000000000101e-02,1.467399999999999954e-02,-5.823799999999999810e-02,-1.664829999999999921e-01,5.259890000000000398e-01,5.975859999999999506e-01,4.648000000000000222e-03,9.771900000000000031e-02,8.357699999999999851e-02
-5.360399999999999887e-02,-5.765499999999999792e-02,8.144510000000000360e-01,7.946029999999999482e-01,-2.240899999999999836e-02,3.921100000000000280e-02,-6.054479999999999862e-01,-3.991200000000000303e-02,2.018429999999999946e-01,8.691799999999999526e-02,1.413850000000000107e-01,-5.058900000000000202e-02,-5.663599999999999884e-02,3.572399999999999881e-02,-8.575499999999999790e-02,-4.115300000000000069e-01,1.597880000000000134e-01,-4.260200000000000098e-02,9.235500000000000653e-02,5.393499999999999683e-02,1.247589999999999949e-01,1.031900000000000005e-02,3.341299999999999826e-02,3.763999999999999985e-03,-1.311450000000000116e-01,4.013769999999999838e-01,-1.737110000000000043e-01,4.291099999999999776e-02,1.162599999999999918e-02,-6.058499999999999996e-02,-1.554689999999999961e-01,5.079059999999999686e-01,5.767820000000000169e-01,1.680399999999999949e-02,8.145099999999999563e-02,6.522100000000000120e-02
-5.155900000000000066e-02,-5.605299999999999866e-02,8.125339999999999785e-01,7.985339999999999661e-01,-2.272499999999999867e-02,4.009100000000000164e-02,-6.001830000000000220e-01,-4.914199999999999818e-02,1.984519999999999895e-01,8.591100000000000125e-02,1.439749999999999919e-01,-5.959600000000000314e-02,-4.998899999999999871e-02,3.590700000000000142e-02,-8.912100000000000577e-02,-4.150420000000000220e-01,1.603849999999999998e-01,-5.331299999999999928e-02,1.010280000000000067e-01,5.392099999999999671e-02,1.198540000000000022e-01,2.275999999999999898e-02,3.872300000000000048e-02,3.909000000000000148e-03,-1.132269999999999943e-01,3.801340000000000274e-01,-1.724050000000000027e-01,3.826500000000000040e-02,7.287000000000000074e-03,-6.014699999999999908e-02,-1.568420000000000092e-01,5.020270000000000010e-01,5.557800000000000518e-01,2.788900000000000060e-02,7.435600000000000542e-02,4.944699999999999790e-02
-4.944899999999999990e-02,-5.446200000000000346e-02,8.105580000000000007e-01,8.024259999999999726e-01,-2.289899999999999922e-02,4.107399999999999940e-02,-5.948959999999999804e-01,-5.881200000000000316e-02,1.948900000000000077e-01,8.491300000000000237e-02,1.469209999999999960e-01,-6.869000000000000106e-02,-4.319699999999999929e-02,3.562900000000000095e-02,-9.275200000000000111e-02,-4.185670000000000224e-01,1.611680000000000057e-01,-6.397400000000000309e-02,1.098699999999999954e-01,5.446899999999999659e-02,1.151019999999999960e-01,3.471899999999999986e-02,4.454199999999999826e-02,2.799999999999999972e-03,-9.701100000000000001e-02,3.650070000000000259e-01,-1.740109999999999990e-01,3.483399999999999691e-02,2.442999999999999859e-03,-6.021300000000000263e-02,-1.645679999999999921e-01,5.087289999999999868e-01,5.444099999999999495e-01,3.862399999999999861e-02,7.210999999999999355e-02,3.552500000000000102e-02
-4.658400000000000041e-02,-5.137200000000000100e-02,8.075120000000000076e-01,8.032080000000000330e-01,-2.200099999999999972e-02,3.923399999999999804e-02,-5.939980000000000260e-01,-8.710400000000000087e-02,1.869200000000000028e-01,7.825300000000000311e-02,1.996809999999999974e-01,-9.355399999999999827e-02,-4.275400000000000034e-02,6.236000000000000223e-03,-1.138009999999999994e-01,-4.050179999999999891e-01,2.198599999999999999e-01,-8.739900000000000446e-02,1.191910000000000053e-01,5.156700000000000172e-02,1.046730000000000022e-01,5.830899999999999972e-02,4.186200000000000337e-02,8.392000000000000154e-03,-1.075099999999999945e-01,3.419209999999999749e-01,-1.526639999999999942e-01,3.057800000000000101e-02,4.775999999999999863e-03,-8.862699999999999745e-02,-1.844959999999999933e-01,5.360059999999999825e-01,4.904950000000000143e-01,2.981699999999999975e-02,7.470000000000000251e-02,2.945700000000000054e-02
-4.384699999999999709e-02,-4.779699999999999921e-02,8.045189999999999841e-01,8.039089999999999847e-01,-2.001299999999999954e-02,3.836099999999999927e-02,-5.931760000000000366e-01,-1.238309999999999966e-01,1.780619999999999981e-01,7.127899999999999514e-02,2.620779999999999776e-01,-1.225590000000000013e-01,-4.201300000000000173e-02,-3.370200000000000279e-02,-1.383060000000000123e-01,-3.899730000000000141e-01,2.930440000000000267e-01,-1.175579999999999958e-01,1.292949999999999933e-01,4.980099999999999805e-02,9.345000000000000528e-02,8.136400000000000576e-02,3.749299999999999855e-02,1.303499999999999971e-02,-1.181009999999999976e-01,3.211640000000000050e-01,-1.321209999999999885e-01,2.806799999999999920e-02,7.415999999999999849e-03,-1.186299999999999993e-01,-2.114630000000000121e-01,5.694829999999999615e-01,4.371920000000000250e-01,1.931899999999999937e-02,8.495500000000000274e-02,2.661200000000000024e-02
-4.096400000000000041e-02,-4.415399999999999880e-02,8.016060000000000407e-01,8.046550000000000091e-01,-1.749699999999999867e-02,3.815700000000000341e-02,-5.922560000000000047e-01,-1.644789999999999863e-01,1.687440000000000051e-01,6.410799999999999832e-02,3.281979999999999897e-01,-1.530920000000000059e-01,-4.129200000000000231e-02,-7.771699999999999442e-02,-1.632029999999999870e-01,-3.737110000000000154e-01,3.699839999999999796e-01,-1.493309999999999915e-01,1.397339999999999971e-01,4.837299999999999933e-02,8.216099999999999792e-02,1.029579999999999940e-01,3.263400000000000328e-02,1.670400000000000010e-02,-1.295669999999999877e-01,3.033489999999999798e-01,-1.133529999999999954e-01,2.648199999999999860e-02,9.272999999999999993e-03,-1.491399999999999948e-01,-2.416919999999999902e-01,6.075720000000000010e-01,3.874929999999999763e-01,8.404000000000000012e-03,9.789299999999999391e-02,2.539900000000000144e-02
-3.796700000000000075e-02,-4.033899999999999986e-02,7.974740000000000162e-01,8.080370000000000053e-01,-1.882599999999999899e-02,3.898299999999999682e-02,-5.875399999999999512e-01,-2.043020000000000114e-01,1.667029999999999901e-01,5.671099999999999752e-02,3.931149999999999922e-01,-1.785700000000000065e-01,-3.858899999999999830e-02,-1.581680000000000030e-01,-1.888829999999999953e-01,-3.487149999999999972e-01,5.096720000000000139e-01,-1.666390000000000093e-01,9.422500000000000320e-02,5.046099999999999891e-02,8.032200000000000450e-02,1.277179999999999982e-01,2.177499999999999922e-02,2.273899999999999880e-02,-1.338930000000000120e-01,2.757760000000000211e-01,-1.004499999999999976e-01,2.081900000000000070e-02,1.832800000000000054e-02,-1.736010000000000053e-01,-2.843539999999999957e-01,6.652489999999999792e-01,3.609289999999999998e-01,-4.623000000000000373e-03,1.167030000000000012e-01,3.278600000000000264e-02
-3.560800000000000076e-02,-3.558200000000000252e-02,7.919990000000000085e-01,8.118549999999999933e-01,-1.538800000000000064e-02,4.042500000000000260e-02,-5.822549999999999670e-01,-2.600029999999999841e-01,1.560529999999999973e-01,4.957600000000000201e-02,4.721779999999999866e-01,-2.089010000000000034e-01,-3.467699999999999949e-02,-2.613300000000000067e-01,-2.249800000000000133e-01,-3.169029999999999903e-01,6.787400000000000100e-01,-1.975830000000000086e-01,5.175199999999999939e-02,5.162400000000000322e-02,7.180100000000000371e-02,1.499919999999999864e-01,8.109999999999999154e-03,2.838900000000000104e-02,-1.388050000000000117e-01,2.453990000000000060e-01,-8.834200000000000386e-02,1.797699999999999992e-02,2.847799999999999984e-02,-2.017160000000000064e-01,-3.318499999999999783e-01,7.205880000000000063e-01,3.260990000000000277e-01,-1.570399999999999921e-02,1.398850000000000093e-01,4.334500000000000158e-02
-3.317400000000000210e-02,-3.105799999999999880e-02,7.869030000000000191e-01,8.161899999999999711e-01,-1.141000000000000000e-02,4.183599999999999819e-02,-5.761540000000000550e-01,-3.132150000000000212e-01,1.426709999999999923e-01,4.257500000000000173e-02,5.446320000000000050e-01,-2.356509999999999994e-01,-3.069900000000000059e-02,-3.608450000000000268e-01,-2.578230000000000244e-01,-2.831890000000000240e-01,8.383199999999999541e-01,-2.244700000000000029e-01,1.199799999999999998e-02,4.973099999999999743e-02,6.151000000000000217e-02,1.693790000000000018e-01,-4.308000000000000197e-03,3.391999999999999876e-02,-1.445259999999999878e-01,2.178539999999999921e-01,-7.697400000000000075e-02,1.404399999999999919e-02,3.759500000000000342e-02,-2.295810000000000073e-01,-3.742969999999999908e-01,7.755450000000000399e-01,2.948189999999999977e-01,-2.644399999999999876e-02,1.582280000000000075e-01,5.217700000000000116e-02
-2.985200000000000006e-02,-2.586499999999999910e-02,7.803350000000000009e-01,8.177240000000000064e-01,-9.691999999999999227e-03,4.189600000000000268e-02,-5.740020000000000122e-01,-3.543629999999999836e-01,1.339009999999999923e-01,4.302199999999999774e-02,6.079020000000000534e-01,-2.575279999999999792e-01,-2.665299999999999961e-02,-4.356490000000000085e-01,-2.915949999999999931e-01,-2.633220000000000005e-01,9.284120000000000150e-01,-1.935369999999999868e-01,-1.121999999999999950e-03,3.697299999999999892e-02,4.516400000000000275e-02,1.784550000000000025e-01,2.249999999999999938e-04,3.622299999999999826e-02,-1.351529999999999954e-01,2.101770000000000027e-01,-7.308299999999999519e-02,1.072200000000000063e-02,4.518799999999999900e-02,-2.534069999999999934e-01,-4.204229999999999912e-01,7.559820000000000428e-01,2.445569999999999966e-01,-1.441199999999999946e-02,1.681709999999999872e-01,3.384700000000000208e-02
-2.656000000000000028e-02,-2.007300000000000056e-02,7.722390000000000088e-01,8.197590000000000154e-01,-5.976000000000000409e-03,4.290299999999999669e-02,-5.710680000000000200e-01,-4.079800000000000093e-01,1.216949999999999976e-01,4.310300000000000242e-02,6.859420000000000517e-01,-2.856779999999999875e-01,-2.194499999999999923e-02,-5.219319999999999515e-01,-3.286919999999999842e-01,-2.373450000000000004e-01,1.030520000000000103e+00,-1.681870000000000032e-01,-1.222299999999999949e-02,2.906999999999999862e-02,2.811500000000000110e-02,1.870159999999999878e-01,-9.810000000000001011e-04,3.911799999999999999e-02,-1.329909999999999981e-01,2.002859999999999918e-01,-6.911399999999999488e-02,8.090999999999999234e-03,5.330399999999999722e-02,-2.683309999999999862e-01,-4.753660000000000108e-01,7.197470000000000256e-01,1.694130000000000080e-01,7.700000000000000139e-05,1.860700000000000132e-01,1.628699999999999939e-02
-2.511899999999999897e-02,-1.716900000000000023e-02,7.634229999999999627e-01,8.221530000000000227e-01,-4.649000000000000354e-03,4.169599999999999695e-02,-5.677179999999999449e-01,-4.556259999999999755e-01,1.139000000000000012e-01,3.952300000000000257e-02,7.736169999999999991e-01,-3.235219999999999763e-01,-2.266699999999999965e-02,-6.005759999999999987e-01,-3.615860000000000185e-01,-2.117420000000000135e-01,1.142206000000000055e+00,-1.553720000000000101e-01,-2.462500000000000105e-02,2.227300000000000113e-02,1.682099999999999915e-02,2.032789999999999875e-01,-3.448000000000000110e-03,4.250199999999999811e-02,-1.349110000000000031e-01,1.873589999999999978e-01,-6.606900000000000273e-02,3.511999999999999931e-03,5.722300000000000303e-02,-2.839180000000000037e-01,-5.334959999999999702e-01,6.733780000000000321e-01,9.434900000000000231e-02,1.791999999999999843e-02,1.971819999999999962e-01,-2.400000000000000061e-05
-2.306100000000000164e-02,-1.293099999999999979e-02,7.578209999999999669e-01,8.231270000000000531e-01,-4.113000000000000336e-03,4.781400000000000233e-02,-5.658250000000000224e-01,-4.971599999999999908e-01,1.109689999999999982e-01,2.771099999999999952e-02,8.165879999999999805e-01,-3.343979999999999730e-01,-1.894099999999999950e-02,-6.401740000000000208e-01,-3.447609999999999841e-01,-1.597699999999999954e-01,1.148603000000000041e+00,-1.167590000000000017e-01,1.592500000000000165e-02,3.932999999999999864e-03,1.698999999999999989e-03,1.947490000000000054e-01,-2.288000000000000103e-03,4.536599999999999661e-02,-1.243080000000000018e-01,1.960089999999999888e-01,-6.891200000000000103e-02,3.896000000000000157e-03,6.152099999999999930e-02,-2.936489999999999934e-01,-5.739340000000000552e-01,5.907040000000000068e-01,-7.277599999999999347e-02,3.628499999999999781e-02,1.989980000000000082e-01,-2.397900000000000031e-02
-2.316100000000000103e-02,-1.136000000000000031e-02,7.514990000000000281e-01,8.237100000000000533e-01,-6.342999999999999680e-03,5.183299999999999713e-02,-5.646010000000000195e-01,-5.333620000000000028e-01,1.147399999999999948e-01,1.184699999999999989e-02,8.714460000000000539e-01,-3.563509999999999733e-01,-2.164699999999999958e-02,-6.714339999999999753e-01,-3.217070000000000207e-01,-1.118139999999999967e-01,1.168196000000000012e+00,-9.332899999999999530e-02,5.414200000000000262e-02,-8.193999999999999895e-03,-6.518999999999999621e-03,1.957869999999999888e-01,-4.778000000000000129e-03,4.971199999999999924e-02,-1.193670000000000009e-01,2.014890000000000014e-01,-7.232700000000000240e-02,2.376000000000000074e-03,6.138699999999999712e-02,-2.984589999999999743e-01,-6.184830000000000050e-01,4.958330000000000237e-01,-2.503299999999999970e-01,5.588800000000000018e-02,2.004879999999999995e-01,-4.716599999999999959e-02
-2.359299999999999939e-02,-9.898000000000000548e-03,7.452739999999999920e-01,8.238440000000000207e-01,-9.830000000000000196e-03,5.586800000000000099e-02,-5.639710000000000001e-01,-5.683810000000000251e-01,1.213150000000000062e-01,-5.177000000000000178e-03,9.270709999999999784e-01,-3.790089999999999848e-01,-2.589100000000000082e-02,-6.991789999999999949e-01,-2.934499999999999886e-01,-6.590999999999999637e-02,1.188112999999999975e+00,-7.185900000000000620e-02,9.302799999999999958e-02,-1.840500000000000122e-02,-1.242799999999999981e-02,1.982520000000000115e-01,-8.909000000000000252e-03,5.461599999999999788e-02,-1.161210000000000020e-01,2.071929999999999883e-01,-7.604800000000000448e-02,3.899999999999999929e-04,6.202599999999999780e-02,-2.982710000000000083e-01,-6.555400000000000116e-01,3.977350000000000052e-01,-4.336149999999999727e-01,7.152100000000000124e-02,2.011390000000000122e-01,-7.265900000000000136e-02
-2.470200000000000173e-02,-1.347699999999999940e-02,7.413410000000000277e-01,8.240330000000000155e-01,-1.478400000000000027e-02,5.930099999999999955e-02,-5.632359999999999589e-01,-5.832640000000000047e-01,1.333630000000000093e-01,-2.274699999999999986e-02,9.639699999999999935e-01,-4.034650000000000181e-01,-3.175599999999999951e-02,-6.989929999999999755e-01,-2.797200000000000242e-01,-4.661799999999999972e-02,1.196215999999999946e+00,-7.744199999999999695e-02,1.226069999999999938e-01,-3.944000000000000283e-02,-2.378900000000000112e-02,1.870860000000000023e-01,5.119000000000000286e-03,5.869100000000000011e-02,-1.054670000000000052e-01,2.110120000000000051e-01,-7.991900000000000392e-02,1.528000000000000061e-03,5.529200000000000087e-02,-3.040140000000000065e-01,-7.442990000000000439e-01,2.556080000000000019e-01,-4.718640000000000057e-01,8.454299999999999315e-02,2.003020000000000078e-01,-1.251410000000000022e-01
-2.149600000000000122e-02,-1.165700000000000069e-02,7.402410000000000379e-01,8.226780000000000204e-01,-2.047399999999999914e-02,6.643000000000000294e-02,-5.642409999999999926e-01,-5.998390000000000111e-01,1.456550000000000067e-01,-3.324799999999999978e-02,9.799200000000000133e-01,-4.099039999999999906e-01,-2.792000000000000037e-02,-6.954909999999999703e-01,-2.598449999999999926e-01,-2.341599999999999931e-02,1.167475000000000041e+00,-5.415199999999999875e-02,1.598539999999999961e-01,-5.602399999999999741e-02,-3.525999999999999968e-02,1.692249999999999865e-01,1.658799999999999858e-02,6.325600000000000667e-02,-9.331599999999999617e-02,2.205670000000000130e-01,-8.225399999999999379e-02,4.185000000000000352e-03,5.550399999999999778e-02,-2.883769999999999945e-01,-8.196069999999999744e-01,9.894000000000000017e-02,-5.215940000000000021e-01,1.017829999999999985e-01,1.948590000000000044e-01,-1.799499999999999988e-01
-2.256000000000000019e-02,-1.463000000000000064e-02,7.361879999999999535e-01,8.225419999999999954e-01,-2.687300000000000105e-02,6.916100000000000025e-02,-5.638429999999999831e-01,-6.126639999999999864e-01,1.592290000000000094e-01,-5.174499999999999933e-02,1.017106999999999983e+00,-4.344689999999999941e-01,-3.415699999999999986e-02,-6.930340000000000389e-01,-2.439659999999999884e-01,-4.642000000000000293e-03,1.176719999999999988e+00,-6.069599999999999995e-02,1.888569999999999971e-01,-7.515800000000000258e-02,-4.272299999999999709e-02,1.581110000000000015e-01,2.957800000000000012e-02,6.599199999999999511e-02,-8.779499999999999804e-02,2.269740000000000091e-01,-8.746900000000000508e-02,5.836000000000000042e-03,5.180799999999999988e-02,-2.827040000000000108e-01,-8.997129999999999850e-01,-5.381699999999999678e-02,-5.588570000000000482e-01,1.109649999999999942e-01,1.888680000000000081e-01,-2.345939999999999970e-01
-2.016599999999999990e-02,-1.543899999999999960e-02,7.378970000000000251e-01,8.218090000000000117e-01,-3.122899999999999981e-02,7.631899999999999795e-02,-5.637640000000000429e-01,-6.181069999999999620e-01,1.719569999999999987e-01,-5.992000000000000104e-02,1.012710999999999917e+00,-4.332710000000000172e-01,-3.279699999999999976e-02,-6.625020000000000353e-01,-2.394620000000000082e-01,6.399999999999999710e-05,1.115112000000000103e+00,-4.658600000000000241e-02,1.993870000000000087e-01,-7.907599999999999352e-02,-6.120899999999999952e-02,1.304240000000000121e-01,4.149100000000000010e-02,7.050299999999999623e-02,-8.501999999999999835e-02,2.408319999999999905e-01,-9.246100000000000152e-02,9.830999999999999461e-03,5.175500000000000239e-02,-2.516990000000000061e-01,-9.896850000000000369e-01,-1.572850000000000081e-01,-4.990519999999999956e-01,1.259389999999999954e-01,1.873620000000000008e-01,-2.690790000000000126e-01
-2.208099999999999993e-02,-2.131800000000000014e-02,7.366139999999999910e-01,8.221810000000000507e-01,-3.625699999999999756e-02,7.930199999999999749e-02,-5.625080000000000080e-01,-6.193880000000000496e-01,1.870279999999999998e-01,-7.586400000000000088e-02,1.028586999999999918e+00,-4.503949999999999898e-01,-4.271699999999999803e-02,-6.346969999999999557e-01,-2.380480000000000096e-01,3.490000000000000263e-04,1.093483999999999901e+00,-6.280299999999999772e-02,2.013280000000000070e-01,-8.746900000000000508e-02,-7.587800000000000100e-02,1.110830000000000012e-01,5.438400000000000178e-02,7.275099999999999623e-02,-8.655500000000000693e-02,2.517550000000000066e-01,-1.005940000000000029e-01,1.240800000000000063e-02,4.787000000000000283e-02,-2.382589999999999986e-01,-1.091178999999999899e+00,-2.487429999999999919e-01,-4.213959999999999928e-01,1.306209999999999871e-01,1.843599999999999961e-01,-3.039589999999999792e-01
-1.959100000000000077e-02,-2.129699999999999996e-02,7.386789999999999745e-01,8.216890000000000027e-01,-4.182999999999999913e-02,8.479200000000000625e-02,-5.620389999999999553e-01,-6.201029999999999598e-01,1.989519999999999900e-01,-8.392700000000000160e-02,1.021306999999999965e+00,-4.473260000000000014e-01,-4.140800000000000036e-02,-5.978849999999999998e-01,-2.348619999999999874e-01,4.767000000000000404e-03,1.027125000000000066e+00,-4.605900000000000272e-02,2.119409999999999905e-01,-1.017119999999999969e-01,-9.134499999999999564e-02,8.397999999999999909e-02,7.298200000000000520e-02,7.392200000000000160e-02,-7.824899999999999911e-02,2.693110000000000226e-01,-1.086489999999999956e-01,1.566599999999999937e-02,4.934999999999999803e-02,-2.181939999999999991e-01,-1.192059999999999897e+00,-3.439630000000000187e-01,-3.277610000000000245e-01,1.514310000000000100e-01,1.668939999999999868e-01,-3.343200000000000061e-01
-2.003200000000000119e-02,-2.542700000000000168e-02,7.411440000000000250e-01,8.216210000000000457e-01,-4.630999999999999700e-02,8.912299999999999389e-02,-5.611169999999999769e-01,-6.133349999999999635e-01,2.128579999999999917e-01,-9.591199999999999726e-02,1.010159999999999947e+00,-4.477240000000000109e-01,-4.762399999999999967e-02,-5.551329999999999876e-01,-2.345099999999999962e-01,4.316999999999999657e-03,9.610739999999999839e-01,-4.124900000000000094e-02,2.180429999999999868e-01,-9.359199999999999464e-02,-1.071219999999999950e-01,6.840699999999999559e-02,8.085199999999999332e-02,8.179999999999999771e-02,-9.585899999999999976e-02,2.890440000000000231e-01,-1.123299999999999993e-01,2.077400000000000080e-02,4.714299999999999741e-02,-1.913289999999999991e-01,-1.289020000000000055e+00,-3.955589999999999939e-01,-1.444400000000000128e-01,2.005889999999999895e-01,1.422120000000000051e-01,-3.385469999999999868e-01
-2.073600000000000096e-02,-2.946100000000000108e-02,7.439210000000000544e-01,8.215350000000000152e-01,-5.055899999999999977e-02,9.277100000000000624e-02,-5.602829999999999755e-01,-6.044650000000000301e-01,2.261299999999999977e-01,-1.066109999999999974e-01,9.960649999999999782e-01,-4.461089999999999778e-01,-5.370400000000000174e-02,-5.111259999999999692e-01,-2.348470000000000002e-01,4.651999999999999885e-03,8.933999999999999719e-01,-3.554999999999999827e-02,2.241329999999999989e-01,-9.186900000000000621e-02,-1.253730000000000122e-01,5.356799999999999756e-02,9.104600000000000193e-02,8.975199999999999845e-02,-1.064589999999999981e-01,3.104999999999999982e-01,-1.170719999999999955e-01,2.440300000000000108e-02,4.462900000000000200e-02,-1.725490000000000079e-01,-1.384733999999999909e+00,-4.366769999999999818e-01,4.386199999999999821e-02,2.438980000000000037e-01,1.186989999999999990e-01,-3.326529999999999765e-01
-2.165100000000000011e-02,-3.338499999999999801e-02,7.471649999999999681e-01,8.217020000000000435e-01,-5.349199999999999788e-02,9.659600000000000131e-02,-5.591190000000000326e-01,-5.960079999999999822e-01,2.371739999999999959e-01,-1.161480000000000012e-01,9.780689999999999662e-01,-4.417380000000000195e-01,-5.946300000000000197e-02,-4.680750000000000188e-01,-2.375170000000000059e-01,5.196000000000000098e-03,8.238750000000000240e-01,-2.885400000000000117e-02,2.304269999999999929e-01,-9.894999999999999629e-02,-1.468879999999999908e-01,3.652500000000000191e-02,1.044950000000000045e-01,9.628100000000000547e-02,-1.083520000000000039e-01,3.307350000000000012e-01,-1.214250000000000052e-01,2.735999999999999890e-02,4.351399999999999713e-02,-1.567900000000000127e-01,-1.473583000000000087e+00,-4.717009999999999814e-01,2.212689999999999935e-01,2.781410000000000271e-01,1.072929999999999995e-01,-3.231359999999999788e-01
-2.502199999999999910e-02,-3.915400000000000130e-02,7.493990000000000373e-01,8.238569999999999505e-01,-5.586100000000000093e-02,1.004479999999999956e-01,-5.550220000000000153e-01,-5.893810000000000437e-01,2.468789999999999873e-01,-1.336029999999999995e-01,9.598710000000000298e-01,-4.387079999999999869e-01,-6.842600000000000071e-02,-4.006270000000000109e-01,-2.240000000000000047e-01,8.776000000000000814e-03,7.147980000000000445e-01,-3.446500000000000258e-02,2.549649999999999972e-01,-9.715200000000000224e-02,-1.696650000000000102e-01,2.162800000000000139e-02,1.096889999999999948e-01,1.032959999999999989e-01,-1.189680000000000043e-01,3.487469999999999737e-01,-1.241069999999999951e-01,3.024200000000000152e-02,4.181599999999999900e-02,-1.262419999999999931e-01,-1.570861999999999981e+00,-4.873850000000000127e-01,4.263580000000000148e-01,3.028049999999999908e-01,9.463499999999999690e-02,-2.909200000000000119e-01
-3.484399999999999997e-02,-4.688699999999999812e-02,7.541339999999999710e-01,8.245470000000000299e-01,-6.019999999999999657e-02,1.073889999999999983e-01,-5.522369999999999779e-01,-5.819969999999999866e-01,2.748329999999999940e-01,-1.598479999999999901e-01,9.248119999999999674e-01,-4.250630000000000241e-01,-8.921199999999999963e-02,-3.367410000000000125e-01,-1.917580000000000118e-01,1.574000000000000095e-03,6.043110000000000426e-01,-3.861699999999999855e-02,2.617999999999999772e-01,-1.009850000000000053e-01,-1.972049999999999914e-01,2.847000000000000138e-03,1.184059999999999974e-01,1.190490000000000020e-01,-1.158300000000000024e-01,3.635470000000000090e-01,-1.263279999999999959e-01,3.151700000000000335e-02,4.037199999999999817e-02,-9.850200000000000622e-02,-1.644819000000000031e+00,-4.961430000000000007e-01,6.084699999999999553e-01,3.138360000000000039e-01,9.883999999999999730e-02,-2.634219999999999895e-01
-4.756599999999999717e-02,-5.607800000000000284e-02,7.590500000000000025e-01,8.242540000000000422e-01,-6.895300000000000040e-02,1.156019999999999964e-01,-5.499880000000000324e-01,-5.726830000000000531e-01,3.177479999999999749e-01,-1.938030000000000030e-01,8.868399999999999617e-01,-4.110469999999999957e-01,-1.174309999999999937e-01,-2.708079999999999932e-01,-1.428590000000000138e-01,-6.540999999999999939e-03,4.959540000000000060e-01,-4.465100000000000319e-02,2.617999999999999772e-01,-1.013440000000000035e-01,-2.193120000000000069e-01,-1.468399999999999914e-02,1.289790000000000103e-01,1.400200000000000056e-01,-1.103989999999999971e-01,3.730209999999999915e-01,-1.272399999999999920e-01,3.291199999999999681e-02,3.511800000000000338e-02,-7.043499999999999761e-02,-1.717119000000000062e+00,-4.999379999999999935e-01,7.976119999999999877e-01,3.199830000000000174e-01,1.006340000000000012e-01,-2.307720000000000049e-01
-4.295800000000000313e-02,-5.828599999999999753e-02,7.601849999999999996e-01,8.308659999999999934e-01,-6.382699999999999485e-02,1.147809999999999941e-01,-5.407520000000000104e-01,-5.648600000000000287e-01,2.895429999999999948e-01,-1.997659999999999991e-01,8.699249999999999483e-01,-4.080880000000000063e-01,-1.034079999999999999e-01,-1.985240000000000060e-01,-1.602619999999999878e-01,4.667000000000000141e-03,4.029170000000000251e-01,-5.674699999999999883e-02,2.617880000000000207e-01,-1.159670000000000006e-01,-2.379570000000000018e-01,-2.605199999999999877e-02,1.220149999999999985e-01,1.254909999999999914e-01,-1.147890000000000021e-01,3.768320000000000003e-01,-1.265000000000000013e-01,3.323099999999999665e-02,3.764399999999999691e-02,-2.374599999999999975e-02,-1.770642999999999967e+00,-4.765739999999999976e-01,9.408689999999999554e-01,2.980780000000000096e-01,1.019940000000000013e-01,-1.822590000000000043e-01
-4.166600000000000165e-02,-6.070899999999999908e-02,7.621580000000000021e-01,8.376470000000000304e-01,-5.788299999999999695e-02,1.141279999999999933e-01,-5.310110000000000108e-01,-5.568579999999999641e-01,2.634259999999999935e-01,-2.093569999999999875e-01,8.444110000000000227e-01,-3.980139999999999789e-01,-9.418899999999999495e-02,-1.302999999999999992e-01,-1.747029999999999972e-01,7.807999999999999836e-03,3.182189999999999741e-01,-7.329399999999999804e-02,2.572630000000000194e-01,-1.352970000000000006e-01,-2.633070000000000133e-01,-3.905000000000000138e-02,1.145680000000000032e-01,1.151530000000000054e-01,-1.123839999999999978e-01,3.769649999999999945e-01,-1.246580000000000049e-01,3.275600000000000039e-02,3.970699999999999924e-02,1.998300000000000076e-02,-1.810321999999999987e+00,-4.510839999999999850e-01,1.073566999999999938e+00,2.683050000000000157e-01,1.080279999999999990e-01,-1.390480000000000049e-01
-4.622799999999999826e-02,-6.536799999999999555e-02,7.658239999999999492e-01,8.430769999999999653e-01,-5.513099999999999945e-02,1.160339999999999983e-01,-5.222240000000000215e-01,-5.473200000000000287e-01,2.564799999999999858e-01,-2.287700000000000011e-01,8.064369999999999594e-01,-3.808739999999999903e-01,-9.727900000000000436e-02,-6.528000000000000469e-02,-1.671400000000000108e-01,3.579999999999999849e-03,2.384620000000000073e-01,-9.219399999999999817e-02,2.386099999999999888e-01,-1.533380000000000021e-01,-2.907259999999999844e-01,-5.405100000000000182e-02,1.085139999999999993e-01,1.155230000000000007e-01,-1.034439999999999943e-01,3.730709999999999860e-01,-1.216160000000000019e-01,3.183699999999999725e-02,3.941900000000000265e-02,6.135600000000000082e-02,-1.834959000000000007e+00,-4.226969999999999894e-01,1.200941000000000036e+00,2.335649999999999948e-01,1.148050000000000043e-01,-9.929999999999999938e-02
-4.976900000000000074e-02,-6.864599999999999869e-02,7.687140000000000084e-01,8.439999999999999725e-01,-5.672800000000000065e-02,1.173330000000000067e-01,-5.202689999999999815e-01,-5.345849999999999769e-01,2.678800000000000070e-01,-2.345859999999999890e-01,7.774950000000000472e-01,-3.684760000000000257e-01,-1.025729999999999975e-01,-4.205300000000000010e-02,-1.563539999999999930e-01,-2.081200000000000064e-02,1.989889999999999992e-01,-1.013339999999999935e-01,2.396679999999999922e-01,-1.552759999999999974e-01,-3.049209999999999976e-01,-5.972000000000000225e-02,1.036299999999999999e-01,1.129489999999999938e-01,-1.013809999999999989e-01,3.628210000000000046e-01,-1.177330000000000043e-01,3.083800000000000083e-02,3.718099999999999877e-02,9.063599999999999435e-02,-1.842408999999999963e+00,-4.027769999999999961e-01,1.269395999999999969e+00,1.997289999999999899e-01,1.202339999999999937e-01,-7.288999999999999646e-02
-5.334200000000000053e-02,-7.193199999999999594e-02,7.715189999999999548e-01,8.445259999999999989e-01,-5.821099999999999886e-02,1.196860000000000007e-01,-5.187119999999999509e-01,-5.247849999999999460e-01,2.804590000000000138e-01,-2.406389999999999918e-01,7.496519999999999850e-01,-3.563769999999999993e-01,-1.081180000000000058e-01,-2.309800000000000048e-02,-1.438020000000000131e-01,-4.427400000000000085e-02,1.635510000000000019e-01,-1.120600000000000068e-01,2.414380000000000137e-01,-1.579669999999999963e-01,-3.181919999999999749e-01,-6.771699999999999942e-02,9.948300000000000198e-02,1.099659999999999943e-01,-9.686300000000000465e-02,3.508600000000000052e-01,-1.130619999999999958e-01,2.999599999999999836e-02,3.493899999999999784e-02,1.195930000000000049e-01,-1.846130999999999966e+00,-3.827699999999999991e-01,1.331701999999999941e+00,1.649460000000000093e-01,1.298090000000000077e-01,-5.118700000000000333e-02
-5.697599999999999887e-02,-7.509100000000000497e-02,7.742830000000000545e-01,8.449579999999999869e-01,-5.964900000000000063e-02,1.224149999999999960e-01,-5.172060000000000546e-01,-5.158099999999999907e-01,2.932759999999999811e-01,-2.467959999999999876e-01,7.216179999999999817e-01,-3.440219999999999945e-01,-1.136869999999999964e-01,-5.140999999999999737e-03,-1.304130000000000011e-01,-6.776999999999999691e-02,1.291210000000000135e-01,-1.231450000000000045e-01,2.440599999999999992e-01,-1.608960000000000112e-01,-3.313380000000000214e-01,-7.667599999999999416e-02,9.586100000000000176e-02,1.074770000000000031e-01,-9.142799999999999538e-02,3.393200000000000105e-01,-1.081469999999999931e-01,2.931699999999999931e-02,3.250900000000000317e-02,1.486899999999999888e-01,-1.847317000000000098e+00,-3.628279999999999839e-01,1.392412999999999901e+00,1.294269999999999865e-01,1.396199999999999941e-01,-3.150900000000000228e-02
-5.961199999999999832e-02,-7.747800000000000520e-02,7.750500000000000167e-01,8.454800000000000093e-01,-6.053999999999999659e-02,1.244090000000000057e-01,-5.157730000000000370e-01,-5.151860000000000328e-01,3.016679999999999917e-01,-2.517969999999999930e-01,7.113650000000000251e-01,-3.385029999999999983e-01,-1.171340000000000020e-01,-4.264999999999999694e-03,-1.195220000000000032e-01,-7.039499999999999924e-02,1.254820000000000102e-01,-1.150219999999999992e-01,2.475900000000000045e-01,-1.688830000000000053e-01,-3.367539999999999978e-01,-8.113800000000000179e-02,9.163300000000000611e-02,1.008519999999999972e-01,-8.916599999999999526e-02,3.201200000000000156e-01,-1.015339999999999993e-01,2.736099999999999990e-02,3.076100000000000015e-02,1.627460000000000018e-01,-1.836524000000000045e+00,-3.602909999999999724e-01,1.402792000000000039e+00,1.173809999999999992e-01,1.421830000000000038e-01,-2.593799999999999925e-02
-6.228399999999999909e-02,-7.974699999999999844e-02,7.756560000000000121e-01,8.459140000000000548e-01,-6.103399999999999798e-02,1.271079999999999988e-01,-5.143429999999999946e-01,-5.169500000000000206e-01,3.097489999999999966e-01,-2.571450000000000125e-01,7.019009999999999971e-01,-3.331080000000000152e-01,-1.204790000000000028e-01,-5.956999999999999622e-03,-1.086730000000000057e-01,-7.294100000000000583e-02,1.237589999999999940e-01,-1.076830000000000009e-01,2.512349999999999861e-01,-1.783450000000000035e-01,-3.418780000000000152e-01,-8.734599999999999309e-02,8.882700000000000318e-02,9.455299999999999816e-02,-8.590799999999999825e-02,3.026909999999999878e-01,-9.525400000000000533e-02,2.648100000000000107e-02,3.015500000000000125e-02,1.791820000000000079e-01,-1.824597000000000024e+00,-3.603910000000000169e-01,1.409278999999999948e+00,1.062889999999999946e-01,1.480950000000000044e-01,-2.229899999999999938e-02
-6.496899999999999897e-02,-8.202199999999999769e-02,7.763480000000000381e-01,8.463150000000000395e-01,-6.136300000000000088e-02,1.300070000000000114e-01,-5.129169999999999563e-01,-5.193950000000000511e-01,3.176729999999999832e-01,-2.625439999999999996e-01,6.924420000000000019e-01,-3.276229999999999976e-01,-1.238279999999999936e-01,-8.226999999999999938e-03,-9.783699999999999342e-02,-7.549100000000000255e-02,1.224350000000000022e-01,-1.004749999999999949e-01,2.548549999999999982e-01,-1.879810000000000092e-01,-3.470719999999999916e-01,-9.417599999999999583e-02,8.700800000000000201e-02,8.958900000000000197e-02,-8.285700000000000010e-02,2.893350000000000088e-01,-8.974999999999999645e-02,2.545999999999999999e-02,2.937000000000000027e-02,1.987109999999999987e-01,-1.812186000000000075e+00,-3.635430000000000050e-01,1.415642999999999985e+00,9.523199999999999721e-02,1.537010000000000043e-01,-1.875200000000000131e-02
-6.758000000000000118e-02,-8.283799999999999497e-02,7.758350000000000524e-01,8.450499999999999678e-01,-5.938199999999999729e-02,1.309309999999999918e-01,-5.149970000000000381e-01,-5.213360000000000216e-01,3.213219999999999965e-01,-2.606890000000000041e-01,6.889009999999999856e-01,-3.273869999999999836e-01,-1.260640000000000094e-01,-1.374399999999999927e-02,-9.588900000000000201e-02,-7.635899999999999632e-02,1.198420000000000041e-01,-8.708000000000000462e-02,2.544319999999999915e-01,-1.924659999999999982e-01,-3.517779999999999796e-01,-9.818699999999999650e-02,8.351500000000000590e-02,8.257699999999999763e-02,-8.109900000000000442e-02,2.832740000000000258e-01,-8.711399999999999699e-02,2.426899999999999891e-02,3.022700000000000040e-02,2.083369999999999944e-01,-1.809083999999999914e+00,-3.706320000000000170e-01,1.410941000000000001e+00,9.286200000000000010e-02,1.562630000000000130e-01,-1.583299999999999985e-02
-7.056300000000000072e-02,-8.385900000000000298e-02,7.749669999999999614e-01,8.431469999999999798e-01,-5.940999999999999753e-02,1.319909999999999972e-01,-5.178340000000000165e-01,-5.234440000000000204e-01,3.301529999999999743e-01,-2.605879999999999863e-01,6.897290000000000365e-01,-3.302660000000000040e-01,-1.300860000000000072e-01,-1.911099999999999952e-02,-8.900900000000000478e-02,-7.567999999999999727e-02,1.198390000000000011e-01,-7.512299999999999534e-02,2.527639999999999887e-01,-1.929970000000000019e-01,-3.548140000000000183e-01,-9.980500000000000482e-02,8.001999999999999391e-02,7.851199999999999846e-02,-8.003799999999999804e-02,2.822490000000000276e-01,-8.597799999999999887e-02,2.343399999999999997e-02,3.022000000000000033e-02,2.187820000000000042e-01,-1.803409999999999958e+00,-3.779600000000000182e-01,1.405969999999999942e+00,9.066499999999999559e-02,1.588829999999999965e-01,-1.508600000000000045e-02
-7.360700000000000576e-02,-8.487500000000000600e-02,7.741299999999999848e-01,8.410699999999999843e-01,-5.992900000000000310e-02,1.330220000000000014e-01,-5.208800000000000097e-01,-5.254870000000000374e-01,3.401850000000000152e-01,-2.607650000000000245e-01,6.915710000000000468e-01,-3.338249999999999829e-01,-1.344299999999999939e-01,-2.424400000000000166e-02,-8.102099999999999580e-02,-7.457099999999999840e-02,1.200969999999999954e-01,-6.323700000000000154e-02,2.508380000000000054e-01,-1.923259999999999970e-01,-3.573029999999999817e-01,-1.005140000000000061e-01,7.682400000000000340e-02,7.530599999999999794e-02,-7.941700000000000148e-02,2.851199999999999846e-01,-8.576499999999999402e-02,2.268299999999999830e-02,3.019000000000000156e-02,2.300300000000000122e-01,-1.797466999999999926e+00,-3.861089999999999800e-01,1.401068999999999898e+00,8.855699999999999683e-02,1.615399999999999892e-01,-1.471899999999999945e-02
-7.478100000000000025e-02,-8.458300000000000540e-02,7.729500000000000259e-01,8.383209999999999829e-01,-6.064300000000000246e-02,1.330469999999999986e-01,-5.252029999999999754e-01,-5.270169999999999577e-01,3.477089999999999903e-01,-2.571320000000000272e-01,6.996179999999999621e-01,-3.397709999999999897e-01,-1.370260000000000089e-01,-2.904299999999999937e-02,-7.698199999999999488e-02,-6.924700000000000299e-02,1.208909999999999985e-01,-5.601500000000000229e-02,2.483529999999999904e-01,-1.910590000000000066e-01,-3.562089999999999979e-01,-9.863800000000000345e-02,7.690900000000000514e-02,7.228300000000000003e-02,-7.851299999999999946e-02,2.683579999999999854e-01,-8.347899999999999765e-02,2.046800000000000008e-02,2.844599999999999906e-02,2.372440000000000104e-01,-1.791431999999999913e+00,-3.997049999999999770e-01,1.368130000000000068e+00,9.223499999999999754e-02,1.554449999999999998e-01,-1.947499999999999926e-02
-7.598100000000000687e-02,-8.436799999999999855e-02,7.718270000000000408e-01,8.355409999999999782e-01,-6.141599999999999837e-02,1.329430000000000056e-01,-5.295520000000000227e-01,-5.282019999999999493e-01,3.553390000000000160e-01,-2.533360000000000056e-01,7.080959999999999477e-01,-3.461989999999999790e-01,-1.396979999999999889e-01,-3.349499999999999700e-02,-7.302899999999999670e-02,-6.387199999999999822e-02,1.218709999999999932e-01,-4.902000000000000107e-02,2.458809999999999885e-01,-1.905749999999999944e-01,-3.552540000000000142e-01,-9.654899999999999594e-02,7.973700000000000232e-02,6.935499999999999998e-02,-7.653699999999999393e-02,2.504310000000000147e-01,-8.121599999999999653e-02,1.994999999999999898e-02,2.804399999999999948e-02,2.453760000000000108e-01,-1.784567999999999932e+00,-4.146520000000000206e-01,1.332602999999999982e+00,9.615500000000000436e-02,1.506349999999999911e-01,-2.537500000000000172e-02
-7.717300000000000548e-02,-8.418899999999999995e-02,7.706159999999999677e-01,8.327440000000000397e-01,-6.220200000000000035e-02,1.328199999999999936e-01,-5.338800000000000212e-01,-5.292740000000000222e-01,3.630189999999999806e-01,-2.495340000000000058e-01,7.165529999999999955e-01,-3.526719999999999855e-01,-1.423800000000000066e-01,-3.784599999999999770e-02,-6.907399999999999651e-02,-5.852700000000000263e-02,1.228339999999999987e-01,-4.209199999999999747e-02,2.433809999999999862e-01,-1.901660000000000017e-01,-3.543979999999999908e-01,-9.445099999999999330e-02,8.357100000000000639e-02,6.655800000000000605e-02,-7.428700000000000581e-02,2.333449999999999969e-01,-7.925000000000000100e-02,2.005600000000000091e-02,2.817000000000000060e-02,2.547170000000000267e-01,-1.777266999999999930e+00,-4.308790000000000120e-01,1.296335000000000015e+00,9.984300000000000119e-02,1.462459999999999871e-01,-3.155000000000000165e-02
-7.659599999999999742e-02,-8.287899999999999434e-02,7.690580000000000194e-01,8.293270000000000364e-01,-6.530700000000000394e-02,1.308999999999999886e-01,-5.392740000000000311e-01,-5.284140000000000503e-01,3.716240000000000099e-01,-2.431119999999999948e-01,7.355190000000000339e-01,-3.635709999999999775e-01,-1.420780000000000098e-01,-3.836599999999999733e-02,-6.571200000000000652e-02,-5.033800000000000080e-02,1.266089999999999993e-01,-4.127600000000000019e-02,2.522099999999999898e-01,-1.868680000000000063e-01,-3.432129999999999903e-01,-8.625800000000000134e-02,8.804199999999999526e-02,6.464300000000000601e-02,-7.413000000000000145e-02,2.260250000000000037e-01,-7.825100000000000111e-02,2.303399999999999892e-02,2.843000000000000041e-02,2.678610000000000158e-01,-1.772310999999999970e+00,-4.584079999999999822e-01,1.173488000000000087e+00,1.032109999999999972e-01,1.417200000000000126e-01,-3.326500000000000290e-02
-7.612399999999999722e-02,-8.156499999999999861e-02,7.679240000000000510e-01,8.268140000000000489e-01,-6.615899999999999559e-02,1.288289999999999991e-01,-5.435109999999999664e-01,-5.273940000000000294e-01,3.744310000000000138e-01,-2.354980000000000129e-01,7.486899999999999666e-01,-3.700419999999999821e-01,-1.401159999999999906e-01,-3.892500000000000127e-02,-6.733799999999999508e-02,-4.470600000000000268e-02,1.273249999999999937e-01,-3.879599999999999715e-02,2.615250000000000075e-01,-1.891200000000000103e-01,-3.345710000000000073e-01,-8.107000000000000317e-02,9.224300000000000554e-02,6.020899999999999863e-02,-7.233199999999999352e-02,2.223459999999999881e-01,-7.652100000000000568e-02,2.380699999999999830e-02,2.862400000000000014e-02,2.830820000000000003e-01,-1.768461999999999978e+00,-4.887409999999999810e-01,1.047460000000000058e+00,1.050819999999999949e-01,1.406159999999999910e-01,-3.263900000000000134e-02
-7.887099999999999667e-02,-8.164399999999999435e-02,7.673499999999999766e-01,8.236560000000000548e-01,-6.898799999999999377e-02,1.283400000000000096e-01,-5.480519999999999836e-01,-5.255090000000000039e-01,3.886220000000000230e-01,-2.329869999999999997e-01,7.541120000000000045e-01,-3.723339999999999983e-01,-1.451280000000000070e-01,-4.054300000000000265e-02,-5.651699999999999779e-02,-4.086999999999999661e-02,1.283199999999999896e-01,-3.649000000000000160e-02,2.617720000000000047e-01,-1.899820000000000120e-01,-3.257030000000000203e-01,-7.636800000000000532e-02,9.826699999999999324e-02,6.108199999999999741e-02,-6.818899999999999961e-02,2.187240000000000018e-01,-7.495300000000000573e-02,2.404500000000000040e-02,2.808300000000000032e-02,3.008990000000000276e-01,-1.760226999999999986e+00,-5.210080000000000267e-01,9.194849999999999968e-01,1.062160000000000049e-01,1.400389999999999968e-01,-3.076800000000000021e-02
-8.121399999999999453e-02,-8.167699999999999960e-02,7.657929999999999460e-01,8.191399999999999793e-01,-7.387100000000000610e-02,1.289919999999999956e-01,-5.539979999999999905e-01,-5.293360000000000287e-01,4.111469999999999847e-01,-2.287230000000000096e-01,7.708509999999999529e-01,-3.789170000000000038e-01,-1.546780000000000099e-01,-4.359299999999999981e-02,-4.092900000000000010e-02,-3.932599999999999985e-02,1.287069999999999881e-01,-3.792000000000000232e-02,2.617999999999999772e-01,-1.850219999999999920e-01,-3.133329999999999727e-01,-6.798200000000000076e-02,1.016159999999999980e-01,6.597100000000000186e-02,-7.121500000000000052e-02,1.990860000000000130e-01,-7.266899999999999749e-02,2.422200000000000047e-02,2.689199999999999924e-02,3.111380000000000257e-01,-1.735365999999999964e+00,-5.599229999999999485e-01,7.130450000000000399e-01,1.206499999999999934e-01,1.353540000000000021e-01,-1.626700000000000021e-02
-8.355999999999999539e-02,-8.156599999999999961e-02,7.640449999999999742e-01,8.142740000000000533e-01,-7.941299999999999748e-02,1.298690000000000122e-01,-5.601650000000000240e-01,-5.337640000000000162e-01,4.352849999999999775e-01,-2.256930000000000047e-01,7.887830000000000119e-01,-3.855720000000000258e-01,-1.649940000000000018e-01,-4.644199999999999717e-02,-2.361600000000000157e-02,-3.730800000000000088e-02,1.294889999999999930e-01,-3.949699999999999739e-02,2.617999999999999772e-01,-1.782420000000000115e-01,-3.000809999999999866e-01,-5.867100000000000093e-02,1.061649999999999955e-01,7.142800000000000538e-02,-7.370200000000000362e-02,1.769699999999999884e-01,-7.036399999999999599e-02,2.531999999999999876e-02,2.604700000000000071e-02,3.254460000000000131e-01,-1.704449000000000103e+00,-6.009349999999999969e-01,4.991389999999999993e-01,1.330530000000000046e-01,1.344519999999999882e-01,-5.108999999999999826e-03
-8.606300000000000061e-02,-8.129300000000000415e-02,7.624180000000000401e-01,8.093690000000000051e-01,-8.486799999999999899e-02,1.306450000000000111e-01,-5.662599999999999856e-01,-5.382630000000000470e-01,4.588679999999999981e-01,-2.230729999999999935e-01,8.065350000000000019e-01,-3.916729999999999934e-01,-1.752940000000000054e-01,-4.897200000000000164e-02,-6.610999999999999689e-03,-3.543099999999999722e-02,1.303310000000000024e-01,-4.107500000000000040e-02,2.617999999999999772e-01,-1.696660000000000112e-01,-2.869869999999999921e-01,-4.883699999999999847e-02,1.107289999999999941e-01,7.721300000000000385e-02,-7.699100000000000388e-02,1.535489999999999911e-01,-6.805600000000000538e-02,2.668600000000000139e-02,2.531600000000000170e-02,3.428910000000000013e-01,-1.669013000000000080e+00,-6.417599999999999971e-01,2.816449999999999787e-01,1.431409999999999905e-01,1.337160000000000015e-01,3.595000000000000105e-03
-8.670400000000000329e-02,-7.877099999999999380e-02,7.602299999999999613e-01,8.008560000000000123e-01,-8.947399999999999798e-02,1.307270000000000099e-01,-5.775249999999999551e-01,-5.372590000000000421e-01,4.822469999999999812e-01,-2.126349999999999907e-01,8.248010000000000064e-01,-4.037490000000000245e-01,-1.828720000000000068e-01,-7.059200000000000197e-02,1.337999999999999997e-03,-5.757099999999999718e-02,1.536059999999999925e-01,-4.373699999999999810e-02,2.617999999999999772e-01,-1.462990000000000124e-01,-2.637289999999999912e-01,-3.286499999999999838e-02,1.084740000000000010e-01,8.359099999999999864e-02,-8.711299999999999599e-02,1.545320000000000027e-01,-7.025000000000000688e-02,2.903199999999999878e-02,2.469400000000000067e-02,3.635149999999999770e-01,-1.600702999999999987e+00,-6.462769999999999904e-01,2.338600000000000054e-02,1.534790000000000043e-01,1.249350000000000044e-01,2.556999999999999898e-02
-8.771199999999999830e-02,-7.579500000000000126e-02,7.581639999999999491e-01,7.919119999999999493e-01,-9.369700000000000251e-02,1.309839999999999893e-01,-5.890159999999999840e-01,-5.370930000000000426e-01,5.056869999999999976e-01,-2.018830000000000069e-01,8.425089999999999524e-01,-4.143879999999999786e-01,-1.905709999999999904e-01,-9.409399999999999709e-02,8.904999999999999721e-03,-7.971799999999999720e-02,1.790710000000000079e-01,-4.732299999999999701e-02,2.617999999999999772e-01,-1.251009999999999900e-01,-2.411880000000000135e-01,-1.971900000000000042e-02,1.071799999999999975e-01,8.960300000000000209e-02,-9.438499999999999668e-02,1.557810000000000028e-01,-7.288999999999999646e-02,3.041200000000000153e-02,2.362600000000000117e-02,3.684479999999999977e-01,-1.532887000000000111e+00,-6.288289999999999713e-01,-2.375279999999999891e-01,1.604140000000000010e-01,1.194159999999999944e-01,4.319599999999999829e-02
-8.874899999999999456e-02,-7.224400000000000266e-02,7.562029999999999585e-01,7.827349999999999586e-01,-9.729899999999999660e-02,1.312020000000000131e-01,-6.005380000000000162e-01,-5.377570000000000405e-01,5.277230000000000532e-01,-1.905239999999999989e-01,8.601699999999999902e-01,-4.238739999999999730e-01,-1.976300000000000001e-01,-1.183899999999999952e-01,1.466800000000000048e-02,-1.022860000000000019e-01,2.049539999999999973e-01,-5.118400000000000033e-02,2.617999999999999772e-01,-1.087670000000000026e-01,-2.195950000000000124e-01,-9.681000000000000369e-03,1.091130000000000017e-01,9.446899999999999742e-02,-9.686999999999999778e-02,1.554949999999999943e-01,-7.560500000000000553e-02,3.107499999999999846e-02,2.227399999999999866e-02,3.560969999999999969e-01,-1.469681999999999933e+00,-5.879619999999999846e-01,-4.946340000000000181e-01,1.627619999999999900e-01,1.136110000000000037e-01,5.807999999999999968e-02
-8.739399999999999946e-02,-6.957099999999999396e-02,7.542619999999999880e-01,7.799049999999999594e-01,-9.787700000000000566e-02,1.308799999999999963e-01,-6.041840000000000543e-01,-5.470500000000000362e-01,5.311719999999999775e-01,-1.850269999999999970e-01,8.800940000000000429e-01,-4.283890000000000198e-01,-1.967220000000000080e-01,-1.560809999999999975e-01,6.878000000000000433e-03,-1.193690000000000029e-01,2.658780000000000032e-01,-4.852599999999999969e-02,2.617999999999999772e-01,-1.028219999999999967e-01,-1.967649999999999955e-01,4.184000000000000219e-03,1.009690000000000032e-01,9.653200000000000669e-02,-1.053970000000000046e-01,1.476669999999999927e-01,-7.614200000000000135e-02,3.004300000000000026e-02,2.331099999999999839e-02,3.227450000000000041e-01,-1.397000999999999937e+00,-5.401230000000000198e-01,-6.200849999999999973e-01,1.690460000000000018e-01,1.182939999999999964e-01,6.520700000000000107e-02
-8.569599999999999440e-02,-6.605500000000000260e-02,7.527449999999999974e-01,7.770899999999999475e-01,-9.773600000000000343e-02,1.305900000000000116e-01,-6.078860000000000374e-01,-5.578319999999999945e-01,5.321099999999999719e-01,-1.789109999999999867e-01,8.996950000000000225e-01,-4.315530000000000199e-01,-1.942629999999999912e-01,-1.968739999999999934e-01,-4.377999999999999947e-03,-1.377599999999999936e-01,3.310379999999999989e-01,-4.822499999999999704e-02,2.617999999999999772e-01,-1.015210000000000001e-01,-1.751620000000000121e-01,1.601599999999999899e-02,9.466399999999999815e-02,9.766900000000000581e-02,-1.102120000000000044e-01,1.380339999999999900e-01,-7.739899999999999558e-02,2.920000000000000026e-02,2.478700000000000001e-02,2.757129999999999859e-01,-1.328912000000000093e+00,-4.790780000000000038e-01,-7.306850000000000289e-01,1.743939999999999935e-01,1.152949999999999947e-01,7.411700000000000232e-02
-8.349600000000000077e-02,-6.203000000000000180e-02,7.513609999999999456e-01,7.742010000000000280e-01,-9.717099999999999349e-02,1.302270000000000094e-01,-6.117280000000000495e-01,-5.693580000000000307e-01,5.312120000000000175e-01,-1.719960000000000100e-01,9.197910000000000252e-01,-4.343310000000000226e-01,-1.903799999999999937e-01,-2.389719999999999900e-01,-1.870199999999999987e-02,-1.567199999999999982e-01,3.987959999999999838e-01,-4.978199999999999986e-02,2.617999999999999772e-01,-1.046740000000000032e-01,-1.540549999999999975e-01,2.666200000000000167e-02,9.131300000000000527e-02,9.754200000000000370e-02,-1.107879999999999976e-01,1.255249999999999977e-01,-7.877900000000000180e-02,2.871699999999999947e-02,2.683100000000000068e-02,2.242240000000000066e-01,-1.262920999999999960e+00,-4.133830000000000005e-01,-8.353070000000000217e-01,1.777970000000000106e-01,1.114900000000000058e-01,8.453700000000000103e-02
-8.297999999999999821e-02,-5.926700000000000024e-02,7.499700000000000255e-01,7.731130000000000502e-01,-9.815200000000000313e-02,1.310240000000000016e-01,-6.127759999999999874e-01,-5.821629999999999860e-01,5.326990000000000336e-01,-1.753949999999999954e-01,9.341559999999999864e-01,-4.347619999999999818e-01,-1.936509999999999898e-01,-2.788410000000000055e-01,-2.025599999999999970e-02,-1.527910000000000101e-01,4.580170000000000075e-01,-1.788599999999999912e-02,2.617999999999999772e-01,-9.937799999999999412e-02,-1.315010000000000068e-01,4.051199999999999940e-02,7.903399999999999315e-02,1.153070000000000067e-01,-1.244109999999999938e-01,1.401640000000000108e-01,-7.814100000000000212e-02,2.970100000000000171e-02,2.248100000000000098e-02,1.713890000000000136e-01,-1.200078999999999896e+00,-2.914959999999999773e-01,-8.947869999999999990e-01,1.919220000000000093e-01,1.131589999999999957e-01,1.268920000000000048e-01
-8.268599999999999561e-02,-5.583599999999999675e-02,7.487700000000000466e-01,7.714760000000000506e-01,-9.995199999999999918e-02,1.318169999999999897e-01,-6.143769999999999509e-01,-5.946160000000000334e-01,5.361669999999999492e-01,-1.795400000000000051e-01,9.481899999999999773e-01,-4.342860000000000054e-01,-1.974809999999999899e-01,-3.190109999999999890e-01,-2.086400000000000060e-02,-1.520680000000000087e-01,5.188770000000000326e-01,1.350999999999999944e-02,2.617999999999999772e-01,-9.841600000000000348e-02,-1.085350000000000065e-01,5.363600000000000312e-02,6.860600000000000032e-02,1.322480000000000044e-01,-1.332959999999999978e-01,1.556909999999999961e-01,-7.796000000000000152e-02,2.881699999999999887e-02,1.710300000000000015e-02,1.076610000000000067e-01,-1.135658999999999974e+00,-1.602939999999999920e-01,-9.421300000000000230e-01,2.041759999999999964e-01,1.138649999999999940e-01,1.723969999999999947e-01
-8.259299999999999975e-02,-5.192000000000000087e-02,7.478529999999999900e-01,7.695400000000000018e-01,-1.019619999999999971e-01,1.325790000000000024e-01,-6.163070000000000492e-01,-6.075260000000000105e-01,5.399650000000000283e-01,-1.841399999999999981e-01,9.622589999999999755e-01,-4.330160000000000120e-01,-2.013340000000000130e-01,-3.605389999999999984e-01,-2.246599999999999986e-02,-1.547729999999999939e-01,5.827109999999999790e-01,4.351300000000000306e-02,2.617999999999999772e-01,-1.005780000000000007e-01,-8.527099999999999957e-02,6.692199999999999538e-02,5.993099999999999816e-02,1.490200000000000136e-01,-1.389799999999999924e-01,1.695079999999999920e-01,-7.759499999999999731e-02,2.714400000000000146e-02,1.131700000000000067e-02,4.392399999999999777e-02,-1.069120999999999988e+00,-3.024900000000000158e-02,-9.817820000000000435e-01,2.162310000000000065e-01,1.136579999999999951e-01,2.177989999999999926e-01
-7.547099999999999642e-02,-4.890800000000000008e-02,7.471440000000000303e-01,7.714109999999999578e-01,-9.917099999999999527e-02,1.319559999999999900e-01,-6.145549999999999624e-01,-6.140910000000000535e-01,5.193609999999999616e-01,-1.783450000000000035e-01,9.739640000000000519e-01,-4.416629999999999723e-01,-1.876230000000000120e-01,-3.870290000000000119e-01,-3.524599999999999955e-02,-1.451689999999999925e-01,6.182079999999999798e-01,6.248900000000000288e-02,2.617999999999999772e-01,-1.138089999999999935e-01,-6.942399999999999960e-02,7.494399999999999673e-02,5.621899999999999814e-02,1.476609999999999867e-01,-1.479189999999999949e-01,1.733349999999999891e-01,-7.232399999999999940e-02,2.583500000000000033e-02,6.738000000000000066e-03,-4.216000000000000129e-03,-1.032985999999999960e+00,7.592999999999999750e-02,-9.622399999999999842e-01,2.139810000000000045e-01,1.189079999999999998e-01,2.370200000000000085e-01
-6.842199999999999671e-02,-4.579199999999999937e-02,7.468310000000000226e-01,7.733389999999999986e-01,-9.687300000000000078e-02,1.309309999999999918e-01,-6.127150000000000096e-01,-6.180409999999999515e-01,4.992800000000000016e-01,-1.719900000000000040e-01,9.831640000000000379e-01,-4.489929999999999755e-01,-1.740150000000000030e-01,-4.111349999999999727e-01,-4.723800000000000221e-02,-1.357629999999999948e-01,6.513590000000000213e-01,8.261899999999999800e-02,2.617999999999999772e-01,-1.248699999999999949e-01,-5.205599999999999811e-02,8.477400000000000213e-02,5.141799999999999843e-02,1.470289999999999930e-01,-1.602300000000000113e-01,1.739310000000000023e-01,-6.680999999999999439e-02,2.567200000000000037e-02,3.067999999999999981e-03,-4.382400000000000184e-02,-9.965169999999999861e-01,1.732180000000000109e-01,-9.402620000000000422e-01,2.130279999999999951e-01,1.201969999999999983e-01,2.546059999999999990e-01
-6.159499999999999698e-02,-4.262699999999999823e-02,7.464610000000000412e-01,7.751090000000000479e-01,-9.498800000000000299e-02,1.298580000000000012e-01,-6.109989999999999588e-01,-6.213649999999999451e-01,4.802069999999999950e-01,-1.658630000000000104e-01,9.918970000000000287e-01,-4.559639999999999804e-01,-1.607310000000000128e-01,-4.350640000000000063e-01,-5.817800000000000055e-02,-1.264399999999999968e-01,6.848360000000000003e-01,1.027300000000000019e-01,2.617999999999999772e-01,-1.342550000000000132e-01,-3.371400000000000091e-02,9.597100000000000075e-02,4.513000000000000345e-02,1.478190000000000059e-01,-1.747019999999999962e-01,1.728339999999999876e-01,-6.128900000000000320e-02,2.545400000000000093e-02,-8.339999999999999974e-04,-7.655399999999999705e-02,-9.587149999999999839e-01,2.633570000000000078e-01,-9.181909999999999794e-01,2.125569999999999959e-01,1.204270000000000063e-01,2.713630000000000209e-01
-4.064700000000000257e-02,-3.883400000000000046e-02,7.470320000000000293e-01,7.814510000000000067e-01,-8.563199999999999978e-02,1.231600000000000056e-01,-6.056669999999999554e-01,-6.074840000000000240e-01,4.183220000000000272e-01,-1.331350000000000033e-01,9.988730000000000109e-01,-4.699740000000000029e-01,-1.204800000000000038e-01,-4.470149999999999957e-01,-8.530300000000000382e-02,-8.974899999999999545e-02,7.091870000000000118e-01,8.426899999999999669e-02,2.617999999999999772e-01,-1.543960000000000055e-01,-1.647799999999999959e-02,9.754000000000000170e-02,3.689200000000000118e-02,1.254190000000000027e-01,-1.852449999999999930e-01,1.850370000000000070e-01,-5.775700000000000278e-02,2.733599999999999919e-02,-7.940000000000000009e-04,-1.083070000000000005e-01,-9.344599999999999573e-01,3.450799999999999979e-01,-8.929960000000000120e-01,2.069360000000000088e-01,1.233019999999999949e-01,2.738550000000000151e-01
-2.019100000000000061e-02,-3.409299999999999831e-02,7.475239999999999663e-01,7.883989999999999609e-01,-7.495200000000000473e-02,1.146780000000000022e-01,-5.997139999999999693e-01,-5.914549999999999530e-01,3.509109999999999729e-01,-9.900799999999999879e-02,9.978890000000000260e-01,-4.774930000000000008e-01,-7.904300000000000215e-02,-4.616460000000000008e-01,-1.170120000000000049e-01,-5.103599999999999803e-02,7.402400000000000091e-01,6.177300000000000152e-02,2.617999999999999772e-01,-1.768069999999999919e-01,-5.360000000000000181e-04,1.016630000000000034e-01,2.466399999999999842e-02,9.918599999999999639e-02,-1.963969999999999883e-01,1.994049999999999989e-01,-5.349099999999999688e-02,2.800199999999999911e-02,-5.929999999999999941e-04,-1.375339999999999896e-01,-9.140749999999999709e-01,4.230189999999999784e-01,-8.690809999999999924e-01,2.026670000000000138e-01,1.252310000000000090e-01,2.740049999999999986e-01
-2.149999999999999947e-04,-2.843899999999999900e-02,7.475289999999999990e-01,7.953189999999999982e-01,-6.335899999999999865e-02,1.055309999999999998e-01,-5.935629999999999518e-01,-5.761230000000000517e-01,2.807859999999999800e-01,-6.512500000000000233e-02,9.907190000000000163e-01,-4.795389999999999930e-01,-3.723100000000000021e-02,-4.800920000000000187e-01,-1.503269999999999884e-01,-1.004700000000000037e-02,7.764670000000000183e-01,3.627299999999999969e-02,2.617999999999999772e-01,-1.989900000000000002e-01,1.505199999999999941e-02,1.070060000000000039e-01,8.928999999999999437e-03,7.158599999999999686e-02,-2.087610000000000021e-01,2.131619999999999904e-01,-4.892599999999999727e-02,2.901700000000000113e-02,-3.099999999999999999e-04,-1.626049999999999995e-01,-8.956199999999999717e-01,4.944609999999999839e-01,-8.479320000000000190e-01,1.996709999999999874e-01,1.269220000000000070e-01,2.738260000000000138e-01
7.978000000000000716e-03,-2.640500000000000139e-02,7.503950000000000342e-01,7.982700000000000351e-01,-5.387100000000000222e-02,9.940000000000000224e-02,-5.915930000000000355e-01,-5.532019999999999715e-01,2.452179999999999915e-01,-3.536999999999999866e-02,9.546390000000000153e-01,-4.691100000000000270e-01,-1.566899999999999890e-02,-4.724729999999999763e-01,-1.556240000000000123e-01,-8.484999999999999487e-03,7.718909999999999938e-01,2.628000000000000128e-03,2.617999999999999772e-01,-2.069539999999999991e-01,1.804400000000000101e-02,1.014520000000000005e-01,8.949999999999999623e-03,5.877000000000000279e-02,-2.024229999999999918e-01,2.319390000000000063e-01,-4.914099999999999718e-02,3.031700000000000020e-02,3.057999999999999954e-03,-1.513519999999999865e-01,-8.766110000000000291e-01,5.410709999999999686e-01,-7.815029999999999477e-01,1.913590000000000013e-01,1.331670000000000076e-01,2.805909999999999793e-01
1.666099999999999873e-02,-2.427800000000000097e-02,7.535819999999999741e-01,8.006780000000000008e-01,-4.570099999999999857e-02,9.327699999999999880e-02,-5.900210000000000177e-01,-5.279000000000000359e-01,2.113790000000000113e-01,-7.080000000000000356e-03,9.158340000000000369e-01,-4.581379999999999897e-01,5.556000000000000175e-03,-4.633039999999999936e-01,-1.596470000000000111e-01,-9.036000000000000629e-03,7.667439999999999811e-01,-3.141000000000000042e-02,2.617680000000000007e-01,-2.110960000000000059e-01,2.352299999999999877e-02,9.729000000000000148e-02,7.187999999999999945e-03,4.602099999999999941e-02,-2.000359999999999916e-01,2.499800000000000078e-01,-4.912400000000000100e-02,3.178899999999999781e-02,6.135999999999999961e-03,-1.348640000000000116e-01,-8.574969999999999537e-01,5.816010000000000346e-01,-7.173389999999999489e-01,1.810549999999999937e-01,1.373590000000000089e-01,2.882569999999999855e-01
2.221000000000000058e-02,-2.286200000000000038e-02,7.576720000000000121e-01,8.016760000000000552e-01,-4.023100000000000287e-02,8.890900000000000192e-02,-5.897390000000000132e-01,-5.024359999999999937e-01,1.899879999999999902e-01,1.479300000000000059e-02,8.734830000000000094e-01,-4.447809999999999819e-01,1.926999999999999894e-02,-4.551419999999999910e-01,-1.523990000000000067e-01,-1.873400000000000065e-02,7.624290000000000234e-01,-6.594700000000000562e-02,2.522659999999999902e-01,-2.104850000000000054e-01,2.968099999999999905e-02,9.348700000000000065e-02,5.130000000000000011e-03,4.007600000000000051e-02,-1.987299999999999900e-01,2.675549999999999873e-01,-4.885699999999999765e-02,3.302000000000000074e-02,8.066000000000000253e-03,-1.154199999999999948e-01,-8.311490000000000267e-01,6.186099999999999932e-01,-6.564510000000000067e-01,1.687279999999999891e-01,1.409050000000000025e-01,2.950329999999999897e-01
2.395900000000000113e-02,-2.378399999999999959e-02,7.643020000000000369e-01,7.983810000000000073e-01,-3.673699999999999882e-02,8.622499999999999609e-02,-5.948139999999999539e-01,-4.617950000000000110e-01,1.821220000000000061e-01,2.948699999999999932e-02,8.053019999999999623e-01,-4.220539999999999847e-01,2.034199999999999897e-02,-4.354979999999999962e-01,-1.420089999999999963e-01,-6.023099999999999982e-02,7.294580000000000508e-01,-8.949200000000000210e-02,2.103820000000000134e-01,-1.975020000000000109e-01,3.479899999999999660e-02,8.030600000000000238e-02,1.048600000000000053e-02,4.220399999999999846e-02,-1.978290000000000048e-01,2.794670000000000210e-01,-5.149000000000000105e-02,3.363499999999999823e-02,8.276999999999999635e-03,-1.195879999999999999e-01,-7.746950000000000225e-01,6.379029999999999978e-01,-5.839720000000000466e-01,1.525340000000000029e-01,1.439280000000000004e-01,2.879320000000000213e-01
2.556800000000000045e-02,-2.463900000000000118e-02,7.711609999999999854e-01,7.948060000000000125e-01,-3.422399999999999748e-02,8.350799999999999890e-02,-6.001159999999999828e-01,-4.197989999999999777e-01,1.752509999999999901e-01,4.359799999999999787e-02,7.366099999999999870e-01,-3.992689999999999850e-01,2.083799999999999888e-02,-4.144619999999999971e-01,-1.291069999999999995e-01,-1.024230000000000002e-01,6.959880000000000511e-01,-1.134929999999999967e-01,1.687279999999999891e-01,-1.841059999999999919e-01,4.052200000000000246e-02,6.886200000000000654e-02,1.486999999999999954e-02,4.444599999999999940e-02,-1.979329999999999978e-01,2.914359999999999729e-01,-5.359599999999999781e-02,3.461999999999999800e-02,8.191999999999999629e-03,-1.226479999999999931e-01,-7.144439999999999680e-01,6.520909999999999762e-01,-5.147760000000000113e-01,1.347490000000000077e-01,1.449129999999999863e-01,2.793109999999999760e-01
2.719399999999999942e-02,-2.553499999999999867e-02,7.779300000000000104e-01,7.910399999999999654e-01,-3.225399999999999795e-02,8.101099999999999968e-02,-6.055190000000000294e-01,-3.778630000000000044e-01,1.686729999999999896e-01,5.720200000000000284e-02,6.682590000000000474e-01,-3.767170000000000241e-01,2.100899999999999990e-02,-3.935850000000000182e-01,-1.144389999999999991e-01,-1.449989999999999890e-01,6.632679999999999687e-01,-1.385820000000000107e-01,1.276229999999999865e-01,-1.702039999999999942e-01,4.722400000000000209e-02,5.806200000000000250e-02,1.814199999999999841e-02,4.596999999999999698e-02,-1.994809999999999917e-01,3.047050000000000036e-01,-5.502400000000000346e-02,3.540100000000000191e-02,7.603000000000000383e-03,-1.232110000000000011e-01,-6.518279999999999630e-01,6.599199999999999511e-01,-4.515560000000000129e-01,1.157389999999999947e-01,1.440720000000000056e-01,2.684230000000000227e-01
2.696499999999999939e-02,-2.830500000000000030e-02,7.835210000000000230e-01,7.868349999999999511e-01,-2.923699999999999910e-02,7.731699999999999684e-02,-6.116030000000000078e-01,-3.267019999999999924e-01,1.623769999999999936e-01,7.429700000000000193e-02,5.865590000000000526e-01,-3.465440000000000187e-01,2.229099999999999832e-02,-3.483410000000000117e-01,-9.713099999999999512e-02,-1.683919999999999861e-01,6.013340000000000352e-01,-1.560280000000000000e-01,9.965200000000000446e-02,-1.584210000000000063e-01,4.786599999999999883e-02,4.045399999999999691e-02,2.542099999999999915e-02,4.504699999999999677e-02,-1.959359999999999991e-01,3.095559999999999978e-01,-5.974499999999999950e-02,3.546599999999999753e-02,7.564000000000000411e-03,-1.064370000000000038e-01,-5.981199999999999850e-01,6.444520000000000248e-01,-2.826190000000000091e-01,8.324499999999999955e-02,1.471000000000000085e-01,2.456520000000000092e-01
2.668799999999999992e-02,-3.082500000000000170e-02,7.892829999999999568e-01,7.823769999999999891e-01,-2.729900000000000035e-02,7.356600000000000639e-02,-6.178420000000000023e-01,-2.742149999999999865e-01,1.567399999999999904e-01,9.109899999999999942e-02,5.049449999999999772e-01,-3.165810000000000013e-01,2.282899999999999860e-02,-3.013950000000000240e-01,-7.717000000000000248e-02,-1.913209999999999911e-01,5.387640000000000207e-01,-1.735470000000000068e-01,7.103700000000000292e-02,-1.460339999999999971e-01,4.973400000000000043e-02,2.458400000000000168e-02,3.198800000000000254e-02,4.344800000000000051e-02,-1.941450000000000120e-01,3.158710000000000129e-01,-6.428100000000000480e-02,3.607300000000000090e-02,7.394999999999999664e-03,-9.066299999999999359e-02,-5.420009999999999550e-01,6.257080000000000419e-01,-1.170599999999999974e-01,4.961000000000000132e-02,1.447050000000000003e-01,2.175290000000000001e-01
2.646400000000000141e-02,-3.339099999999999707e-02,7.951989999999999892e-01,7.777490000000000236e-01,-2.614599999999999910e-02,7.022100000000000564e-02,-6.240930000000000089e-01,-2.225260000000000016e-01,1.517699999999999882e-01,1.072380000000000000e-01,4.252610000000000001e-01,-2.876130000000000075e-01,2.265400000000000053e-02,-2.542360000000000175e-01,-5.473299999999999693e-02,-2.137449999999999906e-01,4.764209999999999834e-01,-1.914810000000000123e-01,4.191899999999999793e-02,-1.335389999999999910e-01,5.339300000000000296e-02,9.565999999999999850e-03,3.792199999999999738e-02,4.091499999999999998e-02,-1.937909999999999910e-01,3.244420000000000082e-01,-6.845400000000000096e-02,3.700099999999999917e-02,6.748999999999999791e-03,-7.477000000000000313e-02,-4.854269999999999974e-01,6.041689999999999561e-01,4.063599999999999851e-02,1.701199999999999934e-02,1.409759999999999902e-01,1.832699999999999885e-01
2.536300000000000013e-02,-3.639200000000000074e-02,7.979070000000000329e-01,7.753499999999999837e-01,-2.527799999999999839e-02,6.558700000000000641e-02,-6.276080000000000547e-01,-1.756489999999999996e-01,1.438429999999999986e-01,1.146130000000000065e-01,3.573890000000000122e-01,-2.581280000000000241e-01,2.170899999999999913e-02,-2.023580000000000101e-01,-3.629199999999999787e-02,-2.224730000000000041e-01,4.056609999999999938e-01,-1.886049999999999949e-01,3.035399999999999904e-02,-1.214469999999999994e-01,5.619699999999999696e-02,-1.879999999999999944e-03,4.281000000000000083e-02,4.175700000000000245e-02,-1.934150000000000036e-01,3.314889999999999781e-01,-7.176699999999999746e-02,3.744600000000000012e-02,5.585999999999999820e-03,-7.162799999999999723e-02,-4.187069999999999959e-01,5.741079999999999517e-01,1.101940000000000003e-01,9.690000000000000696e-03,1.264579999999999871e-01,1.517739999999999922e-01
2.436899999999999830e-02,-3.944899999999999796e-02,8.007729999999999571e-01,7.729610000000000092e-01,-2.478999999999999954e-02,6.137000000000000094e-02,-6.309909999999999686e-01,-1.302190000000000014e-01,1.365590000000000137e-01,1.212320000000000064e-01,2.917489999999999806e-01,-2.296729999999999883e-01,2.040099999999999900e-02,-1.504919999999999869e-01,-1.633599999999999983e-02,-2.308759999999999979e-01,3.346250000000000058e-01,-1.857610000000000094e-01,1.870499999999999940e-02,-1.095580000000000026e-01,6.021599999999999869e-02,-1.310000000000000053e-02,4.755199999999999705e-02,4.199699999999999961e-02,-1.949110000000000009e-01,3.413209999999999855e-01,-7.487299999999999511e-02,3.902200000000000113e-02,4.075999999999999762e-03,-6.666199999999999903e-02,-3.542170000000000041e-01,5.402179999999999760e-01,1.687859999999999916e-01,3.184999999999999897e-03,1.157500000000000057e-01,1.202909999999999952e-01
2.340899999999999925e-02,-4.230500000000000232e-02,8.037480000000000180e-01,7.706180000000000252e-01,-2.460000000000000034e-02,5.740599999999999870e-02,-6.342290000000000427e-01,-8.607399999999999773e-02,1.296980000000000077e-01,1.272469999999999990e-01,2.284049999999999969e-01,-2.022889999999999966e-01,1.868999999999999828e-02,-9.852900000000000547e-02,4.846999999999999746e-03,-2.387330000000000008e-01,2.634290000000000243e-01,-1.830469999999999875e-01,7.268000000000000155e-03,-9.801899999999999502e-02,6.493500000000000660e-02,-2.427500000000000144e-02,5.246499999999999775e-02,4.189600000000000268e-02,-1.986829999999999985e-01,3.554579999999999962e-01,-7.818999999999999562e-02,4.121600000000000263e-02,2.070999999999999924e-03,-6.111500000000000266e-02,-2.908089999999999842e-01,5.053499999999999659e-01,2.231009999999999938e-01,-3.026000000000000044e-03,1.054400000000000059e-01,8.891000000000000292e-02
2.245899999999999980e-02,-4.487200000000000216e-02,8.048629999999999951e-01,7.686969999999999636e-01,-2.598100000000000062e-02,5.358299999999999869e-02,-6.368350000000000399e-01,-5.446999999999999759e-02,1.268589999999999995e-01,1.291039999999999965e-01,1.923970000000000125e-01,-1.844079999999999886e-01,1.720899999999999860e-02,-6.559399999999999953e-02,1.548500000000000050e-02,-2.350039999999999907e-01,2.239700000000000024e-01,-1.669430000000000081e-01,5.364999999999999977e-03,-8.514700000000000046e-02,7.185600000000000320e-02,-2.834000000000000061e-02,5.072000000000000119e-02,4.517499999999999988e-02,-2.039469999999999894e-01,3.736459999999999781e-01,-8.203199999999999381e-02,4.375799999999999829e-02,2.965000000000000187e-03,-5.666700000000000209e-02,-2.318560000000000065e-01,4.712149999999999950e-01,3.007250000000000201e-01,1.133800000000000086e-02,9.570499999999999841e-02,6.712500000000000411e-02
2.156500000000000083e-02,-4.731799999999999895e-02,8.058490000000000375e-01,7.667659999999999476e-01,-2.695099999999999926e-02,5.011199999999999682e-02,-6.393999999999999684e-01,-2.545499999999999846e-02,1.237560000000000049e-01,1.309659999999999991e-01,1.588070000000000037e-01,-1.674859999999999960e-01,1.586999999999999869e-02,-3.517800000000000094e-02,2.569600000000000009e-02,-2.312430000000000041e-01,1.867600000000000093e-01,-1.519220000000000015e-01,3.697000000000000199e-03,-7.279099999999999460e-02,7.846699999999999509e-02,-3.385699999999999821e-02,4.953300000000000064e-02,4.852399999999999769e-02,-2.117209999999999925e-01,3.989110000000000156e-01,-8.689700000000000202e-02,4.653499999999999998e-02,3.311000000000000141e-03,-5.352400000000000213e-02,-1.762340000000000018e-01,4.407570000000000099e-01,3.809279999999999888e-01,2.675299999999999900e-02,8.527500000000000357e-02,4.880799999999999722e-02
2.066399999999999834e-02,-4.963999999999999663e-02,8.069640000000000146e-01,7.648530000000000051e-01,-2.787500000000000047e-02,4.668900000000000133e-02,-6.419059999999999766e-01,2.775000000000000123e-03,1.205040000000000000e-01,1.327440000000000009e-01,1.263589999999999991e-01,-1.510060000000000013e-01,1.452699999999999998e-02,-5.181999999999999974e-03,3.591400000000000148e-02,-2.274599999999999955e-01,1.498520000000000130e-01,-1.369269999999999932e-01,2.347000000000000128e-03,-6.099000000000000254e-02,8.479000000000000425e-02,-4.008899999999999963e-02,4.924900000000000111e-02,5.217999999999999722e-02,-2.224099999999999966e-01,4.313000000000000167e-01,-9.332600000000000617e-02,5.073799999999999838e-02,3.667000000000000121e-03,-5.160399999999999709e-02,-1.245030000000000026e-01,4.157000000000000139e-01,4.643950000000000022e-01,4.265200000000000241e-02,7.660799999999999554e-02,3.464400000000000118e-02
1.874299999999999924e-02,-5.051200000000000134e-02,8.082089999999999552e-01,7.627000000000000446e-01,-2.813600000000000129e-02,4.369800000000000073e-02,-6.446610000000000396e-01,1.250800000000000002e-02,1.201040000000000024e-01,1.369940000000000047e-01,1.226600000000000051e-01,-1.369920000000000027e-01,1.263300000000000013e-02,7.630000000000000063e-04,3.568400000000000044e-02,-2.175080000000000069e-01,1.457390000000000074e-01,-1.225509999999999933e-01,4.436999999999999972e-03,-5.603899999999999854e-02,9.032500000000000251e-02,-3.715600000000000153e-02,4.619499999999999995e-02,5.637500000000000150e-02,-2.330909999999999926e-01,4.605639999999999734e-01,-1.042619999999999936e-01,5.435799999999999660e-02,1.036800000000000048e-02,-4.755600000000000105e-02,-1.016729999999999995e-01,3.900239999999999818e-01,4.699369999999999936e-01,4.574399999999999994e-02,7.075099999999999445e-02,2.907900000000000068e-02
1.673699999999999841e-02,-5.100500000000000173e-02,8.093139999999999779e-01,7.601440000000000419e-01,-2.972599999999999895e-02,3.912999999999999812e-02,-6.478930000000000522e-01,2.419200000000000170e-02,1.202359999999999957e-01,1.424380000000000090e-01,1.246460000000000068e-01,-1.265040000000000053e-01,1.082400000000000029e-02,7.171000000000000291e-03,3.473799999999999805e-02,-2.062690000000000079e-01,1.492350000000000065e-01,-1.124480000000000063e-01,6.239999999999999887e-03,-4.794699999999999657e-02,9.617699999999999860e-02,-2.869199999999999875e-02,3.925000000000000017e-02,6.028000000000000025e-02,-2.485610000000000042e-01,5.022539999999999782e-01,-1.188799999999999996e-01,5.797900000000000276e-02,1.534199999999999973e-02,-4.805799999999999655e-02,-8.157100000000000461e-02,3.690269999999999939e-01,4.878719999999999724e-01,5.104000000000000203e-02,6.301800000000000457e-02,2.849900000000000003e-02
1.482900000000000017e-02,-5.165700000000000153e-02,8.103650000000000020e-01,7.577319999999999611e-01,-3.052699999999999858e-02,3.544400000000000328e-02,-6.508869999999999933e-01,3.398600000000000232e-02,1.198919999999999986e-01,1.472789999999999933e-01,1.247319999999999957e-01,-1.146650000000000030e-01,9.327999999999999486e-03,1.188600000000000073e-02,3.355999999999999955e-02,-1.956450000000000133e-01,1.509530000000000038e-01,-1.012399999999999967e-01,8.085999999999999438e-03,-4.100600000000000078e-02,1.019820000000000032e-01,-2.346900000000000028e-02,3.463600000000000012e-02,6.499900000000000122e-02,-2.667089999999999739e-01,5.515200000000000102e-01,-1.360709999999999975e-01,6.276900000000000535e-02,2.223800000000000082e-02,-4.785099999999999770e-02,-6.448299999999999865e-02,3.560900000000000176e-01,5.106270000000000531e-01,5.620599999999999902e-02,5.973400000000000237e-02,2.825599999999999987e-02
1.244499999999999947e-02,-5.095800000000000329e-02,8.105729999999999880e-01,7.555389999999999606e-01,-3.202300000000000285e-02,3.115100000000000161e-02,-6.535779999999999923e-01,4.380200000000000066e-02,1.201809999999999962e-01,1.531270000000000131e-01,1.248729999999999979e-01,-1.102780000000000010e-01,9.369000000000000591e-03,1.701199999999999934e-02,3.259399999999999797e-02,-1.863819999999999921e-01,1.524659999999999904e-01,-9.965799999999999659e-02,9.643000000000000529e-03,-3.619100000000000095e-02,1.073090000000000016e-01,-1.340799999999999978e-02,2.973500000000000101e-02,6.676200000000000190e-02,-2.305770000000000042e-01,5.654249999999999554e-01,-1.949339999999999962e-01,5.142999999999999655e-02,5.683400000000000257e-02,-4.302099999999999674e-02,-5.906200000000000339e-02,3.229310000000000236e-01,5.014539999999999553e-01,6.754000000000000281e-02,5.247399999999999981e-02,2.383599999999999955e-02
1.018100000000000081e-02,-5.034099999999999686e-02,8.107619999999999827e-01,7.533689999999999554e-01,-3.363100000000000117e-02,2.664700000000000055e-02,-6.561970000000000303e-01,5.407000000000000001e-02,1.199989999999999946e-01,1.588910000000000045e-01,1.252389999999999892e-01,-1.061420000000000002e-01,9.605000000000000690e-03,2.265899999999999859e-02,3.123700000000000088e-02,-1.772269999999999956e-01,1.541440000000000032e-01,-9.861100000000000421e-02,1.103600000000000067e-02,-3.217600000000000321e-02,1.124089999999999950e-01,-2.678999999999999958e-03,2.734599999999999878e-02,6.806900000000000450e-02,-1.961420000000000108e-01,5.829360000000000097e-01,-2.561700000000000088e-01,3.991900000000000309e-02,9.569400000000000128e-02,-3.919000000000000261e-02,-5.529400000000000287e-02,2.963740000000000263e-01,4.997219999999999995e-01,8.030500000000000138e-02,4.783899999999999958e-02,2.018800000000000108e-02
7.995999999999999636e-03,-4.969799999999999912e-02,8.109539999999999527e-01,7.511799999999999589e-01,-3.526399999999999674e-02,2.210399999999999865e-02,-6.587840000000000362e-01,6.446200000000000541e-02,1.195259999999999934e-01,1.646229999999999916e-01,1.255910000000000082e-01,-1.020279999999999937e-01,9.974999999999999492e-03,2.842300000000000035e-02,2.968499999999999958e-02,-1.680760000000000032e-01,1.557679999999999898e-01,-9.753000000000000558e-02,1.256099999999999925e-02,-2.806799999999999920e-02,1.172180000000000027e-01,7.812000000000000367e-03,2.617999999999999841e-02,6.844600000000000684e-02,-1.630060000000000120e-01,6.042419999999999458e-01,-3.185499999999999998e-01,2.695300000000000126e-02,1.371600000000000041e-01,-3.629299999999999887e-02,-5.168299999999999977e-02,2.747100000000000097e-01,5.073910000000000364e-01,9.462500000000000078e-02,4.408499999999999919e-02,1.744599999999999970e-02
5.642999999999999579e-03,-4.775900000000000284e-02,8.096410000000000551e-01,7.484129999999999949e-01,-3.639499999999999680e-02,1.705399999999999971e-02,-6.620139999999999914e-01,5.221499999999999753e-02,1.216710000000000014e-01,1.644470000000000098e-01,1.660399999999999932e-01,-1.091929999999999984e-01,1.034599999999999929e-02,2.724000000000000032e-02,2.597100000000000103e-02,-1.613999999999999879e-01,1.679499999999999882e-01,-1.121899999999999981e-01,1.314799999999999996e-02,-1.934599999999999861e-02,1.204360000000000014e-01,2.173100000000000032e-02,1.184499999999999963e-02,5.468499999999999750e-02,-1.174670000000000020e-01,4.699019999999999864e-01,-3.574600000000000000e-01,-1.998600000000000029e-02,2.222359999999999891e-01,-3.415900000000000186e-02,-5.327599999999999697e-02,2.560060000000000113e-01,4.733570000000000277e-01,9.366900000000000226e-02,3.426599999999999785e-02,8.141999999999999932e-03
3.712000000000000022e-03,-4.604300000000000059e-02,8.085229999999999917e-01,7.456009999999999582e-01,-3.718699999999999783e-02,1.248999999999999937e-02,-6.652369999999999672e-01,3.555400000000000227e-02,1.232430000000000053e-01,1.643640000000000101e-01,2.134439999999999948e-01,-1.201580000000000009e-01,1.056900000000000027e-02,2.315299999999999997e-02,2.155100000000000071e-02,-1.544899999999999884e-01,1.835700000000000109e-01,-1.270749999999999935e-01,1.499400000000000038e-02,-1.193999999999999923e-02,1.230740000000000028e-01,3.568899999999999850e-02,9.232000000000000622e-03,3.493000000000000271e-02,-7.798199999999999577e-02,3.054259999999999753e-01,-3.761030000000000206e-01,-5.876699999999999979e-02,3.239099999999999757e-01,-3.193599999999999911e-02,-5.612999999999999934e-02,2.406200000000000006e-01,4.403420000000000112e-01,9.268400000000000249e-02,2.832600000000000048e-02,-1.732999999999999948e-03
2.158999999999999895e-03,-4.426700000000000079e-02,8.072230000000000238e-01,7.426049999999999596e-01,-3.846100000000000213e-02,7.751000000000000077e-03,-6.685790000000000344e-01,1.537099999999999925e-02,1.248950000000000060e-01,1.647919999999999940e-01,2.711140000000000216e-01,-1.371719999999999884e-01,1.087499999999999925e-02,1.721100000000000060e-02,1.663299999999999848e-02,-1.471679999999999933e-01,2.052200000000000135e-01,-1.451989999999999947e-01,1.755999999999999922e-02,-6.598999999999999831e-03,1.258599999999999997e-01,5.387700000000000128e-02,1.812799999999999828e-02,3.937999999999999660e-03,-4.886100000000000165e-02,9.946299999999999586e-02,-3.643230000000000079e-01,-8.112199999999999966e-02,4.461439999999999850e-01,-3.216999999999999721e-02,-6.069100000000000189e-02,2.283429999999999904e-01,4.072540000000000049e-01,9.256699999999999651e-02,2.624100000000000044e-02,-1.166999999999999982e-02
-3.950000000000000061e-04,-4.256200000000000261e-02,8.063460000000000072e-01,7.395620000000000527e-01,-3.713799999999999740e-02,1.368999999999999991e-03,-6.720620000000000482e-01,-4.288299999999999751e-02,1.306100000000000039e-01,1.678209999999999980e-01,3.730029999999999735e-01,-1.248879999999999990e-01,8.890000000000000333e-03,-5.676999999999999755e-03,3.282999999999999894e-03,-1.472610000000000030e-01,2.600410000000000221e-01,-1.648570000000000035e-01,1.683700000000000127e-02,7.780999999999999722e-03,1.284049999999999914e-01,6.831900000000000472e-02,-1.037100000000000001e-02,4.574299999999999894e-02,-3.633100000000000218e-02,-1.017229999999999940e-01,-2.856230000000000158e-01,-5.870700000000000224e-02,5.083590000000000053e-01,-2.131800000000000014e-02,-7.818200000000000149e-02,2.407870000000000010e-01,3.469180000000000041e-01,7.519499999999999795e-02,2.783499999999999863e-02,-1.286799999999999923e-02
-4.088999999999999753e-03,-4.044299999999999978e-02,8.057210000000000205e-01,7.365709999999999757e-01,-3.351200000000000012e-02,-3.726999999999999844e-03,-6.755189999999999806e-01,-1.112830000000000069e-01,1.355369999999999908e-01,1.706870000000000054e-01,4.829729999999999857e-01,-1.157959999999999962e-01,4.762999999999999873e-03,-3.857000000000000012e-02,-1.051900000000000057e-02,-1.461780000000000024e-01,3.216789999999999927e-01,-1.855660000000000087e-01,1.363900000000000008e-02,2.395999999999999866e-02,1.294770000000000088e-01,7.690400000000000014e-02,-4.470400000000000068e-02,1.027070000000000066e-01,-1.993500000000000133e-02,-2.922279999999999878e-01,-2.053139999999999965e-01,-2.644499999999999976e-02,5.388560000000000016e-01,-9.360000000000000264e-03,-9.565300000000000191e-02,2.521869999999999945e-01,2.859590000000000187e-01,5.789099999999999802e-02,3.356100000000000055e-02,-1.355499999999999934e-02
-8.730999999999999178e-03,-3.830599999999999977e-02,8.059039999999999537e-01,7.337679999999999758e-01,-2.895500000000000157e-02,-9.946999999999999245e-03,-6.787100000000000355e-01,-1.763750000000000040e-01,1.368800000000000017e-01,1.749580000000000024e-01,5.870260000000000478e-01,-1.039960000000000051e-01,-1.144000000000000052e-03,-6.746299999999999519e-02,-2.555100000000000079e-02,-1.447640000000000038e-01,3.751840000000000175e-01,-2.020480000000000054e-01,9.662999999999999715e-03,4.110500000000000265e-02,1.295409999999999895e-01,8.197500000000000620e-02,-8.116700000000000303e-02,1.748740000000000017e-01,-5.000000000000000409e-06,-4.634840000000000071e-01,-1.338670000000000138e-01,-4.277999999999999685e-03,5.405839999999999534e-01,3.122000000000000209e-03,-1.110140000000000016e-01,2.640350000000000197e-01,2.345289999999999875e-01,4.215900000000000203e-02,3.622100000000000319e-02,-1.355400000000000008e-02
-1.065600000000000054e-02,-3.558399999999999758e-02,8.035109999999999753e-01,7.292849999999999611e-01,-2.360200000000000145e-02,-1.443599999999999918e-02,-6.836499999999999799e-01,-2.369239999999999957e-01,1.313920000000000088e-01,1.647510000000000085e-01,6.798349999999999671e-01,-9.929100000000000426e-02,-1.186800000000000008e-02,-1.039159999999999945e-01,-4.238600000000000007e-02,-1.389050000000000007e-01,4.337050000000000072e-01,-2.241479999999999861e-01,7.186999999999999812e-03,6.733300000000000396e-02,1.438730000000000009e-01,8.191500000000000170e-02,-1.002640000000000059e-01,2.731660000000000199e-01,5.330399999999999722e-02,-5.624099999999999655e-01,-1.073780000000000012e-01,2.749000000000000055e-02,5.245809999999999640e-01,7.659000000000000009e-03,-1.207680000000000003e-01,2.624750000000000139e-01,2.368369999999999920e-01,4.050499999999999934e-02,4.585700000000000193e-02,-1.894600000000000103e-02
-1.307799999999999935e-02,-3.256099999999999967e-02,8.009370000000000100e-01,7.248520000000000518e-01,-1.800600000000000117e-02,-1.920399999999999885e-02,-6.884010000000000407e-01,-2.982569999999999943e-01,1.244029999999999997e-01,1.545140000000000124e-01,7.731540000000000079e-01,-9.473600000000000076e-02,-2.480100000000000013e-02,-1.413369999999999904e-01,-5.913000000000000200e-02,-1.335709999999999953e-01,4.932900000000000063e-01,-2.471899999999999931e-01,4.636000000000000364e-03,9.266499999999999737e-02,1.574699999999999989e-01,8.191600000000000270e-02,-1.172310000000000019e-01,3.789359999999999951e-01,1.132190000000000002e-01,-6.518599999999999950e-01,-8.780000000000000304e-02,4.772900000000000059e-02,4.999109999999999943e-01,8.902000000000000191e-03,-1.271529999999999883e-01,2.620449999999999724e-01,2.470110000000000083e-01,4.010799999999999782e-02,5.114099999999999896e-02,-2.418800000000000117e-02
-1.571099999999999927e-02,-2.960700000000000137e-02,7.982449999999999823e-01,7.204840000000000133e-01,-1.238000000000000038e-02,-2.401000000000000009e-02,-6.929459999999999509e-01,-3.604080000000000061e-01,1.160439999999999944e-01,1.441630000000000134e-01,8.680259999999999643e-01,-9.155199999999999450e-02,-3.971999999999999836e-02,-1.796790000000000054e-01,-7.543600000000000305e-02,-1.280469999999999942e-01,5.545830000000000481e-01,-2.712629999999999764e-01,2.001000000000000174e-03,1.170719999999999955e-01,1.710800000000000098e-01,8.277800000000000435e-02,-1.256790000000000129e-01,4.884649999999999825e-01,1.792529999999999957e-01,-7.429400000000000448e-01,-6.904799999999999827e-02,6.329300000000000204e-02,4.705829999999999735e-01,8.635000000000000314e-03,-1.327840000000000131e-01,2.618360000000000132e-01,2.583670000000000133e-01,3.985899999999999860e-02,5.503799999999999665e-02,-2.962300000000000003e-02
-1.644100000000000075e-02,-2.750100000000000114e-02,7.941040000000000321e-01,7.159990000000000521e-01,-5.572999999999999829e-03,-2.617500000000000035e-02,-6.975879999999999859e-01,-4.160349999999999882e-01,1.225070000000000048e-01,1.498099999999999987e-01,9.529440000000000133e-01,-1.032959999999999989e-01,-5.090499999999999886e-02,-2.204280000000000128e-01,-8.966999999999999971e-02,-1.171880000000000005e-01,6.093199999999999728e-01,-2.934050000000000269e-01,1.492000000000000054e-03,1.371179999999999899e-01,1.825880000000000003e-01,7.917499999999999538e-02,-1.208530000000000021e-01,5.693310000000000315e-01,2.295099999999999918e-01,-7.998199999999999754e-01,-7.084200000000000219e-02,6.855600000000000582e-02,4.577280000000000237e-01,3.389999999999999784e-03,-1.374620000000000009e-01,2.652889999999999970e-01,2.420350000000000001e-01,3.579899999999999749e-02,5.783900000000000152e-02,-3.343399999999999844e-02
-1.713999999999999899e-02,-2.537599999999999925e-02,7.900030000000000108e-01,7.113840000000000163e-01,9.210000000000000521e-04,-2.823000000000000162e-02,-7.022359999999999713e-01,-4.711960000000000037e-01,1.296150000000000080e-01,1.558249999999999913e-01,1.037652000000000019e+00,-1.154540000000000011e-01,-6.215799999999999798e-02,-2.605109999999999926e-01,-1.024840000000000056e-01,-1.059719999999999968e-01,6.629950000000000010e-01,-3.150749999999999940e-01,1.206000000000000041e-03,1.582840000000000080e-01,1.958199999999999941e-01,7.498499999999999610e-02,-1.118880000000000013e-01,6.493179999999999508e-01,2.826859999999999928e-01,-8.579309999999999992e-01,-7.166200000000000347e-02,7.003700000000000203e-02,4.441450000000000120e-01,-2.069999999999999900e-04,-1.439549999999999996e-01,2.674179999999999890e-01,2.228849999999999998e-01,3.123599999999999988e-02,6.092000000000000193e-02,-3.726499999999999951e-02
-1.781100000000000044e-02,-2.336099999999999982e-02,7.857070000000000443e-01,7.067120000000000068e-01,7.241000000000000041e-03,-3.014400000000000066e-02,-7.068219999999999503e-01,-5.267100000000000115e-01,1.372450000000000059e-01,1.619029999999999914e-01,1.122983000000000064e+00,-1.282999999999999974e-01,-7.355799999999999839e-02,-3.010760000000000103e-01,-1.141139999999999932e-01,-9.458600000000000341e-02,7.174760000000000026e-01,-3.372560000000000002e-01,1.021999999999999905e-03,1.795640000000000014e-01,2.098939999999999972e-01,7.082700000000000107e-02,-9.715600000000000624e-02,7.287900000000000489e-01,3.403840000000000199e-01,-9.193350000000000133e-01,-7.134899999999999576e-02,7.096900000000000430e-02,4.302059999999999773e-01,-3.890999999999999927e-03,-1.510400000000000076e-01,2.689270000000000271e-01,2.011809999999999987e-01,2.612700000000000092e-02,6.464399999999999313e-02,-4.111999999999999683e-02
-1.757299999999999834e-02,-2.149699999999999875e-02,7.810679999999999845e-01,7.017149999999999777e-01,1.489399999999999925e-02,-3.189800000000000274e-02,-7.115869999999999695e-01,-5.575930000000000053e-01,1.350729999999999986e-01,1.587050000000000127e-01,1.175095000000000001e+00,-1.429880000000000040e-01,-8.519000000000000183e-02,-3.403189999999999826e-01,-1.254010000000000125e-01,-7.723800000000000110e-02,7.626619999999999511e-01,-3.583259999999999779e-01,1.066000000000000107e-03,1.953610000000000069e-01,2.227800000000000058e-01,6.139599999999999919e-02,-8.321699999999999930e-02,8.162080000000000446e-01,3.655109999999999748e-01,-9.095469999999999944e-01,-8.120600000000000041e-02,7.884199999999999542e-02,4.193189999999999973e-01,3.687999999999999872e-03,-1.620280000000000054e-01,2.681709999999999927e-01,1.859030000000000127e-01,2.331000000000000086e-02,6.913199999999999901e-02,-4.079900000000000193e-02
-1.740399999999999933e-02,-1.958000000000000018e-02,7.765159999999999840e-01,6.969039999999999679e-01,2.235799999999999940e-02,-3.457400000000000057e-02,-7.159820000000000073e-01,-5.862739999999999618e-01,1.314909999999999968e-01,1.562850000000000072e-01,1.225635000000000030e+00,-1.569490000000000052e-01,-9.661599999999999355e-02,-3.777519999999999767e-01,-1.377750000000000086e-01,-6.088799999999999768e-02,8.075729999999999853e-01,-3.789469999999999783e-01,2.285999999999999838e-03,2.128849999999999909e-01,2.346870000000000067e-01,5.278900000000000259e-02,-7.087699999999999556e-02,9.046950000000000269e-01,3.898400000000000198e-01,-8.956709999999999949e-01,-9.073699999999999821e-02,8.311200000000000532e-02,4.083749999999999880e-01,1.309199999999999947e-02,-1.725549999999999862e-01,2.639230000000000187e-01,1.686390000000000111e-01,1.975899999999999879e-02,7.302200000000000357e-02,-4.059700000000000114e-02
-1.858599999999999836e-02,-1.923899999999999916e-02,7.698909999999999920e-01,6.919729999999999492e-01,2.692299999999999902e-02,-3.785899999999999682e-02,-7.204270000000000396e-01,-6.142980000000000107e-01,1.314720000000000055e-01,1.464419999999999888e-01,1.292451000000000016e+00,-1.836119999999999974e-01,-1.130010000000000042e-01,-4.147170000000000023e-01,-1.452360000000000040e-01,-4.713400000000000228e-02,8.707749999999999657e-01,-4.136440000000000117e-01,1.149000000000000065e-03,2.274930000000000008e-01,2.495320000000000038e-01,5.366100000000000037e-02,-5.859199999999999825e-02,9.943940000000000001e-01,4.196119999999999850e-01,-8.803900000000000059e-01,-9.437800000000000356e-02,8.835999999999999410e-02,3.973180000000000045e-01,1.775300000000000142e-02,-1.904579999999999884e-01,2.581249999999999933e-01,1.421240000000000003e-01,1.968900000000000164e-02,7.488899999999999724e-02,-3.531000000000000111e-02
-1.590700000000000100e-02,-1.698900000000000063e-02,7.690470000000000361e-01,6.905540000000000012e-01,3.715899999999999759e-02,-3.914900000000000324e-02,-7.212640000000000162e-01,-6.216920000000000224e-01,1.246879999999999933e-01,1.469320000000000070e-01,1.292404000000000108e+00,-1.807189999999999908e-01,-1.172160000000000007e-01,-4.413110000000000088e-01,-1.623080000000000078e-01,-2.964400000000000021e-02,8.788409999999999833e-01,-4.137520000000000087e-01,7.195000000000000007e-03,2.375069999999999959e-01,2.586089999999999778e-01,3.455199999999999938e-02,-2.207100000000000034e-02,1.069220000000000059e+00,4.205630000000000202e-01,-8.300079999999999680e-01,-1.119300000000000017e-01,8.701799999999999813e-02,3.763630000000000031e-01,3.396799999999999820e-02,-1.901420000000000055e-01,2.492020000000000068e-01,1.524669999999999914e-01,1.652500000000000149e-02,7.953799999999999759e-02,-4.117799999999999933e-02
-1.593899999999999831e-02,-1.803799999999999848e-02,7.644570000000000531e-01,6.889060000000000183e-01,4.217400000000000315e-02,-4.168800000000000283e-02,-7.224209999999999798e-01,-6.264210000000000056e-01,1.240300000000000014e-01,1.330570000000000086e-01,1.321526999999999896e+00,-2.014450000000000129e-01,-1.311950000000000061e-01,-4.666370000000000240e-01,-1.718919999999999892e-01,-1.746899999999999842e-02,9.213459999999999983e-01,-4.400129999999999875e-01,8.987999999999999462e-03,2.423069999999999946e-01,2.719630000000000103e-01,3.201299999999999979e-02,1.145099999999999937e-02,1.146288999999999891e+00,4.265599999999999947e-01,-7.764649999999999608e-01,-1.174359999999999987e-01,8.855899999999999883e-02,3.552049999999999930e-01,4.252399999999999930e-02,-2.032760000000000122e-01,2.384739999999999915e-01,1.480059999999999987e-01,2.128499999999999837e-02,7.910999999999999976e-02,-3.701100000000000223e-02
-1.462800000000000038e-02,-1.742000000000000146e-02,7.616140000000000132e-01,6.874109999999999943e-01,4.877800000000000191e-02,-4.419100000000000111e-02,-7.232800000000000340e-01,-6.304469999999999796e-01,1.205880000000000007e-01,1.257010000000000072e-01,1.336837999999999971e+00,-2.110730000000000106e-01,-1.404160000000000130e-01,-4.902739999999999876e-01,-1.846470000000000056e-01,-3.212000000000000011e-03,9.470239999999999769e-01,-4.535139999999999727e-01,1.307799999999999935e-02,2.499059999999999893e-01,2.844169999999999754e-01,2.302900000000000086e-02,5.032999999999999974e-02,1.221178000000000097e+00,4.345229999999999926e-01,-7.231170000000000098e-01,-1.275100000000000122e-01,8.799099999999999977e-02,3.328639999999999932e-01,5.576600000000000307e-02,-2.102600000000000025e-01,2.265240000000000031e-01,1.479959999999999887e-01,2.200799999999999979e-02,8.121200000000000641e-02,-3.816399999999999654e-02
-1.181500000000000085e-02,-1.870000000000000134e-02,7.614130000000000065e-01,6.857959999999999612e-01,5.550000000000000072e-02,-4.466900000000000037e-02,-7.242979999999999974e-01,-6.202569999999999473e-01,1.223100000000000021e-01,1.128370000000000067e-01,1.310102000000000100e+00,-2.082469999999999877e-01,-1.417349999999999999e-01,-5.052520000000000344e-01,-1.955230000000000024e-01,1.030499999999999992e-02,9.532859999999999667e-01,-4.583050000000000179e-01,1.869600000000000081e-02,2.487330000000000096e-01,2.956520000000000259e-01,1.219800000000000051e-02,8.284600000000000297e-02,1.252769000000000021e+00,4.342170000000000196e-01,-6.313119999999999843e-01,-1.432940000000000047e-01,8.436299999999999355e-02,3.161059999999999981e-01,6.075300000000000145e-02,-2.091099999999999903e-01,2.233120000000000105e-01,1.434159999999999879e-01,2.165500000000000064e-02,8.163399999999999823e-02,-4.034200000000000286e-02
-8.904999999999999721e-03,-1.980399999999999869e-02,7.615650000000000475e-01,6.841819999999999569e-01,6.156400000000000067e-02,-4.581400000000000056e-02,-7.252629999999999910e-01,-6.071210000000000218e-01,1.238120000000000054e-01,1.005999999999999950e-01,1.280963999999999992e+00,-2.042259999999999909e-01,-1.425079999999999958e-01,-5.168359999999999621e-01,-2.066540000000000044e-01,2.376199999999999840e-02,9.561650000000000427e-01,-4.613169999999999771e-01,2.444999999999999951e-02,2.471319999999999906e-01,3.086510000000000087e-01,3.363000000000000104e-03,1.134779999999999955e-01,1.282537000000000038e+00,4.321300000000000141e-01,-5.369819999999999593e-01,-1.575469999999999926e-01,7.904999999999999527e-02,2.970800000000000107e-01,6.582899999999999863e-02,-2.099930000000000130e-01,2.193849999999999967e-01,1.377939999999999998e-01,2.151300000000000087e-02,8.212300000000000155e-02,-4.295899999999999719e-02
-5.825999999999999582e-03,-2.083799999999999888e-02,7.617690000000000294e-01,6.825039999999999996e-01,6.728599999999999859e-02,-4.716900000000000259e-02,-7.262480000000000047e-01,-5.931250000000000133e-01,1.256569999999999909e-01,8.854800000000000171e-02,1.251582999999999890e+00,-2.001529999999999976e-01,-1.431260000000000032e-01,-5.274670000000000192e-01,-2.175680000000000114e-01,3.729199999999999876e-02,9.583800000000000097e-01,-4.639780000000000015e-01,3.028399999999999842e-02,2.458809999999999885e-01,3.221780000000000199e-01,-4.754999999999999678e-03,1.436669999999999892e-01,1.311630000000000074e+00,4.293179999999999774e-01,-4.423619999999999775e-01,-1.703409999999999924e-01,7.384699999999999598e-02,2.764240000000000030e-01,7.166599999999999360e-02,-2.116719999999999990e-01,2.143400000000000027e-01,1.309430000000000038e-01,2.126000000000000112e-02,8.276200000000000223e-02,-4.582499999999999768e-02
-1.830000000000000029e-04,-2.044299999999999937e-02,7.669249999999999678e-01,6.816830000000000389e-01,7.441000000000000392e-02,-4.659900000000000153e-02,-7.263610000000000344e-01,-5.593029999999999946e-01,1.260459999999999914e-01,9.009699999999999653e-02,1.177578999999999931e+00,-1.661670000000000091e-01,-1.265340000000000076e-01,-5.266910000000000203e-01,-2.325500000000000067e-01,4.814600000000000130e-02,9.201310000000000322e-01,-4.372559999999999780e-01,4.265200000000000241e-02,2.470090000000000063e-01,3.323579999999999868e-01,-2.078500000000000139e-02,1.620949999999999891e-01,1.342092000000000063e+00,4.339430000000000232e-01,-3.020519999999999872e-01,-1.996950000000000114e-01,6.296899999999999720e-02,2.574569999999999914e-01,6.809199999999999975e-02,-2.002780000000000116e-01,2.211829999999999907e-01,1.517199999999999938e-01,1.734799999999999884e-02,8.468100000000000627e-02,-5.133800000000000169e-02
3.807000000000000054e-03,-2.346799999999999928e-02,7.672759999999999581e-01,6.807579999999999742e-01,7.692599999999999438e-02,-4.744000000000000300e-02,-7.269109999999999738e-01,-5.254109999999999614e-01,1.324819999999999887e-01,8.111200000000000354e-02,1.138387000000000038e+00,-1.593680000000000097e-01,-1.172129999999999977e-01,-5.294999999999999707e-01,-2.421409999999999951e-01,5.768000000000000210e-02,9.249290000000000012e-01,-4.415279999999999760e-01,5.230400000000000327e-02,2.451019999999999865e-01,3.464720000000000022e-01,-2.528999999999999998e-02,1.771149999999999947e-01,1.370826000000000100e+00,4.350840000000000263e-01,-1.646390000000000076e-01,-2.138200000000000101e-01,5.862200000000000050e-02,2.416750000000000009e-01,6.278999999999999859e-02,-2.025879999999999903e-01,2.240469999999999962e-01,1.581589999999999940e-01,2.401500000000000162e-02,8.414599999999999858e-02,-4.486300000000000010e-02
8.847000000000000697e-03,-2.267100000000000018e-02,7.722310000000000008e-01,6.799330000000000096e-01,8.278699999999999948e-02,-4.758600000000000330e-02,-7.270309999999999828e-01,-4.886039999999999828e-01,1.340290000000000092e-01,8.183600000000000596e-02,1.063776000000000055e+00,-1.252159999999999940e-01,-1.021849999999999981e-01,-5.259850000000000358e-01,-2.558679999999999843e-01,6.722699999999999509e-02,8.870489999999999764e-01,-4.151090000000000058e-01,6.301099999999999757e-02,2.452010000000000023e-01,3.563649999999999873e-01,-3.726100000000000245e-02,1.906090000000000007e-01,1.405688999999999966e+00,4.368460000000000121e-01,-1.719599999999999948e-02,-2.396359999999999879e-01,4.671100000000000252e-02,2.136899999999999911e-01,5.774900000000000172e-02,-1.904830000000000134e-01,2.305969999999999964e-01,1.800190000000000123e-01,2.107200000000000045e-02,8.520899999999999308e-02,-5.063499999999999945e-02
1.161500000000000032e-02,-2.487199999999999828e-02,7.752790000000000514e-01,6.792019999999999724e-01,8.703099999999999725e-02,-4.613600000000000340e-02,-7.273110000000000408e-01,-4.380629999999999802e-01,1.405520000000000103e-01,8.280999999999999472e-02,9.581340000000000412e-01,-1.085689999999999988e-01,-9.025400000000000089e-02,-5.231649999999999912e-01,-2.636279999999999735e-01,6.936100000000000598e-02,8.645749999999999824e-01,-4.049599999999999866e-01,6.701999999999999624e-02,2.359729999999999883e-01,3.696889999999999898e-01,-4.542000000000000204e-02,1.937170000000000003e-01,1.421203999999999912e+00,4.321590000000000154e-01,1.311309999999999976e-01,-2.510870000000000046e-01,3.951099999999999751e-02,1.913110000000000088e-01,5.818000000000000255e-02,-1.914669999999999983e-01,2.307160000000000044e-01,1.858209999999999862e-01,2.350999999999999965e-02,8.338399999999999979e-02,-5.138299999999999812e-02
1.457999999999999921e-02,-2.678600000000000078e-02,7.782310000000000061e-01,6.785930000000000017e-01,9.057600000000000373e-02,-4.479699999999999654e-02,-7.275310000000000388e-01,-3.868880000000000097e-01,1.473589999999999900e-01,8.450799999999999979e-02,8.539750000000000396e-01,-9.311600000000000432e-02,-7.859499999999999820e-02,-5.196439999999999948e-01,-2.710239999999999871e-01,7.112799999999999678e-02,8.431880000000000486e-01,-3.953119999999999967e-01,7.086199999999999444e-02,2.271640000000000048e-01,3.848010000000000042e-01,-5.237200000000000188e-02,1.924879999999999924e-01,1.436449000000000087e+00,4.223399999999999932e-01,2.795489999999999919e-01,-2.587610000000000188e-01,3.322399999999999659e-02,1.675270000000000092e-01,5.993099999999999816e-02,-1.939909999999999968e-01,2.290000000000000091e-01,1.903420000000000112e-01,2.631599999999999911e-02,8.223600000000000354e-02,-5.219900000000000234e-02
1.787700000000000053e-02,-2.851000000000000062e-02,7.810049999999999493e-01,6.780610000000000248e-01,9.381100000000000549e-02,-4.322800000000000253e-02,-7.277109999999999967e-01,-3.364469999999999961e-01,1.545569999999999999e-01,8.694699999999999651e-02,7.517920000000000158e-01,-7.900000000000000078e-02,-6.735199999999999521e-02,-5.166490000000000249e-01,-2.779130000000000211e-01,7.268900000000000361e-02,8.228199999999999958e-01,-3.859029999999999960e-01,7.489800000000000624e-02,2.189329999999999887e-01,4.007269999999999999e-01,-5.919499999999999762e-02,1.884560000000000124e-01,1.452288000000000023e+00,4.088069999999999760e-01,4.279979999999999896e-01,-2.633340000000000125e-01,2.748000000000000095e-02,1.425480000000000080e-01,6.235799999999999677e-02,-1.966819999999999957e-01,2.261620000000000019e-01,1.950050000000000117e-01,2.938599999999999893e-02,8.112400000000000166e-02,-5.323200000000000154e-02
2.278000000000000164e-02,-2.987000000000000072e-02,7.824410000000000531e-01,6.770549999999999624e-01,9.576099999999999890e-02,-3.947300000000000114e-02,-7.286080000000000334e-01,-2.787100000000000133e-01,1.528259999999999896e-01,8.089699999999999669e-02,6.363560000000000327e-01,-5.467999999999999944e-02,-7.025099999999999401e-02,-5.157030000000000225e-01,-2.802270000000000039e-01,7.536600000000000243e-02,8.028530000000000388e-01,-3.736269999999999869e-01,8.288099999999999634e-02,2.109679999999999889e-01,4.189069999999999738e-01,-6.654300000000000492e-02,1.707809999999999884e-01,1.470834999999999892e+00,3.986310000000000131e-01,5.418539999999999468e-01,-2.658860000000000112e-01,2.254600000000000007e-02,1.341630000000000045e-01,6.308800000000000519e-02,-2.049809999999999965e-01,2.322220000000000117e-01,1.740160000000000040e-01,2.693100000000000008e-02,8.112500000000000266e-02,-4.902399999999999813e-02
2.791799999999999837e-02,-3.099899999999999878e-02,7.836959999999999482e-01,6.761500000000000288e-01,9.726799999999999335e-02,-3.524599999999999955e-02,-7.294640000000000013e-01,-2.231160000000000088e-01,1.527439999999999909e-01,7.523599999999999732e-02,5.259200000000000541e-01,-3.307000000000000217e-02,-7.317700000000000593e-02,-5.152849999999999930e-01,-2.813649999999999762e-01,7.775999999999999579e-02,7.837539999999999507e-01,-3.615510000000000113e-01,9.126599999999999990e-02,2.034259999999999957e-01,4.383759999999999879e-01,-7.344900000000000040e-02,1.532280000000000031e-01,1.489934000000000092e+00,3.875839999999999841e-01,6.538460000000000383e-01,-2.672769999999999868e-01,1.932299999999999990e-02,1.264840000000000131e-01,6.428899999999999892e-02,-2.137479999999999936e-01,2.371219999999999994e-01,1.520189999999999875e-01,2.465300000000000130e-02,8.184199999999999808e-02,-4.486699999999999716e-02
3.318200000000000316e-02,-3.178399999999999975e-02,7.849380000000000246e-01,6.753289999999999571e-01,9.849499999999999922e-02,-3.064499999999999863e-02,-7.302680000000000282e-01,-1.706850000000000034e-01,1.539449999999999985e-01,6.997799999999999854e-02,4.222049999999999970e-01,-1.499699999999999991e-02,-7.621500000000000496e-02,-5.154900000000000038e-01,-2.816429999999999767e-01,7.980299999999999894e-02,7.653499999999999748e-01,-3.494670000000000276e-01,9.957399999999999585e-02,1.957879999999999898e-01,4.586089999999999889e-01,-7.979200000000000181e-02,1.355449999999999988e-01,1.509646999999999961e+00,3.751499999999999835e-01,7.650460000000000038e-01,-2.676410000000000178e-01,1.649400000000000172e-02,1.187190000000000051e-01,6.508999999999999508e-02,-2.224980000000000013e-01,2.416840000000000099e-01,1.301950000000000052e-01,2.275900000000000145e-02,8.242299999999999627e-02,-4.079499999999999793e-02
3.927100000000000035e-02,-3.429999999999999716e-02,7.848969999999999558e-01,6.736729999999999663e-01,9.941899999999999349e-02,-2.698400000000000104e-02,-7.318149999999999933e-01,-1.361930000000000085e-01,1.420089999999999963e-01,4.975500000000000062e-02,3.595300000000000162e-01,-3.455500000000000238e-02,-8.837299999999999323e-02,-5.178289999999999837e-01,-2.822160000000000224e-01,8.850800000000000334e-02,7.588660000000000405e-01,-3.477439999999999976e-01,1.102530000000000038e-01,1.950280000000000069e-01,4.741920000000000024e-01,-8.662999999999999867e-02,1.297560000000000102e-01,1.515746000000000038e+00,3.744339999999999891e-01,8.402199999999999669e-01,-2.659790000000000210e-01,2.634600000000000136e-02,1.196539999999999965e-01,6.520800000000000207e-02,-2.310180000000000011e-01,2.380079999999999973e-01,1.250940000000000107e-01,2.348300000000000040e-02,8.273099999999999898e-02,-3.714200000000000140e-02
4.392100000000000171e-02,-3.518600000000000200e-02,7.853189999999999893e-01,6.721310000000000340e-01,1.000079999999999997e-01,-2.221599999999999964e-02,-7.333110000000000461e-01,-9.904499999999999416e-02,1.337820000000000120e-01,2.861100000000000101e-02,2.847839999999999816e-01,-4.498699999999999921e-02,-1.031579999999999997e-01,-5.198620000000000463e-01,-2.783539999999999903e-01,9.287299999999999722e-02,7.455979999999999830e-01,-3.396230000000000082e-01,1.161969999999999947e-01,1.917139999999999955e-01,4.906650000000000178e-01,-9.409199999999999509e-02,1.220419999999999977e-01,1.528013000000000066e+00,3.726349999999999940e-01,9.246429999999999927e-01,-2.661999999999999922e-01,3.424800000000000066e-02,1.146429999999999949e-01,6.566800000000000415e-02,-2.372569999999999957e-01,2.371520000000000017e-01,1.184889999999999971e-01,2.200500000000000025e-02,8.494999999999999774e-02,-3.452399999999999913e-02
4.808199999999999974e-02,-3.595600000000000185e-02,7.860939999999999594e-01,6.705780000000000074e-01,1.004469999999999946e-01,-1.728700000000000028e-02,-7.348040000000000127e-01,-6.193099999999999994e-02,1.263420000000000099e-01,8.267999999999999308e-03,2.111159999999999981e-01,-5.591499999999999942e-02,-1.181959999999999955e-01,-5.202059999999999462e-01,-2.734690000000000176e-01,9.613900000000000223e-02,7.289339999999999709e-01,-3.296350000000000113e-01,1.213339999999999974e-01,1.879699999999999982e-01,5.070390000000000175e-01,-1.011660000000000059e-01,1.131999999999999951e-01,1.541973000000000038e+00,3.690840000000000232e-01,1.011764000000000108e+00,-2.661700000000000177e-01,4.058400000000000202e-02,1.078500000000000014e-01,6.576200000000000101e-02,-2.426139999999999963e-01,2.368679999999999952e-01,1.117960000000000065e-01,2.031700000000000172e-02,8.763700000000000656e-02,-3.221600000000000158e-02
5.086399999999999949e-02,-3.447700000000000070e-02,7.863360000000000349e-01,6.709100000000000064e-01,9.850000000000000422e-02,-1.278499999999999949e-02,-7.348559999999999537e-01,-4.068999999999999700e-02,1.284730000000000039e-01,-6.004999999999999921e-03,1.623219999999999941e-01,-5.856800000000000200e-02,-1.397720000000000073e-01,-5.164499999999999647e-01,-2.673309999999999853e-01,9.099100000000000243e-02,7.102140000000000120e-01,-3.155310000000000059e-01,1.240450000000000025e-01,1.753149999999999986e-01,5.199789999999999690e-01,-1.014380000000000004e-01,7.935399999999999399e-02,1.564515000000000100e+00,3.444900000000000184e-01,1.113296000000000063e+00,-2.717109999999999803e-01,4.120999999999999663e-02,9.542200000000000681e-02,6.324899999999999967e-02,-2.423849999999999894e-01,2.425730000000000108e-01,1.056630000000000069e-01,1.347899999999999966e-02,9.608099999999999974e-02,-3.333400000000000252e-02
5.460299999999999876e-02,-3.478900000000000048e-02,7.863149999999999862e-01,6.714900000000000313e-01,1.008050000000000057e-01,-1.160100000000000020e-02,-7.340330000000000465e-01,-2.782300000000000051e-02,1.163330000000000058e-01,-1.825500000000000039e-02,1.323409999999999864e-01,-7.334100000000000341e-02,-1.569260000000000099e-01,-5.202790000000000470e-01,-2.736870000000000136e-01,9.623299999999999910e-02,7.052399999999999780e-01,-3.118569999999999953e-01,1.315739999999999965e-01,1.674140000000000073e-01,5.200000000000000178e-01,-1.041070000000000051e-01,4.880500000000000116e-02,1.580154999999999976e+00,3.200230000000000019e-01,1.195441999999999894e+00,-2.745560000000000223e-01,4.887699999999999684e-02,9.488000000000000600e-02,6.186900000000000038e-02,-2.401300000000000101e-01,2.423349999999999949e-01,1.046750000000000042e-01,9.530000000000000276e-03,9.996800000000000130e-02,-3.370499999999999885e-02
5.829000000000000153e-02,-3.513499999999999956e-02,7.862559999999999549e-01,6.721770000000000245e-01,1.036360000000000059e-01,-1.036699999999999948e-02,-7.330290000000000417e-01,-1.634499999999999842e-02,1.033319999999999933e-01,-3.041400000000000006e-02,1.037150000000000016e-01,-8.869199999999999307e-02,-1.740200000000000080e-01,-5.253510000000000124e-01,-2.807339999999999836e-01,1.017839999999999995e-01,7.006909999999999528e-01,-3.083400000000000030e-01,1.391999999999999904e-01,1.592959999999999932e-01,5.200000000000000178e-01,-1.075860000000000011e-01,1.977200000000000138e-02,1.594676999999999900e+00,2.956280000000000019e-01,1.275559000000000109e+00,-2.771779999999999800e-01,5.804800000000000237e-02,9.505700000000000260e-02,6.044800000000000173e-02,-2.381310000000000093e-01,2.421270000000000089e-01,1.033189999999999942e-01,5.235000000000000070e-03,1.043229999999999991e-01,-3.422900000000000248e-02
5.986600000000000255e-02,-3.535599999999999854e-02,7.856349999999999723e-01,6.739760000000000195e-01,1.050399999999999945e-01,-1.053800000000000049e-02,-7.311710000000000154e-01,-1.855599999999999958e-02,9.574799999999999978e-02,-3.976799999999999780e-02,1.033300000000000052e-01,-8.392800000000000260e-02,-1.857479999999999964e-01,-5.282320000000000348e-01,-2.877279999999999838e-01,1.019290000000000057e-01,7.043880000000000141e-01,-3.126570000000000182e-01,1.397190000000000099e-01,1.495420000000000083e-01,5.200000000000000178e-01,-1.071099999999999969e-01,-1.424500000000000072e-02,1.592176999999999953e+00,2.645919999999999939e-01,1.291212000000000026e+00,-2.811629999999999963e-01,6.063000000000000334e-02,9.513199999999999434e-02,5.923799999999999899e-02,-2.367740000000000122e-01,2.419310000000000072e-01,9.562400000000000067e-02,1.799999999999999951e-03,1.071030000000000038e-01,-3.275800000000000239e-02
6.140700000000000325e-02,-3.564400000000000207e-02,7.849040000000000461e-01,6.757370000000000321e-01,1.066659999999999969e-01,-1.056499999999999974e-02,-7.293079999999999563e-01,-2.119899999999999909e-02,8.810800000000000576e-02,-4.909999999999999781e-02,1.031730000000000008e-01,-7.933800000000000574e-02,-1.975159999999999971e-01,-5.313630000000000297e-01,-2.952049999999999952e-01,1.013170000000000043e-01,7.074759999999999938e-01,-3.174950000000000272e-01,1.425420000000000020e-01,1.412849999999999939e-01,5.200000000000000178e-01,-1.079689999999999955e-01,-4.812099999999999711e-02,1.588284999999999947e+00,2.333739999999999981e-01,1.303968999999999934e+00,-2.851199999999999846e-01,6.548900000000000554e-02,9.686699999999999477e-02,5.956700000000000189e-02,-2.355730000000000046e-01,2.400990000000000069e-01,8.697100000000000664e-02,-2.031999999999999952e-03,1.099920000000000064e-01,-3.116100000000000120e-02
6.294900000000000495e-02,-3.594499999999999779e-02,7.841839999999999922e-01,6.774869999999999504e-01,1.083350000000000007e-01,-1.055999999999999994e-02,-7.274359999999999715e-01,-2.382899999999999949e-02,8.041800000000000337e-02,-5.848300000000000026e-02,1.030260000000000065e-01,-7.474600000000000688e-02,-2.092690000000000106e-01,-5.345849999999999769e-01,-3.027000000000000246e-01,1.007369999999999932e-01,7.104500000000000259e-01,-3.222490000000000077e-01,1.453760000000000052e-01,1.333959999999999868e-01,5.200000000000000178e-01,-1.091759999999999953e-01,-8.193999999999999895e-02,1.583955999999999920e+00,2.020750000000000046e-01,1.316537000000000068e+00,-2.890670000000000184e-01,7.059100000000000097e-02,9.877400000000000069e-02,6.036500000000000199e-02,-2.344090000000000062e-01,2.376119999999999899e-01,7.774599999999999567e-02,-6.071000000000000008e-03,1.130170000000000063e-01,-2.942300000000000124e-02
6.290500000000000258e-02,-3.566199999999999926e-02,7.833430000000000115e-01,6.804230000000000000e-01,1.065780000000000061e-01,-1.093099999999999974e-02,-7.249459999999999793e-01,-2.403500000000000081e-02,8.102900000000000380e-02,-6.921299999999999675e-02,1.035839999999999955e-01,-6.203800000000000286e-02,-2.128410000000000024e-01,-5.330329999999999790e-01,-3.039240000000000275e-01,9.766400000000000081e-02,7.193659999999999499e-01,-3.263869999999999827e-01,1.478180000000000049e-01,1.252820000000000045e-01,5.200000000000000178e-01,-1.046030000000000015e-01,-1.135609999999999953e-01,1.578456000000000081e+00,1.684569999999999956e-01,1.326000000000000068e+00,-2.895690000000000208e-01,7.302899999999999670e-02,1.007949999999999957e-01,6.224799999999999778e-02,-2.381199999999999983e-01,2.381179999999999963e-01,7.821599999999999386e-02,-7.058000000000000038e-03,1.144130000000000008e-01,-2.675400000000000000e-02
6.275899999999999535e-02,-3.527700000000000280e-02,7.823569999999999691e-01,6.833449999999999802e-01,1.046300000000000008e-01,-1.156500000000000063e-02,-7.224669999999999703e-01,-2.348499999999999893e-02,8.169700000000000573e-02,-7.997600000000000542e-02,1.040719999999999978e-01,-4.939899999999999847e-02,-2.165769999999999917e-01,-5.299270000000000369e-01,-3.065370000000000039e-01,9.142200000000000326e-02,7.270339999999999581e-01,-3.330480000000000107e-01,1.480569999999999942e-01,1.166539999999999938e-01,5.200000000000000178e-01,-9.914000000000000590e-02,-1.443190000000000028e-01,1.572642000000000095e+00,1.357740000000000058e-01,1.335604999999999931e+00,-2.900449999999999973e-01,7.554600000000000204e-02,1.029290000000000066e-01,6.382200000000000373e-02,-2.415410000000000057e-01,2.385269999999999890e-01,7.897099999999999953e-02,-8.082999999999999907e-03,1.155010000000000064e-01,-2.419599999999999876e-02
6.260699999999999599e-02,-3.488100000000000228e-02,7.813740000000000130e-01,6.862620000000000386e-01,1.026090000000000058e-01,-1.224399999999999968e-02,-7.199759999999999494e-01,-2.273700000000000027e-02,8.241700000000000415e-02,-9.082199999999999995e-02,1.045230000000000048e-01,-3.674999999999999795e-02,-2.202949999999999908e-01,-5.265819999999999945e-01,-3.091470000000000051e-01,8.513099999999999834e-02,7.346589999999999510e-01,-3.397149999999999892e-01,1.482700000000000129e-01,1.078729999999999967e-01,5.200000000000000178e-01,-9.343799999999999328e-02,-1.740160000000000040e-01,1.566640999999999950e+00,1.041969999999999980e-01,1.345307000000000031e+00,-2.905269999999999797e-01,7.807300000000000351e-02,1.050419999999999965e-01,6.540500000000000480e-02,-2.447960000000000136e-01,2.385950000000000015e-01,7.944099999999999773e-02,-9.259999999999999135e-03,1.167330000000000034e-01,-2.158600000000000102e-02
6.167600000000000166e-02,-3.438900000000000290e-02,7.808840000000000225e-01,6.898929999999999785e-01,9.965699999999999559e-02,-1.288800000000000015e-02,-7.169029999999999569e-01,-2.157799999999999996e-02,8.605400000000000549e-02,-9.754100000000000270e-02,1.049179999999999974e-01,-2.746399999999999883e-02,-2.178120000000000056e-01,-5.205809999999999604e-01,-3.091590000000000171e-01,7.888900000000000079e-02,7.420280000000000209e-01,-3.423479999999999857e-01,1.468990000000000018e-01,1.042229999999999962e-01,5.200000000000000178e-01,-8.842899999999999372e-02,-2.074550000000000005e-01,1.559023000000000048e+00,7.543999999999999317e-02,1.343626999999999905e+00,-2.916839999999999988e-01,7.681000000000000327e-02,1.084480000000000027e-01,6.439499999999999391e-02,-2.465900000000000036e-01,2.396260000000000057e-01,7.771500000000000630e-02,-8.103000000000000827e-03,1.166869999999999991e-01,-2.006000000000000144e-02
6.073499999999999732e-02,-3.398899999999999838e-02,7.802590000000000359e-01,6.934329999999999661e-01,9.674900000000000166e-02,-1.353299999999999989e-02,-7.138679999999999470e-01,-2.052999999999999964e-02,8.984300000000000619e-02,-1.040480000000000016e-01,1.055040000000000006e-01,-1.833800000000000013e-02,-2.154729999999999979e-01,-5.136429999999999607e-01,-3.101820000000000133e-01,6.984200000000000130e-02,7.475950000000000095e-01,-3.474479999999999791e-01,1.456010000000000082e-01,1.012640000000000068e-01,5.200000000000000178e-01,-8.381399999999999961e-02,-2.405049999999999966e-01,1.550828000000000095e+00,4.713099999999999928e-02,1.341738000000000097e+00,-2.928250000000000020e-01,7.576600000000000001e-02,1.121199999999999974e-01,6.373499999999999999e-02,-2.482830000000000037e-01,2.399010000000000031e-01,7.574300000000000477e-02,-7.026000000000000127e-03,1.167630000000000057e-01,-1.859500000000000042e-02
5.979099999999999693e-02,-3.357999999999999874e-02,7.796429999999999749e-01,6.969429999999999792e-01,9.383600000000000274e-02,-1.417400000000000083e-02,-7.108200000000000074e-01,-1.953600000000000128e-02,9.369500000000000051e-02,-1.104939999999999950e-01,1.061389999999999972e-01,-9.228999999999999357e-03,-2.131240000000000079e-01,-5.066359999999999753e-01,-3.111260000000000137e-01,6.080100000000000088e-02,7.530350000000000099e-01,-3.524760000000000115e-01,1.442839999999999956e-01,9.854599999999999471e-02,5.200000000000000178e-01,-7.935100000000000486e-02,-2.729099999999999859e-01,1.542316000000000020e+00,1.950599999999999903e-02,1.339957999999999982e+00,-2.939740000000000131e-01,7.475500000000000200e-02,1.158140000000000003e-01,6.334800000000000153e-02,-2.498940000000000050e-01,2.395680000000000032e-01,7.336299999999999766e-02,-6.074999999999999671e-03,1.170080000000000009e-01,-1.705100000000000018e-02
5.792599999999999832e-02,-3.231200000000000044e-02,7.788100000000000023e-01,6.992399999999999727e-01,9.071999999999999509e-02,-1.427400000000000023e-02,-7.089640000000000386e-01,-1.963499999999999968e-02,1.022900000000000059e-01,-9.879799999999999693e-02,1.063729999999999953e-01,-5.487999999999999823e-03,-2.016340000000000077e-01,-5.034520000000000106e-01,-3.084020000000000095e-01,5.141600000000000337e-02,7.605420000000000513e-01,-3.566610000000000058e-01,1.415589999999999904e-01,9.782200000000000617e-02,5.200000000000000178e-01,-7.306200000000000194e-02,-3.053009999999999891e-01,1.532852000000000103e+00,-5.801999999999999866e-03,1.329768000000000061e+00,-2.952529999999999877e-01,7.193099999999999494e-02,1.216509999999999952e-01,5.866099999999999787e-02,-2.529609999999999914e-01,2.445479999999999876e-01,6.959400000000000308e-02,-8.484999999999999487e-03,1.174619999999999970e-01,-1.717899999999999983e-02
5.594999999999999973e-02,-3.103099999999999956e-02,7.780759999999999899e-01,7.014599999999999724e-01,8.769699999999999718e-02,-1.430700000000000027e-02,-7.071479999999999988e-01,-1.987500000000000031e-02,1.109089999999999937e-01,-8.702799999999999425e-02,1.067560000000000037e-01,-2.080999999999999951e-03,-1.901879999999999959e-01,-5.006040000000000489e-01,-3.054919999999999858e-01,4.223500000000000171e-02,7.679449999999999887e-01,-3.606519999999999726e-01,1.387799999999999867e-01,9.745399999999999896e-02,5.200000000000000178e-01,-6.704100000000000337e-02,-3.358599999999999919e-01,1.523017000000000065e+00,-2.920899999999999885e-02,1.319293999999999967e+00,-2.964910000000000045e-01,6.934899999999999398e-02,1.277139999999999942e-01,5.383899999999999797e-02,-2.560009999999999786e-01,2.492949999999999888e-01,6.549599999999999866e-02,-1.095100000000000066e-02,1.180019999999999958e-01,-1.728299999999999975e-02
5.405599999999999988e-02,-2.973400000000000001e-02,7.772639999999999549e-01,7.036980000000000457e-01,8.472300000000000664e-02,-1.436400000000000003e-02,-7.052829999999999933e-01,-2.009100000000000122e-02,1.194410000000000055e-01,-7.528400000000000369e-02,1.071850000000000025e-01,1.281999999999999936e-03,-1.787439999999999862e-01,-4.978409999999999780e-01,-3.026969999999999938e-01,3.306200000000000111e-02,7.753470000000000084e-01,-3.646199999999999997e-01,1.360129999999999950e-01,9.699599999999999889e-02,5.199899999999999523e-01,-6.108500000000000041e-02,-3.649640000000000106e-01,1.513011000000000106e+00,-5.113800000000000290e-02,1.308867999999999920e+00,-2.977679999999999771e-01,6.691800000000000526e-02,1.336660000000000070e-01,4.881200000000000122e-02,-2.590759999999999730e-01,2.539000000000000146e-01,6.092000000000000193e-02,-1.362400000000000069e-02,1.186930000000000068e-01,-1.730299999999999894e-02
4.968199999999999700e-02,-2.873500000000000013e-02,7.779239999999999489e-01,7.054519999999999680e-01,8.321199999999999430e-02,-1.645800000000000041e-02,-7.036639999999999562e-01,-4.285499999999999726e-02,1.260650000000000104e-01,-5.458999999999999964e-02,1.511019999999999863e-01,-2.724999999999999992e-03,-1.532989999999999908e-01,-4.921329999999999871e-01,-3.010570000000000190e-01,2.482499999999999984e-02,7.776229999999999531e-01,-3.650649999999999729e-01,1.265809999999999991e-01,1.029640000000000000e-01,5.120400000000000507e-01,-5.588400000000000312e-02,-3.907900000000000262e-01,1.506253999999999982e+00,-6.214599999999999985e-02,1.275412999999999908e+00,-3.028640000000000221e-01,6.052099999999999841e-02,1.444219999999999948e-01,5.187300000000000244e-02,-2.709159999999999902e-01,2.581740000000000146e-01,4.759800000000000142e-02,-1.533699999999999994e-02,1.179380000000000012e-01,-1.519399999999999917e-02
4.477699999999999736e-02,-2.776899999999999855e-02,7.785750000000000171e-01,7.072910000000000030e-01,8.377800000000000524e-02,-1.928500000000000006e-02,-7.016759999999999664e-01,-6.837999999999999634e-02,1.286370000000000013e-01,-3.357700000000000268e-02,1.970510000000000039e-01,-7.740000000000000352e-03,-1.274760000000000060e-01,-4.903469999999999773e-01,-3.035570000000000213e-01,1.776099999999999901e-02,7.823679999999999524e-01,-3.672529999999999961e-01,1.199729999999999963e-01,1.085590000000000027e-01,4.951889999999999903e-01,-5.181600000000000095e-02,-4.122830000000000106e-01,1.503554999999999975e+00,-6.928499999999999936e-02,1.238452000000000108e+00,-3.072639999999999816e-01,5.453000000000000208e-02,1.562250000000000028e-01,5.493499999999999772e-02,-2.792470000000000230e-01,2.626760000000000206e-01,3.215400000000000202e-02,-1.711800000000000127e-02,1.173550000000000010e-01,-1.266300000000000064e-02
3.972400000000000236e-02,-2.687799999999999911e-02,7.793750000000000400e-01,7.092580000000000551e-01,8.488999999999999324e-02,-2.234299999999999828e-02,-6.994620000000000282e-01,-9.493500000000000549e-02,1.301470000000000127e-01,-1.245100000000000026e-02,2.448259999999999881e-01,-1.370500000000000017e-02,-1.012900000000000050e-01,-4.890200000000000102e-01,-3.070330000000000004e-01,1.090299999999999950e-02,7.869610000000000216e-01,-3.693529999999999869e-01,1.132240000000000052e-01,1.133699999999999986e-01,4.768370000000000108e-01,-4.766999999999999710e-02,-4.307980000000000143e-01,1.501195000000000057e+00,-7.366699999999999637e-02,1.200566999999999940e+00,-3.111749999999999794e-01,4.865599999999999786e-02,1.682460000000000067e-01,5.708099999999999979e-02,-2.873410000000000131e-01,2.678159999999999985e-01,1.590199999999999947e-02,-1.919999999999999832e-02,1.169270000000000032e-01,-1.008399999999999921e-02
3.529000000000000192e-02,-2.548200000000000118e-02,7.809789999999999788e-01,7.112079999999999513e-01,8.663600000000000467e-02,-2.699700000000000016e-02,-6.971000000000000529e-01,-1.442920000000000036e-01,1.316299999999999970e-01,2.233299999999999869e-02,3.287470000000000114e-01,-1.521000000000000000e-03,-7.205400000000000693e-02,-4.841989999999999905e-01,-3.153299999999999992e-01,5.337999999999999863e-03,7.850169999999999648e-01,-3.685899999999999732e-01,1.075350000000000056e-01,1.172760000000000052e-01,4.541250000000000009e-01,-4.262400000000000216e-02,-4.517379999999999729e-01,1.497953000000000090e+00,-7.604600000000000248e-02,1.116114000000000051e+00,-3.137510000000000021e-01,4.024699999999999805e-02,1.866120000000000001e-01,5.119599999999999845e-02,-2.851139999999999786e-01,2.758579999999999921e-01,2.212400000000000130e-02,-2.232800000000000062e-02,1.197819999999999996e-01,-1.057800000000000060e-02
3.050699999999999940e-02,-2.393699999999999994e-02,7.827300000000000368e-01,7.133049999999999669e-01,8.903899999999999315e-02,-3.151099999999999735e-02,-6.944609999999999950e-01,-1.978989999999999916e-01,1.336990000000000123e-01,5.832699999999999690e-02,4.201300000000000034e-01,6.976000000000000430e-03,-4.193800000000000305e-02,-4.809149999999999814e-01,-3.241459999999999897e-01,-6.380000000000000037e-04,7.827100000000000168e-01,-3.670820000000000194e-01,1.024700000000000055e-01,1.212899999999999950e-01,4.299149999999999916e-01,-3.802699999999999830e-02,-4.694360000000000199e-01,1.494539000000000062e+00,-7.552300000000000679e-02,1.028216999999999937e+00,-3.141900000000000248e-01,3.403599999999999681e-02,2.067019999999999968e-01,4.355599999999999750e-02,-2.814860000000000140e-01,2.845730000000000204e-01,2.944899999999999948e-02,-2.568900000000000003e-02,1.216470000000000051e-01,-1.148599999999999968e-02
2.554000000000000020e-02,-2.215299999999999908e-02,7.844900000000000206e-01,7.155369999999999786e-01,9.147399999999999975e-02,-3.573699999999999793e-02,-6.916379999999999750e-01,-2.545250000000000012e-01,1.380560000000000120e-01,9.544400000000000106e-02,5.183900000000000174e-01,1.194199999999999949e-02,-1.093799999999999981e-02,-4.783470000000000222e-01,-3.324050000000000060e-01,-7.269000000000000287e-03,7.803189999999999849e-01,-3.651519999999999766e-01,9.702900000000000413e-02,1.248699999999999949e-01,4.057549999999999768e-01,-3.307100000000000317e-02,-4.847699999999999787e-01,1.491204999999999892e+00,-7.278900000000000647e-02,9.391950000000000021e-01,-3.125200000000000200e-01,2.819500000000000131e-02,2.268229999999999968e-01,3.467200000000000143e-02,-2.778499999999999859e-01,2.938790000000000013e-01,3.579199999999999743e-02,-2.937800000000000133e-02,1.234330000000000011e-01,-1.252499999999999968e-02
2.100300000000000084e-02,-2.040399999999999853e-02,7.844419999999999726e-01,7.163910000000000000e-01,9.091100000000000569e-02,-3.662399999999999683e-02,-6.907809999999999784e-01,-2.851980000000000071e-01,1.343620000000000092e-01,1.096120000000000011e-01,5.676200000000000134e-01,-4.827999999999999826e-03,-9.773000000000000437e-03,-4.790749999999999731e-01,-3.286859999999999782e-01,-1.317499999999999921e-02,7.845529999999999449e-01,-3.676570000000000116e-01,8.769899999999999918e-02,1.376030000000000031e-01,3.886749999999999927e-01,-3.435499999999999665e-02,-4.902949999999999808e-01,1.476993999999999918e+00,-6.374499999999999611e-02,7.755419999999999536e-01,-3.057659999999999823e-01,2.200300000000000172e-02,2.478779999999999872e-01,3.631399999999999906e-02,-2.777890000000000081e-01,2.944740000000000135e-01,4.614200000000000246e-02,-2.769200000000000134e-02,1.244689999999999963e-01,-1.392599999999999914e-02
1.655600000000000127e-02,-1.870000000000000134e-02,7.844459999999999766e-01,7.171039999999999637e-01,8.989700000000000468e-02,-3.736099999999999838e-02,-6.901329999999999965e-01,-3.147240000000000038e-01,1.318239999999999967e-01,1.244180000000000008e-01,6.163650000000000517e-01,-2.169300000000000048e-02,-8.703000000000000666e-03,-4.783169999999999922e-01,-3.245259999999999811e-01,-2.078500000000000139e-02,7.870160000000000489e-01,-3.693910000000000249e-01,8.036200000000000288e-02,1.510199999999999876e-01,3.735419999999999852e-01,-3.518999999999999906e-02,-4.856010000000000049e-01,1.460647999999999946e+00,-4.758699999999999736e-02,6.049619999999999997e-01,-2.935699999999999976e-01,1.978699999999999903e-02,2.697069999999999745e-01,3.924899999999999917e-02,-2.796370000000000244e-01,2.939760000000000151e-01,5.402300000000000157e-02,-2.712600000000000081e-02,1.254069999999999907e-01,-1.536099999999999965e-02
1.233000000000000068e-02,-1.708099999999999896e-02,7.845410000000000439e-01,7.177599999999999536e-01,8.864500000000000157e-02,-3.784499999999999670e-02,-6.895869999999999500e-01,-3.446460000000000079e-01,1.302609999999999879e-01,1.395840000000000136e-01,6.661709999999999576e-01,-3.918900000000000161e-02,-7.656999999999999744e-03,-4.774010000000000198e-01,-3.196129999999999804e-01,-2.860400000000000095e-02,7.888910000000000089e-01,-3.707590000000000052e-01,7.307800000000000407e-02,1.635590000000000099e-01,3.597460000000000102e-01,-3.518700000000000300e-02,-4.736879999999999979e-01,1.444121999999999906e+00,-2.682000000000000009e-02,4.314930000000000154e-01,-2.765389999999999793e-01,1.933400000000000049e-02,2.895849999999999813e-01,4.122399999999999676e-02,-2.832180000000000253e-01,2.944379999999999775e-01,5.966199999999999976e-02,-2.717699999999999977e-02,1.265709999999999891e-01,-1.674000000000000141e-02
8.691000000000000808e-03,-1.641600000000000004e-02,7.854860000000000175e-01,7.170149999999999579e-01,8.678700000000000303e-02,-3.642999999999999711e-02,-6.906740000000000101e-01,-3.636590000000000100e-01,1.144629999999999953e-01,1.370869999999999866e-01,6.985670000000000490e-01,-6.221100000000000241e-02,-2.365499999999999894e-02,-4.719990000000000019e-01,-3.077289999999999748e-01,-3.388100000000000139e-02,7.794379999999999642e-01,-3.670550000000000201e-01,6.465700000000000613e-02,1.834349999999999870e-01,3.434389999999999943e-01,-3.979300000000000198e-02,-4.533820000000000072e-01,1.430992999999999959e+00,-2.969999999999999984e-03,2.072549999999999948e-01,-2.348329999999999862e-01,2.208200000000000093e-02,3.110999999999999877e-01,4.856400000000000300e-02,-2.795730000000000159e-01,2.920659999999999923e-01,5.741999999999999882e-02,-2.629099999999999840e-02,1.255549999999999999e-01,-1.390899999999999949e-02
5.255000000000000122e-03,-1.582100000000000173e-02,7.864719999999999489e-01,7.161920000000000508e-01,8.490499999999999436e-02,-3.489600000000000340e-02,-6.918400000000000105e-01,-3.826789999999999914e-01,9.896199999999999442e-02,1.355010000000000103e-01,7.311760000000000481e-01,-8.593000000000000638e-02,-3.959000000000000019e-02,-4.662620000000000098e-01,-2.958129999999999926e-01,-3.927300000000000235e-02,7.691890000000000116e-01,-3.630010000000000181e-01,5.730600000000000277e-02,2.031469999999999942e-01,3.275040000000000173e-01,-4.383100000000000190e-02,-4.251770000000000271e-01,1.418012999999999968e+00,2.684100000000000028e-02,-2.323800000000000171e-02,-1.854689999999999950e-01,3.211599999999999872e-02,3.244330000000000269e-01,5.627200000000000257e-02,-2.771109999999999962e-01,2.892620000000000191e-01,5.241400000000000226e-02,-2.671000000000000110e-02,1.247609999999999969e-01,-1.083399999999999988e-02
1.955999999999999839e-03,-1.529400000000000030e-02,7.874109999999999721e-01,7.153559999999999919e-01,8.303000000000000658e-02,-3.324799999999999978e-02,-6.930119999999999614e-01,-4.022930000000000117e-01,8.368100000000000538e-02,1.347019999999999884e-01,7.646889999999999521e-01,-1.105249999999999982e-01,-5.535700000000000343e-02,-4.606950000000000212e-01,-2.839070000000000205e-01,-4.450400000000000189e-02,7.588669999999999582e-01,-3.589370000000000061e-01,5.015800000000000120e-02,2.215100000000000124e-01,3.117969999999999908e-01,-4.687199999999999700e-02,-3.918539999999999801e-01,1.406740000000000101e+00,6.086699999999999749e-02,-2.554750000000000076e-01,-1.319589999999999930e-01,4.564800000000000108e-02,3.259659999999999780e-01,6.298499999999999932e-02,-2.760449999999999848e-01,2.874829999999999885e-01,4.481299999999999867e-02,-2.782400000000000151e-02,1.241769999999999957e-01,-7.735999999999999821e-03
-1.502000000000000080e-03,-1.648499999999999965e-02,7.894759999999999556e-01,7.139689999999999648e-01,7.989000000000000268e-02,-2.903100000000000125e-02,-6.949980000000000047e-01,-3.979730000000000212e-01,6.144800000000000262e-02,1.218670000000000031e-01,7.445629999999999749e-01,-1.306509999999999894e-01,-8.796900000000000552e-02,-4.464139999999999775e-01,-2.642109999999999737e-01,-5.269700000000000079e-02,7.332269999999999621e-01,-3.506009999999999960e-01,4.319499999999999729e-02,2.393049999999999899e-01,3.029819999999999736e-01,-5.473800000000000193e-02,-3.331339999999999857e-01,1.377675999999999901e+00,8.067000000000000559e-02,-3.795720000000000205e-01,-1.154229999999999978e-01,6.128200000000000314e-02,3.004919999999999813e-01,6.661000000000000254e-02,-2.729739999999999944e-01,2.864900000000000224e-01,5.519700000000000301e-02,-2.496400000000000008e-02,1.232970000000000038e-01,-4.461999999999999821e-03
-4.958999999999999866e-03,-1.762499999999999831e-02,7.916710000000000136e-01,7.126919999999999922e-01,7.606400000000000661e-02,-2.555299999999999933e-02,-6.968720000000000470e-01,-3.908679999999999932e-01,3.957600000000000007e-02,1.090689999999999993e-01,7.234310000000000462e-01,-1.511919999999999931e-01,-1.197980000000000017e-01,-4.287770000000000192e-01,-2.444449999999999956e-01,-6.097999999999999948e-02,7.053169999999999717e-01,-3.414530000000000065e-01,3.524100000000000149e-02,2.543270000000000253e-01,2.945420000000000260e-01,-6.015000000000000208e-02,-2.800880000000000036e-01,1.351966999999999919e+00,9.496400000000000674e-02,-4.974709999999999965e-01,-1.020930000000000032e-01,7.113800000000000678e-02,2.722510000000000208e-01,6.838900000000000534e-02,-2.707470000000000154e-01,2.878029999999999755e-01,6.500699999999999534e-02,-2.188000000000000014e-02,1.215009999999999979e-01,-1.453000000000000081e-03
-8.644999999999999907e-03,-1.864000000000000032e-02,7.938819999999999766e-01,7.114749999999999686e-01,7.206400000000000305e-02,-2.238499999999999865e-02,-6.986480000000000468e-01,-3.832200000000000051e-01,1.825399999999999939e-02,9.651600000000000457e-02,7.029389999999999805e-01,-1.727370000000000017e-01,-1.509020000000000084e-01,-4.103120000000000100e-01,-2.247349999999999903e-01,-6.904000000000000414e-02,6.769650000000000389e-01,-3.321959999999999913e-01,2.716400000000000065e-02,2.687280000000000224e-01,2.852790000000000048e-01,-6.463399999999999701e-02,-2.329759999999999887e-01,1.329258000000000051e+00,1.038020000000000054e-01,-6.136749999999999705e-01,-9.046700000000000574e-02,7.983999999999999431e-02,2.426989999999999981e-01,7.015299999999999314e-02,-2.685629999999999962e-01,2.891000000000000236e-01,7.295999999999999708e-02,-1.908699999999999980e-02,1.197389999999999982e-01,1.596999999999999895e-03
-9.549000000000000196e-03,-2.097600000000000159e-02,7.973440000000000527e-01,7.103030000000000177e-01,6.706099999999999561e-02,-1.740600000000000133e-02,-7.004780000000000451e-01,-3.625570000000000181e-01,3.870000000000000176e-03,8.453499999999999903e-02,6.617049999999999876e-01,-1.888690000000000091e-01,-1.707700000000000051e-01,-3.803619999999999779e-01,-2.041650000000000131e-01,-7.991299999999999792e-02,6.260590000000000321e-01,-3.125780000000000225e-01,2.349400000000000099e-02,2.682189999999999852e-01,2.802200000000000246e-01,-6.761100000000000443e-02,-1.756040000000000101e-01,1.260485000000000078e+00,4.423499999999999654e-02,-7.041749999999999954e-01,-1.007740000000000025e-01,9.102100000000000468e-02,1.810509999999999897e-01,6.097000000000000336e-02,-2.545029999999999792e-01,2.945409999999999973e-01,9.817800000000000138e-02,-1.316400000000000035e-02,1.185950000000000060e-01,2.181000000000000213e-03
-1.055000000000000035e-02,-2.310399999999999954e-02,8.007929999999999771e-01,7.091730000000000533e-01,6.138799999999999812e-02,-1.294200000000000038e-02,-7.022380000000000289e-01,-3.401140000000000274e-01,-9.860999999999999974e-03,7.234500000000000652e-02,6.206970000000000542e-01,-2.054050000000000042e-01,-1.901259999999999895e-01,-3.479090000000000238e-01,-1.830029999999999990e-01,-9.057199999999999973e-02,5.733190000000000230e-01,-2.921159999999999868e-01,1.909200000000000133e-02,2.711140000000000216e-01,2.748630000000000240e-01,-7.097900000000000043e-02,-1.344029999999999947e-01,1.195057999999999954e+00,-3.222300000000000164e-02,-7.907499999999999529e-01,-1.107049999999999979e-01,1.020910000000000012e-01,1.194950000000000040e-01,5.551099999999999784e-02,-2.395909999999999984e-01,2.962060000000000248e-01,1.231960000000000000e-01,-6.999000000000000013e-03,1.162849999999999995e-01,2.650000000000000012e-03
-1.167600000000000061e-02,-2.508900000000000019e-02,8.042540000000000244e-01,7.080819999999999892e-01,5.560600000000000265e-02,-8.725999999999999382e-03,-7.038830000000000364e-01,-3.178469999999999906e-01,-2.329900000000000027e-02,6.016099999999999920e-02,5.810830000000000162e-01,-2.227300000000000113e-01,-2.089590000000000058e-01,-3.152849999999999819e-01,-1.617109999999999936e-01,-1.004759999999999959e-01,5.205990000000000339e-01,-2.716230000000000033e-01,1.464000000000000024e-02,2.766170000000000018e-01,2.685799999999999854e-01,-7.496500000000000385e-02,-1.019909999999999983e-01,1.133490000000000109e+00,-1.173059999999999936e-01,-8.756070000000000242e-01,-1.209709999999999952e-01,1.126130000000000048e-01,5.900699999999999695e-02,5.323900000000000160e-02,-2.244790000000000119e-01,2.943990000000000218e-01,1.464830000000000021e-01,-1.134000000000000025e-03,1.139809999999999990e-01,3.664000000000000156e-03
-1.173699999999999917e-02,-2.828400000000000011e-02,8.066919999999999646e-01,7.079769999999999675e-01,4.756699999999999817e-02,-4.303999999999999666e-03,-7.046189999999999953e-01,-2.810940000000000105e-01,-2.352500000000000077e-02,4.704799999999999954e-02,5.136920000000000375e-01,-2.147340000000000082e-01,-1.846889999999999921e-01,-2.711080000000000156e-01,-1.377740000000000076e-01,-1.111100000000000004e-01,4.550120000000000275e-01,-2.462719999999999909e-01,1.251000000000000029e-02,2.847759999999999736e-01,2.642039999999999944e-01,-8.452600000000000391e-02,-5.695499999999999868e-02,1.063353999999999910e+00,-2.156980000000000008e-01,-8.603969999999999674e-01,-1.274240000000000095e-01,1.254379999999999939e-01,8.340999999999999456e-03,5.360199999999999687e-02,-2.104360000000000119e-01,2.908939999999999859e-01,1.686940000000000106e-01,5.056999999999999863e-03,1.108340000000000020e-01,4.579999999999999870e-03
-1.177699999999999927e-02,-3.117400000000000032e-02,8.093209999999999571e-01,7.080189999999999539e-01,3.905399999999999844e-02,-5.259999999999999919e-04,-7.051129999999999898e-01,-2.434209999999999985e-01,-2.388900000000000051e-02,3.467800000000000049e-02,4.470660000000000189e-01,-2.071570000000000078e-01,-1.600459999999999938e-01,-2.246569999999999956e-01,-1.137039999999999995e-01,-1.210679999999999951e-01,3.875569999999999848e-01,-2.199299999999999866e-01,1.030599999999999919e-02,2.936860000000000026e-01,2.602169999999999761e-01,-9.348800000000000165e-02,-1.470800000000000059e-02,9.920560000000000489e-01,-3.169469999999999787e-01,-8.426120000000000276e-01,-1.313880000000000048e-01,1.336309999999999998e-01,-4.300400000000000056e-02,5.581799999999999956e-02,-1.973749999999999949e-01,2.857640000000000180e-01,1.901450000000000085e-01,1.153700000000000038e-02,1.080020000000000008e-01,6.041000000000000363e-03
-1.192400000000000057e-02,-3.402399999999999869e-02,8.118699999999999806e-01,7.081549999999999789e-01,3.050200000000000133e-02,2.907999999999999995e-03,-7.053920000000000190e-01,-2.066290000000000071e-01,-2.460700000000000040e-02,2.288099999999999856e-02,3.828750000000000209e-01,-2.008770000000000000e-01,-1.351410000000000111e-01,-1.776649999999999896e-01,-8.965800000000000158e-02,-1.299939999999999984e-01,3.196260000000000212e-01,-1.933840000000000003e-01,8.262999999999999512e-03,3.027580000000000271e-01,2.559440000000000048e-01,-1.020910000000000012e-01,2.974800000000000014e-02,9.203109999999999902e-01,-4.161940000000000084e-01,-8.284430000000000405e-01,-1.325399999999999912e-01,1.405889999999999918e-01,-9.479899999999999438e-02,5.905400000000000232e-02,-1.849530000000000063e-01,2.797229999999999994e-01,2.114759999999999973e-01,1.804899999999999907e-02,1.054490000000000011e-01,8.252999999999999919e-03
-1.195000000000000055e-02,-3.669399999999999745e-02,8.133989999999999831e-01,7.090849999999999653e-01,2.252699999999999841e-02,5.190000000000000169e-03,-7.047440000000000371e-01,-1.669339999999999991e-01,-1.992199999999999874e-02,2.001899999999999860e-02,3.384329999999999838e-01,-1.882070000000000132e-01,-9.632300000000000584e-02,-1.376040000000000041e-01,-6.883999999999999841e-02,-1.324579999999999924e-01,2.661749999999999949e-01,-1.638219999999999954e-01,3.971999999999999836e-03,3.025349999999999984e-01,2.517119999999999913e-01,-1.117419999999999941e-01,4.648000000000000048e-02,8.542779999999999818e-01,-4.535449999999999759e-01,-7.441600000000000437e-01,-1.226759999999999934e-01,1.496639999999999915e-01,-1.265129999999999866e-01,5.599400000000000210e-02,-1.804989999999999928e-01,2.792040000000000077e-01,2.322059999999999957e-01,1.833200000000000107e-02,1.032580000000000026e-01,1.158299999999999955e-02
-1.202300000000000070e-02,-3.915899999999999936e-02,8.148640000000000327e-01,7.101380000000000470e-01,1.497099999999999993e-02,6.844000000000000257e-03,-7.038699999999999957e-01,-1.280820000000000014e-01,-1.709899999999999962e-02,1.826699999999999852e-02,2.950670000000000237e-01,-1.764749999999999930e-01,-5.781700000000000034e-02,-9.836100000000000398e-02,-4.970299999999999718e-02,-1.341060000000000030e-01,2.146909999999999930e-01,-1.351340000000000041e-01,1.209999999999999921e-03,2.999390000000000112e-01,2.465960000000000096e-01,-1.194650000000000017e-01,6.494300000000000073e-02,7.844529999999999559e-01,-4.850309999999999899e-01,-6.636419999999999542e-01,-1.076550000000000007e-01,1.544760000000000022e-01,-1.590149999999999897e-01,5.090100000000000180e-02,-1.767990000000000117e-01,2.810250000000000248e-01,2.550689999999999902e-01,1.933999999999999955e-02,1.018570000000000031e-01,1.572499999999999939e-02
-1.216800000000000000e-02,-4.144400000000000167e-02,8.164919999999999956e-01,7.112119999999999553e-01,7.813000000000000500e-03,8.040999999999999537e-03,-7.028879999999999573e-01,-8.970599999999999408e-02,-1.588099999999999928e-02,1.769599999999999992e-02,2.523440000000000127e-01,-1.659009999999999929e-01,-1.964799999999999880e-02,-5.940899999999999653e-02,-3.186300000000000243e-02,-1.350600000000000134e-01,1.641160000000000119e-01,-1.068830000000000058e-01,-1.268999999999999946e-03,2.967239999999999878e-01,2.404979999999999896e-01,-1.264840000000000131e-01,8.553600000000000092e-02,7.116460000000000008e-01,-5.119989999999999819e-01,-5.904690000000000216e-01,-8.687799999999999689e-02,1.571919999999999984e-01,-1.911410000000000053e-01,4.575200000000000100e-02,-1.736370000000000136e-01,2.842279999999999807e-01,2.815360000000000085e-01,2.079900000000000151e-02,1.001210000000000017e-01,2.050199999999999939e-02
-1.184900000000000016e-02,-4.346099999999999963e-02,8.167959999999999665e-01,7.154519999999999769e-01,-2.489999999999999809e-04,9.688000000000000431e-03,-6.985949999999999660e-01,-5.417899999999999799e-02,-5.321000000000000209e-03,1.553999999999999999e-02,2.074249999999999983e-01,-1.443180000000000018e-01,-3.899000000000000122e-03,-4.109700000000000158e-02,-1.849900000000000155e-02,-1.494099999999999873e-01,1.590399999999999869e-01,-9.357100000000000140e-02,-4.759000000000000209e-03,2.902620000000000200e-01,2.383619999999999906e-01,-1.297429999999999972e-01,9.817399999999999738e-02,6.300000000000000044e-01,-4.849580000000000002e-01,-4.247719999999999829e-01,-5.769699999999999829e-02,1.549310000000000132e-01,-1.895759999999999945e-01,3.912299999999999806e-02,-1.664940000000000031e-01,2.916739999999999888e-01,3.220199999999999729e-01,2.054800000000000029e-02,1.000159999999999938e-01,2.159300000000000108e-02
-1.144300000000000005e-02,-4.528200000000000280e-02,8.171349999999999447e-01,7.198170000000000401e-01,-7.964000000000000593e-03,1.090400000000000050e-02,-6.940319999999999823e-01,-1.975599999999999926e-02,3.544999999999999974e-03,1.417299999999999983e-02,1.636160000000000114e-01,-1.232639999999999986e-01,1.187000000000000034e-02,-2.470400000000000026e-02,-6.583000000000000310e-03,-1.637409999999999977e-01,1.575870000000000049e-01,-8.196000000000000507e-02,-8.227999999999999203e-03,2.821839999999999904e-01,2.354870000000000019e-01,-1.320439999999999947e-01,1.088120000000000059e-01,5.459779999999999633e-01,-4.534460000000000157e-01,-2.622669999999999724e-01,-2.343500000000000097e-02,1.470690000000000053e-01,-1.854230000000000045e-01,3.098899999999999919e-02,-1.598449999999999871e-01,3.027259999999999951e-01,3.691409999999999969e-01,2.135000000000000092e-02,1.002780000000000060e-01,2.345900000000000069e-02
-1.111999999999999968e-02,-4.702400000000000330e-02,8.176379999999999759e-01,7.241640000000000299e-01,-1.546400000000000031e-02,1.178399999999999934e-02,-6.893529999999999935e-01,1.412799999999999993e-02,1.114399999999999939e-02,1.378099999999999985e-02,1.207270000000000010e-01,-1.030559999999999948e-01,2.755399999999999863e-02,-8.356000000000000580e-03,4.585999999999999799e-03,-1.778139999999999998e-01,1.563990000000000102e-01,-7.045500000000000373e-02,-1.173599999999999990e-02,2.738340000000000218e-01,2.317700000000000038e-01,-1.340949999999999920e-01,1.191190000000000027e-01,4.620020000000000238e-01,-4.186409999999999854e-01,-1.067980000000000040e-01,1.403500000000000060e-02,1.376610000000000056e-01,-1.774320000000000064e-01,2.281700000000000048e-02,-1.538360000000000005e-01,3.171499999999999875e-01,4.232259999999999911e-01,2.287099999999999897e-02,1.014789999999999998e-01,2.603600000000000012e-02
-8.467999999999999833e-03,-4.763599999999999779e-02,8.176959999999999784e-01,7.297919999999999963e-01,-1.983299999999999993e-02,1.115999999999999978e-02,-6.832899999999999530e-01,2.093700000000000075e-02,1.209600000000000085e-02,3.609999999999999928e-03,1.191890000000000033e-01,-8.690000000000000502e-02,3.008299999999999863e-02,4.480999999999999740e-03,4.086000000000000222e-03,-1.910479999999999956e-01,1.547449999999999937e-01,-6.642599999999999894e-02,-7.467999999999999812e-03,2.537619999999999876e-01,2.169870000000000132e-01,-1.203029999999999933e-01,1.156439999999999968e-01,3.469010000000000149e-01,-3.868480000000000252e-01,9.727299999999999836e-02,-1.104699999999999953e-02,1.208079999999999987e-01,-1.242459999999999953e-01,9.698999999999999289e-03,-1.462920000000000054e-01,3.383650000000000269e-01,4.513039999999999830e-01,2.579499999999999849e-02,1.021750000000000019e-01,2.245300000000000074e-02
-6.178000000000000332e-03,-4.797599999999999781e-02,8.177729999999999722e-01,7.354289999999999994e-01,-2.427299999999999944e-02,1.020700000000000079e-02,-6.770899999999999697e-01,2.730099999999999888e-02,1.336299999999999988e-02,-6.753000000000000322e-03,1.191099999999999937e-01,-7.123100000000000265e-02,3.220900000000000152e-02,1.691000000000000142e-02,3.808999999999999886e-03,-2.045460000000000056e-01,1.546939999999999982e-01,-6.309900000000000231e-02,-4.192000000000000413e-03,2.357080000000000009e-01,2.024680000000000091e-01,-1.084360000000000046e-01,1.097349999999999992e-01,2.456399999999999972e-01,-3.528060000000000085e-01,3.012670000000000070e-01,-4.046000000000000291e-02,1.017340000000000050e-01,-8.039499999999999424e-02,-1.760999999999999979e-03,-1.406330000000000080e-01,3.633210000000000051e-01,4.878069999999999906e-01,2.998100000000000070e-02,1.053400000000000031e-01,1.957400000000000112e-02
-4.324999999999999852e-03,-4.831200000000000078e-02,8.178159999999999874e-01,7.410459999999999825e-01,-2.879100000000000062e-02,8.850000000000000228e-03,-6.707779999999999854e-01,3.393600000000000089e-02,1.508600000000000045e-02,-1.730999999999999900e-02,1.194690000000000057e-01,-5.562700000000000283e-02,3.367200000000000054e-02,2.952099999999999863e-02,3.974000000000000102e-03,-2.182499999999999996e-01,1.554490000000000038e-01,-6.020400000000000057e-02,-1.817999999999999955e-03,2.196019999999999917e-01,1.883940000000000059e-01,-9.859800000000000508e-02,1.028020000000000045e-01,1.593630000000000047e-01,-3.211539999999999950e-01,5.055119999999999614e-01,-7.182700000000000196e-02,8.424600000000000144e-02,-4.771899999999999753e-02,-1.186199999999999928e-02,-1.364920000000000022e-01,3.928189999999999737e-01,5.343719999999999581e-01,3.514400000000000163e-02,1.104590000000000016e-01,1.728100000000000122e-02
-4.841999999999999950e-03,-4.678199999999999720e-02,8.157469999999999999e-01,7.460250000000000492e-01,-3.026999999999999830e-02,5.786999999999999610e-03,-6.652050000000000463e-01,3.547499999999999959e-02,1.218100000000000085e-02,-2.668999999999999845e-02,1.213079999999999992e-01,-5.920899999999999774e-02,3.510499999999999732e-02,3.725900000000000045e-02,4.459999999999999989e-04,-2.224550000000000138e-01,1.554159999999999986e-01,-7.888100000000000667e-02,3.575000000000000053e-03,1.945679999999999910e-01,1.701699999999999879e-01,-7.620200000000000584e-02,7.467500000000000526e-02,1.124450000000000033e-01,-2.988939999999999930e-01,5.539659999999999584e-01,-1.148720000000000019e-01,7.657799999999999330e-02,-2.639899999999999886e-02,-2.159099999999999908e-02,-1.485920000000000019e-01,4.293069999999999942e-01,5.331259999999999888e-01,3.663299999999999890e-02,1.154290000000000038e-01,1.416800000000000004e-02
-5.733000000000000249e-03,-4.537299999999999667e-02,8.136609999999999676e-01,7.509449999999999736e-01,-3.153600000000000153e-02,2.745000000000000044e-03,-6.596049999999999969e-01,3.685299999999999687e-02,9.457999999999999394e-03,-3.608499999999999902e-02,1.232430000000000053e-01,-6.295900000000000107e-02,3.615499999999999964e-02,4.463500000000000106e-02,-2.923999999999999950e-03,-2.268910000000000093e-01,1.558120000000000061e-01,-9.798099999999999865e-02,8.616999999999999660e-03,1.706060000000000076e-01,1.510910000000000031e-01,-5.581300000000000150e-02,5.129899999999999738e-02,7.297099999999999420e-02,-2.821569999999999911e-01,6.018820000000000281e-01,-1.611319999999999975e-01,7.636099999999999832e-02,-9.357000000000000733e-03,-3.054799999999999877e-02,-1.620540000000000036e-01,4.711670000000000025e-01,5.386950000000000349e-01,3.865699999999999692e-02,1.235770000000000063e-01,1.115400000000000072e-02
-6.714000000000000350e-03,-4.396599999999999814e-02,8.115769999999999929e-01,7.558160000000000434e-01,-3.274699999999999833e-02,-3.800000000000000209e-04,-6.539639999999999898e-01,3.813899999999999929e-02,6.921000000000000069e-03,-4.554099999999999815e-02,1.252560000000000062e-01,-6.658500000000000529e-02,3.685900000000000287e-02,5.187200000000000144e-02,-6.078000000000000069e-03,-2.315429999999999988e-01,1.563630000000000020e-01,-1.170599999999999974e-01,1.334699999999999949e-02,1.477999999999999869e-01,1.319150000000000045e-01,-3.699999999999999817e-02,2.868599999999999969e-02,3.827200000000000046e-02,-2.725009999999999932e-01,6.608570000000000277e-01,-2.104939999999999867e-01,7.896499999999999353e-02,1.771999999999999921e-03,-3.958600000000000313e-02,-1.763909999999999922e-01,5.174940000000000095e-01,5.517959999999999532e-01,4.122900000000000176e-02,1.329770000000000119e-01,8.309000000000000413e-03
-6.202000000000000048e-03,-4.014800000000000313e-02,8.093280000000000474e-01,7.565209999999999990e-01,-3.753100000000000186e-02,-2.439000000000000196e-03,-6.528869999999999951e-01,2.222199999999999870e-02,9.702000000000000554e-03,-5.226700000000000096e-02,1.647760000000000058e-01,-8.697100000000000664e-02,3.415499999999999786e-02,4.290999999999999676e-03,-2.092899999999999969e-02,-2.256110000000000060e-01,2.768950000000000022e-01,-1.491989999999999983e-01,-4.399999999999999886e-05,1.237010000000000054e-01,1.265860000000000041e-01,-9.634999999999999468e-03,1.333100000000000084e-02,2.756499999999999923e-02,-2.693280000000000118e-01,6.031959999999999544e-01,-1.927979999999999972e-01,6.410899999999999932e-02,1.092699999999999921e-02,-6.388699999999999934e-02,-2.035230000000000095e-01,5.215940000000000021e-01,4.445609999999999840e-01,5.332900000000000140e-02,1.382990000000000053e-01,-2.139299999999999882e-02
-5.569000000000000165e-03,-3.642499999999999905e-02,8.070009999999999684e-01,7.571569999999999689e-01,-4.029499999999999749e-02,-3.318000000000000203e-03,-6.519810000000000327e-01,-3.269999999999999795e-04,1.019399999999999994e-02,-5.837599999999999734e-02,2.080259999999999887e-01,-1.087250000000000022e-01,3.171399999999999914e-02,-5.778099999999999903e-02,-3.895599999999999757e-02,-2.180479999999999918e-01,4.183310000000000084e-01,-1.911539999999999906e-01,-1.201400000000000037e-02,1.019889999999999963e-01,1.187590000000000034e-01,1.426000000000000011e-02,3.442000000000000181e-03,2.060199999999999879e-02,-2.739420000000000188e-01,5.470469999999999500e-01,-1.755569999999999908e-01,5.723600000000000215e-02,2.439600000000000102e-02,-8.187500000000000333e-02,-2.346969999999999890e-01,5.226260000000000350e-01,3.261370000000000102e-01,6.168300000000000172e-02,1.522489999999999954e-01,-5.197500000000000037e-02
-4.932999999999999885e-03,-3.283400000000000207e-02,8.046740000000000004e-01,7.579430000000000334e-01,-4.151099999999999929e-02,-4.210000000000000200e-03,-6.509850000000000358e-01,-2.553899999999999920e-02,7.596999999999999587e-03,-6.426600000000000368e-02,2.520950000000000135e-01,-1.306450000000000111e-01,2.940500000000000058e-02,-1.249870000000000009e-01,-5.916199999999999931e-02,-2.089310000000000056e-01,5.665649999999999853e-01,-2.367170000000000107e-01,-2.284800000000000025e-02,8.082100000000000395e-02,1.078449999999999964e-01,3.605699999999999877e-02,-5.083999999999999977e-03,1.570900000000000074e-02,-2.866409999999999791e-01,5.035800000000000276e-01,-1.622079999999999911e-01,5.364599999999999924e-02,3.888599999999999696e-02,-9.596399999999999375e-02,-2.640020000000000144e-01,5.206870000000000109e-01,2.045659999999999978e-01,6.574900000000000189e-02,1.676590000000000025e-01,-8.158100000000000074e-02
-5.951999999999999826e-03,-2.927199999999999941e-02,8.001160000000000494e-01,7.592290000000000427e-01,-3.755599999999999911e-02,-6.291999999999999850e-03,-6.497089999999999810e-01,-6.660900000000000154e-02,-3.519999999999999908e-04,-5.044099999999999973e-02,3.164890000000000203e-01,-1.527989999999999904e-01,3.072400000000000131e-02,-1.969249999999999889e-01,-8.842200000000000060e-02,-1.984569999999999945e-01,6.738520000000000065e-01,-2.639250000000000207e-01,-1.416300000000000024e-02,6.058399999999999896e-02,8.886299999999999755e-02,5.218899999999999928e-02,-3.520000000000000125e-03,3.728100000000000164e-02,-2.694469999999999921e-01,4.775349999999999873e-01,-1.508520000000000139e-01,4.785699999999999676e-02,4.965900000000000175e-02,-1.035390000000000060e-01,-3.080430000000000113e-01,4.871650000000000147e-01,-6.834700000000000497e-02,6.321200000000000430e-02,1.861140000000000017e-01,-9.406699999999999784e-02
-6.962000000000000306e-03,-2.586600000000000010e-02,7.962460000000000093e-01,7.604269999999999641e-01,-3.513499999999999956e-02,-7.145999999999999575e-03,-6.484330000000000371e-01,-1.059680000000000066e-01,-3.474000000000000091e-03,-3.689599999999999824e-02,3.784959999999999991e-01,-1.742950000000000055e-01,3.124899999999999900e-02,-2.615529999999999800e-01,-1.107319999999999971e-01,-1.882209999999999994e-01,7.662290000000000489e-01,-2.835480000000000222e-01,-5.206999999999999823e-03,3.917199999999999849e-02,7.469599999999999851e-02,6.530099999999999794e-02,4.510000000000000120e-04,5.914300000000000113e-02,-2.588920000000000110e-01,4.681239999999999846e-01,-1.430859999999999910e-01,4.193399999999999905e-02,5.965399999999999869e-02,-1.054989999999999956e-01,-3.458530000000000215e-01,4.552039999999999975e-01,-3.470119999999999871e-01,5.667900000000000021e-02,2.049529999999999963e-01,-1.018649999999999972e-01
-8.063999999999999987e-03,-2.242099999999999996e-02,7.924759999999999582e-01,7.617829999999999879e-01,-3.308900000000000036e-02,-8.070000000000000784e-03,-6.469359999999999555e-01,-1.458669999999999967e-01,-6.079000000000000202e-03,-2.335599999999999829e-02,4.425819999999999754e-01,-1.968169999999999920e-01,3.163599999999999746e-02,-3.244609999999999994e-01,-1.314539999999999875e-01,-1.772680000000000089e-01,8.563279999999999781e-01,-3.023629999999999929e-01,4.537000000000000234e-03,1.690499999999999989e-02,6.165099999999999747e-02,7.836799999999999322e-02,4.845999999999999613e-03,8.204999999999999793e-02,-2.551999999999999824e-01,4.721319999999999961e-01,-1.393629999999999869e-01,3.704600000000000254e-02,7.062200000000000422e-02,-1.053179999999999950e-01,-3.781849999999999934e-01,4.236719999999999930e-01,-6.326669999999999794e-01,4.831599999999999784e-02,2.228819999999999968e-01,-1.051580000000000015e-01
-7.697999999999999982e-03,-2.118099999999999844e-02,7.895379999999999621e-01,7.624980000000000091e-01,-3.181099999999999900e-02,-6.308000000000000239e-03,-6.461770000000000014e-01,-1.706930000000000114e-01,-4.943999999999999610e-03,-1.700799999999999881e-02,4.775690000000000213e-01,-2.107940000000000091e-01,3.391199999999999770e-02,-3.539240000000000164e-01,-1.472580000000000000e-01,-1.690790000000000071e-01,8.832560000000000411e-01,-3.062570000000000014e-01,8.670000000000000623e-03,8.042000000000000537e-03,6.299299999999999344e-02,7.476700000000000013e-02,1.301399999999999953e-02,1.020339999999999997e-01,-2.606669999999999821e-01,4.450999999999999956e-01,-1.368860000000000077e-01,3.409000000000000224e-02,7.812399999999999900e-02,-1.526079999999999937e-01,-4.139510000000000134e-01,3.627500000000000169e-01,-7.208069999999999755e-01,6.685199999999999476e-02,2.287569999999999881e-01,-1.026859999999999995e-01
-7.557000000000000349e-03,-1.939400000000000152e-02,7.864940000000000264e-01,7.631090000000000373e-01,-3.141800000000000148e-02,-5.081999999999999712e-03,-6.454860000000000042e-01,-1.960919999999999885e-01,-2.933999999999999976e-03,-1.060799999999999937e-02,5.169540000000000246e-01,-2.266579999999999984e-01,3.635900000000000243e-02,-3.826689999999999814e-01,-1.619609999999999939e-01,-1.605320000000000080e-01,9.113620000000000054e-01,-3.102389999999999870e-01,1.256400000000000051e-02,-5.199999999999999544e-04,6.568699999999999539e-02,7.471500000000000363e-02,2.026199999999999876e-02,1.246329999999999938e-01,-2.721259999999999790e-01,4.233310000000000128e-01,-1.375240000000000073e-01,3.509600000000000219e-02,8.813200000000000200e-02,-2.057519999999999905e-01,-4.505040000000000155e-01,2.998069999999999902e-01,-8.083080000000000265e-01,8.884699999999999542e-02,2.268789999999999973e-01,-1.027160000000000017e-01
-7.376999999999999877e-03,-1.739200000000000121e-02,7.833320000000000283e-01,7.637209999999999832e-01,-3.141200000000000242e-02,-4.017999999999999870e-03,-6.447690000000000365e-01,-2.214889999999999914e-01,-4.580000000000000195e-04,-4.300000000000000003e-03,5.575210000000000443e-01,-2.429389999999999883e-01,3.880800000000000222e-02,-4.108289999999999997e-01,-1.759930000000000105e-01,-1.518839999999999912e-01,9.393660000000000343e-01,-3.140629999999999811e-01,1.639699999999999838e-02,-9.773999999999999702e-03,6.894300000000000428e-02,7.504299999999999859e-02,2.731600000000000000e-02,1.496099999999999930e-01,-2.878769999999999940e-01,4.083390000000000075e-01,-1.407779999999999865e-01,3.715799999999999659e-02,9.911799999999999777e-02,-2.600310000000000121e-01,-4.880729999999999791e-01,2.370510000000000117e-01,-9.005100000000000326e-01,1.104310000000000014e-01,2.220729999999999926e-01,-1.052389999999999992e-01
-7.517000000000000244e-03,-1.687400000000000011e-02,7.816610000000000502e-01,7.605730000000000546e-01,-3.021099999999999827e-02,-2.755000000000000070e-03,-6.485440000000000094e-01,-2.331120000000000136e-01,6.917000000000000405e-03,1.233500000000000048e-02,5.744789999999999619e-01,-2.526349999999999985e-01,3.931199999999999972e-02,-4.209749999999999881e-01,-1.932470000000000021e-01,-1.512560000000000016e-01,9.404759999999999787e-01,-3.150339999999999807e-01,2.619300000000000100e-02,-1.229700000000000064e-02,7.339299999999999990e-02,6.605900000000000660e-02,2.004399999999999932e-02,1.896889999999999965e-01,-2.730449999999999822e-01,4.270360000000000267e-01,-1.571849999999999914e-01,4.003799999999999720e-02,1.141220000000000012e-01,-2.855050000000000088e-01,-5.241620000000000168e-01,1.633930000000000105e-01,-8.860419999999999963e-01,1.179110000000000019e-01,2.288870000000000071e-01,-1.476409999999999945e-01
-7.707000000000000309e-03,-1.604099999999999970e-02,7.801420000000000021e-01,7.572489999999999499e-01,-2.982599999999999835e-02,-2.059000000000000066e-03,-6.524419999999999664e-01,-2.422229999999999939e-01,1.518399999999999958e-02,2.903499999999999831e-02,5.901210000000000067e-01,-2.615069999999999895e-01,3.996000000000000246e-02,-4.287900000000000045e-01,-2.094330000000000080e-01,-1.504820000000000046e-01,9.399469999999999770e-01,-3.149790000000000090e-01,3.585699999999999998e-02,-1.564000000000000112e-02,7.837399999999999922e-02,5.850999999999999951e-02,1.276300000000000004e-02,2.309779999999999889e-01,-2.587800000000000100e-01,4.506169999999999898e-01,-1.745339999999999947e-01,4.081400000000000305e-02,1.287669999999999926e-01,-3.140740000000000198e-01,-5.582070000000000087e-01,8.825700000000000212e-02,-8.693959999999999466e-01,1.252880000000000105e-01,2.299559999999999937e-01,-1.902729999999999977e-01
-7.884000000000000383e-03,-1.502599999999999943e-02,7.785119999999999818e-01,7.538989999999999858e-01,-2.973999999999999908e-02,-1.624000000000000010e-03,-6.563149999999999817e-01,-2.507499999999999729e-01,2.366300000000000001e-02,4.568599999999999745e-02,6.060689999999999689e-01,-2.703709999999999725e-01,4.076199999999999962e-02,-4.359930000000000194e-01,-2.255449999999999955e-01,-1.495920000000000027e-01,9.393860000000000543e-01,-3.147960000000000202e-01,4.547899999999999859e-02,-1.959999999999999937e-02,8.362600000000000589e-02,5.143400000000000055e-02,6.577000000000000381e-03,2.732809999999999961e-01,-2.440420000000000089e-01,4.734680000000000000e-01,-1.916569999999999940e-01,4.100700000000000178e-02,1.439519999999999966e-01,-3.432959999999999900e-01,-5.915580000000000283e-01,1.141900000000000033e-02,-8.547829999999999595e-01,1.325159999999999949e-01,2.292170000000000041e-01,-2.328600000000000114e-01
-8.755999999999999894e-03,-1.565599999999999978e-02,7.793700000000000072e-01,7.495540000000000536e-01,-2.891499999999999973e-02,1.299999999999999920e-05,-6.613109999999999822e-01,-2.470799999999999941e-01,3.086600000000000107e-02,5.344900000000000345e-02,5.969259999999999566e-01,-2.701520000000000032e-01,3.812100000000000211e-02,-4.287679999999999825e-01,-2.380960000000000021e-01,-1.492449999999999888e-01,9.122219999999999773e-01,-3.092400000000000149e-01,3.962999999999999856e-02,-2.312600000000000072e-02,9.355800000000000227e-02,3.759599999999999748e-02,2.000199999999999895e-02,3.251240000000000241e-01,-2.678820000000000090e-01,5.123450000000000504e-01,-1.984750000000000125e-01,4.951400000000000245e-02,1.437279999999999947e-01,-3.762619999999999854e-01,-6.281219999999999581e-01,-2.942200000000000024e-02,-8.445909999999999807e-01,1.507010000000000016e-01,2.184450000000000003e-01,-2.614159999999999817e-01
-9.551000000000000462e-03,-1.628699999999999939e-02,7.803550000000000209e-01,7.450689999999999813e-01,-2.869999999999999982e-02,1.523000000000000048e-03,-6.663679999999999604e-01,-2.413700000000000012e-01,3.888799999999999896e-02,6.120699999999999752e-02,5.861859999999999848e-01,-2.693249999999999811e-01,3.532400000000000123e-02,-4.193029999999999813e-01,-2.495090000000000086e-01,-1.495199999999999863e-01,8.829120000000000301e-01,-3.028870000000000173e-01,3.389199999999999852e-02,-2.675900000000000153e-02,1.047050000000000064e-01,2.373199999999999962e-02,3.530900000000000011e-02,3.761329999999999951e-01,-2.881460000000000132e-01,5.461650000000000116e-01,-2.039509999999999934e-01,5.669799999999999840e-02,1.428570000000000118e-01,-4.088539999999999952e-01,-6.645060000000000411e-01,-6.984799999999999343e-02,-8.353829999999999867e-01,1.680719999999999992e-01,2.061800000000000022e-01,-2.897859999999999880e-01
-1.032199999999999958e-02,-1.680699999999999902e-02,7.814140000000000530e-01,7.405310000000000503e-01,-2.868800000000000169e-02,2.912999999999999791e-03,-6.714029999999999720e-01,-2.353500000000000036e-01,4.703399999999999942e-02,6.900499999999999690e-02,5.756989999999999608e-01,-2.685500000000000109e-01,3.246899999999999786e-02,-4.094849999999999879e-01,-2.606580000000000008e-01,-1.498859999999999915e-01,8.536139999999999839e-01,-2.965050000000000185e-01,2.829100000000000018e-02,-3.049699999999999980e-02,1.161279999999999951e-01,1.015899999999999963e-02,5.155799999999999966e-02,4.261360000000000148e-01,-3.038739999999999775e-01,5.733279999999999488e-01,-2.076040000000000108e-01,6.296699999999999520e-02,1.413099999999999912e-01,-4.418540000000000245e-01,-7.008250000000000313e-01,-1.099949999999999956e-01,-8.269720000000000404e-01,1.848370000000000013e-01,1.932159999999999989e-01,-3.178969999999999851e-01
-1.263000000000000060e-02,-1.917200000000000154e-02,7.840829999999999744e-01,7.322880000000000500e-01,-2.676200000000000107e-02,5.100000000000000366e-03,-6.804499999999999993e-01,-2.187919999999999865e-01,5.984799999999999842e-02,9.002300000000000579e-02,5.453759999999999719e-01,-2.589170000000000083e-01,2.785400000000000029e-02,-4.008950000000000014e-01,-2.798200000000000132e-01,-1.659460000000000102e-01,8.058440000000000047e-01,-2.797189999999999954e-01,2.269699999999999843e-02,-2.942000000000000171e-02,1.162320000000000020e-01,-8.385000000000000092e-03,6.531199999999999506e-02,4.621999999999999997e-01,-2.944820000000000215e-01,6.734780000000000211e-01,-2.371949999999999892e-01,7.217700000000000504e-02,1.515640000000000043e-01,-4.717100000000000182e-01,-7.657570000000000210e-01,-1.234900000000000025e-01,-7.879070000000000240e-01,1.925570000000000059e-01,1.838809999999999889e-01,-3.409969999999999946e-01
-1.464900000000000056e-02,-2.125799999999999912e-02,7.866959999999999509e-01,7.239200000000000079e-01,-2.508300000000000113e-02,7.084000000000000019e-03,-6.893920000000000048e-01,-2.015039999999999887e-01,7.224999999999999478e-02,1.116869999999999946e-01,5.145459999999999479e-01,-2.490549999999999986e-01,2.277900000000000064e-02,-3.920069999999999943e-01,-2.987090000000000023e-01,-1.820700000000000096e-01,7.580080000000000151e-01,-2.624230000000000174e-01,1.779899999999999885e-02,-2.883799999999999905e-02,1.178400000000000003e-01,-2.618200000000000041e-02,7.558900000000000341e-02,4.955280000000000240e-01,-2.811279999999999890e-01,7.724269999999999747e-01,-2.649549999999999961e-01,7.722900000000000598e-02,1.591609999999999969e-01,-5.063269999999999715e-01,-8.329590000000000050e-01,-1.333850000000000036e-01,-7.459240000000000315e-01,2.008119999999999905e-01,1.732599999999999973e-01,-3.641929999999999890e-01
-1.660199999999999870e-02,-2.324700000000000030e-02,7.893869999999999498e-01,7.154319999999999569e-01,-2.355300000000000102e-02,8.998000000000000789e-03,-6.982279999999999598e-01,-1.842219999999999969e-01,8.441300000000000192e-02,1.335040000000000115e-01,4.844140000000000112e-01,-2.393659999999999954e-01,1.741300000000000139e-02,-3.831640000000000046e-01,-3.171720000000000095e-01,-1.983719999999999928e-01,7.107170000000000432e-01,-2.451770000000000060e-01,1.333400000000000037e-02,-2.824499999999999927e-02,1.198990000000000056e-01,-4.345099999999999657e-02,8.466300000000000214e-02,5.281099999999999683e-01,-2.638349999999999862e-01,8.656770000000000298e-01,-2.902839999999999865e-01,8.109800000000000342e-02,1.646589999999999998e-01,-5.436590000000000034e-01,-9.010909999999999753e-01,-1.410609999999999919e-01,-7.032199999999999562e-01,2.093730000000000036e-01,1.621239999999999903e-01,-3.869290000000000229e-01
-1.942699999999999982e-02,-2.659399999999999958e-02,7.921380000000000088e-01,7.090739999999999821e-01,-2.103100000000000108e-02,1.189100000000000053e-02,-7.047200000000000131e-01,-1.601619999999999988e-01,9.096300000000000219e-02,1.474159999999999915e-01,4.364290000000000114e-01,-2.250449999999999950e-01,1.295400000000000024e-02,-3.666739999999999999e-01,-3.179790000000000116e-01,-1.881019999999999914e-01,6.483550000000000146e-01,-2.189399999999999957e-01,2.772200000000000011e-02,-2.893700000000000092e-02,1.225450000000000012e-01,-6.286700000000000621e-02,1.005390000000000034e-01,5.534909999999999553e-01,-2.638639999999999874e-01,9.512279999999999625e-01,-3.106729999999999769e-01,8.797199999999999465e-02,1.596899999999999986e-01,-5.962800000000000322e-01,-9.721809999999999619e-01,-1.272320000000000118e-01,-6.207610000000000072e-01,2.232550000000000090e-01,1.546510000000000107e-01,-4.008369999999999989e-01
-2.205400000000000069e-02,-2.990699999999999956e-02,7.950739999999999474e-01,7.025550000000000406e-01,-1.886399999999999882e-02,1.461999999999999932e-02,-7.112290000000000001e-01,-1.348719999999999919e-01,9.733999999999999597e-02,1.617349999999999899e-01,3.877079999999999971e-01,-2.104820000000000024e-01,8.630000000000000518e-03,-3.487569999999999837e-01,-3.178420000000000134e-01,-1.774689999999999879e-01,5.841129999999999933e-01,-1.915530000000000010e-01,4.244499999999999662e-02,-3.012600000000000000e-02,1.263809999999999933e-01,-8.154300000000000437e-02,1.168539999999999995e-01,5.777240000000000153e-01,-2.603960000000000163e-01,1.030783000000000005e+00,-3.291229999999999989e-01,9.506299999999999473e-02,1.535410000000000108e-01,-6.581500000000000128e-01,-1.044817000000000107e+00,-1.043459999999999943e-01,-5.337009999999999810e-01,2.382730000000000126e-01,1.446079999999999866e-01,-4.121569999999999956e-01
-2.446100000000000010e-02,-3.330000000000000321e-02,7.981709999999999638e-01,6.959950000000000303e-01,-1.681900000000000062e-02,1.728599999999999928e-02,-7.176409999999999734e-01,-1.097780000000000006e-01,1.036299999999999999e-01,1.762289999999999968e-01,3.400170000000000137e-01,-1.965079999999999882e-01,3.818999999999999912e-03,-3.304969999999999852e-01,-3.171280000000000210e-01,-1.664690000000000059e-01,5.195189999999999531e-01,-1.638620000000000076e-01,5.732299999999999895e-02,-3.136499999999999705e-02,1.302500000000000047e-01,-9.950499999999999623e-02,1.325040000000000107e-01,6.020079999999999876e-01,-2.545229999999999992e-01,1.106139999999999901e+00,-3.457649999999999890e-01,1.020090000000000025e-01,1.461149999999999949e-01,-7.273589999999999778e-01,-1.117539000000000060e+00,-7.349200000000000177e-02,-4.460950000000000193e-01,2.536789999999999878e-01,1.337480000000000058e-01,-4.215200000000000058e-01
-2.867700000000000110e-02,-3.670899999999999858e-02,8.001329999999999831e-01,6.902059999999999862e-01,-1.385300000000000073e-02,2.058300000000000060e-02,-7.231870000000000243e-01,-8.050000000000000211e-02,1.080710000000000004e-01,1.898569999999999980e-01,2.787740000000000218e-01,-1.744290000000000007e-01,-1.840000000000000001e-04,-3.150060000000000082e-01,-3.063719999999999777e-01,-1.532820000000000016e-01,4.661080000000000223e-01,-1.437839999999999951e-01,8.737599999999999534e-02,-2.510000000000000078e-02,1.258640000000000037e-01,-1.148829999999999990e-01,1.420460000000000056e-01,6.237009999999999499e-01,-2.689529999999999976e-01,1.167052999999999896e+00,-3.443100000000000049e-01,1.156599999999999989e-01,1.300870000000000082e-01,-8.119969999999999688e-01,-1.195850000000000080e+00,-3.057800000000000101e-02,-2.876540000000000208e-01,2.891650000000000054e-01,1.286190000000000111e-01,-4.177930000000000255e-01
-3.272900000000000115e-02,-4.026400000000000118e-02,8.022550000000000514e-01,6.843479999999999563e-01,-1.055799999999999968e-02,2.336399999999999935e-02,-7.287050000000000471e-01,-5.145500000000000074e-02,1.108380000000000060e-01,2.043059999999999876e-01,2.185499999999999943e-01,-1.529020000000000101e-01,-4.209000000000000068e-03,-2.999649999999999817e-01,-2.964399999999999813e-01,-1.380210000000000048e-01,4.132009999999999850e-01,-1.241079999999999961e-01,1.174879999999999952e-01,-1.653800000000000062e-02,1.189970000000000055e-01,-1.295870000000000077e-01,1.486790000000000056e-01,6.462219999999999631e-01,-2.850779999999999981e-01,1.224186999999999914e+00,-3.412819999999999743e-01,1.310969999999999913e-01,1.141579999999999956e-01,-9.118330000000000046e-01,-1.276175999999999977e+00,2.833099999999999855e-02,-1.223449999999999954e-01,3.253039999999999821e-01,1.191600000000000020e-01,-4.048470000000000124e-01
-3.682400000000000256e-02,-4.383299999999999697e-02,8.044750000000000512e-01,6.784229999999999983e-01,-7.065000000000000099e-03,2.603099999999999858e-02,-7.341760000000000508e-01,-2.361900000000000110e-02,1.132530000000000064e-01,2.191750000000000087e-01,1.605179999999999940e-01,-1.324470000000000092e-01,-9.102000000000000715e-03,-2.846980000000000066e-01,-2.862179999999999724e-01,-1.216669999999999974e-01,3.591880000000000073e-01,-1.040250000000000064e-01,1.472680000000000100e-01,-7.891999999999999710e-03,1.093849999999999961e-01,-1.437549999999999939e-01,1.539200000000000013e-01,6.705579999999999874e-01,-3.009740000000000193e-01,1.279571000000000014e+00,-3.374639999999999862e-01,1.465589999999999948e-01,9.820199999999999763e-02,-1.024440000000000017e+00,-1.352184000000000053e+00,1.038160000000000055e-01,4.074799999999999950e-02,3.565699999999999981e-01,1.099969999999999976e-01,-3.851080000000000059e-01
-4.277700000000000252e-02,-4.634400000000000325e-02,8.064559999999999507e-01,6.694109999999999783e-01,-3.168999999999999942e-03,2.689899999999999930e-02,-7.423990000000000311e-01,-1.102200000000000055e-02,1.167129999999999973e-01,2.194200000000000039e-01,1.407569999999999932e-01,-1.095939999999999970e-01,-2.329399999999999873e-02,-2.767879999999999785e-01,-2.694199999999999928e-01,-1.087459999999999954e-01,3.343340000000000201e-01,-9.676700000000000579e-02,1.536679999999999990e-01,1.030999999999999972e-02,8.816799999999999637e-02,-1.470529999999999893e-01,1.615000000000000047e-01,6.997480000000000366e-01,-3.015950000000000020e-01,1.331339999999999968e+00,-3.338249999999999829e-01,1.593459999999999877e-01,8.901100000000000678e-02,-1.144050999999999929e+00,-1.420754999999999990e+00,2.069749999999999923e-01,2.020190000000000041e-01,3.592779999999999863e-01,1.055620000000000031e-01,-3.464079999999999937e-01
-4.934499999999999997e-02,-4.880700000000000316e-02,8.083069999999999977e-01,6.602940000000000476e-01,1.374000000000000004e-03,2.803500000000000089e-02,-7.504819999999999824e-01,-2.455999999999999850e-03,1.212950000000000000e-01,2.189770000000000050e-01,1.259139999999999981e-01,-8.864800000000000457e-02,-3.830499999999999877e-02,-2.731419999999999959e-01,-2.522659999999999902e-01,-9.508099999999999885e-02,3.146990000000000065e-01,-9.210100000000000231e-02,1.589029999999999887e-01,2.395500000000000060e-02,6.345699999999999952e-02,-1.517620000000000080e-01,1.732720000000000093e-01,7.321849999999999747e-01,-2.970110000000000250e-01,1.381578999999999890e+00,-3.298209999999999753e-01,1.721610000000000085e-01,8.008600000000000441e-02,-1.278405000000000014e+00,-1.473065000000000069e+00,3.297160000000000091e-01,3.564550000000000218e-01,3.495400000000000174e-01,1.016460000000000002e-01,-3.081769999999999787e-01
-5.632600000000000107e-02,-5.130599999999999744e-02,8.101460000000000328e-01,6.510280000000000511e-01,6.302999999999999575e-03,2.923200000000000104e-02,-7.584640000000000271e-01,4.616000000000000311e-03,1.262679999999999914e-01,2.182379999999999876e-01,1.121810000000000029e-01,-6.782100000000000628e-02,-5.373100000000000098e-02,-2.710949999999999749e-01,-2.347219999999999862e-01,-8.103899999999999992e-02,2.961920000000000108e-01,-8.782600000000000129e-02,1.633620000000000072e-01,3.053099999999999911e-02,3.694999999999999674e-02,-1.588559999999999972e-01,1.922089999999999910e-01,7.662219999999999587e-01,-2.852049999999999863e-01,1.431562000000000001e+00,-3.257129999999999748e-01,1.849439999999999973e-01,7.076399999999999357e-02,-1.429445999999999994e+00,-1.504890000000000061e+00,4.739309999999999912e-01,5.060620000000000118e-01,3.296490000000000253e-01,9.771399999999999531e-02,-2.752530000000000254e-01
-6.384599999999999997e-02,-5.222000000000000253e-02,8.109269999999999534e-01,6.434659999999999824e-01,1.265600000000000058e-02,2.843199999999999894e-02,-7.648420000000000218e-01,4.204000000000000271e-03,1.250680000000000125e-01,1.980040000000000133e-01,1.095349999999999935e-01,-5.228000000000000008e-02,-7.596300000000000274e-02,-2.718059999999999921e-01,-2.259180000000000077e-01,-7.358099999999999363e-02,2.753490000000000104e-01,-7.090000000000000469e-02,1.566859999999999919e-01,3.595000000000000279e-02,1.911300000000000152e-02,-1.668640000000000123e-01,2.066489999999999994e-01,7.835760000000000502e-01,-2.545009999999999772e-01,1.460491999999999901e+00,-3.293719999999999981e-01,1.910399999999999876e-01,6.819100000000000161e-02,-1.589188000000000045e+00,-1.511641999999999930e+00,6.494590000000000085e-01,6.301489999999999592e-01,2.935570000000000124e-01,1.022190000000000043e-01,-2.376429999999999931e-01
-7.088500000000000356e-02,-5.321900000000000241e-02,8.116830000000000434e-01,6.358559999999999768e-01,1.923800000000000163e-02,2.776400000000000048e-02,-7.710679999999999756e-01,2.733999999999999885e-03,1.232779999999999987e-01,1.774199999999999944e-01,1.080300000000000010e-01,-3.771100000000000146e-02,-9.767399999999999693e-02,-2.724260000000000015e-01,-2.177679999999999894e-01,-6.616199999999999859e-02,2.526579999999999937e-01,-5.264200000000000129e-02,1.504159999999999942e-01,3.361700000000000105e-02,9.228999999999999357e-03,-1.784820000000000018e-01,2.309630000000000016e-01,7.926520000000000232e-01,-2.161359999999999948e-01,1.488021000000000038e+00,-3.335659999999999736e-01,1.974009999999999931e-01,6.681399999999999839e-02,-1.773234999999999895e+00,-1.489092000000000082e+00,8.508510000000000240e-01,7.596960000000000379e-01,2.523039999999999727e-01,1.094669999999999949e-01,-2.076919999999999877e-01
-7.704400000000000137e-02,-5.448999999999999677e-02,8.123639999999999750e-01,6.282280000000000086e-01,2.608100000000000002e-02,2.701399999999999982e-02,-7.771230000000000082e-01,9.550000000000000112e-04,1.196360000000000062e-01,1.567880000000000107e-01,1.068459999999999965e-01,-2.398499999999999938e-02,-1.180260000000000059e-01,-2.726770000000000027e-01,-2.114729999999999943e-01,-5.838299999999999740e-02,2.281219999999999914e-01,-3.309299999999999742e-02,1.454540000000000000e-01,2.787900000000000100e-02,1.382899999999999928e-02,-1.921829999999999927e-01,2.610720000000000263e-01,7.872460000000000013e-01,-1.744080000000000075e-01,1.513843999999999967e+00,-3.372919999999999807e-01,2.038359999999999894e-01,6.519700000000000495e-02,-1.986056000000000044e+00,-1.430193999999999965e+00,1.082543000000000033e+00,9.066610000000000502e-01,2.126859999999999862e-01,1.178889999999999938e-01,-1.809250000000000025e-01
-8.121000000000000441e-02,-5.576699999999999713e-02,8.118250000000000188e-01,6.253149999999999542e-01,3.132000000000000062e-02,2.530100000000000057e-02,-7.793330000000000535e-01,-1.180000000000000059e-03,1.117630000000000012e-01,1.252560000000000062e-01,1.072509999999999991e-01,-1.735000000000000084e-02,-1.278350000000000042e-01,-2.779550000000000076e-01,-2.131750000000000034e-01,-5.297299999999999925e-02,2.241100000000000037e-01,-2.430900000000000075e-02,1.447640000000000038e-01,3.162100000000000327e-02,4.019500000000000156e-02,-1.993820000000000037e-01,2.694329999999999781e-01,7.651890000000000081e-01,-1.234190000000000009e-01,1.521149000000000084e+00,-3.480969999999999898e-01,2.025629999999999931e-01,7.344199999999999340e-02,-2.198364000000000207e+00,-1.351949999999999985e+00,1.316143999999999981e+00,9.923769999999999536e-01,1.829429999999999945e-01,1.180920000000000025e-01,-1.539089999999999903e-01
-8.680699999999999528e-02,-5.532900000000000318e-02,8.114529999999999799e-01,6.220609999999999751e-01,3.563399999999999901e-02,2.264499999999999846e-02,-7.818300000000000249e-01,-2.279000000000000210e-03,1.062619999999999953e-01,9.378899999999999737e-02,1.083829999999999932e-01,-9.209000000000000172e-03,-1.401290000000000036e-01,-2.847330000000000139e-01,-2.121139999999999970e-01,-4.692000000000000337e-02,2.242129999999999956e-01,-1.610100000000000073e-02,1.410389999999999977e-01,2.541799999999999962e-02,4.529099999999999793e-02,-1.927659999999999929e-01,2.755040000000000266e-01,7.587199999999999500e-01,-5.959699999999999720e-02,1.530659999999999910e+00,-3.620200000000000085e-01,2.011789999999999967e-01,8.507099999999999385e-02,-2.293320000000000025e+00,-1.296699000000000046e+00,1.399998999999999993e+00,1.050405999999999951e+00,1.344809999999999894e-01,1.179459999999999953e-01,-1.264429999999999998e-01
-9.427800000000000069e-02,-5.519400000000000001e-02,8.112139999999999906e-01,6.193710000000000049e-01,3.973399999999999849e-02,1.975800000000000126e-02,-7.838429999999999565e-01,-8.549999999999999658e-04,1.029019999999999935e-01,6.017299999999999732e-02,1.077189999999999953e-01,-8.610000000000000032e-04,-1.552699999999999914e-01,-2.902000000000000135e-01,-2.093000000000000138e-01,-4.334500000000000158e-02,2.266479999999999884e-01,-1.087800000000000052e-02,1.347309999999999897e-01,9.353999999999999468e-03,2.499399999999999886e-02,-1.969079999999999997e-01,3.001739999999999964e-01,7.787279999999999758e-01,1.661599999999999883e-02,1.539319000000000104e+00,-3.740009999999999724e-01,1.995979999999999976e-01,9.552499999999999880e-02,-2.291755999999999904e+00,-1.280162999999999940e+00,1.399999999999999911e+00,1.077207000000000026e+00,7.688200000000000589e-02,1.157379999999999937e-01,-1.162060000000000037e-01
-1.006549999999999945e-01,-5.519999999999999907e-02,8.099579999999999558e-01,6.186150000000000260e-01,4.296799999999999925e-02,1.616099999999999828e-02,-7.843520000000000492e-01,1.208000000000000089e-03,9.873200000000000032e-02,3.868100000000000011e-02,1.067379999999999995e-01,4.178000000000000290e-03,-1.641529999999999934e-01,-2.992029999999999967e-01,-2.110889999999999989e-01,-4.042699999999999766e-02,2.429510000000000003e-01,-2.195199999999999929e-02,1.265050000000000063e-01,1.673300000000000134e-02,2.646300000000000041e-02,-1.960210000000000008e-01,2.902310000000000167e-01,7.806260000000000421e-01,4.054399999999999671e-02,1.530331000000000108e+00,-3.816649999999999765e-01,1.938130000000000130e-01,1.068260000000000043e-01,-2.300663999999999820e+00,-1.279784000000000033e+00,1.399999999999999911e+00,1.013738000000000028e+00,8.593299999999999550e-02,1.072410000000000030e-01,-1.037259999999999988e-01
-1.070600000000000024e-01,-5.514199999999999657e-02,8.087619999999999809e-01,6.178329999999999655e-01,4.604099999999999859e-02,1.221099999999999963e-02,-7.848650000000000349e-01,3.952999999999999917e-03,9.438000000000000556e-02,1.730900000000000147e-02,1.059439999999999965e-01,9.090000000000000857e-03,-1.734130000000000116e-01,-3.088310000000000222e-01,-2.129870000000000096e-01,-3.702600000000000335e-02,2.616950000000000109e-01,-3.431900000000000228e-02,1.181949999999999945e-01,2.707400000000000084e-02,2.553000000000000061e-02,-1.945729999999999960e-01,2.751689999999999969e-01,7.847530000000000339e-01,5.957300000000000095e-02,1.523779999999999912e+00,-3.905699999999999728e-01,1.882850000000000079e-01,1.190149999999999958e-01,-2.307205000000000172e+00,-1.287047000000000052e+00,1.399999999999999911e+00,9.418710000000000138e-01,9.650699999999999557e-02,1.035610000000000003e-01,-9.385799999999999699e-02
-1.135929999999999995e-01,-5.510099999999999720e-02,8.075459999999999861e-01,6.170649999999999746e-01,4.915100000000000025e-02,8.051000000000000864e-03,-7.853339999999999765e-01,6.968000000000000235e-03,8.965900000000000258e-02,-4.076999999999999895e-03,1.051570000000000005e-01,1.392599999999999914e-02,-1.827350000000000085e-01,-3.187389999999999946e-01,-2.151980000000000004e-01,-3.339999999999999913e-02,2.812270000000000048e-01,-4.709599999999999898e-02,1.099190000000000028e-01,3.831199999999999883e-02,2.350800000000000112e-02,-1.931920000000000026e-01,2.587200000000000055e-01,7.898290000000000033e-01,7.708900000000000474e-02,1.518073999999999923e+00,-3.996000000000000107e-01,1.826730000000000020e-01,1.311209999999999876e-01,-2.312704000000000093e+00,-1.296199000000000101e+00,1.399999999999999911e+00,8.684250000000000025e-01,1.073540000000000050e-01,1.006599999999999995e-01,-8.513500000000000234e-02
-1.178560000000000024e-01,-5.427900000000000086e-02,8.055390000000000050e-01,6.206120000000000525e-01,4.951500000000000346e-02,4.244000000000000376e-03,-7.825419999999999598e-01,1.351199999999999971e-02,1.012450000000000017e-01,-2.063999999999999863e-02,1.051320000000000032e-01,-7.851000000000000340e-03,-1.923769999999999925e-01,-3.388160000000000061e-01,-2.209369999999999945e-01,-3.240300000000000125e-02,3.345949999999999758e-01,-6.931600000000000261e-02,1.088059999999999999e-01,3.785399999999999876e-02,1.720700000000000007e-02,-1.862040000000000084e-01,2.285550000000000082e-01,7.882810000000000095e-01,5.828099999999999947e-02,1.513036999999999965e+00,-3.965009999999999923e-01,1.782720000000000138e-01,1.328930000000000111e-01,-2.288434000000000079e+00,-1.292411999999999894e+00,1.399999999999999911e+00,7.516040000000000498e-01,1.112439999999999957e-01,9.861200000000000521e-02,-2.404900000000000093e-02
-1.224869999999999987e-01,-5.349099999999999688e-02,8.033350000000000213e-01,6.243739999999999846e-01,5.029600000000000043e-02,-2.020000000000000040e-04,-7.795050000000000034e-01,1.983499999999999847e-02,1.115239999999999981e-01,-3.773300000000000265e-02,1.057769999999999960e-01,-2.975600000000000120e-02,-2.026159999999999906e-01,-3.613979999999999970e-01,-2.283989999999999909e-01,-3.032800000000000079e-02,3.938769999999999771e-01,-9.493000000000000049e-02,1.075149999999999995e-01,3.778299999999999714e-02,7.213999999999999926e-03,-1.800640000000000018e-01,1.961950000000000083e-01,7.893040000000000056e-01,3.663000000000000284e-02,1.510450999999999988e+00,-3.937370000000000037e-01,1.738939999999999930e-01,1.336710000000000120e-01,-2.261092000000000102e+00,-1.293617000000000017e+00,1.399999999999999911e+00,6.300099999999999589e-01,1.161750000000000005e-01,9.911599999999999577e-02,3.672799999999999676e-02
-1.273459999999999870e-01,-5.278100000000000153e-02,8.009349999999999525e-01,6.281579999999999941e-01,5.137900000000000106e-02,-4.884999999999999586e-03,-7.763719999999999510e-01,2.591999999999999860e-02,1.212460000000000065e-01,-5.491900000000000254e-02,1.064790000000000042e-01,-5.170799999999999702e-02,-2.128760000000000097e-01,-3.844670000000000032e-01,-2.365269999999999873e-01,-2.751999999999999932e-02,4.536999999999999922e-01,-1.209279999999999938e-01,1.059829999999999939e-01,3.712100000000000122e-02,-4.865000000000000401e-03,-1.743959999999999955e-01,1.638439999999999896e-01,7.914060000000000539e-01,1.503999999999999955e-02,1.508683999999999914e+00,-3.910580000000000167e-01,1.693910000000000138e-01,1.340079999999999882e-01,-2.231827000000000005e+00,-1.296856000000000009e+00,1.399977999999999945e+00,5.067199999999999482e-01,1.227099999999999996e-01,9.999600000000000155e-02,9.576800000000000590e-02
-1.303360000000000074e-01,-5.043199999999999766e-02,7.973320000000000407e-01,6.326079999999999481e-01,5.198400000000000243e-02,-1.043000000000000003e-02,-7.726549999999999807e-01,3.129699999999999843e-02,1.298799999999999955e-01,-6.932699999999999974e-02,1.107179999999999970e-01,-7.814999999999999725e-02,-2.151909999999999934e-01,-4.083890000000000020e-01,-2.491790000000000116e-01,-2.549200000000000077e-02,5.136659999999999560e-01,-1.461909999999999876e-01,1.073209999999999997e-01,3.973800000000000249e-02,-1.681699999999999862e-02,-1.663669999999999871e-01,1.268749999999999878e-01,7.898979999999999890e-01,-1.077000000000000006e-02,1.486496000000000040e+00,-3.859589999999999965e-01,1.620320000000000094e-01,1.376630000000000076e-01,-2.185887999999999831e+00,-1.291557000000000066e+00,1.399882999999999988e+00,3.153210000000000179e-01,1.368310000000000082e-01,9.388100000000000611e-02,1.358840000000000048e-01
-1.336479999999999890e-01,-4.816000000000000142e-02,7.936809999999999699e-01,6.370740000000000292e-01,5.277899999999999953e-02,-1.609400000000000067e-02,-7.688249999999999806e-01,3.669399999999999745e-02,1.383189999999999975e-01,-8.388099999999999723e-02,1.150749999999999967e-01,-1.046870000000000023e-01,-2.171859999999999902e-01,-4.320609999999999729e-01,-2.619110000000000049e-01,-2.298599999999999949e-02,5.732239999999999558e-01,-1.714620000000000033e-01,1.083699999999999941e-01,4.127999999999999725e-02,-3.197200000000000042e-02,-1.589949999999999974e-01,9.218300000000000105e-02,7.906029999999999447e-01,-3.542700000000000016e-02,1.463186000000000098e+00,-3.809259999999999868e-01,1.551230000000000109e-01,1.416800000000000004e-01,-2.136766000000000165e+00,-1.292820999999999998e+00,1.399678999999999895e+00,1.142910000000000037e-01,1.530009999999999981e-01,9.168199999999999961e-02,1.690119999999999956e-01
-1.372859999999999914e-01,-4.592600000000000154e-02,7.898960000000000425e-01,6.415149999999999464e-01,5.370099999999999874e-02,-2.164400000000000004e-02,-7.649219999999999908e-01,4.194599999999999718e-02,1.471790000000000043e-01,-9.854899999999999771e-02,1.193940000000000001e-01,-1.313169999999999893e-01,-2.193620000000000014e-01,-4.555540000000000145e-01,-2.741370000000000196e-01,-2.027899999999999842e-02,6.319679999999999742e-01,-1.965050000000000130e-01,1.088879999999999987e-01,4.114400000000000002e-02,-4.913599999999999912e-02,-1.521629999999999927e-01,5.939699999999999841e-02,7.929659999999999487e-01,-5.837400000000000228e-02,1.439084000000000030e+00,-3.758889999999999731e-01,1.490100000000000036e-01,1.458510000000000084e-01,-2.087534999999999918e+00,-1.296076000000000006e+00,1.399254999999999916e+00,-9.092400000000000482e-02,1.696699999999999875e-01,9.086900000000000532e-02,1.983409999999999895e-01
-1.408260000000000067e-01,-4.482799999999999979e-02,7.861019999999999675e-01,6.468099999999999961e-01,5.538699999999999873e-02,-2.689799999999999830e-02,-7.601620000000000044e-01,2.132699999999999874e-02,1.448599999999999888e-01,-1.033870000000000067e-01,1.640550000000000064e-01,-1.501989999999999992e-01,-2.309120000000000061e-01,-4.731360000000000010e-01,-2.878020000000000023e-01,-1.654200000000000115e-02,6.800840000000000218e-01,-2.215999999999999914e-01,1.094379999999999936e-01,4.708199999999999885e-02,-6.977099999999999969e-02,-1.426240000000000008e-01,1.951699999999999963e-02,7.929169999999999829e-01,-9.663900000000000268e-02,1.353094000000000019e+00,-3.508990000000000165e-01,1.390170000000000017e-01,1.482420000000000126e-01,-2.051584000000000074e+00,-1.314130999999999938e+00,1.398428000000000004e+00,-2.064050000000000051e-01,1.795589999999999964e-01,1.016029999999999989e-01,2.167650000000000132e-01
-1.444860000000000033e-01,-4.367299999999999655e-02,7.825269999999999726e-01,6.517840000000000300e-01,5.746600000000000319e-02,-3.157200000000000284e-02,-7.555650000000000421e-01,-2.363000000000000083e-03,1.428220000000000045e-01,-1.070939999999999948e-01,2.125209999999999877e-01,-1.709980000000000111e-01,-2.427680000000000116e-01,-4.908489999999999798e-01,-3.000479999999999814e-01,-1.259700000000000056e-02,7.248670000000000391e-01,-2.446780000000000066e-01,1.093179999999999985e-01,5.297799999999999732e-02,-8.924300000000000288e-02,-1.342099999999999960e-01,-1.631799999999999917e-02,7.928520000000000012e-01,-1.338620000000000088e-01,1.262224000000000013e+00,-3.252749999999999808e-01,1.339140000000000053e-01,1.515180000000000138e-01,-2.016284000000000187e+00,-1.326359999999999983e+00,1.396876000000000007e+00,-3.134219999999999784e-01,1.877810000000000035e-01,1.062799999999999995e-01,2.365259999999999863e-01
-1.483210000000000084e-01,-4.245499999999999968e-02,7.792649999999999855e-01,6.566509999999999847e-01,5.966400000000000176e-02,-3.601499999999999840e-02,-7.509679999999999689e-01,-2.759700000000000000e-02,1.409289999999999987e-01,-1.100880000000000053e-01,2.635080000000000200e-01,-1.931970000000000076e-01,-2.549230000000000107e-01,-5.081729999999999858e-01,-3.114569999999999839e-01,-8.729000000000000647e-03,7.680069999999999952e-01,-2.669980000000000131e-01,1.087339999999999973e-01,5.823899999999999910e-02,-1.083059999999999995e-01,-1.261440000000000061e-01,-4.952199999999999658e-02,7.941399999999999570e-01,-1.703600000000000114e-01,1.171851999999999894e+00,-2.991889999999999827e-01,1.291589999999999960e-01,1.523970000000000047e-01,-1.979883000000000060e+00,-1.335903000000000063e+00,1.394069000000000003e+00,-4.182790000000000119e-01,1.950749999999999984e-01,1.090359999999999940e-01,2.551399999999999779e-01
-1.512280000000000013e-01,-4.019999999999999962e-02,7.754400000000000182e-01,6.657250000000000112e-01,5.963999999999999857e-02,-3.919099999999999667e-02,-7.427770000000000206e-01,-5.124200000000000282e-02,1.403089999999999893e-01,-1.051180000000000031e-01,2.989109999999999823e-01,-2.058119999999999949e-01,-2.591879999999999740e-01,-5.173830000000000373e-01,-3.245979999999999976e-01,-1.220000000000000077e-02,8.046710000000000251e-01,-2.866839999999999944e-01,1.098839999999999956e-01,6.314699999999999480e-02,-1.237319999999999948e-01,-1.170960000000000056e-01,-9.028899999999999426e-02,8.011700000000000488e-01,-2.270099999999999896e-01,1.061976999999999949e+00,-2.675899999999999945e-01,1.230709999999999998e-01,1.522600000000000064e-01,-1.948206000000000104e+00,-1.316594999999999960e+00,1.389164000000000065e+00,-4.396849999999999925e-01,1.999630000000000019e-01,1.185890000000000000e-01,2.682229999999999892e-01
-1.535849999999999993e-01,-3.792199999999999738e-02,7.718140000000000001e-01,6.747349999999999737e-01,5.947800000000000309e-02,-4.304100000000000287e-02,-7.344000000000000528e-01,-7.386900000000000410e-02,1.377009999999999901e-01,-9.954399999999999360e-02,3.349639999999999840e-01,-2.187159999999999938e-01,-2.617570000000000174e-01,-5.248300000000000187e-01,-3.392700000000000160e-01,-1.472099999999999971e-02,8.398060000000000525e-01,-3.054930000000000145e-01,1.115580000000000044e-01,6.693699999999999650e-02,-1.385800000000000087e-01,-1.074829999999999952e-01,-1.289319999999999911e-01,8.078089999999999993e-01,-2.832950000000000190e-01,9.534540000000000237e-01,-2.362879999999999980e-01,1.182529999999999970e-01,1.494600000000000095e-01,-1.913122999999999907e+00,-1.289625000000000021e+00,1.380951000000000040e+00,-4.527010000000000201e-01,2.035230000000000095e-01,1.236860000000000043e-01,2.832689999999999930e-01
-1.550719999999999876e-01,-3.572999999999999787e-02,7.683889999999999887e-01,6.838769999999999571e-01,5.994800000000000129e-02,-4.780199999999999727e-02,-7.255570000000000075e-01,-9.657499999999999418e-02,1.308630000000000071e-01,-9.325899999999999468e-02,3.718859999999999943e-01,-2.318250000000000033e-01,-2.617740000000000067e-01,-5.318739999999999579e-01,-3.575470000000000037e-01,-1.504899999999999988e-02,8.737179999999999946e-01,-3.233750000000000235e-01,1.151829999999999937e-01,6.935499999999999998e-02,-1.545940000000000092e-01,-9.772100000000000231e-02,-1.647190000000000043e-01,8.133559999999999679e-01,-3.376770000000000049e-01,8.472199999999999731e-01,-2.047339999999999993e-01,1.126069999999999988e-01,1.432279999999999942e-01,-1.871709000000000067e+00,-1.258334000000000064e+00,1.367726999999999915e+00,-4.629119999999999902e-01,2.056900000000000117e-01,1.270959999999999868e-01,2.981039999999999801e-01
-1.570580000000000032e-01,-3.428300000000000097e-02,7.647770000000000401e-01,6.937849999999999850e-01,5.893500000000000127e-02,-4.856400000000000300e-02,-7.161220000000000363e-01,-1.135599999999999943e-01,1.334720000000000073e-01,-8.782900000000000429e-02,3.859529999999999905e-01,-2.335309999999999886e-01,-2.617780000000000107e-01,-5.340749999999999664e-01,-3.694259999999999766e-01,-2.430699999999999875e-02,9.006129999999999969e-01,-3.419780000000000042e-01,1.179380000000000012e-01,7.971899999999999820e-02,-1.672379999999999978e-01,-9.049999999999999711e-02,-1.990280000000000105e-01,8.132190000000000252e-01,-3.653680000000000261e-01,7.540019999999999500e-01,-1.911480000000000123e-01,1.086290000000000033e-01,1.383119999999999905e-01,-1.826964999999999950e+00,-1.214267999999999903e+00,1.347312999999999983e+00,-4.650340000000000029e-01,2.057219999999999882e-01,1.299079999999999957e-01,3.103850000000000220e-01
-1.589849999999999874e-01,-3.283400000000000207e-02,7.611660000000000093e-01,7.035169999999999479e-01,5.758900000000000130e-02,-4.938599999999999934e-02,-7.066179999999999684e-01,-1.297399999999999942e-01,1.367059999999999942e-01,-8.233000000000000040e-02,3.996359999999999912e-01,-2.350180000000000047e-01,-2.617829999999999879e-01,-5.350500000000000256e-01,-3.808070000000000066e-01,-3.395999999999999713e-02,9.264769999999999950e-01,-3.599189999999999889e-01,1.199989999999999946e-01,8.912299999999999389e-02,-1.792370000000000074e-01,-8.270500000000000074e-02,-2.265759999999999996e-01,8.093550000000000466e-01,-3.867499999999999827e-01,6.628739999999999633e-01,-1.768740000000000034e-01,1.032980000000000009e-01,1.314950000000000008e-01,-1.771177000000000001e+00,-1.162357000000000085e+00,1.317082000000000086e+00,-4.625549999999999939e-01,2.045329999999999926e-01,1.313489999999999935e-01,3.209679999999999755e-01
-1.609929999999999972e-01,-3.140899999999999942e-02,7.576389999999999514e-01,7.131260000000000376e-01,5.626099999999999851e-02,-5.029999999999999749e-02,-6.969619999999999704e-01,-1.458990000000000009e-01,1.399900000000000033e-01,-7.681799999999999740e-02,4.134639999999999982e-01,-2.365450000000000053e-01,-2.617880000000000207e-01,-5.358690000000000397e-01,-3.922579999999999956e-01,-4.356600000000000056e-02,9.522939999999999738e-01,-3.778259999999999952e-01,1.219350000000000017e-01,9.820700000000000263e-02,-1.916309999999999958e-01,-7.478600000000000525e-02,-2.462580000000000047e-01,8.008370000000000211e-01,-4.012169999999999903e-01,5.741239999999999677e-01,-1.616090000000000027e-01,9.670099999999999529e-02,1.225580000000000003e-01,-1.700341000000000102e+00,-1.102468999999999921e+00,1.274151000000000034e+00,-4.551649999999999863e-01,2.019849999999999979e-01,1.312319999999999875e-01,3.288630000000000164e-01
-1.610350000000000115e-01,-3.011899999999999994e-02,7.558169999999999611e-01,7.216669999999999474e-01,5.526299999999999962e-02,-4.824099999999999916e-02,-6.883430000000000382e-01,-1.600759999999999961e-01,1.449799999999999978e-01,-6.769999999999999629e-02,4.132190000000000030e-01,-2.281509999999999927e-01,-2.617880000000000207e-01,-5.325170000000000181e-01,-4.023530000000000162e-01,-5.946499999999999703e-02,9.606679999999999664e-01,-3.874400000000000066e-01,1.232700000000000046e-01,1.083279999999999937e-01,-1.948060000000000069e-01,-6.883200000000000429e-02,-2.650890000000000191e-01,7.648289999999999811e-01,-4.043660000000000032e-01,5.106289999999999996e-01,-1.509500000000000008e-01,9.314400000000000457e-02,1.181119999999999948e-01,-1.619825000000000070e+00,-1.035522000000000054e+00,1.215729999999999977e+00,-4.511410000000000142e-01,1.879170000000000007e-01,1.262310000000000099e-01,3.177909999999999902e-01
-1.611460000000000115e-01,-2.882900000000000046e-02,7.540350000000000108e-01,7.299710000000000365e-01,5.389599999999999946e-02,-4.612800000000000233e-02,-6.797870000000000301e-01,-1.736749999999999960e-01,1.507380000000000109e-01,-5.855300000000000088e-02,4.126000000000000223e-01,-2.198559999999999959e-01,-2.617880000000000207e-01,-5.280610000000000026e-01,-4.117129999999999956e-01,-7.587499999999999800e-02,9.676869999999999639e-01,-3.963180000000000036e-01,1.254709999999999992e-01,1.195719999999999977e-01,-1.974080000000000001e-01,-6.245599999999999763e-02,-2.724980000000000180e-01,7.193190000000000417e-01,-3.967189999999999883e-01,4.528519999999999768e-01,-1.386999999999999900e-01,8.690199999999999314e-02,1.118849999999999983e-01,-1.517814999999999914e+00,-9.593770000000000353e-01,1.139588999999999963e+00,-4.413070000000000048e-01,1.719960000000000100e-01,1.193550000000000028e-01,3.023460000000000036e-01
-1.611120000000000052e-01,-2.766599999999999962e-02,7.523469999999999880e-01,7.381100000000000438e-01,5.242100000000000232e-02,-4.408499999999999919e-02,-6.711939999999999573e-01,-1.871919999999999973e-01,1.567419999999999924e-01,-4.932999999999999885e-02,4.121909999999999741e-01,-2.116409999999999958e-01,-2.617880000000000207e-01,-5.233160000000000034e-01,-4.209140000000000104e-01,-9.224400000000000654e-02,9.745599999999999818e-01,-4.050790000000000224e-01,1.276990000000000069e-01,1.312250000000000083e-01,-2.000049999999999883e-01,-5.588800000000000018e-02,-2.656299999999999772e-01,6.648549999999999738e-01,-3.758500000000000174e-01,3.995799999999999907e-01,-1.248729999999999979e-01,7.851299999999999946e-02,1.037730000000000041e-01,-1.393289000000000000e+00,-8.730869999999999465e-01,1.044635999999999898e+00,-4.248529999999999807e-01,1.545459999999999889e-01,1.100519999999999970e-01,2.821989999999999776e-01
-1.618410000000000126e-01,-2.683100000000000068e-02,7.528359999999999497e-01,7.450919999999999765e-01,4.963700000000000057e-02,-3.945800000000000002e-02,-6.639410000000000034e-01,-1.952190000000000036e-01,1.690609999999999891e-01,-4.111700000000000077e-02,3.995929999999999760e-01,-1.951789999999999914e-01,-2.612349999999999950e-01,-5.098519999999999719e-01,-4.179479999999999862e-01,-1.120290000000000036e-01,9.639269999999999783e-01,-4.069180000000000019e-01,1.275620000000000087e-01,1.528650000000000009e-01,-1.947800000000000087e-01,-5.536699999999999955e-02,-2.557400000000000229e-01,5.927879999999999816e-01,-3.284159999999999857e-01,3.564769999999999883e-01,-1.123630000000000045e-01,6.794999999999999651e-02,9.964199999999999446e-02,-1.244510000000000005e+00,-7.716720000000000246e-01,9.314529999999999754e-01,-3.795549999999999757e-01,1.387160000000000060e-01,9.859999999999999321e-02,2.485829999999999984e-01
-1.605719999999999925e-01,-2.576600000000000071e-02,7.539109999999999978e-01,7.521229999999999860e-01,4.717199999999999865e-02,-3.584999999999999992e-02,-6.563539999999999930e-01,-2.022239999999999871e-01,1.756459999999999966e-01,-3.103799999999999962e-02,3.868500000000000272e-01,-1.784850000000000048e-01,-2.559130000000000016e-01,-4.945970000000000089e-01,-4.192710000000000048e-01,-1.289740000000000053e-01,9.490960000000000507e-01,-4.054079999999999906e-01,1.309150000000000036e-01,1.736840000000000050e-01,-1.892820000000000058e-01,-5.465400000000000119e-02,-2.294940000000000035e-01,5.112400000000000277e-01,-2.652289999999999925e-01,3.190359999999999863e-01,-9.803299999999999514e-02,5.516000000000000070e-02,9.493400000000000449e-02,-1.075536999999999965e+00,-6.620589999999999531e-01,8.026839999999999531e-01,-3.287370000000000014e-01,1.204830000000000068e-01,8.385099999999999498e-02,2.124089999999999867e-01
-1.592949999999999922e-01,-2.484000000000000097e-02,7.549069999999999947e-01,7.590810000000000057e-01,4.460200000000000276e-02,-3.246799999999999686e-02,-6.486539999999999528e-01,-2.089679999999999871e-01,1.820569999999999966e-01,-2.083899999999999988e-02,3.740049999999999764e-01,-1.617500000000000049e-01,-2.505760000000000209e-01,-4.790800000000000058e-01,-4.206940000000000124e-01,-1.458230000000000082e-01,9.343050000000000521e-01,-4.038910000000000000e-01,1.343840000000000034e-01,1.941219999999999890e-01,-1.842030000000000056e-01,-5.387200000000000322e-02,-1.899929999999999952e-01,4.264649999999999830e-01,-1.887929999999999886e-01,2.855309999999999793e-01,-8.258799999999999475e-02,4.073100000000000331e-02,8.955899999999999972e-02,-8.930660000000000265e-01,-5.479979999999999851e-01,6.631139999999999812e-01,-2.747080000000000077e-01,1.010309999999999958e-01,6.721299999999999497e-02,1.731590000000000074e-01
-1.569220000000000059e-01,-2.447500000000000023e-02,7.579919999999999991e-01,7.651210000000000511e-01,4.125999999999999807e-02,-2.637799999999999867e-02,-6.420219999999999816e-01,-2.132969999999999866e-01,1.936350000000000016e-01,-1.617800000000000141e-02,3.627299999999999969e-01,-1.483410000000000006e-01,-2.509100000000000219e-01,-4.569849999999999746e-01,-4.140059999999999851e-01,-1.662730000000000041e-01,9.026119999999999699e-01,-3.895069999999999921e-01,1.390669999999999962e-01,2.086530000000000051e-01,-1.840459999999999874e-01,-5.316599999999999798e-02,-1.297750000000000015e-01,3.371859999999999857e-01,-1.284990000000000021e-01,2.190610000000000057e-01,-6.421399999999999331e-02,2.688400000000000165e-02,7.272000000000000686e-02,-6.972490000000000077e-01,-4.416459999999999830e-01,5.193649999999999656e-01,-2.229490000000000083e-01,8.067199999999999371e-02,4.892300000000000121e-02,1.324450000000000072e-01
-1.546399999999999997e-01,-2.426199999999999884e-02,7.611350000000000060e-01,7.709650000000000114e-01,3.742800000000000293e-02,-2.008700000000000069e-02,-6.354589999999999961e-01,-2.175259999999999971e-01,2.064239999999999964e-01,-1.163999999999999931e-02,3.517000000000000126e-01,-1.352430000000000021e-01,-2.515100000000000113e-01,-4.341229999999999811e-01,-4.053689999999999793e-01,-1.867250000000000021e-01,8.696420000000000261e-01,-3.750459999999999905e-01,1.428149999999999975e-01,2.236219999999999875e-01,-1.835459999999999869e-01,-5.338500000000000190e-02,-6.448600000000000165e-02,2.525919999999999832e-01,-6.321699999999999542e-02,1.525179999999999869e-01,-4.652900000000000091e-02,1.423199999999999986e-02,5.724300000000000221e-02,-5.048350000000000337e-01,-3.412379999999999858e-01,3.792119999999999935e-01,-1.748979999999999979e-01,6.043400000000000161e-02,3.053799999999999917e-02,9.202799999999999869e-02
-1.523170000000000079e-01,-2.418400000000000064e-02,7.643489999999999451e-01,7.766990000000000283e-01,3.327800000000000202e-02,-1.384699999999999993e-02,-6.288390000000000368e-01,-2.218209999999999904e-01,2.196780000000000121e-01,-7.341000000000000303e-03,3.410349999999999770e-01,-1.223240000000000022e-01,-2.522719999999999962e-01,-4.110480000000000245e-01,-3.960040000000000227e-01,-2.071900000000000130e-01,8.363770000000000371e-01,-3.604760000000000186e-01,1.465579999999999938e-01,2.381919999999999871e-01,-1.830730000000000135e-01,-5.380700000000000066e-02,-1.990000000000000124e-04,1.764999999999999902e-01,3.344999999999999883e-03,8.618900000000000172e-02,-3.006800000000000098e-02,2.024999999999999890e-03,4.351399999999999713e-02,-3.267729999999999801e-01,-2.510049999999999781e-01,2.505669999999999842e-01,-1.333600000000000063e-01,4.153899999999999954e-02,1.296600000000000009e-02,5.403600000000000070e-02
-1.490380000000000038e-01,-2.378999999999999865e-02,7.686039999999999539e-01,7.819209999999999772e-01,2.823399999999999868e-02,-4.415999999999999787e-03,-6.227219999999999978e-01,-2.250020000000000076e-01,2.364930000000000088e-01,1.755999999999999965e-03,3.235040000000000138e-01,-1.123360000000000053e-01,-2.463029999999999942e-01,-3.788199999999999901e-01,-3.753299999999999970e-01,-2.313719999999999943e-01,7.769479999999999720e-01,-3.386979999999999991e-01,1.491719999999999990e-01,2.535499999999999976e-01,-1.712100000000000011e-01,-5.560799999999999771e-02,7.221199999999999841e-02,1.112309999999999965e-01,7.160600000000000298e-02,6.397700000000000609e-02,-1.588200000000000028e-02,-7.241000000000000041e-03,3.387099999999999833e-02,-1.633090000000000097e-01,-1.661980000000000124e-01,1.341799999999999937e-01,-8.541600000000000581e-02,2.801700000000000024e-02,-1.722000000000000006e-03,1.321199999999999979e-02
-1.464969999999999883e-01,-2.375400000000000081e-02,7.730019999999999669e-01,7.868119999999999559e-01,2.181900000000000159e-02,5.298999999999999891e-03,-6.167839999999999989e-01,-2.270949999999999913e-01,2.571539999999999937e-01,1.009299999999999954e-02,3.056820000000000093e-01,-1.024250000000000022e-01,-2.420160000000000089e-01,-3.444349999999999912e-01,-3.501889999999999725e-01,-2.567280000000000117e-01,7.150940000000000074e-01,-3.164509999999999823e-01,1.509520000000000028e-01,2.650089999999999946e-01,-1.661719999999999864e-01,-5.782199999999999840e-02,1.324470000000000092e-01,6.514300000000000646e-02,1.284609999999999919e-01,4.137300000000000005e-02,-2.462000000000000213e-03,-1.578399999999999942e-02,2.630400000000000099e-02,-1.873400000000000065e-02,-9.631199999999999484e-02,1.528000000000000018e-02,-4.993000000000000216e-02,1.646399999999999947e-02,-1.372999999999999915e-02,-1.282999999999999939e-02
-1.438889999999999891e-01,-2.397799999999999931e-02,7.773679999999999479e-01,7.916560000000000263e-01,1.501500000000000057e-02,1.490000000000000005e-02,-6.106009999999999494e-01,-2.292299999999999893e-01,2.782040000000000068e-01,1.790599999999999831e-02,2.881009999999999960e-01,-9.271699999999999386e-02,-2.380909999999999971e-01,-3.095919999999999783e-01,-3.240169999999999995e-01,-2.816679999999999739e-01,6.520479999999999610e-01,-2.939640000000000031e-01,1.528869999999999951e-01,2.757939999999999836e-01,-1.626009999999999955e-01,-6.087700000000000056e-02,1.792140000000000122e-01,3.415200000000000180e-02,1.737339999999999995e-01,1.498799999999999959e-02,8.474999999999999895e-03,-2.250900000000000123e-02,2.205000000000000016e-02,9.310400000000000620e-02,-4.423499999999999654e-02,-7.815900000000000625e-02,-2.798499999999999946e-02,7.037999999999999985e-03,-2.310100000000000001e-02,-3.134200000000000180e-02
-1.385119999999999962e-01,-2.449199999999999988e-02,7.814109999999999667e-01,7.967429999999999790e-01,7.872999999999999790e-03,2.619099999999999900e-02,-6.036989999999999856e-01,-2.323199999999999987e-01,2.954970000000000097e-01,1.946399999999999866e-02,2.650680000000000258e-01,-7.796100000000000252e-02,-2.328520000000000034e-01,-2.629980000000000095e-01,-2.914089999999999736e-01,-3.056139999999999968e-01,5.609589999999999854e-01,-2.556880000000000264e-01,1.583160000000000123e-01,2.816069999999999962e-01,-1.550910000000000066e-01,-6.572300000000000364e-02,2.146830000000000127e-01,8.423999999999999197e-03,2.034910000000000052e-01,3.419099999999999917e-02,1.575400000000000064e-02,-2.542499999999999968e-02,1.262100000000000027e-02,1.800829999999999931e-01,-1.136900000000000063e-02,-1.566980000000000040e-01,-1.688500000000000070e-02,5.056999999999999863e-03,-2.963000000000000009e-02,-4.893100000000000227e-02
-1.331199999999999883e-01,-2.526700000000000126e-02,7.854459999999999775e-01,8.017889999999999739e-01,1.110000000000000011e-04,3.718300000000000077e-02,-5.964500000000000357e-01,-2.352229999999999877e-01,3.131959999999999744e-01,2.034000000000000044e-02,2.423289999999999889e-01,-6.331599999999999728e-02,-2.278900000000000092e-01,-2.141349999999999920e-01,-2.567929999999999935e-01,-3.287749999999999839e-01,4.653129999999999766e-01,-2.154320000000000124e-01,1.641019999999999979e-01,2.877489999999999770e-01,-1.477300000000000002e-01,-7.073899999999999633e-02,2.346999999999999920e-01,-7.395999999999999797e-03,2.206829999999999903e-01,5.126900000000000207e-02,2.175600000000000103e-02,-2.860800000000000148e-02,5.199999999999999761e-03,2.356890000000000096e-01,6.643999999999999732e-03,-2.101139999999999952e-01,-1.898400000000000087e-02,5.637999999999999783e-03,-3.352900000000000325e-02,-6.033700000000000174e-02
-1.278499999999999914e-01,-2.636600000000000055e-02,7.893090000000000384e-01,8.068859999999999921e-01,-7.586999999999999994e-03,4.753799999999999693e-02,-5.887430000000000163e-01,-2.384940000000000115e-01,3.297039999999999971e-01,2.080200000000000105e-02,2.202749999999999986e-01,-4.887899999999999884e-02,-2.230520000000000003e-01,-1.647119999999999973e-01,-2.221460000000000101e-01,-3.503359999999999808e-01,3.678250000000000131e-01,-1.743979999999999975e-01,1.703679999999999917e-01,2.934329999999999994e-01,-1.417960000000000054e-01,-7.514200000000000046e-02,2.403710000000000013e-01,-1.420199999999999935e-02,2.267170000000000019e-01,6.320599999999999830e-02,2.651799999999999990e-02,-3.024100000000000052e-02,-4.789999999999999879e-04,2.637090000000000267e-01,1.327300000000000008e-02,-2.424749999999999961e-01,-3.312199999999999867e-02,8.703999999999999931e-03,-3.490000000000000047e-02,-6.651600000000000568e-02
-1.226590000000000041e-01,-2.705000000000000113e-02,7.921970000000000400e-01,8.113099999999999756e-01,-1.392000000000000008e-02,5.566399999999999820e-02,-5.817930000000000046e-01,-2.384890000000000065e-01,3.393849999999999922e-01,1.306799999999999976e-02,1.973350000000000104e-01,-3.111299999999999830e-02,-2.177099999999999869e-01,-1.314470000000000083e-01,-1.961940000000000073e-01,-3.640479999999999827e-01,3.058980000000000032e-01,-1.263650000000000051e-01,1.711370000000000113e-01,2.991599999999999815e-01,-1.396310000000000051e-01,-7.650300000000000156e-02,2.440209999999999879e-01,-2.128999999999999990e-02,2.348480000000000012e-01,6.669999999999999540e-02,2.533699999999999841e-02,-3.121300000000000116e-02,8.729999999999999696e-04,2.654030000000000000e-01,6.169000000000000004e-03,-2.479439999999999977e-01,-4.750700000000000062e-02,1.224699999999999921e-02,-3.484799999999999703e-02,-6.230200000000000321e-02
-1.175630000000000008e-01,-2.785599999999999882e-02,7.949000000000000510e-01,8.158199999999999896e-01,-1.909500000000000086e-02,6.319199999999999817e-02,-5.745259999999999811e-01,-2.395019999999999927e-01,3.459209999999999785e-01,5.919999999999999915e-03,1.741890000000000105e-01,-1.272799999999999973e-02,-2.117920000000000080e-01,-1.019400000000000028e-01,-1.739989999999999870e-01,-3.758859999999999979e-01,2.494909999999999906e-01,-8.091099999999999681e-02,1.724920000000000064e-01,3.040189999999999837e-01,-1.398250000000000048e-01,-7.749399999999999344e-02,2.359600000000000031e-01,-2.470100000000000073e-02,2.344910000000000050e-01,6.520499999999999907e-02,2.373799999999999868e-02,-3.064300000000000010e-02,2.223999999999999849e-03,2.508980000000000099e-01,-4.511000000000000253e-03,-2.414570000000000050e-01,-6.957699999999999996e-02,1.729800000000000088e-02,-3.349900000000000100e-02,-5.493699999999999972e-02
-1.126609999999999973e-01,-2.886000000000000024e-02,7.975219999999999532e-01,8.203340000000000076e-01,-2.373199999999999962e-02,7.033499999999999475e-02,-5.670460000000000500e-01,-2.410100000000000020e-01,3.508629999999999804e-01,-9.259999999999999568e-04,1.508760000000000101e-01,6.061999999999999680e-03,-2.056379999999999875e-01,-7.421200000000000019e-02,-1.535680000000000101e-01,-3.866310000000000024e-01,1.956940000000000068e-01,-3.669499999999999845e-02,1.741409999999999902e-01,3.084000000000000075e-01,-1.417279999999999929e-01,-7.809599999999999875e-02,2.168960000000000055e-01,-2.679000000000000131e-02,2.254170000000000063e-01,5.943600000000000272e-02,2.193000000000000158e-02,-2.876799999999999843e-02,3.164000000000000146e-03,2.253690000000000138e-01,-1.576800000000000077e-02,-2.277029999999999887e-01,-9.817299999999999638e-02,2.324100000000000124e-02,-3.077299999999999827e-02,-4.485700000000000104e-02
-1.090210000000000068e-01,-2.875099999999999878e-02,7.997720000000000384e-01,8.255700000000000260e-01,-2.976300000000000126e-02,7.616299999999999459e-02,-5.583439999999999515e-01,-2.526660000000000017e-01,3.565769999999999773e-01,-2.046900000000000108e-02,1.497030000000000027e-01,1.950400000000000050e-02,-2.051850000000000063e-01,-6.291099999999999470e-02,-1.358930000000000138e-01,-3.818039999999999767e-01,1.835519999999999929e-01,-5.769999999999999955e-03,1.692720000000000058e-01,3.183150000000000146e-01,-1.414159999999999862e-01,-7.304700000000000082e-02,1.923600000000000032e-01,-1.392000000000000008e-02,2.082559999999999967e-01,5.517600000000000282e-02,2.201200000000000032e-02,-2.710699999999999915e-02,3.452999999999999906e-03,1.928549999999999986e-01,-2.402500000000000122e-02,-2.076240000000000030e-01,-1.298850000000000005e-01,2.913599999999999871e-02,-2.781499999999999945e-02,-3.666900000000000021e-02
-1.053889999999999966e-01,-2.869299999999999976e-02,8.018159999999999732e-01,8.306160000000000210e-01,-3.527199999999999780e-02,8.223500000000000254e-02,-5.496100000000000430e-01,-2.666649999999999854e-01,3.614249999999999963e-01,-3.997699999999999865e-02,1.498049999999999937e-01,3.263599999999999834e-02,-2.045500000000000096e-01,-5.567699999999999733e-02,-1.200360000000000038e-01,-3.760020000000000029e-01,1.772829999999999961e-01,2.232900000000000162e-02,1.640600000000000114e-01,3.276390000000000136e-01,-1.422660000000000036e-01,-6.866300000000000181e-02,1.576809999999999878e-01,-2.361999999999999950e-03,1.827350000000000085e-01,4.773100000000000259e-02,2.197800000000000101e-02,-2.497900000000000120e-02,2.333000000000000004e-03,1.537209999999999965e-01,-2.812200000000000116e-02,-1.834949999999999914e-01,-1.640709999999999946e-01,3.510800000000000032e-02,-2.462200000000000152e-02,-2.669900000000000051e-02
-1.016279999999999961e-01,-2.880299999999999874e-02,8.039110000000000422e-01,8.354970000000000452e-01,-4.068499999999999894e-02,8.833399999999999586e-02,-5.408209999999999962e-01,-2.813629999999999742e-01,3.658359999999999945e-01,-5.942999999999999672e-02,1.498589999999999922e-01,4.601600000000000135e-02,-2.038179999999999992e-01,-4.952299999999999758e-02,-1.047470000000000068e-01,-3.698290000000000188e-01,1.725240000000000107e-01,4.977100000000000274e-02,1.588859999999999995e-01,3.368129999999999735e-01,-1.434890000000000054e-01,-6.451199999999999990e-02,1.131840000000000068e-01,6.431000000000000084e-03,1.484229999999999994e-01,3.694200000000000261e-02,2.183300000000000171e-02,-2.127300000000000024e-02,2.709999999999999735e-04,1.091970000000000024e-01,-2.721399999999999861e-02,-1.557179999999999953e-01,-2.003870000000000096e-01,4.056200000000000083e-02,-1.987299999999999831e-02,-1.441199999999999946e-02
-9.705800000000000538e-02,-2.786299999999999888e-02,8.048039999999999639e-01,8.406059999999999643e-01,-4.268700000000000272e-02,9.120599999999999541e-02,-5.322040000000000104e-01,-2.915980000000000238e-01,3.575510000000000077e-01,-7.629099999999999770e-02,1.503939999999999999e-01,4.964999999999999969e-02,-1.966320000000000012e-01,-4.276300000000000240e-02,-1.022529999999999967e-01,-3.615650000000000253e-01,1.683089999999999864e-01,6.461100000000000176e-02,1.595080000000000109e-01,3.448649999999999771e-01,-1.443369999999999931e-01,-5.484699999999999992e-02,8.070099999999999496e-02,9.697000000000000758e-03,1.112149999999999944e-01,3.378500000000000253e-02,1.646999999999999853e-02,-1.520799999999999930e-02,6.290000000000000018e-04,7.167900000000000660e-02,-2.804699999999999901e-02,-1.150049999999999961e-01,-1.772739999999999871e-01,3.461700000000000194e-02,-1.216899999999999926e-02,-2.418000000000000010e-03
-9.222800000000000442e-02,-2.700500000000000123e-02,8.057919999999999527e-01,8.456770000000000120e-01,-4.452400000000000108e-02,9.382200000000000262e-02,-5.234940000000000149e-01,-3.011220000000000008e-01,3.484039999999999915e-01,-9.258900000000000463e-02,1.503790000000000127e-01,5.354699999999999738e-02,-1.891899999999999971e-01,-3.615899999999999670e-02,-1.008209999999999940e-01,-3.530429999999999957e-01,1.654259999999999897e-01,7.865600000000000369e-02,1.600179999999999936e-01,3.524220000000000130e-01,-1.449729999999999908e-01,-4.532599999999999824e-02,4.068399999999999794e-02,9.534000000000000807e-03,6.650399999999999368e-02,2.895999999999999963e-02,1.120799999999999921e-02,-8.760999999999999691e-03,-5.680000000000000370e-04,3.057100000000000095e-02,-2.052199999999999858e-02,-6.874900000000000455e-02,-1.487479999999999913e-01,2.624500000000000097e-02,-7.023999999999999862e-03,9.761999999999999844e-03
-8.738899999999999446e-02,-2.638700000000000073e-02,8.066910000000000469e-01,8.506610000000000005e-01,-4.632599999999999912e-02,9.646399999999999419e-02,-5.147080000000000544e-01,-3.107240000000000002e-01,3.390650000000000053e-01,-1.087380000000000013e-01,1.502759999999999929e-01,5.755299999999999999e-02,-1.817130000000000134e-01,-2.970300000000000024e-02,-9.958699999999999497e-02,-3.445059999999999789e-01,1.628100000000000103e-01,9.252699999999999814e-02,1.605930000000000135e-01,3.597899999999999987e-01,-1.455660000000000009e-01,-3.574299999999999700e-02,-5.873999999999999881e-03,6.453000000000000402e-03,1.512999999999999935e-02,2.210000000000000159e-02,5.674000000000000224e-03,-1.696000000000000025e-03,-2.922999999999999817e-03,-1.338300000000000080e-02,-6.884000000000000362e-03,-1.826399999999999899e-02,-1.176180000000000003e-01,1.646399999999999947e-02,-1.747999999999999988e-03,2.189899999999999833e-02
-8.212700000000000555e-02,-2.486000000000000015e-02,8.067680000000000407e-01,8.535139999999999949e-01,-4.871700000000000336e-02,9.771100000000000618e-02,-5.095020000000000104e-01,-3.126289999999999902e-01,3.310750000000000082e-01,-1.248390000000000055e-01,1.494790000000000008e-01,5.100600000000000273e-02,-1.741709999999999925e-01,-2.242200000000000096e-02,-9.188100000000000434e-02,-3.316140000000000199e-01,1.591760000000000119e-01,7.670299999999999341e-02,1.538899999999999990e-01,3.712070000000000092e-01,-1.449719999999999898e-01,-2.618499999999999994e-02,-4.537000000000000061e-02,9.745000000000000190e-03,-3.209300000000000347e-02,2.005999999999999971e-03,-6.499999999999999702e-04,4.231000000000000386e-03,-1.201000000000000028e-03,-5.335899999999999671e-02,-9.714999999999999677e-03,3.230500000000000038e-02,-6.559900000000000453e-02,6.145000000000000288e-03,5.048999999999999669e-03,2.671099999999999863e-02
-7.681000000000000327e-02,-2.344600000000000156e-02,8.067419999999999591e-01,8.563060000000000116e-01,-5.116500000000000214e-02,9.877299999999999969e-02,-5.043459999999999610e-01,-3.142329999999999846e-01,3.230999999999999983e-01,-1.408419999999999950e-01,1.491200000000000025e-01,4.422600000000000142e-02,-1.665830000000000088e-01,-1.487100000000000054e-02,-8.429699999999999693e-02,-3.185970000000000191e-01,1.561849999999999905e-01,6.025400000000000200e-02,1.466770000000000018e-01,3.832079999999999931e-01,-1.439809999999999979e-01,-1.587300000000000169e-02,-8.556099999999999817e-02,1.017200000000000049e-02,-8.046499999999999486e-02,-2.069500000000000159e-02,-7.261000000000000093e-03,1.076599999999999953e-02,-8.399999999999999535e-05,-9.132400000000000240e-02,-7.898999999999999772e-03,8.275399999999999423e-02,-1.076700000000000053e-02,-4.918999999999999762e-03,1.141999999999999960e-02,3.002099999999999907e-02
-7.139299999999999813e-02,-2.212000000000000077e-02,8.068009999999999904e-01,8.590640000000000498e-01,-5.355800000000000144e-02,9.984300000000000119e-02,-4.991720000000000046e-01,-3.159290000000000154e-01,3.149640000000000217e-01,-1.568740000000000134e-01,1.488559999999999883e-01,3.741300000000000181e-02,-1.590129999999999877e-01,-7.309999999999999658e-03,-7.690500000000000114e-02,-3.056289999999999840e-01,1.533440000000000081e-01,4.370999999999999885e-02,1.395299999999999874e-01,3.952820000000000222e-01,-1.428810000000000080e-01,-5.246999999999999928e-03,-1.228000000000000064e-01,7.293000000000000003e-03,-1.262099999999999889e-01,-4.440000000000000197e-02,-1.380600000000000056e-02,1.683300000000000074e-02,3.770000000000000022e-04,-1.239989999999999981e-01,-1.495999999999999934e-03,1.300489999999999979e-01,4.634800000000000031e-02,-1.673099999999999934e-02,1.746400000000000036e-02,3.168699999999999989e-02
-6.683799999999999464e-02,-1.985400000000000012e-02,8.066680000000000517e-01,8.594889999999999475e-01,-5.480000000000000149e-02,9.805800000000000627e-02,-4.986579999999999901e-01,-3.256689999999999863e-01,3.052719999999999878e-01,-1.574720000000000009e-01,1.784310000000000063e-01,2.505200000000000135e-02,-1.503680000000000017e-01,1.154999999999999994e-03,-7.380599999999999661e-02,-2.858890000000000042e-01,1.506979999999999986e-01,1.759099999999999900e-02,1.486089999999999911e-01,4.023499999999999854e-01,-1.386370000000000102e-01,4.686000000000000061e-03,-1.503750000000000087e-01,1.299200000000000008e-02,-1.609379999999999977e-01,-5.329799999999999816e-02,-1.839500000000000163e-02,2.214800000000000102e-02,1.744000000000000107e-03,-1.509969999999999923e-01,-3.031999999999999973e-03,1.643930000000000113e-01,9.925599999999999701e-02,-2.261099999999999915e-02,2.240899999999999836e-02,2.691999999999999948e-02
-6.216499999999999804e-02,-1.745700000000000029e-02,8.064470000000000249e-01,8.598679999999999657e-01,-5.589500000000000024e-02,9.639799999999999758e-02,-4.982059999999999822e-01,-3.369070000000000120e-01,2.953109999999999902e-01,-1.581450000000000078e-01,2.103820000000000134e-01,1.142999999999999919e-02,-1.415839999999999876e-01,8.996000000000000524e-03,-7.108000000000000429e-02,-2.662649999999999739e-01,1.486820000000000086e-01,-8.840999999999999900e-03,1.574160000000000004e-01,4.095779999999999976e-01,-1.344720000000000082e-01,1.466800000000000048e-02,-1.677889999999999937e-01,1.445199999999999957e-02,-1.852040000000000075e-01,-6.121999999999999664e-02,-2.219799999999999898e-02,2.535000000000000100e-02,2.292000000000000200e-03,-1.663000000000000034e-01,-1.755000000000000050e-03,1.889790000000000081e-01,1.524129999999999929e-01,-2.818199999999999872e-02,2.678799999999999931e-02,2.060000000000000026e-02
-5.747700000000000031e-02,-1.512600000000000056e-02,8.063259999999999872e-01,8.602330000000000254e-01,-5.691800000000000331e-02,9.478499999999999426e-02,-4.977699999999999902e-01,-3.487310000000000132e-01,2.852239999999999776e-01,-1.587969999999999937e-01,2.432999999999999885e-01,-2.687999999999999851e-03,-1.327440000000000009e-01,1.672900000000000081e-02,-6.857299999999999507e-02,-2.468770000000000131e-01,1.467910000000000048e-01,-3.535300000000000248e-02,1.660790000000000044e-01,4.167819999999999858e-01,-1.302129999999999954e-01,2.472399999999999945e-02,-1.721310000000000062e-01,1.142100000000000060e-02,-1.963830000000000020e-01,-6.769200000000000217e-02,-2.491700000000000165e-02,2.655100000000000168e-02,1.866000000000000037e-03,-1.673890000000000100e-01,2.843000000000000041e-03,2.017660000000000009e-01,2.075019999999999920e-01,-3.373000000000000304e-02,2.956800000000000053e-02,1.258500000000000070e-02
-5.333000000000000240e-02,-1.337499999999999974e-02,8.057320000000000038e-01,8.591830000000000300e-01,-5.618700000000000083e-02,9.216299999999999493e-02,-5.001539999999999875e-01,-3.555659999999999932e-01,2.744170000000000220e-01,-1.547999999999999932e-01,2.727310000000000012e-01,-1.477900000000000047e-02,-1.245939999999999964e-01,1.981600000000000028e-02,-7.465499999999999914e-02,-2.256019999999999970e-01,1.471470000000000000e-01,-3.439699999999999702e-02,1.737619999999999998e-01,4.211030000000000051e-01,-1.291519999999999890e-01,3.538299999999999779e-02,-1.655750000000000000e-01,1.420000000000000082e-02,-1.915590000000000070e-01,-6.777800000000000491e-02,-2.447600000000000123e-02,2.615599999999999870e-02,1.240000000000000000e-03,-1.677079999999999960e-01,8.779000000000000345e-03,1.947570000000000134e-01,1.971189999999999887e-01,-2.817899999999999919e-02,2.655899999999999928e-02,9.185999999999999721e-03
-4.923799999999999705e-02,-1.143300000000000045e-02,8.051449999999999996e-01,8.581480000000000219e-01,-5.546199999999999741e-02,8.942300000000000249e-02,-5.025020000000000042e-01,-3.621030000000000082e-01,2.636069999999999802e-01,-1.505599999999999994e-01,3.018500000000000072e-01,-2.682000000000000009e-02,-1.169250000000000012e-01,2.326900000000000149e-02,-8.094700000000000506e-02,-2.044209999999999916e-01,1.472410000000000108e-01,-3.322800000000000059e-02,1.816359999999999919e-01,4.256559999999999788e-01,-1.280709999999999904e-01,4.670699999999999852e-02,-1.447749999999999870e-01,1.189100000000000053e-02,-1.727490000000000137e-01,-6.436200000000000254e-02,-2.272199999999999914e-02,2.363200000000000023e-02,-7.910000000000000364e-04,-1.521790000000000087e-01,1.609700000000000020e-02,1.758039999999999881e-01,1.889780000000000071e-01,-2.349100000000000146e-02,2.459700000000000081e-02,5.883000000000000208e-03
-4.505200000000000177e-02,-9.549000000000000196e-03,8.044639999999999569e-01,8.570879999999999610e-01,-5.478999999999999843e-02,8.664700000000000180e-02,-5.048669999999999547e-01,-3.688429999999999764e-01,2.529939999999999967e-01,-1.463560000000000139e-01,3.315509999999999846e-01,-3.918499999999999761e-02,-1.091990000000000044e-01,2.690899999999999889e-02,-8.717900000000000649e-02,-1.832610000000000072e-01,1.473450000000000037e-01,-3.211100000000000065e-02,1.896079999999999988e-01,4.302810000000000246e-01,-1.267830000000000068e-01,5.819900000000000073e-02,-1.106380000000000002e-01,4.354000000000000231e-03,-1.418959999999999944e-01,-5.639899999999999775e-02,-1.955399999999999847e-02,1.938600000000000045e-02,-4.521999999999999978e-03,-1.228029999999999955e-01,2.714400000000000146e-02,1.472330000000000028e-01,1.911329999999999973e-01,-1.995699999999999905e-02,2.092400000000000163e-02,1.652999999999999955e-03
-4.159800000000000303e-02,-6.718000000000000013e-03,8.029749999999999943e-01,8.541539999999999688e-01,-5.539499999999999980e-02,8.227299999999999891e-02,-5.104729999999999546e-01,-3.748440000000000105e-01,2.479740000000000000e-01,-1.327059999999999906e-01,3.685800000000000187e-01,-5.421499999999999930e-02,-1.020920000000000022e-01,3.150900000000000228e-02,-9.621899999999999897e-02,-1.783379999999999965e-01,1.478500000000000092e-01,-4.501800000000000246e-02,1.883229999999999904e-01,4.221210000000000240e-01,-1.204189999999999983e-01,6.350100000000000189e-02,-6.797799999999999676e-02,1.014699999999999977e-02,-9.175600000000000422e-02,-1.299900000000000014e-02,-8.680999999999999481e-03,1.346699999999999980e-02,-4.433000000000000308e-03,-7.661400000000000154e-02,1.193899999999999996e-02,8.521800000000000208e-02,1.312159999999999993e-01,-4.217000000000000262e-03,1.171799999999999925e-02,-8.075000000000000580e-03
-3.810000000000000192e-02,-3.847000000000000159e-03,8.014630000000000365e-01,8.511339999999999462e-01,-5.605999999999999872e-02,7.790999999999999315e-02,-5.161000000000000032e-01,-3.815230000000000010e-01,2.431329999999999880e-01,-1.193120000000000014e-01,4.070019999999999749e-01,-6.955000000000000071e-02,-9.473299999999999776e-02,3.597299999999999803e-02,-1.051649999999999946e-01,-1.733649999999999913e-01,1.486889999999999878e-01,-5.809500000000000081e-02,1.870459999999999900e-01,4.149370000000000003e-01,-1.140710000000000057e-01,6.917800000000000338e-02,-1.842900000000000094e-02,1.030799999999999945e-02,-3.782599999999999851e-02,3.730200000000000182e-02,3.067999999999999981e-03,6.324999999999999893e-03,-5.884000000000000341e-03,-2.102499999999999855e-02,-4.409999999999999858e-04,2.074900000000000008e-02,8.651799999999999768e-02,9.837000000000000258e-03,3.872000000000000008e-03,-1.905099999999999849e-02
-3.465300000000000324e-02,-1.010000000000000047e-03,7.999249999999999972e-01,8.480220000000000535e-01,-5.678699999999999720e-02,7.359699999999999576e-02,-5.217439999999999856e-01,-3.884589999999999987e-01,2.386880000000000113e-01,-1.060310000000000002e-01,4.460520000000000040e-01,-8.533999999999999919e-02,-8.727699999999999347e-02,4.048999999999999821e-02,-1.138789999999999941e-01,-1.682909999999999962e-01,1.495450000000000113e-01,-7.126799999999999802e-02,1.857689999999999897e-01,4.080099999999999838e-01,-1.076889999999999931e-01,7.487900000000000111e-02,3.455099999999999838e-02,5.939999999999999968e-03,1.553099999999999967e-02,9.421100000000000307e-02,1.526699999999999932e-02,-6.890000000000000508e-04,-8.543999999999999512e-03,3.874899999999999872e-02,-7.370999999999999948e-03,-4.113300000000000289e-02,6.424900000000000055e-02,2.231100000000000097e-02,-4.730999999999999962e-03,-3.207399999999999834e-02
-3.266999999999999765e-02,1.147999999999999932e-03,7.970949999999999980e-01,8.443739999999999579e-01,-5.746300000000000019e-02,7.066999999999999671e-02,-5.279549999999999521e-01,-3.962430000000000119e-01,2.376919999999999866e-01,-1.005840000000000067e-01,4.811090000000000089e-01,-1.073009999999999936e-01,-8.482499999999999762e-02,3.280899999999999789e-02,-1.210500000000000048e-01,-1.680730000000000002e-01,1.639230000000000131e-01,-8.454399999999999415e-02,1.827820000000000000e-01,3.986930000000000196e-01,-1.015839999999999937e-01,8.164899999999999936e-02,8.957600000000000284e-02,-5.555000000000000042e-03,8.509099999999999997e-02,7.452000000000000290e-02,1.302900000000000065e-02,-1.194500000000000076e-02,3.341999999999999919e-03,8.536199999999999344e-02,-6.584999999999999708e-03,-9.833799999999999486e-02,-6.541900000000000492e-02,3.407299999999999912e-02,-1.566999999999999990e-02,-2.697199999999999945e-02
-3.080600000000000005e-02,3.099000000000000192e-03,7.944219999999999615e-01,8.407149999999999901e-01,-5.755299999999999999e-02,6.780300000000000216e-02,-5.341230000000000144e-01,-4.056710000000000038e-01,2.362410000000000065e-01,-9.325799999999999368e-02,5.178329999999999878e-01,-1.260930000000000106e-01,-8.183799999999999408e-02,2.457499999999999962e-02,-1.291080000000000005e-01,-1.677329999999999932e-01,1.783480000000000065e-01,-9.802600000000000202e-02,1.798039999999999916e-01,3.895580000000000154e-01,-9.677499999999999991e-02,8.884599999999999442e-02,1.408729999999999982e-01,-1.894900000000000057e-02,1.451800000000000035e-01,5.745900000000000313e-02,1.057100000000000053e-02,-2.008000000000000063e-02,1.539500000000000070e-02,1.308370000000000088e-01,1.269999999999999970e-04,-1.440410000000000024e-01,-1.771089999999999887e-01,4.409400000000000125e-02,-2.261200000000000015e-02,-2.598900000000000168e-02
-2.883399999999999852e-02,4.845999999999999613e-03,7.916840000000000543e-01,8.370039999999999702e-01,-5.752000000000000168e-02,6.507799999999999696e-02,-5.402599999999999625e-01,-4.151770000000000183e-01,2.349479999999999902e-01,-8.591600000000000625e-02,5.544400000000000439e-01,-1.450770000000000115e-01,-7.887800000000000367e-02,1.632799999999999876e-02,-1.370919999999999916e-01,-1.673520000000000008e-01,1.925630000000000119e-01,-1.116919999999999996e-01,1.767930000000000057e-01,3.806220000000000159e-01,-9.206499999999999406e-02,9.602399999999999824e-02,1.847900000000000098e-01,-3.402800000000000269e-02,1.926130000000000064e-01,4.339099999999999902e-02,7.971999999999999920e-03,-2.585900000000000004e-02,2.858199999999999977e-02,1.704700000000000104e-01,1.349799999999999958e-02,-1.747450000000000114e-01,-2.710710000000000064e-01,5.242299999999999738e-02,-2.777100000000000055e-02,-2.983399999999999941e-02
-2.607299999999999895e-02,5.981000000000000205e-03,7.886579999999999702e-01,8.330910000000000259e-01,-5.674200000000000077e-02,6.334599999999999953e-02,-5.465600000000000458e-01,-4.218999999999999972e-01,2.340780000000000083e-01,-7.552300000000000679e-02,5.835850000000000204e-01,-1.671150000000000135e-01,-7.603400000000000436e-02,-1.575999999999999927e-03,-1.481659999999999922e-01,-1.650540000000000063e-01,2.202860000000000096e-01,-1.123750000000000027e-01,1.901889999999999969e-01,3.583740000000000259e-01,-8.640000000000000457e-02,9.010700000000000653e-02,1.639180000000000081e-01,-2.155299999999999924e-02,2.070390000000000008e-01,3.834000000000000168e-03,1.040400000000000005e-02,-2.670900000000000010e-02,3.391700000000000270e-02,1.588299999999999990e-01,-3.190000000000000127e-03,-1.739120000000000110e-01,-3.316259999999999764e-01,3.178600000000000175e-02,-2.407099999999999865e-02,-2.370399999999999938e-02
-2.342100000000000085e-02,7.191000000000000343e-03,7.858199999999999630e-01,8.292070000000000274e-01,-5.562700000000000283e-02,6.132100000000000051e-02,-5.527760000000000451e-01,-4.296349999999999891e-01,2.315170000000000006e-01,-6.708000000000000074e-02,6.142680000000000362e-01,-1.851289999999999880e-01,-7.295599999999999308e-02,-1.984199999999999853e-02,-1.603350000000000053e-01,-1.625500000000000000e-01,2.485870000000000024e-01,-1.134300000000000030e-01,2.034650000000000070e-01,3.358280000000000154e-01,-8.186100000000000321e-02,8.568800000000000028e-02,1.294569999999999887e-01,-4.462999999999999953e-03,2.042490000000000139e-01,-3.826899999999999746e-02,1.125699999999999965e-02,-2.415199999999999986e-02,4.196899999999999936e-02,1.330439999999999956e-01,-2.016599999999999990e-02,-1.588370000000000060e-01,-3.866660000000000097e-01,1.240499999999999936e-02,-1.824999999999999886e-02,-1.839500000000000163e-02
-2.061299999999999938e-02,8.332000000000000864e-03,7.829930000000000501e-01,8.252779999999999561e-01,-5.460000000000000270e-02,5.933599999999999985e-02,-5.589399999999999924e-01,-4.374310000000000143e-01,2.291259999999999963e-01,-5.879600000000000104e-02,6.451409999999999645e-01,-2.032990000000000075e-01,-6.967099999999999682e-02,-3.819399999999999878e-02,-1.725069999999999937e-01,-1.599089999999999956e-01,2.770750000000000157e-01,-1.147279999999999966e-01,2.166800000000000115e-01,3.132220000000000004e-01,-7.714699999999999336e-02,8.129999999999999727e-02,8.042000000000000537e-02,1.867200000000000110e-02,1.839069999999999871e-01,-8.498699999999999311e-02,1.064299999999999968e-02,-1.902799999999999978e-02,5.315299999999999886e-02,9.349799999999999778e-02,-3.996299999999999852e-02,-1.304819999999999869e-01,-4.452240000000000086e-01,-5.303000000000000422e-03,-9.811000000000000276e-03,-1.420899999999999941e-02
-1.656300000000000133e-02,9.945000000000000714e-03,7.805020000000000291e-01,8.205829999999999513e-01,-5.329099999999999809e-02,5.722000000000000003e-02,-5.661540000000000461e-01,-4.407139999999999946e-01,2.261849999999999972e-01,-4.553200000000000303e-02,6.688650000000000428e-01,-2.189820000000000100e-01,-6.271799999999999597e-02,-5.787599999999999689e-02,-1.844580000000000108e-01,-1.449249999999999983e-01,3.026989999999999958e-01,-1.091879999999999934e-01,2.366199999999999970e-01,2.935590000000000144e-01,-6.887600000000000666e-02,7.317700000000000593e-02,-6.970000000000000284e-04,8.260800000000000087e-02,9.697999999999999676e-02,-1.291559999999999930e-01,-2.256999999999999892e-03,-1.026799999999999935e-02,3.982299999999999729e-02,2.973900000000000154e-02,-8.628600000000000159e-02,-1.210309999999999997e-01,-4.385669999999999846e-01,-2.673000000000000029e-03,-3.481000000000000153e-03,-1.061800000000000070e-02
-1.264200000000000046e-02,1.152099999999999999e-02,7.780780000000000474e-01,8.158130000000000104e-01,-5.208700000000000135e-02,5.492699999999999666e-02,-5.733399999999999608e-01,-4.434139999999999748e-01,2.235330000000000095e-01,-3.223600000000000076e-02,6.921199999999999575e-01,-2.342690000000000050e-01,-5.700800000000000312e-02,-7.746000000000000107e-02,-1.961630000000000040e-01,-1.297280000000000100e-01,3.286189999999999944e-01,-1.038300000000000056e-01,2.564469999999999805e-01,2.742609999999999770e-01,-6.104500000000000204e-02,6.570099999999999552e-02,-1.013659999999999978e-01,1.560070000000000068e-01,-9.216999999999999499e-03,-1.827159999999999895e-01,-1.786099999999999841e-02,4.829999999999999767e-04,3.119900000000000104e-02,-4.717899999999999872e-02,-1.391040000000000054e-01,-1.030910000000000021e-01,-4.463940000000000130e-01,1.956999999999999972e-03,3.178999999999999968e-03,-1.051099999999999951e-02
-1.422099999999999927e-02,1.220700000000000084e-02,7.766729999999999468e-01,8.092289999999999761e-01,-5.508600000000000302e-02,5.588900000000000118e-02,-5.822279999999999678e-01,-4.479830000000000201e-01,2.417519999999999947e-01,-2.832700000000000148e-02,7.119220000000000548e-01,-2.457880000000000065e-01,-6.277699999999999947e-02,-9.983899999999999719e-02,-1.847070000000000101e-01,-1.178339999999999943e-01,3.537649999999999961e-01,-9.758500000000000507e-02,2.617999999999999772e-01,2.600049999999999861e-01,-5.125400000000000095e-02,5.879500000000000004e-02,-2.252369999999999928e-01,2.464719999999999966e-01,-1.367929999999999979e-01,-2.476589999999999903e-01,-3.639300000000000174e-02,1.187099999999999961e-02,2.529899999999999857e-02,-1.385299999999999865e-01,-1.934780000000000111e-01,-8.473200000000000176e-02,-4.718849999999999989e-01,6.407000000000000368e-03,1.096100000000000026e-02,-1.411800000000000034e-02
-1.649199999999999972e-02,1.199300000000000019e-02,7.757960000000000411e-01,8.055820000000000203e-01,-5.685300000000000076e-02,5.729499999999999871e-02,-5.869609999999999550e-01,-4.511930000000000107e-01,2.566100000000000048e-01,-2.460299999999999987e-02,7.202929999999999611e-01,-2.519020000000000148e-01,-6.683400000000000452e-02,-1.110219999999999957e-01,-1.755299999999999916e-01,-1.181320000000000009e-01,3.638500000000000068e-01,-9.551600000000000368e-02,2.617999999999999772e-01,2.416719999999999979e-01,-4.300799999999999762e-02,4.740400000000000169e-02,-3.111479999999999801e-01,3.443350000000000022e-01,-2.792569999999999775e-01,-2.709230000000000249e-01,-5.158399999999999791e-02,2.697099999999999845e-02,1.654800000000000021e-02,-2.221720000000000084e-01,-2.682999999999999829e-01,-6.814900000000000124e-02,-4.384410000000000251e-01,2.036500000000000116e-02,2.316199999999999856e-02,-3.731199999999999795e-02
-1.867299999999999863e-02,1.196999999999999974e-02,7.750010000000000510e-01,8.019319999999999782e-01,-5.863600000000000062e-02,5.856399999999999800e-02,-5.916400000000000547e-01,-4.541959999999999886e-01,2.711950000000000194e-01,-2.095800000000000093e-02,7.284530000000000172e-01,-2.576300000000000257e-01,-7.038800000000000612e-02,-1.219210000000000016e-01,-1.666539999999999966e-01,-1.187649999999999956e-01,3.738139999999999796e-01,-9.336400000000000254e-02,2.617999999999999772e-01,2.221029999999999949e-01,-3.429299999999999710e-02,3.542599999999999916e-02,-4.074990000000000001e-01,4.510230000000000072e-01,-4.281079999999999885e-01,-3.018640000000000212e-01,-6.712899999999999423e-02,4.158499999999999697e-02,8.855999999999999289e-03,-3.098940000000000028e-01,-3.488530000000000242e-01,-5.342299999999999827e-02,-4.229939999999999811e-01,3.532500000000000223e-02,3.409999999999999837e-02,-6.248700000000000088e-02
-2.088100000000000026e-02,1.214499999999999955e-02,7.741679999999999673e-01,7.982409999999999783e-01,-6.048300000000000204e-02,5.971400000000000319e-02,-5.963119999999999532e-01,-4.571779999999999733e-01,2.857480000000000020e-01,-1.737999999999999962e-02,7.367899999999999450e-01,-2.631769999999999943e-01,-7.384200000000000486e-02,-1.328320000000000056e-01,-1.579109999999999958e-01,-1.195650000000000046e-01,3.841899999999999760e-01,-9.129800000000000415e-02,2.617999999999999772e-01,2.017720000000000069e-01,-2.528199999999999892e-02,2.337399999999999894e-02,-5.112100000000000533e-01,5.645379999999999843e-01,-5.805470000000000352e-01,-3.392560000000000020e-01,-8.291099999999999859e-02,5.613400000000000334e-02,1.961000000000000069e-03,-3.971290000000000098e-01,-4.339620000000000144e-01,-4.430699999999999916e-02,-4.246099999999999874e-01,5.072100000000000219e-02,4.485700000000000104e-02,-8.861399999999999832e-02
-2.088500000000000079e-02,1.149500000000000001e-02,7.747659999999999547e-01,7.936459999999999626e-01,-5.917200000000000237e-02,5.854000000000000176e-02,-6.026599999999999735e-01,-4.451379999999999781e-01,2.916850000000000276e-01,-1.487999999999999956e-03,7.284620000000000539e-01,-2.662050000000000249e-01,-7.158599999999999686e-02,-1.350359999999999894e-01,-1.629619999999999957e-01,-1.305360000000000131e-01,3.789819999999999856e-01,-8.619200000000000472e-02,2.617999999999999772e-01,1.901980000000000059e-01,-1.038399999999999913e-02,9.367000000000000326e-03,-5.376790000000000180e-01,6.706900000000000084e-01,-6.884120000000000239e-01,-3.844540000000000179e-01,-1.023659999999999987e-01,6.936199999999999311e-02,-7.254000000000000031e-03,-4.629929999999999879e-01,-4.928009999999999891e-01,-2.868100000000000163e-02,-4.525049999999999906e-01,8.055600000000000260e-02,4.473099999999999993e-02,-1.275119999999999865e-01
-2.084400000000000142e-02,1.083899999999999968e-02,7.752999999999999892e-01,7.890319999999999556e-01,-5.797999999999999682e-02,5.723799999999999721e-02,-6.089259999999999673e-01,-4.327579999999999760e-01,2.975309999999999899e-01,1.457199999999999988e-02,7.199449999999999461e-01,-2.691120000000000179e-01,-6.938400000000000123e-02,-1.366870000000000029e-01,-1.678920000000000134e-01,-1.416370000000000129e-01,3.733210000000000139e-01,-8.050100000000000311e-02,2.617999999999999772e-01,1.767970000000000097e-01,5.448999999999999851e-03,-5.284999999999999767e-03,-5.520990000000000064e-01,7.792449999999999655e-01,-7.813109999999999777e-01,-4.317819999999999991e-01,-1.201310000000000017e-01,8.219500000000000417e-02,-1.780500000000000138e-02,-5.230219999999999869e-01,-5.506130000000000191e-01,-1.988300000000000137e-02,-4.899669999999999859e-01,1.086270000000000013e-01,4.410000000000000031e-02,-1.666420000000000123e-01
-2.091799999999999909e-02,1.038200000000000060e-02,7.757939999999999836e-01,7.843949999999999534e-01,-5.690100000000000019e-02,5.581699999999999856e-02,-6.151189999999999714e-01,-4.204019999999999979e-01,3.031849999999999823e-01,3.057100000000000095e-02,7.117719999999999603e-01,-2.719500000000000250e-01,-6.719400000000000373e-02,-1.384460000000000135e-01,-1.728669999999999929e-01,-1.527090000000000114e-01,3.681909999999999905e-01,-7.493199999999999861e-02,2.617999999999999772e-01,1.632160000000000000e-01,2.134199999999999986e-02,-1.972300000000000095e-02,-5.538579999999999615e-01,8.859329999999999705e-01,-8.584340000000000304e-01,-4.771929999999999783e-01,-1.369120000000000059e-01,9.364300000000000401e-02,-2.920000000000000026e-02,-5.742779999999999552e-01,-6.064230000000000453e-01,-2.083700000000000135e-02,-5.319650000000000212e-01,1.349829999999999919e-01,4.151400000000000229e-02,-2.050859999999999905e-01
-2.033000000000000085e-02,8.691000000000000808e-03,7.774799999999999489e-01,7.788640000000000008e-01,-5.299399999999999944e-02,5.369399999999999867e-02,-6.226399999999999713e-01,-4.012780000000000236e-01,3.038199999999999790e-01,5.482700000000000073e-02,6.935090000000000421e-01,-2.654719999999999858e-01,-6.504500000000000559e-02,-1.343239999999999990e-01,-1.813559999999999894e-01,-1.600189999999999946e-01,3.472350000000000159e-01,-6.467900000000000038e-02,2.617999999999999772e-01,1.554639999999999911e-01,2.498600000000000126e-02,-3.737000000000000044e-02,-5.166990000000000194e-01,9.704690000000000261e-01,-8.971459999999999990e-01,-4.759200000000000097e-01,-1.445190000000000086e-01,1.056750000000000050e-01,-3.023899999999999852e-02,-6.242510000000000003e-01,-6.706910000000000371e-01,-2.713499999999999940e-02,-5.365520000000000289e-01,1.445160000000000056e-01,4.298099999999999837e-02,-2.547189999999999732e-01
-1.960599999999999843e-02,7.072000000000000161e-03,7.792829999999999480e-01,7.732909999999999506e-01,-4.930899999999999866e-02,5.119599999999999845e-02,-6.300540000000000029e-01,-3.813830000000000275e-01,3.037460000000000160e-01,7.959700000000000109e-02,6.750159999999999494e-01,-2.589429999999999787e-01,-6.245400000000000257e-02,-1.296019999999999950e-01,-1.904710000000000014e-01,-1.677619999999999945e-01,3.260279999999999845e-01,-5.388699999999999740e-02,2.617999999999999772e-01,1.478119999999999989e-01,3.012499999999999900e-02,-5.480299999999999755e-02,-4.594269999999999743e-01,1.043719000000000063e+00,-9.148199999999999665e-01,-4.668660000000000032e-01,-1.493750000000000078e-01,1.141520000000000035e-01,-3.400899999999999757e-02,-6.655809999999999782e-01,-7.337230000000000141e-01,-4.041100000000000247e-02,-5.358699999999999575e-01,1.536440000000000028e-01,4.124699999999999894e-02,-3.031050000000000133e-01
-1.879799999999999874e-02,5.586999999999999952e-03,7.809949999999999948e-01,7.676349999999999563e-01,-4.589300000000000324e-02,4.858900000000000025e-02,-6.373929999999999874e-01,-3.614180000000000170e-01,3.035209999999999853e-01,1.041089999999999932e-01,6.568739999999999579e-01,-2.525390000000000135e-01,-5.991699999999999804e-02,-1.248569999999999958e-01,-1.994130000000000069e-01,-1.755029999999999923e-01,3.051610000000000156e-01,-4.308499999999999830e-02,2.617999999999999772e-01,1.409590000000000010e-01,3.599100000000000216e-02,-7.212899999999999867e-02,-3.839719999999999800e-01,1.105947000000000013e+00,-9.138870000000000049e-01,-4.517550000000000177e-01,-1.524000000000000077e-01,1.207580000000000042e-01,-3.937500000000000028e-02,-6.963270000000000293e-01,-7.947579999999999645e-01,-6.196999999999999731e-02,-5.307150000000000478e-01,1.622840000000000116e-01,3.754699999999999704e-02,-3.498600000000000043e-01
-1.839100000000000110e-02,2.559000000000000077e-03,7.830129999999999590e-01,7.646070000000000366e-01,-4.150000000000000216e-02,4.674999999999999989e-02,-6.414570000000000549e-01,-3.378249999999999864e-01,2.989499999999999935e-01,1.283519999999999939e-01,6.258340000000000014e-01,-2.451919999999999933e-01,-5.735500000000000320e-02,-1.054279999999999939e-01,-2.049219999999999930e-01,-1.812799999999999967e-01,2.614400000000000057e-01,-2.804999999999999855e-02,2.617999999999999772e-01,1.361570000000000003e-01,3.688099999999999712e-02,-9.298499999999999821e-02,-3.288499999999999757e-01,1.148227000000000109e+00,-9.052510000000000279e-01,-4.099039999999999906e-01,-1.533039999999999958e-01,1.304770000000000096e-01,-5.810499999999999693e-02,-7.314070000000000293e-01,-8.716549999999999576e-01,-6.122500000000000164e-02,-4.870689999999999742e-01,1.712670000000000026e-01,3.718199999999999977e-02,-3.749649999999999928e-01
-1.785099999999999881e-02,-2.339999999999999958e-04,7.852850000000000108e-01,7.615290000000000115e-01,-3.782499999999999751e-02,4.444700000000000040e-02,-6.454980000000000162e-01,-3.124700000000000255e-01,2.940780000000000061e-01,1.525729999999999864e-01,5.940349999999999797e-01,-2.374610000000000054e-01,-5.473499999999999893e-02,-8.395700000000000385e-02,-2.099999999999999922e-01,-1.870829999999999993e-01,2.163259999999999905e-01,-1.208700000000000052e-02,2.617999999999999772e-01,1.335959999999999925e-01,3.941100000000000159e-02,-1.115639999999999965e-01,-2.666419999999999901e-01,1.178323999999999927e+00,-8.881419999999999870e-01,-3.593410000000000215e-01,-1.524459999999999982e-01,1.377170000000000061e-01,-7.788000000000000478e-02,-7.622949999999999449e-01,-9.500640000000000196e-01,-6.375699999999999423e-02,-4.339939999999999909e-01,1.813819999999999877e-01,3.326099999999999890e-02,-3.974530000000000007e-01
-1.698900000000000063e-02,-3.056000000000000123e-03,7.875839999999999508e-01,7.583779999999999966e-01,-3.451599999999999807e-02,4.208200000000000135e-02,-6.495379999999999487e-01,-2.864970000000000017e-01,2.889229999999999854e-01,1.766679999999999917e-01,5.620849999999999458e-01,-2.298840000000000050e-01,-5.218600000000000322e-02,-6.198700000000000043e-02,-2.148309999999999942e-01,-1.927879999999999872e-01,1.713550000000000073e-01,3.765999999999999816e-03,2.617999999999999772e-01,1.322669999999999957e-01,4.290800000000000169e-02,-1.292750000000000010e-01,-1.958610000000000073e-01,1.199289000000000049e+00,-8.621820000000000039e-01,-3.037710000000000132e-01,-1.493659999999999988e-01,1.434850000000000014e-01,-9.826100000000000112e-02,-7.877969999999999695e-01,-1.028888000000000025e+00,-6.875599999999999767e-02,-3.758659999999999779e-01,1.920800000000000007e-01,2.750599999999999920e-02,-4.180749999999999744e-01
-1.417599999999999937e-02,-7.494999999999999926e-03,7.904349999999999987e-01,7.540890000000000093e-01,-2.937199999999999880e-02,3.846399999999999819e-02,-6.549869999999999859e-01,-2.438099999999999989e-01,2.702709999999999835e-01,2.003820000000000046e-01,5.052309999999999857e-01,-2.188239999999999907e-01,-4.669299999999999840e-02,-5.984600000000000336e-02,-2.309309999999999974e-01,-1.906110000000000027e-01,1.690899999999999903e-01,1.694599999999999926e-02,2.617999999999999772e-01,1.321700000000000097e-01,4.565099999999999714e-02,-1.484010000000000051e-01,-1.336479999999999890e-01,1.188889000000000085e+00,-8.340079999999999716e-01,-1.923749999999999905e-01,-1.337359999999999938e-01,1.558670000000000055e-01,-1.176210000000000033e-01,-8.325770000000000115e-01,-1.090403000000000011e+00,-6.101600000000000079e-02,-2.901770000000000183e-01,2.129739999999999966e-01,2.297199999999999936e-02,-4.379190000000000027e-01
-1.294900000000000044e-02,-1.164800000000000037e-02,7.933860000000000356e-01,7.493900000000000006e-01,-2.432399999999999840e-02,3.503900000000000070e-02,-6.607530000000000348e-01,-2.015679999999999972e-01,2.532739999999999991e-01,2.227550000000000086e-01,4.447769999999999779e-01,-2.041169999999999929e-01,-4.377199999999999841e-02,-6.289100000000000246e-02,-2.444330000000000114e-01,-1.874510000000000065e-01,1.733510000000000051e-01,2.759800000000000100e-02,2.581950000000000078e-01,1.323600000000000054e-01,4.764700000000000185e-02,-1.659730000000000094e-01,-7.310300000000000131e-02,1.170457000000000081e+00,-8.046459999999999724e-01,-7.031500000000000250e-02,-1.129610000000000058e-01,1.628870000000000040e-01,-1.369160000000000099e-01,-8.851310000000000011e-01,-1.150919000000000025e+00,-4.569700000000000151e-02,-1.966150000000000120e-01,2.343550000000000078e-01,1.660500000000000170e-02,-4.553039999999999865e-01
-1.435699999999999997e-02,-1.545400000000000072e-02,7.967189999999999550e-01,7.438740000000000352e-01,-2.068300000000000000e-02,3.308900000000000036e-02,-6.671799999999999953e-01,-1.617369999999999919e-01,2.447189999999999921e-01,2.425319999999999976e-01,3.840439999999999965e-01,-1.866579999999999906e-01,-4.598300000000000304e-02,-6.938700000000000423e-02,-2.481960000000000000e-01,-1.849050000000000138e-01,1.793430000000000024e-01,3.790400000000000019e-02,2.474870000000000125e-01,1.337790000000000090e-01,5.002700000000000202e-02,-1.819709999999999939e-01,-1.414400000000000032e-02,1.150273000000000101e+00,-7.736889999999999601e-01,5.603199999999999847e-02,-8.912200000000000677e-02,1.672730000000000050e-01,-1.543110000000000037e-01,-9.422030000000000127e-01,-1.208973999999999993e+00,-2.598500000000000115e-02,-9.928900000000000226e-02,2.555069999999999841e-01,9.476000000000000048e-03,-4.706969999999999765e-01
-1.648900000000000018e-02,-1.959800000000000084e-02,7.991810000000000302e-01,7.394089999999999829e-01,-1.663999999999999854e-02,3.349699999999999900e-02,-6.722169999999999535e-01,-1.198660000000000003e-01,2.338149999999999951e-01,2.551760000000000139e-01,3.066999999999999726e-01,-1.577189999999999981e-01,-5.020000000000000157e-02,-7.749100000000000432e-02,-2.476460000000000050e-01,-1.755909999999999971e-01,1.841470000000000051e-01,4.377400000000000041e-02,2.390200000000000102e-01,1.324249999999999872e-01,4.707900000000000279e-02,-1.938330000000000053e-01,2.088399999999999979e-02,1.133086000000000038e+00,-7.425479999999999858e-01,1.945900000000000130e-01,-6.338799999999999990e-02,1.696969999999999867e-01,-1.632830000000000115e-01,-1.001084000000000085e+00,-1.274202000000000057e+00,1.267000000000000071e-02,3.808500000000000080e-02,2.857049999999999867e-01,6.779000000000000303e-03,-4.670869999999999744e-01
-1.869300000000000128e-02,-2.366599999999999954e-02,8.016429999999999945e-01,7.349630000000000329e-01,-1.260799999999999942e-02,3.350600000000000106e-02,-6.771610000000000129e-01,-7.874599999999999655e-02,2.223880000000000023e-01,2.673670000000000213e-01,2.312109999999999999e-01,-1.293279999999999985e-01,-5.483299999999999980e-02,-8.584500000000000464e-02,-2.476049999999999918e-01,-1.662220000000000086e-01,1.897590000000000110e-01,4.956399999999999695e-02,2.303590000000000082e-01,1.330449999999999966e-01,4.236299999999999788e-02,-2.043459999999999999e-01,4.729699999999999876e-02,1.114856999999999987e+00,-7.173760000000000137e-01,3.370989999999999820e-01,-3.829899999999999971e-02,1.701930000000000109e-01,-1.684799999999999909e-01,-1.069099999999999939e+00,-1.340757999999999894e+00,6.260999999999999899e-02,1.809290000000000065e-01,3.154330000000000189e-01,1.222999999999999912e-03,-4.561839999999999784e-01
-2.108099999999999904e-02,-2.780200000000000032e-02,8.040559999999999929e-01,7.303960000000000452e-01,-8.758999999999999425e-03,3.346299999999999969e-02,-6.821469999999999478e-01,-3.979400000000000298e-02,2.121030000000000137e-01,2.789869999999999850e-01,1.602349999999999886e-01,-1.029899999999999982e-01,-6.034099999999999880e-02,-9.458400000000000141e-02,-2.467489999999999961e-01,-1.568370000000000042e-01,1.957369999999999943e-01,5.537299999999999861e-02,2.211579999999999935e-01,1.348020000000000052e-01,3.624200000000000338e-02,-2.141299999999999870e-01,6.815899999999999737e-02,1.097067000000000014e+00,-6.955529999999999768e-01,4.819680000000000075e-01,-1.411300000000000054e-02,1.697589999999999932e-01,-1.699730000000000130e-01,-1.144287000000000054e+00,-1.405305999999999944e+00,1.236529999999999990e-01,3.229980000000000073e-01,3.416029999999999900e-01,-4.269000000000000225e-03,-4.408929999999999794e-01
-2.671799999999999869e-02,-3.159800000000000109e-02,8.062979999999999592e-01,7.280130000000000212e-01,-3.445000000000000145e-03,3.209499999999999853e-02,-6.848030000000000506e-01,-2.858000000000000124e-02,2.048079999999999901e-01,2.608070000000000110e-01,1.398159999999999958e-01,-7.209699999999999442e-02,-7.853200000000000458e-02,-9.921800000000000064e-02,-2.464230000000000032e-01,-1.432390000000000052e-01,1.976890000000000036e-01,5.338400000000000090e-02,2.144550000000000067e-01,1.382770000000000110e-01,1.285000000000000031e-02,-2.134359999999999868e-01,8.434600000000000430e-02,1.090983000000000036e+00,-6.859969999999999679e-01,6.035089999999999621e-01,7.538999999999999695e-03,1.680800000000000072e-01,-1.741550000000000042e-01,-1.233022000000000062e+00,-1.466507000000000005e+00,2.136699999999999988e-01,4.738069999999999782e-01,3.656739999999999990e-01,-2.667999999999999799e-03,-4.041080000000000227e-01
-3.265500000000000347e-02,-3.536799999999999666e-02,8.083789999999999587e-01,7.257320000000000437e-01,2.011000000000000201e-03,3.151700000000000335e-02,-6.872519999999999740e-01,-2.274299999999999933e-02,1.999180000000000124e-01,2.405490000000000128e-01,1.268529999999999935e-01,-4.477400000000000130e-02,-9.717099999999999349e-02,-1.061359999999999942e-01,-2.446349999999999913e-01,-1.304269999999999874e-01,2.003919999999999868e-01,5.136899999999999800e-02,2.069830000000000003e-01,1.398079999999999878e-01,-1.185600000000000022e-02,-2.148339999999999972e-01,1.005069999999999991e-01,1.088948000000000027e+00,-6.762010000000000520e-01,7.232499999999999485e-01,2.597100000000000103e-02,1.688870000000000093e-01,-1.766129999999999922e-01,-1.335634999999999906e+00,-1.518073999999999923e+00,3.206390000000000073e-01,6.223980000000000068e-01,3.807150000000000256e-01,-5.599999999999999916e-05,-3.647090000000000054e-01
-3.873200000000000254e-02,-3.902499999999999719e-02,8.104519999999999502e-01,7.233870000000000022e-01,7.570999999999999605e-03,3.110800000000000023e-02,-6.896999999999999797e-01,-1.830400000000000083e-02,1.957280000000000131e-01,2.196089999999999987e-01,1.157109999999999944e-01,-1.840500000000000122e-02,-1.160749999999999976e-01,-1.143910000000000066e-01,-2.422080000000000066e-01,-1.176500000000000046e-01,2.035839999999999872e-01,4.946199999999999902e-02,1.989869999999999972e-01,1.368600000000000094e-01,-3.747299999999999937e-02,-2.186190000000000078e-01,1.212109999999999993e-01,1.088993000000000100e+00,-6.621989999999999821e-01,8.436240000000000405e-01,4.218199999999999728e-02,1.705309999999999881e-01,-1.773039999999999894e-01,-1.450758999999999910e+00,-1.554775000000000018e+00,4.435200000000000253e-01,7.669120000000000381e-01,3.855169999999999986e-01,3.448999999999999809e-03,-3.278610000000000135e-01
-4.390199999999999658e-02,-4.044799999999999784e-02,8.113949999999999774e-01,7.194810000000000372e-01,1.169500000000000053e-02,3.049400000000000027e-02,-6.937440000000000273e-01,-1.650300000000000031e-02,1.915070000000000106e-01,1.799149999999999916e-01,1.107619999999999993e-01,-3.917000000000000343e-03,-1.337490000000000068e-01,-1.241400000000000003e-01,-2.385940000000000005e-01,-1.024100000000000010e-01,2.064509999999999956e-01,4.654599999999999710e-02,1.947859999999999869e-01,1.296740000000000115e-01,-5.062799999999999939e-02,-2.225169999999999926e-01,1.415820000000000134e-01,1.070151000000000074e+00,-6.429040000000000310e-01,9.156140000000000390e-01,5.410899999999999738e-02,1.725690000000000002e-01,-1.861049999999999927e-01,-1.568872000000000044e+00,-1.564087999999999923e+00,6.009379999999999722e-01,8.625129999999999741e-01,3.558729999999999949e-01,1.069200000000000012e-02,-2.870119999999999894e-01
-4.880099999999999716e-02,-4.180199999999999888e-02,8.123719999999999830e-01,7.155080000000000329e-01,1.555999999999999918e-02,3.000500000000000042e-02,-6.977870000000000461e-01,-1.470400000000000006e-02,1.877439999999999942e-01,1.400800000000000101e-01,1.073759999999999992e-01,9.341999999999999610e-03,-1.511220000000000063e-01,-1.340949999999999920e-01,-2.345730000000000037e-01,-8.700299999999999701e-02,2.091459999999999986e-01,4.462800000000000100e-02,1.897260000000000058e-01,1.167369999999999935e-01,-5.643499999999999905e-02,-2.294049999999999978e-01,1.726119999999999877e-01,1.046259999999999968e+00,-6.157460000000000155e-01,9.826820000000000555e-01,6.476200000000000012e-02,1.790400000000000047e-01,-1.949089999999999989e-01,-1.709775999999999962e+00,-1.551539999999999919e+00,7.822480000000000544e-01,9.580319999999999947e-01,3.188460000000000183e-01,2.277900000000000064e-02,-2.548750000000000182e-01
-5.320300000000000029e-02,-4.317800000000000110e-02,8.133080000000000309e-01,7.115190000000000126e-01,1.959199999999999831e-02,2.936199999999999921e-02,-7.017790000000000417e-01,-1.260499999999999989e-02,1.827860000000000040e-01,1.003959999999999991e-01,1.044719999999999954e-01,2.196499999999999841e-02,-1.676429999999999865e-01,-1.443109999999999948e-01,-2.315689999999999971e-01,-7.120999999999999552e-02,2.114699999999999913e-01,4.327199999999999797e-02,1.855020000000000002e-01,9.910099999999999465e-02,-5.192900000000000293e-02,-2.383589999999999876e-01,2.114580000000000071e-01,1.012288999999999994e+00,-5.824519999999999698e-01,1.047595999999999972e+00,7.495000000000000273e-02,1.865390000000000104e-01,-2.030129999999999990e-01,-1.881898000000000071e+00,-1.510936999999999975e+00,9.951210000000000333e-01,1.066117999999999899e+00,2.805900000000000061e-01,3.647100000000000342e-02,-2.261330000000000007e-01
-5.644699999999999718e-02,-4.419100000000000111e-02,8.134270000000000111e-01,7.112209999999999921e-01,2.440200000000000008e-02,2.770600000000000146e-02,-7.019990000000000396e-01,-1.556100000000000018e-02,1.730770000000000086e-01,6.162000000000000116e-02,1.032890000000000058e-01,3.293999999999999706e-02,-1.832910000000000095e-01,-1.491230000000000055e-01,-2.360939999999999983e-01,-6.049899999999999722e-02,2.125390000000000057e-01,3.316399999999999904e-02,1.865709999999999869e-01,8.430500000000000493e-02,-2.350599999999999912e-02,-2.423690000000000011e-01,2.293419999999999903e-01,9.623800000000000132e-01,-5.473770000000000024e-01,1.123407000000000044e+00,7.404199999999999671e-02,1.953219999999999956e-01,-1.933429999999999871e-01,-2.087391000000000219e+00,-1.435372000000000092e+00,1.225583000000000089e+00,1.172336999999999962e+00,2.510930000000000106e-01,5.818700000000000261e-02,-1.975830000000000086e-01
-5.967800000000000188e-02,-4.432599999999999735e-02,8.136609999999999676e-01,7.108349999999999946e-01,2.840399999999999869e-02,2.581699999999999967e-02,-7.023110000000000186e-01,-1.796000000000000027e-02,1.641569999999999974e-01,2.268600000000000130e-02,1.028509999999999980e-01,4.452899999999999914e-02,-1.988920000000000132e-01,-1.538930000000000020e-01,-2.394860000000000044e-01,-4.899599999999999789e-02,2.131159999999999999e-01,2.635200000000000042e-02,1.873110000000000053e-01,7.896899999999999753e-02,5.459000000000000311e-03,-2.335170000000000023e-01,2.254659999999999997e-01,9.102829999999999533e-01,-5.242189999999999905e-01,1.202125000000000110e+00,7.046600000000000086e-02,2.033459999999999990e-01,-1.814600000000000102e-01,-2.250993999999999939e+00,-1.363615999999999939e+00,1.399885999999999964e+00,1.272478999999999916e+00,2.172350000000000114e-01,8.021300000000000652e-02,-1.600850000000000051e-01
-6.527900000000000369e-02,-4.420199999999999824e-02,8.141140000000000043e-01,7.105320000000000524e-01,3.115199999999999914e-02,2.321700000000000153e-02,-7.025909999999999656e-01,-1.647399999999999906e-02,1.595060000000000089e-01,-1.779700000000000032e-02,1.010029999999999956e-01,5.697900000000000187e-02,-2.183680000000000065e-01,-1.564840000000000120e-01,-2.385390000000000010e-01,-3.927200000000000135e-02,2.155289999999999984e-01,1.804700000000000054e-02,1.842260000000000009e-01,5.600600000000000023e-02,2.059999999999999928e-04,-2.274100000000000010e-01,2.359539999999999971e-01,8.939150000000000151e-01,-4.841920000000000113e-01,1.283628999999999909e+00,6.463900000000000201e-02,2.110960000000000059e-01,-1.700480000000000047e-01,-2.246160000000000156e+00,-1.339741999999999988e+00,1.399999999999999911e+00,1.331604000000000010e+00,1.627429999999999988e-01,9.454700000000000604e-02,-1.438570000000000126e-01
-6.988400000000000167e-02,-4.458600000000000063e-02,8.137410000000000476e-01,7.084449999999999914e-01,3.486000000000000210e-02,2.235699999999999840e-02,-7.045500000000000096e-01,-1.364600000000000014e-02,1.630020000000000080e-01,-4.357099999999999862e-02,9.907199999999999340e-02,4.381299999999999778e-02,-2.359819999999999973e-01,-1.619359999999999966e-01,-2.376219999999999999e-01,-3.286599999999999938e-02,2.132580000000000031e-01,6.506999999999999763e-03,1.822489999999999943e-01,3.929400000000000254e-02,1.968000000000000131e-03,-2.271559999999999968e-01,2.447070000000000078e-01,8.697070000000000078e-01,-4.464659999999999740e-01,1.320043000000000077e+00,4.524299999999999849e-02,2.159349999999999881e-01,-1.531830000000000136e-01,-2.248266999999999793e+00,-1.316354999999999942e+00,1.399999999999999911e+00,1.340427000000000035e+00,1.253430000000000100e-01,1.055719999999999992e-01,-1.458359999999999934e-01
-7.409599999999999520e-02,-4.496200000000000196e-02,8.133150000000000102e-01,7.068060000000000453e-01,3.931199999999999972e-02,2.002999999999999919e-02,-7.060300000000000464e-01,-1.012399999999999932e-02,1.622049999999999881e-01,-6.938199999999999923e-02,9.779999999999999805e-02,3.015999999999999931e-02,-2.521939999999999737e-01,-1.677669999999999995e-01,-2.412390000000000090e-01,-2.570499999999999868e-02,2.145380000000000065e-01,-7.172999999999999689e-03,1.818299999999999916e-01,2.534099999999999894e-02,-3.893999999999999892e-03,-2.266960000000000086e-01,2.484510000000000052e-01,8.519480000000000386e-01,-4.150960000000000205e-01,1.356627999999999945e+00,2.447200000000000070e-02,2.194969999999999977e-01,-1.375580000000000136e-01,-2.247231999999999896e+00,-1.302478999999999942e+00,1.399999999999999911e+00,1.346824999999999939e+00,8.900399999999999978e-02,1.160439999999999944e-01,-1.476540000000000075e-01
-7.594900000000000262e-02,-4.571999999999999675e-02,8.129110000000000502e-01,7.053739999999999455e-01,4.533000000000000224e-02,1.585900000000000157e-02,-7.072070000000000300e-01,-5.884999999999999606e-03,1.513909999999999978e-01,-9.310100000000000320e-02,9.686400000000000565e-02,1.626299999999999968e-02,-2.617260000000000142e-01,-1.732350000000000001e-01,-2.541849999999999943e-01,-1.601999999999999952e-02,2.155199999999999894e-01,-2.075400000000000161e-02,1.863519999999999899e-01,1.172100000000000052e-02,-1.281500000000000000e-02,-2.269770000000000121e-01,2.508230000000000182e-01,8.331100000000000172e-01,-3.865140000000000242e-01,1.393470999999999904e+00,2.895000000000000004e-03,2.228370000000000073e-01,-1.226550000000000001e-01,-2.245048999999999850e+00,-1.290377000000000107e+00,1.399999999999999911e+00,1.351579000000000086e+00,5.215999999999999803e-02,1.260330000000000061e-01,-1.506039999999999879e-01
-7.630599999999999883e-02,-4.612100000000000227e-02,8.117199999999999971e-01,7.039929999999999799e-01,5.055799999999999877e-02,1.102900000000000061e-02,-7.083190000000000319e-01,-3.312999999999999973e-03,1.367039999999999922e-01,-1.095669999999999977e-01,9.632499999999999396e-02,-5.986000000000000001e-03,-2.617430000000000034e-01,-1.761429999999999940e-01,-2.700290000000000190e-01,-8.904000000000000456e-03,2.151659999999999962e-01,-3.806999999999999967e-02,1.927820000000000089e-01,6.642000000000000334e-03,-1.779100000000000126e-02,-2.225989999999999913e-01,2.416069999999999884e-01,8.160690000000000444e-01,-3.740620000000000056e-01,1.400411000000000072e+00,-1.743600000000000011e-02,2.185860000000000025e-01,-1.086460000000000065e-01,-2.245055999999999941e+00,-1.278143999999999947e+00,1.399999999999999911e+00,1.339798999999999962e+00,3.571900000000000075e-02,1.303549999999999986e-01,-1.533390000000000031e-01
-7.669399999999999828e-02,-4.667899999999999827e-02,8.105470000000000175e-01,7.024730000000000141e-01,5.547900000000000054e-02,6.017999999999999912e-03,-7.095190000000000108e-01,2.739999999999999923e-04,1.224640000000000034e-01,-1.258430000000000104e-01,9.590899999999999426e-02,-2.843899999999999900e-02,-2.617599999999999927e-01,-1.780450000000000088e-01,-2.854679999999999995e-01,-1.830000000000000029e-03,2.143049999999999955e-01,-5.539700000000000180e-02,1.993900000000000117e-01,2.830000000000000050e-03,-2.365899999999999948e-02,-2.178650000000000031e-01,2.322599999999999942e-01,8.004919999999999813e-01,-3.625769999999999826e-01,1.405847000000000069e+00,-3.823800000000000116e-02,2.154939999999999911e-01,-9.501900000000000623e-02,-2.244118999999999975e+00,-1.268367999999999940e+00,1.399999999999999911e+00,1.326387999999999900e+00,2.016899999999999943e-02,1.350909999999999889e-01,-1.566680000000000017e-01
-7.726600000000000135e-02,-4.748800000000000243e-02,8.093850000000000211e-01,7.008349999999999858e-01,6.026499999999999913e-02,9.269999999999999811e-04,-7.107729999999999881e-01,4.498000000000000262e-03,1.084709999999999980e-01,-1.420960000000000001e-01,9.552199999999999580e-02,-5.105400000000000216e-02,-2.617780000000000107e-01,-1.793970000000000009e-01,-3.006800000000000028e-01,5.168999999999999984e-03,2.130450000000000121e-01,-7.280499999999999472e-02,2.059489999999999932e-01,-5.069999999999999637e-04,-2.986499999999999919e-02,-2.131979999999999986e-01,2.233030000000000015e-01,7.854630000000000223e-01,-3.510869999999999824e-01,1.410941999999999918e+00,-5.906200000000000339e-02,2.124189999999999967e-01,-8.150999999999999912e-02,-2.242866999999999944e+00,-1.259260999999999964e+00,1.399999999999999911e+00,1.312648999999999955e+00,4.707000000000000246e-03,1.399140000000000106e-01,-1.599369999999999958e-01
-8.432399999999999618e-02,-4.469399999999999762e-02,8.073029999999999928e-01,7.020370000000000221e-01,5.804200000000000331e-02,3.226000000000000135e-03,-7.097639999999999505e-01,2.017899999999999902e-02,1.356219999999999926e-01,-1.328459999999999919e-01,9.685900000000000065e-02,-6.652900000000000480e-02,-2.617389999999999994e-01,-2.080400000000000027e-01,-2.837140000000000217e-01,5.104000000000000030e-03,2.665759999999999796e-01,-1.013199999999999934e-01,1.946990000000000109e-01,4.988000000000000246e-03,-3.128100000000000325e-02,-2.063760000000000039e-01,1.918459999999999888e-01,7.941540000000000266e-01,-3.515630000000000144e-01,1.406282999999999950e+00,-8.314900000000000069e-02,2.050220000000000098e-01,-6.987699999999999467e-02,-2.248361000000000054e+00,-1.273549999999999960e+00,1.399999999999999911e+00,1.272513000000000005e+00,1.450300000000000027e-02,1.367740000000000067e-01,-1.668060000000000098e-01
-9.131899999999999740e-02,-4.199100000000000055e-02,8.050340000000000273e-01,7.027959999999999763e-01,5.638900000000000162e-02,6.394999999999999643e-03,-7.091239999999999766e-01,3.434600000000000153e-02,1.636090000000000044e-01,-1.220149999999999985e-01,9.770199999999999718e-02,-8.170600000000000085e-02,-2.617169999999999774e-01,-2.395450000000000079e-01,-2.660009999999999875e-01,5.507999999999999875e-03,3.206519999999999926e-01,-1.296209999999999862e-01,1.830940000000000067e-01,3.882000000000000034e-03,-2.409100000000000130e-02,-2.000639999999999918e-01,1.690389999999999948e-01,7.918730000000000491e-01,-3.403370000000000006e-01,1.400574999999999903e+00,-1.063290000000000068e-01,1.974400000000000044e-01,-5.406099999999999794e-02,-2.261373999999999995e+00,-1.271738999999999953e+00,1.399999999999999911e+00,1.236085000000000100e+00,2.088100000000000026e-02,1.359150000000000080e-01,-1.733689999999999953e-01
-9.834400000000000086e-02,-3.939700000000000146e-02,8.026200000000000001e-01,7.036219999999999697e-01,5.536499999999999755e-02,8.857999999999999555e-03,-7.083589999999999609e-01,4.878400000000000097e-02,1.894220000000000070e-01,-1.109220000000000067e-01,9.852099999999999747e-02,-9.678699999999999803e-02,-2.613980000000000192e-01,-2.705580000000000207e-01,-2.509190000000000031e-01,5.851000000000000298e-03,3.741789999999999838e-01,-1.577880000000000116e-01,1.721580000000000055e-01,1.440000000000000091e-03,-1.773399999999999976e-02,-1.936849999999999961e-01,1.485849999999999949e-01,7.880829999999999780e-01,-3.268579999999999819e-01,1.394058999999999937e+00,-1.290669999999999873e-01,1.895439999999999903e-01,-3.754600000000000298e-02,-2.275252000000000052e+00,-1.267675000000000107e+00,1.399999999999999911e+00,1.200418999999999903e+00,2.688700000000000118e-02,1.350119999999999931e-01,-1.798130000000000006e-01
-1.011250000000000066e-01,-4.011100000000000082e-02,8.000950000000000006e-01,7.030389999999999695e-01,5.519400000000000001e-02,6.498999999999999569e-03,-7.089760000000000506e-01,3.937199999999999728e-02,1.878720000000000112e-01,-1.221219999999999944e-01,9.963700000000000334e-02,-1.133399999999999963e-01,-2.615569999999999840e-01,-2.915159999999999973e-01,-2.512380000000000169e-01,8.751999999999999363e-03,4.251079999999999859e-01,-1.838819999999999899e-01,1.680149999999999977e-01,4.590000000000000330e-03,-1.960299999999999890e-02,-1.848839999999999928e-01,1.316599999999999993e-01,7.926990000000000425e-01,-2.976960000000000162e-01,1.337126000000000037e+00,-1.547240000000000004e-01,1.752080000000000026e-01,-7.450000000000000025e-04,-2.272037000000000084e+00,-1.278254999999999919e+00,1.399999999999999911e+00,1.066464000000000079e+00,2.417700000000000057e-02,1.297830000000000095e-01,-1.815479999999999872e-01
-1.040780000000000038e-01,-4.071400000000000019e-02,7.974930000000000074e-01,7.024890000000000301e-01,5.521999999999999825e-02,4.016999999999999738e-03,-7.095380000000000020e-01,2.977899999999999991e-02,1.858730000000000104e-01,-1.334579999999999933e-01,1.007989999999999997e-01,-1.298189999999999900e-01,-2.616859999999999742e-01,-3.122300000000000075e-01,-2.518810000000000215e-01,1.183999999999999983e-02,4.752790000000000070e-01,-2.095279999999999920e-01,1.638449999999999906e-01,8.718999999999999320e-03,-2.264000000000000040e-02,-1.760079999999999978e-01,1.157220000000000054e-01,7.975999999999999757e-01,-2.682869999999999977e-01,1.277727999999999975e+00,-1.789399999999999880e-01,1.613989999999999869e-01,3.720400000000000096e-02,-2.268365999999999882e+00,-1.292302999999999980e+00,1.399999999999999911e+00,9.282610000000000028e-01,2.233500000000000069e-02,1.271049999999999958e-01,-1.828220000000000123e-01
-1.069630000000000025e-01,-4.132000000000000256e-02,7.950220000000000065e-01,7.019549999999999956e-01,5.533699999999999730e-02,1.413999999999999892e-03,-7.100670000000000037e-01,2.010699999999999987e-02,1.835229999999999917e-01,-1.448770000000000058e-01,1.020270000000000066e-01,-1.461669999999999914e-01,-2.617269999999999874e-01,-3.323949999999999960e-01,-2.527070000000000149e-01,1.512699999999999982e-02,5.241390000000000216e-01,-2.343860000000000110e-01,1.597010000000000096e-01,1.327099999999999981e-02,-2.565399999999999972e-02,-1.670510000000000050e-01,1.001989999999999964e-01,8.012989999999999835e-01,-2.385190000000000088e-01,1.218000999999999889e+00,-2.014479999999999882e-01,1.469810000000000005e-01,7.580900000000000138e-02,-2.264657999999999838e+00,-1.306505000000000027e+00,1.399999999999999911e+00,7.894759999999999556e-01,2.088599999999999832e-02,1.246950000000000003e-01,-1.838229999999999864e-01
-1.110519999999999979e-01,-4.035199999999999898e-02,7.920530000000000070e-01,7.034000000000000252e-01,5.369199999999999667e-02,2.004000000000000139e-03,-7.087599999999999456e-01,9.220000000000000764e-03,1.930659999999999876e-01,-1.412339999999999984e-01,1.079480000000000023e-01,-1.430250000000000132e-01,-2.615649999999999920e-01,-3.475960000000000161e-01,-2.450050000000000006e-01,1.349999999999999985e-02,5.602070000000000105e-01,-2.544190000000000063e-01,1.542959999999999887e-01,1.553200000000000067e-02,-3.013700000000000059e-02,-1.595759999999999956e-01,9.733100000000000085e-02,8.059100000000000152e-01,-2.011010000000000020e-01,1.063776000000000055e+00,-2.153380000000000016e-01,1.285769999999999968e-01,1.152939999999999937e-01,-2.245264999999999844e+00,-1.317018000000000022e+00,1.399999999999999911e+00,5.920680000000000387e-01,1.669500000000000151e-02,1.182290000000000008e-01,-1.451010000000000078e-01
-1.139479999999999937e-01,-3.964499999999999968e-02,7.892090000000000494e-01,7.048269999999999813e-01,5.256999999999999867e-02,2.096999999999999906e-03,-7.074259999999999993e-01,-1.093000000000000005e-03,1.987309999999999910e-01,-1.369329999999999992e-01,1.138919999999999932e-01,-1.401650000000000118e-01,-2.584179999999999811e-01,-3.614640000000000075e-01,-2.407870000000000010e-01,1.238399999999999918e-02,5.936270000000000158e-01,-2.725299999999999945e-01,1.498160000000000047e-01,1.697999999999999857e-02,-3.513899999999999663e-02,-1.526460000000000039e-01,1.008990000000000026e-01,8.076489999999999503e-01,-1.605000000000000038e-01,9.012879999999999781e-01,-2.243759999999999921e-01,1.140489999999999976e-01,1.571660000000000001e-01,-2.223440999999999779e+00,-1.329736000000000029e+00,1.399999999999999911e+00,3.888670000000000182e-01,1.636599999999999860e-02,1.146370000000000028e-01,-1.065210000000000046e-01
-1.160479999999999984e-01,-3.915300000000000030e-02,7.865879999999999539e-01,7.062829999999999941e-01,5.185800000000000132e-02,1.709000000000000016e-03,-7.060260000000000424e-01,-1.108800000000000063e-02,2.013919999999999877e-01,-1.322429999999999994e-01,1.199589999999999962e-01,-1.373800000000000021e-01,-2.531300000000000217e-01,-3.745319999999999760e-01,-2.390849999999999920e-01,1.231499999999999956e-02,6.255340000000000344e-01,-2.899289999999999923e-01,1.468190000000000051e-01,1.759399999999999853e-02,-4.083900000000000030e-02,-1.461280000000000079e-01,1.067079999999999973e-01,8.066360000000000197e-01,-1.194719999999999949e-01,7.368519999999999515e-01,-2.284779999999999867e-01,9.996099999999999430e-02,1.993969999999999909e-01,-2.199755000000000127e+00,-1.342910000000000048e+00,1.399999999999999911e+00,1.838629999999999987e-01,1.932000000000000037e-02,1.114470000000000044e-01,-6.862600000000000644e-02
-1.163109999999999977e-01,-3.767600000000000116e-02,7.843560000000000532e-01,7.082049999999999734e-01,5.221300000000000247e-02,2.949999999999999931e-03,-7.040669999999999984e-01,-1.824599999999999833e-02,2.039060000000000039e-01,-1.172590000000000021e-01,1.210659999999999931e-01,-1.284470000000000056e-01,-2.421010000000000106e-01,-3.873599999999999821e-01,-2.405579999999999941e-01,9.006000000000000116e-03,6.453769999999999785e-01,-3.006679999999999908e-01,1.473879999999999912e-01,1.705999999999999878e-02,-4.136200000000000293e-02,-1.412390000000000034e-01,1.141169999999999962e-01,8.004940000000000389e-01,-8.938400000000000512e-02,5.705770000000000008e-01,-2.238380000000000092e-01,9.170799999999999785e-02,2.312909999999999966e-01,-2.162943999999999978e+00,-1.374454999999999982e+00,1.399999999999999911e+00,-2.111400000000000082e-02,2.832000000000000142e-02,1.085549999999999987e-01,-2.364600000000000035e-02
-1.166230000000000044e-01,-3.608399999999999802e-02,7.821200000000000374e-01,7.100699999999999790e-01,5.247500000000000081e-02,4.316999999999999657e-03,-7.021600000000000064e-01,-2.509199999999999972e-02,2.068679999999999963e-01,-1.018830000000000013e-01,1.217899999999999955e-01,-1.193909999999999971e-01,-2.311159999999999881e-01,-3.996810000000000085e-01,-2.417370000000000074e-01,5.453000000000000382e-03,6.639869999999999939e-01,-3.105600000000000027e-01,1.469900000000000095e-01,1.785000000000000128e-02,-4.184199999999999725e-02,-1.367909999999999959e-01,1.202069999999999944e-01,7.933719999999999661e-01,-6.303400000000000669e-02,4.035549999999999971e-01,-2.156039999999999901e-01,8.489900000000000224e-02,2.619949999999999779e-01,-2.123644999999999783e+00,-1.407917000000000085e+00,1.399999999999999911e+00,-2.282869999999999899e-01,3.864800000000000180e-02,1.065129999999999966e-01,1.816100000000000006e-02
-1.169420000000000043e-01,-3.454100000000000226e-02,7.800010000000000554e-01,7.119400000000000173e-01,5.271100000000000091e-02,5.682999999999999684e-03,-7.002359999999999696e-01,-3.170400000000000301e-02,2.099719999999999920e-01,-8.633200000000000596e-02,1.224190000000000000e-01,-1.102800000000000030e-01,-2.201510000000000133e-01,-4.118229999999999946e-01,-2.429169999999999940e-01,1.845999999999999985e-03,6.822529999999999983e-01,-3.202220000000000066e-01,1.465420000000000056e-01,1.918600000000000166e-02,-4.221799999999999858e-02,-1.323749999999999927e-01,1.255139999999999867e-01,7.853329999999999478e-01,-3.977100000000000080e-02,2.357899999999999996e-01,-2.040410000000000001e-01,7.933500000000000274e-02,2.912549999999999861e-01,-2.082850999999999786e+00,-1.442199999999999926e+00,1.399999999999999911e+00,-4.370569999999999733e-01,4.968000000000000194e-02,1.053710000000000063e-01,5.701900000000000024e-02
-1.164489999999999970e-01,-3.360699999999999799e-02,7.804090000000000193e-01,7.137400000000000411e-01,5.339900000000000202e-02,7.267000000000000022e-03,-6.983340000000000103e-01,-5.649200000000000055e-02,2.103089999999999959e-01,-6.558200000000000141e-02,1.475579999999999947e-01,-1.158549999999999996e-01,-2.153029999999999944e-01,-4.121730000000000116e-01,-2.441869999999999874e-01,-1.557000000000000007e-03,6.763310000000000155e-01,-3.185430000000000206e-01,1.473569999999999880e-01,2.856900000000000064e-02,-4.303099999999999981e-02,-1.282679999999999931e-01,1.130420000000000036e-01,7.909709999999999797e-01,-1.987299999999999831e-02,7.636800000000000532e-02,-1.944809999999999872e-01,8.176799999999999347e-02,3.057300000000000018e-01,-2.028726999999999947e+00,-1.483648999999999996e+00,1.399999999999999911e+00,-5.325360000000000094e-01,6.193400000000000294e-02,1.134789999999999965e-01,8.292900000000000271e-02
-1.160520000000000024e-01,-3.260500000000000204e-02,7.809540000000000370e-01,7.153509999999999591e-01,5.380999999999999672e-02,9.211999999999999703e-03,-6.966299999999999715e-01,-8.209900000000000531e-02,2.117950000000000110e-01,-4.463099999999999706e-02,1.742479999999999862e-01,-1.221269999999999994e-01,-2.104020000000000057e-01,-4.118979999999999864e-01,-2.441830000000000112e-01,-5.399000000000000153e-03,6.682430000000000314e-01,-3.153130000000000099e-01,1.478720000000000034e-01,3.863199999999999967e-02,-4.156399999999999678e-02,-1.251339999999999952e-01,9.832799999999999874e-02,7.960420000000000273e-01,-4.578999999999999737e-03,-7.959600000000000009e-02,-1.840940000000000076e-01,8.352900000000000602e-02,3.180859999999999799e-01,-1.974102000000000023e+00,-1.521401999999999921e+00,1.399999999999999911e+00,-6.212259999999999449e-01,7.334200000000000441e-02,1.161039999999999989e-01,1.075450000000000017e-01
-1.156510000000000038e-01,-3.146100000000000285e-02,7.815549999999999997e-01,7.169569999999999554e-01,5.420799999999999924e-02,1.119299999999999982e-02,-6.949159999999999782e-01,-1.081349999999999950e-01,2.134340000000000126e-01,-2.362200000000000064e-02,2.019120000000000081e-01,-1.289170000000000038e-01,-2.052740000000000120e-01,-4.114630000000000232e-01,-2.440610000000000002e-01,-9.341000000000000345e-03,6.595619999999999816e-01,-3.116780000000000106e-01,1.483410000000000006e-01,4.834399999999999809e-02,-3.873800000000000160e-02,-1.221730000000000038e-01,8.382799999999999974e-02,8.005769999999999831e-01,8.378999999999999296e-03,-2.349330000000000029e-01,-1.722990000000000077e-01,8.520300000000000096e-02,3.286419999999999897e-01,-1.919853999999999949e+00,-1.557920999999999889e+00,1.399999999999999911e+00,-7.091060000000000141e-01,8.431400000000000006e-02,1.179020000000000068e-01,1.305350000000000121e-01
-1.125189999999999940e-01,-3.031800000000000120e-02,7.826309999999999656e-01,7.174030000000000129e-01,5.326000000000000179e-02,1.499900000000000018e-02,-6.944569999999999910e-01,-1.136899999999999994e-01,2.149880000000000124e-01,-1.873800000000000118e-02,1.944039999999999935e-01,-1.266720000000000068e-01,-1.964200000000000113e-01,-4.075909999999999811e-01,-2.416739999999999999e-01,-1.444100000000000071e-02,6.404509999999999925e-01,-2.987339999999999995e-01,1.512300000000000033e-01,7.054100000000000648e-02,-2.410699999999999996e-02,-1.210350000000000037e-01,5.730699999999999683e-02,7.909110000000000307e-01,5.082999999999999845e-03,-3.300420000000000020e-01,-1.636189999999999867e-01,9.468999999999999639e-02,3.248610000000000109e-01,-1.837166999999999994e+00,-1.593193000000000081e+00,1.399999999999999911e+00,-7.566469999999999585e-01,1.045460000000000000e-01,1.239600000000000007e-01,1.492330000000000045e-01
-1.091720000000000051e-01,-2.910300000000000040e-02,7.837969999999999660e-01,7.178060000000000551e-01,5.175899999999999945e-02,1.850399999999999961e-02,-6.940699999999999648e-01,-1.174899999999999972e-01,2.168210000000000137e-01,-1.364199999999999961e-02,1.859319999999999862e-01,-1.239890000000000020e-01,-1.874730000000000008e-01,-4.016560000000000130e-01,-2.391870000000000107e-01,-1.986600000000000171e-02,6.195220000000000171e-01,-2.847069999999999879e-01,1.545179999999999887e-01,9.151099999999999512e-02,-6.701999999999999624e-03,-1.206419999999999992e-01,3.030499999999999861e-02,7.802529999999999744e-01,1.719999999999999958e-03,-4.187089999999999979e-01,-1.555610000000000048e-01,1.006279999999999952e-01,3.189960000000000018e-01,-1.753698999999999897e+00,-1.624406999999999934e+00,1.399966000000000044e+00,-8.018049999999999899e-01,1.243599999999999983e-01,1.273579999999999990e-01,1.660250000000000059e-01
-1.057929999999999982e-01,-2.799000000000000099e-02,7.848739999999999606e-01,7.182150000000000478e-01,5.016600000000000226e-02,2.183500000000000024e-02,-6.936670000000000336e-01,-1.209130000000000066e-01,2.183599999999999985e-01,-8.484999999999999487e-03,1.775990000000000069e-01,-1.215109999999999940e-01,-1.783359999999999945e-01,-3.951629999999999865e-01,-2.370109999999999995e-01,-2.515699999999999881e-02,5.982300000000000395e-01,-2.705600000000000227e-01,1.580249999999999988e-01,1.089630000000000043e-01,1.284500000000000051e-02,-1.215009999999999979e-01,7.828999999999999154e-03,7.689249999999999696e-01,2.256999999999999892e-03,-5.068719999999999892e-01,-1.479669999999999874e-01,1.063110000000000027e-01,3.125720000000000165e-01,-1.670196000000000014e+00,-1.650566999999999895e+00,1.399715000000000042e+00,-8.471760000000000401e-01,1.440579999999999916e-01,1.305330000000000101e-01,1.810809999999999920e-01
-1.036839999999999984e-01,-2.881200000000000080e-02,7.875769999999999715e-01,7.178919999999999746e-01,4.892900000000000027e-02,2.617399999999999935e-02,-6.939389999999999725e-01,-1.176600000000000007e-01,2.212359999999999882e-01,8.784000000000000141e-03,1.649799999999999878e-01,-1.162200000000000039e-01,-1.704910000000000037e-01,-3.753750000000000142e-01,-2.293109999999999871e-01,-3.118999999999999898e-02,5.525189999999999824e-01,-2.511490000000000111e-01,1.590749999999999942e-01,1.134679999999999994e-01,3.524200000000000249e-02,-1.241209999999999952e-01,2.124000000000000020e-03,7.578589999999999494e-01,-4.429899999999999810e-02,-5.486189999999999678e-01,-1.447640000000000038e-01,1.111100000000000004e-01,2.834880000000000178e-01,-1.538693000000000088e+00,-1.650552999999999937e+00,1.380249999999999977e+00,-8.430100000000000371e-01,1.609369999999999967e-01,1.359390000000000043e-01,1.890209999999999946e-01
-1.018909999999999955e-01,-2.975600000000000120e-02,7.902829999999999577e-01,7.175010000000000554e-01,4.739199999999999663e-02,3.050200000000000133e-02,-6.942739999999999467e-01,-1.135850000000000054e-01,2.249740000000000073e-01,2.616900000000000129e-02,1.518079999999999985e-01,-1.108389999999999931e-01,-1.634329999999999949e-01,-3.545429999999999970e-01,-2.206369999999999998e-01,-3.753100000000000186e-02,5.057469999999999466e-01,-2.314690000000000081e-01,1.595380000000000131e-01,1.106140000000000040e-01,5.487500000000000017e-02,-1.287669999999999926e-01,2.390000000000000197e-03,7.518909999999999760e-01,-8.444100000000000217e-02,-5.883599999999999941e-01,-1.420740000000000058e-01,1.143379999999999952e-01,2.544370000000000243e-01,-1.377806000000000086e+00,-1.636530000000000040e+00,1.331898999999999944e+00,-8.353890000000000482e-01,1.748010000000000119e-01,1.399320000000000008e-01,2.002579999999999916e-01
-1.008249999999999980e-01,-3.083500000000000130e-02,7.927980000000000027e-01,7.171769999999999534e-01,4.592600000000000154e-02,3.477399999999999936e-02,-6.945059999999999567e-01,-1.091730000000000061e-01,2.293820000000000026e-01,4.330500000000000321e-02,1.380020000000000135e-01,-1.052270000000000011e-01,-1.576519999999999866e-01,-3.341500000000000026e-01,-2.112690000000000123e-01,-4.416300000000000087e-02,4.603869999999999907e-01,-2.129439999999999944e-01,1.589520000000000099e-01,9.980100000000000082e-02,6.644500000000000406e-02,-1.349629999999999996e-01,9.450999999999999332e-03,7.557139999999999969e-01,-1.172779999999999934e-01,-6.291250000000000453e-01,-1.400579999999999881e-01,1.174479999999999968e-01,2.255050000000000110e-01,-1.179897999999999891e+00,-1.605007999999999990e+00,1.247079000000000049e+00,-8.251749999999999918e-01,1.829179999999999973e-01,1.444719999999999893e-01,2.172129999999999894e-01
-9.713199999999999612e-02,-3.200599999999999973e-02,7.959840000000000249e-01,7.177040000000000086e-01,4.290299999999999669e-02,3.792600000000000138e-02,-6.939899999999999958e-01,-1.057140000000000024e-01,2.312670000000000003e-01,5.206700000000000217e-02,1.313060000000000060e-01,-8.960999999999999521e-02,-1.546859999999999902e-01,-2.882350000000000190e-01,-2.038059999999999872e-01,-5.295099999999999807e-02,3.741789999999999838e-01,-1.751659999999999884e-01,1.640560000000000074e-01,8.237999999999999490e-02,7.264199999999999824e-02,-1.400450000000000028e-01,3.030000000000000054e-02,7.799319999999999586e-01,-2.011219999999999952e-01,-6.556079999999999686e-01,-1.441359999999999864e-01,1.213430000000000064e-01,1.705689999999999984e-01,-9.544399999999999551e-01,-1.539603999999999973e+00,1.112354000000000065e+00,-7.827790000000000026e-01,1.778190000000000048e-01,1.521800000000000097e-01,2.299630000000000007e-01
-9.444400000000000017e-02,-3.336999999999999689e-02,7.990199999999999525e-01,7.183530000000000193e-01,3.944299999999999889e-02,4.086100000000000149e-02,-6.933559999999999723e-01,-1.006670000000000065e-01,2.349299999999999999e-01,6.033299999999999774e-02,1.234760000000000024e-01,-7.344299999999999440e-02,-1.532850000000000046e-01,-2.404139999999999888e-01,-1.943570000000000020e-01,-6.264599999999999336e-02,2.870070000000000121e-01,-1.373600000000000099e-01,1.666900000000000048e-01,7.589700000000000613e-02,6.486400000000000499e-02,-1.443969999999999976e-01,3.788300000000000001e-02,8.183820000000000539e-01,-2.983180000000000276e-01,-6.834689999999999932e-01,-1.491159999999999985e-01,1.249859999999999999e-01,1.161539999999999934e-01,-7.078740000000000032e-01,-1.466153999999999957e+00,9.594089999999999563e-01,-7.456199999999999495e-01,1.614389999999999992e-01,1.584170000000000023e-01,2.527579999999999827e-01
-9.182600000000000484e-02,-3.486100000000000310e-02,8.019519999999999982e-01,7.189969999999999972e-01,3.626200000000000256e-02,4.341600000000000320e-02,-6.927069999999999617e-01,-9.555800000000000405e-02,2.375249999999999861e-01,6.883200000000000429e-02,1.159270000000000023e-01,-5.751099999999999962e-02,-1.517809999999999993e-01,-1.926769999999999872e-01,-1.855850000000000000e-01,-7.144799999999999762e-02,1.999920000000000031e-01,-9.973899999999999433e-02,1.695510000000000073e-01,8.420800000000000507e-02,5.348200000000000176e-02,-1.483619999999999939e-01,2.642800000000000010e-02,8.585720000000000018e-01,-4.131870000000000265e-01,-7.119560000000000333e-01,-1.551649999999999974e-01,1.282220000000000026e-01,6.288900000000000046e-02,-4.840149999999999730e-01,-1.394802000000000097e+00,8.318860000000000143e-01,-7.182570000000000343e-01,1.417829999999999924e-01,1.641259999999999941e-01,2.770270000000000232e-01
-8.874899999999999456e-02,-3.700300000000000117e-02,8.049920000000000408e-01,7.215540000000000287e-01,3.161100000000000021e-02,4.569899999999999657e-02,-6.901249999999999885e-01,-8.972700000000000120e-02,2.435769999999999880e-01,6.914900000000000213e-02,1.141049999999999981e-01,-3.564599999999999713e-02,-1.545430000000000137e-01,-1.774969999999999881e-01,-1.776149999999999951e-01,-6.894999999999999740e-02,1.909480000000000066e-01,-6.869100000000000206e-02,1.657540000000000124e-01,9.852199999999999847e-02,5.253700000000000037e-02,-1.513009999999999911e-01,4.381899999999999684e-02,8.700149999999999828e-01,-4.880700000000000038e-01,-6.612130000000000507e-01,-1.554069999999999896e-01,1.348719999999999919e-01,1.824200000000000127e-02,-3.230799999999999783e-01,-1.331070999999999893e+00,7.339839999999999698e-01,-6.595180000000000486e-01,1.202799999999999980e-01,1.716900000000000093e-01,2.980119999999999991e-01
-8.528800000000000270e-02,-3.879799999999999915e-02,8.078560000000000185e-01,7.241030000000000522e-01,2.749700000000000061e-02,4.770499999999999741e-02,-6.874900000000000455e-01,-8.548400000000000443e-02,2.477880000000000082e-01,6.949500000000000122e-02,1.132429999999999964e-01,-1.367400000000000039e-02,-1.563080000000000025e-01,-1.661719999999999864e-01,-1.721910000000000107e-01,-6.835600000000000009e-02,1.877109999999999890e-01,-4.040500000000000341e-02,1.632359999999999922e-01,1.089610000000000023e-01,5.588900000000000118e-02,-1.554429999999999978e-01,6.456699999999999939e-02,8.732079999999999842e-01,-5.562249999999999694e-01,-6.097869999999999679e-01,-1.525809999999999944e-01,1.386370000000000102e-01,-2.774300000000000030e-02,-2.118909999999999960e-01,-1.263841999999999910e+00,6.850669999999999815e-01,-5.984439999999999760e-01,1.011119999999999935e-01,1.777440000000000131e-01,3.137460000000000249e-01
-8.159800000000000386e-02,-4.050399999999999834e-02,8.107320000000000082e-01,7.266510000000000469e-01,2.327200000000000102e-02,4.952700000000000158e-02,-6.848239999999999883e-01,-8.149700000000000000e-02,2.516349999999999976e-01,6.973899999999999544e-02,1.127849999999999964e-01,8.378999999999999296e-03,-1.575870000000000049e-01,-1.550030000000000019e-01,-1.671380000000000088e-01,-6.747499999999999332e-02,1.849379999999999913e-01,-1.207000000000000087e-02,1.610800000000000010e-01,1.146329999999999988e-01,6.218400000000000316e-02,-1.598660000000000081e-01,9.132800000000000640e-02,8.710879999999999734e-01,-6.149149999999999894e-01,-5.619889999999999608e-01,-1.467090000000000061e-01,1.416959999999999886e-01,-7.403400000000000258e-02,-1.329420000000000046e-01,-1.192549999999999999e+00,6.669190000000000396e-01,-5.361609999999999987e-01,8.290599999999999359e-02,1.833500000000000130e-01,3.258210000000000273e-01
-7.677499999999999603e-02,-4.224800000000000083e-02,8.124029999999999863e-01,7.305409999999999959e-01,1.810300000000000104e-02,5.197299999999999837e-02,-6.806470000000000020e-01,-7.874200000000000643e-02,2.565509999999999735e-01,6.585399999999999587e-02,1.136599999999999971e-01,1.583000000000000032e-02,-1.573219999999999896e-01,-1.416239999999999999e-01,-1.627639999999999920e-01,-7.496200000000000085e-02,1.820970000000000089e-01,8.475999999999999160e-03,1.586879999999999957e-01,1.111800000000000010e-01,7.095300000000000218e-02,-1.654210000000000125e-01,9.504600000000000548e-02,8.533089999999999842e-01,-6.382219999999999560e-01,-5.251540000000000097e-01,-1.369009999999999949e-01,1.425559999999999883e-01,-1.030670000000000058e-01,-1.042020000000000030e-01,-1.130106999999999973e+00,6.546969999999999734e-01,-4.829550000000000232e-01,5.470400000000000262e-02,1.871180000000000065e-01,3.427740000000000231e-01
-7.191699999999999482e-02,-4.398699999999999832e-02,8.140840000000000298e-01,7.344209999999999905e-01,1.262199999999999954e-02,5.422500000000000236e-02,-6.764069999999999805e-01,-7.578500000000000514e-02,2.616009999999999724e-01,6.180900000000000283e-02,1.148890000000000050e-01,2.315700000000000050e-02,-1.569059999999999899e-01,-1.276919999999999999e-01,-1.583309999999999995e-01,-8.268799999999999761e-02,1.792489999999999917e-01,2.921800000000000092e-02,1.567399999999999904e-01,1.043960000000000027e-01,8.150899999999999812e-02,-1.701570000000000027e-01,1.024589999999999945e-01,8.312650000000000317e-01,-6.520369999999999777e-01,-4.941829999999999834e-01,-1.246249999999999997e-01,1.424910000000000065e-01,-1.315870000000000095e-01,-8.623000000000000109e-02,-1.065288000000000013e+00,6.489770000000000261e-01,-4.327429999999999888e-01,2.675299999999999900e-02,1.901639999999999997e-01,3.562620000000000231e-01
-6.688099999999999601e-02,-4.564300000000000301e-02,8.157659999999999911e-01,7.382560000000000233e-01,7.066000000000000232e-03,5.639799999999999675e-02,-6.721219999999999972e-01,-7.285899999999999321e-02,2.666160000000000196e-01,5.776900000000000091e-02,1.161530000000000062e-01,3.050800000000000040e-02,-1.563799999999999912e-01,-1.137179999999999996e-01,-1.539260000000000073e-01,-9.027399999999999314e-02,1.765349999999999975e-01,4.994799999999999934e-02,1.547969999999999902e-01,9.676099999999999979e-02,9.235100000000000253e-02,-1.749519999999999964e-01,1.108930000000000055e-01,8.062660000000000382e-01,-6.593020000000000547e-01,-4.698350000000000026e-01,-1.097230000000000011e-01,1.410899999999999932e-01,-1.595459999999999934e-01,-7.161700000000000010e-02,-9.970499999999999918e-01,6.420649999999999968e-01,-3.871249999999999969e-01,-2.013000000000000032e-03,1.917500000000000038e-01,3.667839999999999989e-01
-6.389899999999999747e-02,-4.718499999999999778e-02,8.162709999999999688e-01,7.412109999999999532e-01,2.710000000000000169e-03,5.786000000000000171e-02,-6.687680000000000291e-01,-6.983699999999999630e-02,2.717860000000000276e-01,5.398599999999999927e-02,1.169499999999999984e-01,3.101100000000000037e-02,-1.559129999999999960e-01,-1.013639999999999958e-01,-1.495519999999999905e-01,-9.855700000000000571e-02,1.724130000000000107e-01,6.055800000000000072e-02,1.526700000000000002e-01,8.462200000000000277e-02,9.883500000000000618e-02,-1.749979999999999869e-01,1.231890000000000068e-01,7.538610000000000033e-01,-6.356629999999999781e-01,-3.791289999999999938e-01,-8.590299999999999325e-02,1.415440000000000031e-01,-1.754549999999999998e-01,-4.560999999999999777e-02,-9.335409999999999542e-01,6.230210000000000470e-01,-3.469030000000000169e-01,-1.995200000000000098e-02,1.891780000000000128e-01,3.667960000000000109e-01
-6.083800000000000319e-02,-4.875100000000000267e-02,8.168670000000000098e-01,7.441489999999999494e-01,-1.670000000000000043e-03,5.926700000000000024e-02,-6.653769999999999962e-01,-6.684800000000000464e-02,2.767839999999999745e-01,5.021300000000000069e-02,1.178160000000000041e-01,3.143699999999999967e-02,-1.552669999999999884e-01,-8.910500000000000365e-02,-1.454469999999999930e-01,-1.070580000000000004e-01,1.685979999999999979e-01,7.115799999999999903e-02,1.515710000000000113e-01,7.270600000000000673e-02,1.059269999999999934e-01,-1.749239999999999962e-01,1.337629999999999930e-01,6.969570000000000487e-01,-6.077110000000000012e-01,-2.925200000000000022e-01,-5.721199999999999897e-02,1.377829999999999888e-01,-1.899909999999999932e-01,-2.111800000000000135e-02,-8.677120000000000388e-01,5.996730000000000116e-01,-3.145569999999999755e-01,-3.867500000000000104e-02,1.852880000000000082e-01,3.643759999999999777e-01
-5.758300000000000224e-02,-5.032199999999999868e-02,8.173690000000000122e-01,7.470430000000000126e-01,-6.020000000000000177e-03,6.068799999999999889e-02,-6.619720000000000049e-01,-6.393400000000000472e-02,2.817259999999999764e-01,4.650900000000000173e-02,1.186419999999999975e-01,3.184300000000000325e-02,-1.545700000000000129e-01,-7.695499999999999563e-02,-1.413820000000000077e-01,-1.154519999999999991e-01,1.648729999999999918e-01,8.172000000000000097e-02,1.504989999999999939e-01,6.099700000000000261e-02,1.130970000000000031e-01,-1.749620000000000064e-01,1.439040000000000041e-01,6.384499999999999620e-01,-5.755529999999999813e-01,-2.134189999999999976e-01,-2.468400000000000108e-02,1.321370000000000045e-01,-2.024199999999999888e-01,2.272000000000000148e-03,-7.990709999999999757e-01,5.716900000000000315e-01,-2.905659999999999910e-01,-5.866799999999999793e-02,1.801310000000000133e-01,3.598100000000000187e-01
-5.619999999999999996e-02,-5.276600000000000040e-02,8.175409999999999622e-01,7.510989999999999611e-01,-7.458000000000000219e-03,6.133500000000000063e-02,-6.572919999999999874e-01,-6.333099999999999841e-02,2.817100000000000160e-01,3.655900000000000122e-02,1.181279999999999969e-01,3.238699999999999912e-02,-1.563029999999999975e-01,-6.516199999999999770e-02,-1.408719999999999972e-01,-1.222199999999999953e-01,1.596249999999999891e-01,8.486599999999999699e-02,1.515459999999999863e-01,5.648100000000000342e-02,1.106729999999999936e-01,-1.728820000000000079e-01,1.407160000000000077e-01,5.564080000000000137e-01,-5.338810000000000500e-01,-1.128699999999999981e-01,2.593999999999999952e-03,1.203179999999999944e-01,-1.835309999999999997e-01,1.187200000000000061e-02,-7.088640000000000496e-01,5.619699999999999696e-01,-1.805549999999999933e-01,-8.210699999999999943e-02,1.742980000000000085e-01,3.377020000000000022e-01
-5.493699999999999972e-02,-5.507800000000000196e-02,8.176330000000000542e-01,7.551639999999999464e-01,-8.940999999999999295e-03,6.178700000000000164e-02,-6.525570000000000537e-01,-6.269399999999999973e-02,2.816540000000000155e-01,2.666599999999999873e-02,1.176259999999999944e-01,3.312999999999999973e-02,-1.580280000000000018e-01,-5.368200000000000055e-02,-1.404990000000000128e-01,-1.288690000000000113e-01,1.552379999999999871e-01,8.781400000000000317e-02,1.519870000000000110e-01,5.015700000000000019e-02,1.081949999999999995e-01,-1.701439999999999897e-01,1.366080000000000072e-01,4.763330000000000064e-01,-4.892500000000000182e-01,-1.597799999999999915e-02,3.052500000000000005e-02,1.057290000000000035e-01,-1.623350000000000071e-01,1.801099999999999923e-02,-6.139320000000000332e-01,5.503980000000000539e-01,-7.007900000000000240e-02,-1.051340000000000052e-01,1.635540000000000049e-01,3.104959999999999942e-01
-5.365600000000000230e-02,-5.737099999999999839e-02,8.177990000000000537e-01,7.592200000000000060e-01,-1.044600000000000042e-02,6.220400000000000235e-02,-6.477709999999999857e-01,-6.199299999999999949e-02,2.816699999999999759e-01,1.668999999999999997e-02,1.171060000000000018e-01,3.390300000000000258e-02,-1.598479999999999901e-01,-4.225099999999999689e-02,-1.400919999999999943e-01,-1.355879999999999863e-01,1.511409999999999976e-01,9.059699999999999698e-02,1.523599999999999954e-01,4.366699999999999748e-02,1.058999999999999941e-01,-1.674319999999999975e-01,1.324799999999999867e-01,4.007569999999999744e-01,-4.444560000000000177e-01,7.539200000000000068e-02,5.862599999999999756e-02,9.093900000000000594e-02,-1.399390000000000078e-01,2.578799999999999842e-02,-5.186739999999999684e-01,5.344430000000000014e-01,3.482099999999999779e-02,-1.270749999999999935e-01,1.523460000000000092e-01,2.802640000000000131e-01
-5.220199999999999840e-02,-5.911099999999999688e-02,8.178950000000000387e-01,7.619599999999999707e-01,-1.048900000000000006e-02,6.268100000000000060e-02,-6.444980000000000153e-01,-6.257899999999999574e-02,2.792470000000000230e-01,1.007100000000000009e-02,1.161900000000000016e-01,3.414500000000000174e-02,-1.601180000000000103e-01,-3.563899999999999707e-02,-1.425079999999999958e-01,-1.449000000000000010e-01,1.480690000000000062e-01,9.196100000000000108e-02,1.549280000000000102e-01,3.546400000000000247e-02,1.069760000000000016e-01,-1.584309999999999885e-01,1.240499999999999936e-01,2.921500000000000208e-01,-4.011600000000000166e-01,2.102650000000000075e-01,4.297800000000000231e-02,7.944099999999999773e-02,-9.564599999999999491e-02,3.140500000000000236e-02,-4.076469999999999816e-01,5.091310000000000002e-01,1.806460000000000010e-01,-1.094009999999999982e-01,1.365989999999999982e-01,2.249919999999999976e-01
-5.087300000000000155e-02,-6.040700000000000236e-02,8.180469999999999686e-01,7.647230000000000416e-01,-1.086799999999999919e-02,6.272099999999999898e-02,-6.412069999999999714e-01,-6.296300000000000507e-02,2.770429999999999837e-01,3.749000000000000162e-03,1.160879999999999967e-01,3.444900000000000045e-02,-1.604200000000000070e-01,-2.908600000000000074e-02,-1.445460000000000078e-01,-1.511919999999999931e-01,1.462749999999999884e-01,9.373299999999999688e-02,1.555130000000000123e-01,2.821099999999999997e-02,1.087270000000000042e-01,-1.502189999999999914e-01,1.142800000000000066e-01,1.952969999999999984e-01,-3.619640000000000080e-01,3.467419999999999947e-01,2.273199999999999874e-02,6.671599999999999753e-02,-5.797000000000000069e-02,3.733899999999999719e-02,-3.046860000000000124e-01,4.822270000000000167e-01,3.248650000000000149e-01,-8.650299999999999656e-02,1.191090000000000065e-01,1.749920000000000087e-01
-4.968100000000000294e-02,-6.143099999999999949e-02,8.180920000000000414e-01,7.674910000000000343e-01,-1.158600000000000081e-02,6.237800000000000289e-02,-6.379129999999999523e-01,-6.307699999999999418e-02,2.749840000000000062e-01,-2.791000000000000078e-03,1.166880000000000001e-01,3.476499999999999729e-02,-1.608219999999999927e-01,-2.235699999999999840e-02,-1.464789999999999981e-01,-1.574240000000000084e-01,1.453879999999999895e-01,9.540600000000000469e-02,1.559210000000000040e-01,2.196800000000000141e-02,1.111570000000000058e-01,-1.435190000000000077e-01,1.056139999999999995e-01,1.116960000000000036e-01,-3.292829999999999924e-01,4.845650000000000235e-01,-9.389999999999999476e-04,5.585299999999999987e-02,-2.843599999999999947e-02,4.508299999999999808e-02,-2.119020000000000070e-01,4.566200000000000259e-01,4.668289999999999940e-01,-6.044800000000000173e-02,1.031210000000000043e-01,1.329289999999999916e-01
-4.871799999999999742e-02,-6.072400000000000020e-02,8.181920000000000304e-01,7.692529999999999646e-01,-1.258300000000000043e-02,6.030900000000000150e-02,-6.359669999999999490e-01,-6.176999999999999852e-02,2.701040000000000108e-01,-1.128900000000000042e-02,1.188130000000000019e-01,3.560699999999999976e-02,-1.579339999999999911e-01,-1.766399999999999915e-02,-1.503680000000000017e-01,-1.599790000000000101e-01,1.484920000000000129e-01,9.518100000000000172e-02,1.595769999999999966e-01,1.972099999999999895e-02,1.100330000000000058e-01,-1.308120000000000116e-01,7.948500000000000010e-02,6.759600000000000330e-02,-2.937750000000000083e-01,5.280299999999999994e-01,-5.824700000000000016e-02,5.817800000000000055e-02,-3.420999999999999996e-03,3.443500000000000033e-02,-1.529050000000000131e-01,4.048820000000000197e-01,5.037789999999999768e-01,-9.619000000000000813e-03,8.799899999999999389e-02,9.676999999999999491e-02
-4.776099999999999790e-02,-5.990700000000000192e-02,8.181929999999999481e-01,7.710160000000000347e-01,-1.375900000000000040e-02,5.789799999999999808e-02,-6.340280000000000360e-01,-6.006999999999999840e-02,2.652959999999999763e-01,-1.940000000000000058e-02,1.215159999999999990e-01,3.630499999999999700e-02,-1.546899999999999942e-01,-1.261800000000000074e-02,-1.545199999999999907e-01,-1.632389999999999952e-01,1.520799999999999930e-01,9.516900000000000359e-02,1.604679999999999995e-01,1.824900000000000133e-02,1.092800000000000021e-01,-1.197099999999999970e-01,5.710400000000000198e-02,3.208400000000000141e-02,-2.669480000000000186e-01,5.781929999999999570e-01,-1.194899999999999990e-01,6.393500000000000572e-02,1.493899999999999915e-02,2.633900000000000130e-02,-1.030739999999999990e-01,3.598069999999999879e-01,5.434499999999999886e-01,4.182199999999999807e-02,7.723499999999999810e-02,6.889599999999999891e-02
-4.687199999999999700e-02,-5.883499999999999841e-02,8.182930000000000481e-01,7.727629999999999777e-01,-1.511799999999999949e-02,5.524799999999999850e-02,-6.321050000000000280e-01,-5.826699999999999935e-02,2.604929999999999746e-01,-2.758499999999999841e-02,1.246229999999999977e-01,3.706700000000000272e-02,-1.514540000000000053e-01,-7.434999999999999769e-03,-1.586299999999999932e-01,-1.664130000000000054e-01,1.560050000000000048e-01,9.529200000000000170e-02,1.612659999999999927e-01,1.708600000000000049e-02,1.089870000000000005e-01,-1.102309999999999957e-01,3.701600000000000029e-02,3.285000000000000159e-03,-2.486510000000000109e-01,6.417730000000000379e-01,-1.841059999999999919e-01,7.170100000000000084e-02,2.633800000000000030e-02,1.962900000000000061e-02,-6.065099999999999658e-02,3.232309999999999905e-01,5.929820000000000091e-01,9.400699999999999334e-02,6.893000000000000516e-02,4.866600000000000092e-02
-4.647899999999999948e-02,-5.709199999999999692e-02,8.181969999999999521e-01,7.736699999999999688e-01,-1.661299999999999930e-02,5.309500000000000330e-02,-6.311419999999999808e-01,-5.525700000000000056e-02,2.582820000000000116e-01,-2.934300000000000103e-02,1.234800000000000064e-01,3.815700000000000341e-02,-1.477900000000000047e-01,-2.635999999999999888e-03,-1.605370000000000130e-01,-1.680010000000000114e-01,1.554389999999999938e-01,9.502299999999999636e-02,1.636630000000000029e-01,1.482999999999999943e-02,1.091659999999999991e-01,-9.970099999999999796e-02,2.812999999999999876e-02,1.861000000000000024e-03,-2.389769999999999950e-01,6.118630000000000457e-01,-1.895280000000000020e-01,6.765300000000000480e-02,2.296600000000000030e-02,1.550999999999999948e-02,-5.528799999999999687e-02,2.989149999999999863e-01,5.806909999999999572e-01,1.099699999999999983e-01,5.852500000000000063e-02,4.124900000000000094e-02
-4.608199999999999796e-02,-5.544199999999999823e-02,8.180370000000000141e-01,7.746199999999999752e-01,-1.838100000000000150e-02,5.012199999999999989e-02,-6.301689999999999792e-01,-5.131600000000000050e-02,2.552389999999999937e-01,-3.097300000000000053e-02,1.246970000000000023e-01,3.752699999999999786e-02,-1.437370000000000037e-01,3.122000000000000209e-03,-1.635149999999999937e-01,-1.702559999999999907e-01,1.573150000000000104e-01,9.304800000000000570e-02,1.647119999999999973e-01,1.304300000000000077e-02,1.084939999999999932e-01,-8.702899999999999525e-02,2.266200000000000159e-02,3.073000000000000211e-03,-2.365740000000000065e-01,5.923199999999999577e-01,-1.980190000000000006e-01,6.774900000000000366e-02,2.052299999999999958e-02,1.252099999999999914e-02,-5.396299999999999708e-02,2.824459999999999749e-01,5.814350000000000351e-01,1.282089999999999896e-01,5.032600000000000268e-02,3.691599999999999743e-02
-4.559099999999999958e-02,-5.380499999999999866e-02,8.177790000000000337e-01,7.755649999999999489e-01,-2.020299999999999874e-02,4.698800000000000199e-02,-6.291930000000000023e-01,-4.709100000000000091e-02,2.520419999999999883e-01,-3.260400000000000104e-02,1.261049999999999949e-01,3.673699999999999882e-02,-1.396529999999999994e-01,9.086000000000000326e-03,-1.666080000000000061e-01,-1.724630000000000052e-01,1.596140000000000059e-01,9.080199999999999383e-02,1.658139999999999892e-01,1.125300000000000085e-02,1.075379999999999947e-01,-7.406500000000000583e-02,1.872800000000000159e-02,4.820999999999999765e-03,-2.409499999999999975e-01,5.875899999999999457e-01,-2.113329999999999931e-01,7.064099999999999546e-02,1.958500000000000171e-02,9.811000000000000276e-03,-5.545800000000000035e-02,2.747729999999999895e-01,5.978040000000000020e-01,1.493990000000000040e-01,4.426700000000000079e-02,3.468700000000000255e-02
-4.553800000000000209e-02,-5.164799999999999947e-02,8.162840000000000096e-01,7.752679999999999572e-01,-2.432700000000000140e-02,4.104100000000000109e-02,-6.298280000000000545e-01,-3.589400000000000229e-02,2.506149999999999767e-01,-3.041200000000000153e-02,1.312909999999999910e-01,2.483499999999999944e-02,-1.357369999999999965e-01,1.835799999999999932e-02,-1.695909999999999918e-01,-1.680319999999999869e-01,1.658229999999999982e-01,8.127299999999999802e-02,1.739719999999999878e-01,1.133299999999999932e-02,1.065780000000000061e-01,-5.337900000000000283e-02,1.305000000000000084e-02,2.143000000000000113e-02,-2.498829999999999940e-01,5.784439999999999582e-01,-2.046449999999999936e-01,6.528200000000000669e-02,2.779300000000000173e-02,2.588000000000000023e-03,-6.851300000000000445e-02,2.711489999999999734e-01,5.883730000000000349e-01,1.581879999999999953e-01,3.555799999999999933e-02,2.811800000000000063e-02
-4.554099999999999815e-02,-4.973899999999999849e-02,8.147429999999999950e-01,7.747990000000000155e-01,-2.820500000000000090e-02,3.596599999999999797e-02,-6.305539999999999479e-01,-2.467300000000000049e-02,2.501559999999999895e-01,-2.803999999999999895e-02,1.333360000000000101e-01,1.453100000000000051e-02,-1.318020000000000025e-01,2.770200000000000093e-02,-1.712299999999999933e-01,-1.650069999999999870e-01,1.683600000000000096e-01,7.347399999999999765e-02,1.807249999999999968e-01,1.116600000000000058e-02,1.066659999999999969e-01,-3.556900000000000339e-02,1.022600000000000071e-02,3.799199999999999799e-02,-2.637760000000000105e-01,5.831199999999999717e-01,-2.001139999999999863e-01,6.101999999999999785e-02,3.865799999999999792e-02,3.190000000000000019e-04,-8.554499999999999604e-02,2.758709999999999773e-01,5.864949999999999886e-01,1.675339999999999885e-01,3.274699999999999833e-02,1.830599999999999936e-02
-4.546399999999999747e-02,-4.791499999999999926e-02,8.132859999999999534e-01,7.742820000000000258e-01,-3.199799999999999867e-02,3.105000000000000121e-02,-6.312689999999999690e-01,-1.362299999999999969e-02,2.496710000000000040e-01,-2.575600000000000112e-02,1.351900000000000046e-01,4.298999999999999870e-03,-1.278630000000000044e-01,3.707300000000000179e-02,-1.725909999999999944e-01,-1.620870000000000088e-01,1.702410000000000034e-01,6.595900000000000374e-02,1.874480000000000035e-01,1.119400000000000082e-02,1.069419999999999954e-01,-1.856700000000000017e-02,7.927999999999999284e-03,5.498800000000000215e-02,-2.832029999999999825e-01,6.004930000000000545e-01,-1.998530000000000029e-01,5.817699999999999955e-02,5.075899999999999856e-02,-4.249999999999999763e-04,-1.051030000000000020e-01,2.876870000000000260e-01,5.969449999999999479e-01,1.801800000000000068e-01,3.189499999999999974e-02,7.714999999999999636e-03
-4.613099999999999840e-02,-4.688400000000000206e-02,8.108020000000000227e-01,7.740350000000000286e-01,-3.536799999999999666e-02,2.644200000000000023e-02,-6.316009999999999680e-01,-2.465999999999999876e-03,2.505319999999999769e-01,-2.318800000000000028e-02,1.355089999999999906e-01,-1.226900000000000039e-02,-1.244780000000000053e-01,4.801500000000000212e-02,-1.735710000000000031e-01,-1.603259999999999963e-01,1.702960000000000029e-01,4.855700000000000294e-02,1.940340000000000120e-01,1.578099999999999989e-02,1.072049999999999947e-01,-6.660000000000000338e-04,1.063000000000000056e-02,7.762900000000000356e-02,-2.941549999999999998e-01,5.250820000000000487e-01,-1.790599999999999969e-01,4.612700000000000133e-02,7.423200000000000631e-02,2.403000000000000188e-03,-1.406370000000000120e-01,3.275580000000000158e-01,5.513500000000000068e-01,1.441570000000000074e-01,3.778000000000000108e-02,-1.384000000000000031e-03
-4.677900000000000114e-02,-4.613799999999999846e-02,8.082909999999999817e-01,7.738059999999999938e-01,-3.877699999999999897e-02,2.168499999999999941e-02,-6.318620000000000347e-01,9.157000000000000209e-03,2.511019999999999919e-01,-2.095699999999999993e-02,1.362230000000000107e-01,-2.937700000000000033e-02,-1.209989999999999954e-01,5.958700000000000108e-02,-1.746560000000000057e-01,-1.587979999999999947e-01,1.705760000000000054e-01,3.054899999999999977e-02,2.012410000000000032e-01,1.864499999999999838e-02,1.077039999999999942e-01,1.590600000000000000e-02,1.912300000000000111e-02,1.062160000000000049e-01,-3.096409999999999996e-01,4.441120000000000068e-01,-1.581079999999999985e-01,4.422100000000000336e-02,9.984500000000000319e-02,7.825999999999999623e-03,-1.835829999999999962e-01,3.741680000000000006e-01,5.068540000000000267e-01,1.082950000000000024e-01,5.168699999999999684e-02,-8.203000000000000222e-03
-4.751199999999999868e-02,-4.522700000000000331e-02,8.057879999999999487e-01,7.735560000000000214e-01,-4.225000000000000283e-02,1.681200000000000055e-02,-6.320940000000000447e-01,2.075099999999999861e-02,2.515249999999999986e-01,-1.903300000000000131e-02,1.371380000000000099e-01,-4.631300000000000000e-02,-1.174520000000000008e-01,7.113999999999999491e-02,-1.756449999999999956e-01,-1.573209999999999886e-01,1.710150000000000003e-01,1.266499999999999918e-02,2.084020000000000039e-01,2.167200000000000029e-02,1.084129999999999955e-01,3.099000000000000019e-02,2.658399999999999999e-02,1.392299999999999927e-01,-3.292140000000000066e-01,3.672679999999999834e-01,-1.385949999999999960e-01,4.511099999999999832e-02,1.216249999999999970e-01,1.294099999999999938e-02,-2.312049999999999939e-01,4.252639999999999754e-01,4.688939999999999775e-01,7.517400000000000471e-02,6.713700000000000223e-02,-1.120299999999999942e-02
-4.739600000000000063e-02,-4.469900000000000262e-02,8.037250000000000227e-01,7.698859999999999593e-01,-4.240000000000000019e-02,1.220899999999999937e-02,-6.366549999999999709e-01,2.038099999999999981e-02,2.472660000000000136e-01,-8.932000000000000703e-03,1.625409999999999910e-01,-6.668200000000000516e-02,-1.148030000000000023e-01,7.494399999999999673e-02,-1.820180000000000131e-01,-1.471220000000000028e-01,1.692629999999999968e-01,-6.067000000000000344e-03,2.148420000000000052e-01,2.423700000000000160e-02,1.015800000000000036e-01,3.855399999999999799e-02,1.312199999999999998e-02,1.687309999999999921e-01,-3.208010000000000028e-01,2.029759999999999898e-01,-1.342160000000000020e-01,4.187199999999999950e-02,1.587060000000000137e-01,-7.257999999999999695e-03,-2.875840000000000063e-01,4.240670000000000273e-01,3.297260000000000191e-01,6.327000000000000679e-02,7.470100000000000351e-02,-3.912399999999999906e-02
-4.741499999999999881e-02,-4.396400000000000308e-02,8.016569999999999530e-01,7.661280000000000312e-01,-4.255599999999999661e-02,7.350999999999999895e-03,-6.412349999999999994e-01,1.909500000000000086e-02,2.425950000000000051e-01,1.049000000000000019e-03,1.902429999999999954e-01,-8.789399999999999991e-02,-1.119639999999999941e-01,7.801900000000000501e-02,-1.888759999999999883e-01,-1.365260000000000085e-01,1.692470000000000085e-01,-2.547200000000000158e-02,2.211430000000000062e-01,2.842300000000000035e-02,9.490099999999999925e-02,4.614300000000000346e-02,1.129999999999999955e-04,2.042370000000000019e-01,-3.150660000000000127e-01,2.913800000000000071e-02,-1.248569999999999958e-01,4.558799999999999658e-02,1.928680000000000117e-01,-2.157799999999999996e-02,-3.487339999999999884e-01,4.185780000000000056e-01,1.809709999999999930e-01,4.623700000000000032e-02,9.006699999999999429e-02,-6.263100000000000611e-02
-4.756200000000000011e-02,-4.313100000000000267e-02,7.995949999999999447e-01,7.623130000000000184e-01,-4.288000000000000145e-02,2.262999999999999821e-03,-6.457829999999999959e-01,1.774600000000000136e-02,2.379680000000000129e-01,1.083300000000000061e-02,2.187389999999999890e-01,-1.093139999999999945e-01,-1.091109999999999997e-01,8.121699999999999753e-02,-1.956930000000000058e-01,-1.259250000000000091e-01,1.697780000000000122e-01,-4.502899999999999958e-02,2.272430000000000005e-01,3.344300000000000050e-02,8.870500000000000607e-02,5.305700000000000000e-02,-1.352700000000000083e-02,2.449520000000000031e-01,-3.088339999999999974e-01,-1.498339999999999950e-01,-1.110130000000000006e-01,5.084199999999999831e-02,2.203060000000000018e-01,-3.143599999999999867e-02,-4.112640000000000184e-01,4.081989999999999785e-01,2.695799999999999932e-02,2.463500000000000065e-02,1.075419999999999987e-01,-7.902299999999999602e-02
-4.794899999999999857e-02,-4.326900000000000190e-02,7.979680000000000106e-01,7.593269999999999742e-01,-4.207700000000000329e-02,6.070000000000000092e-04,-6.493480000000000363e-01,1.420000000000000082e-02,2.358790000000000053e-01,1.206499999999999934e-02,2.369950000000000112e-01,-1.240089999999999942e-01,-1.103470000000000006e-01,7.937199999999999811e-02,-1.985599999999999865e-01,-1.170469999999999983e-01,1.698570000000000080e-01,-6.114699999999999996e-02,2.311719999999999886e-01,3.843400000000000288e-02,8.424800000000000344e-02,5.191899999999999987e-02,-5.445000000000000187e-03,2.904260000000000175e-01,-2.796910000000000229e-01,-3.013640000000000208e-01,-1.072550000000000031e-01,6.182499999999999801e-02,2.423109999999999986e-01,-2.659999999999999865e-02,-4.645250000000000212e-01,3.261530000000000262e-01,-1.938739999999999908e-01,3.606000000000000177e-02,1.174329999999999957e-01,-7.511099999999999721e-02
-4.849799999999999944e-02,-4.336899999999999783e-02,7.964579999999999993e-01,7.563069999999999515e-01,-4.116700000000000220e-02,-8.959999999999999866e-04,-6.529199999999999449e-01,1.016099999999999989e-02,2.340790000000000093e-01,1.325699999999999969e-02,2.551709999999999812e-01,-1.385979999999999990e-01,-1.117820000000000064e-01,7.680800000000000127e-02,-2.010379999999999945e-01,-1.077749999999999958e-01,1.703560000000000074e-01,-7.724100000000000410e-02,2.337879999999999958e-01,4.582100000000000062e-02,8.063599999999999934e-02,4.931599999999999873e-02,3.158000000000000217e-03,3.348119999999999985e-01,-2.488750000000000129e-01,-4.606089999999999907e-01,-9.875000000000000444e-02,7.267999999999999461e-02,2.598619999999999819e-01,-1.332900000000000057e-02,-5.098329999999999806e-01,2.416459999999999997e-01,-4.298109999999999986e-01,4.231499999999999845e-02,1.312750000000000028e-01,-6.997699999999999754e-02
-4.921099999999999780e-02,-4.334799999999999764e-02,7.948830000000000062e-01,7.532600000000000406e-01,-4.031799999999999967e-02,-2.505999999999999981e-03,-6.564809999999999812e-01,6.133999999999999696e-03,2.324720000000000120e-01,1.440199999999999987e-02,2.734159999999999924e-01,-1.530390000000000084e-01,-1.133920000000000067e-01,7.417100000000000082e-02,-2.033300000000000107e-01,-9.844100000000000072e-02,1.712210000000000121e-01,-9.341800000000000104e-02,2.361020000000000063e-01,5.350800000000000001e-02,7.748800000000000132e-02,4.608199999999999796e-02,1.349000000000000025e-02,3.779560000000000142e-01,-2.135529999999999928e-01,-6.277930000000000454e-01,-8.532900000000000207e-02,8.302600000000000258e-02,2.717519999999999936e-01,2.415000000000000046e-03,-5.466109999999999580e-01,1.600969999999999893e-01,-6.758589999999999876e-01,4.294300000000000200e-02,1.449040000000000050e-01,-6.382100000000000273e-02
-4.786699999999999983e-02,-4.401000000000000051e-02,7.950409999999999977e-01,7.509479999999999489e-01,-3.853899999999999687e-02,-1.219000000000000031e-03,-6.592350000000000154e-01,1.002699999999999945e-02,2.300319999999999865e-01,1.906199999999999908e-02,2.641040000000000054e-01,-1.544580000000000120e-01,-1.100060000000000066e-01,6.677400000000000002e-02,-2.053000000000000103e-01,-9.172600000000000198e-02,1.728470000000000006e-01,-9.130800000000000027e-02,2.369169999999999887e-01,6.425300000000000455e-02,7.965400000000000258e-02,2.585300000000000098e-02,-2.226399999999999907e-02,4.688610000000000277e-01,-1.353600000000000081e-01,-6.824879999999999836e-01,-8.545600000000000418e-02,1.041399999999999965e-01,2.956650000000000111e-01,-2.821099999999999997e-02,-6.214920000000000444e-01,7.284799999999999609e-02,-7.046000000000000041e-01,5.447599999999999665e-02,1.647589999999999888e-01,-9.581800000000000039e-02
-4.667999999999999927e-02,-4.362400000000000305e-02,7.952609999999999957e-01,7.486279999999999601e-01,-3.721700000000000008e-02,-6.589999999999999721e-04,-6.619450000000000056e-01,1.456200000000000029e-02,2.272079999999999933e-01,2.357800000000000173e-02,2.543219999999999925e-01,-1.543360000000000010e-01,-1.065610000000000029e-01,5.963100000000000345e-02,-2.074719999999999898e-01,-8.468000000000000527e-02,1.748570000000000124e-01,-8.819200000000000650e-02,2.375990000000000046e-01,7.144899999999999862e-02,8.145199999999999663e-02,7.769999999999999997e-03,-5.804200000000000331e-02,5.598980000000000068e-01,-5.229099999999999721e-02,-7.329379999999999784e-01,-8.458400000000000640e-02,1.180159999999999959e-01,3.178889999999999771e-01,-7.017700000000000327e-02,-6.956689999999999818e-01,-1.002699999999999945e-02,-7.218860000000000277e-01,6.697500000000000675e-02,1.720200000000000062e-01,-1.301650000000000029e-01
-4.552900000000000003e-02,-4.303099999999999981e-02,7.954590000000000272e-01,7.463140000000000329e-01,-3.613399999999999945e-02,-3.809999999999999910e-04,-6.646119999999999806e-01,1.940199999999999911e-02,2.243590000000000029e-01,2.795200000000000115e-02,2.450140000000000096e-01,-1.542779999999999985e-01,-1.031620000000000037e-01,5.289300000000000251e-02,-2.096320000000000128e-01,-7.759399999999999631e-02,1.772160000000000124e-01,-8.509799999999999309e-02,2.382759999999999878e-01,7.754400000000000182e-02,8.322200000000000431e-02,-9.754999999999999782e-03,-8.896800000000000541e-02,6.513999999999999790e-01,3.327700000000000102e-02,-7.875320000000000098e-01,-8.086400000000000532e-02,1.304190000000000071e-01,3.386819999999999831e-01,-1.125810000000000005e-01,-7.692729999999999846e-01,-9.323800000000000143e-02,-7.429719999999999658e-01,7.734699999999999909e-02,1.766840000000000077e-01,-1.650429999999999953e-01
-4.341300000000000020e-02,-4.279899999999999677e-02,7.972960000000000047e-01,7.453699999999999770e-01,-3.566699999999999732e-02,2.216999999999999787e-03,-6.656929999999999792e-01,3.291600000000000081e-02,2.236660000000000037e-01,3.388300000000000339e-02,2.097199999999999898e-01,-1.373640000000000139e-01,-9.649099999999999344e-02,4.535299999999999748e-02,-2.079650000000000110e-01,-7.268700000000000161e-02,1.797289999999999999e-01,-6.543999999999999817e-02,2.355559999999999876e-01,8.100699999999999568e-02,8.814900000000000513e-02,-3.091400000000000051e-02,-1.171250000000000069e-01,7.038839999999999542e-01,7.078700000000000270e-02,-8.000629999999999686e-01,-1.009390000000000009e-01,1.341239999999999932e-01,3.604580000000000006e-01,-1.360989999999999978e-01,-8.187050000000000161e-01,-1.177160000000000012e-01,-7.344340000000000312e-01,1.044810000000000044e-01,1.694229999999999903e-01,-1.892870000000000108e-01
-4.126400000000000207e-02,-4.232899999999999857e-02,7.991989999999999927e-01,7.443999999999999506e-01,-3.519100000000000006e-02,4.714999999999999573e-03,-6.667899999999999938e-01,4.633700000000000319e-02,2.227480000000000016e-01,4.005899999999999739e-02,1.745990000000000042e-01,-1.203530000000000016e-01,-9.014300000000000090e-02,3.828600000000000059e-02,-2.062789999999999901e-01,-6.786000000000000365e-02,1.811159999999999992e-01,-4.498699999999999921e-02,2.328909999999999869e-01,8.450599999999999778e-02,9.319900000000000406e-02,-5.357599999999999862e-02,-1.457160000000000122e-01,7.559639999999999693e-01,1.071779999999999955e-01,-8.136330000000000506e-01,-1.191510000000000069e-01,1.350570000000000104e-01,3.825419999999999932e-01,-1.603809999999999958e-01,-8.671210000000000306e-01,-1.423300000000000121e-01,-7.287909999999999666e-01,1.297159999999999980e-01,1.600179999999999936e-01,-2.139679999999999915e-01
-3.928500000000000048e-02,-4.176499999999999657e-02,8.012310000000000265e-01,7.433999999999999497e-01,-3.479600000000000054e-02,6.981000000000000226e-03,-6.679049999999999709e-01,5.932599999999999679e-02,2.216220000000000134e-01,4.635299999999999837e-02,1.410099999999999965e-01,-1.039970000000000061e-01,-8.399900000000000422e-02,3.143200000000000160e-02,-2.046350000000000113e-01,-6.291299999999999670e-02,1.825100000000000056e-01,-2.433000000000000093e-02,2.302629999999999955e-01,8.810999999999999388e-02,9.796399999999999553e-02,-7.627699999999999758e-02,-1.747219999999999884e-01,8.077509999999999968e-01,1.429050000000000042e-01,-8.290210000000000079e-01,-1.356789999999999941e-01,1.345719999999999972e-01,4.040019999999999722e-01,-1.853480000000000127e-01,-9.142500000000000071e-01,-1.674329999999999985e-01,-7.258229999999999960e-01,1.532419999999999893e-01,1.489510000000000001e-01,-2.386610000000000120e-01
-3.885199999999999765e-02,-4.199200000000000155e-02,8.037990000000000412e-01,7.446080000000000476e-01,-3.345399999999999763e-02,8.444000000000000117e-03,-6.666100000000000358e-01,5.722000000000000003e-02,2.196130000000000027e-01,4.352600000000000219e-02,1.345220000000000027e-01,-8.196900000000000019e-02,-8.395299999999999985e-02,2.979899999999999910e-02,-2.034829999999999972e-01,-5.772700000000000053e-02,1.803440000000000043e-01,-6.028000000000000372e-03,2.234710000000000030e-01,8.554100000000000592e-02,9.410699999999999621e-02,-9.818699999999999650e-02,-2.338339999999999863e-01,8.559149999999999814e-01,1.557550000000000046e-01,-7.948830000000000062e-01,-1.444060000000000066e-01,1.315790000000000015e-01,4.337389999999999857e-01,-2.404640000000000111e-01,-9.673260000000000192e-01,-1.779949999999999866e-01,-6.837929999999999842e-01,1.641450000000000131e-01,1.407059999999999977e-01,-2.734889999999999821e-01
-3.846700000000000119e-02,-4.184500000000000025e-02,8.063569999999999904e-01,7.458449999999999802e-01,-3.233099999999999863e-02,9.778999999999999498e-03,-6.652620000000000200e-01,5.414800000000000169e-02,2.177649999999999864e-01,4.016100000000000225e-02,1.299130000000000007e-01,-6.048400000000000304e-02,-8.391800000000000648e-02,2.805399999999999908e-02,-2.021590000000000054e-01,-5.302300000000000069e-02,1.785899999999999987e-01,1.261400000000000021e-02,2.175149999999999861e-01,8.281900000000000373e-02,9.051900000000000224e-02,-1.196819999999999967e-01,-3.008480000000000043e-01,9.039639999999999898e-01,1.629829999999999890e-01,-7.560080000000000133e-01,-1.532010000000000038e-01,1.253730000000000122e-01,4.628459999999999797e-01,-3.031469999999999998e-01,-1.020420000000000105e+00,-1.832880000000000065e-01,-6.382409999999999473e-01,1.749100000000000099e-01,1.297609999999999875e-01,-3.078159999999999785e-01
-3.800100000000000006e-02,-4.164700000000000346e-02,8.089880000000000404e-01,7.470780000000000198e-01,-3.127300000000000219e-02,1.103499999999999967e-02,-6.639080000000000537e-01,5.110499999999999765e-02,2.158869999999999956e-01,3.672000000000000264e-02,1.256279999999999897e-01,-3.913599999999999718e-02,-8.387799999999999423e-02,2.640899999999999845e-02,-2.007770000000000110e-01,-4.835600000000000315e-02,1.770029999999999937e-01,3.116899999999999879e-02,2.115509999999999891e-01,8.010200000000000653e-02,8.693900000000000239e-02,-1.410740000000000050e-01,-3.721709999999999741e-01,9.511020000000000030e-01,1.658749999999999947e-01,-7.170769999999999644e-01,-1.621980000000000088e-01,1.180340000000000000e-01,4.913410000000000277e-01,-3.699470000000000258e-01,-1.072637999999999980e+00,-1.846710000000000018e-01,-5.932680000000000176e-01,1.855529999999999957e-01,1.177760000000000057e-01,-3.415159999999999862e-01
-3.721200000000000202e-02,-4.250199999999999811e-02,8.111070000000000224e-01,7.478979999999999517e-01,-3.017600000000000143e-02,1.317300000000000068e-02,-6.629960000000000298e-01,4.706099999999999867e-02,2.155569999999999986e-01,3.437599999999999684e-02,1.245639999999999942e-01,-2.506299999999999847e-02,-8.512699999999999434e-02,2.460499999999999840e-02,-1.993109999999999882e-01,-4.787600000000000189e-02,1.751669999999999894e-01,4.593200000000000061e-02,2.050420000000000020e-01,7.820299999999999474e-02,8.318699999999999706e-02,-1.599579999999999891e-01,-4.413420000000000121e-01,1.012912999999999952e+00,1.488520000000000121e-01,-6.179120000000000168e-01,-1.817400000000000126e-01,1.128299999999999997e-01,5.139190000000000147e-01,-4.296269999999999811e-01,-1.139035999999999937e+00,-1.720980000000000010e-01,-4.891190000000000260e-01,2.056900000000000117e-01,1.104020000000000001e-01,-3.747619999999999840e-01
-3.656399999999999928e-02,-4.352700000000000319e-02,8.132759999999999989e-01,7.487059999999999826e-01,-2.904999999999999943e-02,1.544200000000000086e-02,-6.620850000000000346e-01,4.265900000000000247e-02,2.154780000000000029e-01,3.188400000000000262e-02,1.240829999999999989e-01,-1.144099999999999978e-02,-8.647900000000000031e-02,2.260900000000000062e-02,-1.975790000000000046e-01,-4.752800000000000080e-02,1.735230000000000106e-01,6.048599999999999810e-02,1.982800000000000118e-01,7.716199999999999448e-02,7.950500000000000622e-02,-1.794570000000000054e-01,-5.222940000000000360e-01,1.076176000000000021e+00,1.214760000000000006e-01,-5.121379999999999821e-01,-2.054970000000000130e-01,1.026630000000000043e-01,5.337840000000000362e-01,-4.976820000000000133e-01,-1.208129000000000008e+00,-1.515819999999999945e-01,-3.802240000000000064e-01,2.291100000000000081e-01,9.851300000000000334e-02,-4.053590000000000249e-01
-3.585800000000000098e-02,-4.463099999999999706e-02,8.154200000000000337e-01,7.495009999999999728e-01,-2.781600000000000045e-02,1.784699999999999828e-02,-6.611780000000000435e-01,3.811500000000000304e-02,2.154780000000000029e-01,2.931699999999999931e-02,1.236440000000000039e-01,1.958000000000000105e-03,-8.789800000000000391e-02,2.045800000000000049e-02,-1.957170000000000021e-01,-4.726099999999999746e-02,1.719569999999999987e-01,7.477799999999999725e-02,1.914899999999999936e-01,7.667000000000000204e-02,7.580599999999999838e-02,-1.985629999999999895e-01,-6.132870000000000266e-01,1.138748000000000093e+00,8.468399999999999539e-02,-4.052270000000000039e-01,-2.313790000000000013e-01,9.049400000000000499e-02,5.503120000000000234e-01,-5.727489999999999526e-01,-1.277919999999999945e+00,-1.237469999999999959e-01,-2.719130000000000158e-01,2.535089999999999844e-01,8.509200000000000097e-02,-4.329919999999999880e-01
-3.548599999999999671e-02,-4.600100000000000022e-02,8.172319999999999585e-01,7.498639999999999750e-01,-2.649400000000000019e-02,2.006300000000000097e-02,-6.607570000000000388e-01,3.423299999999999954e-02,2.157999999999999918e-01,2.645000000000000129e-02,1.233530000000000043e-01,1.404099999999999966e-02,-9.125800000000000578e-02,1.820199999999999943e-02,-1.942730000000000012e-01,-4.891100000000000309e-02,1.702120000000000022e-01,8.642500000000000182e-02,1.852280000000000038e-01,7.716199999999999448e-02,7.423699999999999743e-02,-2.153039999999999954e-01,-6.905270000000000019e-01,1.164952999999999905e+00,7.392300000000000260e-02,-2.370490000000000097e-01,-2.806930000000000258e-01,8.227500000000000091e-02,5.738410000000000455e-01,-6.469960000000000155e-01,-1.315455000000000041e+00,-1.227030000000000065e-01,-1.107970000000000066e-01,2.894169999999999798e-01,7.846899999999999709e-02,-4.689530000000000087e-01
-3.510200000000000126e-02,-4.779900000000000121e-02,8.190579999999999528e-01,7.502149999999999652e-01,-2.497600000000000167e-02,2.255100000000000160e-02,-6.603369999999999518e-01,3.045700000000000143e-02,2.162810000000000010e-01,2.366899999999999907e-02,1.229930000000000051e-01,2.540099999999999997e-02,-9.474299999999999389e-02,1.591000000000000053e-02,-1.926489999999999869e-01,-5.074200000000000238e-02,1.686429999999999874e-01,9.738299999999999734e-02,1.784489999999999965e-01,7.781899999999999928e-02,7.287100000000000521e-02,-2.309710000000000096e-01,-7.713119999999999976e-01,1.197659999999999947e+00,6.043799999999999867e-02,-6.250699999999999312e-02,-3.355520000000000169e-01,6.952400000000000246e-02,5.871659999999999657e-01,-7.231919999999999460e-01,-1.358824999999999950e+00,-1.174319999999999947e-01,5.342100000000000320e-02,3.290540000000000131e-01,6.843799999999999883e-02,-4.978819999999999912e-01
-3.474499999999999811e-02,-5.018199999999999744e-02,8.207480000000000331e-01,7.505479999999999929e-01,-2.317900000000000169e-02,2.538699999999999984e-02,-6.599209999999999798e-01,2.655599999999999974e-02,2.169470000000000010e-01,2.086199999999999860e-02,1.223869999999999958e-01,3.628900000000000181e-02,-9.839000000000000523e-02,1.342499999999999943e-02,-1.908269999999999966e-01,-5.277699999999999753e-02,1.669990000000000085e-01,1.077469999999999956e-01,1.716010000000000035e-01,7.858600000000000307e-02,7.133799999999999863e-02,-2.455420000000000103e-01,-8.566930000000000378e-01,1.235429000000000110e+00,4.122300000000000270e-02,1.156689999999999940e-01,-3.919679999999999831e-01,5.670000000000000040e-02,5.900279999999999969e-01,-8.014019999999999477e-01,-1.406195000000000084e+00,-1.067690000000000028e-01,2.186259999999999870e-01,3.704180000000000250e-01,5.792900000000000132e-02,-5.199350000000000360e-01
-3.683100000000000263e-02,-5.087799999999999961e-02,8.220769999999999467e-01,7.508179999999999854e-01,-2.116200000000000025e-02,3.389299999999999952e-02,-6.592999999999999972e-01,1.334199999999999969e-02,2.293979999999999908e-01,1.654200000000000115e-02,1.116280000000000050e-01,5.400200000000000139e-02,-1.057929999999999982e-01,3.168999999999999942e-03,-1.776210000000000011e-01,-6.003800000000000109e-02,1.539270000000000083e-01,1.240109999999999962e-01,1.620600000000000096e-01,9.220499999999999530e-02,6.897300000000000653e-02,-2.466830000000000134e-01,-1.130743999999999971e+00,1.299886000000000097e+00,-1.416399999999999881e-01,3.864529999999999910e-01,-4.666939999999999977e-01,1.242099999999999975e-02,5.251350000000000184e-01,-1.013997999999999955e+00,-1.509166999999999925e+00,4.356899999999999662e-02,4.643740000000000090e-01,4.365160000000000151e-01,1.569900000000000115e-02,-4.800010000000000110e-01
-3.617000000000000076e-02,-5.645000000000000018e-02,8.228450000000000486e-01,7.510539999999999994e-01,-1.864100000000000132e-02,3.377900000000000347e-02,-6.591120000000000312e-01,1.497599999999999973e-02,2.248860000000000026e-01,1.765800000000000008e-02,1.190380000000000049e-01,5.158100000000000185e-02,-1.076119999999999993e-01,6.237000000000000356e-03,-1.824280000000000068e-01,-6.128999999999999726e-02,1.588559999999999972e-01,1.206369999999999942e-01,1.596100000000000019e-01,8.832199999999999773e-02,5.703300000000000036e-02,-2.578300000000000036e-01,-1.200269999999999948e+00,1.336421999999999999e+00,-1.959019999999999928e-01,4.915860000000000229e-01,-4.800059999999999882e-01,1.497899999999999926e-02,5.260679999999999801e-01,-1.072297999999999973e+00,-1.549989000000000061e+00,8.391899999999999360e-02,5.842810000000000503e-01,4.477800000000000114e-01,2.160799999999999874e-02,-4.920829999999999926e-01
-3.641899999999999998e-02,-6.017200000000000326e-02,8.239119999999999777e-01,7.516410000000000036e-01,-1.595200000000000090e-02,3.646800000000000042e-02,-6.583700000000000108e-01,1.146199999999999997e-02,2.250119999999999898e-01,1.603500000000000064e-02,1.185940000000000050e-01,5.748099999999999737e-02,-1.110079999999999956e-01,4.074999999999999629e-03,-1.820589999999999986e-01,-6.540100000000000080e-02,1.589029999999999887e-01,1.234839999999999965e-01,1.548569999999999947e-01,8.754599999999999882e-02,4.819099999999999773e-02,-2.648789999999999756e-01,-1.298812999999999995e+00,1.370875000000000066e+00,-2.648039999999999838e-01,6.080579999999999874e-01,-4.983020000000000227e-01,2.005399999999999891e-02,5.126789999999999958e-01,-1.143464999999999954e+00,-1.601426000000000016e+00,1.305379999999999874e-01,7.106829999999999536e-01,4.655170000000000141e-01,2.487199999999999828e-02,-4.899910000000000099e-01
-3.660599999999999965e-02,-6.106299999999999922e-02,8.244559999999999667e-01,7.517120000000000468e-01,-1.489799999999999978e-02,3.787800000000000195e-02,-6.582339999999999858e-01,8.781000000000000610e-03,2.256360000000000032e-01,1.538499999999999937e-02,1.180820000000000064e-01,6.185299999999999826e-02,-1.131970000000000059e-01,1.585999999999999953e-03,-1.813249999999999862e-01,-6.730500000000000371e-02,1.583799999999999930e-01,1.275290000000000035e-01,1.519419999999999937e-01,8.913500000000000589e-02,4.278400000000000258e-02,-2.692010000000000236e-01,-1.405658000000000074e+00,1.369345000000000034e+00,-3.512560000000000127e-01,7.024409999999999821e-01,-5.146399999999999864e-01,2.272899999999999920e-02,4.877259999999999929e-01,-1.211206999999999923e+00,-1.614560999999999913e+00,1.882510000000000017e-01,8.058009999999999895e-01,4.878899999999999904e-01,2.452899999999999872e-02,-4.661410000000000275e-01
-3.674899999999999695e-02,-6.214200000000000279e-02,8.250750000000000028e-01,7.516490000000000116e-01,-1.418999999999999949e-02,3.911900000000000099e-02,-6.582500000000000018e-01,7.413999999999999584e-03,2.268239999999999978e-01,1.515400000000000080e-02,1.174430000000000057e-01,6.587800000000000600e-02,-1.155950000000000033e-01,3.750000000000000078e-04,-1.800420000000000076e-01,-6.902899999999999314e-02,1.572220000000000006e-01,1.317029999999999867e-01,1.486530000000000074e-01,9.048200000000000687e-02,3.620700000000000307e-02,-2.763789999999999858e-01,-1.516402000000000028e+00,1.358640000000000070e+00,-4.460379999999999900e-01,7.970040000000000457e-01,-5.260789999999999633e-01,2.933799999999999950e-02,4.657899999999999818e-01,-1.278265999999999902e+00,-1.621714000000000100e+00,2.493450000000000111e-01,8.975279999999999925e-01,5.059200000000000363e-01,2.891700000000000173e-02,-4.433279999999999998e-01
-3.966800000000000187e-02,-6.237700000000000189e-02,8.255869999999999598e-01,7.508160000000000389e-01,-1.409900000000000042e-02,4.605599999999999972e-02,-6.587530000000000330e-01,1.090000000000000067e-04,2.421319999999999861e-01,1.330899999999999965e-02,1.066359999999999947e-01,7.835899999999999810e-02,-1.240300000000000014e-01,-7.542000000000000093e-03,-1.643920000000000103e-01,-7.379299999999999748e-02,1.467819999999999958e-01,1.437740000000000129e-01,1.389019999999999977e-01,9.137199999999999489e-02,1.358499999999999985e-02,-2.879519999999999857e-01,-1.873720999999999970e+00,1.281598999999999933e+00,-7.661069999999999824e-01,1.028307000000000082e+00,-5.484409999999999563e-01,3.522200000000000331e-02,4.182719999999999771e-01,-1.511616999999999988e+00,-1.612446000000000046e+00,4.684169999999999723e-01,1.063603000000000076e+00,5.271299999999999875e-01,2.646300000000000041e-02,-4.017919999999999825e-01
-3.938900000000000040e-02,-6.583100000000000063e-02,8.255940000000000500e-01,7.500419999999999865e-01,-1.252600000000000068e-02,4.373900000000000010e-02,-6.598230000000000484e-01,4.666000000000000009e-03,2.364610000000000045e-01,1.697999999999999857e-02,1.146380000000000038e-01,7.220300000000000329e-02,-1.235040000000000027e-01,-4.093000000000000284e-03,-1.706209999999999949e-01,-7.080899999999999694e-02,1.521639999999999937e-01,1.369019999999999959e-01,1.413169999999999982e-01,7.935999999999999999e-02,2.749000000000000141e-03,-2.932810000000000139e-01,-1.931640000000000024e+00,1.283476000000000061e+00,-8.333549999999999569e-01,1.101526999999999923e+00,-5.622939999999999605e-01,4.652900000000000091e-02,4.033669999999999756e-01,-1.565911000000000053e+00,-1.591468000000000105e+00,5.297640000000000127e-01,1.129054999999999920e+00,5.296819999999999862e-01,3.867400000000000004e-02,-3.875439999999999996e-01
-3.989199999999999691e-02,-6.754200000000000481e-02,8.258149999999999658e-01,7.493849999999999678e-01,-1.162000000000000012e-02,4.387300000000000227e-02,-6.605769999999999698e-01,6.200999999999999915e-03,2.363889999999999880e-01,1.868600000000000122e-02,1.149939999999999990e-01,7.367600000000000537e-02,-1.245819999999999983e-01,-4.819999999999999632e-03,-1.707559999999999911e-01,-6.981700000000000406e-02,1.537189999999999945e-01,1.367700000000000027e-01,1.389259999999999939e-01,6.973699999999999344e-02,-2.096999999999999906e-03,-2.979339999999999766e-01,-1.998377000000000070e+00,1.274213999999999958e+00,-9.004510000000000014e-01,1.185686000000000018e+00,-5.704329999999999679e-01,6.325300000000000367e-02,3.870489999999999764e-01,-1.631817999999999991e+00,-1.570359000000000060e+00,5.984049999999999647e-01,1.193529999999999980e+00,5.272930000000000117e-01,5.282099999999999990e-02,-3.716280000000000139e-01
-4.052800000000000152e-02,-6.919400000000000550e-02,8.260640000000000205e-01,7.485469999999999624e-01,-1.073700000000000002e-02,4.482599999999999779e-02,-6.614769999999999817e-01,7.001000000000000278e-03,2.379100000000000104e-01,2.056699999999999848e-02,1.139219999999999955e-01,7.616199999999999359e-02,-1.261339999999999961e-01,-6.257000000000000409e-03,-1.692089999999999983e-01,-6.892900000000000416e-02,1.532709999999999906e-01,1.380929999999999935e-01,1.359980000000000078e-01,6.057300000000000184e-02,-4.696999999999999786e-03,-3.030599999999999961e-01,-2.068369000000000124e+00,1.260556000000000010e+00,-9.694540000000000379e-01,1.275265000000000093e+00,-5.754409999999999803e-01,8.106099999999999417e-02,3.685200000000000142e-01,-1.707119000000000053e+00,-1.545946999999999960e+00,6.750939999999999719e-01,1.261444999999999927e+00,5.231090000000000462e-01,6.856900000000000495e-02,-3.552569999999999895e-01
-4.073800000000000338e-02,-6.958200000000000496e-02,8.261460000000000470e-01,7.479289999999999550e-01,-1.035999999999999942e-02,4.458899999999999669e-02,-6.621979999999999533e-01,7.760999999999999670e-03,2.375309999999999921e-01,2.203899999999999956e-02,1.141169999999999962e-01,7.771200000000000330e-02,-1.265429999999999888e-01,-6.649999999999999661e-03,-1.697889999999999955e-01,-6.817700000000000149e-02,1.534230000000000038e-01,1.369059999999999999e-01,1.389710000000000112e-01,5.017100000000000032e-02,-4.190000000000000148e-03,-3.023259999999999836e-01,-2.124400000000000066e+00,1.246594999999999898e+00,-1.031174999999999953e+00,1.322057000000000038e+00,-5.738940000000000152e-01,8.422399999999999332e-02,3.514329999999999954e-01,-1.784046000000000021e+00,-1.515365999999999991e+00,7.584109999999999463e-01,1.303813000000000111e+00,5.118160000000000487e-01,7.682899999999999452e-02,-3.424280000000000102e-01
-4.069699999999999707e-02,-6.962899999999999645e-02,8.261800000000000255e-01,7.474859999999999838e-01,-1.038200000000000060e-02,4.377600000000000241e-02,-6.627530000000000365e-01,9.504999999999999560e-03,2.364380000000000093e-01,2.375000000000000028e-02,1.146080000000000015e-01,7.949499999999999622e-02,-1.261519999999999864e-01,-6.223000000000000233e-03,-1.708320000000000116e-01,-6.630300000000000082e-02,1.542870000000000075e-01,1.371370000000000089e-01,1.387180000000000080e-01,4.067500000000000282e-02,4.040000000000000080e-04,-2.982360000000000011e-01,-2.162475000000000147e+00,1.240677999999999948e+00,-1.073892999999999986e+00,1.355523999999999951e+00,-5.708590000000000053e-01,8.868399999999999894e-02,3.391600000000000170e-01,-1.859879999999999978e+00,-1.483660999999999897e+00,8.393049999999999677e-01,1.342076999999999964e+00,4.997599999999999820e-01,8.759899999999999631e-02,-3.315089999999999981e-01
-4.050200000000000328e-02,-6.950599999999999834e-02,8.262399999999999745e-01,7.470879999999999743e-01,-1.067500000000000046e-02,4.265000000000000041e-02,-6.632700000000000262e-01,1.193199999999999990e-02,2.350659999999999972e-01,2.545299999999999993e-02,1.151449999999999974e-01,8.134600000000000164e-02,-1.254770000000000052e-01,-4.934000000000000018e-03,-1.721290000000000042e-01,-6.439699999999999591e-02,1.548950000000000049e-01,1.376370000000000093e-01,1.387230000000000130e-01,3.428099999999999897e-02,7.496000000000000059e-03,-2.927600000000000202e-01,-2.185200000000000031e+00,1.239500999999999964e+00,-1.099680999999999909e+00,1.379512999999999989e+00,-5.659870000000000179e-01,9.357999999999999652e-02,3.300100000000000255e-01,-1.931184000000000012e+00,-1.453335999999999961e+00,9.163769999999999971e-01,1.377326000000000050e+00,4.871340000000000114e-01,9.926100000000000201e-02,-3.203570000000000029e-01
-4.060600000000000320e-02,-6.892399999999999916e-02,8.263479999999999714e-01,7.468019999999999659e-01,-1.196700000000000021e-02,4.127600000000000019e-02,-6.636570000000000524e-01,1.524900000000000040e-02,2.354759999999999909e-01,2.638300000000000020e-02,1.158929999999999960e-01,8.265699999999999437e-02,-1.250829999999999997e-01,-2.956999999999999993e-03,-1.719160000000000132e-01,-6.413000000000000644e-02,1.563470000000000137e-01,1.391910000000000092e-01,1.403200000000000003e-01,2.955699999999999994e-02,1.622399999999999884e-02,-2.838010000000000255e-01,-2.190227000000000146e+00,1.244833000000000078e+00,-1.109261999999999970e+00,1.375366000000000088e+00,-5.606240000000000112e-01,9.025900000000000589e-02,3.244500000000000162e-01,-1.985684999999999922e+00,-1.432747999999999911e+00,9.940579999999999972e-01,1.391775999999999902e+00,4.619070000000000120e-01,1.046220000000000067e-01,-3.093790000000000151e-01
-4.088300000000000267e-02,-6.821499999999999786e-02,8.264120000000000354e-01,7.465199999999999614e-01,-1.344300000000000009e-02,3.951400000000000051e-02,-6.640519999999999756e-01,1.926500000000000087e-02,2.357430000000000081e-01,2.770999999999999852e-02,1.168259999999999993e-01,8.397200000000000497e-02,-1.245919999999999944e-01,2.329999999999999986e-04,-1.716799999999999993e-01,-6.308300000000000018e-02,1.570539999999999992e-01,1.395389999999999964e-01,1.406129999999999880e-01,2.854900000000000146e-02,2.425799999999999831e-02,-2.748309999999999920e-01,-2.180172999999999917e+00,1.251492000000000049e+00,-1.103348999999999913e+00,1.361153999999999975e+00,-5.543379999999999974e-01,8.737499999999999434e-02,3.240899999999999892e-01,-2.027162999999999826e+00,-1.418326999999999893e+00,1.060831000000000079e+00,1.398166999999999938e+00,4.348339999999999983e-01,1.102120000000000044e-01,-2.991929999999999867e-01
-4.108599999999999752e-02,-6.742900000000000282e-02,8.264989999999999837e-01,7.462060000000000359e-01,-1.504600000000000035e-02,3.763699999999999685e-02,-6.644799999999999596e-01,2.379500000000000018e-02,2.360919999999999963e-01,2.916200000000000042e-02,1.176080000000000042e-01,8.529399999999999482e-02,-1.241369999999999973e-01,3.933999999999999997e-03,-1.713409999999999933e-01,-6.198700000000000043e-02,1.574550000000000116e-01,1.400029999999999886e-01,1.408649999999999902e-01,3.026600000000000124e-02,3.102099999999999996e-02,-2.672030000000000238e-01,-2.159711999999999854e+00,1.256450000000000067e+00,-1.087630000000000097e+00,1.341345999999999927e+00,-5.469589999999999730e-01,8.495300000000000074e-02,3.276720000000000188e-01,-2.055495000000000072e+00,-1.409289999999999932e+00,1.117221000000000020e+00,1.398053999999999908e+00,4.069729999999999737e-01,1.158030000000000032e-01,-2.902580000000000160e-01
-4.116100000000000314e-02,-6.537400000000000155e-02,8.264829999999999677e-01,7.459949999999999637e-01,-1.763299999999999937e-02,3.493000000000000271e-02,-6.648009999999999753e-01,2.873399999999999913e-02,2.361219999999999986e-01,2.962499999999999856e-02,1.193359999999999976e-01,8.651399999999999368e-02,-1.234510000000000052e-01,8.564000000000000432e-03,-1.715220000000000078e-01,-6.187200000000000338e-02,1.586899999999999977e-01,1.411959999999999882e-01,1.405109999999999970e-01,3.198600000000000054e-02,3.728800000000000170e-02,-2.570770000000000000e-01,-2.109805999999999848e+00,1.268578999999999901e+00,-1.061001000000000083e+00,1.244181999999999899e+00,-5.386079999999999757e-01,6.665899999999999603e-02,3.292590000000000239e-01,-2.076341999999999910e+00,-1.416064999999999907e+00,1.145288000000000084e+00,1.315692000000000084e+00,3.999260000000000037e-01,1.003970000000000001e-01,-2.903430000000000177e-01
-4.120999999999999663e-02,-6.315999999999999392e-02,8.266059999999999519e-01,7.459120000000000195e-01,-2.057099999999999901e-02,3.178600000000000175e-02,-6.649669999999999748e-01,3.452299999999999813e-02,2.360740000000000061e-01,2.963899999999999868e-02,1.210659999999999931e-01,8.763500000000000456e-02,-1.227000000000000035e-01,1.418200000000000016e-02,-1.714789999999999925e-01,-6.123100000000000070e-02,1.598440000000000139e-01,1.425400000000000000e-01,1.406620000000000092e-01,3.519900000000000112e-02,4.215499999999999803e-02,-2.473430000000000073e-01,-2.040684999999999860e+00,1.282642999999999978e+00,-1.019006000000000078e+00,1.130813000000000068e+00,-5.275079999999999769e-01,5.254199999999999843e-02,3.388769999999999838e-01,-2.076678999999999942e+00,-1.432487999999999984e+00,1.156384999999999996e+00,1.216582999999999970e+00,3.929830000000000267e-01,8.949600000000000610e-02,-2.970869999999999900e-01
-4.126799999999999913e-02,-6.104400000000000104e-02,8.266550000000000287e-01,7.458139999999999770e-01,-2.354900000000000049e-02,2.858300000000000077e-02,-6.651240000000000485e-01,4.078299999999999981e-02,2.360230000000000106e-01,2.973100000000000048e-02,1.224800000000000055e-01,8.876599999999999768e-02,-1.219819999999999932e-01,2.027899999999999842e-02,-1.714070000000000038e-01,-6.063999999999999946e-02,1.606509999999999883e-01,1.439000000000000001e-01,1.407899999999999985e-01,3.964499999999999968e-02,4.595199999999999979e-02,-2.400889999999999969e-01,-1.958963000000000010e+00,1.293492000000000086e+00,-9.687230000000000008e-01,1.011295999999999973e+00,-5.125870000000000148e-01,4.102299999999999697e-02,3.524590000000000223e-01,-2.062212999999999852e+00,-1.453024000000000093e+00,1.156263999999999958e+00,1.110017000000000031e+00,3.836919999999999775e-01,8.094099999999999906e-02,-3.071789999999999798e-01
-4.111499999999999877e-02,-5.850000000000000339e-02,8.267240000000000144e-01,7.462259999999999449e-01,-2.670399999999999857e-02,2.512700000000000003e-02,-6.646819999999999951e-01,4.673999999999999683e-02,2.357269999999999921e-01,3.016599999999999837e-02,1.240269999999999984e-01,8.958900000000000197e-02,-1.204550000000000065e-01,2.718299999999999883e-02,-1.719660000000000077e-01,-6.104699999999999710e-02,1.615090000000000137e-01,1.455750000000000099e-01,1.416300000000000059e-01,4.372499999999999998e-02,5.296499999999999819e-02,-2.360730000000000051e-01,-1.869666999999999968e+00,1.313612000000000002e+00,-9.402460000000000262e-01,8.253700000000000481e-01,-4.815690000000000248e-01,2.545999999999999999e-02,3.625769999999999826e-01,-2.034222999999999892e+00,-1.496820000000000039e+00,1.167458000000000107e+00,8.915889999999999649e-01,3.524970000000000048e-01,5.606200000000000072e-02,-3.171089999999999742e-01
-4.089600000000000180e-02,-5.605099999999999666e-02,8.267980000000000329e-01,7.466089999999999671e-01,-2.979700000000000057e-02,2.169799999999999854e-02,-6.642409999999999703e-01,5.252400000000000124e-02,2.348389999999999922e-01,2.920999999999999985e-02,1.257479999999999987e-01,9.053700000000000636e-02,-1.193000000000000033e-01,3.405400000000000094e-02,-1.727509999999999879e-01,-6.157300000000000273e-02,1.621859999999999968e-01,1.472370000000000068e-01,1.425379999999999980e-01,5.022200000000000275e-02,5.980099999999999999e-02,-2.306439999999999879e-01,-1.770510000000000028e+00,1.335348999999999897e+00,-9.044349999999999890e-01,6.288019999999999721e-01,-4.438860000000000028e-01,1.945200000000000054e-02,3.734859999999999847e-01,-1.993228000000000000e+00,-1.552165999999999935e+00,1.167051999999999978e+00,6.526889999999999636e-01,3.113170000000000104e-01,4.516099999999999975e-02,-3.258389999999999898e-01
-4.056499999999999689e-02,-5.393099999999999977e-02,8.268459999999999699e-01,7.469489999999999741e-01,-3.268000000000000071e-02,1.846000000000000071e-02,-6.638209999999999944e-01,5.834299999999999903e-02,2.337970000000000048e-01,2.850799999999999862e-02,1.272290000000000088e-01,9.116499999999999604e-02,-1.180540000000000062e-01,4.094199999999999923e-02,-1.736800000000000010e-01,-6.204899999999999999e-02,1.624970000000000026e-01,1.486919999999999908e-01,1.436129999999999907e-01,5.804700000000000137e-02,6.765699999999999492e-02,-2.258749999999999925e-01,-1.663273999999999919e+00,1.356776999999999900e+00,-8.633859999999999868e-01,4.294229999999999992e-01,-3.992850000000000010e-01,1.999599999999999989e-02,3.805129999999999901e-01,-1.942314000000000096e+00,-1.610961000000000087e+00,1.159080000000000110e+00,4.058889999999999998e-01,2.617160000000000042e-01,4.342300000000000326e-02,-3.282809999999999895e-01
-3.991600000000000009e-02,-4.924699999999999911e-02,8.269659999999999789e-01,7.473980000000000068e-01,-3.657699999999999840e-02,1.333499999999999963e-02,-6.632350000000000190e-01,6.412500000000000144e-02,2.307950000000000002e-01,2.738099999999999909e-02,1.305590000000000084e-01,9.332799999999999430e-02,-1.160500000000000004e-01,4.841000000000000164e-02,-1.767890000000000017e-01,-6.199000000000000343e-02,1.638830000000000009e-01,1.511740000000000028e-01,1.445700000000000041e-01,7.437000000000000555e-02,8.205999999999999406e-02,-2.123269999999999880e-01,-1.513689999999999980e+00,1.368708000000000036e+00,-7.815760000000000485e-01,2.350959999999999994e-01,-3.715080000000000049e-01,2.897500000000000075e-02,3.477790000000000048e-01,-1.851849000000000078e+00,-1.662511999999999990e+00,1.129812999999999956e+00,1.716550000000000020e-01,2.560620000000000118e-01,4.757600000000000023e-02,-2.466909999999999936e-01
-3.883000000000000340e-02,-4.510999999999999732e-02,8.270990000000000286e-01,7.477300000000000058e-01,-4.020200000000000162e-02,8.460999999999999771e-03,-6.627309999999999590e-01,7.058799999999999797e-02,2.270240000000000036e-01,2.647100000000000147e-02,1.332240000000000091e-01,9.507200000000000373e-02,-1.133720000000000006e-01,5.653500000000000192e-02,-1.802580000000000016e-01,-6.111500000000000266e-02,1.640419999999999934e-01,1.538470000000000115e-01,1.466760000000000008e-01,8.813000000000000000e-02,1.022549999999999987e-01,-2.045329999999999926e-01,-1.335825999999999958e+00,1.375115000000000087e+00,-6.806029999999999580e-01,3.736699999999999744e-02,-3.350710000000000077e-01,4.071600000000000219e-02,3.087799999999999989e-01,-1.747600000000000042e+00,-1.708064999999999944e+00,1.095506000000000091e+00,-6.207100000000000117e-02,2.499339999999999895e-01,5.031900000000000261e-02,-1.641170000000000129e-01
-3.734300000000000119e-02,-4.164099999999999746e-02,8.271110000000000406e-01,7.479139999999999677e-01,-4.325799999999999784e-02,4.200999999999999873e-03,-6.623710000000000431e-01,7.643500000000000294e-02,2.228140000000000120e-01,2.634699999999999889e-02,1.355079999999999896e-01,9.622200000000000197e-02,-1.102449999999999958e-01,6.414599999999999469e-02,-1.841349999999999931e-01,-5.982400000000000218e-02,1.629170000000000063e-01,1.566339999999999955e-01,1.493559999999999888e-01,9.667699999999999905e-02,1.281539999999999901e-01,-2.015180000000000027e-01,-1.134997999999999951e+00,1.376220999999999917e+00,-5.647189999999999710e-01,-1.635770000000000002e-01,-2.907689999999999997e-01,5.658099999999999935e-02,2.626809999999999978e-01,-1.639966000000000035e+00,-1.746345999999999954e+00,1.065175999999999901e+00,-2.962960000000000038e-01,2.396099999999999897e-01,5.347899999999999876e-02,-8.506500000000000172e-02
-3.485599999999999810e-02,-3.920300000000000173e-02,8.273230000000000306e-01,7.478089999999999460e-01,-4.567899999999999738e-02,1.191000000000000001e-03,-6.623390000000000111e-01,8.127299999999999802e-02,2.183539999999999925e-01,2.784999999999999976e-02,1.376120000000000121e-01,9.624399999999999622e-02,-1.054719999999999963e-01,7.040599999999999636e-02,-1.878849999999999965e-01,-5.641899999999999693e-02,1.602429999999999966e-01,1.627740000000000020e-01,1.530819999999999959e-01,9.915699999999999514e-02,1.643489999999999951e-01,-1.965949999999999920e-01,-8.990869999999999695e-01,1.354271999999999920e+00,-4.187429999999999763e-01,-3.048020000000000174e-01,-2.698269999999999835e-01,8.196799999999999919e-02,2.012809999999999877e-01,-1.521716999999999986e+00,-1.770397999999999916e+00,1.050570999999999922e+00,-4.233580000000000121e-01,2.662240000000000162e-01,7.126699999999999702e-02,1.333900000000000016e-02
-3.245200000000000168e-02,-3.733000000000000207e-02,8.274460000000000148e-01,7.476040000000000463e-01,-4.731500000000000289e-02,-9.479999999999999495e-04,-6.624560000000000448e-01,8.461299999999999377e-02,2.142670000000000130e-01,3.004700000000000079e-02,1.395480000000000054e-01,9.564799999999999691e-02,-1.010530000000000039e-01,7.563499999999999390e-02,-1.916899999999999993e-01,-5.448100000000000165e-02,1.563060000000000005e-01,1.669889999999999985e-01,1.566319999999999935e-01,8.534300000000000219e-02,2.021179999999999921e-01,-1.922180000000000000e-01,-6.572660000000000169e-01,1.330510999999999999e+00,-2.724409999999999887e-01,-4.452429999999999999e-01,-2.488650000000000029e-01,1.033010000000000039e-01,1.329049999999999954e-01,-1.409377000000000102e+00,-1.778534000000000059e+00,1.039657999999999971e+00,-5.429359999999999742e-01,2.902879999999999905e-01,8.011400000000000465e-02,1.098679999999999934e-01
-3.039400000000000088e-02,-3.615499999999999964e-02,8.275339999999999918e-01,7.474640000000000173e-01,-4.857399999999999912e-02,-2.429999999999999868e-03,-6.625189999999999690e-01,8.713400000000000312e-02,2.110059999999999991e-01,3.188799999999999968e-02,1.412660000000000027e-01,9.458300000000000041e-02,-9.726100000000000023e-02,8.005199999999999816e-02,-1.947429999999999994e-01,-5.316599999999999798e-02,1.526230000000000087e-01,1.703060000000000129e-01,1.596849999999999936e-01,5.616700000000000165e-02,2.377960000000000074e-01,-1.855459999999999887e-01,-4.189160000000000106e-01,1.303806999999999938e+00,-1.332220000000000071e-01,-5.858219999999999539e-01,-2.301320000000000032e-01,1.237380000000000008e-01,6.206600000000000311e-02,-1.294688999999999979e+00,-1.774596000000000062e+00,1.025165000000000104e+00,-6.622700000000000253e-01,3.100180000000000158e-01,8.566500000000000503e-02,2.019070000000000031e-01
-2.874700000000000172e-02,-3.601499999999999840e-02,8.276919999999999833e-01,7.471419999999999728e-01,-4.851099999999999857e-02,-2.243000000000000202e-03,-6.628880000000000328e-01,8.690599999999999714e-02,2.089940000000000131e-01,3.428900000000000003e-02,1.419130000000000114e-01,9.397999999999999410e-02,-9.492499999999999549e-02,8.107100000000000417e-02,-1.964170000000000083e-01,-5.154199999999999754e-02,1.488770000000000093e-01,1.723919999999999897e-01,1.617969999999999964e-01,6.623000000000000415e-03,2.689440000000000164e-01,-1.711399999999999866e-01,-2.103009999999999879e-01,1.246850999999999932e+00,-1.381600000000000016e-02,-6.783780000000000365e-01,-2.366080000000000128e-01,1.404650000000000065e-01,8.373999999999999500e-03,-1.151435999999999904e+00,-1.709526000000000101e+00,9.667759999999999687e-01,-7.011380000000000390e-01,3.513260000000000272e-01,9.710100000000000675e-02,2.296910000000000063e-01
-2.928700000000000053e-02,-3.608200000000000296e-02,8.278600000000000403e-01,7.472389999999999866e-01,-4.903799999999999826e-02,-1.874000000000000015e-03,-6.627410000000000245e-01,8.702400000000000413e-02,2.113150000000000028e-01,3.413499999999999868e-02,1.413339999999999874e-01,9.461700000000000665e-02,-9.612400000000000111e-02,8.196799999999999919e-02,-1.940310000000000090e-01,-5.274899999999999728e-02,1.475829999999999920e-01,1.731870000000000076e-01,1.602530000000000066e-01,-5.996800000000000047e-02,2.729670000000000152e-01,-1.514860000000000095e-01,-3.128700000000000231e-02,1.211437000000000097e+00,7.690800000000000414e-02,-7.628279999999999506e-01,-2.487800000000000011e-01,1.538319999999999965e-01,-4.246899999999999981e-02,-9.277750000000000163e-01,-1.603140999999999927e+00,8.295679999999999721e-01,-7.319579999999999975e-01,3.766740000000000088e-01,1.082059999999999966e-01,2.654810000000000225e-01
-4.111599999999999977e-02,-3.960500000000000131e-02,8.289560000000000262e-01,7.509139999999999704e-01,-4.828899999999999859e-02,4.120000000000000398e-03,-6.586199999999999832e-01,8.592299999999999938e-02,2.348929999999999907e-01,1.703899999999999859e-02,1.152289999999999981e-01,1.109720000000000012e-01,-1.162360000000000060e-01,8.209299999999999931e-02,-1.704420000000000102e-01,-7.592699999999999450e-02,1.414060000000000039e-01,1.708250000000000046e-01,1.398709999999999953e-01,-1.092970000000000053e-01,1.357649999999999968e-01,-1.263160000000000116e-01,1.960600000000000120e-01,1.331002999999999936e+00,2.326209999999999944e-01,-9.160589999999999566e-01,-2.935269999999999824e-01,1.690730000000000011e-01,-7.162699999999999623e-02,-1.909909999999999941e-01,-1.333172000000000024e+00,1.864969999999999961e-01,-8.684180000000000232e-01,3.144060000000000188e-01,1.426370000000000138e-01,3.838610000000000078e-01
-4.212699999999999778e-02,-4.276699999999999946e-02,8.285200000000000342e-01,7.516100000000000003e-01,-4.850299999999999750e-02,1.361999999999999929e-03,-6.578199999999999603e-01,9.171100000000000085e-02,2.329459999999999864e-01,1.599700000000000080e-02,1.225669999999999954e-01,1.022730000000000028e-01,-1.171470000000000011e-01,8.676999999999999991e-02,-1.737200000000000133e-01,-7.843100000000000072e-02,1.546720000000000039e-01,1.569020000000000137e-01,1.400389999999999968e-01,-7.538599999999999468e-02,1.099600000000000022e-01,-1.027890000000000054e-01,1.657309999999999894e-01,1.319220000000000059e+00,1.230020000000000002e-01,-9.529689999999999550e-01,-2.898580000000000045e-01,1.779060000000000086e-01,-1.111820000000000030e-01,2.303600000000000092e-02,-1.258950999999999931e+00,8.594799999999999662e-02,-9.195759999999999490e-01,2.943529999999999758e-01,1.555239999999999956e-01,4.183189999999999964e-01
-4.274599999999999927e-02,-4.516200000000000075e-02,8.283190000000000275e-01,7.519660000000000233e-01,-4.775399999999999784e-02,1.987000000000000051e-03,-6.574659999999999949e-01,9.335000000000000242e-02,2.338610000000000133e-01,1.573099999999999846e-02,1.209589999999999971e-01,1.004759999999999959e-01,-1.180340000000000000e-01,8.820000000000000062e-02,-1.732110000000000039e-01,-8.072600000000000608e-02,1.555110000000000103e-01,1.523160000000000069e-01,1.396670000000000134e-01,-4.478100000000000136e-02,1.024769999999999986e-01,-9.204400000000000082e-02,1.198970000000000036e-01,1.300251999999999963e+00,-6.872999999999999769e-03,-9.734909999999999952e-01,-2.926110000000000100e-01,1.859369999999999912e-01,-1.455599999999999949e-01,1.532370000000000121e-01,-1.206191999999999931e+00,6.947200000000000597e-02,-9.481030000000000291e-01,2.973180000000000267e-01,1.654710000000000070e-01,4.329839999999999800e-01
-4.301200000000000162e-02,-4.680700000000000138e-02,8.281290000000000040e-01,7.521830000000000460e-01,-4.726199999999999846e-02,2.651999999999999844e-03,-6.572510000000000296e-01,9.402399999999999647e-02,2.347219999999999862e-01,1.575800000000000117e-02,1.203759999999999969e-01,9.888199999999999767e-02,-1.183199999999999946e-01,8.949200000000000210e-02,-1.726300000000000057e-01,-8.240599999999999314e-02,1.548859999999999959e-01,1.495809999999999917e-01,1.397380000000000011e-01,-2.289100000000000162e-02,1.023160000000000042e-01,-8.393000000000000460e-02,8.338600000000000179e-02,1.273705000000000087e+00,-1.307270000000000099e-01,-9.855580000000000451e-01,-2.945459999999999745e-01,1.931009999999999949e-01,-1.810479999999999867e-01,2.326620000000000077e-01,-1.162311000000000094e+00,1.029520000000000018e-01,-9.588039999999999896e-01,3.039160000000000195e-01,1.737700000000000078e-01,4.436979999999999813e-01
-4.280199999999999977e-02,-4.805999999999999855e-02,8.279069999999999485e-01,7.529299999999999882e-01,-4.656899999999999928e-02,3.834999999999999867e-03,-6.564400000000000235e-01,9.254999999999999338e-02,2.353149999999999964e-01,1.446399999999999943e-02,1.197590000000000043e-01,9.701899999999999413e-02,-1.186190000000000022e-01,8.985400000000000331e-02,-1.725099999999999967e-01,-8.455799999999999428e-02,1.537920000000000120e-01,1.469999999999999918e-01,1.394269999999999954e-01,-7.851000000000000340e-03,1.039970000000000061e-01,-7.844800000000000384e-02,7.110900000000000554e-02,1.238002000000000047e+00,-2.570859999999999812e-01,-9.408539999999999681e-01,-2.863600000000000034e-01,1.998230000000000006e-01,-1.971670000000000089e-01,2.701540000000000052e-01,-1.125216999999999912e+00,1.499379999999999880e-01,-9.228720000000000256e-01,2.946269999999999722e-01,1.820100000000000051e-01,4.450219999999999732e-01
-4.265100000000000141e-02,-4.881599999999999828e-02,8.277020000000000488e-01,7.536899999999999711e-01,-4.612200000000000327e-02,4.683999999999999796e-03,-6.555929999999999813e-01,9.082199999999999995e-02,2.356689999999999896e-01,1.301399999999999953e-02,1.196760000000000046e-01,9.552499999999999880e-02,-1.188300000000000051e-01,9.016000000000000403e-02,-1.723089999999999899e-01,-8.599800000000000499e-02,1.531170000000000031e-01,1.454809999999999992e-01,1.396789999999999976e-01,2.027000000000000156e-03,1.059329999999999994e-01,-7.313100000000000156e-02,6.988400000000000167e-02,1.201781999999999906e+00,-3.749979999999999980e-01,-8.919000000000000261e-01,-2.765529999999999933e-01,2.034950000000000092e-01,-2.134330000000000116e-01,2.897529999999999828e-01,-1.087598999999999982e+00,2.140519999999999923e-01,-8.770670000000000410e-01,2.834389999999999965e-01,1.871460000000000068e-01,4.467019999999999880e-01
-4.254600000000000048e-02,-4.930400000000000060e-02,8.275090000000000501e-01,7.544720000000000315e-01,-4.585700000000000193e-02,5.289000000000000298e-03,-6.547070000000000389e-01,8.924100000000000088e-02,2.359630000000000061e-01,1.141499999999999980e-02,1.198150000000000048e-01,9.425200000000000244e-02,-1.190230000000000038e-01,9.064200000000000035e-02,-1.721519999999999995e-01,-8.744200000000000583e-02,1.527060000000000084e-01,1.441310000000000091e-01,1.398840000000000083e-01,8.156000000000000055e-03,1.077570000000000056e-01,-6.754200000000000481e-02,8.025599999999999401e-02,1.166169000000000011e+00,-4.837629999999999986e-01,-8.430320000000000036e-01,-2.654830000000000245e-01,2.058860000000000134e-01,-2.290880000000000138e-01,3.011249999999999760e-01,-1.048634000000000066e+00,2.862620000000000164e-01,-8.271589999999999776e-01,2.706040000000000112e-01,1.906519999999999881e-01,4.470419999999999949e-01
-4.226800000000000002e-02,-4.969200000000000006e-02,8.273220000000000018e-01,7.550839999999999774e-01,-4.518199999999999994e-02,6.151000000000000217e-03,-6.540399999999999547e-01,8.646199999999999719e-02,2.354620000000000046e-01,9.147000000000000616e-03,1.203530000000000016e-01,9.325899999999999468e-02,-1.193049999999999944e-01,8.971899999999999320e-02,-1.726650000000000129e-01,-8.934899999999999787e-02,1.525569999999999982e-01,1.430839999999999890e-01,1.405460000000000043e-01,1.461999999999999932e-02,1.071580000000000032e-01,-6.408600000000000407e-02,8.727799999999999447e-02,1.123596999999999957e+00,-5.401529999999999943e-01,-7.807319999999999816e-01,-2.603460000000000218e-01,2.060720000000000052e-01,-2.458509999999999862e-01,2.999580000000000024e-01,-1.029830000000000023e+00,3.361370000000000191e-01,-7.502560000000000340e-01,2.501360000000000250e-01,1.987319999999999920e-01,4.642959999999999865e-01
-4.201499999999999679e-02,-4.991799999999999710e-02,8.271549999999999736e-01,7.556979999999999809e-01,-4.460299999999999682e-02,6.884999999999999627e-03,-6.533630000000000271e-01,8.377600000000000324e-02,2.350639999999999952e-01,7.115999999999999930e-03,1.210600000000000009e-01,9.220799999999999830e-02,-1.192229999999999956e-01,8.883299999999999530e-02,-1.731850000000000056e-01,-9.114899999999999392e-02,1.524469999999999992e-01,1.422259999999999913e-01,1.411860000000000059e-01,1.830199999999999882e-02,1.071649999999999964e-01,-5.968400000000000094e-02,1.023300000000000043e-01,1.079401999999999973e+00,-5.881389999999999674e-01,-7.188660000000000050e-01,-2.536909999999999998e-01,2.051779999999999993e-01,-2.634630000000000027e-01,2.939519999999999911e-01,-1.008242000000000083e+00,3.885230000000000072e-01,-6.727039999999999687e-01,2.269879999999999953e-01,2.045220000000000093e-01,4.798259999999999748e-01
-4.180600000000000288e-02,-5.013499999999999901e-02,8.270009999999999861e-01,7.563220000000000498e-01,-4.410100000000000131e-02,7.535000000000000031e-03,-6.526680000000000259e-01,8.115700000000000691e-02,2.346949999999999870e-01,4.998999999999999971e-03,1.218159999999999937e-01,9.126299999999999690e-02,-1.191819999999999963e-01,8.802899999999999614e-02,-1.736640000000000128e-01,-9.298800000000000121e-02,1.524139999999999939e-01,1.414330000000000032e-01,1.417589999999999961e-01,2.049199999999999980e-02,1.071519999999999972e-01,-5.506400000000000183e-02,1.215939999999999938e-01,1.034014999999999906e+00,-6.317139999999999977e-01,-6.573860000000000259e-01,-2.454089999999999883e-01,2.038010000000000099e-01,-2.803990000000000093e-01,2.848669999999999813e-01,-9.820429999999999993e-01,4.416829999999999923e-01,-5.949689999999999701e-01,2.012670000000000015e-01,2.082849999999999979e-01,4.918839999999999879e-01
-4.182299999999999907e-02,-4.966999999999999887e-02,8.269119999999999804e-01,7.565429999999999655e-01,-4.338299999999999795e-02,8.455999999999999975e-03,-6.524489999999999457e-01,7.736099999999999921e-02,2.345339999999999925e-01,3.758000000000000056e-03,1.224190000000000000e-01,9.117999999999999716e-02,-1.190370000000000039e-01,8.495500000000000274e-02,-1.738560000000000105e-01,-9.411600000000000521e-02,1.525299999999999989e-01,1.413840000000000097e-01,1.420329999999999926e-01,2.144700000000000079e-02,1.082579999999999931e-01,-5.197399999999999937e-02,1.353640000000000121e-01,9.920989999999999531e-01,-6.503679999999999461e-01,-6.141710000000000225e-01,-2.274269999999999903e-01,2.012579999999999925e-01,-2.872109999999999941e-01,2.580569999999999808e-01,-9.457820000000000116e-01,4.630119999999999791e-01,-5.426729999999999610e-01,1.679720000000000102e-01,2.083490000000000064e-01,4.888390000000000235e-01
-4.174300000000000233e-02,-4.974699999999999955e-02,8.268119999999999914e-01,7.567129999999999690e-01,-4.236999999999999794e-02,1.047299999999999967e-02,-6.522890000000000077e-01,7.307900000000000507e-02,2.357339999999999991e-01,2.837000000000000112e-03,1.206259999999999971e-01,9.152100000000000513e-02,-1.193410000000000026e-01,8.190600000000000658e-02,-1.726600000000000079e-01,-9.562199999999999867e-02,1.492159999999999875e-01,1.428089999999999915e-01,1.420119999999999993e-01,2.332299999999999998e-02,1.110489999999999949e-01,-5.063499999999999945e-02,1.549339999999999884e-01,9.531770000000000520e-01,-6.627539999999999543e-01,-5.841690000000000493e-01,-2.117110000000000103e-01,2.030830000000000135e-01,-2.893700000000000161e-01,2.416600000000000137e-01,-9.101470000000000393e-01,4.713399999999999812e-01,-5.061240000000000183e-01,1.373139999999999916e-01,2.117779999999999940e-01,4.795289999999999830e-01
-4.165100000000000052e-02,-4.945700000000000096e-02,8.267069999999999697e-01,7.569190000000000085e-01,-4.163599999999999940e-02,1.155600000000000030e-02,-6.520780000000000465e-01,6.915799999999999725e-02,2.358280000000000098e-01,1.755999999999999965e-03,1.212040000000000062e-01,9.088499999999999357e-02,-1.193099999999999994e-01,7.898399999999999865e-02,-1.726580000000000059e-01,-9.666700000000000292e-02,1.488410000000000011e-01,1.429209999999999925e-01,1.422660000000000036e-01,2.453400000000000025e-02,1.124539999999999984e-01,-4.802399999999999725e-02,1.693479999999999985e-01,9.076859999999999928e-01,-6.757159999999999833e-01,-5.461279999999999468e-01,-1.926599999999999979e-01,2.010000000000000120e-01,-2.915630000000000166e-01,2.170700000000000129e-01,-8.640069999999999695e-01,4.808890000000000109e-01,-4.613169999999999771e-01,1.041050000000000031e-01,2.106830000000000092e-01,4.672149999999999914e-01
-4.179000000000000076e-02,-4.808699999999999780e-02,8.266229999999999967e-01,7.572100000000000497e-01,-4.165699999999999958e-02,1.099999999999999936e-02,-6.517490000000000228e-01,6.624499999999999833e-02,2.345329999999999915e-01,-6.059999999999999849e-04,1.242790000000000006e-01,9.075099999999999834e-02,-1.189250000000000029e-01,7.634499999999999620e-02,-1.739529999999999965e-01,-9.788700000000000179e-02,1.526609999999999912e-01,1.412680000000000047e-01,1.428099999999999925e-01,2.567499999999999991e-02,1.096680000000000016e-01,-4.338399999999999895e-02,1.760369999999999990e-01,8.759660000000000224e-01,-6.733219999999999761e-01,-5.006739999999999524e-01,-1.728770000000000029e-01,1.909460000000000046e-01,-2.987469999999999848e-01,1.994750000000000134e-01,-8.331199999999999717e-01,4.901030000000000109e-01,-3.840290000000000092e-01,7.617500000000000659e-02,1.982919999999999960e-01,4.584889999999999799e-01
-4.201900000000000079e-02,-4.709699999999999998e-02,8.265409999999999702e-01,7.574539999999999607e-01,-4.131699999999999956e-02,1.148799999999999995e-02,-6.514780000000000015e-01,6.289100000000000246e-02,2.345730000000000037e-01,-1.753999999999999917e-03,1.249419999999999975e-01,9.077100000000000446e-02,-1.188349999999999962e-01,7.367500000000000437e-02,-1.740130000000000010e-01,-9.936699999999999700e-02,1.531770000000000076e-01,1.410180000000000045e-01,1.430460000000000065e-01,2.785100000000000076e-02,1.083579999999999960e-01,-4.101400000000000184e-02,1.862389999999999879e-01,8.449820000000000109e-01,-6.640160000000000506e-01,-4.679059999999999886e-01,-1.549649999999999916e-01,1.842010000000000036e-01,-3.013509999999999800e-01,1.899000000000000132e-01,-8.025160000000000071e-01,4.886730000000000240e-01,-3.214830000000000187e-01,5.016799999999999732e-02,1.879500000000000060e-01,4.442150000000000265e-01
-4.218100000000000321e-02,-4.623200000000000226e-02,8.264639999999999764e-01,7.576880000000000281e-01,-4.093200000000000310e-02,1.207100000000000013e-02,-6.512200000000000211e-01,5.937400000000000316e-02,2.347150000000000070e-01,-2.895000000000000004e-03,1.255779999999999952e-01,9.078799999999999371e-02,-1.187959999999999988e-01,7.090599999999999681e-02,-1.739580000000000015e-01,-1.008720000000000033e-01,1.535070000000000046e-01,1.408480000000000010e-01,1.432289999999999952e-01,3.047199999999999909e-02,1.072369999999999990e-01,-3.894600000000000145e-02,1.945880000000000110e-01,8.101129999999999720e-01,-6.505260000000000487e-01,-4.381079999999999974e-01,-1.364690000000000070e-01,1.766719999999999957e-01,-3.011710000000000220e-01,1.804550000000000043e-01,-7.680019999999999625e-01,4.829330000000000012e-01,-2.632340000000000235e-01,2.398300000000000085e-02,1.767019999999999980e-01,4.259740000000000193e-01
-4.231300000000000339e-02,-4.650499999999999773e-02,8.264070000000000027e-01,7.579939999999999456e-01,-3.989999999999999797e-02,1.406899999999999991e-02,-6.508869999999999933e-01,5.550599999999999978e-02,2.360909999999999953e-01,-3.461000000000000101e-03,1.229740000000000000e-01,9.154299999999999937e-02,-1.194849999999999940e-01,6.860399999999999832e-02,-1.725510000000000099e-01,-1.023469999999999935e-01,1.495879999999999987e-01,1.427970000000000073e-01,1.423010000000000108e-01,3.347499999999999781e-02,1.083989999999999954e-01,-4.136599999999999999e-02,1.964229999999999865e-01,7.615929999999999644e-01,-6.262410000000000476e-01,-3.949409999999999865e-01,-1.198690000000000033e-01,1.737480000000000135e-01,-2.893970000000000153e-01,1.712609999999999966e-01,-7.126069999999999904e-01,4.665989999999999860e-01,-2.085160000000000069e-01,9.233999999999999153e-03,1.700599999999999890e-01,3.988309999999999911e-01
-4.248500000000000193e-02,-4.571000000000000063e-02,8.263559999999999794e-01,7.583609999999999518e-01,-3.946399999999999908e-02,1.418600000000000069e-02,-6.504839999999999511e-01,5.192700000000000093e-02,2.353409999999999946e-01,-4.396999999999999867e-03,1.254740000000000022e-01,9.044199999999999462e-02,-1.195670000000000066e-01,6.581099999999999450e-02,-1.733850000000000113e-01,-1.024769999999999986e-01,1.523110000000000019e-01,1.415889999999999926e-01,1.424549999999999983e-01,3.617900000000000282e-02,1.064699999999999952e-01,-3.836400000000000227e-02,1.846079999999999943e-01,7.007780000000000120e-01,-6.026409999999999823e-01,-3.322780000000000178e-01,-9.903700000000000003e-02,1.587969999999999937e-01,-2.787370000000000125e-01,1.465370000000000006e-01,-6.435020000000000184e-01,4.572899999999999743e-01,-1.320900000000000130e-01,-7.173999999999999821e-03,1.520110000000000072e-01,3.706760000000000055e-01
-4.256800000000000167e-02,-4.577599999999999725e-02,8.263179999999999970e-01,7.586789999999999923e-01,-3.854099999999999887e-02,1.608599999999999960e-02,-6.501240000000000352e-01,4.825000000000000122e-02,2.367640000000000022e-01,-5.045000000000000005e-03,1.227879999999999944e-01,9.131100000000000327e-02,-1.203039999999999943e-01,6.352299999999999613e-02,-1.718290000000000095e-01,-1.037160000000000026e-01,1.486059999999999881e-01,1.430359999999999965e-01,1.421010000000000051e-01,3.894100000000000339e-02,1.075939999999999952e-01,-4.023800000000000293e-02,1.821959999999999968e-01,6.454729999999999634e-01,-5.711800000000000210e-01,-2.941010000000000013e-01,-8.010499999999999565e-02,1.520519999999999927e-01,-2.628340000000000121e-01,1.362260000000000137e-01,-5.870379999999999487e-01,4.391700000000000048e-01,-8.264799999999999924e-02,-2.233299999999999869e-02,1.436910000000000132e-01,3.414030000000000120e-01
-4.279700000000000171e-02,-4.565500000000000114e-02,8.261370000000000102e-01,7.588610000000000078e-01,-3.777200000000000002e-02,1.743600000000000011e-02,-6.499230000000000285e-01,4.426499999999999879e-02,2.377620000000000011e-01,-4.741999999999999688e-03,1.223780000000000007e-01,9.053300000000000236e-02,-1.209900000000000003e-01,6.074000000000000232e-02,-1.709360000000000046e-01,-1.045159999999999978e-01,1.470059999999999978e-01,1.426989999999999925e-01,1.429209999999999925e-01,3.758700000000000235e-02,1.063429999999999931e-01,-3.919799999999999673e-02,1.756870000000000098e-01,5.925820000000000531e-01,-5.406480000000000175e-01,-2.474230000000000040e-01,-6.570399999999999852e-02,1.405500000000000083e-01,-2.497489999999999988e-01,1.231690000000000007e-01,-5.324010000000000131e-01,4.154820000000000180e-01,-4.446499999999999758e-02,-2.867300000000000057e-02,1.305300000000000071e-01,3.135100000000000109e-01
-4.291199999999999876e-02,-4.538400000000000073e-02,8.259330000000000283e-01,7.590620000000000145e-01,-3.708100000000000285e-02,1.869300000000000128e-02,-6.496929999999999650e-01,4.051099999999999840e-02,2.386780000000000013e-01,-4.562000000000000083e-03,1.220849999999999991e-01,8.935500000000000387e-02,-1.217320000000000069e-01,5.804999999999999744e-02,-1.701459999999999917e-01,-1.051990000000000008e-01,1.459219999999999962e-01,1.421439999999999926e-01,1.437789999999999901e-01,3.659799999999999859e-02,1.050880000000000009e-01,-3.760499999999999954e-02,1.676700000000000135e-01,5.402620000000000200e-01,-5.095509999999999762e-01,-2.050740000000000063e-01,-5.075000000000000344e-02,1.278559999999999974e-01,-2.369680000000000120e-01,1.117699999999999944e-01,-4.829300000000000259e-01,3.924039999999999750e-01,-1.151300000000000066e-02,-3.494599999999999790e-02,1.186959999999999960e-01,2.887040000000000162e-01
-4.310599999999999848e-02,-4.511300000000000032e-02,8.258149999999999658e-01,7.592600000000000460e-01,-3.640399999999999886e-02,1.992199999999999874e-02,-6.494630000000000125e-01,3.682200000000000056e-02,2.395639999999999992e-01,-4.372000000000000018e-03,1.218120000000000036e-01,8.815499999999999725e-02,-1.224599999999999994e-01,5.540400000000000186e-02,-1.693840000000000068e-01,-1.058670000000000028e-01,1.449000000000000010e-01,1.415480000000000071e-01,1.446560000000000068e-01,3.583299999999999680e-02,1.038599999999999940e-01,-3.585599999999999898e-02,1.597520000000000051e-01,4.904859999999999776e-01,-4.794180000000000108e-01,-1.685139999999999971e-01,-3.496799999999999908e-02,1.151579999999999965e-01,-2.249539999999999873e-01,1.023779999999999968e-01,-4.395959999999999868e-01,3.716300000000000159e-01,1.691799999999999901e-02,-4.203099999999999892e-02,1.082840000000000052e-01,2.673749999999999738e-01
-4.291899999999999882e-02,-4.505699999999999983e-02,8.256799999999999695e-01,7.596580000000000554e-01,-3.601599999999999940e-02,2.001500000000000154e-02,-6.490160000000000373e-01,3.447900000000000270e-02,2.387930000000000053e-01,-4.806000000000000376e-03,1.240089999999999942e-01,8.608100000000000473e-02,-1.224750000000000005e-01,5.376800000000000329e-02,-1.706679999999999864e-01,-1.073810000000000042e-01,1.472310000000000008e-01,1.395260000000000111e-01,1.435950000000000004e-01,3.486199999999999716e-02,1.003020000000000023e-01,-3.250800000000000217e-02,1.472660000000000080e-01,4.224709999999999854e-01,-4.325080000000000036e-01,-9.355700000000000127e-02,-2.197500000000000148e-02,9.828699999999999937e-02,-2.071290000000000076e-01,9.313100000000000545e-02,-3.875239999999999796e-01,3.442080000000000140e-01,6.126899999999999707e-02,-4.510100000000000220e-02,9.422400000000000220e-02,2.381570000000000076e-01
-4.281700000000000089e-02,-4.532599999999999824e-02,8.255569999999999853e-01,7.599879999999999969e-01,-3.542300000000000310e-02,2.094499999999999834e-02,-6.486319999999999864e-01,3.221700000000000258e-02,2.389910000000000090e-01,-5.321000000000000209e-03,1.235160000000000008e-01,8.521499999999999908e-02,-1.227800000000000002e-01,5.263099999999999723e-02,-1.705990000000000006e-01,-1.089320000000000010e-01,1.461250000000000049e-01,1.391689999999999872e-01,1.439219999999999944e-01,3.341800000000000326e-02,9.846100000000000685e-02,-3.203299999999999897e-02,1.402390000000000025e-01,3.632029999999999981e-01,-3.878719999999999946e-01,-3.295000000000000012e-02,-8.932000000000000703e-03,8.636699999999999933e-02,-1.903110000000000079e-01,9.004600000000000104e-02,-3.481310000000000238e-01,3.198039999999999772e-01,9.288599999999999635e-02,-4.889600000000000196e-02,8.587400000000000588e-02,2.124790000000000012e-01
-4.271500000000000297e-02,-4.551199999999999690e-02,8.254299999999999971e-01,7.603159999999999918e-01,-3.483499999999999791e-02,2.190999999999999892e-02,-6.482489999999999641e-01,2.990299999999999903e-02,2.392529999999999935e-01,-5.846999999999999767e-03,1.230330000000000035e-01,8.434200000000000030e-02,-1.231010000000000021e-01,5.154099999999999654e-02,-1.704549999999999954e-01,-1.105069999999999941e-01,1.448160000000000003e-01,1.389180000000000137e-01,1.442370000000000041e-01,3.212399999999999978e-02,9.671399999999999442e-02,-3.203399999999999997e-02,1.345600000000000129e-01,3.114169999999999994e-01,-3.482460000000000000e-01,2.116099999999999925e-02,4.351999999999999966e-03,7.624400000000000621e-02,-1.761979999999999935e-01,8.908299999999999552e-02,-3.162050000000000138e-01,2.996820000000000039e-01,1.207799999999999985e-01,-5.354400000000000132e-02,7.970299999999999607e-02,1.909230000000000094e-01
-4.267699999999999966e-02,-4.620500000000000301e-02,8.253150000000000208e-01,7.606009999999999716e-01,-3.428599999999999703e-02,2.286499999999999991e-02,-6.479099999999999859e-01,2.831900000000000042e-02,2.398009999999999864e-01,-6.669999999999999714e-03,1.224139999999999950e-01,8.332599999999999729e-02,-1.235030000000000017e-01,5.118999999999999939e-02,-1.700079999999999925e-01,-1.116449999999999942e-01,1.432579999999999965e-01,1.382819999999999883e-01,1.452499999999999902e-01,3.254300000000000248e-02,9.485899999999999888e-02,-3.296799999999999731e-02,1.226850000000000024e-01,2.621990000000000154e-01,-3.183159999999999878e-01,7.483800000000000174e-02,1.014199999999999997e-02,6.509399999999999908e-02,-1.555900000000000061e-01,7.956699999999999884e-02,-2.725139999999999785e-01,2.929570000000000229e-01,1.564250000000000085e-01,-5.099800000000000166e-02,7.320599999999999330e-02,1.669930000000000025e-01
-4.277000000000000246e-02,-4.669700000000000240e-02,8.251880000000000326e-01,7.609179999999999833e-01,-3.389500000000000152e-02,2.369399999999999978e-02,-6.475290000000000212e-01,2.700100000000000069e-02,2.404900000000000093e-01,-7.486999999999999732e-03,1.218439999999999940e-01,8.215100000000000180e-02,-1.240870000000000029e-01,5.102299999999999891e-02,-1.694559999999999955e-01,-1.128480000000000039e-01,1.419159999999999866e-01,1.376930000000000098e-01,1.459459999999999924e-01,3.281200000000000089e-02,9.299599999999999533e-02,-3.381399999999999684e-02,1.122820000000000068e-01,2.208569999999999978e-01,-2.938120000000000176e-01,1.253390000000000060e-01,1.596699999999999856e-02,5.473499999999999893e-02,-1.384130000000000082e-01,7.143700000000000050e-02,-2.338069999999999871e-01,2.904510000000000147e-01,1.924260000000000137e-01,-4.902700000000000113e-02,6.681499999999999939e-02,1.459759999999999946e-01
-4.280300000000000077e-02,-4.711100000000000010e-02,8.249689999999999523e-01,7.612400000000000277e-01,-3.358599999999999780e-02,2.443400000000000086e-02,-6.471390000000000198e-01,2.579400000000000096e-02,2.412070000000000047e-01,-8.354999999999999580e-03,1.213650000000000007e-01,8.101099999999999968e-02,-1.246899999999999953e-01,5.095700000000000229e-02,-1.688810000000000033e-01,-1.140550000000000036e-01,1.407140000000000057e-01,1.371090000000000086e-01,1.466059999999999863e-01,3.318000000000000116e-02,9.120499999999999441e-02,-3.483699999999999991e-02,1.033659999999999995e-01,1.867790000000000006e-01,-2.745469999999999855e-01,1.733200000000000018e-01,2.222500000000000170e-02,4.592199999999999754e-02,-1.251170000000000060e-01,6.507100000000000384e-02,-1.999360000000000026e-01,2.908229999999999982e-01,2.276440000000000130e-01,-4.812500000000000111e-02,6.182700000000000001e-02,1.286100000000000021e-01
-4.273300000000000015e-02,-4.785799999999999776e-02,8.248440000000000216e-01,7.612039999999999917e-01,-3.339299999999999907e-02,2.486199999999999868e-02,-6.471749999999999448e-01,2.604899999999999924e-02,2.414679999999999882e-01,-8.933999999999999234e-03,1.206710000000000005e-01,7.991700000000000192e-02,-1.249070000000000041e-01,5.155300000000000160e-02,-1.685339999999999894e-01,-1.152230000000000060e-01,1.393639999999999879e-01,1.360729999999999995e-01,1.464199999999999946e-01,3.153000000000000247e-02,9.052999999999999936e-02,-3.678900000000000226e-02,9.871199999999999419e-02,1.458669999999999967e-01,-2.399840000000000029e-01,2.301469999999999905e-01,9.381999999999999715e-03,4.052200000000000246e-02,-9.418899999999999495e-02,6.215799999999999798e-02,-1.747779999999999889e-01,2.704440000000000177e-01,2.489740000000000009e-01,-3.293999999999999706e-02,5.622800000000000020e-02,1.030920000000000031e-01
-4.280099999999999877e-02,-4.831900000000000084e-02,8.247120000000000006e-01,7.611670000000000380e-01,-3.336299999999999683e-02,2.502700000000000063e-02,-6.472139999999999560e-01,2.665899999999999867e-02,2.418790000000000107e-01,-8.751999999999999363e-03,1.203619999999999968e-01,7.885499999999999454e-02,-1.249849999999999989e-01,5.234199999999999964e-02,-1.682470000000000077e-01,-1.156770000000000020e-01,1.383900000000000130e-01,1.354910000000000003e-01,1.473299999999999887e-01,3.030800000000000161e-02,9.013899999999999690e-02,-3.902699999999999919e-02,9.374000000000000388e-02,1.119700000000000001e-01,-2.104540000000000022e-01,2.881699999999999817e-01,-4.193999999999999811e-03,3.533800000000000135e-02,-6.781900000000000428e-02,6.019900000000000251e-02,-1.535289999999999988e-01,2.526329999999999965e-01,2.708740000000000037e-01,-1.819899999999999990e-02,5.115600000000000008e-02,8.044999999999999374e-02
-4.285800000000000026e-02,-4.870700000000000029e-02,8.244920000000000027e-01,7.611400000000000388e-01,-3.350000000000000200e-02,2.500199999999999992e-02,-6.472400000000000375e-01,2.745600000000000124e-02,2.423619999999999941e-01,-8.687999999999999542e-03,1.203029999999999933e-01,7.784599999999999853e-02,-1.251390000000000002e-01,5.329799999999999816e-02,-1.678979999999999917e-01,-1.161360000000000031e-01,1.377629999999999966e-01,1.348810000000000009e-01,1.481349999999999889e-01,2.948500000000000079e-02,9.000600000000000267e-02,-4.168800000000000283e-02,8.882800000000000418e-02,8.434800000000000630e-02,-1.851440000000000030e-01,3.483859999999999735e-01,-1.838700000000000057e-02,3.063000000000000098e-02,-4.565500000000000114e-02,5.899800000000000183e-02,-1.349819999999999909e-01,2.370089999999999975e-01,2.946190000000000198e-01,-3.902999999999999785e-03,4.628800000000000275e-02,6.010900000000000271e-02
-4.287900000000000045e-02,-4.925800000000000317e-02,8.244010000000000504e-01,7.608359999999999568e-01,-3.349499999999999700e-02,2.544000000000000081e-02,-6.475790000000000157e-01,2.868000000000000063e-02,2.434699999999999920e-01,-7.603999999999999648e-03,1.187649999999999956e-01,7.628600000000000658e-02,-1.253450000000000120e-01,5.458400000000000057e-02,-1.668739999999999946e-01,-1.158890000000000059e-01,1.349420000000000064e-01,1.340870000000000117e-01,1.473389999999999977e-01,2.650200000000000125e-02,9.067300000000000360e-02,-4.824200000000000016e-02,7.973399999999999932e-02,6.892099999999999616e-02,-1.752690000000000081e-01,3.687759999999999927e-01,-3.793799999999999950e-02,3.355299999999999949e-02,-2.687300000000000105e-02,5.628899999999999876e-02,-1.277880000000000127e-01,2.253429999999999878e-01,3.065910000000000024e-01,1.167999999999999941e-02,4.613699999999999746e-02,4.976699999999999874e-02
-4.296500000000000319e-02,-4.943800000000000278e-02,8.241929999999999534e-01,7.606119999999999548e-01,-3.393199999999999689e-02,2.509499999999999925e-02,-6.478340000000000209e-01,3.041299999999999906e-02,2.439949999999999897e-01,-6.929000000000000263e-03,1.189510000000000012e-01,7.470300000000000551e-02,-1.254709999999999992e-01,5.605799999999999672e-02,-1.663979999999999904e-01,-1.152470000000000022e-01,1.344549999999999912e-01,1.334170000000000078e-01,1.477970000000000117e-01,2.439099999999999949e-02,9.092899999999999594e-02,-5.302699999999999775e-02,6.790100000000000302e-02,5.516800000000000176e-02,-1.686269999999999991e-01,3.989019999999999788e-01,-5.959099999999999814e-02,3.424699999999999966e-02,-1.105500000000000059e-02,5.185800000000000132e-02,-1.199800000000000033e-01,2.146200000000000052e-01,3.258409999999999918e-01,2.810299999999999951e-02,4.407300000000000106e-02,4.116100000000000314e-02
-4.312799999999999967e-02,-4.899599999999999789e-02,8.239670000000000050e-01,7.604419999999999513e-01,-3.502500000000000058e-02,2.353699999999999889e-02,-6.480329999999999702e-01,3.333300000000000152e-02,2.437699999999999867e-01,-6.510000000000000162e-03,1.214260000000000062e-01,7.230799999999999728e-02,-1.254159999999999997e-01,5.828699999999999853e-02,-1.668179999999999941e-01,-1.141989999999999950e-01,1.372629999999999961e-01,1.313660000000000105e-01,1.483669999999999989e-01,2.331400000000000139e-02,9.040199999999999625e-02,-5.461799999999999988e-02,5.040100000000000136e-02,4.175899999999999751e-02,-1.649440000000000073e-01,4.442450000000000010e-01,-8.426899999999999669e-02,3.012499999999999900e-02,4.580000000000000195e-04,4.406800000000000300e-02,-1.099949999999999956e-01,2.045849999999999891e-01,3.565409999999999968e-01,4.627599999999999769e-02,3.754600000000000298e-02,3.441299999999999915e-02
-4.293000000000000288e-02,-4.877700000000000091e-02,8.239360000000000017e-01,7.601189999999999891e-01,-3.529700000000000198e-02,2.340700000000000072e-02,-6.484029999999999516e-01,3.450899999999999801e-02,2.440589999999999982e-01,-5.941000000000000100e-03,1.199670000000000042e-01,7.298799999999999732e-02,-1.247980000000000061e-01,5.937400000000000316e-02,-1.665290000000000104e-01,-1.138239999999999946e-01,1.345459999999999989e-01,1.319520000000000137e-01,1.491010000000000113e-01,2.368900000000000172e-02,9.199499999999999345e-02,-5.911099999999999688e-02,4.768900000000000222e-02,4.445299999999999946e-02,-1.518069999999999975e-01,4.243350000000000177e-01,-9.660799999999999943e-02,2.971599999999999936e-02,1.121600000000000028e-02,4.274200000000000221e-02,-1.089460000000000012e-01,1.943640000000000090e-01,3.604229999999999934e-01,5.860100000000000031e-02,3.853499999999999981e-02,3.011700000000000141e-02
-4.272499999999999909e-02,-4.832800000000000290e-02,8.237729999999999775e-01,7.598240000000000549e-01,-3.583100000000000174e-02,2.265800000000000106e-02,-6.487460000000000448e-01,3.631700000000000206e-02,2.436099999999999932e-01,-4.987000000000000113e-03,1.202990000000000032e-01,7.192700000000000482e-02,-1.241659999999999986e-01,6.072299999999999920e-02,-1.669559999999999933e-01,-1.132549999999999946e-01,1.340689999999999937e-01,1.317369999999999930e-01,1.503319999999999934e-01,2.422200000000000047e-02,9.262099999999999500e-02,-6.210500000000000048e-02,4.443799999999999834e-02,4.682700000000000057e-02,-1.392450000000000077e-01,4.112350000000000172e-01,-1.111479999999999968e-01,2.908200000000000021e-02,2.275399999999999992e-02,4.000599999999999989e-02,-1.061890000000000056e-01,1.847679999999999878e-01,3.715479999999999894e-01,7.284499999999999309e-02,3.810899999999999704e-02,2.623100000000000084e-02
-4.261100000000000304e-02,-4.790400000000000214e-02,8.236949999999999550e-01,7.595309999999999562e-01,-3.644100000000000117e-02,2.178199999999999928e-02,-6.490839999999999943e-01,3.830599999999999977e-02,2.430889999999999995e-01,-4.040000000000000188e-03,1.207529999999999992e-01,7.084400000000000419e-02,-1.235109999999999958e-01,6.216900000000000204e-02,-1.674690000000000067e-01,-1.126400000000000040e-01,1.338949999999999863e-01,1.314089999999999980e-01,1.515809999999999935e-01,2.467700000000000102e-02,9.311999999999999444e-02,-6.493699999999999473e-02,4.130700000000000344e-02,4.838100000000000039e-02,-1.264460000000000028e-01,4.043180000000000107e-01,-1.271420000000000050e-01,2.801299999999999971e-02,3.495999999999999802e-02,3.703499999999999848e-02,-1.030329999999999996e-01,1.756149999999999933e-01,3.875589999999999868e-01,8.842899999999999372e-02,3.716499999999999665e-02,2.235600000000000087e-02
-4.264500000000000235e-02,-4.737299999999999844e-02,8.236250000000000515e-01,7.594699999999999784e-01,-3.720500000000000196e-02,2.099200000000000024e-02,-6.491390000000000216e-01,3.980899999999999717e-02,2.433019999999999905e-01,-4.569000000000000145e-03,1.210019999999999984e-01,7.100900000000000267e-02,-1.233059999999999989e-01,6.373099999999999599e-02,-1.677269999999999872e-01,-1.134060000000000068e-01,1.343999999999999917e-01,1.319809999999999872e-01,1.501530000000000087e-01,2.670900000000000010e-02,9.199100000000000332e-02,-6.628900000000000070e-02,3.683700000000000169e-02,4.453000000000000014e-02,-1.381139999999999868e-01,3.854339999999999988e-01,-1.226560000000000011e-01,2.720500000000000002e-02,3.245100000000000068e-02,3.075500000000000109e-02,-9.603000000000000425e-02,1.859419999999999962e-01,3.850500000000000034e-01,8.606500000000000261e-02,3.549599999999999977e-02,2.649100000000000066e-02
-4.261399999999999910e-02,-4.693200000000000149e-02,8.235430000000000250e-01,7.594429999999999792e-01,-3.789100000000000107e-02,2.024099999999999858e-02,-6.491540000000000088e-01,4.143100000000000255e-02,2.433480000000000087e-01,-4.610000000000000382e-03,1.212109999999999993e-01,7.086299999999999544e-02,-1.229370000000000046e-01,6.533999999999999531e-02,-1.677659999999999985e-01,-1.138500000000000068e-01,1.344499999999999862e-01,1.319259999999999877e-01,1.503450000000000064e-01,2.888599999999999848e-02,9.074400000000000521e-02,-6.805799999999999350e-02,3.368700000000000166e-02,3.997900000000000065e-02,-1.489489999999999981e-01,3.687599999999999767e-01,-1.184650000000000009e-01,2.773099999999999871e-02,3.106599999999999986e-02,2.600799999999999987e-02,-8.877100000000000268e-02,1.951630000000000031e-01,3.839119999999999755e-01,8.383699999999999486e-02,3.534999999999999948e-02,3.007999999999999910e-02
-4.265999999999999653e-02,-4.660700000000000259e-02,8.234580000000000233e-01,7.594109999999999472e-01,-3.855000000000000093e-02,1.951100000000000056e-02,-6.491749999999999465e-01,4.304199999999999693e-02,2.433720000000000050e-01,-4.624999999999999771e-03,1.214049999999999990e-01,7.068499999999999783e-02,-1.225580000000000003e-01,6.693399999999999350e-02,-1.678260000000000030e-01,-1.142790000000000056e-01,1.344589999999999952e-01,1.318570000000000020e-01,1.505529999999999924e-01,3.113799999999999901e-02,8.947199999999999598e-02,-6.999199999999999866e-02,3.074599999999999903e-02,3.415200000000000180e-02,-1.591110000000000024e-01,3.554919999999999747e-01,-1.158330000000000054e-01,2.848799999999999943e-02,3.131300000000000056e-02,2.178700000000000081e-02,-8.062199999999999922e-02,2.039019999999999999e-01,3.856789999999999941e-01,8.290799999999999559e-02,3.547899999999999665e-02,3.285799999999999832e-02
-4.277700000000000252e-02,-4.608099999999999696e-02,8.234799999999999898e-01,7.591299999999999715e-01,-3.880700000000000122e-02,1.876799999999999996e-02,-6.495100000000000318e-01,4.419399999999999717e-02,2.428170000000000051e-01,-4.185000000000000352e-03,1.214800000000000046e-01,7.104199999999999404e-02,-1.221980000000000011e-01,6.766500000000000292e-02,-1.684100000000000041e-01,-1.145990000000000064e-01,1.342220000000000080e-01,1.319049999999999945e-01,1.508480000000000099e-01,3.200900000000000273e-02,9.022600000000000064e-02,-7.247299999999999576e-02,3.135199999999999793e-02,3.873700000000000060e-02,-1.526280000000000137e-01,3.453869999999999996e-01,-1.181029999999999996e-01,2.710600000000000162e-02,3.373400000000000010e-02,2.058600000000000013e-02,-8.226300000000000279e-02,2.033389999999999920e-01,3.692130000000000134e-01,7.840600000000000347e-02,3.252900000000000236e-02,3.282100000000000295e-02
-4.286399999999999932e-02,-4.561199999999999977e-02,8.234989999999999810e-01,7.588580000000000325e-01,-3.898700000000000082e-02,1.808399999999999938e-02,-6.498369999999999980e-01,4.522299999999999931e-02,2.421359999999999901e-01,-3.831999999999999903e-03,1.215579999999999994e-01,7.141400000000000525e-02,-1.218029999999999946e-01,6.818499999999999561e-02,-1.690689999999999971e-01,-1.147269999999999956e-01,1.340500000000000025e-01,1.318860000000000032e-01,1.511760000000000048e-01,3.262700000000000322e-02,9.098299999999999443e-02,-7.515099999999999558e-02,3.170499999999999707e-02,4.235099999999999976e-02,-1.449630000000000085e-01,3.379949999999999899e-01,-1.215009999999999979e-01,2.493400000000000130e-02,3.698300000000000198e-02,2.078299999999999939e-02,-8.425499999999999656e-02,2.022339999999999971e-01,3.515599999999999836e-01,7.430200000000000693e-02,3.094799999999999982e-02,3.154400000000000259e-02
-4.293899999999999800e-02,-4.524799999999999656e-02,8.235170000000000545e-01,7.585880000000000400e-01,-3.913799999999999918e-02,1.742600000000000052e-02,-6.501609999999999889e-01,4.618599999999999789e-02,2.414260000000000017e-01,-3.481999999999999852e-03,1.216359999999999941e-01,7.177300000000000346e-02,-1.213950000000000029e-01,6.863700000000000356e-02,-1.697599999999999942e-01,-1.148580000000000018e-01,1.338940000000000130e-01,1.318439999999999890e-01,1.515249999999999930e-01,3.330000000000000321e-02,9.176900000000000335e-02,-7.796899999999999664e-02,3.172099999999999920e-02,4.500200000000000033e-02,-1.366640000000000077e-01,3.324269999999999725e-01,-1.261589999999999934e-01,2.240999999999999936e-02,4.141600000000000142e-02,2.123299999999999840e-02,-8.561299999999999466e-02,2.007440000000000058e-01,3.349639999999999840e-01,7.115799999999999903e-02,2.976499999999999979e-02,2.949200000000000085e-02
-4.294900000000000106e-02,-4.482599999999999779e-02,8.233530000000000015e-01,7.586990000000000123e-01,-3.969899999999999818e-02,1.663500000000000048e-02,-6.500179999999999847e-01,4.771600000000000147e-02,2.410589999999999955e-01,-3.291000000000000088e-03,1.218390000000000029e-01,7.151399999999999424e-02,-1.205900000000000027e-01,7.047000000000000486e-02,-1.704630000000000034e-01,-1.155940000000000023e-01,1.339720000000000077e-01,1.308390000000000108e-01,1.521500000000000075e-01,3.392400000000000276e-02,9.175999999999999435e-02,-8.029600000000000626e-02,3.284600000000000020e-02,4.971699999999999731e-02,-1.421330000000000093e-01,3.335540000000000171e-01,-1.197290000000000021e-01,2.435800000000000118e-02,3.667999999999999733e-02,2.211499999999999924e-02,-8.966100000000000458e-02,2.016709999999999892e-01,3.376140000000000252e-01,7.080200000000000382e-02,3.268999999999999684e-02,2.956999999999999906e-02
-4.297499999999999931e-02,-4.449299999999999783e-02,8.231899999999999773e-01,7.588019999999999765e-01,-4.033400000000000180e-02,1.576800000000000077e-02,-6.498800000000000132e-01,4.935200000000000004e-02,2.406619999999999870e-01,-3.919999999999999873e-03,1.219780000000000031e-01,7.115299999999999403e-02,-1.202430000000000027e-01,7.250099999999999600e-02,-1.708479999999999999e-01,-1.161449999999999982e-01,1.340389999999999915e-01,1.298479999999999912e-01,1.527570000000000039e-01,3.535900000000000154e-02,9.174000000000000210e-02,-8.287999999999999534e-02,3.323099999999999665e-02,5.402900000000000064e-02,-1.475680000000000047e-01,3.361569999999999836e-01,-1.134219999999999950e-01,2.612000000000000086e-02,3.133500000000000174e-02,2.230999999999999997e-02,-9.211300000000000043e-02,2.019990000000000119e-01,3.438359999999999750e-01,7.145100000000000062e-02,3.422200000000000242e-02,3.025399999999999964e-02
-4.301200000000000162e-02,-4.406000000000000194e-02,8.230269999999999531e-01,7.589000000000000190e-01,-4.099099999999999966e-02,1.489399999999999925e-02,-6.497450000000000170e-01,5.101100000000000079e-02,2.403089999999999948e-01,-4.545000000000000429e-03,1.221300000000000024e-01,7.080300000000000482e-02,-1.199189999999999978e-01,7.455199999999999327e-02,-1.711890000000000078e-01,-1.166900000000000021e-01,1.340969999999999940e-01,1.288749999999999896e-01,1.533410000000000051e-01,3.692100000000000243e-02,9.168999999999999373e-02,-8.543900000000000106e-02,3.310599999999999654e-02,5.788399999999999795e-02,-1.525209999999999899e-01,3.393169999999999797e-01,-1.078279999999999933e-01,2.756899999999999976e-02,2.656100000000000128e-02,2.210799999999999918e-02,-9.360499999999999376e-02,2.020369999999999944e-01,3.513990000000000169e-01,7.267600000000000449e-02,3.510300000000000226e-02,3.085200000000000095e-02
-4.313000000000000167e-02,-4.373699999999999810e-02,8.229520000000000168e-01,7.590940000000000465e-01,-4.157000000000000278e-02,1.414699999999999985e-02,-6.494990000000000485e-01,5.252899999999999930e-02,2.406649999999999900e-01,-3.687000000000000173e-03,1.222649999999999987e-01,6.922300000000000675e-02,-1.189069999999999988e-01,7.628500000000000558e-02,-1.712889999999999968e-01,-1.172350000000000059e-01,1.339690000000000047e-01,1.284440000000000026e-01,1.535749999999999893e-01,3.727099999999999858e-02,9.142100000000000226e-02,-8.612100000000000311e-02,3.172500000000000320e-02,5.838700000000000140e-02,-1.547370000000000134e-01,3.406170000000000031e-01,-1.066899999999999932e-01,2.760400000000000006e-02,2.485100000000000156e-02,2.032300000000000079e-02,-9.417399999999999383e-02,2.036699999999999899e-01,3.539189999999999836e-01,7.215199999999999392e-02,3.493799999999999684e-02,2.861400000000000055e-02
-4.331600000000000034e-02,-4.333599999999999952e-02,8.228609999999999536e-01,7.591919999999999780e-01,-4.222900000000000265e-02,1.339699999999999919e-02,-6.493569999999999620e-01,5.389200000000000240e-02,2.408540000000000125e-01,-3.471999999999999826e-03,1.225129999999999969e-01,6.889599999999999891e-02,-1.184599999999999959e-01,7.810100000000000375e-02,-1.711769999999999958e-01,-1.172539999999999971e-01,1.338449999999999918e-01,1.280149999999999899e-01,1.537910000000000110e-01,3.720799999999999802e-02,9.142200000000000326e-02,-8.629100000000000659e-02,3.026200000000000070e-02,5.838900000000000340e-02,-1.562610000000000110e-01,3.416179999999999772e-01,-1.063439999999999941e-01,2.727500000000000063e-02,2.418999999999999970e-02,1.842299999999999841e-02,-9.427800000000000069e-02,2.055879999999999930e-01,3.561389999999999834e-01,7.188500000000000445e-02,3.465900000000000231e-02,2.538699999999999984e-02
-4.341400000000000120e-02,-4.293500000000000094e-02,8.227689999999999726e-01,7.592940000000000245e-01,-4.289599999999999663e-02,1.264200000000000046e-02,-6.492090000000000360e-01,5.529300000000000187e-02,2.410460000000000103e-01,-3.269999999999999903e-03,1.227199999999999958e-01,6.859500000000000319e-02,-1.180139999999999939e-01,7.995499999999999829e-02,-1.710560000000000136e-01,-1.172910000000000064e-01,1.337000000000000133e-01,1.275910000000000100e-01,1.540070000000000050e-01,3.703599999999999948e-02,9.143900000000000639e-02,-8.642900000000000582e-02,2.859899999999999942e-02,5.812799999999999911e-02,-1.574160000000000004e-01,3.421219999999999817e-01,-1.063899999999999985e-01,2.716199999999999865e-02,2.416300000000000045e-02,1.614099999999999910e-02,-9.402399999999999647e-02,2.075960000000000027e-01,3.581550000000000011e-01,7.184000000000000108e-02,3.477500000000000036e-02,2.216299999999999867e-02
-4.332600000000000340e-02,-4.227100000000000302e-02,8.227569999999999606e-01,7.591520000000000490e-01,-4.376800000000000135e-02,1.192200000000000031e-02,-6.493309999999999915e-01,5.729599999999999971e-02,2.411169999999999980e-01,-3.726000000000000145e-03,1.229129999999999945e-01,6.802099999999999813e-02,-1.180299999999999960e-01,8.166199999999999848e-02,-1.707940000000000014e-01,-1.170309999999999961e-01,1.335290000000000088e-01,1.277679999999999927e-01,1.542399999999999882e-01,3.515299999999999675e-02,9.227399999999999491e-02,-8.596499999999999975e-02,2.761200000000000113e-02,5.625000000000000139e-02,-1.629929999999999990e-01,3.441110000000000002e-01,-1.050989999999999980e-01,2.850899999999999962e-02,2.209699999999999859e-02,1.433000000000000072e-02,-9.310999999999999832e-02,2.122670000000000112e-01,3.572989999999999777e-01,6.957000000000000683e-02,3.495700000000000196e-02,2.367000000000000007e-02
-4.313299999999999773e-02,-4.173099999999999726e-02,8.226539999999999964e-01,7.590080000000000160e-01,-4.464499999999999719e-02,1.120999999999999948e-02,-6.494520000000000293e-01,5.911600000000000188e-02,2.413490000000000080e-01,-3.106999999999999953e-03,1.230220000000000063e-01,6.733400000000000496e-02,-1.176549999999999957e-01,8.336999999999999966e-02,-1.705250000000000099e-01,-1.167929999999999940e-01,1.332419999999999993e-01,1.279579999999999884e-01,1.544959999999999944e-01,3.329499999999999821e-02,9.326700000000000268e-02,-8.549400000000000055e-02,2.650399999999999978e-02,5.416699999999999987e-02,-1.686290000000000011e-01,3.461080000000000267e-01,-1.038560000000000039e-01,2.992999999999999827e-02,2.009499999999999828e-02,1.259700000000000056e-02,-9.215399999999999980e-02,2.171800000000000119e-01,3.562020000000000186e-01,6.708400000000000474e-02,3.534799999999999748e-02,2.544199999999999934e-02
-4.302099999999999674e-02,-4.119300000000000045e-02,8.226379999999999804e-01,7.588559999999999750e-01,-4.551999999999999796e-02,1.050399999999999945e-02,-6.495809999999999640e-01,6.093599999999999711e-02,2.415809999999999902e-01,-2.461000000000000080e-03,1.231339999999999935e-01,6.663800000000000279e-02,-1.172720000000000012e-01,8.506900000000000572e-02,-1.702619999999999967e-01,-1.165260000000000046e-01,1.329339999999999966e-01,1.281599999999999961e-01,1.547570000000000057e-01,3.149400000000000116e-02,9.428300000000000569e-02,-8.505500000000000560e-02,2.522599999999999842e-02,5.192599999999999993e-02,-1.743939999999999935e-01,3.480909999999999838e-01,-1.027079999999999937e-01,3.132900000000000268e-02,1.819700000000000137e-02,1.075100000000000014e-02,-9.093199999999999894e-02,2.225729999999999931e-01,3.552890000000000215e-01,6.453599999999999615e-02,3.581299999999999761e-02,2.715300000000000005e-02
-4.310599999999999848e-02,-4.087099999999999761e-02,8.226080000000000059e-01,7.581790000000000473e-01,-4.632599999999999912e-02,9.854999999999999177e-03,-6.503240000000000132e-01,6.359299999999999675e-02,2.424119999999999886e-01,-1.046999999999999971e-03,1.233360000000000012e-01,6.620600000000000096e-02,-1.171709999999999974e-01,8.639399999999999857e-02,-1.697519999999999862e-01,-1.159020000000000050e-01,1.326940000000000064e-01,1.290840000000000043e-01,1.538210000000000133e-01,2.785500000000000129e-02,9.528899999999999870e-02,-8.516300000000000259e-02,2.573999999999999899e-02,5.143799999999999761e-02,-1.743939999999999935e-01,3.512629999999999919e-01,-1.035029999999999978e-01,3.226400000000000101e-02,1.722399999999999973e-02,9.584000000000000505e-03,-9.218400000000000205e-02,2.217250000000000054e-01,3.567179999999999795e-01,6.452499999999999902e-02,3.636899999999999855e-02,2.624399999999999997e-02
-4.326800000000000090e-02,-4.056200000000000083e-02,8.225860000000000394e-01,7.574880000000000502e-01,-4.715199999999999947e-02,9.225999999999999826e-03,-6.510789999999999633e-01,6.611000000000000210e-02,2.432749999999999913e-01,3.620000000000000171e-04,1.234829999999999955e-01,6.578900000000000026e-02,-1.170619999999999994e-01,8.760999999999999344e-02,-1.689150000000000096e-01,-1.146739999999999982e-01,1.323300000000000032e-01,1.292399999999999938e-01,1.535279999999999978e-01,2.418100000000000110e-02,9.637800000000000533e-02,-8.526400000000000645e-02,2.611000000000000126e-02,5.081200000000000300e-02,-1.745980000000000032e-01,3.546889999999999765e-01,-1.043110000000000009e-01,3.306100000000000011e-02,1.619299999999999906e-02,8.309000000000000413e-03,-9.328100000000000280e-02,2.219059999999999921e-01,3.588830000000000076e-01,6.445700000000000041e-02,3.694000000000000061e-02,2.519700000000000065e-02
-4.333999999999999658e-02,-4.016900000000000331e-02,8.224770000000000136e-01,7.567909999999999915e-01,-4.797699999999999881e-02,8.604000000000000536e-03,-6.518369999999999997e-01,6.861000000000000432e-02,2.441399999999999959e-01,1.783000000000000080e-03,1.236399999999999999e-01,6.536599999999999355e-02,-1.169570000000000054e-01,8.879700000000000093e-02,-1.680780000000000052e-01,-1.134290000000000020e-01,1.320010000000000072e-01,1.293779999999999930e-01,1.532360000000000111e-01,2.051499999999999851e-02,9.746799999999999908e-02,-8.539099999999999469e-02,2.631599999999999911e-02,5.009299999999999864e-02,-1.751739999999999964e-01,3.583910000000000151e-01,-1.051490000000000063e-01,3.388300000000000339e-02,1.509399999999999978e-02,6.865999999999999708e-03,-9.433300000000000018e-02,2.233630000000000060e-01,3.621079999999999854e-01,6.431800000000000017e-02,3.764499999999999791e-02,2.420599999999999835e-02
-4.371300000000000185e-02,-3.990799999999999903e-02,8.224620000000000264e-01,7.566519999999999913e-01,-4.838200000000000139e-02,8.288999999999999493e-03,-6.519730000000000247e-01,6.953700000000000159e-02,2.451679999999999970e-01,3.129999999999999970e-03,1.236669999999999991e-01,6.554599999999999316e-02,-1.170650000000000024e-01,8.957099999999999784e-02,-1.675059999999999882e-01,-1.138689999999999980e-01,1.317290000000000127e-01,1.291120000000000045e-01,1.528920000000000001e-01,1.990400000000000155e-02,9.733500000000000485e-02,-8.458200000000000440e-02,2.495400000000000049e-02,5.298800000000000038e-02,-1.730379999999999974e-01,3.589459999999999873e-01,-1.044100000000000028e-01,3.316800000000000304e-02,1.589300000000000088e-02,8.267000000000000043e-03,-9.719300000000000161e-02,2.255520000000000025e-01,3.675829999999999931e-01,6.546399999999999442e-02,3.824600000000000222e-02,2.493300000000000030e-02
-4.400899999999999951e-02,-3.975399999999999767e-02,8.224449999999999816e-01,7.565079999999999583e-01,-4.873000000000000248e-02,8.047000000000000333e-03,-6.521169999999999467e-01,7.023799999999999488e-02,2.459790000000000032e-01,3.769000000000000215e-03,1.237160000000000065e-01,6.570800000000000252e-02,-1.172249999999999959e-01,9.006899999999999629e-02,-1.669309999999999961e-01,-1.142920000000000047e-01,1.315419999999999923e-01,1.288009999999999988e-01,1.525449999999999862e-01,1.944999999999999854e-02,9.708999999999999575e-02,-8.393299999999999372e-02,2.357800000000000173e-02,5.616399999999999865e-02,-1.713649999999999896e-01,3.594399999999999817e-01,-1.034520000000000023e-01,3.265200000000000047e-02,1.673099999999999934e-02,9.660000000000000184e-03,-1.002730000000000010e-01,2.293020000000000058e-01,3.748670000000000058e-01,6.668499999999999428e-02,3.897699999999999776e-02,2.596199999999999897e-02
-4.439400000000000290e-02,-3.951699999999999657e-02,8.224289999999999656e-01,7.563680000000000403e-01,-4.905199999999999838e-02,7.828999999999999154e-03,-6.522580000000000044e-01,7.084899999999999531e-02,2.467840000000000034e-01,4.399000000000000132e-03,1.237889999999999963e-01,6.586400000000000587e-02,-1.173860000000000042e-01,9.047399999999999887e-02,-1.663630000000000109e-01,-1.147210000000000035e-01,1.313989999999999880e-01,1.284679999999999989e-01,1.521959999999999980e-01,1.901800000000000018e-02,9.682000000000000328e-02,-8.337899999999999479e-02,2.213000000000000037e-02,5.932899999999999979e-02,-1.701610000000000067e-01,3.602090000000000014e-01,-1.024810000000000026e-01,3.228400000000000020e-02,1.748800000000000007e-02,1.098599999999999924e-02,-1.037460000000000049e-01,2.349809999999999954e-01,3.845129999999999937e-01,6.803299999999999625e-02,3.999500000000000277e-02,2.723899999999999932e-02
-4.441599999999999715e-02,-3.926799999999999735e-02,8.224040000000000239e-01,7.560449999999999671e-01,-4.942799999999999971e-02,7.454999999999999821e-03,-6.526079999999999659e-01,7.182299999999999796e-02,2.470729999999999871e-01,5.102999999999999897e-03,1.238709999999999950e-01,6.571399999999999464e-02,-1.173700000000000021e-01,9.101800000000000168e-02,-1.660949999999999926e-01,-1.156839999999999952e-01,1.313809999999999978e-01,1.283559999999999979e-01,1.521059999999999912e-01,1.734399999999999831e-02,9.672799999999999454e-02,-8.347200000000000453e-02,2.306100000000000164e-02,5.788599999999999995e-02,-1.723339999999999872e-01,3.630169999999999786e-01,-1.021149999999999974e-01,3.291899999999999687e-02,1.691099999999999895e-02,9.587000000000000036e-03,-1.094080000000000052e-01,2.380529999999999868e-01,3.994679999999999898e-01,7.196400000000000019e-02,4.138800000000000118e-02,2.702099999999999988e-02
-4.450799999999999895e-02,-3.901999999999999913e-02,8.223810000000000286e-01,7.558009999999999451e-01,-4.976599999999999774e-02,7.089999999999999948e-03,-6.528690000000000326e-01,7.277799999999999547e-02,2.472640000000000116e-01,5.831000000000000245e-03,1.239579999999999987e-01,6.555099999999999816e-02,-1.173170000000000046e-01,9.149999999999999800e-02,-1.660880000000000134e-01,-1.161790000000000045e-01,1.314289999999999903e-01,1.282739999999999991e-01,1.520390000000000075e-01,1.602800000000000058e-02,9.697600000000000664e-02,-8.347699999999999565e-02,2.377800000000000052e-02,5.611499999999999821e-02,-1.752460000000000129e-01,3.660769999999999857e-01,-1.018850000000000033e-01,3.373000000000000304e-02,1.633300000000000030e-02,8.049000000000000599e-03,-1.158799999999999969e-01,2.429109999999999880e-01,4.178720000000000212e-01,7.636999999999999345e-02,4.285499999999999726e-02,2.716199999999999865e-02
-4.459500000000000269e-02,-3.876899999999999791e-02,8.223580000000000334e-01,7.555500000000000549e-01,-5.010099999999999970e-02,6.726000000000000208e-03,-6.531379999999999963e-01,7.373599999999999599e-02,2.474389999999999923e-01,6.577999999999999646e-03,1.240509999999999946e-01,6.538900000000000268e-02,-1.172559999999999991e-01,9.196400000000000408e-02,-1.660909999999999886e-01,-1.166500000000000037e-01,1.314919999999999978e-01,1.281930000000000014e-01,1.519840000000000080e-01,1.479399999999999986e-02,9.724399999999999711e-02,-8.348800000000000665e-02,2.433799999999999852e-02,5.423999999999999655e-02,-1.785170000000000090e-01,3.693690000000000029e-01,-1.016360000000000041e-01,3.462900000000000006e-02,1.567800000000000096e-02,6.466000000000000393e-03,-1.230500000000000066e-01,2.495519999999999960e-01,4.392539999999999778e-01,8.121000000000000441e-02,4.456100000000000338e-02,2.763600000000000084e-02
-4.484300000000000092e-02,-3.866300000000000292e-02,8.223420000000000174e-01,7.551430000000000087e-01,-5.026499999999999718e-02,6.609000000000000291e-03,-6.535959999999999548e-01,7.454099999999999615e-02,2.481440000000000035e-01,7.732000000000000157e-03,1.241069999999999951e-01,6.563800000000000190e-02,-1.169749999999999956e-01,9.186500000000000221e-02,-1.658209999999999962e-01,-1.171770000000000034e-01,1.314110000000000000e-01,1.279139999999999999e-01,1.517340000000000078e-01,1.295999999999999930e-02,9.749399999999999733e-02,-8.348800000000000665e-02,2.503599999999999923e-02,5.535099999999999743e-02,-1.730470000000000064e-01,3.696749999999999758e-01,-1.037929999999999964e-01,3.359499999999999986e-02,1.783500000000000016e-02,7.540999999999999960e-03,-1.325070000000000137e-01,2.391429999999999945e-01,4.601950000000000207e-01,9.968200000000000671e-02,4.376100000000000129e-02,2.374599999999999975e-02
-4.509099999999999914e-02,-3.847699999999999732e-02,8.223219999999999974e-01,7.547049999999999592e-01,-5.043399999999999966e-02,6.494999999999999905e-03,-6.540909999999999780e-01,7.521999999999999520e-02,2.488569999999999949e-01,8.926999999999999172e-03,1.241960000000000008e-01,6.579000000000000126e-02,-1.166739999999999999e-01,9.171100000000000085e-02,-1.654960000000000042e-01,-1.172509999999999941e-01,1.313950000000000118e-01,1.275900000000000090e-01,1.514520000000000033e-01,1.199099999999999992e-02,9.768599999999999506e-02,-8.324800000000000255e-02,2.558900000000000063e-02,5.656699999999999923e-02,-1.684910000000000019e-01,3.697030000000000038e-01,-1.058010000000000062e-01,3.250999999999999723e-02,2.007400000000000156e-02,9.520000000000000684e-03,-1.424469999999999903e-01,2.287829999999999864e-01,4.818569999999999798e-01,1.192140000000000005e-01,4.309700000000000336e-02,1.932299999999999990e-02
-4.533500000000000030e-02,-3.838600000000000345e-02,8.223019999999999774e-01,7.542539999999999800e-01,-5.059899999999999815e-02,6.386000000000000183e-03,-6.545990000000000419e-01,7.589999999999999525e-02,2.495719999999999883e-01,1.016300000000000016e-02,1.243019999999999958e-01,6.591700000000000337e-02,-1.163720000000000032e-01,9.153400000000000425e-02,-1.651680000000000093e-01,-1.172870000000000024e-01,1.313890000000000058e-01,1.272590000000000110e-01,1.511699999999999988e-01,1.126599999999999997e-02,9.785599999999999854e-02,-8.306499999999999995e-02,2.605199999999999877e-02,5.773699999999999666e-02,-1.642220000000000069e-01,3.696119999999999961e-01,-1.077369999999999994e-01,3.147699999999999804e-02,2.228000000000000119e-02,1.186199999999999928e-02,-1.525489999999999902e-01,2.183180000000000121e-01,5.038660000000000361e-01,1.390109999999999957e-01,4.251300000000000218e-02,1.489700000000000052e-02
-4.517899999999999694e-02,-3.791300000000000225e-02,8.222840000000000149e-01,7.541210000000000413e-01,-5.078599999999999781e-02,6.156000000000000014e-03,-6.547399999999999887e-01,7.596500000000000474e-02,2.490940000000000099e-01,9.776999999999999233e-03,1.243400000000000061e-01,6.551300000000000179e-02,-1.162269999999999970e-01,9.120799999999999741e-02,-1.649110000000000020e-01,-1.169430000000000053e-01,1.313950000000000118e-01,1.274460000000000037e-01,1.510940000000000061e-01,1.312900000000000005e-02,9.865899999999999670e-02,-8.250000000000000389e-02,2.628099999999999881e-02,5.865499999999999881e-02,-1.675999999999999990e-01,3.722159999999999913e-01,-1.081410000000000010e-01,3.237899999999999806e-02,2.260500000000000009e-02,1.260700000000000015e-02,-1.605179999999999940e-01,2.323260000000000047e-01,5.261599999999999611e-01,1.418310000000000126e-01,4.508700000000000208e-02,1.194899999999999955e-02
-4.510700000000000126e-02,-3.745500000000000218e-02,8.222620000000000484e-01,7.540059999999999540e-01,-5.090499999999999886e-02,6.030999999999999903e-03,-6.548640000000000017e-01,7.580499999999999738e-02,2.489119999999999944e-01,1.044800000000000069e-02,1.244009999999999977e-01,6.568100000000000327e-02,-1.156009999999999954e-01,9.095399999999999319e-02,-1.650669999999999915e-01,-1.168130000000000002e-01,1.313630000000000075e-01,1.276470000000000105e-01,1.510730000000000128e-01,1.363200000000000002e-02,9.969500000000000584e-02,-8.237400000000000277e-02,2.716299999999999965e-02,5.936700000000000310e-02,-1.697549999999999892e-01,3.752329999999999832e-01,-1.085269999999999985e-01,3.276400000000000146e-02,2.248299999999999951e-02,1.253199999999999974e-02,-1.676179999999999892e-01,2.463859999999999939e-01,5.475929999999999964e-01,1.436000000000000054e-01,4.731599999999999695e-02,9.110000000000000042e-03
-4.503399999999999764e-02,-3.708399999999999891e-02,8.222420000000000284e-01,7.539019999999999611e-01,-5.099999999999999672e-02,5.923000000000000313e-03,-6.549770000000000314e-01,7.557999999999999441e-02,2.487050000000000094e-01,1.108800000000000063e-02,1.244279999999999969e-01,6.588299999999999712e-02,-1.149680000000000007e-01,9.064300000000000135e-02,-1.652430000000000010e-01,-1.167080000000000062e-01,1.313219999999999943e-01,1.278569999999999984e-01,1.510559999999999958e-01,1.372600000000000035e-02,1.007300000000000001e-01,-8.233699999999999353e-02,2.811699999999999963e-02,5.995199999999999835e-02,-1.714029999999999998e-01,3.778250000000000219e-01,-1.087599999999999956e-01,3.337400000000000089e-02,2.239199999999999871e-02,1.181600000000000011e-02,-1.739249999999999963e-01,2.588699999999999890e-01,5.662310000000000398e-01,1.449989999999999890e-01,4.960099999999999926e-02,6.428999999999999819e-03
-4.541300000000000198e-02,-3.686500000000000193e-02,8.221570000000000267e-01,7.537850000000000383e-01,-5.109400000000000053e-02,5.859999999999999758e-03,-6.551050000000000484e-01,7.581300000000000539e-02,2.494010000000000116e-01,9.563000000000000320e-03,1.242700000000000055e-01,6.465700000000000613e-02,-1.162080000000000057e-01,9.035300000000000276e-02,-1.651340000000000030e-01,-1.175490000000000007e-01,1.311990000000000101e-01,1.271230000000000138e-01,1.511750000000000038e-01,1.290299999999999954e-02,1.013219999999999954e-01,-8.227800000000000391e-02,2.697499999999999898e-02,6.097600000000000242e-02,-1.712410000000000043e-01,3.795109999999999872e-01,-1.093640000000000029e-01,3.355999999999999955e-02,2.308999999999999941e-02,1.030400000000000066e-02,-1.789489999999999970e-01,2.666379999999999861e-01,5.809140000000000414e-01,1.465019999999999933e-01,5.124499999999999889e-02,5.157000000000000126e-03
-4.580000000000000043e-02,-3.653300000000000297e-02,8.220610000000000417e-01,7.537129999999999663e-01,-5.126200000000000201e-02,5.767000000000000424e-03,-6.551759999999999806e-01,7.584899999999999975e-02,2.501059999999999950e-01,9.443999999999999270e-03,1.243810000000000054e-01,6.439799999999999691e-02,-1.162409999999999971e-01,9.031400000000000539e-02,-1.648999999999999910e-01,-1.179800000000000015e-01,1.312359999999999915e-01,1.263279999999999959e-01,1.511510000000000076e-01,1.196799999999999947e-02,1.022210000000000063e-01,-8.184299999999999908e-02,2.561599999999999988e-02,6.187800000000000245e-02,-1.710059999999999913e-01,3.811109999999999776e-01,-1.099040000000000017e-01,3.373000000000000304e-02,2.377299999999999899e-02,8.392999999999999419e-03,-1.828639999999999988e-01,2.718329999999999913e-01,5.920830000000000259e-01,1.474389999999999867e-01,5.247299999999999881e-02,3.713999999999999854e-03
-4.618400000000000283e-02,-3.628100000000000075e-02,8.219659999999999744e-01,7.536319999999999686e-01,-5.144100000000000061e-02,5.649999999999999641e-03,-6.552559999999999496e-01,7.595799999999999774e-02,2.507960000000000189e-01,9.365999999999999326e-03,1.244539999999999952e-01,6.415600000000000469e-02,-1.162620000000000042e-01,9.030699999999999839e-02,-1.646849999999999981e-01,-1.183769999999999961e-01,1.312800000000000078e-01,1.255400000000000127e-01,1.511379999999999946e-01,1.105700000000000086e-02,1.031210000000000043e-01,-8.131299999999999639e-02,2.414799999999999933e-02,6.271699999999999497e-02,-1.706390000000000129e-01,3.826209999999999889e-01,-1.103999999999999981e-01,3.387899999999999939e-02,2.445599999999999857e-02,6.244000000000000418e-03,-1.859500000000000042e-01,2.747499999999999942e-01,6.001600000000000268e-01,1.479969999999999897e-01,5.334099999999999953e-02,1.894000000000000067e-03
-4.642999999999999905e-02,-3.583000000000000074e-02,8.219570000000000487e-01,7.534990000000000299e-01,-5.161299999999999916e-02,5.398000000000000020e-03,-6.553980000000000361e-01,7.578400000000000414e-02,2.509190000000000031e-01,9.707000000000000350e-03,1.246229999999999977e-01,6.430700000000000305e-02,-1.160289999999999933e-01,9.030199999999999338e-02,-1.637659999999999949e-01,-1.188479999999999953e-01,1.314440000000000053e-01,1.253090000000000037e-01,1.509860000000000091e-01,9.624000000000000610e-03,1.037489999999999940e-01,-8.007599999999999441e-02,2.497100000000000014e-02,6.330700000000000216e-02,-1.680329999999999879e-01,3.839119999999999755e-01,-1.117240000000000039e-01,3.352000000000000118e-02,2.458199999999999968e-02,5.428999999999999798e-03,-1.888890000000000013e-01,2.706219999999999737e-01,6.010219999999999452e-01,1.511619999999999908e-01,5.172000000000000208e-02,6.089999999999999494e-04
-4.658500000000000141e-02,-3.543899999999999828e-02,8.219459999999999544e-01,7.532539999999999791e-01,-5.172600000000000114e-02,5.287000000000000033e-03,-6.556720000000000326e-01,7.571899999999999464e-02,2.512309999999999821e-01,9.927000000000000060e-03,1.247130000000000044e-01,6.430099999999999705e-02,-1.157780000000000059e-01,9.018600000000000227e-02,-1.636489999999999889e-01,-1.190559999999999952e-01,1.315199999999999980e-01,1.250680000000000125e-01,1.509099999999999886e-01,8.212000000000000549e-03,1.045289999999999969e-01,-7.877800000000000080e-02,2.583500000000000033e-02,6.400799999999999546e-02,-1.656299999999999994e-01,3.849949999999999761e-01,-1.130300000000000055e-01,3.313300000000000273e-02,2.479200000000000154e-02,5.244000000000000397e-03,-1.918829999999999980e-01,2.647700000000000053e-01,5.996580000000000243e-01,1.544059999999999877e-01,5.002000000000000196e-02,-1.307999999999999918e-03
-4.682000000000000051e-02,-3.505899999999999989e-02,8.218469999999999942e-01,7.530050000000000354e-01,-5.181999999999999801e-02,5.183000000000000107e-03,-6.559509999999999508e-01,7.563799999999999690e-02,2.515169999999999906e-01,1.017099999999999949e-02,1.247940000000000021e-01,6.428599999999999592e-02,-1.155150000000000066e-01,9.004099999999999604e-02,-1.635590000000000099e-01,-1.192470000000000058e-01,1.315959999999999908e-01,1.248189999999999994e-01,1.508500000000000119e-01,6.917999999999999670e-03,1.053010000000000057e-01,-7.755099999999999494e-02,2.670300000000000104e-02,6.473299999999999887e-02,-1.632470000000000032e-01,3.860279999999999823e-01,-1.143639999999999934e-01,3.275800000000000239e-02,2.504199999999999829e-02,5.217000000000000283e-03,-1.950830000000000064e-01,2.580299999999999816e-01,5.977620000000000156e-01,1.578630000000000033e-01,4.833799999999999902e-02,-3.727999999999999977e-03
-4.689200000000000312e-02,-3.471899999999999986e-02,8.217619999999999925e-01,7.528939999999999522e-01,-5.193300000000000000e-02,5.100000000000000366e-03,-6.560700000000000420e-01,7.562199999999999478e-02,2.517349999999999866e-01,1.032800000000000037e-02,1.247449999999999948e-01,6.380800000000000360e-02,-1.153730000000000033e-01,8.888000000000000067e-02,-1.631690000000000085e-01,-1.192079999999999945e-01,1.314529999999999865e-01,1.244019999999999987e-01,1.509999999999999953e-01,6.755999999999999853e-03,1.055139999999999967e-01,-7.674899999999999778e-02,2.641599999999999851e-02,6.458600000000000452e-02,-1.645030000000000103e-01,3.854199999999999848e-01,-1.127969999999999945e-01,3.264500000000000041e-02,2.459400000000000128e-02,6.821999999999999939e-03,-1.965320000000000122e-01,2.606060000000000043e-01,5.956850000000000200e-01,1.541659999999999975e-01,4.838100000000000039e-02,-2.722000000000000027e-03
-4.707000000000000073e-02,-3.447800000000000170e-02,8.216710000000000402e-01,7.527239999999999487e-01,-5.192000000000000087e-02,5.143000000000000002e-03,-6.562649999999999872e-01,7.528600000000000569e-02,2.519919999999999938e-01,1.070699999999999950e-02,1.247090000000000004e-01,6.331499999999999628e-02,-1.152630000000000043e-01,8.858599999999999808e-02,-1.631130000000000080e-01,-1.194800000000000029e-01,1.314480000000000093e-01,1.238979999999999942e-01,1.511770000000000058e-01,6.454999999999999800e-03,1.056860000000000022e-01,-7.646999999999999631e-02,2.656400000000000081e-02,6.462600000000000289e-02,-1.654710000000000070e-01,3.845779999999999754e-01,-1.110710000000000031e-01,3.263900000000000134e-02,2.427999999999999950e-02,8.082999999999999907e-03,-1.985770000000000035e-01,2.635009999999999852e-01,5.947339999999999849e-01,1.503349999999999964e-01,4.872800000000000048e-02,-1.561000000000000104e-03
-4.715699999999999753e-02,-3.415599999999999886e-02,8.215799999999999770e-01,7.525610000000000355e-01,-5.189499999999999669e-02,5.190000000000000169e-03,-6.564539999999999820e-01,7.491899999999999948e-02,2.522260000000000058e-01,1.106799999999999971e-02,1.246889999999999943e-01,6.281100000000000572e-02,-1.151449999999999974e-01,8.829499999999999849e-02,-1.630790000000000017e-01,-1.197679999999999995e-01,1.314130000000000020e-01,1.233989999999999948e-01,1.513639999999999985e-01,6.062999999999999813e-03,1.058469999999999966e-01,-7.624899999999999733e-02,2.686300000000000146e-02,6.473900000000000488e-02,-1.662559999999999871e-01,3.836479999999999890e-01,-1.093350000000000016e-01,3.266199999999999659e-02,2.402200000000000168e-02,9.263999999999999665e-03,-2.012039999999999940e-01,2.666649999999999854e-01,5.950490000000000501e-01,1.468879999999999908e-01,4.914799999999999724e-02,-5.400000000000000069e-04
-4.690600000000000325e-02,-3.376699999999999841e-02,8.214909999999999712e-01,7.523870000000000280e-01,-5.200699999999999767e-02,5.167999999999999851e-03,-6.566450000000000342e-01,7.474899999999999600e-02,2.520549999999999735e-01,1.152199999999999926e-02,1.246690000000000020e-01,6.215600000000000291e-02,-1.149310000000000054e-01,8.656700000000000506e-02,-1.631469999999999865e-01,-1.195449999999999985e-01,1.314110000000000000e-01,1.238810000000000050e-01,1.515799999999999925e-01,5.177000000000000178e-03,1.064589999999999981e-01,-7.556799999999999629e-02,2.722099999999999867e-02,6.462199999999999889e-02,-1.640010000000000079e-01,3.822130000000000249e-01,-1.096459999999999935e-01,3.227399999999999713e-02,2.475700000000000123e-02,1.017999999999999981e-02,-2.030740000000000045e-01,2.637820000000000165e-01,5.946679999999999744e-01,1.487499999999999933e-01,4.830099999999999671e-02,-1.649999999999999991e-03
-4.667799999999999727e-02,-3.334700000000000164e-02,8.214869999999999672e-01,7.521660000000000013e-01,-5.205300000000000205e-02,5.184000000000000240e-03,-6.568939999999999779e-01,7.439099999999999879e-02,2.518739999999999868e-01,1.209900000000000038e-02,1.246909999999999963e-01,6.155399999999999761e-02,-1.147510000000000058e-01,8.573100000000000165e-02,-1.634120000000000017e-01,-1.194090000000000013e-01,1.315469999999999973e-01,1.243080000000000018e-01,1.517959999999999865e-01,4.512999999999999651e-03,1.070490000000000053e-01,-7.483199999999999574e-02,2.732899999999999913e-02,6.461200000000000276e-02,-1.618630000000000069e-01,3.807229999999999781e-01,-1.101199999999999957e-01,3.189000000000000168e-02,2.571899999999999881e-02,1.128400000000000063e-02,-2.052650000000000030e-01,2.605560000000000098e-01,5.941980000000000040e-01,1.511290000000000133e-01,4.753299999999999886e-02,-3.376999999999999794e-03
-4.635999999999999843e-02,-3.292799999999999894e-02,8.213939999999999575e-01,7.519460000000000033e-01,-5.211500000000000160e-02,5.176000000000000045e-03,-6.571409999999999751e-01,7.409399999999999320e-02,2.516800000000000148e-01,1.267899999999999930e-02,1.247179999999999955e-01,6.094299999999999717e-02,-1.145639999999999992e-01,8.497799999999999798e-02,-1.636880000000000002e-01,-1.192750000000000060e-01,1.316440000000000110e-01,1.247449999999999948e-01,1.520189999999999875e-01,3.924999999999999670e-03,1.076199999999999934e-01,-7.403099999999999958e-02,2.742299999999999946e-02,6.465500000000000413e-02,-1.596809999999999896e-01,3.792329999999999868e-01,-1.106530000000000014e-01,3.149600000000000316e-02,2.673700000000000035e-02,1.254599999999999986e-02,-2.075269999999999893e-01,2.569170000000000065e-01,5.932300000000000351e-01,1.535259999999999958e-01,4.675800000000000095e-02,-5.338999999999999996e-03
-4.657300000000000328e-02,-3.273199999999999721e-02,8.213770000000000238e-01,7.519360000000000488e-01,-5.211199999999999860e-02,5.321000000000000209e-03,-6.571510000000000407e-01,7.382700000000000373e-02,2.518279999999999963e-01,1.303200000000000018e-02,1.247619999999999979e-01,6.087800000000000156e-02,-1.144119999999999998e-01,8.433400000000000618e-02,-1.634750000000000092e-01,-1.198280000000000040e-01,1.316499999999999893e-01,1.244210000000000038e-01,1.518859999999999932e-01,4.936000000000000283e-03,1.075620000000000048e-01,-7.298899999999999832e-02,2.733100000000000113e-02,6.475499999999999312e-02,-1.599700000000000011e-01,3.797139999999999960e-01,-1.109389999999999959e-01,3.170900000000000107e-02,2.730600000000000041e-02,1.319599999999999940e-02,-2.083540000000000114e-01,2.589629999999999987e-01,5.970649999999999569e-01,1.546220000000000094e-01,4.786699999999999983e-02,-6.257000000000000409e-03
-4.689200000000000312e-02,-3.260400000000000104e-02,8.213620000000000365e-01,7.518920000000000048e-01,-5.213999999999999885e-02,5.406000000000000215e-03,-6.571989999999999776e-01,7.360300000000000176e-02,2.521030000000000215e-01,1.301500000000000053e-02,1.247520000000000018e-01,6.088999999999999968e-02,-1.142620000000000025e-01,8.382299999999999474e-02,-1.631110000000000060e-01,-1.203550000000000036e-01,1.316990000000000105e-01,1.240929999999999950e-01,1.517100000000000115e-01,5.688000000000000347e-03,1.074709999999999971e-01,-7.209799999999999542e-02,2.730600000000000041e-02,6.490700000000000636e-02,-1.600749999999999951e-01,3.804049999999999931e-01,-1.113480000000000025e-01,3.182700000000000112e-02,2.772900000000000018e-02,1.305199999999999937e-02,-2.084590000000000054e-01,2.608750000000000235e-01,6.005800000000000027e-01,1.555630000000000068e-01,4.851099999999999857e-02,-6.793000000000000427e-03
-4.712999999999999828e-02,-3.237799999999999706e-02,8.213479999999999670e-01,7.518510000000000471e-01,-5.217999999999999722e-02,5.484000000000000159e-03,-6.572430000000000216e-01,7.338899999999999590e-02,2.523889999999999745e-01,1.297799999999999995e-02,1.247420000000000057e-01,6.091499999999999693e-02,-1.141230000000000022e-01,8.333300000000000429e-02,-1.627339999999999898e-01,-1.208980000000000055e-01,1.317490000000000050e-01,1.237719999999999931e-01,1.515249999999999930e-01,6.289999999999999584e-03,1.073800000000000032e-01,-7.115900000000000003e-02,2.734800000000000078e-02,6.511999999999999733e-02,-1.598829999999999973e-01,3.811140000000000083e-01,-1.118019999999999986e-01,3.185799999999999743e-02,2.815499999999999947e-02,1.267000000000000071e-02,-2.080079999999999985e-01,2.620190000000000019e-01,6.025540000000000340e-01,1.561480000000000090e-01,4.876599999999999685e-02,-7.257999999999999695e-03
-4.716200000000000253e-02,-3.218499999999999833e-02,8.213460000000000205e-01,7.514239999999999808e-01,-5.204299999999999898e-02,5.432000000000000196e-03,-6.577420000000000488e-01,7.311399999999999844e-02,2.529509999999999814e-01,1.344099999999999982e-02,1.246879999999999933e-01,6.079400000000000082e-02,-1.139659999999999979e-01,8.257599999999999663e-02,-1.628090000000000093e-01,-1.207929999999999976e-01,1.318070000000000075e-01,1.237319999999999948e-01,1.514620000000000133e-01,5.401000000000000419e-03,1.074920000000000042e-01,-7.047699999999999798e-02,2.738200000000000009e-02,6.576999999999999513e-02,-1.593680000000000097e-01,3.811959999999999793e-01,-1.119200000000000056e-01,3.183600000000000319e-02,2.817400000000000113e-02,1.290700000000000007e-02,-2.115960000000000063e-01,2.587530000000000108e-01,6.018999999999999906e-01,1.564059999999999895e-01,4.847300000000000220e-02,-7.316999999999999720e-03
-4.717299999999999965e-02,-3.206500000000000322e-02,8.213359999999999550e-01,7.510590000000000321e-01,-5.196900000000000130e-02,5.486999999999999690e-03,-6.581630000000000535e-01,7.307800000000000407e-02,2.530569999999999764e-01,1.400999999999999988e-02,1.246879999999999933e-01,6.064200000000000146e-02,-1.137449999999999989e-01,8.165300000000000336e-02,-1.627959999999999963e-01,-1.207050000000000067e-01,1.318870000000000042e-01,1.237130000000000035e-01,1.513980000000000048e-01,4.732000000000000095e-03,1.078339999999999993e-01,-6.978600000000000081e-02,2.737300000000000150e-02,6.625599999999999545e-02,-1.589129999999999987e-01,3.812070000000000181e-01,-1.119799999999999962e-01,3.178199999999999775e-02,2.808099999999999832e-02,1.359299999999999918e-02,-2.151119999999999977e-01,2.541200000000000125e-01,5.990990000000000482e-01,1.561200000000000088e-01,4.799099999999999894e-02,-7.161999999999999963e-03
-4.726600000000000246e-02,-3.185899999999999843e-02,8.213249999999999718e-01,7.506930000000000547e-01,-5.189300000000000163e-02,5.540999999999999918e-03,-6.585870000000000335e-01,7.305100000000000482e-02,2.531530000000000169e-01,1.458899999999999954e-02,1.246779999999999972e-01,6.049000000000000210e-02,-1.135170000000000068e-01,8.072300000000000308e-02,-1.627889999999999893e-01,-1.206030000000000019e-01,1.319710000000000050e-01,1.236919999999999964e-01,1.513410000000000033e-01,4.168999999999999963e-03,1.082059999999999966e-01,-6.911399999999999488e-02,2.738700000000000162e-02,6.675499999999999490e-02,-1.584170000000000023e-01,3.811809999999999921e-01,-1.120720000000000049e-01,3.169899999999999801e-02,2.801999999999999977e-02,1.449100000000000041e-02,-2.184270000000000100e-01,2.486099999999999977e-01,5.947820000000000329e-01,1.554979999999999973e-01,4.739100000000000257e-02,-7.047000000000000312e-03
-4.735799999999999732e-02,-3.166200000000000264e-02,8.211870000000000003e-01,7.505049999999999777e-01,-5.173500000000000321e-02,5.510000000000000141e-03,-6.588129999999999820e-01,7.276399999999999535e-02,2.529520000000000102e-01,1.532000000000000028e-02,1.247530000000000028e-01,6.040800000000000336e-02,-1.134740000000000054e-01,8.002599999999999991e-02,-1.630949999999999900e-01,-1.213579999999999937e-01,1.319490000000000107e-01,1.231209999999999943e-01,1.511349999999999916e-01,5.380000000000000233e-03,1.083579999999999960e-01,-6.861799999999999844e-02,2.664000000000000049e-02,6.548299999999999954e-02,-1.606219999999999870e-01,3.811729999999999841e-01,-1.112070000000000003e-01,3.204599999999999810e-02,2.750500000000000167e-02,1.346400000000000027e-02,-2.135920000000000041e-01,2.514009999999999856e-01,5.909910000000000441e-01,1.522260000000000002e-01,4.779900000000000121e-02,-5.818000000000000255e-03
-4.748200000000000337e-02,-3.136699999999999905e-02,8.211399999999999810e-01,7.503419999999999535e-01,-5.157400000000000179e-02,5.470000000000000036e-03,-6.590120000000000422e-01,7.245699999999999363e-02,2.527559999999999807e-01,1.566400000000000084e-02,1.247970000000000051e-01,6.041099999999999942e-02,-1.134430000000000022e-01,7.924299999999999400e-02,-1.633850000000000025e-01,-1.221209999999999934e-01,1.319790000000000130e-01,1.225350000000000050e-01,1.508859999999999923e-01,6.045000000000000026e-03,1.082089999999999996e-01,-6.822300000000000586e-02,2.596599999999999950e-02,6.460899999999999976e-02,-1.625890000000000113e-01,3.811209999999999876e-01,-1.102970000000000061e-01,3.243100000000000149e-02,2.711099999999999968e-02,1.185199999999999969e-02,-2.082579999999999987e-01,2.548090000000000077e-01,5.878120000000000012e-01,1.491000000000000103e-01,4.820100000000000079e-02,-4.815999999999999968e-03
-4.761399999999999660e-02,-3.106700000000000086e-02,8.210939999999999905e-01,7.501900000000000235e-01,-5.140999999999999737e-02,5.429999999999999931e-03,-6.591989999999999794e-01,7.212499999999999467e-02,2.525569999999999760e-01,1.597399999999999862e-02,1.248299999999999965e-01,6.043500000000000261e-02,-1.134229999999999960e-01,7.844099999999999684e-02,-1.636749999999999872e-01,-1.229169999999999985e-01,1.320449999999999957e-01,1.219299999999999967e-01,1.506230000000000069e-01,6.514999999999999958e-03,1.080030000000000018e-01,-6.780899999999999428e-02,2.538100000000000078e-02,6.382100000000000273e-02,-1.643100000000000116e-01,3.810029999999999806e-01,-1.094009999999999982e-01,3.280199999999999783e-02,2.674100000000000088e-02,1.009000000000000001e-02,-2.031260000000000010e-01,2.585979999999999945e-01,5.854270000000000307e-01,1.462050000000000016e-01,4.858200000000000018e-02,-3.847999999999999858e-03
-4.734499999999999820e-02,-3.074599999999999903e-02,8.211859999999999715e-01,7.501520000000000410e-01,-5.160000000000000003e-02,5.725000000000000054e-03,-6.592240000000000322e-01,7.126000000000000389e-02,2.530510000000000259e-01,1.601500000000000146e-02,1.245570000000000010e-01,6.044200000000000267e-02,-1.131810000000000038e-01,7.757899999999999519e-02,-1.631690000000000085e-01,-1.211570000000000008e-01,1.322679999999999967e-01,1.236639999999999961e-01,1.512409999999999866e-01,5.395999999999999755e-03,1.087370000000000003e-01,-6.758500000000000618e-02,2.483300000000000091e-02,6.382500000000000673e-02,-1.640490000000000004e-01,3.814359999999999973e-01,-1.092719999999999941e-01,3.293900000000000300e-02,2.676500000000000060e-02,9.131999999999999493e-03,-2.032049999999999967e-01,2.569270000000000165e-01,5.847449999999999593e-01,1.456780000000000019e-01,4.849500000000000338e-02,-3.867000000000000211e-03
-4.717899999999999872e-02,-3.039100000000000135e-02,8.211779999999999635e-01,7.499869999999999592e-01,-5.150099999999999817e-02,5.878000000000000412e-03,-6.594179999999999486e-01,7.053800000000000348e-02,2.529210000000000069e-01,1.633300000000000030e-02,1.245629999999999932e-01,6.031199999999999756e-02,-1.129730000000000040e-01,7.652699999999999780e-02,-1.633400000000000130e-01,-1.211350000000000066e-01,1.320900000000000130e-01,1.240499999999999936e-01,1.513069999999999971e-01,4.751000000000000015e-03,1.088900000000000007e-01,-6.734600000000000308e-02,2.405099999999999946e-02,6.377399999999999736e-02,-1.638360000000000094e-01,3.820810000000000040e-01,-1.091889999999999944e-01,3.327299999999999702e-02,2.667299999999999879e-02,8.288000000000000228e-03,-2.039990000000000137e-01,2.554890000000000216e-01,5.853350000000000497e-01,1.454820000000000002e-01,4.841100000000000264e-02,-3.837999999999999832e-03
-4.709599999999999898e-02,-3.003499999999999920e-02,8.211690000000000378e-01,7.498320000000000540e-01,-5.138700000000000212e-02,6.016999999999999779e-03,-6.596020000000000216e-01,6.980500000000000593e-02,2.527280000000000082e-01,1.663500000000000048e-02,1.245679999999999982e-01,6.019200000000000245e-02,-1.127459999999999990e-01,7.543199999999999905e-02,-1.635780000000000012e-01,-1.211170000000000024e-01,1.320149999999999935e-01,1.243739999999999984e-01,1.513909999999999978e-01,4.165000000000000299e-03,1.089780000000000054e-01,-6.710599999999999898e-02,2.318500000000000075e-02,6.372999999999999499e-02,-1.636980000000000102e-01,3.827749999999999764e-01,-1.091189999999999938e-01,3.362400000000000111e-02,2.655300000000000021e-02,7.555000000000000084e-03,-2.053699999999999970e-01,2.545160000000000200e-01,5.873239999999999572e-01,1.456089999999999884e-01,4.843900000000000289e-02,-3.820000000000000045e-03
-4.732900000000000301e-02,-2.971700000000000036e-02,8.211570000000000258e-01,7.496690000000000298e-01,-5.129600000000000132e-02,6.058000000000000017e-03,-6.597939999999999916e-01,6.919599999999999362e-02,2.529850000000000154e-01,1.657099999999999893e-02,1.246209999999999957e-01,6.036199999999999899e-02,-1.126790000000000014e-01,7.475400000000000100e-02,-1.633519999999999972e-01,-1.212690000000000018e-01,1.320850000000000080e-01,1.245679999999999982e-01,1.511480000000000046e-01,4.557000000000000287e-03,1.089050000000000018e-01,-6.668200000000000516e-02,2.270600000000000049e-02,6.350200000000000289e-02,-1.638189999999999924e-01,3.832579999999999876e-01,-1.088989999999999958e-01,3.357399999999999968e-02,2.687399999999999858e-02,7.180999999999999883e-03,-2.043790000000000051e-01,2.560029999999999806e-01,5.901640000000000219e-01,1.457789999999999919e-01,4.853299999999999975e-02,-2.844999999999999873e-03
-4.756900000000000017e-02,-2.950499999999999998e-02,8.211490000000000178e-01,7.495260000000000256e-01,-5.124800000000000189e-02,6.101999999999999785e-03,-6.599599999999999911e-01,6.871299999999999630e-02,2.533599999999999741e-01,1.649700000000000125e-02,1.246290000000000037e-01,6.051700000000000135e-02,-1.126500000000000001e-01,7.407400000000000095e-02,-1.630929999999999880e-01,-1.215180000000000010e-01,1.321199999999999875e-01,1.243709999999999954e-01,1.508889999999999953e-01,4.801999999999999845e-03,1.087820000000000037e-01,-6.619400000000000284e-02,2.230599999999999944e-02,6.341800000000000215e-02,-1.639440000000000064e-01,3.836589999999999723e-01,-1.086970000000000020e-01,3.365900000000000142e-02,2.731000000000000094e-02,6.583000000000000310e-03,-2.035589999999999899e-01,2.580109999999999904e-01,5.938379999999999770e-01,1.462910000000000044e-01,4.871400000000000036e-02,-2.177000000000000116e-03
-4.790099999999999913e-02,-2.920599999999999932e-02,8.211399999999999810e-01,7.493859999999999966e-01,-5.120799999999999658e-02,6.138000000000000227e-03,-6.601209999999999578e-01,6.825900000000000023e-02,2.537420000000000231e-01,1.641199999999999951e-02,1.246290000000000037e-01,6.067600000000000077e-02,-1.126280000000000059e-01,7.341599999999999515e-02,-1.628300000000000025e-01,-1.217769999999999964e-01,1.321789999999999909e-01,1.241590000000000055e-01,1.506210000000000049e-01,4.989999999999999644e-03,1.086479999999999946e-01,-6.566700000000000315e-02,2.190599999999999839e-02,6.334499999999999853e-02,-1.640379999999999894e-01,3.840219999999999745e-01,-1.084859999999999991e-01,3.379399999999999765e-02,2.777100000000000055e-02,5.931999999999999773e-03,-2.028500000000000025e-01,2.602079999999999949e-01,5.979160000000000030e-01,1.469139999999999890e-01,4.893600000000000033e-02,-1.544000000000000017e-03
-4.761499999999999760e-02,-2.898299999999999835e-02,8.211129999999999818e-01,7.491600000000000481e-01,-5.112799999999999984e-02,6.211000000000000375e-03,-6.603830000000000533e-01,6.811300000000000687e-02,2.532710000000000239e-01,1.674799999999999900e-02,1.246560000000000029e-01,6.057400000000000284e-02,-1.124460000000000043e-01,7.251100000000000600e-02,-1.629800000000000137e-01,-1.212369999999999975e-01,1.323060000000000069e-01,1.243640000000000023e-01,1.510029999999999983e-01,4.318999999999999923e-03,1.088829999999999937e-01,-6.522999999999999632e-02,2.226500000000000007e-02,6.378999999999999948e-02,-1.638759999999999939e-01,3.839620000000000255e-01,-1.083029999999999965e-01,3.376900000000000041e-02,2.779200000000000073e-02,5.362999999999999712e-03,-2.043459999999999999e-01,2.605149999999999966e-01,5.993789999999999951e-01,1.474109999999999865e-01,4.855799999999999700e-02,-1.582000000000000073e-03
-4.740099999999999869e-02,-2.886599999999999930e-02,8.210899999999999865e-01,7.489500000000000046e-01,-5.099499999999999866e-02,6.272999999999999930e-03,-6.606319999999999970e-01,6.783999999999999753e-02,2.528199999999999892e-01,1.728700000000000028e-02,1.246570000000000039e-01,6.015999999999999820e-02,-1.122569999999999957e-01,7.180899999999999783e-02,-1.633670000000000122e-01,-1.206490000000000062e-01,1.324309999999999932e-01,1.245389999999999969e-01,1.514389999999999903e-01,3.828999999999999938e-03,1.090099999999999958e-01,-6.470800000000000163e-02,2.280499999999999888e-02,6.411000000000000032e-02,-1.636289999999999967e-01,3.838529999999999998e-01,-1.080979999999999996e-01,3.378500000000000253e-02,2.786999999999999894e-02,5.060000000000000261e-03,-2.059249999999999969e-01,2.604369999999999741e-01,5.997919999999999918e-01,1.476629999999999887e-01,4.828600000000000253e-02,-1.667000000000000079e-03
-4.718300000000000272e-02,-2.866700000000000151e-02,8.210659999999999625e-01,7.487380000000000146e-01,-5.085800000000000043e-02,6.330999999999999822e-03,-6.608819999999999695e-01,6.757599999999999718e-02,2.523540000000000227e-01,1.783200000000000063e-02,1.246680000000000010e-01,5.972899999999999737e-02,-1.120580000000000048e-01,7.112599999999999478e-02,-1.637689999999999979e-01,-1.200490000000000029e-01,1.325439999999999952e-01,1.247120000000000034e-01,1.518839999999999912e-01,3.374999999999999962e-03,1.091369999999999979e-01,-6.419999999999999318e-02,2.333000000000000004e-02,6.440700000000000591e-02,-1.634339999999999959e-01,3.837229999999999808e-01,-1.078540000000000054e-01,3.384299999999999808e-02,2.798499999999999946e-02,4.806000000000000376e-03,-2.072779999999999900e-01,2.600020000000000109e-01,5.993559999999999999e-01,1.476899999999999880e-01,4.803199999999999831e-02,-1.760000000000000063e-03
-4.723499999999999921e-02,-2.844500000000000153e-02,8.210420000000000496e-01,7.486080000000000512e-01,-5.084000000000000324e-02,6.354000000000000273e-03,-6.610300000000000065e-01,6.718100000000000460e-02,2.525169999999999915e-01,1.819000000000000131e-02,1.246759999999999952e-01,6.022899999999999782e-02,-1.122439999999999966e-01,7.031999999999999362e-02,-1.638050000000000062e-01,-1.201809999999999962e-01,1.322589999999999877e-01,1.246140000000000025e-01,1.514439999999999953e-01,4.224000000000000324e-03,1.093559999999999949e-01,-6.409399999999999820e-02,2.269499999999999990e-02,6.403100000000000458e-02,-1.638360000000000094e-01,3.836180000000000145e-01,-1.076519999999999977e-01,3.384500000000000008e-02,2.797499999999999987e-02,4.545999999999999694e-03,-2.038449999999999984e-01,2.627030000000000198e-01,5.989090000000000247e-01,1.461459999999999981e-01,4.857600000000000112e-02,-1.044999999999999922e-03
-4.728000000000000258e-02,-2.831200000000000036e-02,8.209859999999999935e-01,7.484100000000000197e-01,-5.067599999999999882e-02,6.356999999999999804e-03,-6.612670000000000492e-01,6.663299999999999779e-02,2.524700000000000277e-01,1.862799999999999873e-02,1.247110000000000024e-01,6.075400000000000245e-02,-1.125010000000000038e-01,6.964199999999999557e-02,-1.638890000000000069e-01,-1.201249999999999957e-01,1.319639999999999980e-01,1.239620000000000027e-01,1.517479999999999940e-01,4.794999999999999783e-03,1.092780000000000001e-01,-6.419900000000000606e-02,2.201200000000000032e-02,6.390600000000000447e-02,-1.638890000000000069e-01,3.836609999999999743e-01,-1.074829999999999952e-01,3.386000000000000121e-02,2.796500000000000027e-02,3.853999999999999787e-03,-1.996799999999999964e-01,2.654369999999999785e-01,5.981300000000000505e-01,1.443699999999999983e-01,4.914099999999999718e-02,-3.330000000000000169e-04
-4.741299999999999681e-02,-2.809000000000000039e-02,8.209290000000000198e-01,7.482159999999999922e-01,-5.049700000000000022e-02,6.355999999999999671e-03,-6.614999999999999769e-01,6.606099999999999473e-02,2.523869999999999725e-01,1.906000000000000055e-02,1.247449999999999948e-01,6.128399999999999820e-02,-1.127510000000000040e-01,6.891799999999999315e-02,-1.640129999999999921e-01,-1.200699999999999962e-01,1.317270000000000107e-01,1.232830000000000037e-01,1.520579999999999987e-01,5.275000000000000175e-03,1.091369999999999979e-01,-6.430800000000000405e-02,2.128199999999999883e-02,6.381499999999999673e-02,-1.638670000000000126e-01,3.837530000000000108e-01,-1.072530000000000011e-01,3.387099999999999833e-02,2.795699999999999921e-02,3.004000000000000160e-03,-1.952280000000000126e-01,2.682599999999999985e-01,5.972070000000000434e-01,1.424690000000000123e-01,4.969400000000000206e-02,4.290000000000000193e-04
-4.727599999999999858e-02,-2.770900000000000099e-02,8.210049999999999848e-01,7.483250000000000179e-01,-5.058200000000000196e-02,6.575000000000000115e-03,-6.613689999999999847e-01,6.574499999999999789e-02,2.524449999999999750e-01,1.914300000000000029e-02,1.245779999999999943e-01,6.031299999999999856e-02,-1.115410000000000013e-01,6.816200000000000037e-02,-1.639819999999999889e-01,-1.210419999999999968e-01,1.323580000000000034e-01,1.248439999999999966e-01,1.502979999999999872e-01,5.372000000000000039e-03,1.093480000000000008e-01,-6.383700000000000485e-02,2.056099999999999942e-02,6.382500000000000673e-02,-1.647750000000000048e-01,3.835910000000000153e-01,-1.067030000000000062e-01,3.395000000000000101e-02,2.853699999999999987e-02,2.171000000000000187e-03,-1.945199999999999985e-01,2.699309999999999765e-01,5.973380000000000356e-01,1.414960000000000107e-01,5.025299999999999906e-02,5.680000000000000370e-04
-4.735700000000000326e-02,-2.731300000000000047e-02,8.209379999999999455e-01,7.483739999999999837e-01,-5.043899999999999773e-02,6.486999999999999711e-03,-6.613240000000000229e-01,6.489100000000000423e-02,2.518770000000000175e-01,1.920300000000000132e-02,1.247589999999999949e-01,6.066699999999999871e-02,-1.109710000000000002e-01,6.765500000000000680e-02,-1.645469999999999988e-01,-1.219930000000000042e-01,1.322480000000000044e-01,1.243340000000000001e-01,1.497960000000000125e-01,6.080000000000000335e-03,1.089640000000000053e-01,-6.349200000000000677e-02,1.930700000000000124e-02,6.383300000000000085e-02,-1.654670000000000030e-01,3.832169999999999743e-01,-1.061180000000000040e-01,3.413000000000000062e-02,2.886299999999999977e-02,1.227999999999999925e-03,-1.936960000000000071e-01,2.717209999999999903e-01,5.980189999999999673e-01,1.406209999999999960e-01,5.076100000000000056e-02,8.660000000000000163e-04
